cond,seg,p000,p001,p002,p003,p004,p005,p006,p007,p008,p009,p010,p011,p012,p013,p014,p015,p016,p017,p018,p019,p020,p021,p022,p023,p024,p025,p026,p027,p028,p029,p030,p031,p032,p033,p034,p035,p036,p037,p038,p039,p040,p041,p042,p043,p044,p045,p046,p047,p048,p049,p050,p051,p052,p053,p054,p055,p056,p057,p058,p059,p060,p061,p062,p063,p064,p065,p066,p067,p068,p069,p070,p071,p072,p073,p074,p075,p076,p077,p078,p079,p080,p081,p082,p083,p084,p085,p086,p087,p088,p089,p090,p091,p092,p093,p094,p095,p096,p097,p098,p099,p100
15kg_10bpm,10AB,6286.888572871499,6029.198293739085,5699.771988262187,5338.999737730521,5005.523211099719,4774.171106405783,4688.22296371542,4761.660144714328,4920.015846064868,5065.403384188245,5136.1885706212925,5114.146970787273,5006.561817068956,4842.962470492401,4656.156494200394,4479.271517405677,4318.797243048741,4175.226622896569,4037.066694299014,3885.9486007272835,3698.184494126812,3457.0336071830116,3175.936315617786,2874.350147500867,2592.1215892099417,2363.641951163211,2205.0437229650024,2116.8114350825695,2086.747325613414,2110.0635789894836,2181.989130885087,2284.667489981616,2400.8238788458216,2514.71591601878,2619.519487249027,2714.629838059982,2804.052071716368,2889.7393030632234,2966.5586641834534,3026.233056755764,3068.0387994344974,3103.1033918757303,3145.6319856019645,3206.344845635034,3291.550266636624,3398.9304037165025,3522.2018157886523,3646.6830283616755,3749.7447874777586,3831.8922272264863,3893.2268420458568,3941.732278537991,3984.59216113881,4032.5417745649747,4091.0939713459948,4161.212352620919,4233.44908410773,4302.335960019985,4363.47504899719,4420.155977730327,4479.2403112162765,4540.892155022195,4601.471203799862,4657.617048925522,4704.766215565866,4749.3541054133,4802.845843700259,4874.565756616491,4936.584186909506,4990.240632463022,5033.102084869347,5064.25572497851,5084.404181257225,5091.342054752343,5075.880861080978,5026.4263872355605,4947.488923619437,4862.863338847043,4798.421848919677,4767.63871707869,4765.2000499078995,4775.603646231298,4788.212281387546,4811.421741424098,4865.845700671113,4953.324600291344,5047.123931540371,5101.521332678706,5085.697331821741,5015.629889990259,4936.154564088175,4902.7769607774235,4963.270485900995,5147.465396532496,5448.232317675905,5802.1165266092985,6094.239733198898,6276.8851769719695,6336.805132124153,6292.175676765,6152.545155449391
15kg_10bpm,10BC,5930.870044031653,5947.8036790179585,5806.1515934086765,5540.226141454453,5172.751202150531,4780.60040872647,4411.051670162742,4254.149438690856,4237.439125100808,4295.163530350275,4388.630130436237,4474.056406087162,4509.030407618353,4476.385732908511,4393.504994740639,4298.113978001365,4225.618700707398,4192.099218934315,4194.1147914744015,4211.777432374715,4216.413797520936,4188.454990233384,4127.083256186407,4044.330975174163,3954.728061409407,3875.640808684865,3818.5915108649597,3786.181894986235,3768.6339727834043,3752.0673830208602,3725.2390753562213,3682.9567311018463,3629.6742580336836,3574.4720139562332,3526.8657003852145,3494.096994569172,3477.9680489721327,3479.6902469351808,3497.432859706301,3529.701058615035,3575.8815065284134,3628.8217564591996,3681.977095985418,3726.3682740592344,3758.5993083654907,3777.7304088876144,3786.0327457633334,3788.289582038161,3787.9072919425143,3788.9605173045375,3794.1368840656614,3803.8284157805774,3818.8600313136667,3839.203387103445,3859.1427719798376,3871.5666358497224,3869.3241244445708,3851.2824021196643,3826.339000354416,3807.990678293606,3808.9809953901695,3835.005882438595,3878.1362685098934,3921.1436285301756,3945.7914713672644,3944.459821357551,3917.6295741885124,3879.3954517247234,3848.1184639326607,3838.5797974382735,3854.326765089874,3889.8360160298644,3932.220599353178,3969.225178786387,3996.6941102826045,4017.550139675111,4033.133975118847,4044.0245282105093,4047.6468316387045,4047.744749314561,4054.3564794134763,4084.136856703572,4156.515746167922,4288.309858511564,4485.818439702546,4741.294349441771,5081.22286280908,5380.356168974355,5555.341574809107,5565.4504611757775,5420.944906472196,5196.437655081248,5013.788623899833,5000.676731796584,5227.123932738536,5657.329882196441,6158.823650365875,6562.029756192956,6709.085024712199,6550.809958107076,6157.788836347505
15kg_10bpm,10CA,6151.348247176592,5900.592522759209,5349.895714454033,4715.893188889207,4233.248401077358,4037.990868602995,4085.595729462975,4274.480687031986,4540.318355441984,4904.563086610574,5343.706303267039,5746.100731042358,5980.88950221532,6012.248751221701,5907.220508731606,5765.135892688341,5650.40360892705,5569.371547915817,5501.678922219057,5460.831883058347,5449.238411304093,5494.611727775201,5571.588626083995,5624.664964686062,5602.44902906501,5462.71433668248,5195.44707137539,4852.481722015728,4526.70049915808,4270.506626695192,4083.679203360274,3943.7314099531245,3823.3097048502545,3700.570615101585,3556.6244648703264,3383.909229384031,3181.61300645334,2959.6801785538114,2735.214735325364,2538.57215005696,2402.4686891606107,2340.3598094474733,2335.237072252126,2338.1409832655822,2302.274056221242,2227.856878353245,2159.247363908919,2146.6018163355216,2211.828052049033,2340.7500475832167,2489.9680053944167,2626.9892278734733,2748.556133289874,2861.8119513534775,2973.9138215256294,3082.1031385615606,3182.8413797090343,3276.3740028918187,3373.369470226577,3477.06685128778,3593.342538968146,3722.8399335209806,3864.40177836544,4018.1637635548673,4181.917069513694,4342.7971794312025,4487.033889172289,4601.578451995989,4679.140946898462,4723.834911368222,4758.85708554193,4798.344828406862,4822.807864182036,4815.702475751763,4785.381651518195,4776.340356334883,4840.041129298894,4983.945948946649,5167.0633454279105,5314.626619991537,5364.688244900535,5311.789643890003,5220.536218587587,5162.120978798273,5162.274202523833,5182.281224818775,5174.614582749656,5114.20770513647,5025.605311688896,4954.412961135686,4957.648466068397,5079.967113485478,5343.4741620511295,5696.1334024799435,6014.943070549632,6167.053761804067,6110.969146777421,5931.708873947464,5769.6798808069225,5682.744367125705,5583.014886779299
15kg_10bpm,11AB,6397.9201636808275,6151.771326705991,5808.732761208754,5426.605360045941,5057.930532702017,4760.139478365108,4585.9053472520245,4550.420195526841,4635.292122374636,4790.347303667413,4956.849393836507,5087.493826718218,5155.331262310245,5155.758629842323,5090.045483753879,4965.904534437018,4799.229966330647,4604.2069993443765,4377.934092616464,4123.717088719223,3848.0851233047265,3573.94667670363,3329.716685901591,3127.4286083066504,2955.5030375267265,2795.0919252817416,2639.9978585863696,2490.027882503348,2345.5429527972815,2207.0358333708145,2090.9387772168316,2013.180889132198,1997.9719469507468,2034.4357519449352,2107.0158204255017,2208.2247160268107,2335.3928013538366,2468.9497158896447,2583.773093201268,2671.7799270066544,2751.6030288087386,2851.502341003101,2985.219660140586,3143.7643971100365,3305.884470138581,3452.4813677154802,3579.82837077821,3696.056408006319,3809.144016666676,3918.287470586226,4011.084938161907,4079.6278818798146,4118.417982983731,4136.885691214629,4145.262024549696,4164.972714651127,4200.416416443671,4253.276722391533,4314.763314242698,4375.660220452131,4426.013051463927,4453.504226804643,4454.932271556019,4438.011900717798,4421.232098997627,4413.1649937568545,4406.221300561083,4401.282290883842,4430.746410821992,4525.492637119652,4681.9609639163755,4829.550069788212,4927.32842236884,4983.589725481732,5016.000085258488,5041.925505134688,5071.076955545134,5097.278683855799,5096.056529136972,5043.992318286027,4932.706386897138,4769.226176614355,4572.210101497517,4380.262685231239,4266.251388808006,4319.798724870945,4610.7212550090035,5112.721926696298,5677.597802315166,6076.188194138053,6115.591678958922,5788.25246094676,5295.489713141938,4923.763751227982,4879.091469334954,5154.922048357134,5582.046157003331,5992.410834690758,6294.880742377852,6481.112365863547,6521.432709881774
15kg_10bpm,11BC,5950.764162745637,5781.202322487511,5475.504922188176,5094.272237094041,4710.95037340617,4392.811409008551,4200.4246228562015,4157.610360812694,4198.9839612390315,4284.9846577387925,4371.729235296715,4413.335386800277,4389.45745671829,4313.675207392253,4216.658222143307,4128.011942316011,4062.858697680165,4026.612110462063,4007.620248384257,3986.092294787101,3950.751551853881,3902.2104320854046,3853.4095035181,3820.1158951876755,3816.803089527452,3846.6007488208206,3893.0242116821273,3934.091147386046,3944.9187044887467,3923.571316087669,3882.1556978848,3840.0824038405644,3806.5194090222653,3782.5209629887777,3760.596543484123,3734.8933166716115,3704.052519705432,3671.5066281380227,3645.952475511927,3633.048674396709,3633.5224064973454,3641.005941889648,3643.775510664151,3635.5146722072013,3618.8853029406628,3599.767091676408,3588.838973881514,3585.9220146537614,3586.717753560712,3584.0391082591636,3575.418445222575,3567.046199640184,3570.2471411487672,3598.8936971247267,3663.391946328797,3758.6135754091333,3868.8133286317207,3969.3028176258945,4039.301772260368,4068.5772426050203,4060.149991696252,4028.32914706844,3990.8915725605793,3964.683135109055,3958.1549260657425,3968.9617925712423,3987.916507942525,4008.0165110265543,4027.3124243754623,4048.6861669966847,4075.2718057576417,4102.754463603972,4125.7635002265515,4135.350818710865,4125.4547263992345,4103.495943601759,4083.1743599453453,4073.8470998790435,4073.9814832818456,4072.241260972982,4055.426201500651,4018.6586746185426,3971.9825264690257,3933.0874623380555,3926.5270111568193,3980.402097053845,4113.978838729001,4319.542178015577,4565.00414008909,4828.796224800679,5023.304589111631,5075.923759487575,5005.034191875534,4898.659990431061,4884.920730687168,5062.189389569711,5429.6006739127115,5876.591805563385,6241.864537754024,6393.841757750991,6280.981095466566
15kg_10bpm,11CA,5398.1697812234,4973.759088321573,4615.230130156644,4450.674473020392,4368.55397381353,4329.078181888376,4305.531998578168,4291.603824160954,4242.922839608211,4205.500247035256,4251.496108654709,4436.8176014234605,4757.445363649979,5127.3234205202,5435.155255471093,5597.043491450818,5593.930967371247,5475.5481635778815,5309.2958893197,5181.658482875886,5132.285402487556,5144.626881833585,5184.336652239023,5226.577572207893,5255.332578142262,5262.477403268171,5256.0106879634095,5245.323969963417,5234.679494993157,5219.463192888096,5178.51060914252,5085.507337280929,4930.664223676274,4752.189685202506,4581.706308283397,4454.423895402047,4351.521630774739,4236.255422890488,4099.0946501988965,3946.862264582609,3791.7344189281257,3646.2516958457345,3518.8378854565412,3409.600653073051,3305.448089848648,3180.677932148185,3029.8936608341155,2863.017471005889,2704.9582691595747,2579.323733503426,2495.493334736564,2439.722101234984,2391.5819997484073,2346.1134103780196,2315.151949940947,2312.4106359093394,2348.2486557745538,2428.7129875590294,2558.471610446385,2724.2576016300277,2904.489050669454,3079.667103606042,3234.143280064413,3353.513810213333,3437.7996850979584,3509.024574063915,3600.8802362370893,3733.436292987181,3911.9410676660386,4121.028709441049,4324.872672599271,4502.440379482325,4625.9613887763635,4685.149356794669,4687.163699255527,4659.545800273352,4647.418710672143,4697.375259465188,4835.383668662737,5037.480447007935,5244.590452932529,5382.719763693102,5412.528742125559,5358.183070263302,5285.439994649011,5246.409625782299,5248.4187489056585,5270.986487247759,5298.89682572529,5346.158842921438,5429.043190058484,5541.91122370456,5649.303790662292,5716.334158908304,5735.4206473583135,5746.378403346922,5793.625336391949,5876.477913098124,5948.1733166113745,5945.273492398426,5835.132362675153
15kg_10bpm,12AB,6164.202341228403,5872.274794359189,5391.30826473174,4879.285582866866,4480.70162467494,4264.809468700286,4230.061536774236,4318.100288550783,4445.917555370008,4561.594360490729,4638.374358092863,4672.801910265419,4684.011539392385,4668.951797045317,4602.813588474444,4462.003239096988,4234.197179663822,3945.03438821477,3647.5789256745543,3396.5458617513777,3204.17511686238,3062.1749024565916,2953.920148238813,2864.2722851683607,2779.3280997929965,2683.9653475160103,2572.7721416940963,2452.759375592487,2347.529763857896,2278.800697711208,2242.2863430418984,2236.2122026635166,2262.268015752104,2315.625222117855,2386.735630249364,2471.8889829777836,2578.301173832681,2710.390500761842,2856.1979034034107,2990.7076804511435,3099.0824212724087,3185.9065638971947,3270.524183202218,3368.8695857983475,3480.4298109434253,3586.852391524653,3660.052477619036,3687.1430499055014,3684.8486700181406,3685.727611457847,3727.303354094495,3828.3805765165944,3970.2937928439133,4113.251791468313,4213.502027147659,4264.265958616463,4299.333199903576,4350.780217663197,4419.172193987855,4484.642443024616,4527.682495835255,4546.69994481396,4552.573295033678,4571.216767749203,4628.608603636396,4747.636689895377,4866.263561814887,4927.281653697687,4901.090852835117,4817.694181805516,4747.5290180937145,4741.688269369304,4771.875872801439,4771.701422191516,4707.015932090759,4609.857073952134,4543.16390218698,4540.401429763571,4579.860400748672,4607.786121387277,4598.247033669578,4588.60267705592,4640.81173669694,4784.779381382446,4991.491316448006,5181.314861479152,5247.7713729880425,5125.475755051298,4865.060204084738,4586.118735921562,4394.406497219995,4364.545492983532,4531.27962537364,4872.763309766906,5300.657448027778,5704.417908994,5954.538264524743,5974.391201056712,5754.846945656757,5370.633611509481,4969.019510632278
15kg_10bpm,12BC,4523.711396388877,4887.590573786257,5308.159538318415,5673.188855278133,5886.402444222195,5894.3702995440435,5718.572363554242,5419.506727548685,5047.392077368585,4673.87839296123,4334.47390783691,4113.745696653235,4033.737184858828,4051.5199072800738,4147.691162295889,4279.52261479305,4394.628278226004,4458.010556359659,4461.47231210287,4421.398008510271,4373.055214150559,4337.555163746568,4314.110006776788,4291.072927005727,4257.523031368393,4206.471987295124,4134.663535982035,4046.26026086276,3945.9471302653333,3844.709706620953,3762.5948661829466,3716.957014942866,3711.681290684649,3732.460118293054,3754.975599071892,3751.9792015140038,3717.83684114946,3660.3588876672434,3601.7132379018703,3560.293544771326,3541.1544293835145,3543.6360009105792,3559.0204392234205,3575.5252905747852,3588.0366934052104,3592.7511415830063,3597.6279297972433,3607.135317974725,3626.972694818871,3652.073641127454,3676.7780192258833,3690.821946593038,3694.5998317298317,3701.4485970312626,3726.1303723620213,3772.772919168673,3830.505007081607,3879.743918610483,3901.2403424264016,3894.0362398105644,3871.7276263244576,3855.3517216661353,3861.8022079575253,3895.8620317995687,3950.170685532165,4010.164344721562,4060.4184928055856,4093.8558486078805,4106.551959302534,4101.726560048055,4083.6242461203174,4059.8411865065927,4041.903539744018,4044.144782475363,4073.7854860052266,4123.266479647073,4171.310724637997,4192.932799153159,4177.239875047882,4130.183000253127,4068.2288174498167,4003.306673521941,3936.8969682652314,3883.084354812777,3878.256895373996,3970.7982210619216,4193.584904383972,4534.7208885744785,4939.2940178909785,5388.271854172906,5657.400937816549,5653.951290012824,5423.0901101619975,5142.231333950553,5033.504312396827,5224.810698337808,5653.580288630022,6105.321267870112,6366.924045365759,6308.890503546925,5971.491859796181
15kg_10bpm,13AB,5769.274325867571,5596.077068274618,5402.179114416926,5207.270047465669,5020.611092389955,4847.308601595327,4692.828481494684,4576.908507614217,4523.030191984409,4560.17065772422,4643.418516793398,4733.260392803134,4805.571837023958,4854.814678830831,4883.175457032125,4884.79450058416,4839.829527225904,4734.753940067304,4554.6327174697,4308.070362191829,4016.651845132907,3719.5349260915964,3445.481781522058,3206.7417935165495,3007.3485971979617,2852.954875494186,2750.7315296702054,2692.407537623599,2660.6353108398266,2641.3867163262134,2625.752476094839,2586.9949718778425,2533.4391983363626,2488.6676724838244,2468.942821969478,2490.1143075552154,2548.804523237125,2623.6853475055154,2682.351389706699,2704.512175307061,2691.2098075666468,2666.383507247641,2665.440421034396,2711.095653484861,2803.381436167864,2926.222015098833,3055.3897638191133,3178.2994218821354,3308.5217470504135,3462.4266980094803,3642.2671499975845,3838.8399650794054,4031.5063686811554,4194.563823423205,4316.491900607219,4402.206429252774,4454.342335709174,4472.295913938176,4472.898560926959,4476.258799375198,4492.620626833152,4516.962534371516,4537.940897998012,4546.62808145273,4542.550884993,4536.9741575958715,4533.730258642855,4533.479904253556,4532.459201015775,4524.017283156704,4508.040754604807,4501.232325894796,4518.426199156881,4618.203438835148,4753.835292617417,4816.555529163179,4798.665739780514,4741.118050627183,4698.699177313442,4706.625048034543,4755.723432971452,4802.843035395284,4792.885171449863,4691.363763547463,4521.548501937444,4383.110704475995,4421.17394263019,4736.281443558817,5283.355563842351,5868.441011556776,6219.787424500965,6142.480358076601,5706.892645658765,5229.802960496439,5041.651114647937,5264.770391280193,5769.921974402547,6299.6349476376945,6644.449968237215,6727.64724179744,6542.526192353313
15kg_10bpm,13BC,5829.8429548152035,5690.66554796033,5426.7836044836495,5121.428288652571,4858.812576642297,4685.549614398959,4593.937238067338,4540.9684774229345,4478.992184094211,4416.284705687159,4387.50573886148,4379.55120809805,4374.571260394701,4361.022810402297,4338.21141454317,4316.341441802378,4306.699007446813,4312.982050370541,4333.197352526052,4365.637799366329,4406.224978181912,4445.994962325629,4467.769039413496,4450.750810084514,4377.38128861267,4247.855422510244,4082.1880515456965,3923.1256583047025,3801.4926896041297,3730.631386201408,3700.28810322571,3688.7223067178347,3676.2510389593676,3656.0504941356253,3629.488975249708,3596.9535387502947,3559.887606674405,3515.1273504842848,3464.6145211114062,3411.640413052629,3359.114210300008,3311.298548831269,3269.766090771943,3241.1205613259463,3230.097625168997,3241.635875273054,3279.3131800459732,3336.2127206789914,3402.8211233548805,3465.243731046127,3512.466948271674,3538.4950642631925,3549.9085787927597,3557.6858140398376,3572.659796550544,3601.919076255371,3651.027722966794,3718.2945884163696,3793.028208599928,3861.3897578832953,3913.544202225995,3948.686699135912,3972.4973996370495,3993.615139065332,4019.0450530170597,4050.177400112544,4084.135594293186,4115.717776875774,4138.847983968178,4155.730632885561,4173.134292195614,4201.337314044042,4244.890655106188,4294.850353742169,4334.823574979752,4352.118071815744,4342.669031030746,4309.63076044829,4261.01214539542,4206.952587656022,4156.804654924888,4126.0671679548805,4136.200279597886,4210.125879407242,4360.746551404174,4575.646535568414,4826.310658468706,5090.603603433645,5258.406002954111,5260.704835443126,5110.388695514029,4892.444657880669,4732.961712839877,4741.376183983164,4964.027181987094,5355.465121282955,5789.803561861593,6125.59044755905,6258.8425663358385,6165.899912505969,5896.398300542145
15kg_10bpm,13CA,6303.204110666807,5824.6620200423695,5159.546678998439,4539.456398805223,4159.7948297937655,4093.9550471892535,4269.474421224843,4560.398898086266,4884.508568795339,5215.331773115645,5533.657222041546,5799.459249675573,5960.6700477392005,5981.588796126759,5890.588362491636,5736.084014631311,5574.049809730987,5468.57326037234,5443.1714373415725,5476.878090009408,5510.981470473953,5491.808390481891,5411.5005808941405,5290.92119078529,5151.646374093536,5006.349156302137,4869.002565128337,4732.090691213424,4593.5161038679635,4451.184594164828,4297.840275790268,4120.9160097042895,3922.162804078292,3719.3981684284313,3529.2200563762003,3367.5337283997465,3236.5275394749387,3112.906205971471,2972.3410919142443,2805.932332133314,2645.582866906899,2538.611984181793,2509.054798517822,2539.1909869642773,2578.8029053760497,2577.883355679617,2521.2765117849526,2428.5805443443746,2336.4847600845333,2290.1501430538688,2312.888267447952,2400.6747081018784,2531.642459983997,2671.201361025702,2790.5586258892254,2870.4461161606364,2907.8317047236055,2929.055802631323,2967.0886809899785,3038.4272954332046,3147.44034480755,3269.2773710832776,3368.673926749122,3448.3267251742395,3536.629008397193,3643.0225348842378,3759.274155205338,3876.927917631984,3989.1861817103286,4077.248556972981,4126.3971360183705,4137.976600677745,4144.086572115728,4182.514739230379,4273.2016441409805,4391.9686534694365,4487.871098196665,4537.7905734591795,4561.412645555884,4608.804591471071,4729.01599965247,4932.866390863745,5177.013862034173,5373.223734502158,5431.533965103075,5328.273307217676,5127.032617043172,4939.606422810616,4849.742377429678,4881.652786375989,5010.413266171376,5187.081419684209,5352.836529506711,5452.284777799289,5463.836027615416,5406.139677623717,5336.501792239552,5317.979020144649,5365.402591506062,5431.565708495174,5459.929502327649
15kg_10bpm,1AB,5929.826578689958,5601.968156618258,5327.704873400687,5147.750196869521,5075.139754866737,5091.169111845689,5161.574239684947,5251.906226312891,5327.878394725613,5373.025246257351,5381.0326338166415,5362.5005109927115,5320.598102998991,5253.303980802808,5167.50835690555,5077.133331567584,4985.2701827002,4882.386525454916,4738.821990038656,4543.155098773433,4298.197747247954,4021.8424628325715,3742.273961021998,3470.9481656041294,3191.0267145799708,2895.8261691892194,2614.91896858507,2385.282910303457,2234.6149865494995,2170.8321822464313,2175.9595855891084,2211.125545492054,2259.826619669526,2322.2090587052735,2410.828067839575,2530.298434345211,2667.896345722096,2796.9796936400403,2895.776758131242,2958.195941189608,2997.079848856322,3036.690389371667,3095.5193781585126,3187.879594587243,3320.320659590664,3477.9248740356516,3629.806378505722,3751.870368227191,3851.74643392292,3944.5833209583743,4050.776508781509,4160.815917213386,4263.038110733639,4365.921542824692,4465.134365164993,4559.548978707609,4646.028895526708,4726.069568953217,4801.625769723419,4865.530517037931,4901.585670759903,4898.657731438343,4866.3392883063825,4837.985522081464,4842.589524538988,4874.3281918599005,4898.791836822591,4900.129090929367,4882.38845809486,4868.086401450818,4890.320070076575,4950.561073851962,5015.994260300819,5041.487585213575,5002.581563232306,4912.046016517565,4803.703299150257,4714.860233787047,4679.800933539263,4708.898308503134,4785.022345501297,4882.729867751999,4994.679177306649,5128.155046429902,5286.771787205533,5452.480662380302,5589.06989438902,5675.382175599814,5707.928907023552,5702.378585853443,5679.5688350487235,5646.967279323667,5618.218393248277,5624.585770843267,5705.595031109646,5905.397165735395,6208.274870303749,6519.873836016219,6688.048638081129,6584.964875033996,6226.95671452006
15kg_10bpm,1BC,5873.782893119031,5754.518134648593,5542.119079092403,5279.335082626461,5020.547584676714,4804.138606935858,4649.1906181643735,4604.336655162433,4626.380180492814,4672.594500885443,4726.612438843193,4764.010267482617,4758.721690435503,4705.2876956915325,4618.576492315388,4523.926093832027,4446.852408070669,4396.894994673195,4363.247057843837,4321.1341792802905,4259.740723850162,4184.5125065503435,4110.569502481658,4050.2866373703387,4006.325181749172,3965.265912794342,3925.234062572324,3887.545862189305,3857.4198696180224,3823.7911226202496,3783.7575584192764,3741.0723820370577,3710.0389390027212,3695.059215007487,3697.090162948822,3710.682968313452,3725.802368909194,3733.4361474539523,3732.860299908928,3736.3985065720813,3753.226837345649,3783.8081511047926,3818.3189157482675,3845.3620770814496,3867.5274678622013,3890.1875379450803,3922.185076741595,3964.379062120731,4014.9941721677224,4066.403755462324,4111.050770759595,4149.195356696611,4182.6290107116865,4216.086139828503,4253.069060517563,4291.948338382858,4328.019277695241,4349.783553205066,4349.19844647697,4326.075292589618,4292.979418196308,4270.7465690922745,4272.7224545150675,4297.066578784012,4331.2263027048375,4364.123771695349,4383.238399107934,4378.754331490445,4349.544316979696,4306.052119805974,4259.7522786004465,4218.369371039183,4194.253467476724,4196.056734868607,4218.5792367811355,4248.508085728917,4271.449123494988,4270.100112883217,4237.838873626442,4187.510160845901,4146.372110546833,4141.122491190729,4192.2065578234,4315.982341127463,4515.917254513424,4802.559107056502,5168.332712934709,5502.052311442687,5738.390465404269,5822.84306147358,5738.682113724139,5525.584858283337,5294.811774943237,5195.195482640083,5335.1767868443,5694.131760917402,6129.3332278680955,6448.367512321845,6495.131452320461,6226.849493320633,5739.169598745791
15kg_10bpm,1CA,5404.346802468099,5288.593270756162,5173.014134956371,5090.370513847052,4992.543854486827,4859.487257975406,4744.210658828343,4671.460093570248,4669.196946901163,4754.598542632518,4919.468480184915,5145.603427921785,5408.992741717645,5667.312224319893,5889.4446231245765,6055.774239541714,6162.657341696204,6197.758142340135,6151.07686878043,6046.881695458289,5933.361511830918,5841.149330338941,5772.848053832462,5732.29898574998,5694.480534727851,5619.668671800793,5478.812124651749,5274.2088194930675,5028.2758204829115,4791.981543852782,4597.498666546949,4459.485249778298,4364.5688640295475,4277.5486085893335,4157.73378825505,3982.3620861049776,3759.7784665762556,3516.422355773014,3286.1920604014795,3098.4016840018885,2961.251621963997,2853.5757888387348,2747.4200932870854,2632.237642895788,2518.1131806977287,2424.34528464503,2361.868531933021,2324.618600108796,2305.9323686893695,2294.9297557771783,2276.8974753136254,2251.1249539344135,2234.9207419909335,2255.2624294305756,2336.978598523575,2489.6930480495407,2694.9692069416756,2909.770812684546,3089.2659257295963,3218.181414489023,3308.1945487930366,3378.6941669928556,3450.4512032828966,3549.219716367234,3687.77496384369,3842.9043776996673,3974.643718749122,4066.0381899922313,4125.402104485232,4174.197967929791,4234.488876605927,4320.9244979251935,4437.7820160814335,4577.655594587159,4731.245716140976,4892.219758274632,5049.673570769429,5186.968835126075,5275.162265258748,5297.476291497226,5270.221655886689,5226.603165614418,5168.586281381992,5083.882153314041,4980.544426345091,4891.162847213023,4851.896703132693,4869.015660567282,4945.2334840220165,5081.929957601652,5274.123101181353,5490.907028739148,5664.212309347985,5715.510067599651,5607.617867946468,5387.639363429469,5181.758909821623,5109.635864380721,5181.871846970345,5300.774822165186,5332.1260601214335
15kg_10bpm,2AB,5875.594228118318,5572.349911420468,5234.21679700175,4933.555674512294,4724.936223316981,4634.920696650552,4659.363591002465,4769.93113197519,4924.322967245243,5071.882041111038,5171.50437368112,5192.558968948105,5124.650910995046,4984.665794243832,4808.733691152784,4616.6825062374855,4432.493247811477,4262.460008313737,4086.7551553472276,3890.98876126238,3676.047184056961,3449.9229224746314,3214.54923114315,2967.620294185198,2718.1049543630115,2479.046484922907,2266.8389396616735,2090.4352269211813,1960.9318774767191,1888.3678669416984,1874.9183969256173,1896.575468160523,1957.337435068851,2063.2874122889843,2215.2725677160097,2397.7464678923316,2586.4300491375843,2758.2204042922717,2903.7549646368907,3031.487854356536,3162.439048738583,3313.1716574960437,3484.7734304212713,3668.9047932614344,3854.0291023954014,4016.1382009524964,4136.339157899341,4211.881678397597,4265.30034686131,4320.399307807251,4389.0081307504925,4471.20760503399,4564.628319993855,4662.326454970402,4747.680292302043,4808.604003714108,4837.05524275477,4838.566355592015,4819.861976138151,4787.2224286161745,4740.811124053367,4689.697878158158,4647.342699323989,4630.274724389908,4650.070355776521,4701.154648407251,4766.325784792487,4820.5869410063,4849.5546226653205,4849.811693720745,4821.30712022739,4786.52466711682,4777.835391369646,4798.648669279881,4828.273681123788,4842.006164718584,4823.783838826426,4775.262922341969,4719.767593260302,4696.761445104784,4745.923402883216,4882.290505055224,5078.29506981535,5271.756719529285,5408.667668135387,5461.11201561314,5454.290256543011,5442.263728437958,5453.620072555464,5495.363528496973,5560.728145359321,5641.236319802403,5737.430390636037,5859.773779352283,6033.350960628094,6258.2283535582,6533.10691624608,6814.12799177105,7000.28851415245,6932.598342404625,6529.144650312998
15kg_10bpm,2BC,6003.8042837662015,5500.856956209513,4969.747254760806,4545.348511926854,4295.583293573179,4230.527421138105,4306.699758495027,4466.286361093601,4640.319228436161,4759.365032247767,4793.926260815695,4758.7866519704585,4685.54039383922,4607.055848003371,4537.486627043872,4480.655904910588,4443.087965387119,4414.125914722377,4371.8633660406285,4307.9643478288035,4223.301028545743,4130.3078713870755,4043.2454235354335,3969.651031895167,3913.4441937031497,3874.006937955839,3842.2197884090724,3804.457686836419,3750.474343433547,3681.2176243224512,3614.764225124689,3567.566587693577,3543.691985126048,3532.7101551869764,3520.380200361422,3498.2500340451447,3465.137385636387,3434.6599175174906,3420.9911464350407,3432.353823003135,3461.7268197419257,3500.8269088980614,3532.8740142422616,3557.421922192795,3580.678878189184,3610.3352706240726,3652.212057146293,3703.763891514245,3759.3515733048143,3809.7333521772166,3853.9141923144566,3898.0568753704406,3949.272861418036,4012.066076105276,4084.355784997859,4155.744200188904,4214.374492380324,4249.570695221229,4263.003496544973,4266.439666841292,4275.891807756673,4302.013631645384,4344.197070548954,4391.824521375715,4429.7831817463475,4445.048301350893,4437.404007373674,4413.207822235137,4381.822597494418,4350.319967396859,4319.5797586497065,4288.171060545552,4256.950622349321,4236.091401247249,4232.5648788238195,4247.764918219107,4282.771145151512,4340.32796047669,4420.705355159766,4514.335971937304,4617.8792701382945,4718.7848933111045,4796.781558448806,4861.790276418609,4943.6009117552585,5063.900493941446,5211.509936901238,5338.074873993894,5381.777663273675,5310.432933429502,5154.870611116686,5009.4622196251075,4988.498910092387,5164.517199150777,5530.714310938769,6001.669251088706,6452.8829826555875,6743.3365018050745,6753.142285099521,6480.643974928956,6014.356885584999
15kg_10bpm,2CA,5518.540829535856,5335.553821334028,5078.394432631047,4857.496150825128,4757.558082051197,4789.571710132682,4917.914994327707,5101.949388301273,5317.096290204106,5555.2339887635135,5760.5400263576785,5877.544590361584,5913.466735362405,5918.404248290268,5931.435209109524,5937.2476823243705,5890.5379963599225,5772.619237239626,5632.187341983043,5525.676949905013,5482.290184113061,5497.444270247604,5527.221583653655,5480.818725609408,5289.493374455264,4970.24755855162,4612.510261839701,4309.0992185140585,4097.79711781814,3975.6227352546957,3914.136810391416,3857.178140770287,3752.2755691463535,3581.1847336227947,3364.3244967202427,3142.1870365071168,2954.493733014641,2824.3796300942454,2751.489533753506,2723.024857567551,2718.0818735310627,2720.8938480140087,2731.5670975993476,2756.6992504316354,2782.120948438853,2774.486934131424,2711.811864434268,2601.9636922125565,2479.658043553307,2382.268181152826,2333.354278258801,2346.491088914888,2418.396599947336,2518.6239177748257,2620.5928999889065,2720.472531980755,2833.2330624183055,2968.5741521652626,3111.8670261185534,3244.593362684607,3364.1085791897463,3467.9935864117265,3566.9582898514113,3687.209991363256,3840.040819757002,4024.0500912369207,4228.591177743997,4430.790450052775,4591.211094960344,4676.480654765174,4695.192446719282,4684.220847782909,4678.585644207629,4696.630063879234,4738.7831636267765,4806.313877484221,4902.6715491312825,5024.352208777082,5148.887970509748,5232.439998669975,5244.702354885278,5201.576615465825,5145.64425785553,5104.898587971514,5087.817897872894,5073.333972378725,5027.15634623303,4936.236592228183,4824.070218796394,4759.002104568724,4816.949514871652,5033.463631757303,5359.790520824119,5662.044235499684,5800.942013498462,5727.722051305933,5522.144753144753,5341.405288882165,5304.487365591585,5409.5847440186135,5580.640745511644
15kg_10bpm,3BC,5553.170787127055,5360.394146908263,5156.292348031059,4980.3348838117345,4853.846187453115,4778.742304388471,4740.60471244255,4717.14412381877,4709.091348907733,4719.524252734394,4768.936231009209,4851.589149320634,4949.3367655646425,5020.564943713199,5044.387563306452,5032.077038590913,4998.546733496953,4939.799561240829,4843.546007956871,4709.146985602837,4566.8994265604015,4409.735544808623,4238.8338674777715,4076.1253043370116,3938.8153388949363,3837.1983483515633,3770.228550562121,3731.3079680360856,3712.6845861732104,3697.452100925621,3672.312993589894,3630.7025963909214,3575.7679388270353,3518.84487959975,3477.595832837044,3449.775496729745,3424.7232488038844,3391.8016828840714,3345.1489871927365,3291.422581423637,3243.577485544149,3216.214435567651,3216.211691141967,3242.300756945418,3285.479191539492,3337.843166963542,3390.310679622816,3442.469689750268,3496.7288589973796,3554.8589749614953,3610.9999051931927,3660.6695478306083,3695.8149929592482,3718.2074759541442,3735.3639544748967,3759.0985623473757,3797.94856856179,3849.5212239870634,3907.386772961675,3961.634076668369,4011.5901103955275,4058.7280068447685,4109.717351616694,4167.673931572315,4227.273302409859,4280.8979313692835,4318.7388876893965,4333.336462333623,4323.453389796863,4294.379735613102,4257.457307872359,4227.281888364938,4214.801259761659,4222.350362280511,4245.215039244712,4275.0002689032835,4305.241255677831,4334.733455772149,4367.54848540895,4407.908931312189,4451.6827955831,4485.739205677727,4507.188372327778,4537.858248458165,4589.178917983763,4657.445653583436,4717.97946858244,4735.12329762643,4692.772353154354,4619.366319522033,4581.006920528819,4646.712221446861,4854.0722816930065,5195.305285636989,5627.453939562957,6082.448881124858,6493.342436648425,6765.877951243436,6810.743062848517,6603.288907438491,6163.568871126712
15kg_10bpm,3CA,5487.819123557242,5425.267463258393,5215.944521988459,4982.752311783105,4836.671505494958,4830.204202545113,5000.078885106806,5379.0270513954265,5878.997074510253,6287.0503164302545,6403.334096996495,6284.215775812268,6094.182232165101,5915.5223053056825,5758.521808924343,5637.331562918276,5544.379026082412,5450.168583141406,5311.5421266563635,5097.694908160483,4823.579668185801,4544.098902519863,4308.531483659619,4149.69042963322,4063.0000998291125,3994.6743557520736,3886.33626944804,3717.3915175526513,3502.718527819571,3273.764649884042,3055.709230685993,2864.538729094688,2703.829870825242,2565.955189917466,2445.245329801692,2354.035618226934,2312.379833325105,2301.858446052672,2293.772479094597,2279.0415851548937,2277.5311527051963,2324.879572383052,2424.8061940462053,2554.994566714665,2700.552366620339,2824.1582204968236,2916.9378348853497,3004.158742844743,3114.0775789273016,3271.898133635057,3465.0592058431284,3639.7768198295,3774.544392373969,3906.0509777405055,4077.376645317635,4292.268657235278,4491.782097704458,4629.578591994265,4707.032930125727,4752.424383175268,4795.303268461497,4865.161881758867,4964.945711084781,5048.709131851328,5070.86747799066,5040.943290969915,5022.687554397014,5068.845694699777,5175.062730760739,5292.779192960852,5368.415337859135,5349.5255229313025,5240.035224597817,5128.672165933489,5087.794270250226,5110.890030648754,5151.2769793896305,5180.561485117056,5186.873587175515,5164.6061109382035,5133.721472992577,5138.892205295272,5189.667609236989,5253.58146064579,5291.901883518262,5287.244859478484,5229.9622179186845,5146.31165160151,5083.661142695304,5097.034187681762,5195.546965288475,5351.552533147513,5500.658433201476,5578.591261566097,5580.381978819626,5608.937195833949,5747.389360408054,5893.775362161653,5809.600715328859,5389.96978013959,4820.202749366638
15kg_10bpm,4AB,6438.87338287078,6051.907248375955,5710.522719611396,5463.709619832137,5309.655888078203,5238.553588460031,5262.301921250931,5368.8899844273365,5510.684009765881,5612.139421974098,5628.372305380723,5562.229699649983,5432.090419874833,5260.277576508704,5069.738980586011,4880.855388785514,4705.897125142207,4538.579801246946,4375.785717832416,4193.678138337076,3975.4727819211666,3720.8809783266997,3434.6920861956364,3138.2811246110136,2841.2012171559736,2565.4436351863665,2333.6743232884583,2178.1137909390545,2105.535881399321,2107.9854340647807,2161.5471783170665,2244.7947053901707,2344.518505224121,2461.4690860471364,2594.065138680583,2738.0489997872814,2891.2245845176903,3049.860377890187,3207.0743778885535,3354.853980911709,3484.7245372537,3592.94775262317,3689.0580416645284,3781.3573822654503,3879.0563803787118,3981.0064121053156,4077.4187178748457,4150.445326283273,4203.188721669981,4240.189996799984,4275.805537768884,4322.454720291492,4383.242257279185,4452.450708940075,4525.03481933937,4603.826631771455,4689.0866115157705,4769.217451915533,4825.578684457197,4849.945579627958,4857.490424906805,4881.989087816915,4968.1185688995465,5072.236920450694,5132.202934010608,5125.751678771194,5080.971045081597,5044.700169383036,5041.528699921448,5039.976579686659,5004.129314856206,4934.39484402362,4856.566743855067,4794.63428963617,4767.213805504636,4773.2169686891575,4797.165741572838,4843.248910087398,4930.415571022306,5073.535174329066,5256.791854097993,5440.4334481044925,5585.858989391864,5653.977253224031,5612.134356980904,5470.895132903658,5303.196805099177,5187.5732351030765,5159.082777826389,5186.822335901927,5216.842152145662,5231.780375673221,5253.994146804531,5300.786734000682,5356.785175725202,5377.5561735305255,5341.544750219272,5267.684573955802,5180.148336323789,5101.230652520278,5051.144580072795
15kg_10bpm,4BC,5744.456161424676,5462.962553107869,5124.783222574248,4810.138300940442,4611.510887011469,4492.603816247408,4521.807793204914,4707.144682356296,4950.0429558987835,5186.585287968841,5349.361976795977,5375.315587284868,5283.635514191606,5119.194674388307,4926.1058935734745,4730.372954672726,4571.561911896234,4455.707976248904,4366.184451359513,4299.329851241726,4247.367619580048,4196.464414143903,4134.382563197954,4057.765023377822,3970.9063402907173,3881.9195136126177,3799.120179555618,3725.28911086294,3661.2177238160466,3606.318998977388,3559.2877758271306,3517.6221425800823,3480.976730776105,3449.9359118326825,3431.480911091388,3427.6746288160757,3438.8882271408993,3456.7646287425423,3471.9854927926244,3479.766866090857,3484.0214921352463,3495.9632156246985,3525.495649101684,3574.016083433402,3633.301519964872,3689.1948919972638,3731.2179430229553,3755.8309623401706,3769.1451658938295,3785.393438699241,3812.0518973521084,3855.9612297923322,3911.571949908192,3969.1789148736157,4023.527076231674,4075.0643342610424,4126.022039804076,4174.664341492143,4215.046001180144,4238.910418223484,4243.5218703941655,4230.759967283597,4211.187099486406,4195.756182653684,4193.229719608076,4209.094059420986,4242.3792144459685,4287.869889029718,4339.996262525098,4388.654804671435,4420.908230952716,4425.606284935421,4399.198189838237,4349.35943661374,4293.39353994683,4249.57764001015,4224.054892876298,4216.797390962354,4237.519400818624,4288.855422262492,4362.337092241261,4435.776931433016,4497.54878150676,4546.092204696929,4590.9002243614805,4647.984400869007,4729.41659173239,4828.155529671838,4918.164137373824,4967.677790320527,4982.252722861997,5018.166981040362,5159.771062457579,5468.836470190111,5932.673328394308,6418.855707758026,6751.256214772698,6747.642978496889,6340.386834320847,5753.346985138025,5211.768423207702
15kg_10bpm,4CA,5199.270245484421,4833.771972535724,4534.184874431296,4358.450312010037,4309.125819203639,4368.424533179735,4530.736018507099,4780.062973701919,5062.606225950931,5326.983874820917,5545.860862979284,5710.694201108187,5824.807529792869,5886.404958080112,5866.728492584024,5752.791719628731,5578.478603951602,5397.615334356487,5222.7438720767495,5124.575599600949,5105.718701540757,5123.402437898845,5125.941166444469,5078.449408135774,4964.32551613836,4786.80275188736,4597.564609271742,4429.6880756291,4302.802080156079,4204.186019647678,4107.922618396498,3991.8716460821356,3855.2373774717835,3709.9020539543803,3570.36483422693,3451.6222980440907,3356.2284342353732,3272.2864645698883,3181.5781321411832,3069.4677466533685,2930.166932444033,2786.534208455584,2673.8330220204048,2616.4930820855207,2613.293124900183,2628.120315106299,2620.6267276755784,2577.116433723112,2505.870007609941,2441.9333975817144,2426.8440669679176,2482.3078805925174,2597.6544348620473,2734.9641324368095,2850.3048066257247,2924.554921996393,2968.7804698781806,3009.4616609100644,3072.651884052715,3174.766063385946,3316.835455628915,3479.7829274823707,3631.9723815549232,3744.442050121812,3813.7085117629467,3861.83421427941,3924.606148912431,4025.8241702506257,4162.3376198579645,4301.980530996805,4405.416565177663,4463.3998713516885,4494.390309454109,4529.017450834155,4583.836188661597,4656.648028605814,4724.4299551096565,4758.865693232315,4753.2970791865655,4736.777129070116,4744.856957751709,4795.973039734596,4875.007074557829,4945.410611930771,4982.21613225271,4989.276664460676,4997.300642327029,5046.589286011194,5164.080144689986,5326.352842138153,5468.100158037193,5534.108066525532,5532.451779076187,5514.0613571449985,5503.960776811246,5477.239807166581,5390.15598139019,5228.519178922777,5012.240656618154,4752.52275633791,4437.449722613543
15kg_10bpm,5AB,6333.791295668887,5756.440609892641,5172.136875199838,4693.223019873496,4383.466606508675,4264.159086904786,4325.775884830695,4522.5848249199125,4768.856865214465,4981.185787969587,5106.254338491829,5126.323789727954,5046.104006731845,4877.391596972145,4651.174161155775,4420.271752617541,4205.302031577959,3991.6657412521336,3750.7645675979916,3464.110716312591,3142.9716182818916,2804.9702431819705,2482.155816940326,2203.221755879,1988.3535111695319,1846.9032562796679,1784.6513947205135,1810.4947552912108,1912.1249402973338,2040.6584761180648,2158.437921999298,2244.7905241668723,2308.4666266242634,2379.0841782587217,2482.557743169372,2621.835680244892,2778.6839071563,2930.4075714214864,3063.691094470925,3181.007276410465,3290.3594981494844,3397.636772234119,3504.6452460666924,3610.0394167362624,3716.452395323686,3820.3493290274614,3920.182118840247,4014.9829145807603,4104.504604133251,4183.927260624787,4258.683738364041,4322.402449235818,4373.14203302813,4419.738227454192,4469.187223670929,4526.035089184517,4580.524639011684,4617.81280733831,4634.915133938068,4635.715958008456,4633.314841243811,4643.754312397769,4701.942820571656,4835.841008369009,4990.376937291621,5107.201200001644,5151.077828143041,5124.9674317658855,5077.075882202967,5068.657013769432,5137.312496073982,5265.481845516894,5389.46252345869,5443.980873814564,5402.661328321807,5285.0469957304285,5116.048265405495,4920.097484354943,4742.436163749261,4634.237919629465,4620.44046564312,4712.749568948,4910.48801431227,5193.278910023148,5497.424560516784,5722.777525215492,5777.100929340089,5643.70999864027,5405.482254437524,5201.670012066832,5127.681338536944,5202.041102802167,5405.232884157268,5680.082683124506,5975.196615239926,6241.333880692036,6421.582584395956,6500.90591674763,6501.618996402456,6395.612658432557,6187.5416340539
15kg_10bpm,5BC,5438.198391491372,5258.567030519528,5073.575779101829,4853.6440698056795,4693.240110411338,4543.883113076635,4448.913761002083,4509.483159946617,4634.743964155242,4782.491141625601,4906.773256835975,4967.421115015918,4948.40615690921,4868.354832165901,4740.295461487441,4614.069461744496,4526.115473702669,4482.130602406884,4472.91275429642,4479.607991943578,4480.374920920224,4463.083048525877,4424.746103088328,4375.4396593130505,4315.623325133174,4235.2196636829185,4123.5042567369655,3986.321336228041,3861.3288695212245,3757.87018983987,3684.578430945521,3643.8613842762456,3629.7473671034736,3630.3747290402403,3629.1408840170047,3611.250511569396,3570.056608803348,3506.1845139274697,3433.466608686872,3368.2815837742883,3323.0481711675175,3302.8879188535784,3305.5769982421252,3324.1758143362204,3347.0067209284384,3366.0076256833045,3376.541203407435,3385.999511893751,3402.410559439335,3437.2049782577424,3493.686409426813,3567.664559950074,3650.899054068624,3732.9701790693266,3807.267836151142,3863.6240177925333,3896.23536169414,3907.018761725581,3907.9925321294854,3916.02919315267,3948.6620706562385,4009.142518173382,4086.8422539519433,4163.266167635434,4225.167626057067,4267.484467878776,4296.054779607153,4317.995192065552,4339.3145009980335,4361.0112090723715,4381.774235140677,4397.84140276029,4403.505749966987,4395.688779024263,4375.570960730852,4349.627450345148,4326.796505621293,4320.760940609885,4338.773148018805,4387.10888003287,4466.982756621752,4579.132224217322,4716.76356351371,4871.701311220562,5060.840740844077,5217.535802478528,5284.890996485747,5232.864645074192,5077.651452356574,4884.827614123793,4744.644711806384,4730.051674794176,4872.415437497662,5153.862860374491,5510.6226004515565,5853.627715164402,6102.69923055012,6209.397103084376,6172.250345859755,6030.441871702958,5819.471632721413
15kg_10bpm,5CA,6352.156846090737,5701.972596797458,5042.764167854206,4572.6194192419225,4422.639210264839,4595.159152693351,5000.7701703106295,5512.914362795774,5982.906659874027,6307.28752031877,6430.35107342702,6383.035767443127,6225.8180415019515,6036.376071064018,5871.119528725436,5761.106115943919,5690.2226925308005,5651.035946389869,5635.63653218874,5626.403734616251,5611.921829094029,5560.932188970758,5469.2802333853115,5340.479441609971,5180.776316217993,5005.449913260788,4813.376771034347,4612.684317302657,4398.1696603769215,4168.226453256288,3926.862201353626,3685.943970376185,3457.117521246023,3248.306058434865,3062.914540527589,2896.1309195008034,2743.98682503048,2601.781666338698,2474.0405627099694,2375.285478589406,2316.0069275633555,2284.393628528577,2273.3006655493677,2282.952613220841,2308.803979829854,2335.615761261339,2347.9451380456394,2345.068473414625,2340.1011793808934,2352.35191997502,2399.7421066662073,2492.598151565692,2627.9428571031367,2781.071671138327,2911.9284857885227,2995.719928523157,3045.461947171071,3087.9925176382953,3147.8124240492098,3234.6117129238164,3352.4200806781364,3501.0073025029997,3664.460421417185,3822.204763736176,3959.3751569836177,4061.850057679351,4126.466920310951,4170.37106235526,4217.006483396035,4277.765011130925,4352.697512983714,4425.437896376612,4471.258414180581,4486.2839883973065,4507.181600630327,4579.149462729183,4707.603114395095,4864.141237579647,4997.880827705812,5072.470921963272,5070.3583875593395,5019.947209703614,4956.411141481204,4911.585721772124,4914.470910998449,4973.318948193006,5075.148531208443,5193.877123344917,5290.012521971993,5336.933650830005,5341.679620777134,5343.849570144209,5373.961774922915,5423.928283007639,5451.757683307426,5416.02152616275,5320.444242457268,5208.664228953314,5124.849919077279,5070.1943216668515,4998.225253761834
15kg_10bpm,6AB,5933.353829284438,5599.609326719114,5240.171424367458,4914.082489694408,4664.609846124408,4509.197778865612,4440.244039688365,4463.243436760783,4555.44299195204,4693.50325020494,4836.914828800409,4935.037690476823,4951.0800402533005,4878.190871166081,4722.654416966154,4512.990345541202,4280.229982107912,4053.7245270113854,3845.4527623938316,3655.0465804340347,3469.0589059210483,3272.952992924758,3068.2305974079723,2855.36118311289,2646.817080627207,2451.678652537152,2292.701772882263,2192.0658830698144,2154.531869396291,2170.522116419929,2231.6119992318877,2311.6841644259375,2392.785147205257,2456.23764439829,2501.146984802343,2545.345219178248,2609.1485280877805,2694.4779501208873,2775.0460188899424,2823.298698498114,2833.5975690763335,2825.1109575445294,2828.124203095601,2866.405496327667,2945.971504033986,3055.087225236827,3173.1807515604532,3290.6423039593424,3411.0708495850363,3542.388235172389,3688.6145102876912,3846.2665285741987,4000.2175065598226,4134.408403749863,4242.202826933887,4327.109404901358,4404.462484960257,4486.050997087321,4581.510261741809,4679.611915357318,4762.103137216671,4810.181952426323,4824.285397609204,4815.461241303105,4801.331608584355,4794.109104254747,4813.925957516394,4874.893639071224,4952.651204354403,5035.978934187706,5092.37102014791,5107.123424545423,5088.218798651428,5058.253261239458,5033.9462006316635,5018.29412092657,5000.035845714114,4978.55657424367,4957.971829329042,4945.167337309411,4947.034216716363,4968.760610227961,5025.280789384666,5141.513672077357,5337.091585087451,5593.2545400960535,5839.511617102676,5978.643035706932,5929.263580600517,5697.577135977313,5388.483716434054,5145.120441446138,5076.496801740501,5216.094093019226,5542.202317239995,5998.230816224106,6480.007111202832,6877.236704521741,7105.641382121978,7120.322150674975,6903.16462014471
15kg_10bpm,6BC,5593.887083039052,5463.1403943647165,5259.094948790927,5096.393444013356,4911.135723262447,4743.192756081124,4602.6759919031465,4489.103329734388,4422.196913376852,4403.886459225141,4433.866166870836,4485.2930972558615,4521.279717954286,4512.630811260607,4456.7287419928025,4367.400866108296,4265.508836135514,4165.455544431873,4077.1065270035497,4007.7718363291465,3963.254296300506,3941.968012548312,3936.526040593394,3932.055166781863,3920.0868847406127,3894.3368427252653,3850.582748091569,3791.8555768513643,3719.054933817965,3638.4447949588366,3555.9681363890813,3473.276954617797,3401.2284232804923,3348.970138235774,3324.10325567654,3326.459332519965,3347.754546064271,3374.974693925967,3396.393521939455,3408.4044915973254,3415.5968645355383,3428.901303993836,3457.461327169531,3501.980375310604,3554.7017788425146,3605.5053849230717,3644.0381651662387,3672.299966375809,3694.337749001386,3718.0052637872727,3752.8329569508055,3800.814674840871,3854.015484377652,3898.2999737517744,3923.668966682443,3931.1737739946266,3927.525862187256,3922.918232466808,3930.5347193982834,3961.101530012444,4015.401950502481,4080.8047247591753,4140.331587471747,4180.213297120277,4196.9157154415625,4196.1586236390485,4190.311036992675,4192.632120204067,4206.418878712002,4227.223040973494,4244.009631547904,4245.515452281843,4231.441486458248,4206.200121908307,4175.94660150616,4149.960195025213,4130.42997906662,4119.324145162568,4121.086445014134,4137.627859081699,4169.321033557026,4216.951783817443,4288.876862582523,4402.976747471105,4544.97782953919,4701.368230014994,4813.114642238438,4837.217426442319,4762.782044028371,4632.593889607677,4536.377391311144,4555.88300052451,4748.74339655628,5092.190969716706,5490.818831694042,5829.343805723071,6037.326794856034,6101.139738702779,6028.043782916127,5814.856727708147,5441.432943437722
15kg_10bpm,6CA,5253.900313621139,4796.838967046189,4452.632060421625,4267.929707088521,4257.143690908038,4404.4403283582815,4645.933047229701,4947.866923126834,5256.069619722005,5514.643949116834,5687.541453894574,5766.157847295128,5785.012357054453,5773.275164950301,5741.572458619167,5694.219682879661,5633.298076136256,5556.4044339775355,5490.1444600108125,5434.508309936888,5377.39596038391,5300.291762985127,5194.967305785293,5065.037871774925,4920.271381377504,4777.152502556909,4627.219000204584,4475.732673932102,4329.130807472696,4190.7482381672025,4064.0898033968174,3946.826167982821,3831.585606277596,3705.569004902728,3558.6549310142555,3398.526103373609,3248.296446923429,3129.4602872590685,3039.483006931263,2966.291019778409,2886.8455013052658,2782.882958394032,2657.612660857482,2541.664529474319,2468.0263868842444,2447.3610193212467,2450.9268098425664,2432.9217159163527,2374.790713483954,2290.8958212459693,2221.1908711117144,2209.6747938787294,2273.056604868996,2394.8131596523644,2550.2270696303062,2716.456460572965,2870.5980841901132,3000.294538939295,3106.807040674099,3199.6010494328457,3291.9868716367355,3397.4291574817057,3519.4737226747975,3651.7606684141947,3775.395214426377,3883.779286416651,3986.9970222966867,4095.110022774815,4217.51218728106,4350.940485763255,4477.835044168638,4574.781012483638,4632.014961201866,4666.537092564993,4710.026522508994,4784.945778386142,4894.207056642272,5004.826935451559,5073.246039944701,5075.8898369094595,5034.843414615364,4995.31512969966,4980.891151580914,4990.428616555161,5000.1025253374155,4993.146184011419,4974.578402159934,4979.984527465189,5043.83996779019,5176.366297272079,5344.439425685885,5494.945155565268,5577.856757186815,5593.764093986347,5593.19184270758,5625.206225351671,5689.64987523731,5733.403627331872,5698.999001800384,5568.9382610399725,5371.778818807201
15kg_10bpm,7AB,6289.304359946056,5954.204136478153,5583.677424910141,5248.175003387059,4998.018481795143,4869.655721697186,4877.604106977671,5002.1103283698785,5182.397923411537,5337.902897431132,5402.395304841377,5358.968784121393,5234.293067370546,5068.035344733834,4877.815313827233,4657.307225216714,4392.11273728944,4097.9236065935265,3797.298299651693,3530.457007990022,3291.7893476234103,3071.864654019927,2852.2613308890645,2624.1651918249117,2387.1168622645387,2158.9218306083903,1973.179396199307,1868.3000424597478,1860.0568891580658,1930.1980597318818,2043.0363628465393,2159.6904918855053,2262.091990367825,2352.952569846433,2450.1741662578615,2570.5213381488215,2715.5164412972777,2871.0570121790324,3019.1251272387103,3138.8447313112465,3214.406791455036,3251.993978380228,3282.275834724343,3337.0448570272297,3428.9150081694597,3548.108028779475,3674.034215613712,3787.7559675996936,3883.784881504111,3967.57382210803,4033.675069654092,4085.174414153752,4122.035703281345,4153.246382812366,4189.558982066753,4237.195804335781,4289.872401494253,4360.280770987714,4449.1608472878825,4552.459640907988,4649.933881833183,4727.709565998341,4775.492176812987,4800.407998710548,4822.607779017442,4884.79425377399,4963.803924169819,5009.484761419307,5012.597214205431,4991.969425125898,4966.689452314887,4948.2691387053255,4941.9796049733895,4941.07047422433,4933.651543006012,4912.434160475469,4878.126089127118,4835.144536287455,4799.104724291588,4785.962103223337,4803.122859372516,4850.545007014767,4931.087491534568,5061.071848897468,5245.743960956619,5461.141910042472,5657.879267070835,5772.449074503997,5740.455833513076,5560.736566085,5326.979724442653,5185.876552051707,5265.626663454082,5586.675942161253,6065.802956489245,6530.0523426984855,6816.865799511782,6880.5350211155355,6735.792567001075,6414.723324859307,5910.008730428174
15kg_10bpm,7BC,6152.218643445094,5768.985753339929,5330.191726589225,4904.685932935682,4565.61571309036,4409.6917800612755,4404.874665819206,4469.367294602603,4562.082991590013,4647.2357466826925,4705.030016407568,4720.812621561531,4687.435264682497,4602.774134887146,4482.1062354420765,4353.781071760153,4241.0290868026095,4150.891462101698,4079.427333050313,4015.868006311633,3947.0073298875877,3860.7621093818016,3757.4641675505313,3647.719989681571,3549.7295621457984,3486.1197604997496,3464.9260042478804,3485.148978589214,3536.5247769218504,3599.725733157674,3654.7346108739002,3692.4088449564533,3707.9467945080883,3707.8571364095687,3700.9018988961734,3693.804827202619,3691.179301649676,3689.402152123373,3685.668950758884,3678.7833922179993,3673.371102133334,3673.1956212312953,3675.6653767974617,3676.6389877279294,3674.496260956072,3671.7771568514804,3673.322928355581,3676.2226111227574,3681.396882275076,3689.7035884099414,3700.8403942192435,3723.25862601695,3760.425741327522,3812.8489650217084,3873.2929589141218,3929.110845174841,3970.5456996630555,3995.2449108625374,4007.11225578938,4012.573743557625,4018.92174745735,4029.7102742342386,4044.098641536984,4060.487580239854,4078.195107002817,4096.454590080644,4113.69816077597,4126.743862809455,4131.374686560018,4123.879622326597,4103.679033044384,4078.4499008224298,4056.573518523919,4048.238843878521,4059.9462551591077,4083.41733306411,4108.950018055799,4135.705524915562,4163.9552034306125,4195.566214719152,4234.884538358661,4286.753964576478,4357.431705841292,4464.644090232232,4636.607005066411,4882.934768799778,5147.325417487576,5362.753571534649,5461.812537177166,5404.488541122682,5213.541603181365,4982.872831978418,4852.490903753076,4944.342438581264,5284.442721972888,5772.990538576085,6239.632535339329,6525.8877799786105,6529.129721411243,6276.0934324321415,5869.09207940752
15kg_10bpm,7CA,5209.829447391437,4850.9289284489205,4578.434663566565,4428.27285073226,4410.98056050973,4547.739244689594,4671.371898936764,4767.5019874787595,4940.055403031034,5216.466870812344,5487.12771277404,5642.804476942243,5692.137691085651,5700.717511066114,5675.1095321443145,5595.415234692607,5487.4276056096805,5393.583490628435,5342.290590501533,5318.162702075033,5282.630241381005,5181.911060002255,5006.9480559751455,4807.778115297884,4635.878309506097,4510.660945245762,4408.786006191334,4277.884715375718,4101.17656267724,3879.1315681431024,3653.286549584362,3459.1060742706813,3312.5586413785277,3196.4289813082437,3070.2498731348333,2902.2016479608983,2690.1188531584758,2472.9858643537195,2306.100828034145,2232.0219092372367,2252.8991223613393,2320.1874711148384,2385.014997759412,2430.275675956399,2463.609094744598,2484.993656773545,2500.605302416109,2528.0976747441036,2577.3090242583926,2646.5527627042943,2739.6996485781583,2865.037156675844,3009.769252920438,3148.4444225734355,3269.5484953444693,3373.8489405327173,3466.2565388529083,3564.6065069563074,3686.034079590289,3822.2145811714827,3946.7325961772544,4029.303996860492,4058.305408478138,4043.551891922622,4026.209128713268,4062.8154698397507,4208.469910342612,4463.242109325126,4754.16346425376,4969.57908907369,5031.24424906547,4958.840858544208,4853.179457743596,4803.1377207395435,4814.647564331462,4842.80729166501,4868.131212161243,4904.475657855293,4963.73910088502,5032.317128643914,5080.743713433549,5087.310483541824,5047.361645164412,4975.492570858679,4908.571043381724,4888.276121566644,4935.846390377983,5045.073860048573,5183.250440613253,5302.875207970069,5342.22413873461,5270.640657368435,5136.487326951714,5048.661313851886,5099.168277967621,5293.888084360502,5545.411554870957,5705.3649542135045,5655.837337166108,5372.476811054079,4897.841292114379
15kg_10bpm,8AB,6413.584805425507,6089.971581149478,5710.234544871479,5348.178600025297,5059.556467496025,4878.66824799216,4812.780119520732,4846.819582397094,4942.013171267363,5048.517289437916,5114.663634474401,5105.885351959412,5020.5005448535085,4870.877898757255,4682.107916322064,4479.722361403379,4276.826936144095,4075.898209376758,3868.3865575350596,3641.672390558998,3391.0727324010204,3123.2665459859604,2843.116809274867,2571.1120919485147,2325.585349214298,2126.071940316616,1987.5913660659512,1916.3431854372616,1906.144860504163,1946.8368406903583,2025.9311209794457,2132.001270334261,2253.945102808725,2376.9183990690767,2480.0360547059604,2551.2551493396704,2600.686582599625,2650.546566036579,2718.704419539435,2811.9811099187987,2928.7907650557604,3063.036620782506,3202.791010506105,3335.7118757962453,3451.7042011641292,3545.558183646494,3616.4252163062506,3675.7217717763638,3740.497741307467,3830.0487770934487,3939.84633300595,4054.2251292250003,4152.368365283388,4226.872859549638,4279.298647936641,4314.775582570363,4336.976740535505,4346.709818988422,4347.173103331484,4353.135321023434,4381.039741795834,4433.899490384869,4498.734275560472,4562.8857553092885,4620.154781341445,4675.474664031275,4759.211063297654,4861.142209107343,4932.247582047622,4948.448169053852,4920.703935367778,4876.048820468751,4832.9716948574915,4816.995163306439,4843.5214869240845,4916.468678482218,5013.832369072917,5080.810399421541,5060.788325523067,4916.121047907424,4656.091067042933,4350.725492313431,4150.393243798247,4156.450007846995,4433.551916492917,4934.7256760327,5470.128353569805,5847.46722891731,5938.440904231365,5740.7204902258745,5390.296234229376,5101.127569948761,5063.979479334935,5334.778546308628,5790.608074795236,6230.462728603152,6457.3558022251145,6440.749440667793,6267.030656136703,6091.638474136637,5987.948016074128
15kg_10bpm,8BC,6175.454480882761,5988.645367425619,5690.330670631568,5365.09894603034,5067.5756172713445,4812.249550203758,4596.125266340808,4447.093739572387,4397.4663601411285,4455.811671012161,4576.1067034454845,4676.88559464966,4692.294841892359,4617.541005810216,4520.158100261105,4426.688675395489,4350.10495013832,4295.381808140202,4254.480251394731,4214.230693827403,4164.006975134002,4099.305153889405,4026.794830214856,3948.394147225214,3866.508008361391,3780.802783612795,3694.3739233628894,3610.978213345556,3533.687439394161,3466.6361410671207,3410.6573295744797,3366.9890311742606,3336.500006082806,3314.7899522296016,3296.6684869770247,3287.328533776266,3287.8938132365292,3301.0755537893347,3326.1224525845305,3359.087395246373,3392.8963141053396,3421.104650242424,3437.0598492806903,3444.8475225468733,3451.1727121700205,3460.964547957679,3477.025606251374,3493.9851011648743,3506.495774491297,3509.7829751586232,3506.113799471836,3498.8712002441735,3497.3638759548494,3510.9025842142278,3546.1917817272333,3600.1099273234026,3662.300903385432,3724.2863491271573,3779.7979895355506,3832.3525698688823,3889.181406446166,3957.546010713766,4039.530418460748,4128.1644592472485,4211.6863855942665,4276.635516680539,4314.2236666118015,4319.372049773126,4299.011689359214,4261.920991154522,4218.944131091461,4179.674219423078,4146.943946460825,4124.240839372185,4109.109401888489,4101.97178431205,4099.099513931677,4096.874897502287,4088.127899790228,4070.265467156098,4049.489391099618,4040.081013110259,4061.3379273195746,4118.395429705595,4208.012858722447,4318.211972228651,4443.652686401062,4583.609301241852,4701.757866398872,4797.591277581278,4881.663183588488,4976.979679426875,5139.72792304442,5427.84121780593,5870.83546072275,6439.419406266152,7019.447010938078,7399.540999837935,7449.799879175645,7164.373524844908,6611.307019835392
15kg_10bpm,8CA,6167.534352744894,5571.500814792143,4906.345327969086,4376.592199619617,4098.851034234314,4105.556656923409,4342.764578064183,4701.308189300883,5064.404791076548,5323.348929980878,5419.84384742336,5375.79409369602,5278.756537207936,5199.502371511217,5174.505092672235,5226.559817146053,5346.351187313887,5488.7216951983055,5615.29899228737,5707.231518792546,5744.466015310425,5745.293179048859,5707.353250704969,5623.214754653906,5486.494252434176,5307.232229990363,5103.643123119657,4891.4483841542315,4668.380706936594,4434.4551573917615,4185.139772114154,3931.612124470763,3695.565779332169,3506.0361034880157,3366.8736600560305,3249.767020252507,3115.109471787289,2948.3920129074313,2768.486608548346,2616.7829546811317,2515.6794127760836,2449.418812388286,2372.503705179909,2249.2352981139984,2083.0991105881353,1917.734965554305,1808.8726744932428,1790.4148485122355,1857.724816007845,1976.1892739081804,2115.4217439384884,2260.3255728357612,2402.597307305203,2533.5271189805844,2640.997828000021,2726.017596834011,2811.664844768424,2913.1773184075314,3028.593740628204,3153.2251431764435,3286.643899986933,3425.705148050219,3562.379935930494,3693.232958083078,3821.8236425483205,3968.1571750275916,4140.6303699802465,4324.583426923036,4480.332986676467,4587.021573635907,4637.040374932494,4653.784976239797,4673.87991006064,4733.382231276168,4858.22827683258,5030.6738299105555,5200.331479181317,5304.079950975711,5316.813205521721,5263.198148488862,5196.395438051627,5152.585363151214,5133.225128941721,5105.320380966278,5053.627875843376,4988.877781579689,4934.845169767746,4917.562542760333,4960.737211643017,5067.216655825153,5230.039564614841,5419.025802406896,5591.538051353906,5690.881361647497,5699.3504591794335,5660.0195517435095,5648.556350777203,5694.589598640091,5751.704942390269,5751.781906574771,5655.253042978661
15kg_10bpm,9BC,5941.910793272604,5532.199895910136,5081.36947205051,4677.804855793187,4377.612256566434,4232.094512935269,4226.957780478608,4293.960064260379,4387.297881414214,4467.887070277379,4506.221659156373,4496.672276447099,4453.103454894687,4397.2720103399615,4345.925416106038,4307.717128176683,4280.251505360493,4249.9444566508555,4203.202523128441,4135.670383717243,4053.0156863669,3964.235364010715,3884.54804937211,3819.8094125898356,3766.850703656784,3708.48840777814,3632.2295868913016,3545.3743247298985,3465.1676255046955,3405.006668161676,3372.267459023729,3365.64772562604,3379.6206101262296,3404.880104764358,3430.941658917003,3449.7134541680116,3461.4128867730287,3470.8636937268257,3482.847806384939,3497.4504377708367,3508.154540397307,3513.2422528713637,3513.780624315247,3513.8293913399466,3522.9630206382803,3545.6774789850424,3578.3025876289585,3620.393552547448,3657.9172420966543,3690.89685076755,3718.6942525237223,3746.374365613216,3772.989035180002,3796.9216075069353,3817.5895147343967,3836.36166289373,3856.956728038118,3881.423120216025,3909.1753066171154,3938.831460516193,3968.449936266291,3995.2700716955337,4017.3031572346736,4033.089209192362,4043.944183863785,4052.3412489426496,4061.404700643566,4072.5664323593983,4082.259285418953,4083.4698213936144,4071.9270149303184,4050.610866792292,4027.5094351344446,4011.1010452423834,4005.891179721298,4010.0184979426617,4021.1538585428957,4036.0236079427436,4051.9282132625194,4066.05944463208,4082.5795072813967,4121.901576572227,4211.110050176188,4362.91750864651,4562.303139391744,4767.447066447041,4921.579919016011,4947.142887792111,4838.827254445076,4662.5408484897425,4493.260589794685,4406.811559661613,4482.587288867336,4747.393077272704,5118.257422167338,5528.35106096914,5913.322392290049,6205.041812023873,6346.720145389731,6298.329361163823,6069.984499049924
15kg_10bpm,9CA,5050.057319951924,5141.581855881058,5126.83182324529,4985.478244324489,4732.607128241533,4465.6446814251385,4311.537787880735,4348.928937103026,4568.050390373628,4921.386311871902,5310.989182273891,5612.386646078726,5753.28692065698,5756.236611340836,5696.970864986957,5646.428877661589,5614.96678541541,5596.800738673862,5573.673677282139,5545.313238352902,5525.576346019177,5501.255619659206,5455.022814634999,5365.633788022389,5213.79467252434,5002.76681615994,4781.382373424276,4586.329293717886,4406.118082744762,4221.299039146733,4007.668166024173,3755.988198208207,3483.915946019223,3230.4549081772684,3032.9773327973453,2905.145574038101,2830.0433573263645,2766.478068305838,2680.001657195036,2564.1438368392814,2446.7969928391817,2356.215319814451,2300.376187711303,2273.12282083699,2257.447839237907,2242.727731058201,2233.1588471757705,2241.385989349507,2280.7565651169175,2355.5689322002013,2454.359276645196,2549.469107077634,2620.115691067149,2673.4197765940376,2731.659985383891,2809.5997295746465,2918.769140562135,3053.655614499721,3201.95614496588,3342.584094054323,3459.9625798729635,3555.8495260775867,3640.5056970509154,3725.361556447364,3814.658276703889,3911.1919737708076,4019.933714331659,4140.06900810707,4258.009079542404,4356.236237245443,4420.292948174762,4464.015038220761,4510.705892940043,4590.9035972094425,4720.185954551928,4894.883350627634,5085.148299786493,5228.851334044142,5274.990584495024,5211.534862152572,5091.351115220153,4989.510627592964,4948.899478853397,4965.836692827896,5003.087716714083,5028.7255248214915,5045.94792076321,5082.059576396201,5162.908754976491,5283.217199221339,5405.674822435054,5472.198560739566,5440.406064054514,5320.410694518973,5181.381218830336,5121.294370122291,5200.604086245477,5397.983838056698,5606.900034217932,5725.631323843629,5729.347474534795
15kg_16bpm,10AB,6053.173450990458,5617.939203786836,5168.0396200739515,4778.544791157346,4509.275940245586,4389.452215727098,4390.189468392475,4463.92299411753,4552.727158288525,4601.108808752216,4574.1607211288965,4481.162392664127,4358.800732510566,4238.618550181638,4126.879145836965,4029.69079501051,3938.0254056511485,3842.787932635885,3721.557599757728,3573.5740653806865,3391.1320040134337,3170.3974564971486,2912.9417971005696,2627.0390083326124,2329.495710778154,2044.3911104353642,1795.120196965097,1605.1583376547226,1502.6517366768833,1478.3604003597193,1521.1323270056653,1620.0223443152436,1759.2346334708727,1921.28835044313,2088.7704672921736,2250.9120804541394,2402.5591056939234,2544.1911224567725,2677.82943943238,2805.574874061457,2927.780582081212,3047.3287140856114,3172.2360826221493,3311.3278976176307,3469.0048496447525,3643.1164723864104,3825.791409918788,4005.2048543113856,4168.281138112045,4307.015069426522,4420.484857663666,4511.811862364557,4595.116822383392,4676.033992321662,4755.298810904652,4828.0564799565145,4889.99476552395,4935.7141373770155,4974.071570036972,5004.909265194518,5030.405804153507,5049.26366375671,5055.166972393776,5047.949792100281,5031.071355323878,5007.749526069248,4975.814610650078,4943.431076540105,4924.216439240686,4933.085150172424,4960.597605023044,5006.484182277039,5076.14730630007,5148.18561037317,5204.839546389251,5236.346648693546,5239.932660702196,5221.71570133812,5178.689669176931,5098.553798215581,4984.427429488109,4866.301958740177,4784.305629543197,4775.037860817412,4845.399373915461,4967.523994389938,5080.808545538795,5153.445892747221,5254.1363990688,5505.4220671203275,5923.25259832822,6399.916635681416,6769.4788815767015,6946.476052389733,7008.7271235851385,7107.232248717141,7296.204054609928,7484.724635816156,7510.289206902709,7286.9572432465675,6764.874165489973
15kg_16bpm,10BC,5795.565512053561,5525.059250143805,5232.751128852277,4961.0209352299125,4742.65422277693,4594.541803687463,4526.418636972326,4539.355826208003,4580.649336997105,4627.469616638016,4666.649703646302,4687.973130185203,4681.486812153063,4636.904460894548,4559.134624860916,4468.752319126795,4392.258366897545,4342.270248484931,4316.571972172331,4304.592197033241,4293.092494403326,4269.011351500611,4228.720033307999,4169.552983697582,4093.800017092321,4011.692441692526,3938.353745715345,3886.266251337867,3860.244573339678,3855.157191199822,3858.6618240965586,3856.9888356843476,3843.147606085004,3809.767811833928,3753.894093031489,3682.1183875750753,3597.950273605402,3508.8386011589378,3421.3160006425305,3338.178772382331,3258.847483746689,3187.6334417334037,3129.340728297937,3087.4460680112456,3065.6579007302616,3063.338021297637,3075.4097259115083,3098.759012633601,3128.97732583289,3161.5069067014797,3194.2094125602807,3225.201212416576,3254.0857769988975,3282.040626118611,3310.7104718078026,3339.3813362885944,3368.1625467065383,3397.6293848683576,3427.1117416398856,3458.9117447231993,3494.001039093724,3534.7797828204775,3580.5393657493164,3630.4989581689442,3683.110772983221,3735.773946302134,3784.5058922995463,3826.5606146504556,3858.7460145066607,3878.80629060481,3887.67732263627,3882.5696525405974,3865.7280923742333,3835.4159646621833,3793.8561121835323,3745.35803419275,3703.2285169514066,3687.3702307378,3724.8723863294317,3841.8542568573002,4059.7921490732574,4379.017126427947,4781.505691573408,5231.737186173397,5710.063953855249,6197.797015470701,6599.291319342516,6872.728759659376,6990.784001072189,6962.617576860132,6847.999906211291,6714.4946551098365,6623.335132686962,6597.906207745669,6619.166093501677,6640.4927907386145,6608.415720126063,6497.236256659533,6316.594358682551,6102.3041158452315,5890.397023578178
15kg_16bpm,10CA,6106.8898028970225,6213.332346279513,6419.450275290532,6638.728845516287,6750.402337751619,6650.5540184591455,6318.293390265534,5819.599760067052,5270.25588846641,4795.456523555494,4489.813804224448,4384.130541258431,4460.1555017563305,4684.563621997782,5007.9113513797565,5357.210708675851,5646.426438565657,5811.45864868888,5844.185980619262,5798.242015900475,5734.72078515095,5689.453828028052,5672.981723404976,5666.448052762697,5633.5592729118325,5548.402815133732,5408.014096377316,5229.5928925095395,5060.870005592571,4931.408364636566,4849.319041680668,4788.334491697602,4727.874308999587,4647.3008249648055,4530.165385019583,4380.074664416434,4205.377014845944,4017.2254400928023,3825.077041138391,3624.529225870804,3422.640445130565,3228.474065518005,3050.790259353581,2896.112102443406,2765.672011571039,2648.852853878142,2532.2135091316663,2408.182959416342,2288.3206002484803,2177.8942021863145,2085.255811423735,2012.8749868969505,1961.4894434688033,1931.2765125321137,1913.5909480488667,1898.7867826049676,1892.2949605128472,1910.5305755972865,1967.0211575665035,2067.0678782167956,2208.259923399094,2383.829342210761,2583.449662051116,2793.8190809046746,3001.6335598676574,3191.8719129094534,3356.612113407311,3492.843112654184,3599.535143778665,3682.4286861383403,3753.616677669524,3822.7480322277625,3893.8931618099377,3966.1865110386943,4034.777813451418,4098.142496412926,4171.9448844850285,4275.35059465271,4421.168680199455,4609.305616144807,4813.68359012024,5006.905384058826,5149.998333574927,5204.199857111613,5147.035549793063,4998.274896739243,4823.6367075223825,4715.550153638596,4752.411883770496,4967.2856911760355,5329.144828306832,5753.5079235724525,6129.879168092488,6364.033524669542,6404.132800966196,6260.771115307631,5996.970286061437,5669.597120955095,5326.694685945058,4981.161696442953,4623.249737961202
15kg_16bpm,1AB,5814.545564808282,5328.416327529912,4952.463186528938,4744.566457458807,4711.780169190732,4816.355983905615,4992.502418110188,5178.946981954735,5310.268468325858,5358.67971141832,5325.221390644474,5228.113552240726,5100.138587071434,4976.452128276607,4881.093475749518,4824.702472262342,4790.210301875274,4756.994202012861,4689.960854940544,4572.508370525579,4405.493467703423,4205.174579682469,3983.4231764318474,3763.1775315971963,3545.5671440595515,3322.515264035938,3084.2009878445488,2823.3046468540065,2542.278175306369,2253.0350892798074,1973.8275851296567,1744.4403388588403,1580.440529569054,1504.0651112213018,1531.7894045778187,1653.160690529423,1850.1673063769592,2082.9388095476397,2313.216115223034,2516.3446938589423,2682.913183276113,2814.1649572311067,2922.095330751624,3021.30836261815,3124.406055389077,3240.8714431105245,3376.2631604494645,3531.6320037760993,3703.592548511971,3879.354235726169,4038.0538266696235,4162.425249027211,4247.700627676441,4300.233316332439,4345.771840659761,4408.899983563763,4490.890332770841,4587.048493346215,4680.49045704475,4766.055247667268,4837.074039137498,4900.293012606908,4953.197035039211,4989.909504061577,5002.438653433125,4987.6956692997655,4963.330738874897,4952.606920173602,4968.883809236286,5011.802756411218,5081.799003457474,5139.936261345999,5146.835209887316,5116.387157466584,5079.166167228575,5057.479284875255,5048.826594053382,5025.389298992689,4955.552076848713,4830.853681725032,4667.185905075328,4494.859007216337,4343.581194531023,4242.773356575922,4225.3379435735305,4326.793913195226,4580.686914088627,5002.200338574253,5558.481371710928,6158.2792180108545,6685.080363974608,7052.949098109308,7214.057815969638,7211.053963879252,7157.536759424119,7139.523937301881,7134.162923830034,7029.531528006997,6722.435512915266,6221.323853235568,5670.954492709014
15kg_16bpm,1BC,5932.95553566134,5769.029817560899,5548.243524756634,5306.414291124627,5088.5089888871125,4926.014673785344,4831.695886064678,4804.312997618955,4846.598750187001,4915.748046624248,4969.150118927249,4989.983171484242,4974.283765303009,4925.957055547654,4852.851576466838,4766.439284987055,4677.707871545953,4594.962561807706,4511.283151598,4419.20939026419,4317.222139037179,4210.383249881479,4106.554821609489,4011.584730574976,3939.397701329296,3892.2885298561873,3859.6641601073147,3823.7609822813893,3769.8611992393335,3692.6427458261605,3597.329032179927,3496.7622898421137,3405.0582060992733,3331.991971328667,3281.8285300391076,3251.387980391808,3232.4539121229514,3221.050999705303,3213.76478400394,3213.1701731290927,3219.2286559782992,3227.856562332027,3239.8762619437202,3254.11675083684,3271.5301667895633,3292.98768937241,3318.7501155068717,3349.5341324737556,3383.973690029475,3419.9928160169766,3454.318396849389,3486.1014968839354,3512.9182848141727,3538.5289021780113,3567.593859266445,3603.399184642819,3647.181818015562,3690.764690888912,3729.361669949691,3757.075253175865,3772.2805700038025,3779.488757742965,3782.946690390925,3791.4544867041072,3808.602325432082,3834.5748108615207,3867.173102081255,3901.567273555599,3931.2972949828227,3949.450102814346,3957.194123525092,3957.0016214573584,3956.3517852457403,3959.156861051654,3969.007560763027,3986.8710264447145,4015.4392048949144,4059.649759935469,4120.358729020186,4197.710391959277,4291.983407442734,4401.445181866218,4522.022127403049,4651.412590034271,4781.266714733431,4901.8206919351305,5005.216826614993,5090.529626502738,5150.73876103971,5228.896598683683,5365.133343243209,5545.5807884661,5803.075871906588,6131.046569669484,6508.041307543243,6879.88269470658,7151.871011954504,7245.473750480538,7132.14466071941,6821.515737103482,6352.366719358774
15kg_16bpm,1CA,5860.095057070017,5580.1190718183925,5265.582821286845,4984.977571052374,4791.590707095663,4708.411586673594,4722.579930072517,4833.152559407402,4998.500947040712,5210.530448565017,5473.839509990646,5759.753233613007,6022.596207445238,6227.838248370317,6340.016295323176,6349.982851282675,6279.219901973365,6150.807683217102,5984.720457740593,5820.964404606531,5686.09405886315,5594.371037358298,5541.641768011748,5505.267120020509,5451.744066157897,5350.175331647281,5192.680740339482,5009.070172018763,4828.48237556641,4679.317176211463,4571.24145579415,4496.610897314158,4445.778709636056,4403.012688729064,4350.066388939714,4265.700456299712,4130.367397908827,3936.3758662650157,3691.961029159293,3420.705137362206,3151.7364154731845,2916.029931610309,2739.1850819816486,2623.5906345961553,2548.4932306825917,2481.941939336536,2398.7193132246894,2284.029545120855,2139.796175190946,1974.0293650931596,1806.2964646378446,1658.179011482426,1547.5601502958125,1484.519999530253,1471.876897549716,1507.1922907602318,1572.5461001933052,1658.9971155038663,1765.6883510804932,1892.9781064933404,2037.571328497597,2193.0298771705598,2354.419994516284,2517.48929921624,2675.4626467266457,2827.1677219222042,2971.7199887289953,3111.594056132855,3246.357937595453,3371.8742764662193,3485.9659828182494,3584.9725971624844,3670.1577780975817,3744.0396582153044,3809.075509418544,3869.886109102296,3934.498436098858,4015.5868776051157,4128.063831647295,4282.434817642918,4481.1658744878805,4711.320237514424,4961.1873872103915,5208.412760343464,5430.813684440951,5610.476809188382,5733.834765287525,5802.208682325284,5833.676995496559,5829.398014273408,5796.075071284413,5737.83861428628,5661.773363904067,5574.1991050493925,5472.949265603184,5347.123032261184,5180.129260211764,4947.13808457719,4649.395218576463,4318.133715072225,3984.258302268333
15kg_16bpm,2AB,6355.282170460958,6012.488057485438,5617.3260328334545,5238.006170964878,4917.237742258088,4691.660912085218,4575.584376153958,4556.647069559504,4605.4267394095505,4670.570606908829,4698.932491258552,4661.180741942351,4567.959713021324,4438.969467232121,4290.801394579869,4142.4562829546285,4017.013243038161,3920.600105339137,3841.711687620921,3750.070410336159,3617.101034304843,3421.3918837671063,3159.682147821534,2851.649937580679,2527.5116501908956,2224.9270325049006,1969.7714498082912,1773.519772096859,1641.6083773793416,1570.6198305884745,1563.1168277947584,1604.203178040194,1687.8091180020003,1808.4904472155495,1958.0143512604511,2122.1481849842235,2288.7602383938292,2450.1672527570818,2606.6522772138733,2747.9383399511657,2870.7578200732746,2978.3235550191202,3080.7727797293214,3190.6122423669603,3314.798447034985,3452.7820220376493,3600.169993618662,3750.7134860452447,3893.0769511494855,4018.7522493665074,4115.8036298392,4176.8792048329115,4214.065530914975,4240.36302041302,4279.099395468722,4343.827467728743,4432.143076531296,4532.45352946053,4623.294340124292,4688.191435224789,4716.367526801952,4718.076711238952,4705.063490696541,4689.310093216064,4678.872917507161,4679.007110911392,4691.047515199068,4718.08138252063,4765.992264493699,4865.693263595247,4987.1299601382825,5075.719612663701,5122.508991554844,5140.363057651569,5147.39137794144,5169.84570514123,5209.657725538361,5248.755882735727,5259.488478912773,5218.450063359536,5115.3033415184545,4965.470380830124,4815.612231131653,4737.749053019427,4799.432623901902,5049.535943333795,5485.490695721527,6042.548283415849,6604.212109954884,7023.202702566602,7199.523863283416,7147.34788421502,7031.139531425317,7046.32518022977,7275.498876100088,7601.861789043785,7808.782250370024,7723.041306962916,7291.562822659149,6660.466358139907,6041.285273468603
15kg_16bpm,2BC,6158.8621931244425,5977.263081631344,5749.300789630287,5497.235455974903,5247.592963644984,5033.360888822448,4878.218687554503,4808.924848346096,4843.867351855218,4930.115741299774,5043.836887233193,5148.60021563344,5213.903524960494,5214.701933805258,5150.769090439323,5032.795730498932,4878.924660152333,4712.508928992695,4555.217358590041,4414.053124857894,4294.009049826743,4195.187471714394,4107.236933145292,4024.443045368537,3943.5425216026374,3865.6525454612165,3791.7792344126538,3725.2477051669885,3666.919292117166,3615.0763546120297,3567.5927952386273,3520.8329929900838,3474.4008387402687,3423.8522197080824,3367.4949443016526,3310.8792336051674,3256.9104570708396,3210.8251802460436,3181.6711339602703,3165.3179599233404,3160.0529844510065,3162.073397139317,3167.3039205893183,3172.4765053985097,3175.8923416726507,3177.7539749771636,3181.2646586078426,3186.8295193620943,3198.6697051178444,3216.040830030703,3242.420991492488,3274.164081687252,3310.2859889695337,3350.9693004599594,3397.5007579730695,3450.692133465136,3510.1592121906942,3573.8217729308117,3637.531483927202,3694.6601933838206,3739.098417167824,3766.2618374437775,3778.8865607230855,3782.241025390188,3782.3248878392014,3787.856888704817,3806.508522302051,3840.420248267077,3887.606868622975,3943.7467050702244,4000.7739549825105,4049.253772008689,4080.9071335888157,4090.452679351344,4076.6157229360565,4041.9220722507816,3997.12931977138,3957.8744280972114,3945.3958598075055,3978.9052763295936,4076.193686568063,4242.627750438799,4476.041478063765,4762.131122706803,5078.99265076891,5416.900746124412,5777.722115302003,6037.768377991764,6178.29127071864,6211.113981454537,6187.633079427545,6166.986020872764,6275.754999278616,6491.316043789598,6744.359513865729,6953.917771217588,7049.8492173404975,6991.380292884487,6787.368323614326,6493.6639112542,6180.44621950021
15kg_16bpm,2CA,6102.7804211642815,5654.924649621084,5165.324806109391,4731.549402271512,4439.502669391583,4326.533236802466,4381.561401524281,4565.27922423059,4840.470257810045,5169.789161822265,5507.865401656705,5810.986340599889,6022.26246346617,6132.545489041396,6163.7880648424625,6152.158244264957,6129.8125596996415,6115.500895286215,6114.31080149055,6129.987215223072,6130.777542975834,6109.803908303147,6061.533632426844,5990.136017222153,5899.117578336254,5789.673204370614,5659.791975753879,5505.767403174663,5334.626007853597,5157.90386690152,4992.151922656523,4847.6167717887965,4712.35666262033,4577.445973490996,4429.923344777519,4261.739720379735,4073.0904632290903,3865.8574983048125,3642.586714754563,3412.119383874284,3182.2101392927016,2961.8244137145616,2755.582428632701,2573.1840060392656,2415.2066260092197,2284.0567869733563,2177.6118355247972,2085.3934672113014,1996.2066942731653,1908.954448808739,1830.467212287192,1765.6772680917807,1716.0599271638123,1678.352320345418,1651.2927419371542,1634.7320718219896,1636.412243164522,1663.7372403354552,1719.3865889834665,1801.4544739917271,1906.001841205973,2030.5067405472653,2174.8989992511715,2341.770198634726,2523.0110322416995,2708.258550135148,2883.1491825290327,3038.9170889681086,3181.473756240629,3322.4967424000824,3469.1432151035115,3622.3803682598254,3779.2132093644177,3930.4508779816915,4062.438239787235,4168.466623796398,4258.259797543138,4352.696826254113,4481.66323763903,4662.275235073789,4891.791356054198,5143.27449964856,5369.139759259902,5524.243028753814,5580.14322783372,5543.3321832073225,5451.418972184388,5362.550793829193,5332.456526719248,5389.2801636866925,5512.988006980898,5656.776989473311,5764.533633344154,5813.859673030237,5821.616233063704,5834.443731143791,5892.669377303315,5989.583589187711,6059.851504163192,6010.976263943523,5778.020454163594
15kg_16bpm,3AB,5690.575015087573,5319.799957435942,4964.674794953695,4677.289034532082,4508.0815329285715,4480.210171643861,4585.451224072632,4789.330451390501,5027.3162751644195,5222.674786819523,5317.112481218763,5288.6496696890745,5153.947451663338,4949.397409666241,4717.434527475322,4491.115993349909,4280.972739964397,4086.8554079557684,3902.7216243779667,3710.3304777948288,3498.803359638785,3268.7826122083834,3025.942704717755,2774.5532282434397,2514.441440105441,2246.7397822061034,1978.2921462947543,1723.239120040301,1501.6238493509363,1333.35857243949,1228.776371265968,1193.1410089279716,1226.8892185709772,1311.209512848391,1436.8133219473407,1597.1203024723627,1778.521546126034,1964.7052606078316,2140.3415461721856,2294.4218346379203,2420.287746063661,2518.978198451704,2600.6518493312833,2682.5647685058416,2777.7751076565505,2892.5176542333543,3026.8579525041196,3177.88297433269,3340.751657741714,3512.1281006852473,3689.5914863077014,3866.8166821899126,4027.230046316282,4157.079972917866,4248.823726607883,4306.840339056843,4347.089269140501,4384.314837126653,4434.083855636949,4496.499281423036,4569.790488141517,4641.155912897118,4703.71948345513,4749.123936554768,4773.572290866502,4778.496813290157,4773.695981521897,4766.865208781062,4768.387101828944,4781.11993648981,4805.510015675319,4845.999983285828,4914.778546184871,5028.259670054894,5187.512477464635,5334.41105156507,5436.851294224298,5471.303742667922,5439.071774691785,5375.3139898444615,5336.875373439619,5386.056150475254,5565.459308088103,5877.53527203371,6282.1736371127445,6675.586123637056,6942.62436298911,6975.316984008372,6729.1565477399035,6302.843890487851,5875.4701652112535,5643.714087994299,5734.498989330121,6145.572598410976,6746.860057970375,7329.287408137617,7709.043912279205,7736.13895388431,7354.016976058872,6866.645980601125,6384.607865766554
15kg_16bpm,3BC,6268.1017054451595,5934.498029367157,5561.687181411742,5216.742124279048,4940.864362882859,4765.566509715203,4684.597357559069,4713.851631776914,4806.717832095444,4938.107640273224,5068.144471629251,5157.205666257323,5194.795518879165,5172.477775450593,5101.126746142589,5002.009482783329,4892.007612746097,4781.272166054102,4688.147641428632,4618.549162353717,4559.586544739881,4502.857951293346,4439.8417723824305,4360.15465977122,4252.552211658797,4118.303486196943,3968.278634883447,3827.887512912489,3712.7798518017876,3624.1191454895798,3560.1468454158253,3516.3722061747094,3483.7128253521046,3452.1292031070857,3415.2284281347443,3366.9627858259746,3309.8445835947805,3243.1290641037067,3177.0415985639247,3112.7971804660383,3056.8666530713467,3015.583876145883,2994.111641807546,2994.7149036738433,3015.6056702501824,3051.6516082810467,3095.191541098476,3137.9845088121856,3173.3607695675105,3200.490291590882,3220.0965595859752,3237.573871856678,3265.1145518696253,3307.7656231909955,3366.24712228265,3438.8560578807815,3520.1972283439013,3600.5289736505338,3674.8013714922054,3738.1754639784426,3789.3159802074847,3832.1363845751735,3871.0438508982484,3910.0946408745217,3951.077196628588,3993.2651808237156,4033.9125578149055,4070.233669817875,4100.701517527735,4125.35506134915,4146.726658493352,4164.61038376108,4181.297136378064,4191.528221695098,4193.92468835062,4189.0053175791145,4182.281503385853,4190.534269062254,4227.476163080499,4308.734298164533,4448.981623647903,4649.774789128764,4905.319731758918,5200.976321383785,5524.101942174897,5817.987623828643,6046.337557123068,6176.309155823568,6231.413253139391,6251.380509388095,6285.0587942260645,6371.861213294771,6529.310706916041,6720.6748967084595,6892.629592045786,6985.857048912877,6970.176337065331,6850.556584279375,6660.241787009422,6444.854103767902,6236.408475325898
15kg_16bpm,3CA,6337.813195943651,5979.404795898149,5594.516133717142,5273.675248336491,5035.681967962317,4911.332419425282,4925.419360070867,5059.819153440605,5266.27666588306,5514.740367662403,5771.1226995220495,5994.693112776101,6121.28592987201,6140.868753448722,6096.470870211051,6028.946319243119,5960.217522668383,5889.9947078305695,5827.2805445047425,5767.903731410857,5700.036172849898,5609.958216484755,5489.173927959085,5337.175306611776,5161.4549402240555,4970.660952277075,4787.760322151982,4616.824439127619,4469.179844382517,4344.666647633855,4241.786930908694,4160.101307909258,4097.096224423483,4043.678307787627,3987.0297930732145,3910.982151400087,3800.556627996033,3647.4517313231777,3457.487741739411,3250.954759981845,3048.759956908362,2866.6288756818353,2712.8984587355108,2591.249940679942,2496.233049039845,2418.889156376176,2348.351474066366,2278.496453810821,2210.439590494537,2145.713621133782,2092.4708647634707,2051.5951356408027,2021.458115265965,1998.1824629119003,1977.315551982093,1959.4179296484429,1952.1283758762493,1965.4033392007805,2005.4526076126795,2073.364529470482,2166.77681952475,2280.093761658162,2404.6464083317405,2530.953112940332,2652.721507622962,2768.381606187929,2881.9323059661797,3007.5418637572097,3159.779046302742,3340.804132729559,3538.8733697292923,3736.3144319370053,3915.8099815892556,4065.1763802722917,4182.551209302482,4284.477244588898,4396.341594537866,4535.402884518815,4704.166149743728,4880.451257060999,5034.502778483709,5123.063544728724,5122.226472435313,5044.031694687968,4930.244387595073,4844.435866094973,4842.57878585554,4956.352258843045,5178.782148463028,5467.317214920951,5761.017595301937,5994.5607834198945,6112.55559236349,6092.419118682623,5971.1538313446335,5816.039577583736,5696.265305693436,5650.6432958993555,5656.556567013534,5631.8942353960065,5505.87148735099
15kg_16bpm,4AB,5913.169852943764,5628.517486496357,5361.973528312971,5144.832203048007,4984.643880977305,4873.093017252168,4814.231632731598,4784.049897652028,4774.196786749229,4782.491173494682,4808.908669106707,4853.843801211472,4904.800149200143,4940.447048783949,4937.815889361314,4884.921929715993,4789.185906864413,4655.178049382478,4484.171102713998,4297.064466382981,4102.753707539445,3893.7606241838585,3665.824618917322,3427.297637103273,3185.4900648062503,2950.2219400122312,2714.9220879177856,2473.838789321504,2216.2709922089207,1950.0557213941163,1697.7465196729636,1490.8920546750112,1341.3174235769056,1269.3795815625995,1265.1132866922073,1307.6037440861794,1401.7909661505041,1538.4780178462665,1702.4294130722162,1877.2755242424596,2048.113188802106,2206.4482685429657,2350.301885115483,2481.590891381363,2606.2328001594437,2727.6899101834792,2850.3881645916485,2980.137913187158,3118.470387181228,3264.4628126879393,3416.090529306256,3575.580794272091,3746.7528525566877,3926.2047689839555,4102.098520185353,4260.436969655866,4386.121725107543,4469.157300424244,4510.630674702013,4517.264585391615,4505.868191636937,4499.025502956403,4521.8201263797055,4577.647420894846,4653.025457876449,4727.73339557673,4783.840417241856,4816.993533999958,4833.469853627491,4847.53863291085,4863.8658714414005,4888.349977527217,4924.164375558617,4986.214826132701,5076.700670459835,5193.28301069566,5302.0812163545215,5366.622001487812,5365.096196560544,5291.221681631802,5158.949798222245,5000.908232426535,4862.66452014765,4795.885216790102,4857.550783908797,5091.727892460792,5512.478367145419,6079.651815221447,6693.714778895558,7235.685807075976,7557.685504360852,7599.062715580142,7438.859614666287,7237.534545620665,7149.575928487498,7218.402086277193,7333.73441504314,7329.091829882983,7063.820335022376,6583.833003800765,6021.176072193385
15kg_16bpm,4BC,5960.536912342762,6114.863986884251,6402.259740987034,6738.905849604711,7024.554290217806,7320.725063433191,7426.240972547422,7217.813812899872,6687.317335012426,5994.3788070358805,5377.632014025635,4908.305594292712,4586.306529184207,4475.131549366548,4570.810953328471,4757.95655233262,4972.2114598784265,5142.152488254495,5201.742566217835,5153.084268964526,5003.746241363815,4798.1770572602145,4606.164062413698,4459.454543004146,4351.672581029208,4275.99006489476,4216.020354185285,4153.600057191022,4080.3073658433927,4002.4048886196415,3927.921349631567,3867.219294026523,3828.242034369539,3813.830170734382,3812.9131319436788,3810.01157042632,3792.10680852149,3746.388259673888,3675.3212129312433,3589.333999839782,3504.151736596006,3425.033597337487,3363.279220779096,3322.867355916539,3304.5871225739274,3304.664588151809,3317.4562298553765,3334.0723980134885,3346.976648012039,3351.874711445126,3342.6076894527414,3320.193492235812,3284.6803705427246,3244.1006792851713,3204.852041215529,3178.171770068893,3168.3018094541676,3181.8051684469838,3218.7763049293867,3273.0344323234053,3336.782482586977,3398.7930073349257,3451.9013342567237,3493.2126594350543,3527.767459133839,3562.6483725477524,3606.4893530462537,3664.971173689462,3736.160100042962,3813.506710745422,3888.602082960751,3951.4424081848265,3995.4612923585023,4015.946457125496,4009.6827969658007,3979.762532795023,3929.886659748136,3870.881165265984,3816.448290826234,3786.048685737469,3801.5541228501206,3882.241293279685,4037.7702873416765,4266.799125735433,4552.879356282302,4863.394652647194,5159.365100153989,5458.926355463652,5706.3053645297405,5865.266981281599,5955.4147288890335,6013.5547352579815,6077.61893251249,6280.342984223771,6643.156765071696,7014.481670520824,7285.919089854885,7357.437743932408,7213.661805445276,6941.843085963855,6672.327193657677
15kg_16bpm,4CA,5844.08435812913,5146.527266875768,4540.7568869941615,4145.327392691497,4024.7146767914255,4186.207444222301,4573.442557854853,5077.667038785598,5577.95052989974,6024.77952770301,6312.897046772813,6392.927913119337,6319.347147233954,6206.298111412453,6138.735346550097,6103.985661071603,6084.448225084464,6036.662333496721,5930.232796325605,5790.200764548255,5705.013050482466,5669.8242323960185,5628.454749574522,5581.719502420263,5565.224335755655,5493.14376267179,5367.953133917389,5208.045156476752,5023.043544036059,4829.812883036947,4641.536234450226,4469.509602932731,4319.636095440615,4189.503028048285,4062.032947703735,3920.622937499222,3752.212543576219,3557.611338456594,3348.958341080505,3139.255348323796,2941.305931463235,2743.965561218277,2545.4562032908616,2353.3955390920473,2178.7563713806153,2031.786205655531,1909.5343114599214,1800.9619642880098,1699.6289986083395,1608.530656507982,1528.756467215464,1469.277496363644,1433.9974261885345,1427.5181509847196,1450.9315446802498,1502.181212027576,1579.882849870612,1686.780753244271,1826.8759346675672,1999.4613086430313,2202.2725947158497,2423.6932311261694,2651.224215248057,2872.4869211844934,3078.249027655061,3265.9982758765027,3438.3629361843455,3599.0778035324975,3748.8624477096328,3885.7643405040444,4007.9209859870894,4114.6629986409835,4208.118349554544,4291.3757593639875,4368.443705428225,4448.769665614467,4546.724015820227,4682.1058662187825,4861.932364622954,5070.844026701341,5269.863828199394,5406.806887221785,5439.6810925666,5360.172801376791,5201.612191388188,5033.572814811775,4932.150764312213,4958.758399152165,5131.1606315205845,5414.210650759511,5727.5379299530905,5977.866193640413,6099.915868710347,6073.184734970628,5936.965742423171,5766.031088674519,5631.022933561288,5560.049624473441,5527.003707275301,5472.2038870628985,5337.6234001464145
15kg_16bpm,5AB,5671.909162823005,5306.2063166755415,4970.959480127628,4695.321285479977,4511.847148963714,4421.17291455083,4413.144595083804,4470.6655157643145,4561.353221084022,4662.652423480288,4747.246400894179,4797.894982887041,4808.048769761364,4781.266016138761,4729.709997238724,4682.64054910861,4619.426645324341,4525.79248635795,4399.2227574598155,4240.036855153439,4058.963015380859,3857.4548282649494,3629.1008586234047,3378.0707884970675,3112.814698729571,2840.949338830318,2566.746389600473,2294.734315266367,2032.6023419227631,1798.3159796673285,1594.8598712709008,1435.4546146573514,1337.3157889266545,1300.4353468636584,1331.8213452280115,1422.2904453834212,1553.4147387286325,1706.7308940009127,1865.8541865118602,2022.621131213491,2177.1298119097037,2330.5285495447315,2479.342386994954,2615.958177892284,2734.6373756777434,2834.4516157295307,2921.096037883608,3002.732276034223,3093.225984004005,3204.0506753085483,3338.835833715903,3491.5468037682053,3649.697169189063,3797.068254697683,3923.966816818897,4028.9099118584286,4119.280079629688,4200.410018150906,4281.162314036978,4366.076006317752,4466.63989344371,4575.214207169284,4687.053808363384,4792.163030044693,4875.743559266175,4926.397085294251,4942.627033433995,4933.704923345397,4914.574682895639,4899.994037271652,4899.358562716442,4914.957506244006,4957.9668209528345,5006.807281596417,5052.557614864772,5080.432891184009,5085.767995163289,5068.6916343536805,5027.816808604585,4973.952941150461,4942.928134146895,5001.406840785522,5224.761563319298,5659.453572810698,6291.211072535748,7048.216679807714,7783.345426963211,8319.768857007437,8455.796209972146,8148.783245361237,7610.152388428411,7059.910697770988,6779.790275103234,6855.142329027354,7179.16000520235,7529.163223411338,7690.2669546072975,7539.893415999383,7129.74692887276,6611.306919876331,6096.065345130135
15kg_16bpm,5BC,6570.197956297263,6470.52081551941,6214.9841088658695,5810.483208313438,5393.111857860548,5028.381226041332,4727.469389206634,4551.924386058958,4558.78234616702,4655.237430435359,4812.668592552479,4973.008042721218,5086.875767924082,5139.372656186518,5128.28009707814,5062.966167404088,4964.400003418967,4859.631478783422,4770.039148216983,4699.111092415625,4642.382776241596,4586.3433747415675,4514.604636831386,4414.1946348577785,4282.9173735178265,4133.223982705838,3983.9375977554537,3846.1680354823643,3726.4772629798354,3630.5398218630953,3557.039253823583,3501.966457948708,3459.8329790046746,3423.0480316709845,3389.3837496356696,3359.8322093844326,3331.346871144558,3307.2867602210035,3288.927774330995,3271.184715549154,3249.280178153131,3220.5963059568967,3182.8958826853213,3142.083592278179,3103.754954712365,3075.4122085242143,3064.490995640156,3075.2904963172405,3108.126813210529,3159.6865340648806,3222.1482032558674,3288.4966772221856,3354.0833428413516,3414.988455594004,3471.2619371570663,3525.252760193907,3577.3885407767802,3627.8398570776794,3675.1554515557978,3717.6180358135866,3753.1843493682686,3781.41390646435,3802.0430318772883,3815.9549374423723,3826.520854019586,3836.417069626,3851.630648104834,3873.2707798406764,3900.5434554844373,3930.3704484827117,3958.6600082800587,3980.1978995236864,3991.9045965397004,3990.077915437205,3973.294735950797,3942.5428440273195,3904.6957644239556,3875.2380135936387,3872.7270296306806,3918.4472204356275,4028.3373390389056,4206.392811133679,4443.1341563889755,4715.765970804693,4988.596911569749,5251.92335864025,5516.682907670532,5681.450486786714,5714.660988708416,5630.211491667597,5479.045650673449,5311.240464233507,5431.269341719547,5717.913804357469,6127.4450574077255,6583.4696253310785,7060.965678059008,7340.329576912165,7318.660725057046,7070.937824992669,6791.290773519704
15kg_16bpm,5CA,5191.258495123303,4843.3126003951875,4576.753798144699,4445.678654928883,4423.541113296563,4522.702680027887,4733.88840168961,5038.678422146822,5432.374581086027,5815.492241918545,6122.885331890989,6336.904740120992,6452.03729201051,6506.315220306035,6520.218168488227,6498.641507581706,6433.070762312112,6332.540905936301,6223.964309002531,6154.172181848324,6103.667036620988,6057.30220998306,5984.8809853394705,5878.74788576419,5739.107395693011,5567.755982515437,5370.607961933445,5168.2546058590815,4967.793934674364,4764.006641882014,4556.12077364959,4339.112369448654,4116.2305981717545,3890.2254801361914,3661.1699321716555,3431.8464288872256,3210.425669723642,3007.4738528652106,2822.3982448861507,2656.8264687019973,2497.815337300175,2344.977904397323,2198.2352572559626,2058.593015232145,1928.6981714041613,1817.1738315998657,1735.523612897209,1693.8971150902328,1687.3229209314652,1709.311288998689,1761.1172687152603,1844.5421994147655,1952.9492168097668,2072.9302789266694,2197.1126504064414,2324.8936034402204,2455.4652070770658,2587.2533631401297,2719.63620603562,2852.735796145375,2984.8885559922996,3113.458506866895,3233.2486215451872,3339.9461363965074,3433.4752233034073,3520.8971194766686,3612.10236762648,3711.8609214116236,3816.6064599609263,3917.7858477323934,4009.800007158863,4096.58482080445,4183.5101475125575,4268.79462081561,4350.894280130265,4440.047881870544,4558.723713946062,4741.927391339363,4994.615937902268,5280.385238079309,5529.93505155349,5671.257809147355,5659.124494693409,5501.2161320246905,5248.148488952196,4972.838515429952,4754.223871857336,4660.057175679465,4723.506117910183,4939.000473493291,5273.563374530906,5671.615468885767,6050.200936791726,6335.260893526613,6467.63904645593,6450.778251478192,6339.674175120693,6175.491779834047,5980.165565732488,5736.460469461495,5415.235085930323
15kg_16bpm,6AB,6145.414762533302,5641.922082595044,5164.974842851625,4806.8850323810075,4622.188949686419,4602.596245185882,4701.347948664031,4853.342603932505,4982.5970483540705,5045.002829941342,5037.381625576544,4978.579567281777,4894.470907228678,4791.533660658931,4692.060467058891,4560.661057361204,4380.4138841339345,4150.307550432224,3875.7985498938497,3578.908948337315,3276.9072163007595,2984.640472605405,2705.9285161214934,2435.7408323144477,2169.8556970635527,1899.8026886252587,1636.8690140590593,1403.5634844843726,1226.307937634617,1124.1271510704446,1097.991295795101,1127.2945932085538,1207.2658672677264,1330.9683005108745,1488.976565089642,1675.735392578736,1883.2477601959083,2100.089097974006,2310.6503922586603,2498.5752785811846,2652.7254365531694,2770.1566195780842,2853.157041129983,2910.0939062403163,2955.7881999781325,3005.055512403697,3070.2128758284543,3160.6914368539665,3280.9081300583603,3426.9099540000025,3587.6810143917664,3747.6634534072487,3896.6481516836075,4028.1402955381877,4139.1240456341675,4230.4990292782195,4305.123193479461,4373.742061199959,4453.55043303737,4563.329050113461,4701.772347478934,4855.581949926297,5006.957736048778,5135.411857586816,5227.193191636799,5275.927326368964,5281.589829382242,5246.590502794739,5177.540551821525,5082.117262058807,4977.708348396483,4896.329242252166,4888.981767663139,4965.49901830026,5095.988099021482,5248.458255083341,5370.746205256445,5415.304008143872,5353.997060087325,5190.70114801743,4962.891306918491,4730.987838416798,4557.499822522691,4491.106702710179,4564.794260488332,4794.490206572132,5174.607220415106,5664.314112264644,6180.091214406525,6616.108423752592,6860.670423833325,6871.713593113415,6715.164933117061,6578.315235516024,6645.280505227372,6963.648462742885,7417.595712170889,7899.438756403342,7909.225779240646,7364.899327245089,6696.941576055204
15kg_16bpm,6BC,6585.601439267531,6706.384365746003,6411.851437969038,5814.542719278025,5326.844207311603,4992.342396615195,4683.530375334121,4481.310325536302,4439.808774061265,4450.310043831432,4511.14072449707,4595.384141401212,4663.744333393746,4700.675858530695,4706.4357645226555,4677.463641494521,4620.024518296966,4556.245854321389,4503.080282883476,4473.616913240394,4466.83066975,4464.138039673171,4449.564814977182,4413.08191555166,4350.686438093859,4264.812004010701,4167.871392013346,4078.0945132464053,4001.9101251885,3941.0282960379996,3891.724198933727,3846.7138218077716,3797.0117720871785,3736.531097717316,3664.1659128871624,3589.0145399986777,3517.9067435855636,3461.6596010359076,3426.351702257932,3412.8878186230236,3416.2995827251802,3421.9931661804612,3418.8312243234936,3394.7701069933896,3349.396536575628,3287.4824451889094,3218.9556096614097,3157.688715699238,3114.0875342144,3096.1608063047697,3103.13843913239,3126.8312826756733,3160.2041909486024,3194.958676230793,3225.8346665927716,3253.488667688657,3280.165373388806,3309.15873374944,3346.8840205193674,3398.000502667471,3466.8671837009433,3548.229326655364,3637.068540578847,3725.284159298509,3807.271053200714,3877.767478753687,3934.7914862981706,3978.2963032361035,4010.9470981151385,4036.6091402404095,4059.008791560917,4081.4028764683494,4101.075979041121,4111.896830455822,4106.230830105565,4080.2105604507688,4035.3423833188217,3982.675669455052,3943.1055796910678,3941.840864101786,4006.433041257113,4158.445769217591,4401.63493771699,4716.802334921221,5065.912927114642,5426.716681475223,5783.335086863106,6020.511625709517,6103.902907320216,6048.8956472142,5910.612759779987,5846.642728447823,5971.771465332172,6216.826316048723,6545.844585370025,6848.561168027878,7070.394719310857,7128.610221687683,6947.104432489526,6601.714990699424,6237.772599958577
15kg_16bpm,6CA,5429.020981226826,4762.446265304578,4187.388312502186,3784.5297224096034,3791.1722892121606,4239.558758560132,4920.929072600815,5583.114767067197,6053.675865478777,6283.852553458931,6303.941206068885,6214.1419900345,6087.27783704346,5971.741611399859,5882.623837194378,5809.883126715679,5738.105669887196,5664.033654920086,5596.681949969913,5556.751466302722,5549.750268503825,5557.319304494107,5544.512584061245,5482.486366171341,5362.090682446412,5196.861114939773,5012.27437439516,4834.921604344228,4668.157385371847,4513.998818953126,4360.543713304983,4201.797193862937,4032.165299079381,3846.8979149510396,3646.3678487663824,3435.3311106247993,3226.182619316864,3033.8893832965305,2869.517498217377,2731.802337879232,2616.0778055302176,2497.632577598539,2364.4418904723075,2218.2988405441533,2074.4001173028723,1956.0467441539506,1888.214155016264,1877.4693879569004,1918.6023526285785,1995.9476026644904,2088.396340420011,2178.8165334474534,2257.9742710557703,2325.3257485769336,2387.546098466673,2456.348141781281,2540.5119175150076,2642.1900290677577,2756.340292166092,2875.4023175036623,2985.1916176865084,3080.1091137025164,3168.9472961681,3265.936656455579,3382.7378628099295,3523.657328088712,3684.874015502299,3853.96260604021,4012.507201294884,4142.683959152099,4235.277758572403,4294.984764892955,4338.340723080589,4387.97608761247,4457.483411783776,4563.336298973181,4713.853056169687,4903.756409288627,5125.2440727714875,5357.342393470992,5559.165324613883,5675.822310279648,5666.27657628484,5525.756646977981,5299.252586539263,5081.079462409152,4959.399241854859,5001.030781547312,5216.7007550892695,5552.942511278578,5909.425998965116,6183.59106727424,6299.126672466674,6248.8249642493465,6091.122906978786,5910.701067382147,5766.009569728979,5653.476800904341,5519.973367518884,5305.572353177917,4984.5446471304
15kg_16bpm,7AB,5680.249488342436,5248.091879720552,4885.67467065581,4630.71036185851,4483.31957865315,4424.904802300871,4417.452535848609,4426.495989814923,4421.643143010263,4394.001728796956,4345.1881920054775,4271.736799684616,4180.327339744514,4067.5415902668315,3942.7812839975536,3798.3380663579246,3645.257462568455,3503.952566568055,3379.7787464943895,3263.9624062259268,3141.0919181908166,3006.13157443794,2857.439308878319,2700.9893917884397,2547.8056983170804,2402.771723776488,2264.5851743032817,2123.7630978651355,1977.5052714158905,1835.4313335363731,1723.585527264905,1668.3321290085296,1671.4405086021538,1729.2146648112368,1818.6718315844114,1918.8274489078017,2019.1260524552736,2116.9886362954985,2213.9540258961097,2314.404423808539,2422.4159875285177,2536.7413484818785,2649.632266408498,2750.5803280227105,2833.805987932367,2904.4958843022623,2972.7068644850615,3054.033751775677,3160.169966596825,3291.7943749898272,3439.4201579088835,3588.500165158333,3727.549298196473,3851.8762573077847,3960.5187505150816,4054.037313883595,4133.592827073719,4203.818236035488,4272.022353895162,4341.881636238426,4417.981943749753,4503.9353497818165,4598.236086881519,4697.005540913062,4782.5997132443235,4842.585477307308,4863.06012996143,4851.677262549397,4830.1159321547075,4823.445089812353,4845.99610235167,4896.921361417082,4998.077333611173,5128.9430836298,5255.418394246649,5326.5758244485005,5335.236726656772,5289.079304952742,5201.713870005595,5086.280468967452,4961.7659275758415,4854.002071059744,4795.982968284687,4831.950864086626,5009.055793194537,5365.545774781437,5895.243078251719,6542.105574287365,7193.658321154453,7713.236238932047,7945.358050454852,7871.043396295968,7625.577703840797,7382.973882728181,7293.398465973679,7321.322837018255,7360.200211486654,7252.894769183873,6931.463763260774,6452.680600286543,5935.980577033332
15kg_16bpm,7BC,6015.433016663834,6135.226476200693,6308.235216042628,6527.151709507259,6747.169628195738,6868.353334049047,7000.505650061459,7152.105930702582,7025.758701627433,6379.854205420172,5643.252139056432,5093.022345790308,4644.732409696009,4358.609235615965,4273.396863781184,4286.441405477022,4363.045673129177,4458.923905202177,4532.701212788339,4559.255434542036,4534.052732479556,4470.161674432391,4394.088464621013,4327.905121795078,4289.491393733291,4280.217936794779,4294.161491467936,4320.893613695093,4346.444660416961,4357.2067120723605,4346.870821884438,4312.972489817497,4258.532573446264,4186.747301965168,4104.242670935962,4016.9997260951122,3932.0245516637274,3857.0437016089672,3787.9736859584027,3722.0073745831237,3652.446760260123,3577.4120220244604,3503.0028388845226,3432.609786050053,3371.3329672815216,3324.500882459295,3292.669525028584,3275.950982004423,3267.1805250827233,3261.869260934714,3256.6920824148456,3250.5324378778696,3246.349449673728,3249.8058785372373,3262.710412207343,3287.0236695854514,3323.5381576894656,3371.896106403904,3429.8883670118585,3496.7792771351824,3562.800695590315,3626.8698739186193,3684.1171420953906,3730.728835257308,3762.5258187215,3780.754497617619,3786.841753899254,3788.6141118372875,3793.158802845592,3808.8800569983514,3839.154343989737,3881.9379596585627,3932.790112372877,3982.880395485175,4023.5329206353813,4047.8805413530804,4053.396293878733,4040.3768719396126,4013.602332873543,3984.784911744691,3972.05206770816,3992.3099191139922,4062.1673395565185,4190.671015366763,4379.221796070124,4617.778091123234,4887.0376455707765,5191.679578763787,5540.855888359602,5821.414318619596,6004.547540085783,6089.379401014103,6101.245599434363,6080.51014254166,6061.034056929245,6161.3305302684485,6381.3016714376245,6501.439351046042,6452.483818597396,6246.666967802046,5991.060211638763
15kg_16bpm,7CA,5207.843251765322,4639.665370774776,4232.815119613887,4049.4328028092564,4098.306909249313,4345.964054420606,4765.125849750409,5247.73195858761,5677.662935211078,5977.107560956483,6107.921186685748,6087.378792797716,5988.407757332549,5883.526398932252,5821.709679940411,5802.017142122002,5814.129550357831,5830.748454645643,5831.887938232182,5806.5930198130645,5755.428037834606,5684.936911459173,5602.70245990626,5503.518574780272,5378.53358542796,5226.858020911412,5055.155199673539,4870.348429085118,4680.857409621526,4488.494924404939,4299.684054807166,4111.487247235567,3920.470441078213,3725.9613118180187,3528.6933665045217,3334.1815654810666,3147.1807665474275,2966.817488161811,2797.123732135633,2639.9479091051967,2491.7200893472973,2351.0572116045582,2224.6230105015034,2121.1778839875205,2046.3661739682211,1985.4386566552832,1929.1533792820185,1870.2410630864288,1802.2933989648673,1727.6061166588624,1658.8517866189088,1615.2522493725198,1615.4499357476457,1671.065015843093,1785.0169143525313,1951.1516757436118,2154.0610766622963,2371.7840401434078,2582.94140355297,2771.9222316655546,2931.4195395157,3067.704179998211,3201.1943613433955,3348.5582558054475,3518.3602090469262,3705.401825510807,3896.599162697631,4073.6973875708054,4225.78311438443,4345.316722534373,4429.822949038727,4490.427038021948,4542.3454116909725,4597.492768271897,4656.402009412258,4701.409808447054,4725.865100958577,4720.120442354919,4691.018029802952,4651.516302762833,4621.528437687141,4624.298696747545,4681.853999680655,4802.06138157616,4980.697663482871,5204.290112625525,5448.515676848062,5689.377382440273,5902.9749982969215,6074.250230060342,6204.710975800042,6307.698470888115,6393.166419598512,6453.206941370166,6466.719238982518,6393.318819540393,6193.282947726619,5853.082695413249,5396.495461077192,4875.293976831708,4342.257475857819
15kg_16bpm,8AB,5884.3494424905375,5420.746769673838,4978.384347684885,4623.848468851091,4412.456593786303,4360.5259277307605,4445.118077800456,4610.512936257782,4779.818600443155,4891.416863542689,4910.471833258293,4838.547423195107,4704.038584439743,4542.58652269658,4382.2486222484495,4243.0817653997065,4100.691521937109,3945.713533862844,3775.2484774919926,3591.9360825017557,3402.7380012849394,3209.594446385293,3003.084388786939,2767.687592252987,2498.070419525949,2204.71896892295,1897.0149036451737,1599.3882645251547,1354.3188906426512,1196.5962979493588,1152.1208642545582,1208.2258434378675,1340.6109847515904,1523.2608931343696,1721.2093976470642,1905.7853001462395,2064.538172720261,2200.795171049496,2326.754246261542,2453.5228566627216,2585.3979886033612,2720.8168699079165,2851.3328419634045,2967.9105472924844,3071.2134475460643,3171.786448822026,3277.8634705602913,3399.32923694389,3538.5371017547495,3690.6640825801724,3845.3548375051223,3993.4254992522074,4124.596604396238,4231.308680527221,4311.48192075714,4366.360442737621,4400.354478710678,4425.48180274086,4452.530872057209,4486.604964419712,4535.5854711824295,4593.841867183379,4654.981908595797,4711.216741467666,4754.209156844471,4774.629085988141,4773.394798779531,4760.242579222845,4753.501275117645,4768.855252184742,4814.892866543155,4889.905024459828,5008.540236518904,5126.308711175734,5238.929008097411,5321.886777721166,5357.070097898585,5333.44560012574,5248.067263155989,5114.458944525586,4965.450802756078,4848.977401246306,4818.698699972927,4927.804659842551,5202.302349206421,5629.595628483152,6144.323760481636,6639.435444379046,6996.89800705519,7133.358037154764,7037.278677911866,6805.551240660618,6609.608834953913,6614.957246564559,6885.717358864728,7319.25688243768,7649.926684287498,7689.460557222396,7429.388862174961,6802.095895019848,6245.942308763269
15kg_16bpm,8BC,6028.150204524715,6240.803192338135,6394.230374402086,6446.517190774552,6391.307427743992,6233.199312632033,5993.660124520438,5700.3528907506725,5395.88667580231,5113.356065936185,4886.801072223193,4741.931111546789,4705.9134605748295,4736.148741273533,4813.863644138243,4919.750455891115,5019.329737341608,5082.022981864461,5086.402892227338,5039.060124679907,4954.977685222359,4849.792802851104,4738.236973995727,4628.851850495555,4524.472865762922,4423.406303938965,4322.475383334146,4219.626355216416,4118.053985827,4025.3411829529105,3950.2023098453565,3900.4731788069817,3873.832357257077,3855.2596280182383,3823.9562055112524,3764.456543296546,3671.7740287186807,3554.849707568162,3429.3543416199927,3317.9271457411337,3229.8300848508175,3159.1019075212275,3103.269436484516,3056.578191106297,3017.191989252243,2983.868469696755,2958.697162250369,2943.010077159652,2938.7356799555137,2945.922107895318,2963.0760976258657,2987.177197622976,3014.607617894493,3042.396160712407,3069.7145246080677,3097.9573979133474,3130.4040301810332,3172.0578827409086,3227.1903521703607,3293.431252798402,3369.857892593452,3451.491410629386,3535.824139062815,3621.8100779799347,3711.2173595457816,3806.4081997459107,3907.0268235455474,4005.878592176605,4089.643513304543,4146.87711622517,4171.519195983858,4168.563335007555,4151.348103455265,4128.520996510414,4107.570393810824,4094.087917129781,4097.072012186773,4134.3868602749335,4222.311008558761,4373.149568383368,4585.180270505735,4843.519023536111,5147.664295007372,5510.280108206272,5801.964054730974,5987.79476030645,6052.655963108368,6010.30244997236,5902.308595015647,5766.077567587816,5894.119464703672,6294.562038790398,6772.825841334104,7292.581777774604,7821.403135533819,7941.054527897362,7561.161713851664,7033.690228440498,6605.166699033349,6241.613832645417,5966.376631167705
15kg_16bpm,8CA,5759.833745200527,5447.028509868035,5109.88940355044,4806.783877251087,4586.091022756026,4468.564396027833,4449.415048724601,4503.772684956175,4610.303959823375,4755.930631301084,4944.234302964524,5165.821995630829,5373.667054409366,5517.977093258155,5596.621609899774,5648.8799317535295,5681.957088731762,5706.299739640893,5728.758466417376,5739.895633148271,5731.128002231309,5689.696466653827,5614.887658695111,5525.3526088386,5448.91188385982,5401.074599566802,5374.599269908036,5347.753696221004,5298.202785873278,5215.628514797246,5087.5510289850945,4925.676443344605,4736.2621127036,4528.145445331615,4319.455414112392,4129.831338854904,3963.698473165307,3811.21236316641,3658.192099846763,3497.765811586401,3316.493367147934,3117.356140840097,2909.7671103765415,2707.2222151314677,2512.016328993973,2336.863781452147,2191.9328260525454,2082.4922363950523,2010.1922113299127,1964.1397742894899,1920.2250486384492,1861.3778637773003,1786.2890132557873,1711.9547220719073,1658.9457410851442,1636.8052211703575,1654.3464318117187,1716.0979144245823,1809.8556922657813,1923.3829256774895,2048.2028760761273,2179.6884347326263,2316.8775233456,2462.186742879872,2619.331671569503,2787.1090160690997,2953.258963289149,3110.799104509821,3260.1349947744084,3409.4361948473575,3568.380898226001,3738.317144682891,3908.479396176094,4061.8591133493646,4180.741833835351,4251.564974255913,4271.164241000347,4253.925474221216,4230.952374041495,4240.681478881329,4319.133986888072,4488.600874036889,4734.977462618248,5022.531644787785,5304.692310551001,5541.036133342625,5704.629228405719,5792.001388395919,5809.571963381899,5775.136138970238,5704.942142086747,5613.798411461428,5523.669604282605,5447.06212982816,5396.446268607333,5376.909914733482,5383.639846158069,5393.598276971562,5371.301718699835,5284.700747242709,5112.045064930041
15kg_16bpm,9AB,5956.5381361830805,5592.078278540369,5182.1282707512655,4794.772619725754,4490.48878443425,4313.277168109516,4280.002819938933,4356.62507540387,4483.272135034661,4602.556036407971,4677.282663695563,4688.372353048233,4642.679505519178,4552.916140771903,4445.224349116603,4338.05198766358,4222.557369201335,4096.027618644742,3960.867131789504,3818.519562412384,3672.174603476924,3526.996979160954,3367.2062955040187,3187.0612386635944,2980.172030577857,2752.6702733181837,2506.4477175596817,2248.699744875282,1989.4636681899412,1750.1622685849613,1563.0892459601346,1450.0487981283432,1426.705120909094,1494.0191708007287,1631.3664859430298,1824.3774857368433,2038.8618568757188,2242.3912230457827,2413.1004514419287,2543.0142710942296,2636.103782841661,2705.358538518616,2765.5840428426814,2829.0065922246476,2904.0341265638094,2996.535537023544,3104.0372826299536,3218.1288965448334,3333.0450833766563,3446.6125481523623,3561.0551553338137,3679.739148271157,3801.388884203666,3918.693757540489,4026.3669973467086,4118.563479389599,4204.115148045383,4288.588200230221,4374.605550704435,4465.946609016515,4563.268961937298,4662.689139365845,4759.237863898852,4847.772092708149,4916.4998937044065,4961.164571884285,4989.193647677208,5013.590180259662,5052.020573882022,5110.818058988531,5187.015719335114,5304.548975663079,5433.40302274864,5529.939505882649,5578.0565389455105,5582.1471549720645,5550.77905266045,5489.20948891123,5395.25958412184,5263.724415142217,5097.733543508743,4918.4156390070075,4773.396454295863,4724.65086530098,4829.479828794474,5115.962476246253,5562.794550959909,6098.475881393271,6620.0068416101285,7035.656405011567,7287.9468903793195,7389.568688124,7443.422118105206,7553.8892178055185,7734.853032945062,7858.818362249732,7802.764642753984,7509.309006115633,6988.24022799695,6358.520093424975,5770.407962954087
15kg_16bpm,9BC,5571.075612628483,5198.1276508757655,4846.891774171077,4556.161976356373,4362.215755502664,4314.501598765427,4356.525986240904,4460.867701721005,4605.559535251236,4768.670309252861,4928.279655448024,5057.209620233871,5132.4577208147875,5146.113452123826,5101.875965199266,5011.895920685085,4895.6282685281185,4777.626240797848,4670.62667182759,4578.034371787067,4496.087322202247,4417.843221685845,4333.5544709511005,4246.806591531675,4159.101252175045,4076.9717979388492,4007.188100546884,3945.4432164304094,3885.806667600148,3826.0359275204205,3764.2422269451426,3692.9159523992453,3609.4371102585205,3514.67271957098,3417.8182283060487,3323.0077784670198,3238.520351198085,3168.28151716126,3107.495737035561,3060.7974445297928,3015.478661382498,2968.56137827953,2922.868275000876,2882.1220711899346,2852.919177598098,2840.5170946087023,2847.25782303738,2872.020410767206,2911.3694662529033,2961.3933859096633,3017.990624177403,3078.07823312396,3140.6607020232327,3206.9861313009505,3274.964144737528,3348.3918402096606,3425.2839949398726,3502.099472562625,3574.3542165950485,3639.178029305648,3692.861064304214,3733.6735817690615,3763.4683449280406,3783.761328697597,3798.42359119957,3814.0332546893624,3836.1065460200107,3866.816109564892,3912.2535189517,3971.8166963805616,4041.3982953570626,4113.921062775112,4177.791833353227,4219.851766415761,4232.517311696512,4211.134317142942,4160.844096202693,4093.4708106198927,4028.0154637709625,3988.619371396594,3995.6939468438495,4068.7680463933175,4214.167568495363,4429.3306512419085,4699.460564850925,4999.636273122669,5324.955891893922,5644.448014283436,5869.553950292216,5981.066569969334,5998.879695676079,6012.3740249331595,6193.74242478709,6474.2486577699765,6820.1284459803255,7125.344353958868,7347.484944777325,7375.7197871506,7117.986700144034,6709.322768236825,6350.083459852414
15kg_16bpm,9CA,5407.031539082356,5117.274689320498,4898.123169085088,4776.143943683722,4742.111712265252,4756.666564267901,4800.213752973267,4865.583595412521,4974.834111350339,5149.042027524971,5378.587137986052,5632.581943426147,5862.719023796859,6016.326787898315,6058.290037808389,5994.321852771413,5886.782967330805,5746.714604708067,5628.238290383867,5559.335477843229,5549.609083539669,5575.361681542883,5604.038728768447,5606.634355254296,5571.148025246958,5494.847455327244,5380.300912369925,5231.092846636519,5055.327237294479,4862.312714610406,4658.715909648625,4456.125072163788,4270.704592021462,4107.088521525199,3955.773097067517,3803.6625193531663,3644.877862353213,3476.2946816420285,3289.040393516628,3089.438803788272,2885.985188635862,2689.055565936857,2507.98874577286,2343.0586952628164,2195.5188467454145,2068.7659742489313,1967.5171408786653,1898.2604487658207,1858.8939290676185,1840.5869246919967,1833.908124311092,1831.5507684893187,1827.076729288723,1817.9189579553326,1809.0261891341058,1812.1498195991883,1839.1732516607883,1898.001424131406,1988.7981614848854,2105.5757226602313,2244.9514211276955,2405.7552655169375,2577.0279122218903,2755.0685717356864,2934.587964106755,3114.471268030067,3295.5844408205476,3478.5373615161807,3662.1537978528527,3845.5963801168064,4025.553824668147,4194.63060720501,4338.667339492846,4451.8440880290655,4531.811024634352,4583.166507498921,4619.7854577929,4660.927652556232,4725.839311616715,4832.250597698686,4978.9205821800715,5137.961650367603,5270.7553550216835,5333.497072475918,5305.558923640074,5207.1040610322425,5093.875258542381,5039.570773939065,5108.595905965559,5330.708676651322,5677.2193051730665,6066.6127102223645,6400.064552641975,6598.0443978220155,6630.871727837176,6523.785970684074,6329.913054705676,6096.878990138802,5843.460730245493,5554.5013725974095,5213.130653976396
7kg_10bpm,10AB,4888.910205277485,4615.6837128053685,4281.327603828988,3956.584078526553,3719.1452517727835,3636.63757553873,3706.9591160153163,3865.8138543350765,4006.8785886775704,4053.7512392290073,3999.0779238459695,3875.1407250899197,3710.371224673885,3516.379167537877,3313.866501876388,3110.606049506337,2917.1333310671052,2738.6576795688256,2572.7425297746636,2415.3697051793915,2259.2273325987107,2105.988885163409,1963.95368016439,1841.023639100506,1757.935150727093,1739.3234750158513,1776.6958854047634,1849.9684790531846,1939.4794146121014,2023.685052139723,2080.779248905241,2106.119972020136,2111.631398708355,2111.7932482052524,2119.543880854521,2142.9169496280606,2181.872579437387,2228.679389143156,2274.210038574801,2307.5272401510433,2324.29148262735,2329.8610619537635,2337.825742551969,2356.226612271768,2392.4800723098856,2453.252196363239,2536.872004558165,2636.3747828480946,2747.016948251662,2874.0792466505163,3012.7597941069307,3146.9513744082738,3264.90101243887,3365.109467465846,3460.4539159171186,3569.0701225797948,3690.0847775213224,3805.9348646921676,3885.55244364349,3935.6810941166414,3971.3965068891803,4004.8842516233913,4038.3723137908696,4080.2889268830495,4149.641393613941,4248.849572481118,4324.334921189477,4296.47364662876,4063.685728249644,3704.6511756554364,3449.6140367239727,3492.197929944229,3821.81120346413,4231.427175559677,4385.4634974721685,4207.009128030223,3956.765566269999,3803.251973715948,3788.964177230816,3913.917515214923,4102.699210505091,4223.795725095696,4192.956025780614,4044.858250292638,3879.922022237572,3781.226700277708,3776.082952400973,3845.7255340859224,3940.0945772234913,4015.066014801945,4065.6396874605803,4110.319531432982,4169.459058698795,4250.149247730369,4331.948144553588,4380.248824764548,4373.412311632571,4326.0812622035455,4274.24098448557,4250.587589348726,4264.909945002598
7kg_10bpm,10BC,4578.201399294397,4326.051680315892,4071.336564376419,3894.4307967539235,3801.852759863369,3802.418556876527,3874.116712696795,3963.819597261255,4009.3103706632264,3975.9810311762885,3874.260504008636,3738.0079466468883,3604.2702102610215,3494.082775817822,3414.247274327639,3362.785868475174,3326.0512162721943,3284.43187500073,3219.9009416202753,3125.1444112292515,3014.3679336030646,2905.6581572188843,2826.800246056241,2787.819497160548,2785.432007256796,2801.603448678063,2822.956525294263,2840.3441690295867,2853.4169545850227,2860.6555355823907,2867.0351104641877,2873.0899251398787,2880.0942841229325,2885.9098804480413,2886.7908277838633,2881.3956647509513,2872.515409728899,2864.3667929367725,2859.6732535651718,2858.279267931444,2858.789059060172,2860.395174646276,2860.2027107329527,2857.1164293843353,2853.4851071559397,2850.698071006335,2848.0071203764423,2847.848522899326,2851.0537545256875,2857.3654970813946,2868.0088665489357,2882.8797194259246,2903.337316646604,2936.168792311461,2982.8304208022355,3034.2898969859248,3080.15238431351,3117.2380300878517,3148.3490506496028,3182.3639249439593,3224.892386500459,3278.385880340309,3337.811167367303,3397.1132128012255,3441.1125175762427,3465.972299796348,3471.91770823203,3467.438245196821,3459.8722476597845,3455.6377627008515,3457.768509418931,3461.7728344229417,3465.115674824733,3467.32114908953,3472.1279645450227,3481.5808139788332,3494.7184599375523,3506.154445702187,3507.147425905513,3493.0223458421297,3469.622162697887,3449.2585441029632,3438.783467593799,3442.5529041011328,3467.1142493678103,3522.362384940872,3612.5826693856443,3730.9880706080476,3862.15303419751,3981.4514236583013,4064.403130862135,4101.513411107178,4107.962809401333,4119.836072099764,4179.549876101232,4304.5627011801635,4493.461215742878,4680.93647965517,4763.28598372269,4707.544069561253,4562.902922591475
7kg_10bpm,10CA,4763.447677670196,4605.695338587913,4355.624897954071,4114.656866603024,3982.288443068669,4028.3710942389116,4202.859997422351,4418.053806130212,4578.39072822405,4631.914810559246,4583.713284452073,4479.5062944966785,4377.434549375164,4350.327965422546,4417.0050914197955,4517.862788338562,4568.404396599129,4527.539312497697,4412.704713891092,4243.74972544271,4058.4131591653727,3878.774081752669,3717.8068667095117,3583.3345294646933,3476.7858482911715,3389.3876380755028,3311.054595262281,3227.6728350383773,3108.483185609982,2933.5124061995266,2712.2625192267838,2480.5202769928337,2273.974253285487,2108.4563171169107,1982.5001297650972,1881.3831488938474,1797.4603027096014,1732.217488743159,1680.0302836132457,1623.857438009739,1545.4105463349626,1446.448568631818,1350.0672279290352,1287.7895711291028,1288.148820053436,1359.2927315936292,1477.8650552713418,1610.735035564041,1733.2429925214255,1835.0544672037654,1918.7316110367744,1991.7672083216428,2063.119137057989,2141.3199548803277,2231.734490418648,2328.1064738122254,2423.881096544771,2504.96515733814,2574.2441917136175,2641.5166531681125,2721.1101156760783,2818.0106292170735,2931.4402845182653,3042.7866406215053,3121.9443731296187,3154.2393190895064,3153.6576437437666,3144.716119451108,3152.2553704945913,3196.9707591244096,3280.568786861654,3394.4457906687767,3516.398126604632,3613.9725129300396,3651.07798290545,3626.8880539621928,3568.82379525346,3509.267645621471,3461.8830603180463,3420.580127632855,3390.226985484393,3383.696879141125,3399.3174763352813,3425.4931123877786,3454.3631178735804,3487.776776234499,3527.402493813034,3577.0800738397024,3633.533086904694,3687.1013086814764,3726.112419687391,3740.8420882431074,3730.598201717934,3711.7653543316073,3708.109240802568,3747.66902052441,3838.3891054913956,3969.232185380782,4097.147150176178,4157.851297803358,4079.667109409654
7kg_10bpm,11AB,4954.065307589345,4524.398888806625,4079.441671358572,3794.910105326184,3758.637904758781,3911.0340402254137,4101.813155157924,4198.764438381116,4161.436728694432,4032.8847695697323,3883.5279245334636,3756.931506152151,3641.609343574705,3508.0206753832044,3321.2345110488222,3058.4836577172123,2726.262669132392,2362.415857871453,2013.6811576972382,1726.837663189035,1534.1473016857576,1443.826839735038,1435.7425884860509,1469.6136944508687,1506.2637288926899,1523.5985776900202,1520.9337403341572,1522.1910868388538,1560.1213060945588,1648.5217851592517,1772.6931523473675,1902.9390708802093,2010.0025761185339,2082.4046273546364,2133.023445437519,2178.9501957748207,2234.295608990248,2302.534945430868,2382.7292650909517,2471.0137247810717,2567.8211501464584,2676.1270636114677,2795.774268559544,2928.1806311630517,3064.2203592947594,3195.298616558186,3319.63748311683,3427.8267928029077,3511.3166536609733,3585.312912407813,3662.187256953324,3740.09056014479,3818.468691326367,3892.1135067805667,3946.3174053716084,3969.835310886886,3966.7070086234726,3957.2014939847368,3967.370167451575,4003.135131433503,4043.9098414698356,4055.0964048807623,4039.892401193329,4012.289900817349,3950.1917942014807,3742.2019454494175,3422.4635813724267,3169.378783420896,3242.715544948008,3644.61090981757,4047.782089067226,4215.791241504916,4150.590208924451,4008.6898907308464,3882.2552795654087,3803.45064792399,3779.6100634125132,3792.2719632570315,3807.235497465552,3811.4336293684914,3823.3882265151133,3871.729773856186,3952.690092891196,4037.7792519399923,4097.129824746165,4099.31918967238,4036.788053178901,3954.2302843631915,3894.1856166189996,3864.8082622186184,3850.4255451977565,3849.9239587826346,3866.005698450591,3896.2400607481895,3940.781357768765,4001.342463138651,4066.273205161673,4132.273381628167,4225.340882334011,4347.513537678345,4476.408832517908
7kg_10bpm,11BC,4670.354696016556,4462.196417408093,4205.080251856534,3971.9074638938278,3800.4172706532977,3696.0348518157143,3669.5311869310044,3706.1667716423376,3765.5610760186214,3801.007474334845,3782.6142051662655,3703.3946262590293,3582.4166480126237,3450.664262251066,3338.3082772866787,3262.6579180995436,3214.939729481201,3173.2213238247264,3110.656123888423,3018.13212848124,2916.925377568871,2833.514599511198,2783.436449213491,2767.611754299434,2782.0638206147214,2814.798515561758,2853.64200203864,2887.6242764193157,2910.0105337364307,2916.0436819074002,2908.953641784822,2889.9670173231393,2866.1633970812645,2848.1437262072973,2842.6721026812347,2848.7366552148774,2858.2629888142956,2863.520414471779,2862.9637787913694,2861.148042664183,2866.959178994493,2884.806890770999,2912.054117231085,2940.725100545664,2960.1133811064306,2965.1114503079434,2961.8346803511154,2957.4668749244634,2964.7076530485356,2990.2398405027097,3027.5548301486883,3065.3491332173503,3097.393191521557,3125.0084895765744,3150.969101593966,3178.2999682312543,3204.573441217642,3229.061724038292,3250.3215908237466,3267.481816747043,3283.1715224373306,3302.0380539087637,3326.6214092660725,3354.1282360177793,3382.283257896228,3409.134450996624,3432.5299202944443,3452.000721401203,3468.3565760350957,3481.803580301793,3490.010825466887,3491.1384984409674,3483.537352593847,3469.460158506849,3454.209484629269,3443.865757011779,3440.9908414147276,3440.415992533688,3437.123623132307,3431.600862236609,3429.719089150372,3437.755450405762,3461.4203995728367,3504.00477906595,3562.8229948881476,3633.4952249728262,3711.2953774440175,3788.57563905797,3848.494615621738,3866.5574498127503,3830.4671556581366,3752.7808940657656,3674.235244980936,3644.49816367101,3704.378454347944,3855.6294772698584,4066.1090963751913,4277.591265993294,4465.542118395955,4566.416781861086,4517.650555366632
7kg_10bpm,11CA,4311.565618663354,4098.469202453656,3966.0870577706023,3928.0095041751574,3988.082579121433,4134.058145206174,4311.787885460092,4457.969150870502,4540.49324798085,4550.384683061437,4524.939558797289,4501.194092979133,4501.371302483697,4515.760279386036,4510.974562134407,4467.862853656626,4390.06117050859,4299.551017131797,4217.520941201302,4151.106935994434,4094.5255210314026,4028.4765831361206,3941.2957306357143,3840.521070610012,3737.592414606767,3642.44499220333,3557.595138266336,3481.049273596891,3410.9087645294526,3346.138635403894,3270.6462763010136,3166.8329438063342,3028.614339477748,2860.460124090204,2673.4707183609744,2487.1711249553337,2324.475956185097,2195.6257493134453,2090.9851996073253,2003.8070894866667,1931.9881336579106,1869.6000023132099,1806.628810283979,1732.718767507039,1646.6322688013333,1563.580352200703,1511.570080056603,1515.3237202955288,1574.5776511842175,1669.2896761835646,1772.5198421702032,1864.307440960235,1937.6762117009112,1997.6954913475715,2053.624362941619,2111.028970313413,2169.4141499681027,2229.1547352451585,2299.334225088352,2379.730780211054,2475.110453085491,2587.450280745091,2712.339581413439,2837.533044123166,2948.8742416581485,3037.6426928978676,3104.609588268612,3158.1417777041397,3211.5667773448586,3276.289961200336,3353.5954280636197,3438.5463403942745,3522.31054046624,3595.777372822874,3650.073173631367,3681.5353498183404,3695.2807330694777,3702.1145261264405,3710.6758540803894,3728.8536450625465,3754.3611020017534,3781.773508307017,3796.0733894928794,3795.4827912549395,3779.69900805206,3756.359387604843,3739.4304700644375,3741.0277731148763,3771.9400667572295,3830.334957388157,3904.1752743219117,3968.4028185226775,3993.4792157851334,3974.10104466339,3938.4524780906836,3929.3671029520215,3978.900324996813,4088.7852033365443,4222.406571883257,4329.345669211212,4355.773590897357
7kg_10bpm,12AB,5012.070618487623,4741.581850301227,4352.206906293353,3960.829518714118,3704.7530398898043,3640.671367740584,3736.0977866500757,3891.536772072607,4006.7113493632164,4025.540507252228,3950.9630711532272,3820.775654145507,3678.6814946354207,3526.7567315348606,3365.7103226998456,3200.4128026689605,3042.1790683777476,2882.7247333722107,2710.8758636964626,2517.375062556937,2303.695996252663,2084.064166105346,1874.4489546835803,1688.349275959013,1545.8316165075705,1458.7645775412786,1429.5959999474849,1448.0606504117086,1495.5584206601725,1559.339940883293,1643.4825432423643,1739.0477400359644,1827.1800433675974,1892.1309779341896,1940.0251446559992,1984.196349140689,2034.2264013104,2093.2862270603523,2158.2568582854774,2225.9354228922352,2294.409347300802,2366.394072280769,2448.0884984465006,2542.43338584504,2642.1713676910326,2739.9210689693277,2840.597019020209,2955.0651469013455,3087.180987787958,3220.011005647669,3321.4090507553183,3384.767575877929,3416.4832111394126,3440.605224511923,3473.357888754198,3518.2509019371423,3575.045912700469,3638.9041679481425,3707.5331923794665,3770.463596439542,3819.4404445451282,3852.232209065416,3863.122787879683,3855.0957507510666,3853.9001735176366,3890.9244805663707,3975.051795706798,4091.8970296507528,4210.3704751600735,4231.264342075764,4023.826741477857,3641.4701587924596,3353.268015380454,3416.065576722688,3782.643445475352,4202.083502335453,4359.834805077111,4256.30272313868,4074.395674464399,3880.710636608586,3702.6159436322882,3579.3201812582424,3541.9847631633625,3584.69729189908,3674.2133348244815,3786.56978856939,3915.609635023205,4056.1360526763565,4175.968505910682,4234.446124276249,4211.169417996467,4118.40730495115,3992.1528264754957,3872.6484747521868,3794.3116492596237,3787.7305995087127,3872.4629695939234,4030.2977025665136,4217.718779736757,4388.3085840121175,4506.9489136024395
7kg_10bpm,12BC,4698.6764821012375,4533.283734622214,4302.104913340717,4110.240472498967,3995.559705512782,3939.4969768452584,3934.109213747154,3959.217407165358,3980.919434054349,3967.231714824442,3909.5736277401456,3821.694177578441,3726.0754754820273,3635.205848156345,3552.4514428375783,3476.5298322623566,3404.4798559318697,3333.003869454673,3258.4437826891367,3178.475285569335,3097.399591543009,3017.855165575569,2945.447893205337,2886.3984662440653,2840.5165887143835,2805.876326797996,2780.2176025182785,2762.2341142709265,2751.6235232760405,2746.188114338084,2741.989043392132,2736.253318047142,2727.474123032373,2718.2439558825135,2712.7759074046808,2713.899936699588,2720.385716769362,2728.477328685711,2735.4288759160136,2740.714762251994,2745.804575507547,2750.4363008410264,2754.8146290831737,2759.7817341710766,2767.4072763673507,2782.7169299687243,2811.5724472310862,2854.1295988514353,2904.088464584473,2951.554440110477,2989.852121331409,3018.600034673296,3040.0905166164434,3058.528327805219,3077.515459645766,3097.815143707481,3120.5852197113745,3149.263480283471,3187.2000815557644,3234.3100877258457,3288.0807404122884,3343.3375163082974,3396.131627939579,3441.5578532525456,3474.99817329437,3496.752820323144,3510.1428306176535,3526.974898024628,3553.907516939293,3593.238435663777,3638.2714449345203,3677.5054902891916,3696.8259217084487,3688.6632742263037,3654.537118341342,3602.8430810829404,3549.310216488092,3507.313988711656,3482.3529078114125,3470.104242159141,3462.333510482094,3453.996629319268,3448.2542715755194,3453.8992098776107,3478.2028952662963,3523.6173433621702,3584.7643356439735,3649.8291536321194,3715.076651290277,3777.6224810247586,3841.535802298579,3909.2471886088774,3981.9477174945573,4060.6314764208573,4147.3258144622605,4247.159302599992,4366.591376272728,4528.967735359026,4737.580429700627,4920.879556636863,5024.399554247177
7kg_10bpm,12CA,4579.462006840529,4456.964752565815,4315.870676616052,4212.986392284625,4187.249772659,4239.015845928397,4340.962821894392,4453.503749558375,4575.517761548956,4705.911953534382,4824.518400581435,4889.0248643771265,4881.953928285763,4831.936390657403,4778.3440566302515,4735.472007115008,4697.082269790763,4654.617272235165,4601.04028966819,4531.081918891201,4443.513221715368,4341.036580594171,4227.408622208715,4106.137613950489,3985.6936697013275,3867.9914341024123,3748.122591778517,3628.427611771559,3509.6733176966613,3389.676331091958,3261.3682601333385,3114.0455448666335,2938.183631955956,2731.9293797239015,2511.2747786045375,2290.3321512416596,2086.564538771156,1913.8048189982721,1762.8648899671607,1603.7817860108296,1434.352049043259,1264.3916631774373,1113.0790199768583,979.8984342284602,869.4946048531718,783.6936094450818,725.3448062361979,689.3577790089915,671.9745908946943,677.588079090539,710.8822597324752,781.3881271257633,885.9824355729023,1008.9636223660874,1137.3731051629256,1274.3246515642502,1419.5986346932498,1569.286270130202,1728.4527658912289,1913.3130517907302,2124.563100245887,2341.4030211677477,2543.893430910446,2719.997743205572,2866.223892086223,2990.7878731793217,3096.9986728358977,3176.048000312515,3225.388994366553,3244.2016839682046,3243.0451788881323,3236.035065564987,3240.693502926217,3264.03638246167,3309.7187749694403,3374.9280623633817,3449.2447689436754,3526.5045866863647,3603.0891526544415,3678.9576662730915,3747.741450381579,3798.76861016599,3826.90081490692,3833.371574755584,3824.3476254130173,3808.7147141955584,3798.38409619501,3796.929989574301,3805.6957261883585,3824.83339864962,3859.933649108372,3919.263350889868,3999.9845228858644,4089.5014962672185,4171.497800701885,4243.111394502793,4313.077332273207,4393.567656768879,4486.827474115528,4559.3550906572,4554.783475049186
7kg_10bpm,13AB,5526.495220036956,5119.507347645977,4640.997072655677,4238.023505686628,4016.627273858912,4004.3146187125885,4141.760288404151,4316.711892572315,4430.658260522138,4434.454695803158,4332.857654941022,4165.360382160682,3980.0166564911447,3794.8999933574673,3615.2896522444553,3451.4416035379472,3308.2520846166144,3180.744725699136,3059.4936217939767,2929.767892172098,2769.8102242309146,2566.4472943211113,2323.2717159756735,2051.6299394829716,1770.2458305739717,1506.3232649432082,1286.1682125046977,1126.0344362078197,1034.0613382980382,1011.675512696785,1050.872768386376,1131.2139904592566,1234.2755897785596,1348.171881218268,1468.1209490414367,1596.400201902653,1723.793042837827,1845.0302781176995,1952.6015552423587,2040.7680323698255,2111.671571580837,2174.433969274539,2243.4210544197613,2336.649552983856,2468.3759515872293,2642.21495701475,2839.981556791356,3027.4126915520897,3174.568245417537,3264.281960761665,3306.3943919200296,3329.196022637691,3356.5400188003873,3394.244808065764,3449.4824123242934,3513.806830155646,3586.251036659556,3669.6431299767287,3754.08709912221,3828.3596354808533,3880.189207790653,3923.7697352864316,3974.3085431885324,4045.994375162219,4140.832063279221,4251.932595076134,4359.433888364451,4363.546039477755,4170.458699063633,3815.8118304182335,3467.693174552785,3309.024288274926,3451.594244721289,3805.419794963552,4136.615757489359,4265.036326629515,4139.622037741854,3885.9914949246236,3617.9763495448674,3429.9250800717377,3363.1651672584976,3407.483990303492,3519.070724764522,3667.495083245214,3839.5295408033203,4046.9265754116946,4297.174701157718,4531.502359821802,4686.586637606345,4688.454302664519,4526.023324290026,4267.0127294577505,4006.7869474668996,3822.2889028157597,3729.1102834712665,3794.8610874594565,4034.157965321824,4439.263778663821,4897.196521785093,5228.031085297021,5333.36955685512
7kg_10bpm,13BC,4416.263261368765,4389.83460963141,4298.590238342778,4167.271457720237,4034.5169236642855,3932.7069059294304,3862.1705497664598,3830.764146116603,3837.1191854528174,3864.6720789960086,3886.177357804957,3876.792367545151,3819.140573664403,3718.763214811557,3603.7743861376202,3501.3714407436096,3426.776220473295,3375.7763952455143,3330.197057228249,3269.7646409469285,3189.552855096237,3099.304628126978,3014.0479658184167,2944.2691429692845,2897.6160772332573,2872.205468118884,2860.049293675509,2851.8890442711445,2840.6429050145202,2828.8829107205047,2823.257361608022,2828.138167064804,2841.1393240852103,2856.6240382993815,2864.692113296025,2858.670823746661,2841.1289999650057,2817.9783330145474,2798.4205376968716,2788.095320811587,2787.9048351847887,2797.5782971126837,2816.5100956498295,2843.5739356588124,2877.138665884228,2913.7045079490445,2948.3729333989154,2975.8683118790477,2992.4637205251256,2998.0485429758824,2998.4441239663547,3004.524128646391,3024.616011752857,3057.9945276565018,3100.228230591705,3144.7514933704088,3184.2443894500616,3218.353962988298,3246.473114751538,3278.8467484851258,3317.6356360625614,3360.4941172864765,3399.484743023318,3427.6095594025787,3440.0443934631,3440.8582197595224,3431.546324354464,3418.994578583057,3408.80878273205,3403.499423890385,3402.90288929292,3403.152189234435,3402.6544493271435,3402.3990975212805,3401.57817244839,3402.427083050409,3406.293343620346,3409.502096152809,3406.472169692525,3394.2935486407914,3378.0921738804145,3362.7731224983795,3347.9381327736346,3336.5938583799793,3335.930313765126,3357.4345555834043,3417.1896954053127,3521.0665193442514,3660.3408259076286,3813.3699473866495,3945.3840949749683,4028.6807431173593,4057.77678655784,4057.377143737865,4069.6085677322776,4133.709469092383,4252.215953359075,4386.908336484913,4472.5181947862175,4482.73367784726,4441.881547769654
7kg_10bpm,13CA,4406.51888306866,4323.221748913282,4203.840331949669,4095.866662981138,4077.0900841163366,4177.581347863145,4345.2838727394565,4535.218228704249,4702.65390640568,4826.413010383575,4886.740634754021,4884.337059702402,4839.5033061088325,4774.455116935646,4721.110384139365,4700.482694189997,4708.920769032612,4713.664686566392,4676.965943801496,4582.0991323695125,4424.56532268931,4230.118942256415,4028.550138606283,3831.52770843574,3642.409289975735,3461.580036780277,3282.411505250724,3098.4734301413714,2900.654797639983,2684.0027800281014,2458.2532991444336,2228.951944975323,2000.4581808941605,1787.2632930399336,1611.513695325075,1492.793027866646,1414.905661951679,1369.3506475574268,1341.3569481593909,1310.6012433678359,1262.2971201799614,1197.2023543836776,1133.7612540958066,1100.4543106928213,1124.5945890213256,1206.9684410614823,1320.4635416841354,1438.2669862044283,1552.610576191183,1677.255136680575,1826.070773022247,1991.246751938547,2145.380214062615,2265.6538557676085,2360.701515675806,2448.1922523892304,2542.77560940901,2648.57101247018,2756.2299593485045,2853.00968725774,2932.400226134171,2993.8119069648865,3040.484496565868,3080.117740702067,3118.420442722564,3155.5111277618485,3190.022218112312,3223.093320957871,3267.3265250637482,3339.210573338072,3438.649299448887,3541.207308341328,3615.835890924062,3642.209198297801,3628.485603985531,3609.2168405215234,3606.945878823419,3624.7698273968967,3649.8238606508503,3674.4842683332554,3693.7946214222106,3704.161791660301,3713.5828831856675,3731.010391919816,3749.322954114493,3751.6954768913392,3727.4373762756577,3683.2554968372965,3638.862150114875,3616.501576102166,3639.569714915852,3723.4742728409833,3848.1434901157154,3958.5599800366217,4005.406410935542,3977.105194011001,3910.216821682067,3867.272257471277,3899.8627228022515,4021.208142766609,4206.747131265367
7kg_10bpm,1AB,5329.786717876961,5138.342040271973,4986.563700251797,4931.656453292306,4970.932784212198,5092.531946452993,5227.006021724899,5364.503938659192,5442.761541283502,5451.544248420227,5450.769358345417,5455.142218509717,5350.374257428281,5188.299464377526,5008.20284138754,4813.2166774156285,4618.895213571251,4443.003528751704,4300.407372195186,4173.649966517485,4022.8790889619927,3882.487555633727,3782.455805573709,3726.026113040164,3662.1013925723764,3581.3109582337506,3411.9321645384907,2998.834761885773,2589.894051127488,2272.089591677739,1964.7161054747494,1728.0938261898254,1509.5105582962935,1326.7285167094774,1240.765457188971,1252.6263795766968,1327.6543861021933,1421.2037289612704,1497.0805432291243,1543.6593468780693,1584.5430186292865,1647.0843566729375,1759.483915623991,1923.981928402457,2126.8502901660727,2408.375420420657,2741.1735763080046,3045.626044910113,3215.483119322478,3260.078485856195,3312.0348375252283,3432.3839683593114,3616.6840035893015,3871.6029043057083,4102.892651562253,4272.858432407307,4407.915600295497,4579.102659039803,4797.5430712046,4987.145137425887,5111.036497949008,5207.983323068691,5280.34647973317,5311.312718145753,5306.128996755541,5285.641176220687,5259.571232882857,5250.85402412786,5248.940806726529,5246.4244935457655,5261.696900793387,5334.66643804969,5379.502766115919,5422.390626548382,5435.058548544937,5423.2433239921365,5403.893159210286,5395.997829085676,5400.295665780593,5404.533384551882,5404.576749485109,5384.632068796281,5338.214726397841,5267.693470620801,5212.844195111725,5211.758633520553,5280.672012654777,5407.434997456083,5517.144646522958,5647.5856026202855,5797.2381878387,5849.214611055623,5844.645003565834,5932.3926172465535,6018.316410428804,6106.253889164112,6118.336236919555,6064.362535408722,5991.835760094514,5900.190347569817,5975.273423185153
7kg_10bpm,1BC,4924.253816903444,4829.41532020415,4618.20326041135,4356.385827342763,4148.467051437641,4036.7920875533428,3984.0634820697046,3974.0151146298854,3984.535398874202,3986.944919424857,3959.7984482008665,3888.4003027191316,3772.1466947060353,3624.6385074741884,3467.790388185992,3322.572054408607,3195.9108811031583,3087.7561385119884,2997.530491163686,2922.73466759325,2867.410157744939,2836.1260189557506,2827.50079520191,2838.5635752654453,2859.18886457178,2879.841313453345,2892.6138348620657,2901.8373250589916,2907.942547849276,2911.7098724787024,2914.513314012554,2919.4693615978017,2930.6774008162834,2951.6279648904333,2983.6823312347783,3021.877683367002,3057.8184217153193,3082.0907754776854,3089.9815204678844,3079.11810559334,3058.1042663975722,3033.6412028073028,3014.2456403798537,3004.700884702433,3005.4788562509575,3013.382438200646,3025.5007523414424,3036.419611291732,3043.9354429425434,3050.040047060183,3059.2018784086877,3073.588209830756,3093.1654884230948,3117.2680770531165,3144.5869691629528,3173.393712952491,3202.3221996479438,3231.5479445850683,3264.3896007326716,3298.943601789406,3336.878487243718,3372.38997535698,3401.2802073568664,3418.7508292808575,3421.16611847737,3415.900772052584,3409.8596414796225,3410.6709364043713,3421.56464278914,3439.7433292044702,3462.930315275058,3487.067907901383,3506.8799939472196,3517.291928496255,3513.155235065828,3495.6765997093444,3466.7172688021537,3433.1127487042736,3399.010282132035,3366.361227374691,3336.233851421067,3303.050361380587,3265.9750890926143,3226.7856739303156,3196.8876486219865,3193.723389630056,3240.308252388225,3352.485104902464,3531.178418586956,3762.9296158400193,4009.5476647988035,4225.470755439654,4376.600256108171,4430.412566957526,4392.133435073207,4313.8366884442785,4236.52646015727,4182.621229114134,4165.936945729156,4207.53434731623,4297.318378266745
7kg_10bpm,1CA,4826.157491299428,4642.08210140523,4486.616371456475,4415.067121578686,4457.153930339888,4596.512231144169,4774.6940639026325,4948.572603944836,5069.646083026051,5113.289096393679,5095.2827070208195,5044.05418924309,4986.571082790647,4935.890388104182,4902.0863074190875,4874.858235961277,4836.3119851346055,4776.766958108282,4687.37905483332,4584.942091646369,4482.553986109104,4392.222981973648,4312.964453267825,4231.1253990998175,4136.443578548098,4012.04795611921,3852.229992695353,3656.5829793771886,3426.785613674427,3173.9745073096856,2914.080616099383,2668.9116595358346,2457.0417944156593,2284.9863935531953,2144.0284212615998,2017.0374421598622,1891.2023965151054,1770.6405309656075,1654.3339769752508,1540.5021524179856,1432.6749895805697,1336.2701851586842,1257.293157275234,1197.015674963157,1150.7459051840524,1111.5991540937923,1076.0079947541608,1055.1858788226014,1065.9028154926054,1118.741093798353,1214.9686531827222,1346.9592713234267,1500.0853861654025,1660.93206898519,1815.7516878786073,1961.176523777923,2102.1858210837368,2246.095236627359,2397.563791294072,2553.2201082880897,2705.273360852939,2848.6664952476262,2980.547101577167,3102.4907169114995,3219.495325993064,3331.844139720215,3433.845671450311,3525.2245364850305,3611.4780552423667,3699.3445786142042,3784.8337992450242,3854.405486047458,3896.4167482964235,3911.9294887162187,3907.950981297785,3908.4205091824024,3938.2051419154395,4005.2679921974577,4106.219308288933,4217.358978135979,4319.478395734873,4390.072836787351,4407.711700102911,4370.99380052676,4294.952754637571,4204.0171554464605,4135.737890990203,4120.468792154214,4173.3049115071035,4285.273456192902,4428.17668601829,4560.697746500495,4657.901997199558,4719.337213694227,4766.148051063024,4817.218827064033,4877.387808968746,4929.917823637678,4942.056510002999,4880.779998440284,4736.850863157038
7kg_10bpm,2AB,4623.836952637255,4446.580837256297,4252.4399565865315,4097.171165998613,4012.237259532519,4011.224882435861,4076.93855893666,4167.65056418181,4241.277743205815,4259.329910595603,4209.448419233311,4098.06981073494,3943.95314744884,3764.5857517099203,3585.3115003292364,3431.3346811131623,3306.3274016654577,3192.826808046773,3073.7734831760454,2934.4272071506775,2772.6287057179006,2597.839465377094,2421.3348185848286,2252.2924163266634,2102.474368839315,1981.4893115191473,1892.2025834000322,1828.4137728466055,1775.2224824146926,1718.4366174577244,1649.8042281762362,1569.299344426296,1496.7684190819652,1439.6251980506916,1414.712595475415,1443.5206423850652,1527.890655870856,1655.5440592543753,1808.9918132140856,1972.2056429428676,2135.5460818068987,2294.45126450014,2448.783407455508,2599.0401036148196,2746.6407185068965,2887.370896511808,3017.660139984563,3128.6976904519934,3223.4082061281993,3313.3068429126997,3410.8519784399773,3509.680660753161,3606.7439659663123,3687.176551164474,3742.698983872666,3780.8695385083834,3811.8724119653293,3841.421294101497,3877.7008334877823,3922.83421760143,3971.1772624250116,4014.1484990682666,4046.2838113472394,4065.970335672631,4078.222917574777,4091.329979403432,4109.305043822894,4131.017499290647,4145.699682852333,4146.505541430294,4128.237827622461,4097.0482854269085,4067.2346969243117,4047.7499841757635,4038.4733957755197,4034.279678466075,4026.137904141555,4010.9244667110042,3985.1550515715317,3942.5939876067323,3875.4817956946804,3784.217199279057,3680.1504460927645,3582.74056232811,3523.29319802552,3533.0638672535133,3627.974311509361,3802.433598628082,4022.3616233736548,4238.005025626046,4408.711319403228,4520.760465112415,4595.288654808723,4669.358505949552,4797.6107793486535,4996.927101996246,5212.043717971327,5355.708816185082,5383.03514095245,5295.0766663048535,5120.1898590546525
7kg_10bpm,2BC,4325.7079820438785,4191.612555723412,4083.3138034692147,4018.6804029701348,3993.85014775108,4009.3476946413107,4052.418062596715,4107.860107064115,4155.548377606029,4180.725297025496,4172.3291365935265,4125.704071258576,4045.3558419404985,3940.563066000891,3822.0312527298843,3696.432723521513,3569.3490807887447,3444.407551658706,3322.510684127069,3207.584900288385,3103.569165180632,3019.513042466338,2957.1039907945715,2915.3433165677548,2889.149001911388,2872.588092097637,2856.9300603387796,2836.823323185333,2807.441937210609,2769.0382603128073,2726.5931451837223,2687.0310931114004,2655.8435120501617,2637.0689364206364,2632.563716919003,2642.272955757903,2664.5276587019525,2694.616632486889,2725.623397820381,2751.200142680798,2766.6082609188625,2770.3527238890033,2764.8484933182303,2755.74078864959,2749.04495918423,2749.225993996526,2756.7618000091343,2768.896207517887,2781.8885896492884,2793.2452478679106,2803.511711938102,2818.628847303705,2843.6735163021285,2880.3808754374786,2927.838507906683,2983.2307700500614,3038.6279388428034,3090.9145689600487,3137.1759620885987,3177.9473593363846,3218.538439697253,3260.719054899008,3306.8655776901132,3352.5619244030563,3397.1605893632354,3437.2179305083873,3475.1671961654724,3511.1838575402894,3544.962557883416,3573.3689828402958,3596.7008531274932,3615.374180427595,3628.9825471099734,3637.8639394544834,3639.5424438649557,3635.574677909026,3628.23104551238,3618.6743809635423,3608.9073513235085,3601.15485931659,3595.5438625395145,3597.1639247821754,3612.4491576421597,3647.097214516999,3701.95100830697,3773.6081724078444,3853.2091407749713,3924.7255258511286,3973.269494456644,3995.964080510139,3998.423948713272,3998.703948089784,4022.5130378007007,4086.442244184802,4197.687390900463,4349.799502931484,4519.13487983979,4678.034650718219,4814.647902586958,4929.565461091098,5030.607195833589
7kg_10bpm,3AB,4967.208372017919,4677.782374297242,4373.34973359879,4122.504359954889,3976.9393529426457,3956.15834149905,4041.692422948182,4182.0221165109815,4319.860935076904,4404.230784505598,4402.2291240868035,4311.335381744738,4148.156168810226,3953.070648610873,3752.8346954187773,3567.1798461902945,3409.5752157610277,3266.982719037696,3125.2081049261215,2969.7667785769695,2785.4738583185667,2567.4329137829704,2323.441200562838,2067.918792271589,1822.0761502804692,1611.1164093145303,1454.7549618837497,1363.4759412166045,1327.1842742760082,1324.5648282070376,1334.932350402622,1347.3810233738325,1361.1152244665568,1378.3588510147542,1399.6732504875054,1437.9133556028003,1504.8624856564638,1606.1833917485646,1739.8018588767795,1896.6140655604202,2058.861050417008,2207.891360778221,2334.8593388110985,2443.754898905132,2548.6572815963355,2664.5284129158686,2797.4134524348483,2944.7661631361693,3097.47171405125,3237.0951517732233,3344.957523688952,3417.736172777086,3473.2044009842452,3516.8693944560137,3561.9514671278293,3608.644792795566,3652.459988968502,3694.228632937401,3730.46084201171,3776.8300718570304,3832.9417506322416,3890.637763627661,3938.715623164988,3966.218208073838,3968.4464848469356,3949.369879387438,3921.6732900282673,3897.588168233621,3883.263459106679,3875.7655251952383,3870.735743668929,3875.5205695667523,3893.7580551664314,3928.861245827563,3978.5961563738956,4036.976591122359,4095.632762064647,4142.4437318350465,4169.766429035416,4173.502399954891,4152.109821472559,4108.428030534695,4051.946311041283,4002.114856419278,3977.6786243301704,3996.1276080217945,4076.7763527363336,4181.723493101475,4282.17885353389,4351.89615436619,4381.438126668214,4384.139218497017,4387.27724776579,4425.264787943036,4522.706289248249,4684.602340031391,4893.857718343383,5117.449587757088,5319.818108573074,5464.805287715364,5529.687082655865
7kg_10bpm,3BC,4803.412693531778,4631.823493544635,4435.425413530852,4250.137483652083,4119.043209099674,4042.186590235683,4002.827430338947,3993.214368983681,4005.075516067497,4024.6973629709873,4029.807425903277,3997.1595631991568,3914.434677866064,3793.6876699106683,3656.0512721662676,3524.720792045846,3411.5332980018798,3319.783324975149,3242.574029789336,3175.375355062021,3117.7766822215403,3068.0220628746265,3026.8551435578497,2991.873397604226,2959.2137561444615,2925.333775219452,2884.526764754864,2834.7090186213945,2780.351927470271,2725.5342773866955,2677.5469227260614,2642.377156830192,2622.7131845255644,2619.191137515726,2627.587706145172,2642.4595837774373,2657.7222260157355,2666.8223913686984,2667.694542288461,2660.691409819712,2648.7272766627475,2634.066086831232,2621.984395407332,2614.0092269240554,2613.019358009408,2623.5517381284826,2647.2740345588004,2680.0264220600675,2719.8187867002716,2762.825057485032,2808.1754393929696,2857.455361730148,2911.8447914009657,2970.64850525649,3032.4535108180153,3093.441386307863,3153.165538030756,3209.8217958620858,3260.437714206227,3303.4657696829913,3337.1035229748095,3363.725739401758,3384.76352473709,3401.978091375052,3416.696766716123,3427.028627775975,3433.1590712286247,3434.4979020593946,3435.2804501622513,3440.7591131370255,3450.8356761780406,3463.961523939716,3476.635299774838,3485.9981044413444,3489.6315176861126,3484.313637227389,3475.723862174782,3467.728558434972,3471.242535693624,3495.6119217141836,3547.957491702808,3630.8757607953667,3736.394022638481,3853.030690217284,3959.6933056295934,4038.7790212513028,4079.197163392531,4082.7729304750574,4061.922166853088,4039.750841297494,4039.1030349640337,4078.077338389435,4169.840166284476,4336.992626742616,4582.467429513295,4859.976470599301,5125.258595846492,5334.614937052628,5457.648545166672,5485.128341336418,5426.481727497932
7kg_10bpm,3CA,5000.008954848486,4871.237376657957,4747.77595222627,4678.580709207399,4682.488455570283,4755.447074512116,4873.278510955684,4996.872411066935,5080.905713112629,5103.171235677182,5056.101482218329,4963.509298808976,4854.232616402402,4760.298409902686,4696.012681353387,4662.697739360037,4650.561556809565,4648.414016311937,4643.928562364375,4627.79288004815,4592.541123510908,4530.589006911243,4433.450342939459,4297.778058524421,4132.515600695309,3948.0879481015513,3756.278183270137,3565.2442712778598,3383.446297785268,3214.2041511266266,3056.853313713216,2908.3783364329984,2760.7479845502235,2610.496505036917,2458.793444955674,2308.400536986736,2162.4103005765137,2024.021239324599,1896.443298329312,1783.7320461685647,1683.2111821761644,1593.616524085157,1515.3238661747703,1449.3024941145345,1393.590512172022,1344.0329378433937,1299.7416113513302,1263.1307684867988,1237.6500475890539,1222.4886231125354,1215.7447239846626,1215.343754875773,1221.4068634523894,1237.1496121405398,1268.39812669814,1321.889442561822,1401.970526747485,1507.4742690398307,1631.9211297721586,1768.6425584250787,1908.9909000338992,2050.349472024233,2189.968114683008,2326.6127622573986,2460.0899703646514,2589.9076639586547,2715.781064945628,2838.290433831816,2958.9267940356153,3080.4479202825246,3199.4551728519127,3310.3046332679605,3409.6895212681056,3498.157366111776,3580.7716032671888,3666.9248877280365,3759.1020140398014,3857.804921851239,3953.3006431517633,4034.403589439828,4090.827543499228,4120.733637936359,4124.971802131766,4108.007548597296,4078.7455553875807,4045.8715884616845,4026.8120621978824,4033.0034994906055,4072.6774139054132,4150.364228588505,4262.364350891952,4391.512077479335,4516.670607178258,4616.816842888173,4677.604724889067,4698.585337394574,4689.888519543615,4660.237430472676,4606.614266757323,4514.894146813081,4370.021326876093
7kg_10bpm,4AB,5082.288677362754,4809.036214570694,4517.551213328761,4279.567599473044,4143.06115396533,4129.3971589547355,4228.211769639425,4397.29626364017,4570.402871728894,4684.338292302307,4701.556680017375,4616.290320266546,4443.93786362086,4208.986989523825,3954.19023509274,3715.1364508930187,3514.891678683339,3350.1335245549944,3196.5616395765337,3036.5080833984416,2857.593670840322,2652.690979997513,2425.2392055486157,2183.994182444616,1939.2256942931845,1698.2871033016647,1467.437724519628,1253.6690902223809,1063.3363469513815,908.6360977649455,806.5543574624187,754.6780006450663,752.4187920510442,796.444640999121,885.0111980920392,1009.6647847936276,1156.8934103508634,1314.7080788146668,1475.5579952839207,1634.7641808449905,1789.1771727010125,1937.0827661006906,2076.699125513953,2205.699080407786,2323.6726842153685,2431.870418105988,2532.621680800015,2629.3922011613113,2721.9251022930216,2810.449997407768,2901.768490950605,3002.160613063117,3108.699114059064,3211.0347250928535,3304.9091910013512,3399.1446583747647,3499.796341341958,3620.388648750737,3756.015815230074,3893.1207796840467,4014.720001875736,4112.628674372557,4182.192428704506,4229.286261577379,4266.732305841458,4307.548982237453,4360.034155593543,4421.052727432603,4483.711541888535,4528.787762845815,4541.842483973985,4505.867554290824,4414.743909950027,4280.867943949224,4137.772201762689,4019.2655053891854,3945.027350643016,3917.3444737720997,3926.691891109241,3955.967460744763,3987.2211910610536,4007.241370934562,4006.9460096551916,3983.7012841434894,3944.982239797473,3916.634841473385,3946.5006399044446,4075.270012495218,4296.318706362097,4535.942741100702,4701.549518558972,4735.805695968267,4633.8151206876155,4473.8675348718325,4360.294111676839,4343.623806795338,4443.765467676843,4653.106075249917,4920.9496642876875,5143.38295772545,5256.141826211901
7kg_10bpm,4BC,4633.397932252337,4396.614131550836,4128.887335453987,3944.43620718454,3849.4466604692116,3823.5571650013853,3862.0451357529664,3941.7571595504414,4030.0958577712686,4091.6627505397273,4102.628620930121,4056.136245321212,3960.7871975939042,3834.7052355170163,3695.764340508763,3557.7907968290906,3427.5979969637237,3308.5428360261462,3202.080516819968,3112.881611756245,3042.3425214806634,2988.2200340384584,2950.0891227988504,2921.6678799069105,2901.6097534650726,2886.522797859997,2869.5498371439526,2846.5859854197424,2811.4678851732415,2768.1808737759375,2726.538134848979,2697.739034195033,2687.9029934953087,2698.6528215572166,2723.444375694844,2754.1350812858514,2780.5746969225747,2795.1785937869913,2795.820251416276,2785.6832394389166,2770.5169641952557,2756.42927888281,2745.4702119207845,2732.472618162622,2710.14602356461,2672.2427238807463,2618.9740952155466,2557.3997450473503,2499.6403845072414,2457.790042566341,2445.826130412988,2465.2700850218503,2514.5919434369816,2588.913325761485,2681.860998451825,2781.7867547821456,2883.54048662884,2983.2390298925407,3078.587833020496,3171.66810827855,3262.6798913925386,3353.7064549391757,3441.0010082928293,3517.497907225133,3580.5375862721075,3626.83851425715,3655.32646493468,3665.141269497201,3661.7008636311834,3648.0759203158586,3635.712054224337,3631.9220719284453,3636.633651425933,3646.3278893570073,3655.420676116932,3657.9994725845995,3650.824193001653,3632.924816510428,3602.7340553363438,3566.6385247466524,3533.317321050107,3514.1910074641983,3520.230449296143,3558.9491685966436,3632.0500653502345,3732.011741217802,3845.3092033200064,3953.327023125,4039.976255150664,4094.115414751178,4119.452134211248,4140.612108453628,4188.6516364295,4291.664375453835,4477.27779631623,4763.478182482006,5094.859288422668,5411.30714342144,5653.704274727494,5785.2314655607315,5796.085691213774
7kg_10bpm,5AB,5050.886663958953,4775.346878779936,4469.775068487263,4190.037544180701,3987.756218035205,3899.290854940534,3925.7871064199426,4025.9265293842764,4136.679098074783,4198.068643929927,4185.58926416618,4100.664180428817,3968.6708894989524,3818.1293283780265,3670.0697103607035,3534.9539605970467,3412.474166689014,3300.4616427728397,3198.8834005771005,3102.698872702609,3003.457429427341,2882.452691533422,2726.3966675691404,2533.458299619707,2313.488985655271,2084.665153625392,1866.171407269957,1670.8776357182578,1506.1069708216787,1376.8141435669697,1286.6091340828982,1242.576590635788,1242.2027381552618,1271.9141726750045,1327.8061049283765,1399.7704151468515,1486.3083935976226,1591.0900626823104,1709.0755776504113,1832.9125529129692,1959.7931699748988,2086.0143023404653,2208.234674873118,2325.5128560178514,2436.1913835731866,2535.1155894788353,2617.6589193344967,2686.0258763172205,2749.1134803001546,2810.0445148761764,2877.582127837744,2949.275627895782,3022.6783457886713,3096.5250699618086,3176.6137147509976,3260.8502671945657,3356.1440153916114,3448.748543898935,3540.8450755790923,3627.012942321088,3712.2149779088622,3796.124490070428,3878.885039792756,3954.351224389658,4014.816350368632,4056.688780630441,4083.304315744926,4099.666107162675,4116.295530064922,4141.007365536173,4172.217633785837,4204.474095171246,4228.754112986327,4239.644531163795,4237.398496427121,4225.82059130458,4209.342024112726,4190.13703651528,4168.203723522435,4142.877842133748,4115.394764280705,4089.6551049628497,4071.8625227379603,4073.486998500994,4100.88405117815,4151.030614003681,4212.073028518421,4271.753717753073,4323.46350742523,4369.3799113830855,4421.332672451348,4497.5656707858825,4606.821462285616,4758.156601480005,4933.3080299388275,5119.854208321268,5304.078444313978,5460.484708617421,5557.2167903975815,5565.932326926463,5472.313587112122
7kg_10bpm,5BC,4704.702382044076,4524.277166831069,4280.529567693592,4052.515264319645,3886.9720654974785,3776.3191087018636,3726.220746400808,3732.8338830927064,3782.6845746454674,3851.368081023942,3914.6073412389574,3943.812619001827,3919.293222402171,3836.7049643043583,3714.6675838411957,3579.587173697374,3456.284767214831,3358.2939268037007,3285.9345929513584,3231.3169810157497,3182.011105882815,3128.3830165474365,3068.7693719435442,3002.5957883432675,2935.8404256149774,2880.9489049038,2850.669484796999,2844.358744417706,2851.5968882166953,2857.878799491545,2853.916634558011,2839.110113808744,2820.5093560718533,2805.905625143367,2799.7601904195812,2804.3808145516546,2811.7815516306123,2817.028231361172,2815.7076384071725,2805.722861653368,2788.970834243814,2768.7647968452766,2748.2730225377154,2731.5173408698965,2717.12874610957,2707.968119125069,2700.242274017167,2694.8186609396935,2695.9540398043455,2706.6859899321607,2728.63240852613,2761.923124064622,2804.984765467894,2855.3533221753173,2909.7482265930807,2964.3446720924994,3015.1042656671507,3058.295750923279,3091.14544476067,3114.108527602438,3131.5560737314763,3147.5008424006055,3163.0048760213886,3178.873555864407,3199.121220693014,3225.3462616146626,3259.362829594588,3296.402208510667,3333.822106368543,3365.0721803993792,3386.399782144947,3392.6595236608487,3380.1764679661005,3351.421610379359,3316.3372065692442,3287.7134938884997,3277.633851527289,3290.7703706802545,3321.6489600677223,3359.7426636126065,3396.719137214671,3434.551715914629,3479.4636854482064,3542.191563537438,3634.133083996052,3761.1462410387057,3922.2365854983454,4106.7729885093995,4299.259407886502,4507.767639022021,4678.348822236307,4776.193090637061,4821.39309698417,4857.140768655955,4932.031311021227,5065.197238349734,5230.135555101576,5365.061267117979,5406.704883244914,5323.709827318515,5134.610766772896
7kg_10bpm,5CA,4639.037597472585,4501.050553334309,4345.797401797494,4265.4264708309465,4316.019070533274,4444.499282228851,4604.34446735486,4757.936826936849,4900.25276273524,5007.877725717853,5062.467360630459,5049.516487120865,4968.440549605576,4853.064307412871,4715.287466819475,4603.4265619402895,4530.478921762465,4481.362593104921,4422.169084573295,4324.6357507701105,4169.147169754289,3962.6873269448697,3729.946814155979,3488.9810124162345,3264.3435964387936,3088.6714950079704,2981.7261889875413,2931.895729450243,2901.3054790620076,2853.2585648690842,2767.404043266041,2633.6123228374777,2459.535749028392,2266.300702697782,2083.7784307627608,1939.3532537418985,1841.4931039871399,1780.0777110030378,1736.2346455949107,1694.1642451408022,1645.7346207285273,1589.4622789808348,1529.4027382485192,1476.7761673965913,1442.050597978826,1432.0177705831807,1448.427730281961,1487.3438302409857,1541.8788533255215,1606.5404693965866,1679.357076421853,1760.9084169627008,1851.194600803939,1949.2736054472164,2053.1174404204326,2159.9995186384735,2267.078089532349,2382.162944550576,2505.8145983206878,2631.0956510436336,2747.131993583011,2844.0875360390746,2921.333045390944,2984.8126302838655,3044.2137036247977,3113.4800786723067,3202.499039692221,3311.9302870176903,3433.5359552769187,3551.540686049397,3646.5800981586763,3703.0677627707023,3711.379819648184,3677.6939848816946,3620.2981104077135,3565.5858608983444,3541.717455536711,3566.3644837049715,3637.890259015048,3735.0746642279364,3818.7451406837467,3860.208924218499,3851.4123416601956,3802.107108845667,3731.6812419767075,3662.4156332931575,3608.640262729503,3575.9819485346447,3571.203431382032,3602.5044911097602,3681.061438967359,3806.477769145302,3963.2779481988737,4125.41756656379,4271.210550257794,4385.342637557589,4465.278425333337,4515.395237557087,4532.97502286902,4490.1811378121065,4337.417713296537
7kg_10bpm,6AB,5072.386110384636,4748.515442684185,4399.893386423304,4089.4876895656284,3877.1435717331333,3797.524946638634,3853.1572137445614,4003.1262243302417,4173.172680262591,4293.9928239706005,4322.246595022262,4242.628275304308,4076.7102730281076,3862.9849072829293,3640.508423821908,3436.8208612805447,3267.049756941894,3119.3372358992815,2989.2729182610938,2860.8814227752487,2721.6145695611413,2563.9619565221587,2382.438115946608,2173.4716491406307,1942.6561197586643,1707.8046695973462,1490.9292663322428,1309.5379926558353,1172.6436090247528,1083.079398139471,1033.6063450273646,1012.9110987925746,1025.8778570495097,1074.2884438386327,1161.971276177638,1280.8410859275482,1416.3791826240297,1556.678701681681,1695.4789226832008,1829.0320141015354,1952.4290642232313,2061.886218501844,2156.6827093333623,2244.9244495989496,2337.486611096791,2443.4078887849964,2567.108029312724,2706.918298503903,2854.9588946453437,3001.7641824089933,3139.9842905317328,3266.4257222484234,3381.416619825964,3485.5151213384424,3576.7498996148975,3651.399822510602,3709.493090157348,3750.1789708714764,3785.2869569332242,3821.6671021561965,3866.356696547263,3916.282732150354,3962.3745622862775,3994.3071245774195,4006.363843479973,4000.709992506576,3987.047613193737,3975.4178880992476,3971.5841806523304,3980.4739358962993,4004.5519020593115,4039.664306286653,4077.5407368893366,4106.433878776974,4111.494464922276,4095.170214524754,4068.108219222414,4043.3210385361244,4035.0195205858186,4050.0992853285697,4088.1218274351036,4145.086924161166,4218.7190261336955,4304.058183281848,4393.882487181859,4478.142794611644,4545.635227379241,4587.848547163871,4595.381084928853,4570.465665772278,4525.712695187722,4454.227799711685,4384.5546088279,4344.603399476259,4343.097438610304,4384.761757657838,4472.438281541005,4618.472599009958,4814.030776570788,5029.981802020232,5223.445861852235
7kg_10bpm,6BC,4968.649219018527,4858.864372663162,4629.477705634625,4329.012634647566,4106.889726968433,3963.9800651884834,3883.3718922881612,3869.5960250319768,3904.958790040433,3950.6380041608795,3970.4528440698414,3942.33688001375,3865.1904485356367,3757.4763482064527,3644.4860460503724,3545.852270029541,3471.388916135806,3409.1682480792706,3346.3413966067633,3272.5910321485417,3186.6982148421766,3093.2417478712377,3009.9638230047494,2945.303233474835,2905.105244301762,2886.451131601299,2879.9356676115526,2871.599478405031,2850.589130347528,2813.9233700454774,2766.9228056980637,2721.5271982641907,2688.6160528877845,2674.6656728719454,2681.310044580447,2700.574033717616,2725.0257305627197,2745.168258544538,2753.3121133749546,2744.346682209324,2716.9656182111967,2675.3219148442167,2627.3898310868058,2583.3847922852437,2552.346473026037,2538.2995423395446,2539.5747075745007,2552.6873076936545,2575.756761140432,2609.100826842962,2653.0923554945844,2707.2640055784723,2766.9416245866796,2829.604948449643,2890.416568259078,2945.974963094689,2996.0856563699467,3042.434337981688,3087.1361107667726,3134.16744983791,3188.519704057007,3256.1126304109293,3331.736093147905,3419.766972593534,3507.0417122369468,3584.264893860337,3642.747919008287,3678.1031638768395,3695.576350777222,3702.5710410934216,3708.809951903891,3719.3237283751278,3731.2346062216434,3739.1298013955625,3734.533296603246,3711.4001144473013,3673.624949653099,3629.556099593514,3583.5024123830485,3542.871006208268,3514.1800459213946,3507.953156643214,3531.8485626625243,3592.7135811052326,3689.665335909728,3810.779753294863,3937.5758748501257,4042.492707053497,4106.212355905788,4120.162662362469,4097.961046231919,4074.307817974067,4087.600427495753,4165.389105043778,4322.499616357717,4551.454888965817,4826.98916489183,5089.858244015827,5304.872556579433,5445.5297353591695,5488.525273494027
7kg_10bpm,6CA,4823.637300671636,4641.388797080348,4463.966070915345,4351.601561986905,4335.217195947105,4411.210980280433,4553.255283902177,4706.11500164937,4845.15041642956,4931.785756836016,4952.948378240242,4922.612481760507,4872.244794067857,4837.8582705409,4820.7420764732215,4802.180052394602,4772.463516814077,4718.721969721168,4634.833936910097,4532.092989820074,4414.438309332735,4286.525508343978,4154.631535585395,4009.8383350942813,3851.4429179910217,3679.355496676373,3508.813965765123,3357.3297654533167,3230.4843441253443,3122.3889554347156,3019.6315565021723,2906.627862408585,2773.3277543083655,2617.060761041069,2440.4481030200172,2250.848844972392,2056.433692095315,1869.9696924170407,1707.055013839927,1579.765111838218,1500.1588270027355,1463.6739996727222,1451.5014426493958,1437.9543936321634,1407.9815131142004,1362.7285730444958,1311.195381506889,1264.4490581999855,1233.8258523272818,1228.0654501490976,1253.0350280419323,1310.0822482876451,1393.7832821728132,1494.3140886724998,1602.0054183404814,1711.9859099157063,1826.5904950210163,1952.7666764190046,2089.099801228741,2233.9236597803606,2384.6717403742286,2537.3260657616843,2683.9886293973045,2814.7496689055874,2923.7212938547864,3011.400766842522,3083.1287663347184,3148.077899560774,3216.392813583547,3294.154380406916,3379.628749080457,3468.5966920360524,3557.708230058945,3650.1908240702887,3743.709640831393,3830.6369610441348,3899.3508633672545,3936.9672480066465,3933.374823991714,3887.635382068548,3810.8046820853915,3722.376508673253,3644.667743159703,3590.720656819164,3564.9534991767678,3569.2900720042535,3604.162662307818,3670.995552878309,3764.1622488006965,3870.180592964091,3969.5126158172125,4041.2549603779057,4068.5769161062253,4052.09607363177,4013.2134318074454,3983.4610362682206,3990.908997867482,4038.1898675107277,4106.522531623973,4157.870813418903,4148.052401593527
7kg_10bpm,7AB,4866.990374977714,4617.584650108631,4369.48634997543,4159.419800019674,4021.9684705010836,3983.779518405433,4050.3593099107225,4190.911406315257,4340.018624354191,4421.999183380229,4390.834985747126,4253.473833294929,4045.782962545325,3812.6410372583714,3586.905420483658,3379.8101137036433,3197.3863348731047,3034.1178881054807,2877.737214856826,2718.90723843527,2552.972286597143,2377.072183425016,2184.522530643422,1977.4884028657814,1765.7130997637842,1563.2619464922388,1385.1349361086222,1240.093820558001,1134.2699829674518,1067.0640588703423,1046.2740102913847,1074.058797568233,1138.189739837879,1227.8817958485918,1336.4048091061013,1465.8348267504755,1610.7785191072055,1757.8573654258457,1894.4749039386465,2015.2213134493911,2124.47218843078,2230.8000926137715,2340.39977653101,2452.7236876195225,2562.865953150604,2664.702977120903,2755.39598975414,2835.2845637835735,2925.1286980420864,3032.4897832898364,3150.350063700457,3263.2253809775925,3358.8238523582722,3432.0109223051404,3490.164746469231,3542.755458342222,3595.95518485762,3655.597817279487,3720.643557603079,3787.27574483813,3846.898900872863,3892.5051929381984,3923.369047007823,3948.2818688232564,3974.4965097517606,4004.329575895904,4030.127505340172,4044.9117243361943,4049.8971460067737,4058.6736557228974,4087.660359802249,4144.996207414635,4221.594892020139,4297.530727663307,4350.254101344665,4364.187634013565,4341.339275339418,4293.3302816219175,4231.388778958172,4165.344193327292,4096.257528826825,4030.5514187798794,3974.2019023531425,3935.51107155964,3924.9990597863125,3952.193688883834,4038.250213788888,4157.79235585734,4277.731998008311,4360.234042727637,4378.949284036966,4332.2295144310765,4236.785261054723,4140.32621158206,4102.2726484610275,4170.341873442609,4362.021855233859,4660.15104619247,4989.263444145701,5255.155815100099,5390.07530200906
7kg_10bpm,7BC,4970.460851229092,4764.747197300697,4459.811750060887,4140.828046695124,3931.521323760736,3806.7327215985397,3773.8991023415715,3815.8885444346706,3885.9225579803065,3931.1054903136583,3913.685950079408,3832.049921637601,3711.1021764977027,3587.1058494106637,3487.3035191081185,3416.2167799681115,3363.405449072581,3305.97301460158,3229.3211565137344,3134.601382083503,3036.3811100969474,2946.389457886569,2873.1274338906346,2816.4313326999254,2765.8279314171477,2717.66026044003,2671.4628987456226,2634.660563186407,2617.904674744444,2631.2940500268724,2675.7117767413492,2739.7238536446503,2809.8706075649666,2866.43916528381,2900.572166764436,2913.9210917077357,2914.1344145184758,2909.2689150163483,2903.897476089333,2899.1677947392973,2895.977605279775,2897.9401831458954,2910.809421139293,2935.035764204557,2964.401387414876,2989.188021405332,3001.9264386386576,3002.5573638365886,2997.8383324449323,2999.623538726294,3015.48411677447,3045.531233875669,3082.360265984842,3109.4546199226284,3119.217976850473,3111.7411344117772,3097.4772384197045,3092.2238806832215,3110.6204499610863,3155.440044811227,3219.7833836942527,3291.1119117326975,3356.4216266612552,3406.8193036518624,3440.124091738014,3461.7937106657064,3476.999191284432,3490.895438440347,3500.410301940557,3508.07661158803,3511.109801086639,3508.7478329412943,3501.1091591492277,3489.7731926339916,3480.7266425036373,3481.1839588887788,3493.1927521225452,3510.1228974976457,3521.957451931218,3517.58234922843,3490.7585893513497,3449.1440234187307,3410.094804152836,3400.45282033264,3443.1003261956744,3545.533183831909,3694.7740260746486,3863.663745119099,4015.157540059077,4116.520079624678,4149.952442103462,4129.236098597644,4093.2066117967333,4092.418943968344,4170.56549600989,4346.7071643730815,4619.379357582924,4932.563653116574,5191.174669679843,5331.29622694222,5311.097767660374
7kg_10bpm,7CA,4867.5737504086865,4826.453092316124,4692.825477972215,4510.035165403832,4372.625806921019,4301.113646364359,4322.166793004689,4431.452260720959,4583.868601208869,4720.432393067711,4796.850622180402,4798.464671184429,4740.24420570523,4659.212338209603,4574.511751286884,4473.789803405743,4338.916004665527,4171.014212460396,3996.2370020277067,3843.7625207091137,3728.9074234213936,3667.191258931295,3642.8385076072927,3639.020493727765,3633.734784429876,3611.8432707044485,3581.926325257832,3553.560466201818,3526.154137813742,3488.916257823764,3422.421223284689,3306.193225465686,3134.9202862315333,2918.865951953531,2684.0607166680434,2459.425033620572,2259.2517204543096,2080.748675269774,1928.662103139683,1797.3660660564976,1679.9117198624808,1573.8801991120595,1472.2522914655137,1365.9674870722808,1252.891918034797,1147.0349911087396,1068.0306304811736,1034.8749694750318,1058.4686596592728,1139.2496973316602,1252.3536494355903,1361.5272820464472,1454.3289820103907,1540.60951725208,1630.4540897545505,1732.1792351111917,1847.779385878534,1978.0342735427266,2123.659954983403,2284.4858400047196,2458.0158440768682,2638.239289290949,2815.0656814683994,2976.3404166681908,3107.3654166706647,3198.7493736423903,3257.882351958905,3300.8220787519613,3342.515339264956,3392.0704854297546,3449.9131849666906,3510.084612156255,3568.562509037478,3629.9575356719906,3696.805140249604,3756.361877822384,3799.5461363153695,3819.2563688892274,3819.4829689055023,3812.948918323109,3810.069364655444,3810.990306680352,3810.603006757455,3799.3861043654238,3772.936671482145,3735.1787851853715,3696.9025094924195,3664.814092911596,3644.284482977662,3646.2250836484063,3684.860956109718,3766.860229042965,3889.4084252079797,4035.3098576537604,4177.754365098194,4288.921991801087,4357.875659489503,4384.179393566779,4364.634960345818,4279.438747319708,4103.695786696075
7kg_10bpm,8AB,5231.629945553565,4887.026777709737,4487.807213905776,4113.140181536123,3843.3968020368893,3729.3092354733553,3771.4055258289454,3908.893820942287,4071.0034263275024,4194.80725977069,4248.334513841167,4218.357618502003,4108.378614123469,3947.700677392676,3756.9567855484056,3555.8804426684683,3352.4496240719413,3147.534230567881,2942.7350269136205,2736.0982596383396,2533.644861329729,2347.6869984434243,2186.9179995457503,2050.8464661218477,1936.6490160950732,1837.2052339979316,1739.8303680737197,1641.114754410124,1546.0410058080683,1466.0374760445568,1412.580850699624,1381.6511152545163,1368.1954206754076,1381.8549384411087,1431.32471315722,1520.0023982598325,1639.0962820422883,1770.4537099375839,1900.0906254770553,2021.313468884739,2132.6723780146303,2239.4078785716765,2353.29171522595,2484.4293787324364,2629.8282335050053,2775.722971775581,2908.901080907929,3023.6501007426796,3124.7394346274664,3222.2360946470785,3322.4627924403057,3425.0061331178913,3512.312532451251,3579.215098844216,3615.98051139158,3629.7089687201105,3635.046973911746,3646.8671247061384,3675.0403910175155,3715.1143580112703,3765.2538483897333,3814.154989892085,3856.3169864343477,3892.951868648024,3925.0660475200248,3950.24378476261,3965.119179519484,3972.3478738257045,3978.308816293918,3984.8124935418746,3989.9001291154977,3990.2544791187424,3993.654752238958,4011.517288047575,4044.7907869719916,4089.507121391825,4135.397529379459,4167.33279635179,4172.770759010014,4146.084663833781,4091.1150365624376,4024.386937855002,3960.205739185368,3911.063289253997,3885.9410515319732,3892.3453084042217,3933.2189287504993,4014.0714812788583,4130.77569508955,4265.291501733234,4392.081236268546,4471.181652874541,4476.3669748088205,4419.183039413189,4353.952130938966,4333.645222204875,4406.1202508672695,4603.158329198809,4887.697304114173,5166.716143578386,5347.3118727629435
7kg_10bpm,8BC,4649.231859224182,4557.278717347122,4393.576901402728,4211.255186290141,4076.112844529836,3993.587347471649,3962.4377200964473,3981.715370392778,4028.091757984754,4063.769137068522,4045.981307041246,3953.236331393547,3798.412870628505,3620.4322399073344,3463.922951615742,3348.00771193306,3263.22015458322,3194.647993963579,3133.5987258787927,3080.0577298663115,3035.5955075011666,3000.07448775797,2965.2380846150404,2920.90570874884,2861.4015742926917,2789.2691574949104,2715.6646640250588,2656.6109201538247,2627.216802398854,2635.268337572494,2676.197155452306,2732.8716415790423,2785.256793260305,2814.7479620364084,2813.9890207991384,2790.4832368649018,2761.290071523284,2747.6661154124495,2759.7683714104755,2792.5682126459874,2832.353623307236,2867.3777799058307,2892.398697087776,2910.011140344629,2923.809730051154,2934.1276338724747,2939.390856920114,2938.59012315328,2931.810260393511,2922.144479422971,2915.7436044272386,2919.9420326407335,2939.178580461798,2968.661442026122,2997.585407291458,3019.5152422045726,3036.6060362997464,3057.120653842182,3089.9569584695,3137.209459026809,3195.01434024203,3255.6509472766397,3309.6908400413076,3353.222371232088,3387.42365512809,3421.9542375734004,3464.6217274273754,3519.6703509200224,3585.8493191283656,3655.126109488612,3712.56483757263,3742.3843465843365,3739.9012692980773,3706.379439688392,3652.9846855989704,3596.5806532479364,3544.6445086732647,3501.3262751170414,3464.4949902855597,3433.1570083734714,3407.550906837109,3386.207564400907,3376.3871429094174,3387.049689792676,3428.950298317124,3503.6524604566266,3601.395339850512,3701.013727471002,3784.8693925570938,3847.9411851740892,3897.5179426074933,3949.995784274576,4013.151771314165,4090.717736198606,4182.24270631527,4291.16720976002,4420.061463303566,4568.650539667079,4742.753690961876,4941.169665592206,5039.455127622268
7kg_10bpm,8CA,3968.6861508465518,3854.702231429403,3807.948556640567,3793.7146742850446,3785.119063280764,3795.09303050897,3852.874465295664,3979.0696179681577,4248.321448572667,4528.573409384783,4719.645297378196,4767.687929133889,4696.862403454174,4573.189530815363,4483.886387255754,4471.385367703517,4519.15933466602,4571.895279930279,4568.98769860326,4504.647993278736,4412.786655703945,4324.9444200798725,4240.810935599967,4143.451683315543,4017.3821351221563,3838.4861673139135,3618.1780708148967,3395.5455360657893,3226.1696479346297,3130.849772487839,3087.702560334638,3061.6636519381336,3009.7277145722846,2893.233467325595,2702.8857905271684,2464.5770219660967,2221.9741901383222,2009.2514340128544,1841.7545626250428,1702.285349586091,1573.8141312808032,1451.072524300688,1340.3214173017277,1264.7232956585974,1259.738099997224,1334.7539624232313,1458.635929501081,1587.5994547358769,1685.0816177135962,1731.5262900689954,1753.1607694084505,1803.4091457159823,1902.399170217739,2027.4218114203393,2143.45723490047,2228.5867980490552,2295.0263943836862,2375.5523815347906,2496.8863591964287,2664.1639814746886,2856.2206437716036,3039.875313128739,3189.366196058371,3290.74735924068,3338.7210004094163,3351.913638856789,3365.062230515093,3401.7476353877205,3460.550491035568,3519.4552818910215,3564.2881334975827,3604.6103419819083,3656.161565251736,3723.939933159081,3796.114671128256,3837.445009181785,3824.0643853510946,3763.08785028003,3680.8379433594528,3601.250614449254,3548.7822848929573,3530.3005083104094,3543.0375598976534,3575.5925292736556,3608.5906493958933,3630.6423803009193,3642.5139072428988,3642.41223333806,3626.8622004098384,3594.8451889874664,3557.7170377159878,3540.314384830054,3568.2571284910514,3658.7908063876807,3815.2031167181203,4007.834430130472,4171.492383786886,4267.572188147846,4297.586639007306,4269.579043518463,4171.415622647406
7kg_10bpm,9BC,4383.595319338043,4192.221834730808,4012.7204603254468,3881.3053092168802,3811.998915641967,3797.1605710573986,3809.224114845445,3827.484442642433,3838.514701913534,3824.4493569308083,3773.6154253813634,3683.41275823981,3575.556802596186,3470.802141918077,3382.134046121062,3310.2928805522106,3254.21670555831,3214.7674433978545,3187.9857364473337,3164.944275672529,3137.4774561549107,3104.9741375278286,3068.2036639315356,3026.5902600474515,2982.0477597695963,2941.6098094167514,2912.058440129254,2893.2334025728715,2878.859267142405,2864.5971650905817,2853.5701012219083,2854.5600414840924,2874.4253154873963,2911.277135051063,2949.5590683553446,2980.580845798945,2999.863614921565,3008.6684115417975,3009.053146718969,3002.615344336954,2989.082651722052,2967.870250382897,2941.885550985089,2918.9576994667555,2907.034165162219,2910.076721967135,2923.356686701758,2935.6188850761546,2936.828190908524,2925.1453180369062,2910.6045606626253,2909.3526163259335,2933.934711127552,2983.9417856747996,3046.6334651260863,3103.8698035393572,3140.5941894500256,3153.921724339498,3151.646249016611,3151.1994885925074,3162.31936681838,3189.542014933615,3228.6822935776386,3270.9569969369727,3310.9817210426145,3345.8736705705387,3376.1138045616717,3399.3247834542494,3419.691353588197,3439.0209638433994,3455.3087653130256,3464.700555796554,3462.9983857671673,3450.127802605156,3431.951459536426,3419.921334431987,3421.6739085350223,3436.9090817902475,3450.2231008611866,3449.879956731359,3427.5613485639396,3394.314909273682,3366.0144662448906,3359.7093074331915,3394.627853165743,3476.3002389904177,3597.201581821528,3730.8532377748206,3843.468173931232,3908.754943548051,3919.2383597877733,3888.4702722132465,3842.4100337209966,3820.440135159907,3861.004044806557,3988.9640201473308,4203.096501735106,4462.882391939729,4719.009674731002,4893.29335524574,4883.850964092356
7kg_10bpm,9CA,4249.5612310852775,4151.337393870581,4046.938363723526,3978.6988277191817,4002.4536939638538,4130.200350760454,4223.532577242032,4333.238091033815,4464.332944931432,4584.506959085728,4661.249242938226,4675.326245046631,4647.944824939463,4639.532649214669,4647.483093943561,4660.585680779594,4661.2919979021935,4621.546181211782,4519.17412387174,4371.680676414526,4199.677358219503,4017.099351541495,3836.0278063425662,3665.390044004228,3481.647518324113,3273.676412915121,3045.0650795421243,2830.697653591767,2641.1805665547636,2464.125969437041,2275.0636552031706,2072.4606467398626,1883.6480475285407,1749.1135901733692,1677.397616937567,1631.6060592868935,1566.3503904288555,1457.5940895868018,1315.6018912257528,1177.0082004295962,1087.3263692400678,1083.9264923975543,1176.6193005233563,1334.1503094991267,1506.6620299172835,1674.0066939681344,1833.8583578734251,1972.258717145204,2078.3626913846883,2153.1709508407125,2207.497286223746,2265.0021877093145,2338.7457618805342,2429.2962859426043,2529.710430445938,2625.0718566836126,2699.1505593141896,2756.1084998361757,2822.1462904392847,2912.083612030201,3016.954474253301,3124.3269630681402,3219.9637170345927,3293.3750892600797,3347.3199406956905,3403.428650390278,3506.7974190376945,3665.6785360225394,3814.8793913438367,3867.8361695630847,3796.2947136073044,3643.1270712178484,3476.505235000675,3350.457459183202,3293.6639849307967,3303.8983449162465,3356.8746836210703,3410.345320745044,3442.0343239277113,3464.2925933181345,3508.391911704284,3578.354720590724,3645.292233874802,3677.2739313710595,3669.743834488366,3641.9075101976778,3614.5744210770454,3592.9545363940724,3577.8809889762233,3580.2285585162194,3616.7839338740614,3693.736126568233,3791.4876817941936,3870.6571315201227,3919.9704696013223,3984.5877142311756,4119.137941655495,4311.528396905747,4460.299209953007,4423.3513824000775,4150.133837310494
7kg_16bpm,10AB,4456.962121054578,4285.93533564574,4055.5662678827894,3824.247007664539,3642.825823582807,3549.8242800135254,3548.9699047150634,3619.2231278024456,3709.844258338607,3765.419474187986,3751.116630822464,3676.1453100089807,3544.0154310515427,3375.620244590169,3190.446747335841,3000.1792763687863,2809.149726335666,2615.6932552394105,2414.322997612046,2199.2181747819877,1972.3520479885183,1733.325049402707,1497.3470191357587,1296.0088424520577,1121.7867428611398,972.0724117709918,848.752786017286,752.7973450501706,726.764897775569,775.9881254648963,866.2814652972187,985.2885083136013,1119.106120853224,1256.1185288813697,1385.4350136585717,1500.6701106470807,1600.1673288765658,1684.3300777641202,1755.2477856369578,1815.2978860622045,1866.0961951252514,1909.99373223542,1949.1277306108625,1986.1112647975197,2026.1634831753715,2075.845329173176,2140.3483488738743,2224.897292527522,2332.762573551768,2457.544379069182,2598.083597139593,2747.9392336939645,2896.340419958857,3032.9775697558357,3152.31970318177,3253.3075309497412,3337.876654093804,3411.388450062844,3474.465651293214,3537.073225305298,3598.6586184671087,3654.3972329044873,3704.035222647503,3744.4330117287964,3779.151865287937,3811.491729380898,3852.350663959458,3904.5593185821717,3967.1855295529267,4036.3408152008215,4104.3887196614,4164.87231844968,4211.983232682171,4239.616402850686,4249.755574981278,4241.775049267951,4215.654829916649,4173.114678990263,4118.03518397209,4058.700861083091,4009.088584734355,3986.9091479094964,4008.8256669158527,4083.2694815894874,4202.2433295413575,4343.12488653,4470.42153249798,4551.659558576524,4571.80756571947,4538.16262774,4491.706705719474,4486.770537748899,4567.08492211451,4763.249476454215,5032.175306906417,5297.951391098131,5481.908447680043,5520.209060619997,5405.449398248958,5179.023394666943,4903.5271882837205
7kg_16bpm,10BC,4805.456350017348,4711.665229583848,4547.080151850315,4338.540888376159,4166.083923746067,4021.167140491693,3908.910489533111,3840.008587797295,3816.6513693196775,3828.7392308186018,3856.3319364750605,3876.9356585507976,3874.1754209740134,3840.1026179702426,3773.475136014209,3683.359846065982,3577.101626980076,3466.687808156978,3357.9002205613324,3255.560333649569,3162.5972943314446,3078.6794570918587,3007.5755331952982,2947.2302181723226,2897.1693860341707,2856.0552298145135,2816.4089248437404,2772.0615985920717,2722.2232966437937,2667.78703415469,2612.5393853544283,2559.475041334483,2512.557130118251,2473.9129009568583,2444.1763529697882,2423.1978513650383,2410.8576518426,2407.291992174678,2411.5321358094466,2422.916089229834,2441.3359010052177,2467.0860333589762,2497.454176792479,2528.335736450001,2557.20044089633,2582.4043936859143,2604.1192333776085,2622.25633472661,2636.613665705379,2648.6063266528295,2661.1017367405184,2679.5500376977507,2704.0862288204085,2740.9736185533193,2791.266870042411,2852.569120161688,2917.518837904961,2982.0953707224235,3041.009562689608,3089.8193271987825,3129.092746151997,3157.4194105370334,3181.576549001789,3203.7816900058747,3228.2972306241454,3254.762303996595,3284.8401929479205,3319.9984699966976,3357.686257407844,3399.1933720061716,3440.916795120428,3479.781363426481,3514.796504960498,3543.0037955644343,3563.030002110289,3573.211949071195,3572.0831973568893,3557.723251580504,3527.5143115845517,3487.1403449161435,3443.100182594456,3404.6384190645026,3386.962162716687,3401.3568013761296,3456.0242747764787,3553.130315507323,3683.5678996230704,3831.5303538623507,3981.1370965443602,4117.388436924322,4239.835400183189,4354.0134506315935,4468.3336675447,4591.43279883835,4719.846066959584,4839.465132858237,4928.55189569402,4964.061473319682,4932.445415918418,4838.536370832694,4700.119577420448
7kg_16bpm,10CA,4792.458014453472,4868.267258696277,4863.773329920462,4772.783584508826,4621.95360281797,4518.070195774386,4478.6280802679175,4473.264369535852,4496.667522369172,4551.295679532184,4577.126010299198,4570.783940223667,4542.38978845922,4471.734809221148,4391.16612816927,4321.612524105655,4266.953888201022,4211.351511262829,4137.050883425044,4035.936675050569,3933.1656871334117,3852.295864749502,3809.3813318235316,3787.9575146647717,3782.909799868123,3786.5579531890207,3795.5775452045377,3804.7830158863703,3805.1639313914357,3786.3875446979046,3740.1753300364203,3668.344692036344,3572.4592352157965,3449.876874655116,3299.7608283803525,3121.8350862445404,2926.0032734743063,2727.7595872141765,2539.918042106744,2366.653847827458,2194.6077073514084,2024.7024599664285,1860.8182197609938,1711.870465231371,1589.3779979683427,1498.0972045045078,1430.3160650321647,1375.8577358281448,1327.441495088994,1280.9521728159773,1241.6430823816572,1218.045049118367,1219.0923255416292,1240.219002235887,1276.3777417685276,1322.6106687288136,1373.773806464051,1425.5047263621193,1476.6725973703237,1530.4291473100268,1592.7121103881186,1669.1356314203736,1762.4679136162604,1874.017236613473,1997.3951093409703,2129.020147024175,2271.4524463197477,2422.0308057587986,2569.743292557878,2700.7694256046657,2805.50867108494,2879.704079232609,2922.7334356152437,2940.1670612761272,2945.5647361249885,2954.6106331137407,2978.797855879102,3023.95988648036,3089.886055440477,3170.1570701667033,3254.567811501186,3336.501186660391,3420.48180426827,3517.981117732959,3629.010903529083,3746.660571132167,3853.5421790724113,3932.956178534943,3968.217262910372,3955.325186415741,3901.2368753991987,3820.9558491810258,3729.464752219108,3650.4348172408822,3609.4920254681692,3625.0050769401796,3694.1248258971195,3791.1817404475523,3879.8564345182326,3930.3331552345962,3922.5549509589046
7kg_16bpm,1AB,4513.313696242735,4290.640740180522,4057.429334156552,3853.013378048375,3709.0904077394744,3656.7035937600967,3698.2486390690938,3808.6288095903906,3938.7732308397517,4038.817184854158,4075.1299265060816,4041.8631165339584,3951.6568490545314,3830.606254951007,3705.773920327496,3571.8294175845513,3426.3780824765618,3266.4009167047293,3095.690101238504,2920.880207723043,2745.6696813518083,2570.390531482232,2393.197253797737,2213.4183505784754,2034.3474819873377,1859.501317791288,1694.5651509152901,1550.3099823908483,1433.3868691876999,1350.5093934406225,1297.3576161372353,1266.404780269352,1259.8581976994317,1279.484696828964,1320.6620267633705,1379.8332711786602,1450.55135400585,1526.6086715277888,1602.6624211905246,1676.8849117783916,1752.288934643504,1831.769015612592,1918.1363659919966,2012.858663661977,2119.4839860893717,2243.5583003061147,2390.9030518076597,2561.8935771305487,2744.645834451561,2914.8470844405374,3053.466056636451,3155.105596216022,3228.5070252709593,3288.528082414452,3348.2777157496344,3417.037449896745,3495.03320528737,3585.5601699228823,3687.449438676923,3791.1205047726658,3886.8783575631487,3960.233521751928,4004.1509014140574,4013.629728027782,4000.880969482052,3979.6107121971772,3963.8233806331896,3964.329025127645,3979.520029373983,4005.899399606724,4034.455758593105,4054.9102589739955,4064.8621931256935,4061.6785928488357,4048.70529494923,4035.468771588428,4035.5329449099922,4036.349961491308,4034.202408062175,4025.3716776298406,4009.787503378335,3993.9469867451267,3991.5544354069457,4027.4185430331095,4105.975317167384,4214.206765085388,4333.164916378441,4449.271709923177,4579.435491515762,4694.310410378054,4777.171072018596,4798.195908852435,4753.8041953087,4689.046042757375,4670.158934152692,4727.576997236223,4830.187436471964,4912.519658765435,4927.133292644535,4858.859953468411,4721.711469273819
7kg_16bpm,1BC,4829.177487546231,4680.367597174608,4478.377209034987,4258.449209114444,4117.079719905603,4019.09855017325,3960.318626248244,3939.364922908811,3942.649378429701,3953.970103315675,3953.8491735492426,3923.1677768035966,3853.366599126139,3748.6959950535515,3630.8375561450102,3520.0901715767927,3435.0363867524434,3380.3893853931645,3351.0189570412526,3330.3051877142498,3303.983873959347,3263.3431756943664,3201.8096470511514,3125.519583041753,3040.7233518788853,2952.8351760658697,2868.7884248074392,2795.109960122662,2740.3906271913056,2706.0216646218664,2699.4844452871407,2719.1890288196155,2759.9007683917825,2810.4938873088186,2857.3825140937074,2885.842503942001,2891.376675226788,2873.1856490269893,2838.6851860750867,2799.483574199495,2766.2005938534335,2744.9368477998164,2736.539040749839,2738.122600708191,2745.057498691995,2752.835056189079,2760.3126229795803,2769.741561830211,2784.733991247838,2808.3970016802696,2841.486175995974,2882.7857006872705,2930.2286694092036,2983.438856324277,3039.193901142214,3095.8091749146456,3148.2183507150153,3190.363965580382,3216.589631125966,3224.7729244199277,3218.1262737524644,3205.032911849421,3195.4856508462854,3198.393019359507,3216.5429302921193,3246.965936823387,3285.5869818636925,3319.4218105363484,3342.5339531610884,3352.610892025736,3350.3666933913696,3341.855370592126,3330.4398098352103,3319.666558412291,3311.773131342192,3307.601205460075,3309.6031582019523,3322.3108045862673,3351.5238404436645,3403.8384974532046,3479.917316862936,3578.55522456176,3686.4558783430352,3788.956052659879,3868.21560994099,3908.6021410649637,3910.130824756168,3882.627680314773,3849.4676707194517,3840.885087177627,3883.8016892494406,3996.713732235298,4180.623617026602,4414.98778204361,4664.478153988244,4890.971751290377,5066.782615158077,5132.831871412366,5075.521397565442,4910.147122789326,4673.556272422148
7kg_16bpm,1CA,4635.108315978424,4418.637536892687,4255.020928084273,4193.680981388372,4230.922525319441,4311.911946368331,4445.433878597291,4557.357712604096,4610.297939183147,4610.956988323401,4588.771769483261,4582.180554846864,4593.034116845534,4621.104836878709,4642.674573319848,4647.061419858986,4610.166987159124,4535.680557858779,4444.339007120574,4362.137894044051,4286.100496969992,4197.243388606011,4079.9964662772795,3929.9681789857623,3747.3664413892056,3538.703384476322,3304.626764400015,3034.9522830569504,2736.020807545417,2433.306918218378,2162.869345230461,1947.2304942255887,1795.9236231753246,1702.2716785615316,1645.5022359297368,1595.031672182282,1527.1610236874099,1445.1005937594434,1371.8190747485314,1330.483412810243,1329.4135488058853,1356.5208417485826,1395.4093535061634,1438.6272456347683,1489.533479403121,1556.535093273798,1646.2042117463325,1757.689861854316,1883.2784945639853,2010.9679769013148,2127.7430868688857,2225.905580116872,2305.3903587902455,2374.6923743676653,2440.350834441063,2506.108784072271,2577.430439888686,2658.9793703172536,2746.281012785083,2830.5311262307046,2910.2431904864793,2991.0081990588606,3075.1142313528976,3162.2267637041264,3250.8552260389424,3335.453500297698,3408.43169401965,3474.9228165083405,3550.955191679829,3652.8086583915883,3788.2783998352093,3942.2707150707283,4070.6429844930244,4117.066971450796,4055.8285825259245,3907.5668734349156,3721.5300654778084,3558.432426620643,3463.8821224232647,3450.2504160724066,3497.438207587989,3568.5160990249115,3635.603167964981,3682.9067687460997,3706.0949518011603,3709.182453055135,3706.318428362282,3716.1695022474105,3758.437513539064,3843.7166703504345,3965.806613351346,4094.1357593476177,4196.589957514295,4262.720082970103,4308.403334033434,4355.58328538279,4408.59959305453,4435.516645782003,4388.887147062222,4249.288943410518,4027.249403480259
7kg_16bpm,2AB,5098.763463639994,4788.855546483126,4491.1964970415,4254.164947557168,4109.014058888596,4057.428716338623,4082.679152736063,4137.88066194196,4188.602000486257,4202.421990919931,4165.079977448419,4072.0843044464896,3934.3083811894626,3772.559971915636,3608.6770797953614,3462.310340223958,3324.3126193405524,3187.49598932358,3040.1162323394383,2867.035395097183,2660.3649995633123,2426.6346631036085,2184.6814300434894,1956.5289332609673,1759.4680570148435,1598.5639406267253,1480.3452697846528,1401.2489653656796,1351.5461703337448,1327.8591396561785,1318.4929127340486,1312.8638903453054,1309.7785353784375,1314.648532641835,1338.4880534401834,1385.505174025548,1452.5187476323035,1533.8278561809389,1623.9498977523856,1721.0034359392055,1826.503650703714,1942.0553839625263,2068.2300766071107,2207.079856076588,2361.514353108829,2524.590820443713,2685.2199704625177,2831.1172972828012,2954.452018757361,3052.852892801681,3128.9227839974656,3190.922243600276,3250.6237454544193,3315.285269744685,3388.608009533041,3472.3962874180247,3570.843035319814,3677.3868380597455,3785.8539453843987,3880.5576223877474,3946.3242959443255,3974.22245954092,3972.1887521849003,3961.0567609421914,3959.062838825897,3972.71338836869,4002.5983471263216,4044.8823496900986,4094.938068907309,4143.144113067788,4174.63106656353,4174.69683320956,4134.800367712023,4056.771926630885,3960.0759214520917,3871.742054872165,3826.987418504829,3835.715707218498,3877.653737447443,3916.115563176428,3923.71036375677,3899.4064062191915,3867.3290697793336,3854.282735386739,3879.375121191865,3944.2399263287202,4040.04692750278,4153.71855193145,4268.751026809451,4372.575717690951,4460.9141726535,4532.406983893159,4601.968577612417,4694.2173544291045,4830.814709986046,4992.116385003508,5131.357479946638,5188.900471340556,5114.76123559607,4924.723755883619,4669.99410245165
7kg_16bpm,2BC,4520.754470126067,4375.622874746534,4235.530363387851,4117.400733752558,4034.4090184478177,3982.369003686839,3953.267103448801,3932.796454941262,3909.1051070413073,3875.833892843113,3830.7599923069497,3777.850227993215,3720.1904788837046,3661.2975802486826,3599.205503618438,3533.597926505168,3464.66286021733,3391.0573894255717,3314.227230890234,3237.3274436615216,3160.4102390332364,3088.917410923764,3022.3960005339927,2961.90039265037,2907.1315345928297,2857.6881745046567,2815.4915905384314,2780.8682573265114,2755.1860244606446,2738.5455191961296,2731.252897169191,2729.624138377147,2731.4568310175923,2732.1692436066455,2727.2915343839873,2715.2943173305257,2694.5821190952042,2668.26109945947,2638.335686152794,2610.5459185731174,2590.672554215483,2582.279051716077,2585.882160166471,2599.4945614219964,2620.0544421089417,2644.869665576146,2671.5175010471507,2699.163346928655,2727.905162264019,2758.8589520428736,2797.292113965935,2843.5471542060686,2897.19901471845,2954.7645818190176,3011.0078287180036,3060.6367335948757,3099.5667797715273,3125.7071689719005,3139.6810923345415,3143.5009496704556,3140.5183908260797,3131.797780410914,3122.1802373231817,3114.7855093846783,3114.607905941212,3123.5455060398695,3143.3466647880546,3171.3006006092683,3204.9037974522716,3238.3641814983675,3266.541988235411,3284.8361384604077,3289.996784391408,3278.5411149631964,3251.0624811671987,3209.8448233320496,3160.308107648518,3111.1460217818585,3073.324973499235,3059.715448304505,3080.3512260879634,3145.4508551900726,3257.93329461315,3414.2154659925686,3604.445866027368,3814.129500470195,4018.3175581192886,4187.69688334783,4297.344256955937,4334.426740947723,4306.652770748788,4244.3797373534035,4190.3815286924055,4184.317891895233,4250.13715538647,4411.346384521329,4608.168785741926,4773.133361069349,4862.1914902426915,4859.351755371848,4778.851492176755
7kg_16bpm,2CA,5407.023209092279,5208.29010043327,4964.722052305628,4760.839282270325,4599.90569575037,4497.103230754452,4447.231525384155,4466.936634166723,4510.268465065675,4557.35259573317,4599.275889492838,4633.037159881929,4654.173102434391,4667.466756841267,4679.1676267718085,4684.709152790466,4691.633495901837,4693.264676882614,4679.58022988196,4640.12813338062,4570.816517534872,4476.428961730416,4370.015297740357,4256.48212308792,4149.46454583334,4057.561517513511,3982.272501772764,3921.532391865675,3867.864965126574,3811.6406670169818,3743.055241344174,3658.90376575785,3559.225199872772,3450.359876139267,3334.612682886663,3214.2366083749957,3088.293076048116,2950.4566359949536,2799.7425589850877,2641.025207809643,2480.449280067536,2323.080266257475,2174.4078982745064,2037.979686821839,1916.8137697310708,1809.677490213294,1709.9011304106307,1611.749381923001,1514.9098504005308,1419.9663817347896,1327.0529499622364,1242.0035834078024,1171.159071834298,1119.1620570491164,1090.2847773177018,1084.7870780476915,1102.198304792603,1139.3280231295116,1191.754421482521,1256.7811861158164,1332.4575486523506,1417.8020487943827,1512.8026081629696,1617.2741457940265,1730.0422800891574,1851.430016101613,1976.7424593538406,2100.4852364149756,2215.898520312984,2318.472542195503,2405.499643742563,2480.3038212579095,2549.3501801820084,2621.176628602526,2704.5991299573307,2806.9767825768736,2931.97055865254,3078.5507141854046,3241.0110213193793,3408.2138732560807,3566.9136477096986,3705.294254793011,3815.1733883737197,3894.0918164310706,3946.7144912768103,3985.913290382815,4017.844115038896,4041.7257101284417,4052.0115435275147,4044.622900984244,4017.3362559132984,3976.804445904506,3936.0784245965956,3917.0713025573186,3938.031680639682,4001.231732941841,4097.775335914299,4201.369312594356,4280.818028552428,4305.7986382896615,4256.957349135906
7kg_16bpm,3AB,4701.107754794534,4690.828417496332,4619.186117712744,4465.021987724991,4245.62169032617,4012.32090423907,3819.8538588749548,3725.0431808830963,3733.130829120266,3822.309065776331,3939.734563573399,4024.886967414032,4034.9613801712144,3963.316985422708,3818.0558883252065,3618.3590718488203,3389.4049143675393,3148.0438971085623,2904.8328622550043,2673.8501039144003,2469.282606357914,2298.906275809674,2159.9019049253297,2042.8324639727339,1936.3431035677943,1829.6740871827271,1721.5843459025086,1611.7323563148254,1492.51829604633,1364.3631453321934,1250.5947539377878,1171.7094861083522,1119.321004442292,1117.822456117612,1162.2537095901332,1237.1325670773465,1332.5939876121906,1440.909162949341,1560.4735563047032,1684.7899916174263,1806.892408043709,1914.8070429230038,1998.0326786554153,2051.1741939431536,2082.9656161414996,2113.6853464512346,2166.0922323175087,2256.5078056917087,2389.0009224677515,2555.857510721614,2741.342030437817,2924.75441318944,3088.232883272285,3221.6366064801864,3322.1164531316576,3397.598833614464,3459.347307071324,3513.8251668378634,3574.141018332037,3643.355930242659,3721.019848750607,3808.549696917801,3893.3958711669125,3963.7753152338764,4009.0430043040733,4027.6717796976245,4027.0144885324444,4017.904232545568,4014.074965057546,4023.622587127385,4050.037542688863,4086.3014169090907,4119.721472603977,4135.349298539796,4126.477910137991,4096.054288888632,4054.944232076607,4019.8854221673582,4002.995085672927,4001.3915576983277,3999.9544370334775,3981.8315403671304,3941.3200518422923,3884.356567513424,3834.8549788311548,3825.182557418895,3886.8427300607177,4035.9317543340235,4268.156482702637,4539.1765337615125,4790.677858049169,4983.14797662077,5093.24341028814,5147.229829473208,5193.734713267068,5279.213774829113,5408.752635232171,5530.096366406453,5563.795399287402,5451.624484763497,5193.110764568483
7kg_16bpm,3BC,4533.7748169137285,4452.039834213725,4374.840650088183,4305.38747306004,4247.993672583538,4203.221256985217,4169.704988535459,4143.9284876694755,4117.960027556845,4085.2115538113917,4040.6362842980498,3984.8019278491574,3919.5491346701197,3849.668318198363,3776.260657764156,3698.3654961244238,3615.0654921480877,3527.1143348255932,3437.2204383595326,3348.203508851116,3263.1937594137917,3181.2898889741937,3106.981799894171,3040.4956911663417,2985.472246750731,2942.960165964757,2911.840847434112,2888.980958693649,2867.4962774757223,2839.510429719716,2803.259910171738,2758.064274720949,2706.0183324494687,2652.223975597988,2602.2084444879692,2563.276742697371,2541.3627636679767,2538.488897495283,2551.7245885395923,2578.5086976232537,2613.3950770380984,2648.6135996331986,2676.252410008098,2690.899835643196,2690.6914341887223,2676.85581625359,2653.069031249448,2624.542431994291,2596.9894853097126,2574.074366967001,2556.6550410496407,2546.249629609342,2544.787387046456,2550.8904518074405,2565.9809570991038,2589.183242412457,2620.4935712214487,2659.49165651233,2704.338080032075,2756.226325076834,2815.1216648866075,2881.925427246997,2955.885297920299,3035.301920347553,3113.729850700594,3188.092392016533,3247.3617065406484,3289.8562174518606,3312.005224322692,3315.965860602893,3306.7965818040366,3290.214549679734,3273.28813879346,3263.2187527173714,3264.923284100732,3277.152204488657,3298.692093787586,3319.141524659564,3332.11851882516,3332.702246797265,3323.1854191897623,3314.5519803448024,3324.749794629529,3375.3681980246206,3476.018548531416,3631.2413786932952,3827.1941938625323,4037.8614793531015,4229.404383163368,4375.812841014976,4467.5114694850035,4516.511582081232,4562.391483963865,4633.4277653968265,4732.996715296868,4861.55162155373,4994.387733460431,5090.77516491651,5118.783883622155,5063.984261029725,4934.332318823154
7kg_16bpm,3CA,5073.485025200807,5021.441879538389,4965.587362011565,4842.871103915179,4647.96397617824,4418.833373714471,4283.982880461774,4254.742729882306,4287.819015609928,4354.420069779086,4408.727203598672,4408.312271853837,4381.798454209079,4357.910459660848,4342.365837251821,4335.374799293982,4345.39185053232,4367.434059391429,4390.150088536264,4403.575277355102,4402.852485492835,4391.97450166659,4380.416174777078,4374.401239525026,4371.856734018043,4358.749742350232,4324.548568085319,4270.59667686794,4188.857090055863,4080.94799761856,3947.467346363806,3795.748746355492,3632.32266308159,3463.3180921666044,3295.086736970194,3133.784975987596,2979.14056261344,2824.0774670580768,2665.5362708667813,2505.7461921499194,2345.8217658981957,2184.6159803661694,2023.2520251498293,1869.1361465361506,1731.733918670631,1618.28783186507,1531.678092409372,1471.137380366145,1428.2158018800271,1391.0218488135556,1351.072769716996,1301.764985656523,1242.8717722307795,1183.4239442280862,1135.6489163427116,1108.0389242363465,1105.0677296718607,1125.7263512286067,1169.9206525075979,1239.826460209764,1337.2532760344914,1461.7064842680954,1608.4928591900612,1765.8164895831865,1917.731586539329,2053.439402304552,2170.706270014984,2271.3751620705843,2361.334056634712,2451.6365597596637,2556.13175882643,2684.24174401869,2833.9769335532187,2992.3397084554094,3137.350155361398,3244.96896355883,3304.6304124327703,3315.168308349527,3299.939073590291,3277.526050609032,3265.7352844253874,3283.608736380154,3343.0321530863257,3437.5866984787967,3544.6285907938554,3635.9737582014586,3690.3616292136,3700.960319349983,3677.2774609652497,3635.971662434694,3598.554540283394,3582.2842038407534,3601.1583639695123,3656.7506876840807,3741.5426387475773,3835.63477643231,3909.7959161756403,3924.6162677918264,3858.9753020626185,3697.2852542834407,3453.202005070299
7kg_16bpm,4AB,4119.962621810227,4046.7617274694676,3920.5121617443488,3760.0622283832713,3603.4065063759936,3485.270449945415,3430.4365309350314,3444.28787650547,3514.1475835398483,3609.955923334453,3692.1865360552,3722.271918692594,3693.1328032533083,3602.6717293784386,3442.628405692572,3231.0987277577974,2993.955691180251,2752.1166160653906,2518.685638585381,2300.571592502306,2102.87564171722,1928.0811977894118,1770.3382332742501,1622.5148228534126,1476.9080224829302,1336.6110027703626,1209.2118070900326,1100.5253657807061,1017.4843852520377,982.5676223080922,968.4571018905277,968.3276411464386,986.0417801114633,1024.8002863885827,1082.7970587555146,1155.1212057027772,1235.406557923671,1316.0627889015802,1391.9927040410987,1463.2722987987304,1532.2717731114888,1601.0417171059944,1670.1868605191453,1744.274423427996,1831.275862910813,1938.4210024568358,2066.0648379231025,2206.425430118231,2346.747323354962,2476.6256218673116,2587.4553650519774,2676.337150578763,2751.39407601506,2823.7491975661883,2905.9151595700873,3008.0526569103104,3134.507238137206,3282.4460345271823,3433.7283729744718,3562.5127341543484,3653.493835715221,3705.9075767777113,3733.961018254591,3753.7727083078034,3777.11412200756,3806.9876502905645,3839.9241684085277,3879.1414548383937,3931.654857230879,4000.688765629477,4082.039978646896,4156.645491700772,4205.247107532844,4224.4129517733645,4219.665703494007,4201.007271845099,4178.7073560189,4161.600050626519,4149.102833143903,4134.871972396332,4112.506828037216,4076.1131207588373,4027.6133086769864,3976.605092793823,3937.37019876034,3928.5743768829634,3967.1646461778223,4067.1418152891833,4230.044595758236,4447.466510935673,4695.251838222794,4941.785254725203,5173.940017475411,5391.7679336430665,5601.7279481963305,5797.6270238600455,5946.3399818935595,6008.900159699636,5935.658342980345,5712.7740865766345,5356.494307046038
7kg_16bpm,4BC,4545.29110294102,4460.722661944284,4385.303072143657,4329.196092472312,4296.029410444309,4283.342337477704,4284.214096617476,4288.222965032792,4284.1726521412875,4263.20915762975,4221.268582581885,4160.104726763636,4085.841514430263,4002.8914526451113,3908.840255756926,3803.5979397018154,3688.5475807395705,3569.4647826692544,3451.676270434755,3341.7834359683197,3243.573490279063,3159.5116182946435,3090.4767437917667,3036.2059918855434,2993.509509398736,2958.898417405465,2924.9511085022637,2885.6174213165245,2834.9532129805084,2770.3883263066054,2696.219436616797,2618.728427525575,2546.378338125386,2486.147244492471,2443.7619704153067,2418.0708504904833,2407.06068296881,2406.443647065794,2409.387157605907,2414.0298080444304,2416.0239895074606,2413.7949227772046,2407.8811787726336,2401.222551076497,2397.776276734421,2400.863177585058,2411.8858859823654,2430.0636908601846,2453.8205230899594,2482.2217374827746,2515.502073766757,2555.154023946922,2603.0575839718995,2659.439438907562,2721.9193760114854,2787.165690051071,2851.887895493399,2913.941071451146,2970.5161512427626,3022.60138301527,3070.7711956220833,3114.1014744157983,3157.1014047438744,3204.0267268701064,3259.2347503217757,3326.3062696888614,3404.05973257736,3488.047029273318,3569.2680604897323,3640.126550330066,3689.798188229387,3710.708135207411,3702.8684223709083,3667.8789329083456,3613.2438112430928,3551.190924606949,3493.1180275070715,3453.992235160119,3442.707110719842,3465.0697713553045,3519.4442212904455,3596.944530786362,3687.3630608018616,3778.4560279357866,3858.690289745742,3919.475954141695,3962.768348856492,3993.8527566371877,4026.343081535663,4074.4228492972165,4154.867125228021,4275.077813316351,4432.305506505354,4612.281203161595,4810.894985894229,4986.315680846773,5086.079719674546,5091.878939003463,5008.795404884224,4865.978862393051,4707.04084216651
7kg_16bpm,4CA,5488.649488140877,5406.7280222885565,5205.985468978204,4992.329981037425,4838.996566050153,4740.186877709936,4662.907846743077,4720.451409807968,4792.8830980785915,4827.465467234191,4832.679172512675,4814.319687153961,4768.737993757522,4726.60631092984,4681.443514737361,4630.533725495709,4570.928078263639,4512.236495989084,4451.358769968692,4380.198417884634,4304.004364373283,4226.649327367296,4155.120509354381,4082.149336123383,3999.5309431585265,3911.184425897854,3827.3599415562535,3758.8439565554413,3707.7839073473533,3675.2977913658783,3656.6662021052653,3641.285290247414,3617.8400095015772,3575.5081367366492,3504.9177168719584,3397.714397021007,3251.4699617532447,3071.633195055102,2870.377798680894,2661.5405647503376,2459.2147453404455,2270.8585761149648,2108.9235555439295,1969.2530140211716,1840.987498851765,1718.126525737684,1592.409659900798,1459.1675776999234,1320.2686032596444,1184.4471631518015,1064.641308356615,978.7320539510149,927.2685943910454,913.7277829490879,934.4359871043737,971.6660996931107,1012.2698882349329,1045.567676298657,1066.7323072774145,1077.8649968546897,1087.4086060788363,1107.230460793616,1148.8742276076412,1218.9658668432073,1317.9460354172675,1442.0555967572745,1578.554915962301,1715.7251883818249,1844.6292666227564,1962.602827968376,2073.7991027303806,2182.7938114335448,2289.7658661687624,2399.0713277280197,2516.1542385810226,2647.285194379402,2796.4195537938995,2963.1464298166825,3143.173629201824,3329.351987137455,3512.274236364082,3679.033791916915,3815.3235605231584,3911.5279941846347,3967.3319842149995,3988.4400359872407,3988.9360208598473,3981.0937112361353,3971.505927211315,3966.1164163571293,3966.5940487173275,3976.604769306319,3997.2841821602547,4024.1914743277925,4059.117741891077,4087.410364015251,4091.2816601490786,4051.3499142878054,3951.1478779834997,3789.9999863440644,3579.5124885607543
7kg_16bpm,5AB,4579.0310204716425,4359.268258763735,4118.747638829678,3897.0050108634646,3736.1178989844,3666.110520691196,3682.6112893199406,3762.8916581978674,3869.3789377471553,3965.4531871534605,4022.148270140018,4014.295773253124,3934.3032682076737,3796.277709673874,3627.6481220151613,3434.8110776682884,3235.124433592625,3034.939046657788,2840.088304661369,2651.5601830453943,2463.493253803682,2270.7117950172774,2074.7641543306236,1882.8470957228633,1698.9348112148493,1529.5960023048358,1377.761051655752,1243.402258462621,1124.124745999762,1021.4615920061177,941.0497690495372,878.8436863094038,830.8386637479982,803.834469154358,795.354053808834,810.1934916473188,851.3125593233244,918.8513420736235,1011.4842508400197,1124.9709270097198,1252.446131294578,1384.459111315972,1511.874637350566,1624.2146937702514,1713.5093931964675,1780.6974733904235,1834.0836772747691,1884.6344687238952,1942.7817847601063,2017.7029594028386,2120.397919500396,2254.741843166174,2416.127189447948,2597.4492907226986,2788.183060603933,2976.7444385469125,3152.2274545490955,3307.380761432,3436.22678498591,3534.254924385228,3594.951992419966,3630.4145470140106,3649.821568292001,3668.801204842989,3695.631871068749,3730.6377447478276,3769.1027864764446,3806.9693057864033,3837.765264688869,3859.217583894136,3872.885469905239,3874.9104448115763,3864.956024624282,3848.55546198465,3838.3267557527092,3849.3142660302665,3884.5366061272075,3936.046001761727,3990.853064869315,4038.705426994457,4070.3273259838734,4082.855250896468,4076.6275373147105,4062.668179918046,4060.8158129394874,4094.663879473614,4185.728269775152,4347.748648151139,4587.8055915912355,4886.00598892318,5201.281436521869,5498.37985745111,5759.400994263096,5983.231004068439,6180.443434045495,6360.0129562322645,6490.866648041128,6527.878752198951,6411.546960325622,6119.858929465775,5686.965109250779
7kg_16bpm,5BC,4923.279475505189,4770.6376822777465,4601.594074388501,4455.078728056662,4330.875484289556,4236.701110055419,4175.511902132949,4143.410745835822,4131.945989013631,4130.01698261081,4125.896194075654,4110.220503034191,4074.5571971200147,4015.023092238669,3931.032613668923,3831.6260441063187,3728.121850172052,3631.064525129621,3547.1560925456993,3477.7744809491564,3420.714872740531,3370.844069644736,3321.7992433227573,3268.1122086047403,3206.2320872402056,3135.8303577506217,3056.0299778001627,2972.1358020288058,2886.23900165163,2797.7132481637927,2710.9467043218233,2627.187061617302,2550.534026262884,2484.750669674506,2434.0940346121915,2400.7862666282604,2385.3256697580105,2386.410382293703,2398.8802298525784,2417.642340775268,2437.8307957611205,2455.9631107962628,2470.160458068314,2480.283514847832,2485.2243953518073,2488.4949531989196,2490.064975723455,2490.5457540266943,2491.715325382764,2492.921503856054,2499.6799473386027,2512.6991814844205,2532.1447346418404,2558.1454669561635,2585.5243178947517,2616.5653500644667,2647.393308099444,2679.6222322623044,2712.543815542118,2747.481234095922,2782.91087622206,2817.5703485690774,2851.4060513765166,2884.553438957961,2917.2679464864314,2952.3471768750674,2991.1451725077145,3036.747750519399,3088.5738210352365,3145.9997843258616,3206.9573465600406,3269.166424763055,3328.893659395873,3381.308329070683,3425.048833272902,3454.984737432622,3466.1410359596916,3459.521716414008,3436.035270858525,3404.381660784721,3372.7942927428194,3354.798198429067,3363.0549871934463,3411.623941595785,3511.5805835729648,3666.678752485588,3872.0190246750126,4113.691112085453,4371.985321502944,4623.121106167102,4848.476839371137,5039.630916910616,5228.182280711779,5399.169269080939,5529.683774341533,5625.990629826106,5684.7019446229515,5702.655297816687,5671.085504896399,5582.285953925945,5438.609753728527
7kg_16bpm,5CA,5239.539559203396,5218.403139140324,5126.034064902011,5061.214212188792,4976.312553215906,4902.395159481593,4856.834059504493,4908.009176648896,4974.3183441675355,4989.107965310391,4977.3590596142385,4966.786498758785,4954.758592512117,4962.405170041654,4937.184452566476,4884.227094951763,4825.012333721987,4761.917962068024,4680.165294504143,4580.144923950861,4455.084001926418,4285.811429436638,4107.379842485576,3936.8174767891833,3780.789158592722,3648.416517893379,3549.813758262692,3488.9657124115315,3456.502580919615,3436.969974350106,3409.0355843385614,3359.2544587915922,3278.42920914063,3166.529532852,3027.065013368982,2867.596050545161,2692.6254233537843,2500.8782144240963,2300.4513216464165,2101.092948842475,1927.9284010563617,1776.7010662337348,1644.2963882699305,1527.9855466006513,1423.951554655354,1327.1857308805454,1232.4056675689717,1137.8647354280574,1051.1379298784516,983.2758433640774,944.9542871060561,944.9555610348284,984.5140885886451,1059.044179768322,1160.977885941908,1272.841972374929,1375.548583061005,1456.5226740774956,1513.050758285218,1553.227660752708,1591.4021025339562,1642.0812366441692,1715.6591179696027,1811.3641943836562,1919.6022561542657,2026.3452849416708,2121.12623667228,2201.131527085429,2272.2752432839534,2346.0505819751793,2433.1251605164975,2538.4813897588897,2660.0245476488244,2789.6417526430214,2914.194137966294,3018.5978671737075,3095.121945806751,3148.5401618778687,3190.2772851348313,3231.741991619641,3283.1938078509174,3353.068338440025,3446.0128455353233,3555.780355576875,3664.4529956449787,3751.3899618361415,3802.0563908135196,3817.685759266531,3802.178409465898,3768.790243382837,3729.585899647891,3698.464689343919,3690.784188802104,3719.5153019867444,3787.5092471243615,3889.9166616326393,4007.4573692518666,4106.248473833201,4145.680220375383,4095.7643034962666,3948.644281687125
7kg_16bpm,6AB,4501.568473141754,4285.2771873173415,4028.1017359574867,3761.4247349056577,3538.6063729561433,3402.5665009966174,3377.6856210863793,3454.246291192959,3599.369725421314,3758.560149178581,3889.1474448112976,3951.3418827727246,3930.4374248812387,3840.9633418414423,3701.6372792981438,3534.919233277994,3350.913149929268,3159.991731187337,2969.4728681473853,2778.370856917335,2582.8728303290027,2378.9129910780252,2168.350865320262,1959.7856148932885,1757.4168076541064,1564.6322891117406,1387.7771511416322,1233.5728542698666,1104.5300497037379,1003.3097659871519,939.1295861676114,929.1213284404375,957.1799984359989,1017.3048389314632,1100.8345233466598,1195.257894795878,1290.4715604462413,1386.1149177221664,1486.9930202119654,1597.5930303174237,1719.3810372067828,1851.0910942846153,1988.5710693261688,2125.1806617044044,2254.6289452995943,2367.956797419628,2457.838190129357,2522.713184437091,2570.9688395756807,2616.040478587717,2672.555808498727,2751.0202790902617,2854.9503453037737,2973.035076186155,3096.53380356913,3213.4420414365773,3318.6060048340955,3410.242026508345,3492.2009099079087,3559.7832239180175,3620.930748567184,3674.1082307099755,3718.4897795874344,3755.6480410337335,3791.315675569262,3826.149042697849,3865.3374495562502,3909.0427020857733,3950.501017899054,3987.9450083763577,4015.5328372347612,4028.947578183417,4035.2448927570467,4039.3696719761074,4050.731992086386,4068.754978687362,4086.418916904163,4094.1430302768795,4081.1177629937033,4045.3105198478956,3989.490318528142,3926.7566927043695,3873.507866452222,3843.9915470638257,3845.4460861384955,3882.4978038175745,3964.401325660774,4095.15612976285,4283.130937788724,4514.2197685344245,4765.994211718757,5022.3969477431465,5269.114581066404,5497.323514251004,5706.898565739174,5902.048385819457,6072.095071019723,6177.705930875507,6164.547026346134,5993.25072227936,5680.372033975132
7kg_16bpm,6BC,4930.570483762877,4725.518354908708,4543.904120234155,4384.7967818826955,4242.170404227321,4165.5182067692085,4114.787900743828,4074.266421401541,4041.478955339663,4015.258496579096,3992.807431297069,3968.0741327047585,3933.5307047020224,3883.53835136307,3818.472910048123,3737.105308399503,3641.213161034042,3531.8224768029604,3414.238445037772,3295.2652701320776,3183.68871867272,3085.091270767766,3003.548427068567,2940.515379541191,2893.3844968232593,2851.229523296378,2809.8674589635566,2760.547784271658,2698.383596208275,2626.0294140669403,2549.918659237425,2477.6683741902584,2417.675655454551,2374.2108223578493,2349.620021137984,2342.9939731115237,2351.603248785001,2371.4635912286294,2398.493850430127,2429.413308388784,2461.964564016754,2493.956568154969,2523.25145834999,2548.642828865022,2570.5300591517607,2590.3807157822675,2610.3920708425994,2627.771775058293,2643.7209374583417,2658.5346228100266,2672.2452335953626,2685.350796252792,2698.291239156688,2712.598365533333,2727.9036226878743,2748.4683520268777,2775.966383360727,2811.4086502247433,2852.0604101445833,2895.256821126471,2938.5923771743746,2980.340387637588,3018.2097079075475,3053.1210289361525,3086.685008571433,3120.8166494719817,3158.025016368147,3197.7994049760564,3241.2217006635624,3285.4933488956212,3328.0322475095372,3365.0585592218704,3394.107845818298,3412.764222406851,3421.355312999196,3421.851804857862,3415.491500346485,3404.517325658609,3392.63895769075,3386.594014276731,3394.4524588176314,3426.7771861506094,3491.6773176895904,3595.328271294587,3738.2062139845375,3912.625548063694,4103.073463643464,4293.253378754483,4466.522721405419,4611.610380573419,4732.892954318189,4840.91776704878,4950.91363656163,5074.491878964614,5224.2336155316525,5378.403539090741,5492.995552885481,5542.008385550573,5512.277518795409,5405.651254985061,5242.786935048595
7kg_16bpm,6CA,4981.927164298894,4982.2711104225855,4907.313943372805,4772.261902004352,4667.6727906624565,4597.284642550864,4538.368934493275,4563.050042102381,4635.247174735789,4715.48360052337,4794.010068352739,4865.116987443983,4942.941755483476,5005.170003192011,4990.332603813534,4926.333413019992,4816.305517595297,4671.741821531294,4512.152647243739,4369.857940861477,4261.795097181164,4190.823301669711,4137.582090056732,4082.5202082755436,4016.5975887376608,3924.272442347823,3820.447469449322,3711.275747196679,3606.103851134041,3504.3931551259616,3398.279778417816,3282.9826821562788,3152.067884239604,2999.721811582829,2824.7515130978163,2632.4745024413905,2439.066049938446,2260.7200191143074,2117.3013409645023,1998.6403042503985,1898.0275691670854,1808.3572228496398,1720.7690685093658,1627.6991376132737,1523.3300945233984,1405.0701737136033,1277.8992412557827,1155.8137016333444,1057.4869525396575,993.921445893759,965.5900471601136,964.1024582244818,987.0707868108456,1029.3924184877178,1077.9210279395897,1120.416429114736,1152.7056322292942,1183.1614040035308,1223.23381885613,1281.968080227089,1364.8718384756635,1474.9180121640568,1603.3945437964765,1740.6571734621123,1874.8947042338282,1997.891024202049,2110.478209098278,2221.0536189241734,2338.8436681660764,2469.5109666234657,2613.4084506139848,2766.2001441784014,2919.47025159921,3063.189131318911,3189.990733504363,3297.1172449394107,3384.270095880914,3453.147598031546,3509.126691254493,3560.7500415764102,3615.8527942219566,3679.1626133112436,3753.173576066207,3828.5397016579896,3897.0634577312126,3947.5531771021942,3973.8384279632864,3982.994290339551,3985.0983172367737,3992.0636480009134,4007.9548639039617,4029.1757520030465,4057.26367518564,4098.0790954490285,4158.016514576582,4232.859850441203,4315.3916274226885,4382.388590281834,4406.643264794105,4360.727516277848,4229.832277949291
7kg_16bpm,7AB,4400.24607713394,4156.4310876894,3924.9727258691846,3748.940372390552,3662.1130270522494,3671.9622472462243,3756.77034274803,3873.123751736643,3972.266592429599,4014.601289999219,3985.8750139064537,3883.202681175512,3734.7941494793045,3560.7683502682567,3370.735819522095,3183.449055583962,3008.13900461275,2833.1858775345763,2661.1870556987765,2477.198081457405,2270.9406693301385,2042.918391619695,1793.7908251725953,1536.754771919865,1288.457172914805,1067.2540905097744,884.455008129028,734.4215312800841,634.4711471146303,591.2850199268989,616.4270087072348,677.1281977102556,763.7755656107686,871.2578215606322,992.2753432908049,1118.7428158503155,1243.6209329769995,1363.409219836604,1476.6340805540462,1581.820565566289,1677.27142857791,1762.3901263386085,1840.723330336134,1918.3622520197873,1992.7129799053723,2065.8116901515723,2144.2067638051712,2233.335652607178,2333.5690999603435,2442.6475304123946,2558.402627527279,2680.3208529036706,2810.163116207831,2947.4801983610096,3086.4823795781804,3217.8881405319926,3331.5822336709125,3419.4624436269814,3481.4329153911654,3519.5926115106713,3549.6992714054663,3583.838733869594,3627.675282752318,3680.7553727831305,3735.4223350590414,3781.314870749182,3818.734757573954,3857.936556332741,3910.860436316282,3982.802760830826,4063.7264240315526,4141.119122501631,4205.983310287061,4259.074845251204,4299.286618768883,4324.1763294148095,4326.370226735947,4301.900001585193,4254.934529904248,4206.0232281519675,4176.67794543993,4186.424576263451,4237.983859175761,4325.186764625811,4421.312888103092,4499.298811658617,4542.647954887674,4552.133480018169,4543.836876154624,4545.7509570476695,4588.682278178285,4693.692189180884,4867.231981161345,5093.845651753778,5342.700128843625,5574.55526138491,5752.87440242764,5840.134311204114,5819.012411506026,5693.6145523547075,5486.1539961901335
7kg_16bpm,7BC,4464.000967517036,4415.699934241321,4364.269364477267,4306.625030469118,4253.419937018382,4209.543078025625,4174.304724618429,4156.075940307676,4149.6739011012705,4152.74896886231,4157.58773601071,4153.510026479085,4132.0639590789915,4085.221708207397,4011.86865559324,3914.957254545628,3802.248644992677,3682.4816038950394,3562.0201826649154,3448.937048873595,3344.562358307952,3251.581165662203,3169.8805527619493,3097.5266921042526,3034.3742845312345,2976.3197091938214,2925.8221980399558,2879.5630445241477,2835.1804117282045,2789.7561704404816,2739.4373931733344,2681.7428541125273,2619.45484326144,2555.818498032361,2496.323879917196,2446.71456901116,2411.8327168136534,2394.2270124683014,2390.0035043666708,2395.641161896949,2405.2645132834214,2413.6391417239274,2416.445212937003,2415.557133101619,2411.900500740497,2410.042706331732,2414.299969138943,2427.482091768439,2450.134581048665,2480.8303635366224,2516.650399819308,2554.233696696062,2590.3510747837995,2623.2924655838788,2653.3011245748085,2677.4329590470516,2704.5475096745868,2735.5340457309067,2775.4305147290797,2823.051238593107,2879.3698275198267,2941.4787598075604,3007.96014929154,3075.120535560506,3135.328950450699,3188.020915818707,3230.666063841495,3264.21371030332,3291.523226584668,3315.131602671419,3336.990957187234,3361.53225003406,3388.9981336626934,3418.386292743525,3447.0840313530175,3474.559117438874,3501.2955573405848,3526.4111234449997,3551.883400275346,3578.8982587636933,3608.8701283189266,3641.867253249197,3677.073750000636,3713.8939264411115,3750.1051225816122,3784.0582170256307,3816.7230984458856,3848.7583269429447,3886.508211696929,3938.7292484024574,4017.145936236118,4130.818164820215,4313.847282144556,4579.165579443782,4844.3206957070215,5079.062253330854,5249.583448908866,5341.459768864596,5353.600906883572,5299.077951259237,5205.110982234109
7kg_16bpm,7CA,5087.261759772636,4828.710400081525,4583.032518181769,4424.84908980097,4384.919346788465,4453.581058599757,4624.96129685823,4791.755350538945,4920.887125479579,5000.160299124437,5034.517893867288,5026.86682920042,4986.7337015132025,4937.380111064955,4891.991731746424,4840.034385849444,4783.872117646559,4719.131860096256,4643.087557372952,4556.719345822815,4444.052203917725,4315.476077409791,4191.745507125544,4057.9225442163133,3909.249150131891,3748.5987282600545,3585.0148408871623,3427.2778346521573,3278.3662064683085,3137.262243917353,3000.6377513302123,2861.0020499650436,2710.6800766895044,2537.7389116058957,2346.60589213885,2148.43959706764,1965.0126176826275,1808.1740973756928,1672.1156517082188,1554.0847278728475,1447.2610250330847,1342.755098746747,1235.109916252141,1125.2877562021797,1022.4364766061516,940.625117957852,890.1621797590695,870.3360277728005,870.2769026741286,878.8424557472781,894.354099550571,914.0179185693917,942.7527112392497,987.5560058229847,1053.4470410300517,1141.2901828548734,1248.3302618782545,1370.0771870931742,1504.723614929548,1647.7348997249842,1794.6598108784412,1940.3433190845067,2080.1239494578913,2210.790952133173,2332.2923568599745,2447.569748481528,2561.660591637868,2677.846095455319,2792.4445393147616,2898.5573151235253,2990.827249615397,3065.787045302444,3119.158280325721,3148.2652403154334,3155.5282824892583,3150.4341188745557,3148.686950303823,3164.958001066394,3205.797875076341,3271.483821217848,3358.0713768070564,3457.3191099198198,3558.6190635048038,3654.021715755937,3736.551629155991,3803.4133620614493,3853.8699709113766,3888.743287992693,3907.8078444432813,3905.4368533393013,3877.4842480452025,3835.8705053844633,3801.2761296945514,3795.368958272078,3827.0607496541334,3887.9719729749686,3952.171018897261,3985.5032242174684,3960.825190041685,3861.6750778113433,3696.5760509807747
7kg_16bpm,8AB,4588.239110464479,4357.084959305098,4147.053710810056,3996.318694516778,3936.9954225161578,3959.438543729278,4037.827581150272,4132.340298771451,4200.629650186001,4211.334671825726,4151.194517995481,4026.9510637788376,3867.0177586981763,3677.690185029657,3464.03061431197,3231.51617959334,2985.819443464305,2731.1047248688756,2475.0454110127957,2225.655173071917,1988.1659912668472,1762.8664666012971,1538.4569735364241,1312.4720003266752,1094.4201194052407,894.1637130488225,709.2164706322952,587.2896097845089,567.8694030004795,607.0694180546747,628.573319419625,634.489655768399,647.0170072548542,695.6763906552615,854.5465879717707,1030.884455919489,1218.2485263231154,1403.6815963665247,1575.3049047615152,1723.5649756949083,1841.7306884075826,1929.866175492693,1995.3919941811769,2050.0981110065673,2105.156299129236,2166.3663239428524,2235.3178830104885,2311.725997112416,2398.034516252978,2497.1437570820954,2608.550465296443,2728.990197762915,2854.3484138590293,2979.385678521507,3097.247248820338,3205.678696203054,3306.6635718538655,3402.2366048851745,3495.9322514334795,3577.639801998681,3650.780069135934,3712.1699828475407,3760.9789245621387,3798.9666019654733,3827.4248755757317,3847.4327720164024,3862.213506547348,3870.144828905793,3873.746921698022,3875.21805016011,3882.445061739463,3901.477456613457,3936.993011894159,3982.4423163986553,4034.1750068536953,4079.5384965650064,4106.931322431309,4110.530468797817,4088.549337182306,4046.480433585686,3991.0289107673443,3936.436335964528,3893.183290626178,3879.5335114215336,3913.194396424244,4009.163885767869,4176.880183558842,4414.1322487063835,4705.021773146997,5004.162229874719,5257.987389799188,5434.902920244697,5532.555983154212,5580.486690267185,5629.966497700435,5723.248231370214,5870.909680382857,6024.552662394644,6102.741078234213,6035.256963367324,5801.385876700264
7kg_16bpm,8BC,4969.099066758246,4827.9381905444,4654.944741957021,4480.691497527277,4327.337074109715,4197.45807262175,4096.053008848821,4025.935860752558,3983.616333532854,3962.9519713563054,3952.1416052781487,3937.559542302828,3905.3091928090093,3848.319342998771,3768.0229371567034,3671.552427965845,3566.1908724822283,3461.6343441272106,3359.5423796162427,3265.3062309335073,3177.3063421345037,3098.9571775574886,3028.733172994506,2965.022617572342,2906.644522708238,2852.721983883983,2796.8808014564274,2743.0860413076225,2692.05174546522,2648.0365527618637,2613.4361638317605,2589.4037038479687,2575.2206218049846,2568.786101690953,2567.5348215036083,2569.580810820845,2573.433802115242,2577.4374540643803,2581.4932556999065,2586.360682167242,2592.988120671378,2603.2950477472727,2619.043453879212,2641.307456112922,2670.1635762177443,2703.428573577294,2737.7764239633684,2768.849435357454,2791.9441912587,2804.2961560273184,2805.696569039398,2798.161482959944,2785.347820025007,2772.7684035913867,2767.375048270156,2771.986723337125,2788.163780148995,2815.766461405049,2848.183224413833,2879.0137907985445,2905.7294176452424,2923.7959296773347,2934.7832619621413,2942.2697588863675,2951.250457783548,2966.0942969688913,2989.9189781596406,3023.0974919973582,3064.824584309176,3110.608008239649,3156.71902071343,3198.131976608238,3232.2140342656676,3258.0750290684678,3272.571845215029,3275.94473425451,3269.9278235290844,3256.884017910491,3241.1683630885977,3227.98539145939,3222.387432522305,3230.376499381878,3254.6686133528287,3306.6621036730626,3390.8862700957147,3519.307802052341,3694.064377990552,3913.6229557906313,4165.498705137094,4433.042403792378,4701.016556623398,4982.049825472904,5204.331829396796,5353.756513002638,5429.407230688306,5438.845397217862,5393.863840386215,5307.151722951764,5190.738682874194,5051.5463010520325,4894.705109515231
7kg_16bpm,8CA,4931.306522309779,4790.996671381413,4642.697399875977,4509.152648342454,4419.1488763425305,4393.612514229663,4432.479500145061,4515.859622402205,4633.244415174537,4742.92319266389,4816.740476162801,4855.078927220355,4836.792725907625,4787.736292436781,4719.244620827136,4636.034559168439,4532.023940877494,4399.85366530303,4243.043846203932,4077.1758608329505,3931.9524457614475,3802.0801984837353,3692.777025563179,3608.6101133074844,3548.4255126574803,3511.0008416557766,3492.7470972811097,3488.42556271539,3488.6244389180374,3481.4849934756503,3452.613004083446,3385.1996451505934,3266.7821286282156,3095.2175124997634,2882.1427704405414,2647.9660829977925,2425.7941209687524,2220.1111244908407,2043.4778853358425,1900.8791533193662,1791.492459492217,1712.8905714415166,1657.4324490461804,1610.3296233773283,1559.1589567884712,1502.1172002295978,1442.1980886974463,1387.9120470885944,1347.999190450305,1328.0601977034407,1331.1207587230385,1342.0571132718605,1353.503941253173,1362.6656452812736,1372.2547475357378,1389.7851544646642,1421.452736673036,1473.700183530494,1550.3194953109075,1653.1343953498078,1776.5846095477962,1913.8448876517082,2054.943414517953,2191.4870114604623,2316.0261792790197,2421.9313801532353,2511.7083931711927,2595.2294451201187,2680.080907514479,2766.1859711177576,2847.0895222018185,2914.350011545354,2963.493825909031,2999.2172825397975,3034.4094900717146,3080.3350639598525,3138.2898500027813,3200.0483097925826,3252.166505800674,3281.755945093873,3286.669692920978,3281.251521099333,3292.7795115191757,3351.06486458755,3464.0353449524077,3624.9005606345218,3806.918371708242,3970.650577680328,4071.640064972687,4081.2224033527577,4002.753857975118,3866.0710668061633,3723.658834109522,3624.6536549120015,3600.3940420755257,3654.0174523989,3758.214114009798,3868.1268754905423,3932.038323614827,3917.0111286492206,3813.0592811391643
7kg_16bpm,9AB,4525.400179611946,4243.499167133873,3970.4050110064036,3760.191132697534,3649.723048905528,3643.5938352225044,3717.5333237224245,3826.9492283408813,3914.8270260690756,3938.539202513084,3880.006843574467,3764.350483822823,3607.173303025942,3424.8366664086034,3239.031575169063,3062.0452354825925,2887.2190303346088,2704.4042870586213,2509.3462745050674,2299.59770883267,2074.351317131382,1842.1631914774662,1614.3139446781558,1405.5077010949087,1232.0605231655945,1109.0145355773031,1047.343798177761,1047.6687722147717,1095.3231406411319,1160.4051468165026,1227.3033178394276,1283.7678102798252,1323.3934444340828,1350.0880719863512,1377.9659068255467,1419.2431539192742,1484.5490053632386,1577.7557841083485,1693.6249107111566,1821.2698058561466,1946.224537117005,2055.389285038688,2144.1053502958457,2215.800629974498,2278.152425894922,2338.4757795633327,2404.2757004468695,2481.9030585805413,2571.9527142103284,2672.1034942717633,2779.2592897065847,2882.092645796753,2978.098724558503,3061.574449278014,3132.9767756294023,3193.8951321991467,3254.784550147978,3317.51295948506,3382.6681889518622,3450.5748331734217,3519.0054282689684,3582.8535594111495,3633.6794014971433,3668.547021368182,3686.230762703517,3692.0707220948993,3696.525950691286,3711.9280539393753,3740.947322422351,3784.61500806104,3833.068009914249,3878.3841724096037,3916.8640171798206,3950.227701379936,3979.6260993893247,4001.1551961931837,4011.5912726191345,4008.192601158952,3987.4473334609256,3962.3553422339214,3947.556308213459,3969.5065900326,4049.4099470449682,4205.24437176827,4441.573849010893,4740.570837397009,5006.591664536665,5169.459860920605,5182.691802137825,5047.597652627963,4822.311267019126,4622.768682120176,4502.932776370057,4516.640420053633,4683.846032358493,4936.528273574296,5171.640955915694,5311.038282072336,5331.9034750699775,5259.897522146572,5143.520722496967
7kg_16bpm,9BC,4873.566421715119,4704.885963919122,4524.072633158475,4366.662378065099,4236.293401197649,4144.865004204099,4097.714276537415,4090.985327764624,4111.98009854536,4143.4073380182,4163.209773644876,4153.094756901285,4099.774817667498,4006.0970453459518,3888.08692372283,3761.7137408381914,3642.433145047028,3536.8189688979396,3447.7818168749504,3367.1212669870274,3290.231283282187,3208.491848325106,3120.442149844957,3028.545233915379,2934.100089134399,2844.5129441562085,2764.171773998372,2696.447939632456,2642.40577330828,2600.5278282519844,2568.1622502476575,2542.736208146424,2522.583670940052,2507.518140564174,2497.5642704218353,2491.5945152323197,2487.6186489783286,2482.9348738269164,2475.000024100602,2462.316758508313,2445.024613343341,2425.051260768217,2405.5061837458716,2389.9684478233034,2381.869511955528,2383.7988262072195,2396.9126767242815,2420.920397889057,2454.2570864946665,2494.095571750915,2537.3088873025745,2581.0671713736533,2623.9429382074386,2665.9285897859954,2707.8435445701252,2751.7602347071074,2797.4040830847593,2845.7237739786265,2896.768255597066,2948.978638934343,2998.922249912225,3041.819515915191,3076.0595899796836,3103.1580826113454,3127.0704875253505,3153.390252333469,3187.243601693686,3233.6108804328424,3294.5572557648397,3366.173258298907,3443.027972308933,3520.51232549408,3586.9576999975816,3634.5538079455005,3654.9541969060983,3643.817653948632,3601.0071537153317,3532.784420642208,3451.7286254021883,3372.880252183944,3313.1237438012195,3286.803988000404,3303.1860360934056,3365.7088775999964,3467.621824080995,3599.1637898502368,3745.9893965954457,3897.18720363132,4045.000680690383,4188.595120786416,4331.665335108433,4478.344534850162,4633.621578417638,4793.923256017982,4990.932446741509,5204.823787719558,5369.0381147335165,5456.549080116386,5454.808165174823,5367.00844289501,5213.157289880999
7kg_16bpm,9CA,4864.366928643032,4863.1917159104405,4775.523245130558,4619.564854426309,4436.312225916672,4356.997440437085,4351.712155384724,4370.976259602661,4392.11419111066,4428.994995371354,4451.323714971503,4476.959628707451,4474.781277694085,4455.279522046962,4420.470728473745,4372.729098737462,4312.831697997042,4242.411143707865,4168.559095740526,4088.1252821219327,4002.9124603205414,3925.6570912487664,3859.0596712436927,3803.5786852572473,3759.0244604112318,3721.9379646461107,3688.0096204562865,3653.60167226652,3621.692043113721,3599.0219098778266,3588.1267970653116,3582.8891214898213,3568.4726905247567,3529.178984683581,3458.876743523732,3361.223938243694,3242.2533992728163,3103.7493557737307,2953.653044432472,2798.8113549895343,2649.451856412759,2509.644864366505,2374.305402648517,2242.144252920932,2113.0328479761547,1989.2290369473083,1873.303581998284,1766.3770002672723,1669.4131922361412,1583.2890697229375,1510.0301252782115,1450.6580871017727,1409.0461878382318,1388.847488890959,1390.6059506504043,1410.494407731028,1442.374613678181,1479.0906406186084,1512.2201617686114,1534.1945086407104,1542.0897156941237,1539.305039135083,1535.3430506581312,1542.6036987918349,1572.4673686519957,1632.2302331355706,1720.1984984758349,1824.9443289415228,1936.3023144498852,2051.520460435212,2168.934483427836,2289.89059893784,2412.8790641388164,2532.2074445349162,2638.9870460634693,2726.0439916283403,2792.682543443339,2845.635387007991,2897.7075117279396,2963.5221599651773,3057.6728557734386,3190.5594456504573,3360.386047039159,3556.7701272526556,3767.5175575226845,3970.8450723095993,4136.088827082035,4240.013205393296,4264.70753444569,4211.571455508113,4097.795218107054,3957.3166132476185,3830.6817269890043,3754.559053910704,3747.037067793864,3800.0054784597196,3886.2465720354844,3972.4995290093484,4024.2824325818983,4014.46462537865,3926.353758009148
