cond,seg,p000,p001,p002,p003,p004,p005,p006,p007,p008,p009,p010,p011,p012,p013,p014,p015,p016,p017,p018,p019,p020,p021,p022,p023,p024,p025,p026,p027,p028,p029,p030,p031,p032,p033,p034,p035,p036,p037,p038,p039,p040,p041,p042,p043,p044,p045,p046,p047,p048,p049,p050,p051,p052,p053,p054,p055,p056,p057,p058,p059,p060,p061,p062,p063,p064,p065,p066,p067,p068,p069,p070,p071,p072,p073,p074,p075,p076,p077,p078,p079,p080,p081,p082,p083,p084,p085,p086,p087,p088,p089,p090,p091,p092,p093,p094,p095,p096,p097,p098,p099,p100
15kg_10bpm,10AB,2.35098228,2.2630879219434985,1.9266418175688074,1.3648179754140244,1.0282449080850868,1.3489404716310451,2.5297309626908726,4.46304465889159,6.749896946783559,8.740656601094466,9.711159400000001,9.687285074766624,9.4467514316447,9.223535753991005,8.029618274786678,4.690250475094135,-0.7784397638260934,-6.851962755803316,-11.441799516210217,-13.497111477382544,-13.81261445,-13.643364885607062,-12.960807067886751,-10.650489745688892,-6.35437337098735,-1.4058483377010307,2.062513792514267,2.939669032574155,2.109167901234224,1.8075191621801039,3.60474995,7.076771036378542,10.518492002531758,12.468932432338846,12.320957389357083,10.128953450666332,6.478381373454946,2.4697624570610777,-0.4890302982979609,-1.0860062290726864,1.29034558,5.916522986503681,10.97007923060606,14.385795133032344,14.855036230181874,12.51853293065054,8.855123736602208,5.498751448108873,2.973750589863282,1.2499408317470044,0.7230507000000002,1.2610606551604753,1.5292315204367883,0.2762322382423045,-2.5211526084032996,-5.328716681671344,-6.135550458292374,-4.017362785988496,0.12545250014335693,4.154178855779151,6.018990960000001,5.258142278826271,3.359978624415009,2.2887104842663915,2.4585241448679804,2.5748624987747393,1.4340141255065233,-0.5162576798458536,-1.7456245736536073,-1.7792468880121945,-2.0239514900000004,-3.817595078946735,-6.382248555608572,-7.714847722015082,-6.822799160128907,-4.217145113509861,-1.0262133770124824,1.63168729789113,2.9098082747826135,2.4777264499039835,0.84115134,-0.7646395338398424,-1.1715476698983283,-0.2822771340267814,0.6745660725072479,0.10038000301398106,-2.8450274513488316,-7.986781566906959,-14.641545272939732,-21.66019339503248,-26.983519920000003,-28.001569232285952,-23.19376114418136,-13.512984284717982,-2.0015377606459257,7.8286184531236955,13.42406842111032,13.31974025071434,6.921719075105911,-2.2947080116112764,-4.00378952
15kg_10bpm,10BC,-10.34408628,-17.10429895834652,0.5863948565455396,15.389509870883744,26.38116824250425,32.75470994030279,34.33037832800813,31.54204342029085,25.451901400435315,17.62107165413911,9.675769810835035,2.8585607660997487,-2.1331080402100375,-5.031300158511391,-5.791557542335073,-4.659808594583185,-2.220916806537702,0.8149137734961087,3.728068646169067,5.892592993964862,7.156759940000001,7.882531180363828,8.308959246697444,8.247407327099333,7.439535010248473,5.83361224254591,3.5691770462656094,1.024428247831384,-1.2572554595922096,-2.9138058997882696,-3.8368634911758486,-4.00843575481468,-3.4326257630165675,-2.1843535829096,-0.5093801684069935,1.154127119676896,2.309076899704026,2.6536101275725543,2.2800321790439906,1.606649702128264,1.09959264,1.0466502617233997,1.5113469489806672,2.409285452727411,3.5735309359418137,4.782698596551269,5.766045265048157,6.244689380812904,6.122239411505097,5.585114547446155,4.892925959708212,4.286149630349355,4.025641473941669,4.232461264515833,4.690574032482371,4.872526319446667,4.198160148310635,2.534202997007371,0.34996027970832116,-1.6550461177215157,-2.74001613,-2.1968851463870847,0.2245013207410683,3.8984763293389326,7.527568732489475,9.872166880696506,10.36100937379642,9.182039818691445,6.902782318470684,4.1228510796598075,1.4490087119480475,-0.4792892152579319,-1.1558015765379746,-0.48670838059540633,1.037472770776419,2.444788787319542,2.7652226580177346,1.6129965207771344,-0.6039714992600019,-3.0876897830529106,-5.25761892,-6.980290922049009,-8.409743781059545,-9.719839570325274,-10.843464197459642,-11.262135563330922,-10.031635416584077,-6.152510764313253,0.7977101588702021,10.073030323674251,19.703899657141033,27.15648266706962,30.359983365837078,28.62505478857212,22.937186315659112,15.554317296337699,10.463465245197112,-2.2698040015320182,-1.6530506686105633,-0.6510017347094358,1.58460628
15kg_10bpm,10CA,8.52078024,6.871576271057977,11.224601130078675,7.664660635314146,1.7036230487591817,-4.95622922966866,-10.91018439163704,-14.464091896029998,-13.505263945893194,-7.50302402382035,1.4137612800000001,9.836797109503705,15.20147192764076,16.55666164045648,14.061860898454235,8.796923454490788,3.0038580879997876,-0.8339740971905348,-1.7724174390915806,-0.7201715712875877,1.23082557,3.8086523630522,7.090928097425991,10.95777643846833,14.792097644822025,17.672785179244762,18.890918292667543,17.938076287846926,14.947467513737609,10.96454978308086,7.13652442,3.9317274387057966,1.40191375227925,-0.15744314255939565,-0.4648719745643729,-0.35443788937012405,-1.4857592444026135,-5.05839936960253,-10.890831079566412,-17.62941488293272,-22.964400840000003,-24.083349810039795,-19.948239686569217,-12.662828221513053,-5.782893758235382,-1.9004786884853586,-1.6077176349213333,-3.5495054945919473,-5.441037071100144,-5.4188604119214485,-2.5890932200000005,2.4769064875497278,7.519982022254035,10.592045144480599,11.569010430335094,10.820173669090723,8.084730759487547,3.4721437456855693,-1.248285938063543,-3.4770646675268755,-2.10085584,1.382642967925328,4.476041664077101,5.945644566869335,6.117598013540868,5.524655313266821,4.306029298903046,2.947794619958815,2.3436340904475474,2.7918219194474183,3.67637581,4.320969450973716,4.433192336736108,3.7424619096986524,2.216581824861313,0.4288444347199805,-1.2655723910548842,-3.3468490742683428,-5.797047090871054,-7.291060227882455,-6.8213539,-4.772201042684832,-1.654591568469294,2.538826983780188,6.92582566991215,9.234711493089918,8.063368329642502,4.5667039168029415,1.489032034070689,0.9311180597938686,2.67119244,4.501865372938886,4.638779474090537,3.5486390593252497,2.9016871775242388,3.6070096261628635,5.337369728130822,7.46573135120582,9.791814306787126,11.897179464828094,12.33643015
15kg_10bpm,11AB,-5.21382901,-5.285820148041004,-2.8839764177548806,0.7438802732938521,5.114883072514971,9.527682806623927,12.438021449424227,12.488472612556956,9.832472644023436,6.004952937191967,2.713768329303123,0.9492625143078074,0.9063352617991238,2.0231886243141783,3.282717809419198,3.6886670151891083,2.639959305399706,0.37131805666748424,-2.1225543664127176,-4.09369528126651,-5.8167786768326275,-7.915123780368185,-10.078565301724296,-11.078306808351513,-10.141492875894189,-7.91260038,-5.796897907179565,-4.381689462365903,-3.281307088383333,-2.1133154322826444,-0.4998852790533209,2.213605173250385,6.059221808891246,9.928850668842834,12.421263848523578,12.98564190673909,12.130258004425562,10.467530978551169,8.136540497275538,5.5311004018931715,4.049005919408089,5.25125862139896,9.051381022671833,13.321848212795192,15.80280629921582,15.827598736751682,13.785357909064528,10.083233769712857,5.413457221285703,1.1954164882847818,-1.33109213,-2.34408815289731,-2.9287205741875346,-3.5239914538654085,-3.6229651358998067,-2.9582599955871776,-1.9869648639384838,-0.8285827504499614,0.9103012541354597,2.941941718600244,4.178746908982873,4.124398019724376,3.271711655422826,1.756159689352899,-1.2577876599803435,-5.909519870512735,-10.410700521815514,-12.339911040593668,-10.687178037179143,-6.460200787319223,-1.7939858437672551,1.600447164251023,3.377269382199357,4.298983082814103,5.20058859584061,6.16573775,6.616165106794572,5.771682524141559,3.212734585804872,-0.6170119158724449,-4.472852403844978,-7.097019253557317,-7.864113349410101,-6.658598793005079,-3.6328111231703373,0.6949490791648963,5.423735518744116,9.370707077646985,10.976662681524711,8.577591987515051,1.4759660821846388,-9.1512748737191,-20.488318548426147,-29.390303837950302,-33.64072924205369,-32.59964525419062,-27.55333153628793,-21.294772970956767,-16.898640890629988,-16.51108923275465,-20.5461677
15kg_10bpm,11BC,-3.42525345,4.237449700589235,11.72969379890217,18.457472058612755,23.455991916598496,25.76489820094184,24.922259066554492,21.222276706860875,15.603851629038283,9.309639415869635,3.630623703202227,-0.3870671943394943,-2.3991993285606954,-2.866504115117678,-2.4818098713205483,-1.561346591176766,0.08148235714191857,2.569219861908613,5.415210437578969,7.745175870627987,8.770782639951216,8.030697575218571,5.412538073496473,1.3538389176758028,-3.002687319527981,-6.295622178013749,-7.674186577533008,-6.987608571415243,-4.59911387414374,-1.0954524979927183,2.909513462657129,6.780761754981047,9.878814780267142,11.634235291217532,11.756612613147686,10.404113855545253,7.996106641124491,5.005253851545763,1.9489112475731525,-0.6991110750426027,-2.638967899513959,-3.7189116278850665,-3.899858093229564,-3.3078370367993983,-2.174216657533906,-0.689762605027268,1.0363203733093889,2.832048050036562,4.276819510016843,4.826627378569553,4.270667103705101,2.873143536595528,1.2051369382107313,-0.0316519126653813,-0.19516199355248293,1.1509076433404661,3.8774055720644207,7.201790713669638,10.151476019936036,11.95342641466621,12.056219021917672,10.168107296975686,6.60413755029863,2.511105856514896,-0.7670718548885654,-2.577141954384735,-3.214760361014175,-3.3086798792677397,-3.013376823003446,-2.0813082701387753,-0.4283794037674307,1.4028981853681561,2.3952567619623695,1.840928554374163,0.011905390217423203,-1.7636082604684347,-1.770760607434287,0.8203089618700117,5.21915063540081,9.525943864508006,11.905548820406441,11.382788193244776,8.038139485548987,2.8240218878353724,-2.766409642057741,-7.179647838045086,-9.322649260115833,-8.834040630665088,-5.890361271956306,-0.95543754085598,5.1486147926961205,11.201187474900589,15.984800588130618,18.87387051228447,20.11630195957175,20.584214928350637,21.283535376744496,22.879961950008116,28.11326113147093,3.468013499824788,3.91365562
15kg_10bpm,11CA,-0.0493319,5.1080490555741065,16.47348472526876,22.770778526058354,21.779234816979326,14.789136531272758,5.579694833530723,-2.5098855663189243,-8.238633325650072,-11.379344525781002,-11.656288575720296,-9.200859622756608,-5.11119251977688,-0.7232073873340911,3.488896898680917,7.592353705610577,11.029952052783047,12.555630791108698,11.292586026547959,7.830546627526436,3.9376473967363856,1.4699444697116764,1.2676488336789267,2.5630710285033285,3.829341798273313,4.347886246241755,4.522114000210145,5.167430146310071,6.823609253762481,9.484838954029023,12.604552883792854,15.429031227350091,17.38431116932471,18.036561621090645,16.98842679221271,14.172109275917634,10.097735307850748,5.657003641417223,1.7614834794825922,-0.8280902511764712,-2.117937202738316,-2.963470098441038,-3.901928319304203,-4.927496183218504,-6.141335748260784,-8.131533089935195,-11.265588972553696,-14.797211350784275,-17.109266346430328,-16.968509150365378,-14.61007627,-11.567643824729457,-9.197316471272279,-7.671602004557593,-6.341374636347448,-4.57481703697442,-2.26814719089011,0.37513726566980116,3.0199717719209156,5.112733180117954,6.19177558487304,6.340221071045229,5.912156216628933,4.895077846825899,3.1645575786144633,1.117602437676318,-0.28419535662218554,-0.20358441382046383,1.3206479954889154,3.3386818305047563,4.8005593767468895,5.449281894352641,5.584408180205917,5.257253283305429,4.164568549891038,2.300470891211799,0.420518463668554,-0.49727023286892025,-0.3888227988033407,-0.2984932467999363,-1.1726131423615191,-2.5708237334288535,-3.191541493731403,-2.4079240031542835,-0.7523234194854258,0.8292596782677291,1.3696006489438024,0.40031666336083466,-1.5551792662229478,-3.403874253097576,-4.177961302545313,-3.418611631114131,-1.375556336480078,1.021079182298499,2.7819164772270515,3.8514776756594955,5.002625663319756,6.591647575752342,7.740226059091114,6.7023289067610285,2.21967954
15kg_10bpm,12AB,-0.49850283,-4.710387173632556,-3.0887457049206195,-0.8075823026034236,1.7775108822520649,4.816886971844588,7.7318815364509845,9.188823761591989,8.628356843890806,6.947293486749243,5.537254887415443,5.095549641108077,5.180478374942944,4.6023635809233445,2.3506732912803177,-1.4828016973478721,-5.3842834649981945,-7.383876950613437,-6.703613492191405,-4.626561974759427,-3.26469,-3.864676241102521,-5.283670041085914,-5.250415957934803,-3.2835677214033376,-1.755646499008225,-2.6702771037656223,-4.178342147054651,-2.8797044273348376,1.5035495801436887,5.824257412664206,7.473487489518633,6.832711067129542,5.443625475257374,3.957633948177654,2.4447644971871374,1.5840360370412434,2.6421038231343936,6.3069024290504805,11.297108313347913,14.47174141,13.167019304809518,8.107052818620916,3.603838982671978,3.585793668875086,7.794392554172537,12.568295632375584,14.579998813242911,13.210954033255783,9.53985639669337,4.164098843838361,-2.075002008141802,-6.536429037228229,-7.135186414643273,-5.134643206692955,-3.5081283737037934,-3.267124243000291,-3.1244369341473144,-2.3496636916806457,-1.8017377404628585,-1.9102228899999996,-1.632833036026886,-0.045733376034844966,2.478811452215896,5.2011198240263505,7.729591496627362,9.183924148262646,7.833374492037725,2.5455271586673827,-5.274293671679788,-11.92877215916941,-14.073972856064081,-11.082260628756703,-5.1527303547362555,0.4748785805541015,3.52599301124145,3.597695085377944,1.773514014458298,-0.6471120584225936,-3.083502315618113,-4.80170371,-4.248251266514924,-0.5405421183170762,4.932224501702957,9.16419702616849,9.518483612181623,5.03244723302608,-3.5089480695686324,-13.988314675934381,-23.374608515230936,-28.70080331607135,-28.26423291050817,-21.983548581438285,-11.315402567317427,0.9102755515464742,10.758159228618624,14.057217121654716,8.202434767697921,-6.586666030204045,-27.29624307490343,-49.15724481
15kg_10bpm,12BC,-4.59256469,-1.1457565976768247,-1.3548831415163578,-4.6893844294019,-8.995105357288507,-11.721614808505157,-11.01223656138308,-10.92836135755918,-8.37044045681968,-1.472915545292617,8.366519255364134,18.151473324625954,25.008856652852472,27.667421074106706,26.322733399486122,21.733796215704803,14.68974003332366,6.285493313630014,-1.5328925771459505,-6.506586685792441,-7.437003668021667,-4.907839679257424,-0.8505550492706485,2.551272075305674,4.072636219256801,3.85538563,2.7500186143157994,1.6795126863771668,1.1868938083143656,1.2597312907909044,1.6173073790172288,1.7657051194582698,1.0899648100033337,-0.7360735497434214,-3.3670571397838103,-5.7744665593730184,-6.7165615635231415,-5.535238957264549,-2.7458191586234935,0.15027481327984782,1.782018310225996,1.9823608100070675,1.7084947106779156,2.0484034784117227,3.2992701538771754,4.851160392859302,5.781221205968928,5.538559369361952,4.24318106943867,2.476376425263437,0.87069711,-0.11712809191808315,-0.026039373218544017,1.698088379648164,5.042094863615587,8.74658751062289,10.969451416929248,10.751800365934145,8.518034398485565,5.451223673079175,2.727529792140865,0.9620176427519606,-0.010617631705662718,-0.6584922221924824,-1.1692176157896503,-1.2386443710556985,-0.23332219109455885,2.276840876122264,5.877669577613665,9.097903287523325,10.062498164989412,7.788503502182271,3.2118062527259466,-1.1283221620128248,-2.8931986856536036,-1.6594499500000002,0.9725503275004972,2.7275131317135997,2.3558505313331803,0.5378847518230437,-0.7986392708005506,-0.3149612306899506,1.607644005785489,3.3462633935722184,3.411349484361139,1.636671009354044,-0.4663851941526054,-0.6517082924424931,2.4412951073014795,8.432456357806148,15.646308669106453,22.35486482785309,27.567914598275884,30.483135760656403,16.022431686022664,10.081559937687139,8.747054877624576,6.980188770615873,4.51058472221643,2.3775374110379888,1.81971508
15kg_10bpm,13AB,6.31114888,5.714483782000666,3.8069408353058862,2.3710215578487612,2.6421440307076365,4.625057891996442,6.635890122063207,6.66542483354008,4.688805998567991,2.6274596588565218,1.9879542426410342,2.6590830370340686,3.628691198480547,4.574720520612891,5.8269163186238,6.744323649183324,5.80908611067444,2.3008255042175527,-2.8251632749605373,-7.358889176289957,-9.22657490298754,-7.804710164699427,-4.262010966720503,-1.2003599489117858,-1.370827627312054,-5.716578267084755,-11.818639213789169,-15.24749538907805,-13.454103969565477,-8.106959938905321,-3.1982473136918994,-1.1828060462390821,-0.7974403874112566,1.0460064840113743,5.229430323093079,9.096701915331465,9.350003460814461,6.044950355883307,2.797354470350043,3.2782658154079036,8.257378600999438,15.612361565654826,22.4428691910669,26.622346815226177,26.888678231025406,23.265142864454482,17.749878778292555,12.453197473212267,7.9003109856918385,3.9138352140879435,0.8091065444595039,-1.026508080895598,-2.140560185555611,-3.914665570679174,-6.799066938245061,-8.898064470248716,-8.21780290364206,-5.224917846952271,-2.3644728330141715,-0.9982878206113295,-0.12281818389716886,1.4482076132836739,3.203208162379221,3.841516256650228,3.26590823455268,2.526425322817088,2.040921201189731,1.2402807559911357,-0.1686406989378384,-1.721416636914488,-2.7653642046737836,-3.050209833495127,-2.9698071360470983,-2.771912450318306,-1.7551743752054059,0.8670794089556234,4.214388306733908,5.667376309367556,3.3453620630288716,-1.7203291378214827,-6.511012930758905,-8.717423351151913,-8.09238853484725,-5.842457489472387,-3.211397092718342,-0.7227612614360697,1.4926552603387628,3.069757096095347,3.253494317978664,1.4105186959116023,-2.736016252825557,-8.891492452572162,-15.71964750063312,-20.95519601872308,-22.2767086703062,-18.758017588399984,-11.542845739015354,-3.602555006525945,0.9942676507352687,-1.3854607745819996,-1.47288827
15kg_10bpm,13BC,14.06149497,20.032899460341092,20.966019587582597,17.968839163180498,13.029382274018625,8.315577357534716,5.41737163272807,4.886683394901508,6.206152189823517,8.066747443613718,9.001509645585825,8.249391637768483,6.184081357715954,3.7608375562336374,1.809929490943001,0.8906227569202635,1.1149311654659584,2.0984356696117445,3.308376075413507,4.36828805046422,5.2084850974647114,5.781883544073666,5.763840920263963,4.815372784603498,3.081075213981934,1.3644517736479755,0.7543805532952617,1.6842207620097351,3.351160840917345,4.245291784282114,3.133552679032854,-0.19720821882362805,-4.658774791425145,-8.435441685624006,-10.032876144759122,-8.926679114917619,-5.658686342029531,-1.4883271555493138,2.265443196058614,4.724433766532589,5.727167721874815,5.762539233361438,5.484354429044836,5.253033832760955,5.030144731677952,4.604204653009445,3.8323666092787185,2.647758226831976,1.1191112558346175,-0.3851670675544839,-1.3567918128010361,-1.4838807747102747,-0.7270543413776266,0.7107681544084206,2.4313549777840824,3.9625767292176644,4.880115835794813,4.884190639486449,3.9204701589863187,2.367942833760566,0.8541133978368989,-0.1161567638240108,-0.2857967860003698,0.4994787452020285,2.3292635400418473,4.884627956577443,7.288209393299623,8.639972107423764,8.652308051076021,7.717541829967078,6.334809865685652,4.6802633154640025,2.7512176973231623,0.6940767584352933,-1.0994633814621877,-2.1113977235955783,-1.9367850078838367,-0.5536478045708437,1.5664345093606549,3.552713627258623,4.462368707372085,3.791099688206149,1.7488583132079876,-0.8752725416355064,-3.100907103790778,-4.000336992653804,-2.7458814158349765,1.1894832514706506,7.6835457485009275,15.764589145026083,23.652203622816742,29.18104982650767,30.712492519705545,27.933436752529186,21.958202146558516,14.771877861302606,8.52966901625298,5.015187888963393,5.058198128801993,5.898733361829959,-2.44247535
15kg_10bpm,13CA,8.93948956,15.143372810369245,17.05382234642197,15.082967805443225,9.762322287410756,2.3000968791487066,-5.479274901993172,-11.186827907902163,-12.956495763803233,-10.598104499133095,-5.701288634527537,-0.3017734522825872,4.229482161548305,7.254286948070451,8.75510400994183,9.1004648579081,8.700303310207705,7.9279113410713125,6.874254260894539,6.074401251564934,6.890912223482848,10.156865518859153,14.233140935235578,15.765683121492659,12.884057535598094,7.189427182612945,2.0295895742114225,-0.1963139335929409,1.030443884298157,4.855365683117038,9.458441538478796,12.290101826716512,11.58831465369087,7.676932811150135,2.291396942650604,-2.652807358175681,-5.70997206030543,-6.659868376563065,-6.685911790855776,-7.157847482825914,-8.343257623191226,-9.329264591713512,-9.249020010667286,-8.094055567288892,-6.663502873746333,-5.9395154834488375,-6.135937200801671,-6.4490091757405645,-5.860432971839978,-4.029597410472297,-1.3575314000000003,1.4377972328832438,3.523482827267893,4.252886075997643,3.6632196600465154,2.271904689656382,0.7636531133219951,-0.34169703108431737,-0.6332843240203574,0.44535791363588495,3.1684219690195374,6.297739126265316,7.582745036566834,6.06190564622461,3.4008309043841964,2.2801412154321525,3.0341007783694454,3.267106812182136,1.4501453559256443,-0.8621318147747257,-1.5030271213402768,-0.5945293245969696,0.546892373112459,1.81544281362375,4.035350302285511,6.866010816940201,8.535238406501978,8.060599698081582,6.603920828534434,5.4772262112454175,3.8698098805466596,0.29898202292967246,-4.714381862020602,-8.605699712376573,-8.708549229341074,-4.494602895324235,1.6314480077092977,6.067641152802515,7.021772832905997,5.601022804283112,3.945199060944974,2.9254983857982864,1.8297200186531664,0.002545075531172259,-1.8584488853118957,-2.253131727663895,-0.396321648329463,2.941758445238582,6.060936151627651,7.666269835978834,7.34418678
15kg_10bpm,1AB,3.41387158,4.2189008999999995,3.76097879,2.78222154,3.09048727,5.728518650000001,9.43211449,11.57110677,10.75929913,8.20568161,6.345410230000001,6.310965620000001,7.530117420000001,8.842950510000001,9.24751439,7.947417100000002,4.82291114,1.29543935,-0.48383163,-0.08768233000000002,0.39149961000000005,-1.63120086,-6.370143760000001,-11.01816362,-12.185020500000002,-9.178335340000002,-4.704884900000001,-2.22889532,-2.71977959,-4.03245096,-3.5860655000000006,-1.00490141,2.31940084,5.079642440000001,6.707040120000002,7.046461570000001,6.127222960000001,4.515394930000001,3.4102316000000004,4.092424100000001,6.490106260000001,8.81821738,9.24592465,7.28433311,4.278045710000001,2.2447581100000003,1.68153472,1.4962299100000003,0.9486526300000002,0.17430410000000002,0.27099991,2.34487031,6.100754290000001,9.76575882,10.96679174,8.87031662,5.02575427,1.5558787200000002,-0.35563701000000003,-0.8952867400000002,-1.15789374,-1.87085785,-2.7326033600000006,-2.55051068,-0.45222669000000004,2.53430109,3.8085896700000004,2.21752835,-0.60400322,-2.3638786800000005,-2.19559683,-0.69832863,1.1322193800000002,2.3429699800000003,2.4049262600000003,1.4569462100000001,-0.27690723,-2.7284223900000004,-5.12920385,-5.673711260000001,-3.1012400100000006,1.77937513,6.65048077,9.39186138,8.531386400000002,3.3336017400000006,-5.53320907,-15.782219420000002,-24.40250154,-29.103913440000003,-29.106967930000003,-25.059021720000004,-18.996896390000003,-13.365414160000002,-9.869698570000002,-9.37363956,-12.46959466,-19.78479342,-31.21070556,-45.23838708,-58.9551199
15kg_10bpm,1BC,2.1097888,1.408492897791155,11.20813043256014,20.365429590845658,26.604421902327942,28.159269976002797,24.79252343885544,17.94734301946303,10.116066175029287,3.7501438849340194,0.11162386325513421,-1.2100868866652168,-1.5960284370786018,-2.172584494288086,-3.0538693042105174,-3.1876384789171306,-1.4870597978936506,1.8365709841717228,5.23494748487179,7.240450230722048,7.318573333389605,5.597962838898278,2.552243125531178,-0.9148019806405514,-3.418527036972788,-3.8748826833088774,-2.291478759350684,0.6086240347465287,4.035052733390867,7.102226471684746,8.892721931281843,8.83972828836952,7.0003092546303645,4.250186257045136,1.9730418948115167,0.9224831717182185,0.5517011857219588,-0.27428666646648425,-1.9757990291891445,-3.62060247420572,-3.6614167280024166,-1.3502072007899995,2.5050387953623092,6.212668845932339,8.587887917894166,9.454262002513254,9.255357741997903,8.534371436207687,7.511036505260108,6.114962266485524,4.514970017976711,3.3457662735069995,3.314546840646325,4.523924368610097,6.369613473543347,8.150570291572258,9.544483560129033,10.483238797382405,10.946505677036383,10.873055521389805,10.122767701872233,8.584857652941821,6.4444638500738165,4.1511392511493455,1.9897834033272368,0.019478418291337445,-1.7917489070987271,-3.461811670759637,-4.761352429162157,-5.2934426403362655,-4.6728597908071325,-2.812186227557043,-0.2764394961370248,1.9634740644552913,3.1562681633194827,3.1072541344537616,2.3116411107442376,1.7762160008426298,2.3880887813427703,4.145796710683472,5.915309924369005,6.188208576023457,3.92115480972166,-0.8019310241173305,-6.736572813979732,-12.277325072789973,-16.106863695764588,-17.042840865627298,-13.79470289210433,-5.513213453660057,6.994751420097392,20.670938831067115,31.27180739998511,35.53910985104613,32.89821041119625,25.706595665910772,18.000876192709978,13.760553227287454,15.684957657847258,23.467881843763344,2.32229133
15kg_10bpm,1CA,6.43774602,6.239902540820478,6.715751962027439,6.886886588166066,10.53981141537199,11.450091191707736,9.36832349916573,5.292787121804209,0.855120868213824,-2.206521484346207,-2.893660767010172,-1.7227775247395585,0.009038056139036929,1.525302946306883,2.6812688472023165,3.08427346397889,2.1596383080334114,0.16638016437277758,-1.593551412469577,-2.0687363441083693,-1.574723296867468,-0.9814994060062335,-0.13225210252986527,1.9289823131584654,5.420968916444261,9.394724606602914,12.405122898863066,13.501008049959049,12.642720435675187,10.481167078958887,8.135945281632717,6.901871396036364,7.4817866114916844,9.059675821749787,9.45190913695146,6.814622976770184,1.5246882479450912,-3.9011178257797825,-7.03745500285902,-7.467825843150562,-6.71651351068318,-7.00108103537114,-9.462764737905758,-13.288270894347297,-16.57909939528422,-17.764472122549908,-16.630391218063345,-14.108642412827145,-10.760455167907912,-6.34290538751313,-0.9657524728922151,4.136235358516681,7.241451805859052,7.4286388067493085,5.190436574221088,1.9887636895505099,-0.5059817351495743,-1.038706365199368,0.6131963796889068,3.350067865089766,5.528351094052587,6.301403229890217,6.097240725469375,5.776998257060924,5.759439078395113,5.855269122389161,5.431638946873102,3.968852927817382,1.8636438129357344,0.48651411547195844,0.9972162100355745,2.9380421428523715,4.275613598430161,3.2860349431830103,0.3679273158968448,-2.4967909070453875,-3.9262532701439055,-4.215394199105908,-4.109206191615926,-3.218908149685441,-0.2452654026594897,4.898661214865336,9.81418328705468,11.445025933594946,8.868049838429268,4.136088295243832,0.3382136783577142,-0.8525385743782462,0.06367167588931136,1.560600450716302,2.617356098444854,3.117570826383813,3.3362940274225297,3.4845149445356736,3.602084172737751,3.887055105804266,4.781505541985357,6.493937128226373,8.606968688189472,10.064386430078448,9.75818884
15kg_10bpm,2AB,-2.29624762,0.5641188645242363,3.0952098886915067,4.685254135988491,5.256379176216361,5.3113306526301205,5.340138362612592,5.385716984549224,5.283575660295641,5.186563029537564,5.373884140000001,5.809198058212527,6.170449799124329,6.2257687632613505,6.0054716958148235,5.550847163768929,4.3848460660905015,1.7711265429009038,-2.1938525700507863,-6.172741924274246,-8.494175050000003,-8.62594685481481,-7.676097294512807,-7.091833187826011,-7.110706907886666,-6.941305695211663,-5.841370544712979,-3.7988404715413444,-1.1454150894376458,2.1303111315466676,6.06387018,9.876380503337696,11.89636329927218,10.778963835276528,7.28071468922694,4.1522488238971995,3.7114739598053292,5.849978327541681,8.564108377098451,9.905303632300571,9.334772480000002,7.402217773166602,4.716968646882746,1.8777570249541002,0.04053931820797488,0.2958770751604771,2.4813659624223363,5.252378211098176,7.086405134494964,7.080298245684382,5.114228490000001,1.5949452030680045,-2.6107432933285817,-6.178483152092874,-7.912246439131946,-7.364404216331069,-5.066775880313102,-2.3311957482172323,-0.03204528117796925,1.8435014404879897,3.15732948,3.2102786110446853,1.8008953836934751,0.08779023935016067,-0.06674759594153179,2.1126826938925056,5.084085792197909,6.384779387849825,5.196918454012387,2.8016166885152796,0.61864778,-1.104033795684951,-2.3485457419864035,-2.638420877719386,-1.8455310161639975,-0.7151472891256814,-0.19513935494811704,-0.5581060292740097,-1.0675521417437388,-0.4715987107788893,1.9002459200000001,5.322859730592396,7.976049796180376,8.083657790983034,4.59701177242628,-2.9666393838710237,-14.259524167306969,-27.23934011730056,-38.086118540246076,-42.841092155134255,-39.87661228,-30.94915628625357,-19.975761136230123,-10.71688693006359,-5.3175216822131945,-4.560459991011555,-8.647481533108285,-17.306969140772495,-29.404676901389514,-42.808067836492945,-55.22774289
15kg_10bpm,2BC,5.86426902,13.111026534793135,18.652918134092623,22.355349311333356,23.982733875744138,23.36344362567082,20.514760025460607,15.853920120106054,10.184764091435301,4.631596098075127,0.3992704323431997,-1.8427298614326848,-2.095012360091935,-1.1619570382654065,-0.23250626630644344,-0.12412785299327156,-0.9466790098716443,-2.2083540362725587,-2.941050362616349,-2.2102445024805464,0.09391323081754298,3.226623361408847,6.050314894613222,7.601595028741065,7.495753975630371,6.019156320000001,3.9257711441239374,2.1879463593446857,1.46316750892474,1.7099345164238173,2.524019101238112,3.576268222899717,4.617965263816084,5.367332508105578,5.443273633617772,4.5069960192841165,2.6495144518438325,0.5300079825180914,-1.0179912692651143,-1.5620664375636828,-1.2115917651987214,-0.3399311252312048,0.7652490340420194,2.0765786422990464,3.683441726615625,5.48726047143598,6.991925926785524,7.600859270621935,7.116029360900135,5.921586519802094,4.69996522,3.956714714810757,3.894933588882174,4.613281059516256,5.977921387519162,7.397850280792846,8.095384981285315,7.687379758770372,6.510098773736227,5.491313316500769,5.575141063326194,6.97587750729455,8.958199003074043,10.384833675811354,10.431332464643454,8.909843083012783,6.3079702057838825,3.410626065573436,0.7083665513198885,-1.66063648134423,-3.3738491658678513,-3.7608089651439056,-2.5045078924586113,-0.3498319823540359,1.3084847097514487,1.53769421,0.500664230595324,-0.9538822176196112,-2.076989210237556,-2.4508855637484452,-2.2179323558709347,-2.3041237120028186,-3.7602651636944437,-6.691442446064273,-9.73051864905271,-10.5665058852738,-7.262658055531049,0.56147930271664,11.4986710371647,22.93676475775941,31.914331232652273,36.17457180688598,34.938983073109064,29.135779765239192,21.16614386398756,14.241564978435218,11.458253076409283,14.891439136431769,24.08440959770388,30.329028458713072,1.96835766
15kg_10bpm,2CA,-0.29681261,-9.638870399999998,-15.293354229999998,-16.80081073,-14.55444852,-10.063115890000002,-5.38815757,-1.8307303899999998,0.6590325400000001,2.5928249600000006,4.13313915,5.243358620000001,5.9923359000000005,6.293300080000002,5.540330810000002,3.4232447300000004,0.90901937,-0.15013814000000003,0.96819276,3.09501328,4.74687413,5.79187469,7.358759150000002,9.99820751,12.668409540000003,13.53765789,11.555692160000001,7.61241969,3.9947151100000005,2.543879,3.31604717,4.797600450000001,4.9674504200000005,2.5156239300000003,-2.36181188,-7.882728710000001,-11.799080160000003,-13.19748301,-12.81460145,-11.79065637,-10.696600260000002,-9.614806140000002,-8.392874940000002,-6.82184011,-4.76736754,-2.3244017600000006,0.20076715,2.1377477300000005,2.3205897900000005,-0.016389249999999966,-3.44705774,-4.527369610000001,-1.3706385000000003,4.10036188,8.11747176,8.71080876,7.1174085,5.864780970000001,6.16761447,7.150127099999999,6.89341774,4.14337365,-0.29996445,-4.187788830000001,-5.834535100000001,-5.198902190000001,-3.2313597200000004,-0.5905847600000002,2.4563808299999996,5.1527876500000005,6.264682570000001,5.57273832,4.501871700000001,4.620689370000001,5.738664880000001,5.888471300000001,3.6312525700000005,0.04015977999999998,-2.2970516100000005,-2.21596406,-1.1154158300000003,-0.836927,-1.16349721,-0.32952176,2.23154566,5.111961330000001,6.61021772,6.460715909999999,5.632035070000001,4.67881544,3.27839987,1.52795404,0.42207151000000004,0.49497071,1.0136795100000002,0.9389398100000002,0.4326408100000001,0.80228788,2.97544559,6.4424310899999995,9.36950983
15kg_10bpm,3BC,-16.84743991,-17.438629535768253,-15.83481499879639,-10.26360628319208,-0.813145333546071,10.001029816431616,18.328640735487575,21.121991741394176,17.832183459530818,10.618178219805168,3.101854981476321,-1.639082390306426,-2.7601071083193265,-1.6780459265162944,-0.4288771766743719,-0.21023143267106773,-0.9815984530983377,-1.9578901934065382,-2.2735924666186573,-1.3880691215403318,0.6532575180246799,3.146607331350704,5.168588872530253,6.1399210167970715,6.0950808676007995,5.504740133646701,4.787311806266523,4.213843255673602,4.171455922634919,5.039144580785272,6.6386681365824876,7.9378628844350425,7.544481515306132,4.785443199597606,0.385614827623416,-3.887797713168825,-6.389342543552516,-6.447730588692917,-4.476797969571395,-1.5881951647932058,0.9702252734935403,2.30502633776616,2.1735119037861215,1.0406944949968193,-0.02877961360428612,0.2362657469176239,2.5052174621477135,6.2958350782563155,10.268154057516162,13.081596545889289,14.033407991880615,13.189184045372315,11.149195815994066,8.6984931537057,6.4056173745108005,4.410140286037491,2.8238037081460328,2.1143700814148865,2.6748403291327185,4.115480945392295,5.463292635781665,6.175323585779131,6.72371205633748,7.896222111205496,9.626626756371163,10.882239681691217,10.629530354887185,8.671820921565251,5.649511910800098,2.623414315340539,0.5032480556796146,-0.5643461776689238,-0.9904095223673003,-0.9535820592426192,-0.29723779574784576,0.8441828119603643,1.7705586343874653,1.7486662224442895,0.5905656907641621,-1.3590710923445988,-3.5743766920828337,-5.585248801093958,-6.844009201198894,-6.542275980866793,-3.8304196207008125,1.8901584321365361,10.607415327344107,21.257495292236765,31.508818305614053,38.378592030305754,39.71431836686956,35.36266026665187,27.152008688148552,17.83309062894597,9.77550004253988,4.466473126770011,3.0846649857439785,7.095116751550989,17.656011505605942,34.23974449424188,53.97476353
15kg_10bpm,3CA,7.84599905,3.74666793895468,-0.02745329887506781,-4.77428651147223,-8.565074938749781,-10.02297089218271,-8.669717845670405,-3.9775596144666414,3.249011980275165,9.756919964061261,11.33308739625258,6.730900808468753,-0.24433516755732254,-4.861320917488152,-5.305629988878577,-2.007696038659232,3.4053710272513475,8.727483917703749,12.715910206879455,15.372303676871116,15.469830142791935,11.26863041867791,4.107913546244739,-1.0122542231945166,-0.2959248583279158,3.846644062572636,5.994779922905386,4.47365124368803,1.32122698568658,-2.111557272789052,-6.427927474937694,-11.313617426429204,-14.301949157800369,-13.134370136519005,-8.441693612253466,-3.861946320580225,-2.3366544302686205,-3.4332191555951654,-4.56703210908488,-4.348882595018708,-3.2016526070241245,-1.1209267166879617,1.7835324194291227,3.4124627695794114,2.2301570564682103,0.7126123339794259,2.322703188925231,6.005577449276766,7.874085262896248,6.422336788325521,3.9758342900000008,3.4074825033048324,3.790435659299964,2.366230354676349,-0.024478741715586436,-0.12037925753068468,2.470502917782736,4.549919219581715,4.139056110202781,2.974906373248166,3.488538922836998,5.332354569773955,6.296387628690855,5.7446827150856485,4.719453745784857,3.9228981204917877,2.9596912775768813,1.2521067637698642,-1.0284846727151695,-2.476876647074664,-1.9558520976172922,-1.1567802787771808,-1.9288716375590937,-2.3835332791635193,-0.5127601187612035,1.4805135902936675,1.5104115528872704,1.6950602715706813,4.053026779203795,6.997436263109181,7.519750798279523,5.5325729396460686,3.3082084414098447,1.5308976060768829,-0.15364338542597378,-0.4911280893265335,1.6690028618000208,4.771838561378893,6.25286155549204,5.452299302554548,3.2550867438003155,0.8405498240205616,-0.6714508425669492,-0.6007554363485007,1.3912566331762706,5.095439548085947,8.883639466216685,10.231850302783952,6.948404567025777,-1.2591851707119905,-11.44274969
15kg_10bpm,4AB,0.78172002,-2.865825920110875,-1.8372847287330416,1.0059719296851006,2.352632437154767,2.0292988486706918,1.6233747861612051,2.14407215580541,4.015410637183373,7.272572092340664,10.800924691655062,12.661419686760548,11.920659808725683,9.011789993673636,4.810390746336683,0.5155385862154569,-2.3172495772154127,-2.846260942978301,-2.055172921002557,-2.2261855320249304,-4.57581974,-7.460721778141319,-8.39216386316004,-7.657804531366969,-8.0532668950917,-10.64806485253319,-11.999853354504728,-7.821632202752145,1.0741099522524677,9.586515216440166,14.399732568574034,15.57690997872418,14.082480797113138,10.788182765097853,6.755451748134616,3.173153382686939,1.0205214926795627,0.6743560976530265,2.0350104809603615,4.312556146704985,6.3766624,7.367020458621256,7.020929389649309,5.7724620126100215,4.414397214364175,3.559339134114516,3.1109728958132443,2.1745896823616855,0.1501115337436348,-2.0760941682046528,-2.688091577680131,-0.9507356776008005,2.0460711998762364,4.499656975598359,5.282378829116974,4.401372959723495,2.8382318621013147,1.9752321705780131,2.47292574075724,3.5985677819995336,3.8503225700000043,2.6361377282373186,1.2194732196775218,1.0545780286429676,1.3973363869293736,0.29156291463783923,-2.2047973602570075,-3.9972416019684647,-3.8329852050094213,-2.540912660089571,-2.109163677720726,-3.779830686166995,-6.677658727165131,-8.837995584684188,-8.863029086829325,-6.091726501214334,-0.6926890680633834,5.956414885772403,11.495154965724835,13.468710397721035,10.315096590000001,1.7160697110305292,-10.941134840464148,-24.09711351165067,-33.55094302771172,-37.18986079012179,-35.85353165961138,-31.838190096919934,-27.076159530387873,-22.534349363164967,-18.81570206180081,-16.401456817692324,-15.26105892674952,-15.021455081409655,-15.077794111671617,-14.189519434669865,-11.192600189273165,-6.314745493763509,-1.218210480656316,2.300327892860626,3.64821237
15kg_10bpm,4BC,-17.25365975,-7.353274751513961,3.724376833869512,13.483356828166455,20.184299174156166,23.10261557754394,22.22583954274939,17.906817929310286,10.913580525644905,2.759357539413666,-4.580681867594869,-9.557561790370471,-11.654929035925566,-11.176326744592243,-8.677845069846189,-4.855316603607531,-0.5515449640386763,3.2797451147019103,5.948867974418148,7.148693024174588,6.797890343696378,5.204915676795308,3.1368902682052724,1.6583436808840013,1.5820113377307612,2.9088861314315606,4.761466605291084,5.894381572088228,5.4309719298002985,3.440415761764093,0.8898271860251236,-1.1128248418566753,-2.0117336403573205,-1.9031732229291598,-1.2007444568382935,-0.3399113109694193,0.3606542232931578,0.6731018312660935,0.4217317883985003,-0.38650753523476605,-1.4435710775966393,-2.17791372774727,-1.926796725733659,-0.23821227789038735,2.731997330799062,6.058935222512705,8.457973891872326,9.140455586139003,8.43310117906046,7.561202470393458,7.645730704915709,8.566308615656505,9.051994368509046,8.023903014409143,5.695495986353574,3.447611033039222,2.784184394641902,4.285556153798886,7.245377492539991,10.107846784909585,11.433475768163058,10.816412998611415,8.967603159659873,6.826848416230603,4.766155573905504,2.5263486461503444,-0.2853016875140267,-3.56975765171977,-6.495231134606881,-7.897633240148431,-7.092421658611358,-4.454607780273151,-1.1867285178268923,1.614600215742661,3.5118764556489617,4.4770678073346675,4.706590109474891,4.516993628836895,4.045251557121238,3.2010447394631556,1.953835099877091,0.5624977124279283,-0.5506913708703479,-0.9373646501296201,0.022946454880863984,3.1815325971622785,9.116062209809042,17.346231097167248,26.202453773327285,33.51760935504108,37.47670978010255,37.19622327278161,32.85444637587801,25.545961734897734,17.220776039513773,10.596107651629474,8.63964386409308,13.659625316835522,29.044444933182493,-3.4446418426124508,1.88542658
15kg_10bpm,4CA,33.18668281,22.482703599383644,7.10402308565984,-7.474034224402711,-16.53848633819611,-18.07364687050311,-12.98324258556877,-4.267750101539732,4.382851201458038,9.962543188419973,11.056588673710728,8.045046500189413,2.734971079109004,-2.4534093274368596,-5.412414988194758,-4.775412778551238,-0.4011536573454861,6.093920452390455,11.937763222054153,14.959890210311247,14.795281895468381,12.318209218618186,8.435399315238723,3.9766356988846363,0.24636917519296658,-1.088731962853574,0.8645211324600596,5.1587987622376215,9.225338166100604,10.632973194465457,8.962608743680454,5.63363017874202,2.1186773549153752,-1.0347351306444188,-3.601183979046948,-5.307971076654456,-6.214831305872499,-6.76493488965026,-7.462105383451368,-8.561695548392082,-10.233743901399267,-12.125354923513319,-13.131331144655913,-12.078743831057732,-8.57823370897949,-3.3177577624833523,2.3213287909312035,6.873726748632586,9.287381475859656,9.172513256435684,6.981053544019071,4.144075414561996,2.2952694723429845,1.8287961796415513,1.4839994178016098,-0.1366382799570177,-2.794140384174892,-4.871326668236118,-5.087402260726741,-3.4493408159056185,-1.045000814269757,0.755257353640391,1.3600701422747163,1.3265270588382383,1.5375809650875918,2.1801570924596274,2.685684369266591,2.5740207596700224,2.1504787164283163,2.3655666989346695,3.799098971236167,5.775940592054715,7.065679609350837,7.353221952421128,7.18929460542911,6.910190313089873,6.466897183072978,5.863165820471727,5.069651956077958,3.8123192912535155,1.72584056711019,-1.2682930651532365,-4.635650003486767,-7.0145663841120145,-6.996653698218823,-4.413481375925522,-0.4212374793725677,3.557681807174137,6.532902961322129,7.95022661147701,7.624050007052862,5.92109215992594,3.817383922725281,2.424221184542969,2.1928397792487235,2.7184880780757767,3.2674159703954313,3.3968700017935114,3.0424803908656033,2.4425545478646713,2.17636435
15kg_10bpm,5AB,-4.75284387,-3.6848949136182094,-0.33328552455982263,3.3343721014064944,5.542465873760704,6.147969962757718,6.276323713163952,6.990925725383257,8.46199584236331,10.132153594557202,11.37116596520632,11.736427869099577,10.754266141677432,7.83104282240027,2.819156251179819,-3.0218892493745515,-7.119214558160245,-7.767125045488447,-6.143355610209968,-5.225648952953198,-6.472411549784954,-8.40287785098916,-8.73680534431963,-7.076405429101434,-4.885922423551687,-3.571505961254903,-3.1583879710738945,-2.7919804819998872,-1.9784263793929446,-0.783635904514403,0.6126662625544146,2.0700097141994793,3.6203241994511792,5.484369403478652,7.5382712573000275,9.067484827362401,9.56587521522507,9.535605369710202,9.814272361852948,10.050986141149789,9.136916909710395,6.839404648273438,4.546139360282313,3.9997591196308835,5.484209189173844,7.44371576943207,7.91272813276901,5.986584760577637,2.0017117750421463,-2.4619446170633843,-5.008047290000001,-3.7656481380898987,0.8926769489898025,6.092793609658166,8.969277494810669,8.899079073323904,6.919285088928948,4.097060948003178,0.7870252101480479,-2.735730907925909,-5.619652151611381,-7.007488744969368,-6.764875860024099,-5.753295618193642,-5.406315059442624,-6.525059296636949,-8.47224729823268,-9.606988415250264,-8.460173283618833,-4.690846570321083,0.9072493029876656,7.216353956059706,12.920204817471461,15.979536109063593,14.122318939764607,6.731424151522337,-3.6520880114209575,-12.257433938555472,-15.219940827910303,-12.123392985986563,-5.346838946455662,2.4081191338647017,9.454186888366479,14.758245891222272,16.878134896967783,13.409164897484915,2.8284595642257404,-13.008484572891255,-29.083565777645852,-39.63280247957749,-40.67045575061481,-31.73058135604773,-16.10853397359005,0.7136923932511323,13.503091894130776,19.391115367284684,18.550081471073618,12.948891613275837,4.141093274131595,-7.736937378717622,-22.83334687
15kg_10bpm,5BC,-34.31816314,-23.861636580212867,-10.36417737260878,4.0095613858336385,16.68722536672069,25.398098038115812,28.887816061049957,27.345536119469237,22.234071244249154,15.489221209608084,8.701704519304531,2.812937059652717,-1.800761359588479,-4.957944508298994,-6.303033709544364,-5.305284008768837,-1.7473348977964764,3.6216788517460987,8.828564533399309,11.379435874175806,9.746820714088027,4.467949663796796,-2.2138209208068043,-7.721897960801411,-10.348934940796955,-9.659167466343783,-6.334775754224611,-1.537460060892416,3.6362663711521677,8.293936788345,11.751870818021356,13.564149741654699,13.513908314784459,11.626001913321566,8.25405913346709,4.20680372181006,0.6527893848971947,-1.4253404210045435,-1.7648529448093135,-0.8319103252167586,0.5446113831563719,1.6012739031080188,1.9552991101930886,1.6301446078396895,0.886548498322488,0.16164355619382592,0.05352948118199309,1.067185029919604,3.273324852279073,6.126863776612704,8.668784350000001,10.040875329355881,9.907544937039498,8.554046459656348,6.720006173490342,5.340672160766047,4.998237324006515,5.414241158571182,5.67734936038304,4.993360962347773,3.248178059612308,1.0572141577584218,-0.6231665004287672,-0.960789130230065,0.47879009294228236,3.5208541663125428,7.2052484144421305,9.976409713999695,10.34831974009686,7.846359866364349,3.4942616555230184,-0.7835750674174845,-3.4159783920957203,-4.034947749385459,-3.3031227412460513,-2.145888454685788,-1.1622763747543263,-0.5942558475265616,-0.613798506017399,-1.3439351608601495,-2.565974025365544,-3.6296960016440525,-3.7324455623674044,-2.3038393228073337,0.8677271015975897,5.759301740670688,12.094468083979484,19.193554373538486,25.966196064908225,31.19956825984705,34.097648559550464,34.6718668637555,33.52831135115994,31.268577400259307,28.257139189460457,25.02380109000181,22.568531258480828,22.16084000179212,28.440671172362716,-8.54507700095379,-4.20632495
15kg_10bpm,5CA,11.16203444,11.71201199151518,8.432471636535634,1.9064191050027353,-5.560820918667132,-10.861202533079265,-11.569822779381195,-7.249116310971164,0.43736963595365413,8.630929903555064,14.1681873553218,14.910750987885624,10.98759376804525,4.649847816448122,-1.0482555500894628,-3.7091965846330917,-2.6899353757071927,0.9909968246993379,5.499368098379966,8.81251762259233,9.62178994518538,8.254512020858513,6.585342947910408,6.525103646808802,8.29816824219509,10.33947318,10.84902084744369,9.218909903688163,6.31146189889659,3.5062971368690152,1.2519894253982813,-0.6949954774362574,-1.9984616329973157,-1.9246007342071048,-0.6176116557981078,0.41206568515471914,-0.6853510578242836,-4.686154185365827,-10.810937573884585,-17.07018188164118,-21.385163918652317,-22.418345947496782,-19.736259909220184,-14.320588769020762,-8.154498046886964,-3.1037184198113636,-0.15246227154499273,0.743985750228988,0.35727072927122633,-0.17519919629404201,0.16945948,1.765459602614107,4.123744685258601,6.131090342777254,6.893231737931133,6.377966942358323,5.232310838273166,4.2198565407383155,3.9454161813955553,4.702549567798901,6.071919086219324,6.84997453613295,6.018512855162473,3.72714184828737,1.0974184471623043,-0.6577884605765356,-0.9424407283821923,-0.06399309720740937,1.177215551973044,2.367073612481328,3.8032127042916137,5.801297507468037,7.719722638181472,7.962395811914984,5.363442791438381,0.79079007,-3.265937096090613,-4.869596615908676,-4.060131404857809,-2.2802146504730327,-0.5931828181100832,1.1128250655673608,3.121404355311269,4.89099512404644,5.4534293908331435,4.596689983212845,3.351029130908765,3.113575828713876,4.363739000809694,6.287553394131102,7.402745370697678,6.760386579267345,4.7117346147034835,2.364712634932549,0.5835774773228593,-0.3518297737077935,-0.439323123703127,0.3669186460134757,1.8467096903160078,3.118638975454066,3.22314923
15kg_10bpm,6AB,2.28940417,1.9303127010556071,1.110688700755071,1.1011557830118246,2.5847785962783507,4.858732699473113,6.654851120809592,7.241774947444542,6.655709275976718,5.48484370592822,4.61483857,4.775554768322361,6.046761492535763,7.571101453278441,7.881493192029203,5.787915887465683,1.2541338990022923,-4.403614303039329,-9.214886983002346,-11.778709978603983,-12.03598206,-10.723286632494752,-8.442857408132356,-5.631777172937873,-3.2087478391700377,-2.4418320770808783,-3.511272499600741,-4.597024553774443,-3.5947080221594896,-0.5610188081763144,2.48083223,3.769363267185067,3.6220993603737166,3.8275124057904186,5.157150137939109,6.146234582651717,5.106195393226936,2.8378121503539453,2.3624600499826722,5.458766758357722,10.17123016,12.669247680766844,11.49412173430225,8.991047983269743,8.01974625994661,8.670075087806062,8.743331598496736,6.944792985588157,4.415415795459137,2.8321608266075793,2.30992982,2.3645619808561613,3.3713771660227922,5.386155621051021,6.78607653250696,5.334172158888383,0.6725308724203694,-4.657048515107829,-7.4096225378574045,-6.768749731218367,-4.790355,-3.6589927736403216,-3.210780612263604,-1.7768216364269847,1.3205885019450394,4.991270310472933,7.585953225604727,8.177411234388584,6.9354882484701905,4.732677540426454,2.5512687100000004,1.1453144665049015,0.6915556206580233,0.7273072033502244,0.7210520075953931,0.48292536396849867,-0.04535099595438627,-1.136783243856203,-3.073907443702013,-5.335373835523357,-6.600054030000001,-5.533066305218752,-1.7399100387104491,3.2777171045177607,6.730997058392037,6.430542707011044,1.66216012498741,-6.7714930047475255,-16.867258468566686,-26.29154369979901,-32.84347747,-34.50681757868598,-29.970364114119977,-19.781969374807268,-6.8014939972617,4.948824731799103,11.991323639238143,12.457941071235261,6.170843694738676,-5.765210819993318,-21.43303318
15kg_10bpm,6BC,-12.32326084,-6.73450081908334,-0.7623223188695444,5.598447696539376,11.848963304636927,17.235086589424743,20.929974596294464,22.207187830903926,20.702884260874587,16.579493201130152,10.644597055779217,4.186683446257092,-1.4695154353534892,-5.357996905873793,-7.043356019298748,-6.538629957760186,-4.189518366014351,-0.8260228753882968,2.3498104182620367,4.410115570792588,4.995635238339077,4.118157881828165,2.0084053092783347,-0.7712680370565901,-3.181274235676318,-3.964438662656611,-2.3934584942289896,1.2343613358136842,5.788382143122383,9.905556200661723,12.571105745481043,13.324682270041945,12.163171226521857,9.398829035608943,5.618446994019531,1.6372364810455053,-1.7109830834807775,-3.8331426894955554,-4.507869553894985,-3.899431896483857,-2.5152774813746976,-0.9853034000060619,0.21201562570474478,0.8900266817657196,1.1802348390756974,1.5629497917386095,2.7730661898350504,5.360099804402525,9.050395697340692,12.650504405140945,14.725623000487115,14.569580692891602,12.673218874741831,10.187030277931338,8.004604067120294,6.224623099053976,4.475238760315102,2.730714820761706,1.5095870743417705,1.2136249994051904,1.4829990975635419,1.3334382789051789,-0.02726782108145758,-2.3239719132233674,-4.203855383702164,-4.357105937620906,-2.5963256181890615,0.08550116392773248,2.319150002688427,3.2886122473273054,3.0640851473623414,2.212819536687787,1.2959990109973334,0.6605383907021896,0.49417722987619644,0.8594511841759879,1.5864751471736385,2.2750855165622457,2.485093504526069,1.934329186004454,0.6689144322768544,-0.8184926717110095,-1.7878753527095077,-1.5844536617595852,0.33725179550865103,4.457865298743561,10.873897502357714,18.91625656862189,27.216361533577665,34.18163581003648,38.535010802018746,39.68345052323889,37.70577699102785,33.14001105312163,26.86795589220763,19.86438138325565,9.462178070955622,-0.9161364505027444,-3.92164425189459,-3.1412967717428906,0.708566
15kg_10bpm,6CA,36.0397799,34.997154090732465,26.98213967233683,14.966907866237952,2.7815112867100225,-6.829405895747285,-12.728932667377627,-14.621707206280007,-12.544007994395116,-7.312014882568344,-0.8394539124286386,4.578677355496179,7.349107815531197,7.301919450833421,5.567509323187952,3.7160851864017936,2.9442759398884664,3.5900632991992705,5.327700685716486,7.568193691231068,9.745373704374718,11.217160690272799,11.123158605748648,8.841443343687258,5.081021022557855,1.705963966568632,0.5590843241961228,2.0866902261636846,5.169368188924729,8.231146090514166,10.095015026196197,9.996069628691556,7.548221175505583,3.144396683392245,-1.8954962406672833,-5.870140926412599,-7.809867763630591,-8.09213748919787,-7.658900622046983,-7.184652769179209,-7.1431387770770085,-7.903124956268522,-9.295928787879856,-10.17806768656852,-9.179838155049577,-5.857590383406748,-1.377929982962442,1.9737264272013724,2.287819980648159,-0.3228579409906627,-3.4450594647486588,-4.36272784240497,-2.370931637034489,0.8155123923863056,3.0275333220909273,3.5547136556199805,3.1532222086547064,2.7332307473656137,2.4103072221540165,1.8441581751549891,1.142030468833525,0.8963188269641499,1.3321966863839156,1.8890759862866262,1.6296218225148338,0.08073285662769661,-2.1686474127465236,-3.62645426226706,-2.7127636776040527,1.1199766875804533,6.559193212844283,10.90963420524907,11.928452611410643,9.44358364062828,5.241306515260155,1.363167310695424,-1.3658758793680075,-3.136175765990877,-4.105433915470864,-3.9123513436524977,-2.2509628104881942,0.41389314745401107,2.9487892409190963,4.224357248763857,3.902949990602665,2.70472977094234,1.6963726911427062,1.4194113282500695,1.6398379917363117,1.6503991577203907,0.8589338609949456,-0.6323356665718545,-2.0522976690186785,-2.545646480034502,-1.8106165070415723,-0.07418928192787203,2.2376199349828627,4.751214783140575,7.182201222961695,9.279111558804331,10.89327585
15kg_10bpm,7AB,-5.92123921,-9.755577630050919,-9.904366572634501,-6.169580545203737,-0.8810814299409148,3.193489176383802,5.304105840108831,6.600595356899866,8.063686823576115,9.221312975057527,8.968018080550818,7.150578689664565,4.815261526464616,3.065606282920399,2.2451916964190084,1.9833813285389859,1.4832266737115023,-0.06892417356741534,-2.9200187179200223,-6.269566982026164,-8.778403719505913,-9.754962649977186,-9.848602654949952,-10.24923074094875,-10.968991822467304,-10.33486232575772,-6.523847601561116,0.1723364076473327,7.011658595118068,11.014570435907029,11.291028600290472,9.726932020265243,8.9214520126527,9.654558913926811,10.53212702132831,9.624763471388691,6.475532281101268,2.6781662648833193,0.6310273556315477,2.04766421457165,6.576431179049976,11.610030458084045,14.100025628654363,12.986993888637897,9.626839643501327,5.98493742086439,2.8578802645033194,0.25811565292456407,-1.2096986817414184,-0.39943994535907235,2.485573342305954,5.099797879882491,5.001434025134099,2.075488464291168,-1.4184021058090706,-3.1317833391458096,-2.8975123806563405,-2.557150179333108,-3.649452065567621,-5.65166791462764,-6.890647743532852,-6.425534165738409,-4.381734210313658,-1.7797389189907062,-0.08297198166156021,-0.011609673976477743,-0.9586438375999472,-1.8990835583889498,-2.2321844115860587,-1.6462546116006964,0.2783411216304186,3.8238422022920755,8.205560524383925,11.415054668433834,11.642205199148842,8.625295790617404,3.317669263292476,-2.960386846585665,-8.748863637087846,-12.323647547116954,-12.079210988098882,-7.678853366208625,-0.49818914976671935,7.2568957770926374,13.295084241634212,15.508819139626116,12.415746008957157,4.070459686961049,-7.421885154794118,-18.40647770833998,-25.233797646208473,-25.889738583215962,-20.362182704531534,-10.281206218150706,1.2366039776704159,10.083218351062257,12.268961485899188,5.486406485049917,-9.687922346545916,-30.191694353905092,-3.83741581
15kg_10bpm,7BC,-13.65651175,-1.2178678925342703,11.860631018237989,22.64340321289257,28.618510748025795,28.824512290158996,24.078089034515113,16.48821982602388,8.618946269930186,2.289748845478163,-1.959102808991516,-4.416527770833097,-5.581899364637983,-5.653161012004248,-4.601010004811831,-2.482896168130619,0.4474592342236813,3.6691829335147403,6.369496776668836,7.847200988056729,7.874681901623332,6.814797805828017,5.471492506779792,4.579563383569062,4.319359421553672,4.3227175663522415,4.032640877807976,3.1997590292359006,2.0773430229176073,1.131909099837994,0.7251680481198697,1.0066008572521161,1.9598289765315509,3.278926666315489,4.314940802664988,4.40970954568632,3.3467740628145393,1.5277958760288588,-0.19150591025583935,-1.0244919744990535,-0.7699322499438219,0.20722869829821003,1.217957191349567,1.6369179947721941,1.4620796401547673,1.4288658568812056,2.468027745741306,4.849290484545978,7.780418039416074,9.94537167920723,10.464555197981202,9.259001947128299,6.908907595513974,4.547251060284091,3.494764621249046,4.29726325099044,6.059195226306122,7.018761400834893,5.9746113404911885,3.27931903475221,0.417808177129546,-1.256436344241102,-1.299613510034056,-0.032433259217983,1.8495316546795257,3.4965605504631454,4.244444412888565,3.9914267463786928,3.168107426835814,2.2090161182310433,1.1448466926420167,-0.24009130951217908,-2.039027903574163,-3.802369271913115,-4.585220337447751,-3.6920745554341785,-1.3623489207721908,1.448789566223918,3.8160481641455806,5.234729282902429,5.479937519443983,4.287591879395915,1.28393663885556,-3.5108045450831527,-9.117782492461398,-13.548007247082758,-14.348232645501486,-9.730788108469847,0.3331130620086511,13.796713429683345,27.349656242934806,37.81441400820945,43.23804753597302,43.18825618742345,38.38058387875257,30.194232529301452,20.66889792738424,13.373233075968185,2.159837401640032,3.029055220751417,5.90714244
15kg_10bpm,7CA,29.26002306,27.000435743705857,18.42985398660732,6.012904934216056,-6.294954348279723,-14.10231508,-14.925004241359552,-9.946427288382601,-2.8244078374573744,3.3071131345378806,7.56874796,10.251004699444474,10.803417829372442,8.705528060147634,5.1080548190508885,2.3531069800000006,1.8417266523368427,3.2301114929175463,5.619214388548824,7.965359107899119,8.96868748,8.10363060681249,6.41269943312543,5.714747798184526,6.887262649105232,8.765935400000005,9.683221223978096,9.364873520256793,8.226924310580529,5.521324179937815,0.6605078100000001,-4.592812469585959,-7.264745088061407,-6.737633092909533,-5.712848179715533,-6.544865040000001,-8.724293281922188,-10.735916064867089,-11.674009743475606,-10.577009948446896,-7.2053785,-3.170248554709803,-1.1956696588634799,-2.613089752758872,-6.190953429311401,-9.024530530000012,-8.348711802419409,-4.093204898665841,1.1706415235614687,4.953798550752101,6.625526430000008,6.902463733932655,6.698228428569162,6.585340917489325,6.621347067722784,6.190855569999996,4.796424377404039,3.2754724649161355,2.838595382751874,3.2937557197439435,3.506087250000001,3.0735785049181152,2.64668594679495,2.815636262884139,3.2304360536249033,2.99736586,1.3157867626050017,-1.875352814408602,-5.3896303642811985,-7.530179341127914,-7.384318880000001,-5.212024631423621,-1.8760012418792495,1.7783352113767306,4.465069710238883,5.01287613,3.506218453983864,1.7160737715716918,1.4428715903037344,2.8645397907433323,4.69204469,5.116554379657232,2.9747557422643816,-0.743401196530585,-3.3437118738449705,-3.1306131599999807,-0.9186113628572078,1.390256411582601,2.9248642481159877,3.8606827617911645,4.288379280000002,4.016424177218597,3.348675839168525,3.1222138695760617,4.096190518564574,6.367982390000036,9.261198337688176,11.361631011483853,10.80520331451806,6.494586120259603,-0.89985496
15kg_10bpm,8AB,3.29915688,4.731784338209253,5.799390360750517,6.512290821883409,6.563734102154812,5.6914492912172925,4.062589389154376,2.498770479981985,2.110953347647299,3.3880028397224367,5.838324548696189,8.212116598739529,8.954304607398317,7.109709781549505,3.036980180447333,-1.8489625282639925,-5.982954411934315,-8.62288087405642,-10.03255145543526,-10.857757605787821,-11.433290631387544,-11.321799465509088,-9.664700482859022,-6.501159946416299,-2.8579776626020137,0.4513800900000001,3.3020494718056175,5.959119357640158,8.647325514560066,11.155314449597494,12.788375355811574,12.64064095152761,10.15332439164101,6.16711638462451,2.9030133353299217,2.326608010832092,4.384580819983795,7.201507717631978,8.945699169617374,9.188089234412018,8.406729760578362,7.066712662754401,5.708931135808335,4.981028932427009,5.2544163845769285,6.03467499827307,5.80687250389151,3.395727362929326,-0.21610153787343275,-2.492004410016359,-2.2764691100000003,-1.2901166888331896,-1.827181073984089,-3.598358209599583,-4.1613226185587875,-2.1557630038818885,0.9725457079167639,2.7563675093021733,2.481088758377201,1.6553090277449565,2.0843090149106476,3.7741100693157974,5.0367210273893095,4.286489858275466,1.6891155625500267,-1.1563701827696475,-3.1234080098548707,-4.540369332794936,-6.028082017720114,-6.901216879394788,-5.245787544815815,0.17929328140688489,8.072569756774202,14.828723726089505,16.770175738923072,12.72705388,4.987883075290405,-2.792398303854776,-8.579855588240306,-12.532685887908553,-15.28198141926754,-16.352493332377144,-14.366055927561016,-8.85457170718612,-1.305640788204804,5.182538798410074,7.10898055120682,2.513321197812279,-7.604093728310894,-19.855758804317905,-30.235603406630883,-35.66458404440137,-34.74893801880856,-27.792134801680024,-16.9110906727107,-5.926240739354447,0.7936331806087084,0.4604213746129804,-6.568597588920529,-17.1654781009207,-27.42026485
15kg_10bpm,8BC,-9.81172675,0.02362051281697264,7.340090244227962,12.34900104844618,15.618082469490075,17.816799093423217,19.23326770733844,19.489641648620704,17.876936004974144,13.999693801621337,8.262738134212775,1.7986339115353702,-4.082072638029124,-8.212133695844262,-9.795345943162172,-8.653089091798641,-5.148484708154034,-0.026949180669785577,5.438610818337941,9.752234538926078,11.964623901508578,12.078456455026112,10.703225344041309,8.577700586024099,6.367768868300516,4.483962470000001,2.996903861861654,1.7176084845990527,0.4392632531260029,-0.7725674318466643,-1.5325261367631042,-1.4338195884725562,-0.4201623293803553,1.151245732363298,2.67977547408103,3.5110400608677756,3.226930876389089,1.8738572494356645,-0.08956940166754206,-2.050196956935659,-3.4652142109269533,-4.033176832136481,-3.7739593649768275,-2.8417731641996613,-1.289514057794809,0.8742502846884728,3.4696587227339366,5.948448449281751,7.474632706985165,7.485681338802018,6.279633800000001,4.88479443431575,4.273106479834106,4.800001981873433,6.249592536436259,7.923241658260895,8.804943176159723,7.992306166496611,5.3177195232158425,1.7320144860104463,-1.02987103062777,-1.4364150136380434,0.8561888585857936,4.671980747448294,8.089396356470017,9.766274623533011,9.540289182658972,7.932592157468491,5.540583240129714,3.0177805152112405,1.0049472759702707,-0.21351853132227128,-0.6462955918391079,-0.2763794043042336,0.8215134353112883,2.1615749899999903,3.0018751519541884,2.7415705288230274,1.141495038280019,-1.6077546113364418,-4.841642894070822,-7.590322866386775,-8.969098466611957,-8.56368360134225,-6.559787115705703,-3.417272011780167,0.674802908260461,6.027833476594402,12.968177721815293,20.99934931373376,28.566437574637806,33.672786917170185,34.779811231514394,31.516383343036125,25.118629649288838,18.24550748318165,14.093460701327325,14.876865730231264,7.349468384135517,5.061661272614117,5.0056006
15kg_10bpm,8CA,-3.78797104,-6.856974510411018,-8.805551927973628,-10.554860687698987,-12.138563861373838,-12.524442902124271,-10.28166899952292,-4.946380838777893,2.07728368746078,8.180389423172,10.960483929805813,9.331869098726454,4.154048872990818,-1.8435266634120828,-5.4481786748763605,-5.014465337003295,-1.4655375519175808,2.623023376303408,5.22657397669782,6.550295338355035,8.449520893740512,12.420167880175729,18.11554355421633,23.479732094678035,26.192664135198,25.413214240000002,21.960689724317586,16.700234055231327,9.679607216693267,1.5335827442842807,-5.820896413811035,-10.314088307639762,-11.130707867503487,-9.298195074563349,-6.921695821279982,-6.0668399349477005,-7.582645303381005,-10.533385588967143,-13.118936514841186,-13.941913691248999,-12.433382621561263,-8.874913595518809,-4.317766938319273,-0.45904174617533594,0.8049816892287088,-1.3903030353015342,-6.030134556427166,-10.587779664428226,-12.304254998178134,-9.628121611396054,-3.1439188100000006,4.713604955406342,10.846146994896467,12.892631088270573,10.62850544716769,5.94070579458311,1.2504061104106499,-1.4839425265234154,-1.202525164485941,1.6110996318043675,4.654791235946267,5.2328667642802404,3.0176201917687515,0.4532286135764701,0.06504729075787681,1.8689238372422627,3.8355003018939087,4.57765566088903,4.774507505885551,5.704283201969935,6.851998039958636,6.289737808680337,3.542521781607853,0.6570072983893533,-0.38338155987913425,-0.24715851,-0.9954939280229168,-2.888675771580561,-3.9341791447055163,-2.6920338303377616,-0.2805992557309741,1.1508334746352538,1.1965904038085522,1.3170745272081392,2.8000201205393282,5.112732955793359,6.459926364522342,5.948425210290548,4.433794193414252,3.464821081442815,3.684210748340948,4.335146550127103,4.316410152692693,3.2560325691677665,1.8546827741457335,1.2935295102107471,2.3876136585396814,4.993357378738234,8.039536967816735,9.773355541536102,8.42370736
15kg_10bpm,9BC,-2.91114808,0.6730791640308191,5.49878608408432,11.054997865813514,15.849382678188219,18.45959393450188,18.341809064180584,16.057368498589334,12.692257896026344,9.13103883284177,5.873058635764925,3.329486557321604,1.8812568308309934,1.5836240186294661,2.150119786613067,3.1031501370672188,4.036938437491457,4.731512555826235,5.0088303755634165,4.718755845462083,3.7595338008826475,2.286610029231985,0.8118340883950521,-0.08013275962825009,-0.03548391428336941,0.7528550700000001,1.6448026403881326,2.1024060817999253,2.115342863821213,2.1722157944501537,2.7792550765956148,3.966898130264997,5.1048683761654505,5.120949695724462,3.0828774331406814,-0.9376486270638367,-5.526161088412745,-8.665011584087187,-8.936783063218595,-6.303082794247917,-2.0794686993020703,1.858968393792511,4.17075735869531,4.664690312176371,4.151610941455568,3.8217018388229724,4.518679144862854,6.187096122833399,7.932216801703055,8.677682064032004,7.988697320000002,6.461776669788891,5.169931512321445,4.7099430752528155,4.850649399326907,5.115834855351728,5.419835123468012,5.91319187151337,6.397838255282814,6.23392737553585,4.983391657631671,3.0296717336837777,1.3967352480270854,0.932461102989975,1.6018684833359194,2.4735282757418373,2.4373654029743883,1.0848459388714193,-1.0084019583913135,-2.8393572598444603,-3.7535577370268776,-3.6472589621364087,-2.70752964326957,-1.1974543902072936,0.6025679462867717,2.3402636899999867,3.615248912677951,4.064947283345669,3.5011609430265476,2.147433142063661,0.6090176623378549,-0.5922216671366448,-1.2505683672695571,-1.217377635227105,-0.09420724808947273,2.7503894747437663,7.859253882414924,15.300588582478941,24.2228128099495,32.81389532355125,38.94529953492582,41.01138998034639,38.477066309066316,31.91240192794508,22.667684317698672,12.561639495265686,3.80234691257149,-1.163784005235148,-0.3183706277545058,7.346716952921344,-0.93074857
15kg_10bpm,9CA,35.83994627,22.75495157,9.099589139999999,-1.30980456,-7.17443681,-9.70053221,-10.47814528,-9.9420386,-7.694206490000001,-3.6840331700000006,1.0939013800000001,5.110431840000001,7.1313197200000005,6.908968780000001,5.490641390000001,4.30590304,3.8314450700000005,3.6569420400000006,3.8000490300000003,5.02643628,7.68310092,10.83029394,13.008399220000001,13.812427329999998,14.22397782,15.12098298,15.594023320000005,14.031754460000002,10.417700320000002,6.41578257,3.5672820300000003,2.1298758,1.4382319300000002,0.3353716,-1.8722403499999998,-4.94801599,-7.82996464,-9.78573757,-11.56639441,-14.01365606,-16.432495850000002,-17.436408840000002,-16.19815115,-13.077273090000002,-9.428121950000001,-6.441321710000001,-4.419665580000001,-3.0614174700000003,-2.0835968100000004,-1.4227544900000002,-0.7515958700000002,0.8229705,3.99584213,7.923854580000001,10.47517827,10.212628990000002,7.90151646,5.28650404,3.51625996,3.0065916300000004,3.80198139,5.489815570000001,6.79258944,6.453521500000001,4.5806736400000005,2.6586214600000004,1.9103159600000001,1.9137290900000001,1.2455679800000001,-0.41888901,-1.51326516,-0.5069530600000001,2.0327272800000005,3.74230737,2.69726971,-0.4192041000000001,-2.96855065,-3.3708297200000006,-2.45505346,-1.686703,-1.0920521800000003,0.21291214,2.0242723700000003,2.5810147500000005,0.7310811200000001,-2.25072789,-3.8644406200000003,-2.98025345,-0.57178324,1.4046138700000002,1.8070848400000001,1.4983835400000003,2.2617865200000002,4.75264345,7.71323435,9.147436190000002,8.212942740000003,5.60501894,2.5650955600000005,0.2194598299999999,-0.38889636
15kg_16bpm,10AB,2.83705552,2.730769700688511,3.6932980017729964,6.080063892262601,9.117599689043754,11.530766785732535,12.341454273289383,11.34703644069042,9.079518936755123,6.4652739191206345,4.488088646575789,3.83152038032804,4.4750878492520325,5.5798277258276245,5.936486332708349,4.638310466400451,1.459415578590444,-3.1615514517015013,-8.402857712337125,-13.338455528563639,-17.033202217158973,-18.655438603175227,-17.76289367375559,-14.437578094957995,-9.184732659310123,-2.925185120000001,3.1365523286343127,7.906973241201197,10.831274967157063,12.051672023924024,12.028184705473514,11.04635999383132,9.170785775630568,6.594041882550395,3.7597138270152923,1.1589199228286742,-0.7592412848187905,-1.572255597191078,-0.9444578176555295,1.2669990124566533,4.710433850462926,8.05721128331588,9.318108807347041,7.242542099532241,2.5377854820149546,-2.313005282938264,-4.767773689532438,-3.9284941341748802,-0.8088090872993157,2.765393164919602,5.48042752,6.970171176315028,7.354516088073159,6.575755480960103,4.420971986770646,1.1510163472940402,-2.257814509622253,-4.590782362560615,-5.1456674043303465,-4.11682837979201,-2.3118689942120985,-0.6201721418839651,0.30599674069000393,0.225023182559125,-0.6768631240647194,-1.946382380830154,-3.1455764627670804,-3.9592971765141622,-3.9390696838185986,-2.4840041809713087,0.5782319227903213,4.363660427248707,7.163281123138641,7.498173320729572,5.1069574581433415,1.07297737,-3.004837634568366,-6.053253060121652,-8.047208204008623,-9.63802754498744,-11.109374040556334,-11.852546938316348,-10.904901766113474,-7.765923966720695,-2.8089442878322433,2.806982572277063,7.609940184357494,10.525653942723176,11.294407717629396,9.985623639665612,6.294156113517673,-0.37706352894979445,-10.062441971897227,-21.16238884422886,-34.86742899466117,-6.993213446786221,-9.63736094703168,-6.6003549624904965,-3.012940331973256,-0.4842455285629012,0.93620732
15kg_16bpm,10BC,-21.91492717,-5.4847323107485035,10.14160842364522,23.165234942288528,32.23713487858778,36.657281163819164,36.462380889385436,32.35408665171785,25.51270625924864,17.349801012699356,9.251423011558018,2.3895132607333216,-2.3715935669372463,-4.525518905216131,-3.979833290576781,-1.0865525611840037,3.4023600970867665,8.485018150361281,13.169398032851102,16.715022487458548,18.67020949989564,18.781715986022242,16.96310916789561,13.349118291737451,8.383818096370714,2.85832444213024,-2.2389460247137265,-5.991542802813402,-7.772671960662099,-7.369995907619174,-4.989200042127026,-1.1477373730910612,3.430593195532346,7.922337118638962,11.585036463144968,13.93113383809722,14.761452607869016,14.10181039354962,12.137356125726258,9.168380807329802,5.565318120944806,1.709001922265901,-2.0486299436222026,-5.381975666556113,-7.985353094295172,-9.60755161159514,-10.112593324408676,-9.52494000826379,-8.01170348421575,-5.8019514057733375,-3.1071126318704927,-0.07286218007008624,3.2142347470145407,6.685073980408489,10.252427985907154,13.77747414517199,17.010333133927254,19.56139514854775,21.019552459252274,21.178309088238716,20.138991751897276,18.194045515846337,15.638197132848878,12.664755031183343,9.357116541145908,5.7397663619508466,1.8669847462099631,-2.0912109644697225,-5.822808593025065,-8.869284140118548,-10.650624041103747,-10.583547598026565,-8.325616032691334,-4.038737576500437,1.5052235822570308,7.081654713685348,11.369396019683244,13.34028745760794,12.577536965763231,9.424180612322465,4.876695424789688,0.2951352192520274,-2.9476474550197684,-3.8025797079505446,-1.8058888810867046,3.3629336964074428,9.315407323842424,18.18417097593927,-11.903315058164518,-3.277184869194251,-1.5621471663938633,-0.4249473670659129,-0.9171025287051291,-2.161355647000754,-3.310030052690159,-3.6893742112810965,-3.017515414020574,-1.4996890282841244,0.29733953982538047,1.7177507679662105,2.29768081
15kg_16bpm,10CA,20.94122433,18.370110277972966,15.124712859999192,11.122682118452085,6.057387827015917,0.8489556661997866,-3.376961017192553,-11.496681486141515,-17.14194871235132,-20.520528173045005,-21.79513035413698,-20.768752004925222,-17.098784449728313,-10.860637067303275,-3.179660223825869,3.8145605571076993,7.859239088345929,7.6371672368118855,3.387636906130158,-3.261163293448171,-9.982796924418546,-14.603530942779335,-15.646439568064446,-12.535327571118161,-5.519272706244864,4.352413613615178,15.164052790640712,24.502639412685213,30.009860974719725,30.396443149596323,26.267724978470476,20.0112987031692,14.477922119659874,11.143129678033048,9.434624000433045,7.846228554370886,5.395495155160485,2.1409161791889173,-1.2592059339400719,-4.193266409277612,-6.467239263731739,-8.39464001760193,-10.487879101791592,-12.880240876896897,-15.064494657445014,-16.25819955302041,-15.9490101756091,-14.134954552230962,-11.315039703001675,-8.311090464799115,-5.795717960000001,-3.901957010657987,-2.4612910680668976,-1.7472799045619176,-2.6152798550914285,-5.424156205206962,-9.05156700411083,-11.322099929808592,-10.470003822181122,-6.391640655536382,-0.6990695126178834,4.403803236173923,7.368976284691182,7.925031507869987,6.961041740389463,5.8320479014854785,5.496123462697051,5.957669362608841,6.417876086766466,6.061788178484355,4.838145309544152,3.589566906411856,3.312835986187833,4.092908824783815,4.816778016389032,4.016929059180075,1.3421190250147603,-1.891961942693863,-3.8220163657549473,-3.675630382951705,-2.1701624340147094,-0.4767068071992764,0.9628723499316042,2.5710892797401663,4.77790189031089,7.280185843271229,9.133903104471155,9.492778940088284,8.243434666927438,5.991688989617883,3.607006178496716,1.7113621481486778,0.4949926481512596,-0.03574969952629942,0.2508476812003612,1.2805659958109292,-0.19927013286912607,-1.043843348047369,-0.7315628073319678,0.6098974657947901,2.57542133
15kg_16bpm,1AB,-1.6561237,5.304256982903588,10.524981940979755,12.80774575649204,12.236207099973537,9.811035761329347,6.763635820573661,4.10771469898703,2.593706062063028,2.7513610093824723,4.6154018500000005,7.549069825991741,10.60748895138961,13.05893905229988,14.461888526262712,14.458675826562956,12.722575221099966,9.01802988570772,3.6794958430988274,-1.955343055305785,-6.060623140000001,-7.533174018172476,-6.911959564447238,-6.11082714839819,-6.970238852905862,-9.787988988178613,-13.251316239569803,-15.811889603644968,-16.948885703107077,-17.00213765720485,-15.93470974,-12.813349101303896,-6.856825601084696,1.3853135063484239,9.69185509356657,14.955862074444756,15.00258628900415,10.259070244893085,3.839066899003656,-0.3230452518382174,-0.032305850000000025,4.136316113469539,9.79624998708707,14.395493564132863,16.31613061544701,15.108704802219881,11.179373051383639,5.644203114321249,0.38146426504907455,-2.526262695852757,-2.21217184,0.2031622142290274,2.7784202541039917,4.210803462289483,4.349268455571429,3.9341154618871514,3.737169553140117,3.897413405688064,4.083112738555401,3.9538762838250983,3.3929391300000007,2.559559671222375,1.8399726824774763,1.454663179400055,1.1307792534296233,0.5701632238655886,0.06609705413096231,0.29646661170744054,1.5417316047072065,3.2282512103414853,4.2085752,3.544992135834387,1.1742535905471914,-2.1318460780080635,-5.251620432105953,-7.184354572349036,-7.465752830045171,-6.509692447902301,-5.551395869749076,-5.92282708576038,-8.08889163,-11.10033598769659,-12.883003145882912,-11.40579316860066,-5.980307695006355,2.1346813897947308,10.254717793717605,15.68522648880684,17.018384439667695,14.19672496425905,7.6521488600000005,-2.1293882836515237,-14.197130463942633,-26.666304569454855,-36.447829910350016,-30.000101649605167,-14.533902500285114,-8.779197001357684,-3.4725026220889004,1.0419488732722746,4.30744513
15kg_16bpm,1BC,-7.27995658,6.314563337833067,17.22162885348532,24.587053637350184,27.975175166794806,27.529590248018412,24.018113681838617,18.644035822088405,12.711097981806349,7.333586724348119,3.319046879163351,1.0867928453523807,0.607811884982405,1.5099744620816355,3.251949358741622,5.183165352863973,6.616769588414356,7.0250231296018395,6.223681695327452,4.385762828149629,1.8815260347437173,-0.8252021068714275,-3.2012954249928494,-4.724798821944206,-4.976057195888816,-3.669613687964036,-0.7738159337543226,3.369581429642766,8.061546747654553,12.422149371916765,15.637566129894305,17.208686220579818,17.135016068726948,15.852361659428297,13.972098177011551,11.973715455158304,10.071224045714187,8.27171319045644,6.492845202092518,4.697202857752994,2.983016797407596,1.5503661648339786,0.6004431060001123,0.25743875309791153,0.5197366774863201,1.2478900149856993,2.1999005926578064,3.084898223676767,3.634454956312638,3.7470037101067204,3.614991301498524,3.6378055880480487,4.215620145939635,5.639376687595377,7.99697427473926,11.084219891146661,14.502307254538694,17.8544651767411,20.815273077117336,23.112317272071575,24.45023064211687,24.400302732947697,22.44164292753686,18.262247141635175,12.104803130139965,4.890176372541466,-1.995235471521584,-7.139642496817761,-9.549685570249835,-8.926172426615198,-5.701073184509984,-0.8813316208757594,4.249033975313212,8.488710452253757,11.06276888108621,11.814744634109097,11.087955200028322,9.395221746025783,7.139436318587811,4.541672208295542,1.744474064271008,-1.0199284347481445,-3.3089876684406017,-4.458929262390205,-3.7038302441235635,-0.42263543379564505,5.534180434560302,13.588028877283604,22.483573368092184,30.653165115896392,36.662715029133565,39.557963283495795,39.08796800651409,36.15334765661813,31.656695379758737,20.6174113271507,1.9350984316019266,2.047731151559752,1.6398530491267664,2.038207570181376,3.00706977
15kg_16bpm,1CA,17.74122223,12.620265020315802,6.834993514948667,0.33785509437097516,-6.306465109130792,-11.86113989011468,-14.927059262143965,-14.731145690242094,-11.550945451391925,-6.596152722474914,-1.5124233150075808,2.236324261221235,3.7807904026884023,3.024660171204888,0.610915206518674,-2.367684862859959,-5.003688088332459,-6.929847046397834,-8.104711006751968,-8.425592587594359,-7.576764357424975,-5.2461549410243835,-1.4111181479168462,3.6060900718936453,9.181726672891035,14.539697279056956,18.49255348541069,19.89050465169928,18.401756869491273,15.035974749848902,11.725874845360787,10.225251760632643,11.180943918831963,13.846562472362724,16.4623642658303,17.12041226465999,14.554424657878581,8.607875903390655,0.298117262947384,-8.660903670715879,-16.477933960451104,-21.635937936476548,-23.098604295888055,-20.772947714258006,-15.863164807284099,-10.521263502575895,-6.932663012753685,-6.346281888791866,-8.478170312837296,-11.644778110402868,-13.808793068658924,-13.770656354316182,-11.548688136266328,-8.014450035899396,-4.297327647033251,-1.3609726087909462,0.22859804511176057,0.40998666538913775,-0.42294483606093225,-1.6126790421895851,-2.5120434196905093,-2.6958945762735445,-2.036820723976701,-0.6568154127088452,1.1528800847883667,2.979942824070493,4.3654961375056285,4.999642920481463,4.977786928692846,4.842717703165798,5.242915901329653,6.397973186717932,7.891481297450779,9.040447454363136,9.536598780948589,9.766133364951218,10.476514598391057,12.024046620776991,13.870250560367174,14.872072735489954,14.16782773482058,11.838639499129187,8.760943300968565,5.883054272451163,3.5786015499584543,1.5842500042765029,-0.46656728774891265,-2.472110435731813,-3.788584594283745,-3.736719434983668,-2.215241194582572,0.2067649262132304,2.785841947924992,5.153428902714436,7.393906896608547,9.717626157082899,12.084119946434868,14.050639802816113,14.957061278164186,14.284891432173131,11.90085621
15kg_16bpm,2AB,3.30586558,0.2848609981476994,-2.292006907815701,-4.210190547959849,-4.9700208956364405,-4.065483264298555,-1.3482673000131429,2.729583442196815,7.116411261303604,10.601803481305058,12.426581580921228,12.557880977346462,11.462489558311946,9.739731734852503,7.882726078261745,6.10949021032844,4.292177479722772,2.0707574379219253,-0.8795513765624622,-4.620619512438317,-8.884146375336037,-13.120234161711057,-16.573086374422477,-18.40146896967146,-18.038111638408395,-15.646514960000001,-12.087634421659233,-8.358470644798212,-5.037956528560038,-2.149219956471248,0.6205912070404525,3.48080184812108,6.10067346153113,7.565068265472591,6.985079590821394,4.367654116905466,0.942321585905041,-1.3686864838901607,-0.897027585021308,2.928270873092691,9.163783781962753,15.576597721350971,19.61415484304479,19.736422205197652,16.164009095207188,10.529705776175907,4.967921358771274,1.1534298506934337,-0.4827901349519489,-0.634835059324842,-0.3972996600000001,-0.41005975213481016,-0.4426379282366907,-0.06602256000135935,0.4566760134421565,0.3467568185446292,-0.7505512878590463,-2.114792559336988,-2.3282082035645595,-0.5320835866498304,2.704849417777824,5.748080266909597,7.107856015496638,6.272114722929436,3.707087489694059,0.5334491400044981,-1.8673329337110476,-2.439826810545159,-1.02037541447548,1.5680882431162653,3.9772746675611694,5.0566969605380505,4.423021311792785,2.5266746409326886,0.1817908178893474,-2.0086681200000003,-3.867038792097684,-5.517763939534424,-7.179549491062919,-8.971873428059059,-10.646534331383517,-11.413968484619625,-10.323300655367825,-7.033026858408957,-2.3536897965744763,1.9669278196562188,4.106857754306299,2.9237199072423463,-1.8692292739596275,-9.813708737053428,-19.814203408238253,-29.276919747798438,-21.43394601888936,-10.013454129013237,-9.280650083087666,-7.713551619976989,-5.515895622028859,-3.381413519012145,-1.1622982144336094,1.7998316799698884,6.00592682
15kg_16bpm,2BC,-0.27286813,-20.000973753961095,-5.744202629959979,7.744337066332424,20.81963985099512,31.056419622515275,36.981677403854164,37.95471332494275,34.29223439400728,27.166665523611886,18.27552789270112,9.426336262101955,2.137392937073762,-2.666972081973493,-4.756266591635745,-4.473429050518586,-2.535002155313172,0.2027803476676837,2.999113626609196,5.341269277723391,6.9498724440047095,7.801994069458234,8.078917881383465,8.03117811069035,7.858920710622242,7.68825794256157,7.611493111071332,7.711168003395025,8.023489008408404,8.490714099744359,8.95074435524215,9.161775519255107,8.902870816366942,8.129773768064714,7.028855489473479,5.930919323474182,5.173929106131479,4.986088561545666,5.388639123237538,6.144307847441049,6.800969963809033,6.84136606220294,5.892975105986374,3.909724218365003,1.2292936080785277,-1.505248540842607,-3.5212407624208,-4.157607819489246,-3.0888892620836677,-0.44003165534169925,3.2553456147803796,7.2381672108086805,10.751604327092386,13.222149563711856,14.376117356749248,14.310389723684466,13.492386167195608,12.589828592058446,12.13742144209429,12.251669359743849,12.591662044618124,12.579241317588414,11.738081661799445,9.968799282518384,7.600839269917411,5.237851063290906,3.4773547984494617,2.6168677472406627,2.565386072966907,3.0280238691376185,3.740400440271537,4.549873621184953,5.3560781352501285,6.016737212246035,6.3396177222386045,6.1965343465586304,5.6211060041723115,4.753793261464504,3.7511990118007543,2.7857692699051304,2.0880463364196427,1.9479014269766217,2.6544355966462696,4.385200413763027,7.135264869316304,10.780459814280768,15.183946048768368,20.206856886882715,25.721319924005602,31.399109129543646,36.071719735896295,46.929931307534034,4.037654471587489,1.4209025402490971,2.055577446004226,3.3129704367689103,3.296399821790129,2.78201473337495,1.865017540291388,0.6785153872693533,-0.62863517
15kg_16bpm,2CA,5.72510709,1.6637506391014734,-1.89077989,-4.7200333556603935,-6.277814300000001,-6.054445678511001,-3.9512683399999995,-0.44662998551757604,3.52148013,6.881554776674955,8.71945265,8.484745513419849,6.125412400000001,2.0472809779928887,-3.0463890300000003,-8.24542160030007,-12.490458700000001,-14.855522536139231,-14.77721198,-12.277065410459931,-8.032422620000002,-3.202764911194417,1.07147821,4.244756335069625,6.610926190000001,8.98994087507392,12.11964927,15.956536888586529,19.63755217,22.034769995926506,22.45453439,20.946876025735342,17.99988174,14.113955018335647,9.73857373,5.4267413520611525,1.8977900000000003,-0.29239504176552633,-1.1424864600000002,-1.1013021902537834,-0.7768754700000001,-0.8278051437877433,-1.87418089,-4.241237041533563,-7.73774311,-11.719124430216976,-15.392264390000001,-18.08375586968372,-19.329594829999998,-18.941642004979656,-17.12123547,-14.415603187624301,-11.480345209999998,-8.7773105998067,-6.40015242,-4.150970174927397,-1.8914713800000003,0.15710856478136054,1.5874625900000001,2.2384874575466505,2.32135366,2.1585085952928447,1.87737593,1.393170147225441,0.7269519800000002,0.25364459523423144,0.49458253,1.6072903293445278,3.0855797300000005,4.000257507600337,3.6168144700000004,1.9698809666879111,-0.03348255999999997,-1.0906675603717173,-0.24579268000000007,2.508947900141387,6.18704285,9.4295745767696,11.300015780000003,11.728735580339404,11.355820480000002,10.859553439331433,10.411385880000001,9.694619225675947,8.26959349,5.95189960176933,2.8743317200000003,-0.5859962326811267,-3.7373381100000005,-5.759552944850743,-6.145775900000001,-5.059939550080279,-3.4633455100000003,-2.635386020974803,-3.3007018300000004,-5.02363910547999,-6.27877978,-5.29820176281573,-1.39933027,1.8855766593979442,2.11571589
15kg_16bpm,3AB,4.54376644,7.842805941533262,9.89421283753183,9.977387535941336,8.466489707792132,6.63199686682199,5.800292254430325,6.55828659455062,8.481461978975716,10.462416869889239,11.43535038237322,10.866710651619538,8.84900099079155,5.929053348574199,2.7926406104939283,0.026639679881862624,-2.094938606311308,-3.763738802056064,-5.586896607871146,-8.238302003093112,-11.957797275335151,-16.30633792738413,-20.287041231432887,-22.694777500646076,-22.513450943084955,-19.206022120472042,-12.905371826410883,-4.510002356040801,4.448098259061221,12.223105912371782,17.452302767739226,19.61125280246485,19.15668284767831,17.218939041139294,14.801860128418797,12.116200600107826,8.722810090774486,4.3162190294116805,-0.6302557028805813,-4.81577014726907,-6.7028867500316665,-5.4838221406104,-1.583396152723,3.7139915727670973,8.909925636380983,12.67202202005619,14.07455694110306,13.006374781266421,10.341322191846912,7.371904253405948,5.08942968,3.8570061970895138,3.48832338109278,3.6225252826585677,3.803592396887621,3.289971351421869,1.1479648587095928,-2.9956815017799894,-8.19035899471879,-12.38048496649711,-13.538208890122979,-11.096140476065273,-6.428622221813899,-1.7609356573884278,1.4820484765588218,3.395788870013488,5.001003183719736,7.022225502348397,9.148578870142563,10.417255607401422,10.20393720470789,8.701465757103966,6.5325079159390524,4.203458736093109,2.0146717952855853,0.24287104852682007,-0.7935046759714596,-0.856913027853892,-0.03828899357460557,1.0639303330340786,1.4746990337071078,0.24102301725740688,-3.165752334744842,-8.673345205160885,-15.795771439290009,-23.96474367816848,-32.51400591664174,-40.299548726850084,-45.54550991191285,-46.39843828610161,-42.03319753839473,-33.47048440284816,-23.292987092934585,-14.60266912772659,-9.933007699282978,-10.565798659872684,-16.28067280389951,-25.52940337392455,-36.425788896574524,-49.427871120669735,7.06217486
15kg_16bpm,3BC,-0.98879227,6.239247258804291,12.782662153700763,18.02988548305169,21.38254994905406,22.40257620803843,20.994630232037743,17.511916975732486,12.717104018444411,7.646394284525088,3.3832777113953507,0.7608479049755099,0.13680185945888887,1.3636591524475314,3.891954573909355,6.954371755483749,9.824111169746887,11.975061450906718,13.108734139365994,13.142936807637094,12.1890917853794,10.513249757899969,8.472055800326618,6.438653638647375,4.747267545230776,3.6469869900000003,3.240090720851755,3.4879329808323742,4.28605424488989,5.4659625531065705,6.810324043682888,8.0758798902954,9.027204780249235,9.449201136289055,9.195081854204318,8.254664408238098,6.744274195562217,4.880579114937117,2.9563260191266285,1.2798097335433876,0.07859482534447484,-0.5863231997259513,-0.8518989455275,-0.9902951011628748,-1.2734892429497497,-1.841694000567084,-2.617040013927203,-3.2780514773540608,-3.3334333688880884,-2.287807787680123,0.17404177000000004,4.0657367949570355,9.036505636014507,14.356005643505473,19.03375424812583,22.10062527847519,22.926847971855672,21.436574930638272,18.12327579294068,13.851485698115017,9.554170430761426,5.943216513024154,3.3279265832283422,1.6437303094159532,0.658656137865799,0.2036657975871485,0.31982575454419243,1.2408537771297157,3.1921799395737125,6.129762704247405,9.610065743731038,12.884080141763556,15.152288916508004,15.831338076997492,14.73235759984235,12.12894168,8.663933020895309,5.05188576405329,1.8201476424910745,-0.8185161503194822,-2.8546376402336855,-4.212031830977044,-4.489863026619237,-2.9282437025572907,1.2798999178125232,8.4932485672847,18.255596316146306,29.212189880515595,40.31807977969011,47.94967733955369,45.68166852853625,-1.9747295172613173,3.321004229708482,1.322029640992983,0.0663491190826533,-0.6601108615696611,-0.9894500570974505,-1.097693565393888,-1.2573368776772578,-1.6155413056969472,-2.11556244
15kg_16bpm,3CA,-7.74314136,-16.0995176681908,-21.35098490250966,-23.553481086099154,-22.883163590504846,-19.71376366863383,-14.70610398365388,-8.762681708575299,-2.9305106625389583,1.7271503417856662,4.394873721485523,4.802765363018491,3.2944483044053765,0.588666225151326,-2.527706516826422,-5.317646390882699,-7.213328893305085,-7.926934791767002,-7.458805377089536,-6.014014910821263,-3.8080815917130892,-1.0444229817699813,1.952528619347773,4.694486384416208,6.708658969935772,7.92161252508388,8.57909767584532,9.177212297908387,10.171042054936002,11.663949637565839,13.32755965892257,14.603478802164942,15.007657594247673,14.33372934861691,12.708044334688033,10.349268016108201,7.259680441571896,3.3079252829208325,-1.398188025706699,-6.280342263964243,-10.480867284964384,-13.179347849608908,-13.829265824604786,-12.387154979458678,-9.410926561207766,-5.955114968448113,-3.19431983436639,-1.848390017649809,-1.9036763576002818,-2.8196441799860126,-4.031643473287129,-5.218931370271638,-6.194354021875279,-6.684442954334109,-6.289061060813672,-4.7029719719140335,-2.0698484036161875,0.9403252353502751,3.4717803090074875,4.940721338111527,5.309984319886256,5.008004406212231,4.531329924974876,4.055239826071848,3.3922895945805087,2.3542176570887126,1.1644392785920625,0.46559217719632295,0.8418690130105254,2.2736166078960554,3.9822087062592453,4.792993377062325,3.8683292013672093,1.3180905387254374,-1.8755540233905912,-4.622914886186622,-6.4863149053024625,-7.68901999916192,-8.4332345428537,-8.315599503670528,-6.544322313196659,-2.8163185834706934,2.032000660771972,6.413902428633362,9.111444219738571,9.991683706235197,9.773059134093305,9.177600739677553,8.242954398950324,6.450172456936587,3.5280304649527725,0.12440750981184971,-2.2348443813282213,-1.945590981568132,1.6912709416393175,8.003031640589725,15.526140207777637,24.683738406115886,-2.007774000434998,-2.115055173655324,-2.70663068
15kg_16bpm,4AB,-6.25360189,2.198894213028612,8.387005665061974,11.66403102183025,12.261590171164253,10.804384290073118,8.005688594564827,4.715612096685533,1.9810541923486507,0.7574530040923346,1.4724200069710756,3.8867071580966313,7.320363845111091,10.981111341171076,14.064365285065216,15.69020167034033,15.068181008544787,11.833644861245409,6.190527532966327,-1.180345035515001,-9.192377376373383,-16.3693198495253,-21.258210909021063,-23.17702204470088,-22.594328240976132,-20.68087379427168,-18.416744662755068,-16.004052747080454,-13.108309281886964,-9.713672627394633,-6.436391826677116,-4.054777657250167,-2.9140626758456554,-2.4007247116056867,-1.1485559061872896,1.8717842020020268,6.385900015900655,10.949046221806878,14.043732881781537,15.012749611838851,14.183201790389127,12.364341103207991,10.408026533157573,9.113050156430862,8.974104323796643,9.85292030112804,10.945675895885971,11.222076637491258,10.203279377472969,8.433341329172826,7.081337010000002,6.873829892963654,7.478161047355118,7.827415587870063,7.03113301983557,5.0922291617253554,2.7090592847587645,0.4892045414084965,-1.4665391603914617,-3.1445948521387255,-4.1842845640646305,-4.168665624913424,-3.041199332940611,-1.140468490884424,1.0658131513317135,3.1946039191397597,4.830359522533448,5.331882568365746,3.968285138432619,0.48288655350983833,-4.357939375286728,-8.851123123129215,-11.194016383318267,-10.495436550179905,-7.223943610403179,-2.869116069592325,0.8679048993396681,2.8048362373319446,2.685608986483137,1.2042053215694284,-0.4977217118082899,-1.5695525898112603,-1.7498606831326582,-1.182236972108326,-0.27977714614106286,0.30695099893952354,-0.058330816107206446,-1.7057890026933826,-4.621206561663371,-8.514255690938334,-12.911160923134094,-17.292206471405017,-21.16959548629217,-27.234056115775978,-2.2070645585698867,-4.6734926661611444,-5.8796584316743905,-6.423704388401147,-5.125294068314585,-1.4195006507676575,3.93569932
15kg_16bpm,4BC,-12.8923699,-13.505671543379412,-13.677511602901552,-13.008084936469617,-10.867149043923257,-6.60709595552439,0.175294883833236,10.256518363776658,15.064601575216034,19.78489087054564,22.954025567193124,24.521819274918794,24.23787950748829,22.10481296579701,18.36948205200327,13.657135939542624,8.976414640475513,5.430182002198777,3.78852522341788,4.182591733991627,6.05923438086866,8.399388574438701,10.078153899874625,10.299630381513738,8.903405702452098,6.3798547696181735,3.6256578278589995,1.5224146600997197,0.5449314163393519,0.6752357201144004,1.611695607279794,2.984876678190934,4.473634196815423,5.780985655949876,6.5863272256707175,6.6423877516753596,5.928923010390581,4.678531890293355,3.265112949141947,2.0507746254385824,1.302275140139339,1.158177838879027,1.5672743213620501,2.2839001749530636,2.9246580833041143,3.014516999757975,2.1086558245295945,-0.0046623006059124394,-3.1198342681379625,-6.494786143992923,-8.999701150000002,-9.492317137645928,-7.29520195673527,-2.5066827248582944,3.9616054251585786,10.689476081514183,16.338338576239114,20.1384214732821,21.94831638664207,22.01858187824516,20.724690809540725,18.473815494224873,15.754373381191016,13.114141017427075,11.032914868699208,9.751331458567037,9.191685851379575,9.040897874050787,8.916455808990799,8.56863580927188,7.965561657421457,7.2474804824059165,6.6995816451628825,6.64845209322895,7.208813604218242,8.018600203284576,8.271586941964548,7.22778452621149,4.79752598919377,1.5879080821678804,-1.579247148050659,-4.1665445435535515,-6.0411230674075265,-7.246435794025936,-7.698649690512271,-6.967041997758332,-4.305847273854959,1.0204429580488852,9.325856107920313,20.258534889721588,32.82605199133496,45.38458275166305,56.74908840376044,69.22800888086716,22.087984827812004,8.694203825869636,6.345773294688825,4.943475800413633,3.3112191010304044,2.583772359263028,2.63745147
15kg_16bpm,4CA,-11.95600188,-16.923309596167297,-20.39837787216186,-21.53558113677902,-19.758687813898444,-15.228393940198536,-8.91253803577017,-2.301343097257432,3.154995755780081,6.564081317036987,7.689640420233116,6.7313786067722265,4.091380968849206,0.34347729586418463,-3.6266503521344835,-6.784923043233499,-8.367733329714914,-8.161721189696392,-6.401065868303419,-3.475988689502075,0.2491205608953291,4.456876939435544,8.790205219848662,12.824642633029722,16.241980350946143,18.746893930000002,20.067915407261857,19.99813907661443,18.485407879487436,15.742720859219016,12.188603132810744,8.286457068103958,4.589918002104631,1.9035240307377483,0.8952155780876868,1.400665384654289,2.3093387923959243,2.302919635327729,0.7374137988456837,-2.122580448404334,-5.427887649001633,-8.325664921201707,-10.433807680996065,-11.802493806486668,-12.641257110177024,-13.20408483801772,-13.717891832671972,-14.234520123647897,-14.498737607504339,-14.042557098355255,-12.48753024,-9.92766330676346,-6.999712729324437,-4.546535198886651,-3.114195722602301,-2.567452054861542,-2.1648407636960103,-1.1357297517811817,0.644044105623825,2.5357151651829555,3.7485691410159463,4.060926530967549,4.013114719920675,4.503147982582464,6.126238442116411,8.741962796577774,11.5404270123475,13.466674495257774,13.74152943998196,12.264268984074343,9.627719473962378,6.684839784798353,4.0489589881156025,1.9376366681365627,0.31039269182268653,-0.9891372,-2.200150030315481,-3.5128902371522512,-4.773991352485427,-5.4240412297888305,-4.890373818344059,-3.085155905636883,-0.47427271935583476,2.1996914532064884,4.29266649363157,5.585847662063064,6.129610324150538,5.8464586705881105,4.468064686188283,1.8627378320843817,-1.5905623052934843,-4.942181684710007,-6.9709565810717695,-6.649857703258237,-3.57373549422137,1.8606257481715345,8.608015464013103,15.267283326406302,20.392230514860433,22.787177070594083,21.74038311
15kg_16bpm,5AB,8.68970794,8.325804763095363,7.205773155217094,6.10997262276692,5.570491984349922,5.696042565204539,6.147121900329115,6.363841358834204,5.946243025216544,5.010178241626553,4.19483610329229,4.184857102810717,5.118152398552148,6.377537791801522,6.968050378096203,6.172729015260813,3.9472353399007463,0.7970403014521567,-2.690815440389661,-6.243921179815448,-10.026408761045584,-14.407638811966379,-19.396431994572595,-24.097550147370065,-26.808337767457953,-25.95091542,-21.16873401825711,-13.671152766447419,-5.588306230815602,1.1974600048626576,6.0057335135582255,9.462242784301457,12.645069498424428,15.976578892233396,18.827960307550107,20.00370957656247,18.68354645742601,15.177849668823832,10.786669460893856,6.992699833494905,4.736737531554052,4.256928151673655,5.352555022653649,7.500541362483696,9.999274395800258,12.17171642394841,13.404412581222012,13.10983706619787,11.07236027917657,7.792798593677917,4.1739915,0.8442678323757695,-2.2771438409942726,-5.699426906085287,-9.42884287850469,-12.336458615696573,-12.699213399172804,-9.710356317778967,-4.589865593817556,0.04069929073973047,2.1539697247390714,1.823448416051337,0.8193005268281951,0.832159761440874,2.0383579546665684,3.1499041700032078,2.7249932336491183,0.32658727008567723,-3.2555297839684525,-6.537372434252494,-8.084931927309587,-7.166934460253639,-4.134254655531371,-0.3612447012090289,2.3507914215878087,2.71883522,0.7372380635412875,-2.2562088701636402,-4.321099536691626,-3.948272917900311,-0.7654381140954603,4.349466554981007,9.799991321205454,14.030962489344953,15.914551134184032,14.665155687958904,9.815749263772684,1.431315430257122,-9.259207021062453,-18.693669724698765,-14.911480809157197,-14.23426170072526,-10.070185464786892,-3.9584698862633694,2.0964969068360224,6.365491124301971,7.976840991933197,7.263214182831946,5.560460317878391,4.41191469287273,4.76994542
15kg_16bpm,5BC,10.44005307,2.1027859967508142,14.451552366065403,23.552784880930822,30.215270996999198,33.45860266699093,33.2071175510321,29.816763849178685,24.036348524370236,16.896926953905766,9.564421561268627,3.1332420319149366,-1.6155150978441482,-4.345090941766318,-5.125254075078945,-4.332255404540799,-2.5182671935644376,-0.2396218887362783,2.048549100597209,4.037690995802073,5.591344492696895,6.68160388503067,7.301857724039595,7.509305902266533,7.52708285361572,7.676590571481822,8.176234951462135,9.037170595287924,10.112327870032328,11.169285900809268,11.985180168284403,12.382843781127628,12.189288745517599,11.256641563265678,9.562958625656387,7.264281816901121,4.656819388322007,2.0889629099085965,-0.10395854499308149,-1.6786374226498397,-2.524637064976565,-2.66510266729201,-2.242467618682999,-1.4771039263706263,-0.6071080389345505,0.14221693846606207,0.5695687246311539,0.529806322194515,0.011832892023567397,-0.770581905677541,-1.3776885796247953,-1.2598729697498907,0.08389669997032231,2.955809863688915,7.307530490744897,12.617582609583389,17.905559420408483,21.946161701077337,23.669834540694307,22.590224100063207,18.98603322731674,13.75996392205067,8.112474402371669,3.1890427089454074,-0.16380695158036412,-1.4709614179291173,-0.6108172439664685,2.175840488611648,6.273461252689318,10.764406236576685,14.602524415605593,16.87285432297461,17.053796112683685,15.139077943057833,11.599898942358456,7.20722890543408,2.752529571816218,-1.154023945134017,-4.09937920139827,-5.798014782632635,-6.010817153949734,-4.484520137221848,-0.984278894988704,4.5668661641286645,11.930685610267549,20.502949232157487,29.39769123707603,37.60139062601236,44.14172585082602,48.25059012238296,49.50082949169604,47.899807046351825,43.92522799433397,38.666502320360316,31.99160163846707,29.59357814496436,-1.9755736164842967,-0.14075037532159657,-1.2596166819378904,-0.9226238306446868,-0.44646519
15kg_16bpm,5CA,-3.17090624,-9.510110149255489,-13.573279489075036,-15.339358349077276,-14.973491898403983,-12.933399054139725,-9.929715563471735,-6.709359573579189,-3.8236099492070825,-1.641633124223549,-0.3970371295448662,-0.04369173419914889,-0.334289814508819,-1.0689103283481585,-2.1495582680470626,-3.51093042372883,-4.975332770738342,-5.983409607553543,-5.85210421522021,-4.03025780315407,-0.31164114601829046,5.058666900898095,11.374459815748114,17.446752967226935,21.835620596918176,23.524042565970976,22.482343416753707,19.76692740522546,16.933952892575082,15.14685463313564,14.68842417877215,14.94376763057622,14.796831305657697,13.32250964090183,10.303111287315993,6.233856336409265,1.800969328863373,-2.708502804051883,-7.37138513137103,-12.09992581479256,-16.2778282482508,-19.0799912919023,-20.11141757163019,-19.651887129961587,-18.332517645223724,-16.72738210175564,-15.24206807712485,-14.166714165863853,-13.729517177061153,-13.948679250410187,-14.283712967847016,-13.754031361156683,-11.507957113918739,-7.228475326954012,-1.412565169943755,4.551917820262239,9.043261995330173,11.119479315570505,10.962259016303987,9.618608133749756,8.301951974584346,7.80175248495397,8.302575942979066,9.435611075442102,10.495593587372188,10.773829809054286,9.85062652020015,7.839174719810419,5.448382362816574,3.656030630259236,3.0638254924591917,3.406144722574225,3.7312493380324776,3.13115852809737,1.4255112456787402,-0.7048958015433375,-2.3207398706245423,-2.962306907309163,-2.7966848850063024,-2.221922057389835,-1.4833405554224834,-0.5836238264769997,0.5542088483394262,1.7855422162369647,2.649067715614569,2.699856881508835,1.8317023136861712,0.19561614285704715,-1.9989611987650147,-4.504529823551877,-6.884934512545747,-8.27716870103206,-7.469379591487935,-3.7085606236919113,0.41328601265043796,1.2113881185288708,4.005056416177168,5.468872934810394,5.152195954825147,3.5744521732024044,1.61918424
15kg_16bpm,6AB,4.6798968,7.607182444624192,8.90393913964594,8.872831358203655,7.771318930993377,6.282146605239326,5.533771589697355,6.400053756977897,8.72068576345316,11.226135460806937,12.397251619838956,11.541469529802955,9.172987527082874,6.393866751328878,3.92227319712104,1.5224876785561554,-1.6929950855741085,-6.217518187289301,-11.328052059547819,-15.396992885119495,-17.056316474115512,-16.246261946193073,-14.155949434051765,-12.207352806114836,-11.09417633597387,-10.516424523200673,-9.698085238605591,-8.084287331187243,-5.583301437563115,-2.370144129321199,1.4467005920270624,5.905777724830015,10.729409786180502,14.90099851477967,16.8976216909668,15.569513642846879,11.037563035039504,4.918880450023354,-0.13637802101843016,-1.732090296779971,0.7538312681508248,5.671067950087939,10.261988337353923,12.584845795838843,12.57103196147816,11.685903660305652,11.389448443287183,11.438679239212595,10.127865107137083,6.422975362520372,1.5485158863768553,-1.9670498068589422,-2.7673084478323906,-1.6903671847800523,-0.35848935143643285,0.5687988538625557,1.5558376049178,2.954942669126089,4.290261324317062,5.055036187896707,5.671892504778113,6.8127241442245134,7.861673495336661,6.906896475693462,2.4502422756174926,-4.946738660400605,-12.72981500228017,-18.066860983336163,-19.58967679764586,-17.75199980816636,-13.847574018118955,-9.043918453263775,-4.1182953596470275,0.41332756476065513,4.1404159546915675,6.768964886917146,8.19678467601313,8.40689922214149,7.277195410053077,4.732983622787904,1.25393638423241,-1.939326566962567,-3.4460860623528546,-2.503155112921568,0.5548276440757818,4.397077906157535,7.284243617257909,7.704301892687736,4.852380895710293,-1.1227236193798684,-9.341027396319687,-18.656051736241118,-27.990214026124505,-36.32363837387305,-42.703029122809724,-47.10807769655534,-54.746702490737995,-1.660318680305696,-3.12343981684144,-0.44627892337525493,2.35683776
15kg_16bpm,6BC,-4.21785871,11.948638444254723,23.704992067983728,30.303658046417073,31.989190121661302,29.776146592616524,25.15209336826868,19.734633516698274,14.935428166173436,11.647715811482401,10.071946037821355,9.809833309690639,10.173823544917278,10.512614248650221,10.41536569837055,9.775540141144115,8.702321884589338,7.383488552841491,6.067344975369896,5.051062080199415,4.528516967924929,4.461546003140895,4.640186498744312,4.860578932740693,5.0477744557685345,5.251274589074653,5.529577877815725,5.826461528626875,5.957720905981837,5.7456851434692116,5.179875679879891,4.407676499459426,3.5949871737271626,2.845663787561176,2.2226636500600465,1.7617702362213845,1.4505460477866412,1.2429576258424966,1.1270200100944314,1.159426931504507,1.426776664779011,1.9663452557639376,2.7185003095926112,3.551157566826763,4.309512321116259,4.830159220702932,4.939980136466482,4.492320507703131,3.439478378581201,1.935433023274099,0.4049364516357263,-0.546966338134847,-0.3760428682229535,1.1244897570913106,3.6239656913838996,6.295987418576368,8.182515872547027,8.690703845477453,7.914406890780357,6.5907253439609725,5.701805506196459,5.974401808234444,7.550927853171567,9.939470440817308,12.243782319796907,13.584813022760674,13.500740421088997,12.116356314375828,10.031690820130157,8.051150023469523,6.818240994111418,6.513685043854857,6.873057395537469,7.419034615054296,7.650035866380297,7.139014633402051,5.606536079304595,3.044961507446768,-0.18301986797111072,-3.4751728250425953,-6.278126291911493,-8.243337690876553,-9.102291637292346,-8.42845874142634,-5.574812175857065,0.052299275871453554,8.514142221997123,18.96603384111827,29.69847974476025,38.428889314141855,43.39852728060745,47.541059897762835,12.388130555647573,-1.971650519808916,-4.505982278679809,-6.045718112813969,-6.779757214532476,-6.0113753714526394,-4.206784432865761,-2.02633260526388,-0.07709669
15kg_16bpm,6CA,0.56728575,0.23708154823653294,-2.7460727612156015,-7.124899211160395,-10.814771386358446,-11.884394540000002,-9.506450138487665,-4.432939253376221,1.3291878105723516,5.654436013846635,7.409932120000001,6.71653997914626,4.450609361685534,1.5712074499752193,-1.106162908449298,-2.98542037,-3.6695526487872954,-3.0146431561468567,-1.05073120434087,2.2622039666655587,7.0814261400000005,13.250160999483676,19.772435926399435,24.83164439712281,26.549515721791302,24.143915449999998,18.560223298758284,11.945656473528228,6.408837613551576,3.120810948668976,2.1204409,2.787459118458093,4.255938849813208,5.439291414136999,5.258102992877553,3.0535048200000006,-0.9136861668832347,-5.466909587886436,-9.407382539450344,-12.190831820030748,-13.94225601,-15.182990092753576,-16.35137164794869,-17.44816812730595,-18.01511908938701,-17.377086470000002,-15.120255537218448,-11.526717179573746,-7.55534856490871,-4.384393410580733,-2.7336690300000006,-2.388179224198791,-2.303640525648679,-1.3749337276461149,0.7615867058456194,3.51049641,5.775140665292941,6.762857592377112,6.468216418289706,5.562062785709533,4.81084782,4.5785529190723935,4.734363489111417,4.9577504893314535,5.022422189242798,4.845332070000001,4.365674965673012,3.555723788965411,2.708647666186486,2.5085518634094575,3.5405065300000005,5.650259879381672,7.915120521551099,9.329520847198673,9.503692738627093,8.703532930000001,7.361642677109179,5.708502066902681,3.841984581208855,1.8889792661277485,-0.026089029999999985,-1.808899000039586,-3.293663647940927,-4.132532663626613,-3.9026576727488957,-2.4481751900000006,-0.1539551486969279,2.1525522679640208,3.6381025619975484,3.9356618587111813,3.3813959899999997,2.8109309105056006,2.973248056438021,4.013406590946049,5.514492508593252,6.8245507,2.625055268571112,-1.4667388789474345,-2.2091473449790295,-1.7318799230531146,-0.44723125
15kg_16bpm,7AB,1.47509152,4.286261514498454,7.341204745628805,9.821588992053663,10.749699864628015,9.606761014517664,6.721513711557306,3.1625086917580636,0.2520541156615463,-1.1017311675965464,-0.7778512999287246,0.6523753675492716,2.2819526413629565,3.42511845911591,3.9902898819145403,4.277147091455449,4.30166616836748,3.3186608663672468,0.20303323381330746,-5.398923504139929,-12.269016181564853,-18.088110740281586,-20.76445312188168,-19.598412438393424,-15.483505078721269,-10.124906501673667,-4.99779939605919,-0.8373984029187195,2.211493690022269,4.102838925201439,4.794012177659285,4.482465477687483,3.717622023973181,3.3634485458335277,4.06547776248603,5.711116952851225,7.57960047088597,9.028585255529954,9.85949210899983,10.06335462195972,9.677223734151317,9.01480262808922,8.679330516838762,9.08871226932252,10.060059034928377,10.88609751724365,10.932398645538225,10.106035484599767,8.55294548496393,6.055337478339979,2.1733662039815576,-2.9541750786605867,-8.023059261888026,-11.030501657538503,-10.776225131836473,-7.785443627778534,-3.7764396937589657,-0.3977543836970848,1.627965065365231,2.333256307242304,1.9905979330760357,1.1435618267443686,0.7075578277740073,1.3687549504792809,2.8113145868429847,3.955964493063999,4.043211539421143,3.2685041596540505,2.275756481516176,1.2855975746142532,0.015271940273088994,-1.6210048012087028,-3.008513201769487,-3.1665953773307067,-1.6556900450497045,0.7297890816362976,2.1428730123128825,0.9477145784027439,-2.9346825395198546,-7.889623559594333,-11.70051634444794,-12.794352489144568,-10.834713246393498,-6.574015524118771,-1.3175358224510425,3.5962522019548677,6.993338639014356,7.869570539371056,5.539317861032938,-0.03348370886940145,-8.02110947092771,-17.08958074927203,-25.91608707215784,-9.702580880498406,-2.9767825490823676,-1.019599722552104,-0.5246721163830341,-0.695928289045207,-0.8442632797809594,-0.006345197740117436,2.28815981
15kg_16bpm,7BC,-13.70543706,-17.07733735899793,-18.018615228975996,-16.18323176490894,-11.838550531570718,-5.603985109616753,1.7910528510701376,7.920724423745406,13.75816167892944,18.803396344538086,21.645346769212317,22.89921379299068,23.071205014456957,22.34356030254896,20.696647918815167,18.06553364096661,14.484319081940619,10.172165059905073,5.564874139325191,1.326994003070593,-1.7425339098847057,-2.989462173702605,-2.2485376627610747,0.02246277419856787,2.96102569593488,5.67779262,7.536920802738151,8.30511827204483,8.08985525275279,7.124703523535071,5.671366563780641,4.078525675961883,2.774633808319392,2.0970327078035784,2.1706045528985523,2.895934964346742,3.951430945576338,4.883072689679147,5.290015545205578,4.955759844546653,3.891856269054232,2.353760636215585,0.7948889127321074,-0.2804329968953645,-0.527631071641802,0.09472535692907447,1.3391616085082227,2.786066332188808,3.9845972680058743,4.612369909703041,4.615289000000001,4.256679893436616,4.000754851109165,4.255294994058286,5.135697959287203,6.412374858902219,7.70339590028733,8.79113234378224,9.803481179338561,11.07606131715983,12.829991491720623,14.897110464122767,16.690248124621245,17.48562577377037,16.795609932061996,14.57074920701176,11.22934037011836,7.481499084912176,3.9675900755727502,1.0180671606249336,-1.2627410130247794,-2.7722418847864274,-3.28463307034133,-2.584043479450535,-0.7841149670658132,1.5809127600000252,3.8320005703698894,5.516399144166103,6.534106639347927,6.947741137003177,6.746900167850076,5.831499369044746,4.222282415390154,2.2710030472285605,0.6942768676028008,0.49711836738625637,2.7643034481068325,8.284928324762928,17.167414217377594,28.735629440935373,41.94025136477153,52.14154083651387,57.92469382511454,-0.800040345806694,7.623561828813541,6.805930913754336,5.269304434671838,3.782773695622204,2.787475480657501,2.4709452109517667,2.56460605
15kg_16bpm,7CA,10.79904093,6.095244420672283,-1.3616353757798187,-9.1512335459933,-14.670273315955631,-16.180501952313136,-13.464986008675217,-7.890739725530846,-1.8339625502716177,2.4725588843651196,3.9924940078598876,3.025401395553858,0.5657668543575193,-2.3208845023247173,-4.891373003264789,-6.555576823177776,-6.678482321632542,-4.598167739303855,-0.006071780446352596,6.583776992480443,13.65175698887143,19.155974425284914,21.575958212194237,20.681676553412135,17.467410396509862,13.449463056387987,9.866147560770658,7.30115200640672,5.718097721082425,4.719380486787501,3.893004052820556,3.0046538368219564,2.1141561549374237,1.421134037816282,0.850976031044403,-0.07573335195422892,-1.9314507460017554,-5.01632604551738,-9.090985901125359,-13.449799881660722,-17.193624480877663,-19.313513570116104,-18.91447051468026,-15.791601985014776,-11.034844975456943,-6.721944529430083,-4.5261321420349,-4.660283805905278,-5.978269829328496,-6.886718406446795,-6.3098440779076475,-4.135920201910893,-1.0445077988330496,2.009949326702008,4.318163297358906,5.580513221999438,5.721156798791282,4.787184775819444,3.08249150604379,1.2456888503183592,-0.02839814572695716,-0.4266064101922567,-0.06375672753268032,0.9228405202414482,2.666323226607675,5.247467953011178,8.14036860303639,10.189598072418873,10.339415276711343,8.5175351625958,5.820067064851486,3.758979496169156,3.1849716099798,3.796144480700737,4.548373709433475,4.566546033817896,3.7509755997254812,2.7171472486030868,2.263089391311998,2.7357955658805504,3.807623056340284,4.766550823507606,5.01019099189216,4.451117091880079,3.6186194421908136,3.334820014472558,4.05861455838289,5.346835447182605,5.978435688885826,4.877157496917167,2.1360915239800913,-0.8489277414906653,-2.386410811558042,-1.6172739963671994,1.2308166244792083,5.329103215916328,9.797764185599393,13.793067437368277,16.351505130233242,16.470674059487077,13.62503377
15kg_16bpm,8AB,9.14518902,10.844820637669985,10.448739580114118,9.296288700795829,8.566306680035032,8.613918969509601,9.007941884294882,9.03695983839954,8.312529006474053,6.985388249881276,5.446314579585948,3.9916653859147275,2.7484108776183906,1.7584430047897501,1.0338641414951053,0.41845980922204057,-0.5785868409524455,-2.642604074725412,-6.174349079787116,-10.771131369634992,-15.200326081465006,-18.059955755565866,-18.630800098772482,-17.086801356668126,-13.947207719603789,-9.452492070000002,-3.514631645065313,3.648277026987151,10.802470182884978,15.863743089340076,17.324259010667575,15.409992750202806,11.704796538428067,8.041443032236097,5.528632742310688,4.183773007657009,3.5109257240784904,3.2804443810551533,3.8912921076498064,6.063728865852897,9.86640928858502,14.188784176254138,17.298148136294103,17.864202279945683,15.683640643260079,11.773028367303066,7.594762356119296,3.988515587630662,0.804386044118708,-2.550480748500593,-6.25626578,-9.842033141485034,-12.588285724239487,-14.014477717601473,-13.900367435079467,-12.056786730922633,-8.558413530554976,-4.2809009922143755,-0.7988641345934698,0.6078472216599847,-0.09976129173214679,-1.7506376820642295,-2.9372478700901925,-2.9271510580803652,-1.7471376975362132,0.23657984242728247,2.635142436728936,4.913204519837677,6.271716653516713,6.0358053106672775,4.213398493857028,1.658178532727028,-0.3926798907643085,-1.1763380803609185,-0.9729718938035103,-0.79193432,-1.4242990938338644,-2.7756158194805955,-3.9990366503830144,-4.101242769121229,-2.5267572248783208,0.5691336367729026,4.461537471118595,8.187337943053178,10.804574743891573,11.527304363612245,9.667819238131013,4.624581710686404,-3.9384622091360666,-15.64398182469876,-28.9588222254769,-41.423049535283056,-50.627241534311494,-55.315417784498486,-54.4967752654094,-46.30087255045701,3.890411864970004,2.6650751110396107,2.37443678502232,2.7839136338115535,4.49067395
15kg_16bpm,8BC,-12.05311742,-13.136640316492242,-11.961940373752991,-8.392635298665477,-6.201436110188569,-12.894977326179692,-0.07077071081779285,9.28711262786096,15.974512639294206,19.62533291302609,20.453478583727613,19.249232566899817,17.003822909331927,14.655273552928875,12.846122675096558,11.780810266408261,11.264656286976265,10.910653467602812,10.385109882185667,9.53237553906283,8.406115846783104,7.257012850398157,6.392841461877583,5.9748344048047395,5.945378370137647,6.07589624,6.018167052811498,5.415670663399158,4.13319611739999,2.358505599976188,0.4623266673267917,-1.1135014870919258,-1.9451015255279924,-1.827612533411727,-0.8796240907909014,0.5702362971141337,2.193845311104052,3.7694161007389884,5.121367985359136,6.06843462293852,6.42723410935026,6.065514505043116,5.002662209120469,3.418822473496424,1.5567279582715179,-0.33085893605187544,-1.996712872119508,-3.219835655539818,-3.795101890899091,-3.5201537821356728,-2.2345013800000006,0.06661846718720396,3.1158778506781326,6.40426507001668,9.355553577060931,11.525739485096645,12.750987927021653,13.135915048826721,12.848269638949857,11.939158632254404,10.336031573138479,7.953649116445243,4.895911529678269,1.6914571626736299,-0.7221710770015151,-1.3931518811366386,0.1682919056283899,3.6894046885022544,8.136154954606072,12.05800617453229,14.128502555550932,13.637211384876453,10.72515256333988,6.330157108723765,1.860035966431187,-1.33508981,-2.468844757938786,-1.5519126855807261,0.7664978967862351,3.622601762146462,6.441927592614393,9.280970427835333,12.838118127083627,18.118149325510043,25.84508787626334,35.868423680705014,46.84200727602218,56.44312718218132,62.1510960590747,62.54406313070224,55.91219862252166,43.8317979519057,1.5750832957279128,1.6175067420496914,-2.1212675519748094,-3.546290221210965,-3.137237179482977,-1.7976610383967317,-0.4735035809671464,0.16175423384520082,-0.06426881
15kg_16bpm,8CA,-3.15302466,-11.56523954846807,-15.596851027627743,-15.974637120225745,-14.157156272112054,-11.802003466508761,-10.150372335350557,-9.579671159177567,-9.673510238370165,-9.72647211927465,-9.332678972484752,-8.583223232400318,-7.7859561937465305,-7.091846220476913,-6.288184805310747,-4.884194371376583,-2.4217575330074195,1.0576009822820551,4.875552146324936,7.950762663795912,9.318538252540822,8.686215757234773,6.692785136117521,4.616178661041899,3.8769027261764735,5.285895247506647,8.87591659126103,14.050049578090109,19.799929861057375,24.81012079239138,27.524981451634737,26.612976153011115,21.79169670101106,14.23925899257794,6.1542104599428615,-0.23023263958643397,-3.6603648647722458,-4.2674608969784105,-3.2925899946037758,-2.375182149873619,-2.736228197990396,-4.813458003115287,-8.299910210310594,-12.461532643119902,-16.276954642871218,-18.524647140141838,-18.488222174311126,-16.44664385430193,-13.468713971081382,-10.87824867192102,-9.542038683146114,-9.264302587029215,-9.017680376501831,-7.8379062745306145,-5.568936821865649,-2.8521271265642287,-0.43214446657461003,1.4493877956893733,3.05195229965691,4.619271341708883,5.915083046834646,6.311278010740422,5.337492388415871,3.271900375009502,1.2360831556604552,0.5198308046502431,1.5983783878412205,3.694818488332198,5.391279760370757,5.806848036186843,5.223020018035955,4.564654046676505,4.320688650198306,4.0464204946637405,2.9511234817099012,0.906187691000468,-1.2762564625630812,-2.4524893918782276,-1.8947526738702396,0.4338517090838867,4.053992084399374,8.102221056701875,11.344688340552887,12.512787699918917,11.09550610703972,7.931864945925045,4.843464960412596,3.379431885247361,3.6558508178281444,4.330346876809446,3.8006910758429555,1.57659446492618,-1.3675468383788947,-3.416196885856838,-3.5102059763165876,-1.6836338973905864,1.1979071821911103,4.108818721640154,6.498313724475208,8.42390116714948,10.14552766
15kg_16bpm,9AB,-6.50627157,-7.35599369130302,-6.6077283245085106,-4.451827562004683,-1.2443705365685727,2.4239326579845466,5.875943331135314,8.570451539563768,10.203257158656504,10.691747909205336,10.241465686716936,9.395719389607626,8.802444632044025,8.753603509774111,8.896348075495466,8.454677420571619,6.821511078251703,3.9816259670999474,0.3707426151120971,-3.596662317871385,-7.741384675634413,-11.923532002236886,-15.770902331745837,-18.652603759427567,-19.961458328371844,-19.47109875334445,-17.396180264541044,-14.16287174876156,-10.079369650553355,-5.267800332251635,0.12248174405627027,5.665890312387915,10.696415289310943,14.711940856237337,17.457273447186555,18.571013853048456,17.648014261447372,14.825849558154989,11.04511620522715,7.729133289675989,6.128926963215997,6.601913094500491,8.343307006770535,9.839360674116518,9.775941529628092,7.895419057833259,5.108680353787799,2.5906087871941774,0.7318397026230525,-1.027888153297651,-3.4670580271004727,-6.665051163303768,-9.585413273700267,-10.643689331335056,-8.900973366219826,-4.805571202528392,0.08930824308344085,4.118238708937125,6.354361814205146,6.77557962930839,5.855486209699869,4.168026477849301,2.1198082706004606,-0.21024909197491587,-3.043869845741652,-6.615991170519664,-10.681283159550768,-14.142135817095738,-15.253375089727312,-12.539191211914927,-5.96707464905557,2.6095099261209254,10.18448935718674,14.094063454001901,13.288069369796391,8.654250696241382,2.43649570274942,-2.812517589972444,-5.277842366106287,-4.539776702103184,-1.5347323423990076,2.006297793896154,4.199121748217107,3.601770834624691,-0.2792971636448788,-6.904926834772977,-15.181928676157884,-24.047162514378684,-32.58077257755918,-39.668666917128036,-42.98665348646418,-38.45837208658686,-11.025754353752223,-5.752417068190777,1.058839218766193,6.107110203809635,7.553244664784717,5.528448060330988,1.925985978641004,-0.6496586866605658,-0.27086929
15kg_16bpm,9BC,-29.20609291,-23.65815716093317,-14.955236636978665,-4.082611355191708,7.522936244076082,18.24076477335258,26.573411172222386,31.47204910693562,32.56166060040498,30.16027715760171,25.094826354529683,18.451129445640003,11.369904248831377,4.8829674701868475,-0.1860288561694992,-3.2652938951158084,-4.080399140169219,-2.679271316619496,0.5681962658256494,4.981375820613261,9.635576519245728,13.5402231322729,15.88689781918039,16.236278602315675,14.600791922705225,11.386497850000001,7.2482667175732605,2.987348383575374,-0.5767866785853499,-2.808631691589114,-3.405397058305637,-2.446815473578777,-0.36436936340229054,2.1885561179427016,4.538719944797807,6.1717689375494915,6.8289235678061155,6.506811544318023,5.4077464457490025,3.882432913927753,2.312475487975956,0.9741790027139324,-0.04374844272921222,-0.8436704253920182,-1.638587590701901,-2.619163564062035,-3.8144435728982335,-4.981749168584599,-5.603150944421585,-5.07931387531169,-3.0520538500000005,0.35930759152930813,4.569040556636747,8.760167755216,12.19664759147234,14.486652296939205,15.664956200389211,16.05547531333701,16.030206762964394,15.783223338314848,15.209351822522965,13.949114407558271,11.604342144815744,8.030668224650263,3.5516649120472965,-1.027479583744015,-4.637941618171445,-6.308337851030711,-5.514328604423663,-2.407498401040689,2.183059161757906,7.040804954417512,11.034938014161142,13.475796183271397,14.153051728585968,13.18866251,10.913595546252933,7.801656748335378,4.401443409319151,1.2404144420317829,-1.2403975472219906,-2.6567534233441497,-2.6147927429225355,-0.714118430275775,3.3621288118041375,9.697185031139076,18.04382811272166,27.461965065451444,36.71979190406431,49.20301757711281,20.144676188072076,2.7316533989867797,5.814205903667657,5.9339353610468795,4.359202770622792,2.3313290437748315,0.4439020655577513,-0.6875934475946406,-0.7767668535450389,0.24360296692933964,2.30751993
15kg_16bpm,9CA,15.07742464,7.862972683798208,-0.17101766230398852,-8.109301697913544,-14.790171483852642,-19.07551759698536,-20.223486705681747,-18.241038693030877,-13.99044915771167,-8.843877222106023,-4.105244029860196,-0.5895427812944303,1.4433964231949188,2.0875798603823106,1.5771397883752287,0.21850568151801028,-1.5235844763784359,-3.0495123364038466,-3.70584389328115,-2.9428946882640075,-0.4162437528779114,4.010166863021133,10.185763237515317,17.478678973532187,24.60616540512159,29.706527311029607,31.054550560128263,27.90946255136375,21.05135889737658,12.573453251776371,5.005326151853824,0.14565128369174454,-1.7149680742323834,-1.5904645106406614,-0.9661604549575045,-0.9849230650637101,-1.9790547851330926,-3.625699459771354,-5.515763476334593,-7.48676409228386,-9.556200999586427,-11.626657108286414,-13.362915025747016,-14.425121470339914,-14.681982043540945,-14.184344307022748,-13.1154726368051,-11.81322210018489,-10.674257678329345,-9.935883323700189,-9.510161520729868,-9.094246900651273,-8.39719267407993,-7.275437918061791,-5.743340037595847,-3.8932439541368598,-1.8574322580908416,0.13314312544493484,1.6834999588781916,2.3275624885377657,1.8741079018063127,0.7088848156610397,-0.3543189184253585,-0.607549563159798,0.052181030671641086,1.0944610881105556,1.881514449431389,2.211041608871102,2.3747760706760612,2.8103046389821165,3.7422355778259706,5.07702929368149,6.5747652051317855,8.085817890623959,9.580561458422446,10.955607110638649,11.876216871985045,11.85580819598023,10.589533114893952,8.319101499123391,5.763380367555127,3.595140852941652,2.0310399032121342,0.876922749195947,-0.05603974854325713,-0.549716814327453,-0.10510248398109402,1.4512163123383732,3.533145909242664,4.982017189536172,4.7601378590387835,2.6294224564422914,-0.6560129947462788,-3.776635196667616,-5.553675157360839,-5.782453077131399,0.7547187765851513,1.1775912363048877,2.0463391816635177,2.5401812261877805,2.54432704
7kg_10bpm,10AB,-3.03174222,-3.473891780048772,-2.777086439262208,-0.8427217897354949,2.494121821138429,7.055394479347511,12.013807670656814,15.727193993365841,16.73850128095703,14.709602227415964,10.266233848977876,4.609314416492435,-0.7838866854655073,-4.611710028123914,-6.208163517913974,-5.708952139686406,-4.1519397652790335,-3.0328727242965363,-3.111584738771166,-4.066181508907709,-5.25095113886103,-6.376332932470093,-7.177661074476965,-6.842671259374232,-4.248219084949628,1.052605491521034,7.418701172566084,11.718459370927485,11.827591787333436,8.172136688883906,3.112354877150636,-0.737259396826393,-1.9677335302104215,-0.7274771308447465,1.8911957552283727,4.310177285612777,5.392562733314307,5.059203153147615,4.040464368595208,3.1500566814077873,2.575963428424279,2.247464256198621,2.1453703514544533,2.412745950780827,2.795441760536109,3.16939758237779,3.986751898985803,5.716152533559134,7.576389424279432,7.471725023723629,4.710753640000001,1.1179128956155444,-0.8227127489116914,-0.4173473344129992,0.7343265486633311,1.0796386490320917,1.0435561825615238,1.9203680216512362,3.6056370843324315,4.734252357075532,4.580435249765086,3.307050843206165,0.8674298173909804,-3.096760767725807,-8.119820140314316,-12.061659690222283,-12.005908468145394,-7.066002781374175,-0.23547243455795214,3.919035867778984,3.563962704804067,0.8050956745976604,-1.6787476229648837,-3.872226313115016,-6.7959292343332525,-8.823191294984369,-7.440267585332541,-3.6174663163583074,-1.0592803359942715,-1.3565936293607037,-2.262324239096328,-0.9271680291587343,2.459061238142794,4.809486959282711,3.7650128679610915,0.3247613427930046,-2.253258502599025,-1.797352989623913,0.8024075655316796,3.133208624985567,3.6577837411675937,2.5598261375984124,1.0790963161030094,0.4362573202539782,1.2248786725788752,3.2788759178055304,5.806063570456555,7.683705540627972,7.75551058195751,5.216312291727428,0.19664261
7kg_10bpm,10BC,-5.43970659,-3.702264122961679,-0.6391870785551517,2.6955301091937054,4.970585313437716,5.431204126380949,4.272316277542093,2.3434769712554147,0.5928633729501438,-0.41215251609310827,-0.7154929399568519,-0.7916684979982866,-1.1268759912626454,-1.6868392843334985,-1.9162871203383964,-1.2964709984116813,0.19965819913287025,1.9334833925364117,3.0075076527321154,2.896261541680889,1.5386539992674295,-0.761824795091652,-3.3876289508083834,-5.494386520467738,-6.274071056893216,-5.358819231836408,-2.9764428259274807,0.12330890083312285,2.9230322694186652,4.602267603769824,4.797067408834658,3.6101979192671374,1.5828400947414736,-0.4936782956960448,-1.91122341214961,-2.3161667729327093,-1.7508997506406276,-0.47838580159380334,1.2583053712241703,3.265980126302179,5.370628457505017,7.399768287266297,9.063255612012513,9.982834535343903,9.882145206518498,8.71781512219357,6.77629834437572,4.706515115592842,3.212828069629737,2.7078498032329392,3.192647473243944,4.228985850099096,5.147966142408462,5.430018647241484,4.913961456734858,3.755554400309328,2.3440775429328444,1.246204096703705,0.9112524382911253,1.345240920567002,2.2485356946490103,3.2934180568505753,4.272720352023272,5.241370584309533,6.493819431588562,8.059068991709196,9.239758066653275,9.070416162427037,7.21362830352642,4.397731314279292,1.9242388526908154,0.6739648014478739,0.6070623620234926,1.1013211563379874,1.4928860329778857,1.4689116711593753,1.2037207529759402,1.0994844717407535,1.4202612097215233,2.160315016525371,3.1097006234656774,3.96452854758384,4.434358392840107,4.303942157141808,3.550116180309694,2.3863692097704368,1.2650744288512097,0.8590221481169291,1.7131939618640064,3.9625421873893014,7.441049686097694,11.73460483442164,16.136521391244543,19.66335376983776,21.435766597908014,21.356386489415055,20.33682635566519,19.74907584443072,22.252917196513266,2.580762186663016,4.32969015
7kg_10bpm,10CA,-0.53326669,-3.9634419387020845,-6.435289467491541,-7.693668368719547,-7.0602866912210684,-4.215987366072407,0.0031271071237619907,3.757764062210251,5.36360699876413,4.435366276163242,2.187498874795342,0.5519815361266557,0.6002429979880424,2.0532734201355245,4.141122146254541,6.266585767794664,8.025699719615137,9.154684923737165,9.674912576456311,10.133590514940481,11.266945106211265,13.001561132325225,14.136569511837294,13.479367711521341,10.919092360790975,7.374467835546037,4.111301570197353,1.9089422652358816,0.49353868612610013,-0.9266142761174438,-2.488846360049064,-3.680904570300102,-4.517350478260372,-5.918328493146068,-8.953948366062216,-13.399389452975582,-17.173440642413972,-18.050532419560735,-15.558257663431961,-11.255121598927778,-7.387477631971991,-5.280147625274002,-4.846869839739785,-5.193108566595411,-5.220727382862591,-4.066518156970921,-1.6493888621568769,1.1693715934373963,3.305594229290298,4.286112592623598,4.489149504235686,4.7298995942977085,5.436105582041115,6.327922268365965,6.986781191965122,7.292124233844561,7.2911867823531455,6.982513282919638,6.118817160598019,4.378114547812714,1.863504715136622,-0.5737958157970985,-1.7319911724213028,-1.01251010984917,1.037342902723041,2.9990931692962066,3.507911399565294,2.2306944296695495,0.10340259232727725,-1.4930989616125487,-1.8218616281121673,-1.1114238428194156,-0.04358103810179463,0.8724827827014519,1.6097190990285608,2.218140900673068,2.389321968949238,1.8916780506530937,0.8859275692467803,-0.005402650287001128,-0.01545324934139678,0.9673721823878894,2.247844543706177,3.083110955591765,3.26617558151718,3.0232264796891224,2.649899108497729,2.3109586166669214,1.9470272436698917,1.395125408387576,0.7114217083252057,0.28292159850281784,0.5347648133250328,1.5849805433204116,3.107958504689656,4.537124196132656,5.507960620146194,5.9192840442561385,5.782709044029314,5.2192769266166925,4.56348392
7kg_10bpm,11AB,1.29989351,4.742119546006847,8.187739975228508,9.876598036472013,9.08684430501416,6.261399535441119,3.0307734204866987,1.2992777539700688,1.8878417079947551,4.08211036162729,6.2566057635949095,6.932688435360322,5.67753791890608,2.78044980581348,-1.4056555942679982,-6.078664784771082,-9.511079733336228,-10.001090533695766,-7.5626708492924335,-3.9909441758541315,-1.27876605,-0.30520018842959756,-0.7060097907252585,-1.5822821659735542,-2.1363469000774824,-1.7373075562160785,0.06851082315474281,3.0781195234660736,6.381670505225885,8.818045710171642,9.625671362248292,8.759164805326545,6.732039614322724,4.548213593049084,3.414720057894687,3.7725734772042014,5.003473037889817,5.967400871785906,5.428265925261911,3.259487165813545,0.5867936700000002,-1.0906905716414301,-1.1669201774782898,-0.2639037715566647,1.006395370184145,1.943284059442193,2.21961674678131,2.098899226145335,1.374484223235458,0.113949304989909,-0.28274309891110916,1.2979798637470825,3.5401985093759265,3.98864501537981,2.351032936119178,0.6942498064299424,0.7553508559704408,1.7713035050551769,1.496201729529063,-1.074937961166334,-4.732282259999977,-7.319969575328016,-6.998600199886028,-3.200406613272262,2.3135958379657344,6.141896677078906,6.097462840546113,3.3181775378356257,1.0197242990402906,0.5027253221336684,-0.2905916590992615,-2.9701906508697675,-6.274604426797237,-8.26115039407008,-7.792713591115158,-5.027494269192213,-1.6464248469661995,0.3317445747021481,0.06544941184581762,-1.6407510578416096,-3.2272363700000004,-3.7800208635505657,-3.1131528958582533,-1.1299182322877226,2.074411816022814,5.587871268726131,7.929458621604705,8.153357397532986,6.297958993021901,2.901719830750627,-1.2679760309397106,-5.209008763435072,-7.951844745133266,-8.685981195091287,-7.259725046629267,-4.412173421438716,-1.448372940671621,0.6013830399754688,1.236012890435798,0.1502655350801283,-2.64521364
7kg_10bpm,11BC,-0.14654575,4.351087371359682,7.454978582455672,8.989294918149843,8.554457605928281,6.318037675478397,3.238339744636697,0.4022755860303094,-1.4095120356950515,-1.933980604344347,-1.5770299113492252,-0.8501484173336264,-0.01986129291500539,0.8033354710991089,1.4992214594232092,2.022331638051491,2.414447002792808,2.5632846840512253,2.2307214766007792,1.3133171850775727,0.03799012599939307,-1.067820981094719,-1.5575487742842504,-1.359695443807202,-0.6176630716511115,0.3889910690558912,1.1900351550950832,1.3710662011392611,0.7923492765552012,-0.03657225097709516,-0.2229884429067352,0.4104063925973824,0.9599143819859332,0.6031261135445013,-0.24500400450664606,-0.4613008494413531,0.7055436350672502,3.0297863098373985,5.359408516158517,6.401582000379587,5.59772096945844,3.370562217632218,0.7416283898648224,-1.3346795932638047,-2.2990089315074957,-1.8474108874535045,0.042235104195117446,2.8441723780213017,5.561132839645239,7.095905058151848,6.790734143177393,4.880387793971074,2.316903079567026,0.213225057260869,-0.6059792661567712,0.08424286201480885,1.9110526555061438,4.148263354740004,6.138168287715425,7.6408670801118825,8.473707491563493,8.17984615865924,6.441551904945388,3.7866964360433037,1.6637232219943257,1.4481254084694508,3.2669424767317667,5.752399514787614,6.992255297540666,5.936840056480278,3.1176849633820845,0.16380263667858813,-1.4461250146335634,-1.380044143897873,-0.39870279440254763,0.5607100106213996,1.2676800679445908,2.2396676905624657,4.120216156925471,6.847587921815936,9.283828597651059,9.975583865987094,8.20452155280808,4.572205672994705,0.7548282602316436,-1.5069801238850071,-1.397261974486908,0.7053047427003887,3.9191126952539195,7.780954162417724,12.366790753299176,17.52489153028296,22.16842199701095,24.428816684783992,22.588220892639733,16.331015542555487,7.619927341112896,0.2940035391611229,-1.8293516469935394,2.7632912327295,12.04508516
7kg_10bpm,11CA,10.41540226,11.578379919988823,11.384247938966604,9.98930497476071,7.810246419999999,5.123952305884774,2.1702486105945433,-0.5813988118944519,-2.3225743899999998,-2.286306069073318,-0.4212751168366795,2.4536763226419707,5.180283720000001,6.908748620235976,7.407644714232163,7.122876381348996,6.79423523,6.867150723558454,7.291806403458343,7.6728013964416215,7.676613210000001,7.318951043987855,7.1268934455850665,7.720579459306392,9.248656800000001,11.198202063689696,12.579533392986077,12.430839766362123,10.51053396,7.523626791031172,4.347743964081645,1.2856265472374098,-1.73680215,-4.871194192023881,-8.173353232285887,-11.195921551682778,-12.993318720000001,-12.900542238468631,-11.136154405688494,-8.46006107685132,-5.84181867,-4.2916970010750495,-4.500780446194286,-6.468186898663337,-9.5384974,-12.665212521822776,-14.581051618641926,-14.18988527049167,-11.094912290000002,-5.842113929148946,0.2183544076260536,5.521032106031846,8.91489917,9.962841758848207,8.95735551876803,6.831557201287011,4.91714084,4.247972877133796,4.724635710572183,5.185381266688815,4.522017590000001,2.716308970516448,0.811718451353191,-0.0690543050550153,0.3144990200000001,1.2956732167283098,2.0722734026001732,2.300852992772988,2.09083869,1.647862512146465,0.9921532522523684,0.07989535880879767,-0.9790034700000001,-1.9717949257427299,-2.7729749954824565,-3.456374931313191,-4.06707566,-4.259338072303876,-3.3851838034148343,-1.1772349456511308,1.70865914,4.144839419593491,5.480134990671506,5.835559277005307,5.64777492,5.086292408733407,3.9278203844461737,2.0848065399253897,0.033844630000000014,-1.4092366327460872,-1.6074068096296674,-0.5424070891639177,1.1703152700000001,2.753293078590549,3.853221663618809,4.701466919488013,5.75741283,7.25115054018407,8.94628455881692,10.122529263286575,9.87347297
7kg_10bpm,12AB,4.86924984,0.7208420268005908,-0.413781142523641,1.3038117401373117,4.259219958908593,6.771916516321726,7.831326726826894,7.24430098846691,5.718452587763682,4.488074490500495,4.293273751979954,4.753450303610424,4.819563100808459,3.949869437608799,2.4366620038795994,0.9281623670073152,-0.40728341788102773,-2.0447195388947788,-4.211077031591917,-6.44277483692018,-7.8754163480147765,-7.977711027289739,-6.976141088860482,-5.379725400757527,-3.5436855081643195,-1.8073571398163741,-0.4676002369470403,0.6838454298316244,2.329382573490547,4.744411829730033,7.031652937455468,7.839871593000602,6.809807256319487,4.879661258168823,3.4748123703611835,3.258348881857529,3.8801242047550097,4.766159253695831,5.63420896156296,6.42699892095905,7.108588085547914,7.310397811894243,6.533244367556145,4.790416599385899,3.0727594195974595,2.315810172050508,2.3770018305067966,2.5588788487092957,2.8018581059123044,3.8647931329569367,5.269684720000001,4.969630039539042,2.2335645909851074,-0.9702830839281157,-2.326113979563761,-1.582681811501962,-0.5561375009055707,-0.8065043741057893,-1.7049634555705053,-1.6874828767638266,-0.6742689887939218,0.1564108522028178,0.37407212132070716,0.7665567239975408,1.6827716499342897,1.9968461455173505,0.11983311052655278,-3.810243959791845,-7.348227706688584,-7.961864641244882,-5.65797490169815,-2.753914233177295,-1.1124335110545693,-0.5237190174152171,-0.12829107902767387,0.1907370739827902,0.7086600027619445,1.989060076086082,3.4813433789055255,3.99340794233501,3.472552331105059,3.301500984287986,4.523429857721183,6.104137236736015,5.974331526809104,3.26517327713007,-0.8919351244968663,-4.771022230499,-8.051759447924965,-11.341114740046205,-14.433370184091382,-16.338427424343287,-16.738053393812912,-16.2659524680139,-15.331742887467957,-13.220048724834232,-8.947440575112509,-3.043563613865811,2.2813669945287924,4.7833449113496975,3.09468689
7kg_10bpm,12BC,-13.88896085,-9.314596269121258,-4.224884112006865,0.6054708208520143,4.361209952298247,6.483619973585573,7.01392881531405,6.474128725151064,5.321929682826507,3.764112061169441,1.9661975233064228,0.042728282563015474,-1.954742047661441,-3.7125235969464896,-4.467253978662593,-3.607086488699811,-1.3153706374105616,1.3901163708310897,3.3200886574924566,3.8281796430678465,2.989055025912631,1.4617448432076907,-0.015234736422686787,-1.083599419476273,-1.7614932502046219,-2.244949243102645,-2.7312631608305877,-3.2623120214175634,-3.599800369940719,-3.368970305957741,-2.3556482451335237,-0.5829030803786633,1.6504830871945766,3.7748084451693322,5.18016532799743,5.498103157035448,4.8119122622446895,3.648776600847539,2.6457201480570736,2.137388988228063,2.02654501479975,1.9417654890385414,1.4703527484346124,0.5416253014503303,-0.31930748808516457,-0.2571458354926751,1.3157653645755762,4.1274132771193335,6.982264114440364,8.416702871271347,7.64275186547134,5.030573198594214,1.8788317347536578,-0.26145663283774195,-0.4512463618096049,1.3265792661803657,4.460028836201244,7.924233198051528,10.454285239502914,10.999239449708652,9.377655407180185,6.587091239767184,4.110703917861778,2.950835053236974,3.1988738437795474,4.115739987120282,4.642089608700953,4.140025246913019,2.7734683121564405,1.2376541321351533,0.17159175579659885,-0.2161006167507442,-0.06981306508294188,0.44999546726264483,1.2427204789513338,2.1071918510188707,2.7822143083555364,3.196076990048479,3.5477358336704685,4.0679687027762155,4.800719485476466,5.658367574459533,6.434932140381546,6.768230223372441,6.318233109406584,4.926116885169611,2.6492598099317153,-0.22155417065045352,-3.1033502438299494,-5.084562742875498,-5.119976375494294,-2.461060305927497,2.911030453208969,10.108044826116357,17.424712573334737,22.771425817448126,24.609069801594487,22.97648566867775,19.735456246942096,17.722802330754977,19.18554584
7kg_10bpm,12CA,18.61613217,11.604775029090728,4.572270000742813,-1.33740363550273,-5.046733375880741,-6.100533159026572,-4.907054243472506,-2.5146565325815513,0.043155177720509655,2.1672167642652282,3.6527820876985393,4.434050759466051,4.541669240449204,4.235707452069661,3.9594972595484914,4.139774505561671,4.93712455606948,6.215421803080972,7.64669848071038,8.873675826167565,9.909414236610196,11.100349417712142,12.922022108917684,15.440481960437674,17.9310869246629,19.232763580000004,18.71915710477786,16.807797087539253,14.456961428170205,12.367483441117775,10.457070678754588,8.129443267853977,4.985952851731125,0.9962676606342062,-3.7374427717957603,-9.027233493901644,-14.471982632263249,-19.39764692490747,-23.134067910826417,-25.190509514833614,-25.409932758591285,-24.091804260708166,-21.740969359603326,-18.78990432553278,-15.567607728952284,-12.460790376755176,-10.056263562130278,-8.828029358906193,-8.573632242594986,-8.234424794142571,-6.513677110000001,-3.038529174986847,1.2860987110264093,5.073391121494622,7.6053586022711475,9.064856452551023,9.768143300210216,9.746532348945728,8.906502750497689,7.392633776585742,5.830357444963549,5.01694355796192,5.247956749096193,6.113007454883575,6.899887818403771,7.2457856729093155,7.365986948415171,7.614874842346157,7.85058462551676,7.417214217668078,5.876180771844875,3.5551007601777496,1.346312674217583,-0.037084764703581054,-0.5800928130198046,-0.76791187,-1.1142373994838202,-1.701170552271338,-2.0850361906656985,-1.8196731200827672,-1.0017607761018903,-0.22233550576866346,-0.0037890166246100916,-0.32348094670306926,-0.5627258978182431,0.03522129761482546,1.6757095395552857,3.832326244154524,5.597189302887647,6.188797759734539,5.382776472066384,3.6018015901328577,1.6214798237035055,0.2178885211287749,-0.02492921896094963,1.143630171377806,3.571987894307381,6.726989731240485,9.77491337190942,11.849358558002699,12.39369545
7kg_10bpm,13AB,0.54397055,-3.587657396109877,-5.2990609974178025,-4.382348818258312,-1.490482653791604,2.152772848797638,5.256218288758688,6.883256194678721,6.642915783340486,5.03747863407034,3.6351418200000003,3.887246197941392,5.757132397226523,7.761747369017256,8.295331220225782,6.611872274412812,2.9673680592643294,-1.5205493994784378,-5.422943869850716,-7.663390872925493,-7.921057800000001,-6.760551868800132,-5.123907211522559,-3.6817045623869675,-2.739702923566982,-2.4325890106060273,-2.61412655652717,-2.6410096505652216,-1.646453855113699,0.9678920173223241,5.1242915,10.088521364886423,14.865203602311873,18.03407844554923,18.059860237341073,14.22852188296763,7.800837053105632,1.8228389850579312,-0.7463481482575989,0.8798264310766049,4.7291215,7.9152340035526265,8.421677094931045,5.7798350018930185,1.1978843633888598,-3.018395437121905,-4.866854016888001,-4.022782467557121,-1.5124713655928326,1.2245167452485632,3.1061518400000003,3.1342920462532375,0.7494397879441167,-2.950294301850594,-5.6160629760399825,-5.3560117515666015,-2.2462806124488557,1.807941150331582,4.588806365660243,4.896109486499749,3.32739147,1.7378699217935336,1.2965009686739162,1.2711615774845637,0.2476224064155423,-1.8584621773820966,-3.785956918292007,-4.735705921957945,-4.927376180934609,-4.386325834198742,-2.384569,1.4853456362320863,5.609579789334785,6.770291115466631,3.200770538357847,-3.1558097086723484,-8.17551440455347,-9.187696485044652,-6.843109465569347,-3.499294987333693,-0.5937019200000001,1.7820161774947887,3.631319084900511,4.551580315751016,4.596796278993874,4.3546933892755835,3.9868067487026684,2.707011483569298,-0.4826949286252983,-5.725051246500218,-12.06512575,-18.066634183577424,-22.029760313975356,-22.446233151440683,-19.093855095071607,-13.580349904431515,-8.439555398801202,-5.636016941462195,-5.628939152059608,-5.255736951695902,-6.35615718
7kg_10bpm,13BC,-9.02858831,0.11527153868806828,6.526911511117846,9.812675524150357,10.252840726100269,8.635228599341799,6.047684105064254,3.6416768320179904,2.1854883677419323,1.6759992306985352,1.6450288300000002,1.6735798773199257,1.5525989367619084,1.2402617827862097,0.7444330890168525,0.06717853741449253,-0.5921096395203205,-0.9199437246367241,-0.8927718777482955,-0.7833878101826909,-0.9365200400000001,-1.5907850183549934,-2.6453898205733033,-3.6801836243023396,-4.324283872972478,-4.500496033496603,-4.181359297535516,-3.2798621520406317,-1.9184946291651188,-0.49852116069256036,0.59873577,1.2551792065020542,1.652200207120585,2.0368858124227636,2.450686829539168,2.7580401466224584,2.8082733020138684,2.4423149747267714,1.6457449840337757,0.8082429603757325,0.40712673,0.6517024640156202,1.4246853778369701,2.3669624210504616,3.058884025752927,3.2590022295487677,3.114330063190218,3.0799811681052427,3.5659360796813733,4.581255031525561,5.69210217,6.415554153211455,6.635973446880228,6.636959586173095,6.712688447755604,6.736229311251081,6.1820541276907495,4.738619954997384,2.759450597642977,0.9724796670373667,-0.11761044,-0.37328039298652604,0.22121447961685994,1.5021934171185074,3.067162758859407,4.528655693630701,5.68160839763816,6.3665980709655,6.366687106714954,5.555336997002257,4.164271140000001,2.7374046958412723,1.7210907951275574,1.2991898986051342,1.4737074008946862,1.919013863517182,2.020344625894482,1.5406869832447643,1.161510907695292,1.9276521844806818,4.034843410000001,6.410348259783887,7.575189047635697,6.8170284466132,4.576533327484259,2.007746807786643,0.18721312516352925,-0.3203424384357405,0.5596574773312809,2.4834014040093773,4.8183511800000005,6.933044415198731,8.493818155426931,9.517481660007238,10.160819703074491,10.579528405921407,11.041862253310736,12.206796886713121,15.962810599731453,3.533543861220066,5.34421791
7kg_10bpm,13CA,3.87071344,1.6048442908435505,0.3550912131768989,-0.7414502181504965,-1.8569942879439176,-2.6951300999820074,-2.6621118241618964,-1.181865361924497,1.6833326326793363,4.946945985564669,7.151922500000001,7.302226876851653,5.659430596687212,3.409250368839118,1.7537911107843362,1.4518685562882645,2.898391372311164,6.194203781366482,10.83281099648077,15.469106055838097,18.43171234,18.83751436689927,17.07302895127292,14.103416019548305,10.771230349169763,7.670737422358805,5.321765752269446,4.0068892383858286,3.3265328708211195,2.4169107240566983,0.6774396900000001,-2.4057403145209255,-7.138822714851805,-12.729682628967046,-17.51981111721497,-19.996921143165327,-19.447389313825063,-16.18019192603685,-11.510484605845537,-7.274764188234321,-4.883356580000001,-4.634350974351619,-5.823742710246228,-7.113965000719888,-7.138293598269545,-5.4824408337121175,-2.8474945083995165,-0.05088088614235525,2.6227229125027556,5.252933373718303,7.83199233,9.918844304662242,10.733901719060839,9.829339903149455,7.40220101286272,4.231976612107577,1.4231991685458925,-0.14391771071107382,-0.32576135747338275,0.3454878338756558,1.1759807300000003,1.8245211467341063,2.4049121223684464,3.1431641920923994,4.0269115476177655,4.669832558123402,4.380494467883225,2.647879870027435,-0.22232223897357722,-3.0705046266681544,-4.557592490000001,-4.098291127651084,-2.426475770490965,-1.0121322028181858,-0.7903856956014715,-1.4239117896263869,-1.5197934113110336,-0.03442297273763932,2.6108126142835637,5.091139071066824,6.240341890000001,5.771358220196581,4.367710853165423,3.082265954791522,2.8068438569678786,3.5841320716621192,4.530374374257987,4.7278504575585485,4.04797049598808,2.986674159748976,2.1162311500000004,1.8233340038799917,2.0991169691939002,2.641000553559268,3.3081261385474403,4.186512150725187,5.175062716645155,5.795367371436785,5.577826232999847,4.597877054090571,3.46170067
7kg_10bpm,1AB,-1.62189312,0.06273001396763006,2.125679411903124,3.8144278661302944,4.761714949344563,5.073673977170165,4.964351706869215,4.553995838666321,4.045174690556249,3.6389200769709267,3.524548250409404,3.9671607450711064,5.117941222087854,6.5812420052788045,7.509169101379305,7.152010040851809,5.301709453444205,2.6337724598521066,0.3770669707774055,-0.42720286911566363,0.34830414003332816,1.8575658330295761,3.236562983759778,4.379806403662313,5.778049588667643,7.472718724940496,8.608284596602827,8.264262206205272,6.5930681984664545,5.045446871337489,4.960489709946878,6.641553226876488,9.274305798309411,11.324811053107462,11.957742917025099,11.803471038931633,12.184134385921483,13.577989913332202,14.8854282599541,14.654511591324262,12.770748230743193,10.285687889971832,7.620573538494121,4.177450553882278,-0.973559236156264,-7.436285700401411,-12.245879748171056,-12.390447086089493,-8.188859906681504,-3.0891056764163003,-0.39488627000000004,-0.7795316051175799,-2.801662225039134,-4.789683473754353,-6.022384044320137,-6.743250951289144,-7.064845056527037,-6.350206689698517,-4.229469727541083,-1.729728275479259,-0.5696284294277254,-1.6593529559502576,-4.269680483354675,-6.758903632433948,-7.899371169436481,-7.27874454490084,-5.402903356898162,-3.287342141774033,-1.8429610929479563,-1.5799617079945052,-2.3963685408249913,-3.557453442204004,-4.1551858294960695,-3.7464050717504036,-2.5973326888955115,-1.3937113612886451,-0.5741034064361484,0.07350282688482784,0.8590010783994293,1.4740426487812464,1.2130830303431437,-0.2770143510589921,-2.4521066695996474,-3.9975237114982702,-3.6633888227867173,-1.0374203286313235,3.0189996572392523,6.36857477748246,6.250367813805682,0.30448905103583856,-11.849755012384295,-27.335811672775094,-40.05251673065939,-42.31899963680145,-28.82848621576977,-2.099521903209685,25.309125489773667,36.87061927054646,23.406807998075344,-3.490428159849043,-35.36874412
7kg_10bpm,1BC,-2.50673275,5.642579231214595,10.62081177850568,12.17422260841648,11.021636013049367,8.377379440000002,5.4777159243677565,3.159172515179058,1.64028382042794,0.631692820042481,-0.19474305000000003,-0.8487474066283645,-1.1408869463613887,-0.8314822395501308,0.12995698888193716,1.3903932500000002,2.4347249221063128,2.837044465210925,2.361494168426318,1.0646974906402589,-0.57839014,-1.870956242840187,-2.353155616414477,-2.014924361842669,-1.1475361051498698,-0.05859506000000003,1.0303334433736406,2.000658308777761,2.782449386208791,3.210345963824493,3.0437976600000005,2.2416543139125604,1.1052721251768354,0.14046373874932236,-0.15120139847551614,0.45164206,1.690652391462939,3.0266223085602424,4.055325056176518,4.672767855380959,4.897482200000001,4.643626550206355,3.7396747056086537,2.1842734109537916,0.3691412495321322,-0.9456346,-0.9654660551688382,0.521834341190137,2.8823209465370674,5.14168385655198,6.663441820000001,7.361480719108937,7.521798030107955,7.450360903251377,7.287933511260561,7.067923200000001,6.8332209821978624,6.687023904416106,6.6837792157151865,6.857628169829999,7.293132099999999,7.9820560543500125,8.724605097484838,9.154331125263734,8.892761257659929,7.826289200000001,6.292464658264126,4.868875929695852,3.9516442414397175,3.566641567121187,3.42474746,3.1731605344907017,2.697935963170719,2.2039480804238494,2.088674932403809,2.6773402500000003,3.907408944192625,5.286004675343064,6.219649461567839,6.365814955474005,5.7931484,4.9141346892213615,4.202367269160841,3.8697958018481224,3.6633633996898967,2.9456400700000005,1.0970646692202044,-2.0589905244743174,-6.0430206549914764,-9.805174635005372,-12.09851751,-11.932087549584038,-8.903459050774682,-3.484795693160952,2.9229012271164065,8.478316490000001,11.62938637336765,11.661045247228834,9.783090751850107,-2.2213061257133115,-3.56641655
7kg_10bpm,1CA,-3.10191237,-4.048540195056513,-3.873152183740027,-3.1778599535779817,-2.330770462976537,-1.4028438183103698,-0.354405683281735,0.8777503960714161,2.3978229810907394,4.135038543722732,5.6842637566466525,6.433200157726799,6.032813159872859,4.85256759751672,3.8275222071978496,3.7944108011679094,4.903298463695206,6.4201771914925185,7.329402568426124,7.216207516864327,6.554218292869848,6.1789251541852215,6.587125787361724,7.661009318458652,8.739243521835096,9.130824785609915,8.534982202200533,6.946256214447189,4.468951775058939,1.3029703310090277,-2.124738504323706,-5.114031566676818,-6.897479832843762,-7.141731314275977,-6.407823511824506,-6.034115394137292,-7.276387260523214,-10.315923319281879,-13.99669114013435,-16.433454781962137,-16.077284223478454,-12.586689752719366,-7.06687776252231,-1.525448196031577,2.0700644001046786,2.640097140245102,0.47961298962921173,-2.8403950787425516,-5.431427154658908,-6.140168969707664,-4.94661686141637,-2.7371530005498172,-0.6381074525598607,0.6809464762112805,1.3167827374853514,1.8627922775853816,2.730162848618781,3.691166525871015,4.117186080955488,3.72148148811837,2.9531370945968316,2.6022003451584723,3.060694278284916,4.027717128168752,4.854404363776496,5.110415933307958,4.80911240332241,4.192048040132454,3.507559151529166,3.014867578352589,2.967974155222493,3.448633955725676,4.25239797244347,4.884846771285363,4.738019878158834,3.485136140910278,1.3952243483272078,-0.7953776004743214,-2.397319460416019,-3.168906102081482,-3.2364585740042595,-2.7672847002807894,-1.7391572847165406,-0.10661085527931843,1.8660426343737693,3.594436902163266,4.549356293477905,4.595419387534912,3.9521008159569972,2.9090150614868424,1.7380670352125165,0.7939201563332485,0.40360653285437315,0.7347234214757277,1.848859737700704,2.1054218257665047,2.0790696703426836,2.019559954797833,2.056238836603053,2.3120714993474145,2.76942999
7kg_10bpm,2AB,-8.46729097,-2.882735615757277,2.7249700014394085,7.112176977193735,9.31425389811934,8.835448159367333,5.984970513303237,2.06120774735494,-1.026946602686921,-1.6731260254818685,0.5841895594040937,4.827380593356537,9.214065550321576,11.802507686112946,11.375712994530156,8.031287437798595,3.116437146295281,-1.5256800975150884,-4.600672481742307,-5.956594433433485,-6.335179352320051,-6.579506939257616,-6.849378508278152,-6.685726854998534,-5.6405991729754055,-3.5959754318714903,-0.9346737399224841,1.5405984200124752,3.032214634212906,3.1815845175817516,2.2307365315933354,0.8224865346269893,-0.3989453512403546,-1.053951555547502,-1.024930793578793,-0.20848458409291912,1.5314273750822318,4.046453135150993,6.744151013043811,8.853160728321512,9.953513736431326,10.255037176197188,10.161517190289171,9.812068993627141,8.998831465187358,7.604382513027969,5.902406137630131,4.131805584866018,2.2273525318882297,0.2709888145804902,-1.2829723209474295,-2.01900308693822,-2.0170147685540316,-1.8746613145002964,-2.2709591728620544,-3.182205834159139,-3.6226986645248114,-2.5362530618706955,-0.007635400606803131,2.5926248138815513,3.624136593213299,2.3485755503863364,-0.5494712406220292,-3.359294170374518,-4.4993704654478845,-3.7055078126610246,-2.34528178614291,-2.266447537717862,-4.094652165613102,-6.571353230343253,-7.522210567772489,-5.652833973169927,-1.6528919943894853,2.2301219139072166,3.7811188922957166,2.2566746010403507,-1.2547411632994585,-4.563992321603592,-5.685627503316142,-4.016027580588467,-0.632536389633826,2.620250315054865,4.469374101682473,4.859705812427022,4.485261217149669,3.8386910653119095,2.6064643845348523,-0.025633843129016315,-4.535334683700937,-10.49561687877573,-16.592971575168413,-21.02844861482419,-22.114014967714642,-19.062553775302785,-11.487487748669537,-5.341240344752512,0.36382235511344857,4.4920159186219495,6.492105168792182,6.379569802394969,4.69497201
7kg_10bpm,2BC,-8.05957472,-3.1060460471878995,2.2359633412147883,7.148420076232695,10.864593169775816,12.804566834567089,12.718855178218298,10.82108640024998,7.76590017979593,4.336131641078973,1.0820495514847106,-1.7629070842351207,-4.173287580720764,-6.155479721585486,-7.496533927085561,-7.816379425244129,-7.031693531695775,-5.517834730778775,-3.8093352774564835,-2.326065033391051,-1.2573669799999998,-0.5548033959727132,0.00120829894776784,0.6730314053808093,1.6168741333520869,2.797125106834723,4.036556338340191,5.101588212503754,5.746235841915349,5.7537489905206245,4.98762332007894,3.518724458066141,1.7072869994786701,0.11047736094788714,-0.7687486157490871,-0.7451390793273375,0.0027893384742753028,1.0905237264597363,2.117275167933323,2.768679071077585,2.866375690000001,2.423268363550297,1.6343792829172343,0.7760365362951552,0.0778764662320644,-0.3276187798940232,-0.3437039896370555,0.1804047876963534,1.42128296348626,3.456892743763982,6.1791645398605946,9.311756746159645,12.434099871469892,14.94090540187554,16.079251507361036,15.237665546392597,12.260615156132886,7.624191215681067,2.4887116923747286,-1.6264904140529002,-3.45272353,-2.508804454055027,0.7207004452826291,5.153021073181183,9.668721746831043,13.4003918289677,15.697349163264064,16.06664666606392,14.325934819592577,10.802710986277033,6.330628583972956,2.009504404458522,-1.1423322830382796,-2.5131372965062595,-2.0793202763403955,-0.358108746012391,1.860341709959846,3.877810070340074,5.374021892648992,6.475356720628265,7.566286610000001,8.94408600124515,10.568994175025049,12.074287639383648,12.988418969935962,13.038010456419192,12.329964025743651,11.307810630337364,10.55433119132653,10.563449191897591,11.574395300384229,13.46053270443397,15.720503447785951,17.729333805476198,19.156433611054904,20.159340441293583,21.132247056921774,22.40079245242977,23.79225953694762,18.317693505785837,10.95746322
7kg_10bpm,3AB,-8.17349193,-3.695579012536265,1.5707105989681311,5.922614865725385,8.572134500854295,9.67889836967392,9.745977523995537,9.135852412320677,8.002428933845486,6.551952896240234,5.183848784142863,4.2583093787007344,3.751898112912731,3.2088556230006637,2.1334012008150167,0.41574507064818844,-1.6158164035673057,-3.4327495589774015,-4.717421629960555,-5.620519282405348,-6.510848019610952,-7.5595552312590115,-8.593568823322492,-9.076116214931087,-8.385067268612358,-6.278266366095244,-3.1537632347905493,0.09583293921476124,2.530120781082398,3.6307300738997044,3.5695870144189707,3.059589994037291,2.938899740619352,3.855602207182284,5.904995215082596,8.47714691347625,10.709481736091774,12.12619763368739,12.731036454504027,12.662061748754454,11.773981239316361,9.660427350249797,6.133095384986641,1.6689547475046962,-2.5444602430683214,-5.149098562891944,-5.649590324095438,-4.911282269119284,-4.115538129740817,-3.381752914040067,-1.8571440500000003,1.0089928807910833,4.644972569449722,7.711502717041048,9.040840947152223,8.540055565101955,7.1475478735228615,5.7133814325580135,4.233305591834857,2.3249438083821095,0.0652031271053717,-1.9233040523844935,-2.9910278093075435,-3.0585025909697894,-2.806393830926501,-3.035887824952003,-3.857503695625552,-4.585193684658676,-4.418556155800597,-3.251574241534682,-1.7649762189881038,-0.816000481078592,-0.8852959830455908,-1.896935409197363,-3.420500469765982,-4.997423780752646,-6.225060547530131,-6.665877383060331,-5.943237777690577,-4.073096350210195,-1.5542071266116333,1.013979372583955,3.3729456623279317,5.601005899948483,7.58070896963379,8.393988964006677,6.468967298657401,0.8006050841151615,-8.0650120029971,-18.170401334921753,-26.93738450736385,-32.09477214984884,-32.35594991162131,-27.683494562387377,-19.26697429337698,-9.316668930948316,-0.6263758817528337,4.26129262863363,3.9635187114714996,-1.3775503511357896,-10.33528257
7kg_10bpm,3BC,-11.02758918,-3.206095924808919,3.876961222659973,8.839798722640595,10.944471418211469,10.301700080568953,7.705895754385596,4.243867059943896,0.9303717806932386,-1.5710919480809165,-3.106619329583308,-3.8532089611308895,-4.107468757928068,-4.246912751921593,-4.560361630534944,-5.048143233284706,-5.413266174379242,-5.272807861988506,-4.373467372406068,-2.716521351000871,-0.6017749182707021,1.4576332769943157,2.9421332003416243,3.6248434659644317,3.690540090661289,3.5074943108829317,3.3467584334008875,3.2605319178646384,3.1108003764301406,2.690665768570563,1.8882653546468489,0.870812826782097,0.11775239032457017,0.1398041810488844,1.14105999066381,2.897244688673114,4.834523877995421,6.24638209199763,6.669918463474393,6.120358854802878,4.986242637739587,3.7842705166924016,2.931208174043103,2.5457445648085337,2.4924644275090144,2.638129893781449,2.9607332989646764,3.4597117637185404,4.089314771706745,4.782400177085654,5.484377323399093,6.1312453925668375,6.6590260701362665,7.069935702511875,7.510363517355515,8.164948453429183,9.040071159179522,9.903081245678248,10.391425913657516,10.232350171417062,9.372123561473753,8.061401128850092,6.833980902197109,6.197754266926686,6.231374677130754,6.4374064466431165,6.050089758765148,4.5757234696453395,2.148171125827548,-0.5088541434912391,-2.409173568766215,-2.7696649988534268,-1.4492264227397273,1.0046775870431457,3.8562928877326224,6.644364339974511,9.134217346791893,11.05745608845923,11.992080053412367,11.430535866933676,9.000772764066541,4.684268957004308,-0.9888561912751361,-6.896684848579849,-11.629739304680161,-13.937574213366622,-13.056482767002045,-8.888003270442562,-2.0302332079497862,6.360224532874318,14.81910694414293,21.823721335175048,26.02688216121394,26.565399370225997,23.46739394944133,17.984449266292916,12.146816013044916,3.730467444346906,-2.2108101856924263,-1.2386899669825855,2.69714747
7kg_10bpm,3CA,1.24741436,-6.654941858285513,-12.200142578404433,-14.873345452013234,-14.50320394078948,-11.400726357045755,-6.47430492387683,-1.040057052520112,3.6505512570890155,6.85341564524774,8.425570411364612,8.565740207564236,7.640355499278521,6.14824369506887,4.6700133961934975,3.7907341745900234,3.8429267459839385,4.723257701891255,6.063158096879247,7.545231442693639,8.94616638537897,10.112697594167528,10.968778360577428,11.44649709884789,11.455570482055533,10.92538168954244,9.826052231554272,8.206224805415424,6.246037987390807,4.237956859367815,2.439658652721178,1.0039833469804336,-0.14537287798988852,-1.3415623905968672,-3.0554629922040673,-5.645940171960948,-8.996086145689118,-12.403553176726348,-14.9169330931436,-15.847930860940254,-15.10061442269367,-13.17835585090065,-10.911584126993038,-9.106123323973039,-8.233634802333878,-8.207796935214018,-8.485910360612692,-8.458652967961013,-7.748731642883263,-6.332144097997695,-4.48510823,-2.5902974770720784,-0.9544610177138032,0.3388268966198841,1.4321133116120326,2.5066226671672722,3.583659139122807,4.495277831480713,5.064504422273324,5.311871589536926,5.458239625516923,5.71875149284565,6.079161201584026,6.28104084565235,6.0082401730607184,5.13222800604941,3.8203127892950226,2.4188232533087715,1.243204047382138,0.47546212591145626,0.2682101201849836,0.7835735443494003,1.9937772076422386,3.449409501548631,4.326076954710652,3.9030005682542446,2.15761416300126,-0.09516303179416141,-1.6776777123921192,-1.84424122351491,-0.7953657398823212,0.5441746434812766,1.2274029200558731,0.9155004311161745,0.015503890725566391,-0.7017436563608127,-0.6552792253450228,0.18583915505630447,1.4029106030897431,2.518830864797453,3.254059841910513,3.5290843966356467,3.3825690002984516,2.9481279911630103,2.4741454303244335,2.301057225022845,2.699216590095635,1.534536007684015,1.5972693625018455,3.2366263514574802,5.11631182
7kg_10bpm,4AB,6.32463832,4.848608609212095,3.1843274708702993,1.684441588058141,0.745656521325112,0.7683903027108798,2.001845042955772,4.432471990357761,7.624230670580953,10.651394759383765,12.45727937057333,12.536206217022748,11.21689427295204,9.284544582046456,7.371678628959872,5.503916338817286,3.1621351063770162,-0.12937392571137862,-4.294940483577504,-8.774466360259666,-12.915044881724146,-16.21670934579486,-18.350906671120367,-19.00963052992667,-17.812599775925364,-14.488913882129173,-9.218358969451923,-2.8517246928090505,3.279467311628916,7.821856829930729,9.818002906522288,9.134491450147689,6.649154187700303,4.065005012832788,3.2747926096699382,5.3900532948800866,9.93980955888859,14.801540982506895,17.406842440834836,16.498711716423855,12.89322354594589,8.754851790613682,6.025732441517195,5.151149709592318,5.147206969885281,4.754199850296202,3.5028858645358794,2.068244740120983,1.72979334639789,3.0206998790098774,5.01672819076751,6.130076137263341,5.44281979770108,3.305667359958605,0.8691473862940564,-0.7268594235077014,-1.0966894104071585,-0.6357930007853511,0.18292990703110346,1.211976648420389,2.352268778379212,3.160283244467743,2.8891620851044686,1.1215565147180846,-1.6121079440391373,-4.008729036310149,-5.001079162991968,-4.567066932155794,-3.5658846903325014,-3.009469802969336,-3.3692847146705263,-4.364352066478048,-5.326498622391299,-5.7542408934961955,-5.586752931782345,-4.944433794542426,-3.7845970224252645,-2.082481150582964,-0.13378594063171778,1.6204390722632043,2.733425000892792,2.4853538655045173,-0.07050953391603945,-5.272637745967426,-11.96063944983153,-17.726081863549265,-20.303587259418,-18.929627738789137,-14.68763789924617,-9.774737276351564,-6.31803422855971,-5.486947984248958,-6.355387101187564,-7.366060389857333,-8.240121772595698,-8.445555526170514,-8.00160107991198,-7.271186308238221,-6.727403989500568,-6.63586498615755,-6.87685648
7kg_10bpm,4BC,9.45667273,12.59054271071383,13.392114276524856,12.369830581493712,10.319990241651496,8.074742878399887,6.190069846174136,4.759505315907495,3.483521725136161,1.943102344767761,-0.16813977137866173,-2.8662700264579573,-5.723688500509634,-8.039462256258203,-9.204068226310989,-8.82709347805916,-6.971443768186677,-4.264060974022549,-1.5329938885311034,0.5782114016578134,1.713227170601442,1.8196814052741415,1.157759983810937,0.18544549831872345,-0.6848869156591256,-1.2126603116520847,-1.2980155443955463,-0.9454277053795278,-0.17180804094523577,1.0931504360867867,2.890949907159841,4.940227000707778,6.643785971758495,7.471267903410508,7.27402225266459,6.343896900121157,5.245904062294683,4.445300098440068,4.020091733339956,3.6992117150233885,3.1650867834809797,2.4542083547843063,2.086319300739278,2.779183143006027,4.883078710451747,7.87233781572913,10.36248192139475,10.834986387624282,8.747848457885876,5.0660548644733,1.5929924356831386,-0.20141648348219443,0.07910432835769908,1.704342784005793,3.3193923822696623,3.790621406853935,2.905623116757656,1.3879517530112977,0.26826450205747765,0.23529849259381816,1.4598959318664746,3.689629390445152,6.339755386297166,8.57117304844815,9.529146454000774,8.7466014057804,6.461132076754816,3.555793210432617,1.0678374506528543,-0.36966633608235777,-0.7251634429266954,-0.3036563869677542,0.7249901740652422,2.5306434251417635,5.3351613146875305,8.927389349692573,12.482902490056883,14.878683863040497,15.237816696519102,13.379054765516317,9.899512098062862,5.817277898222458,2.092818612996359,-0.642375685954852,-2.1523929403765485,-2.4985144763838885,-1.8685741526053188,-0.44214486690117705,1.7709441633177077,4.903384288794063,8.919060565810295,13.393628261080613,17.599201793350552,20.700335998818638,21.97436801135353,21.14557317923728,18.715407060920814,15.670548486805924,14.307334775823588,2.1063274221050903,4.42576403
7kg_10bpm,5AB,6.6367115,5.486694551502483,3.6492829955211703,1.5637127440443654,0.06397859765470781,-0.045310850000000014,1.4540275048230613,4.030419327954729,6.778136380905111,8.88718446427937,9.86691713,9.589466675979237,8.303165547414785,6.57963621419227,5.07250042017193,4.180183380000001,3.816427018220893,3.426045722259508,2.3875294319415294,0.49594720140546117,-1.8901501800000005,-4.2213841918760036,-6.194266537195928,-7.735503116608128,-8.68091622981774,-8.63387471,-7.2572223107698735,-4.762672764809169,-2.1002968014558987,-0.4330948205850957,-0.32848034000000004,-1.3660241278456344,-2.405048901719569,-2.2752027973711626,-0.35212477571339196,3.19172043,7.524953789975081,11.690716692607083,15.025023835275164,16.896560037850037,16.58341121,13.70503841055769,8.622549685986664,2.58929494924301,-2.4748714834503596,-4.814248910000001,-3.917241847740201,-0.8124858465698819,2.7965429592732214,5.5534939225773385,6.8783297,6.983171189252929,6.520738888916808,6.032885547387418,5.58909806789869,4.894520330000001,3.7608411605728076,2.2893652644247053,0.7736921889030198,-0.5515404743009416,-1.56858868,-2.1029436995118926,-1.9468179098500842,-1.0635731332359668,0.1779148430264525,1.03511502,0.9025243033783814,-0.17656036124399785,-1.6354051720618776,-2.884372881945733,-3.582710340000001,-3.629127491237474,-3.1564601471520195,-2.544130292536099,-2.1665040959704682,-1.95302737,-1.4329383072126678,-0.2092103625479105,1.7407700704587792,3.920780451008573,5.3465011,4.9267438788134665,1.9849672872209585,-3.374015567869649,-10.336485674708952,-17.731431200000003,-24.343782639473144,-29.157311011101978,-31.66396466577229,-31.88954301641569,-29.963512529999996,-26.084348532776623,-21.008855532135566,-15.915415182695925,-11.646707925020687,-8.397705980000001,-6.049236391667867,-4.674398996555309,-4.84971121630323,-7.445417416014064,-12.88694576
7kg_10bpm,5BC,-5.92767919,0.6460472267246103,5.8388364264520485,9.246097113808558,10.816673743516493,10.688047101266484,9.18502395472004,6.837194781927513,4.349129423054357,2.466785559615713,1.6351373562805416,1.6611392409217431,1.875248978178504,1.6912440165266172,0.9321784853424844,-0.15414077881840071,-1.060588050404863,-1.333024262072596,-0.8541112358442596,0.13469627971026876,1.1617231342346854,1.749844779977916,1.686191751878292,1.2090351746466699,0.8303179955497461,0.8129518197677529,0.9185479421505084,0.7044020069243886,-0.08162696578550252,-1.3683337100733783,-2.7994781679771346,-3.8532192920637693,-4.022105467709416,-3.067232871611324,-1.1860784649791605,1.0930737553490188,3.1887079111374663,4.776074175372201,5.8802877172918375,6.602281020986554,6.8321743337255585,6.320690874425701,4.969521895164979,3.078387870888758,1.3991903118992308,0.7629378002192619,1.504487741817846,3.251107523182106,5.217119490539076,6.746997806862736,7.6369803781956875,8.023795078052988,8.083766623036935,7.79080755816017,6.879209785518855,5.1636774869325945,2.898502343981521,0.7025442247206014,-0.7814799859752684,-1.1142477063234832,-0.11503314428941581,2.066230150210966,4.993790532040493,8.142349268308621,11.024155888393754,13.127577322458416,13.9499880848509,13.28768444282038,11.480632647223477,9.236309231483274,7.077353973830875,4.979852412036484,2.5295617166559374,-0.5216413509603808,-3.7739198530277545,-6.234009814043307,-6.842278749406872,-5.055139357122818,-1.192123469701023,3.6316665961844774,7.92415362088547,10.401284530100456,10.517636640264964,8.585595199238146,5.423353614122642,1.8839310576805748,-1.4193286693211509,-4.15279443510652,-6.05837592305036,-6.641910593959587,-5.172515925358322,-1.1420243487815325,5.184517130373831,12.4049302947098,20.48461914718313,7.773291282111457,9.64033848891491,8.721544334834991,7.180834178548393,5.74591733384171,4.75383093
7kg_10bpm,5CA,6.76139538,0.08771350916467213,-5.695569127591458,-9.761325976616101,-11.126067304566803,-9.616528216227483,-6.149174783849752,-2.0733411089714853,1.5754253552236408,4.313292015716208,6.07154770019225,6.79320076458103,6.3274627526895335,4.75865251345345,2.717198411993245,1.2449710595101207,1.3377975873789263,3.4388836338823694,7.023245485691067,10.638567660604581,12.673113908411793,12.507985502338727,10.784974707739469,8.82287617587683,7.505271335954065,6.763305049347965,6.078363446346749,5.029481935036054,3.3528315664172452,1.2761506691227886,-0.6699786180237445,-2.4062660920965686,-4.425238856745314,-7.179625702311148,-10.360920081425943,-12.754260437363442,-13.021467446522484,-10.687532602813759,-6.539101284939948,-2.138027780725883,1.162790159865182,2.6978295958758762,2.3901037966540137,0.5790045611907635,-2.113920986381288,-5.055865693251114,-7.5939614762293175,-9.007513473153685,-8.732067212683559,-6.582835177297686,-2.91985141,1.3549616047855368,4.992571353195272,6.93393151698943,6.9504614756340715,5.807506081039483,4.639708103866826,4.0083805802336885,3.601818116188983,2.8587779841226824,1.763512902516347,0.9453810796216345,1.018596501438017,1.8139626469741734,2.4702574155865458,2.368336876597056,1.7862951740299504,1.4974054348667074,1.9876536349950773,3.067437384112919,4.057311472873719,4.383992053307211,3.980336593911748,3.153353097238091,2.1618570590720836,1.1729969800448803,0.5619158127184049,0.7823856185830441,1.7311260197310152,2.488630862061092,2.0251322602401713,0.1985232933937396,-2.0694357148569846,-3.4935355691328014,-3.3676402812380757,-1.9797363907443883,-0.17073413964856032,1.235632891063402,1.9642392580693364,2.2163982391193655,2.1836417143017663,2.092881634638222,2.168665447517309,2.5105972950540045,3.097231217548644,3.7824275938482823,4.440420000699779,5.0023613806766525,5.35701016141458,5.422953825853659,5.23731013
7kg_10bpm,6AB,-1.7274454,-0.9743409535265422,0.4402524259479636,1.9324070569860876,3.2220115111769907,4.355804207667567,5.537492174100325,6.96648395985871,8.72820513178719,10.631113736122023,12.075239513428594,12.308870715068414,11.01151572061251,8.465141865251605,5.2649825650572675,2.0350963392329002,-0.7458409659316566,-2.926530317144805,-4.71771523115874,-6.486679754307674,-8.479919590073514,-10.559295229893696,-12.125122967014308,-12.324005042323721,-10.54264761764712,-6.884042675415173,-2.1772199899027163,2.4181383997290262,5.842623485085955,7.466224796303091,7.354316259563047,6.264037237119411,5.262994496972,5.206937360171342,6.244784409294083,7.801107273303636,9.033040294580188,9.349873624700171,8.745073190479687,7.634249493982165,6.373342689278089,4.819089617155944,2.4345911957614907,-0.8471144513494029,-4.027552431318246,-5.525582035890878,-4.3060128662315424,-0.841078942556059,2.991224619239323,5.19694061447224,5.02265982,3.2448562654365074,1.430138902829696,0.8598694562608558,1.8195615202715,3.64335101308876,5.167766404217687,5.359265413849532,3.8035687265818843,0.8372497985175573,-2.623326052964954,-5.473629993687418,-6.725615233754043,-5.765774164827066,-2.640104277792114,1.71750249424554,5.630580204135455,7.3976680989527015,6.269198315682022,2.909445103384575,-1.0869946429171042,-4.20365259438509,-5.76161832716132,-6.032009052056452,-5.679542855005134,-5.080984977637093,-4.185256861809241,-2.986774090953289,-1.8754189079445764,-1.2608350072119685,-0.9989094744880466,-0.4025282193403289,1.0613684998343145,2.9857433266292626,3.9646193180053197,2.3879694746398505,-2.492116440039376,-9.945826727557314,-18.118994182381694,-24.988360646396377,-29.207427768055418,-30.409695327920385,-29.001228647578195,-25.753368675988177,-21.39511093592488,-16.452685566573244,-11.366516643364244,-6.704806799666455,-3.4268572613302517,-2.8086364465913745,-5.82348062
7kg_10bpm,6BC,6.28756573,10.932893368114064,12.363296131741574,10.949131639376436,7.750473817735284,4.184114164700512,1.6192546786912123,0.8578314821653722,1.7642810289020365,3.402891179406519,4.594771511700103,4.493027094082156,2.9584727945646447,0.5743727451371707,-1.7618911799826924,-3.359965690553247,-3.928701387948794,-3.4538445621810543,-2.0917933558753683,-0.09715083494801643,2.112141554134949,3.9524677679075815,4.9177335726368225,4.861927966035822,3.9673047849744143,2.580164100000001,1.0150740471447948,-0.5805301571904177,-2.165469577474878,-3.6530999568264866,-4.816820053011959,-5.302896481860753,-4.747901230756013,-2.9602304631494785,-0.1323061593021717,3.054121250221159,5.656768293169297,6.951055102124076,6.767363712687616,5.514338501476493,3.9169918566704927,2.656085905644348,2.146509605593947,2.5030707909662055,3.6121800153203463,5.165655128913673,6.742903635956782,8.014569072105855,8.849053877458411,9.281427490883893,9.391396400000001,9.186255914090465,8.54916237468421,7.166737805907578,4.7688417192820065,1.5847240384449537,-1.5603046574366357,-3.6326406521230634,-3.965429399813774,-2.6277282544029017,-0.31463917563794386,2.150508324894455,4.238531876814926,5.828657078680227,6.980937519062882,7.61222037516582,7.505785733122042,6.591776098800458,5.098907438324477,3.4542799158639395,2.048504118967714,1.147054662837855,1.007776583667124,1.879408068984802,3.7623167796354227,6.167027420000001,8.119974987862633,8.566945205932296,7.058994204377236,4.168546892829252,1.209196875151401,-0.5895177814355809,-0.7791227373243478,0.27420640979247446,1.812806387129198,3.2831615469970608,4.749718747014912,6.7062648288097515,9.459379884137617,12.74946611202677,15.921553549811167,18.32272943425228,19.535100585300533,19.36687290746604,17.788126220331176,15.039187371218278,11.59327228587692,7.220731559850149,0.743421373488433,0.8528851967848626,2.72095721
7kg_10bpm,6CA,8.43402427,3.120490545431408,-2.1071426369844413,-6.382226165248319,-8.838213004324096,-8.881584895785986,-6.5322539247111475,-2.600666285470201,1.6726315264109264,5.19039219740262,7.343772672126667,7.835443866072512,6.617441803837784,4.16348279680934,1.4415031767167907,-0.47249096848145583,-0.6806717358690715,1.1246508178845553,4.501792900768276,8.440832069780221,11.81842541368423,13.855833261249794,14.376009294545042,13.635818933528023,11.920678839018981,9.382308680000001,6.334240161535094,3.449530496940525,1.5566288392144252,1.267126187811261,2.5660927177623236,4.571681886660817,5.8715555976238925,5.215995327286989,2.119902430867849,-2.862751974439135,-8.569181010636651,-13.791746610244662,-17.430372251347563,-18.665620473366904,-17.28149084204105,-13.815072521144932,-9.414004560120494,-5.3690550561702635,-2.679158965365311,-1.8459491595906528,-2.773373388166896,-4.796784237294134,-6.893066771288917,-8.018434691707213,-7.529732610000002,-5.41712317429803,-2.1704012328230555,1.5769657854105557,5.281059372949405,8.412800306552702,10.36259825663087,10.5684837654158,8.975435655068592,6.335252179555425,3.886980785133645,2.5770164858561624,2.501702283410663,3.0424453502863003,3.421476283291223,3.1675672589792025,2.35277666490363,1.509313420111899,1.2508078162840854,1.8462195684193266,3.040772929763718,4.143747614969277,4.34324521756757,3.208995993808523,1.0718460625524955,-1.0935281599999847,-2.258582008927914,-1.9749654478453462,-0.55911473732739,1.1672963796692486,2.3075023699699813,2.355077361441073,1.4673176638367875,0.35671200867028235,-0.1373875459998629,0.4549471143008427,1.9526215424059514,3.5036137793762516,4.027812121193092,3.0708817639350117,1.2615326615998985,-0.15434419704394464,-0.24135706335460017,1.0057890187369398,2.7701885223472758,4.087748068017687,4.516137354996275,4.3585283962629635,4.2814265968291965,4.6473976226316775,5.17414255
7kg_10bpm,7AB,3.83085558,1.5203139070997784,0.2665882936859829,-0.25460473968732983,-0.26890856436890814,0.47442139545957074,2.33151671875812,5.164748244901294,8.10574338080403,10.043963009031321,10.4121636216515,9.631613109007969,8.681906962921039,8.15330672962546,7.825355098357882,6.7835435090067895,3.9999874212566406,-0.6415463858555985,-5.935443666459203,-10.167322635495582,-12.406830922568531,-13.027181035115849,-12.866667819363897,-12.006260463061434,-9.64490190817025,-5.218552219462211,0.5284247745359932,5.696852780054563,8.448054889400067,8.191002907774179,5.807097397706004,3.0548423062339176,1.7207147266140996,2.7203793803776257,5.680882164800534,9.243346197975937,11.818920666971835,12.309605650224201,10.449083974504404,6.7544057933819595,2.163279666792962,-2.130339499619118,-4.900833477982261,-5.350539673422715,-3.597684315365301,-0.6980214133879221,1.9436311738455976,3.362999541003009,3.684903100187939,3.9665851296180556,5.00511038207034,6.108652634581824,5.576209288180118,2.603434752638157,-1.6795078694326095,-4.766625798202466,-4.574587425023078,-1.0177227702082106,3.979290181272867,7.917324479955257,9.362640523533166,8.381785734752148,5.822795596079738,2.4741902776131597,-1.0975904426469525,-4.231129910594377,-6.150937524756993,-6.39330033869713,-5.176160791007871,-3.298301417939419,-1.547725201110527,-0.16529999366111686,1.0495543116057404,2.1889034084411345,2.8973378565349277,2.5300876806596113,0.6542917475252089,-2.519654034026979,-6.085536994979961,-8.797701051797782,-9.672043237279063,-8.571287899495646,-6.19142544248575,-3.4951311877713036,-1.3614685926761059,-0.6742702214893047,-2.2249685609918672,-6.173148905971631,-11.654559482834717,-16.96455782177778,-20.309260620621725,-20.62116181682241,-17.910755834305675,-13.098099363707917,-7.606826224394065,-2.7173963247438384,0.7161857221306294,2.02585879132709,0.5009681945999858,-4.485823187883102,-12.73553791
7kg_10bpm,7BC,-17.18472616,-12.840918195792572,-4.53558939534827,5.331549079565402,13.709699759342143,18.346108014649136,18.521952746175558,15.09336443568809,9.863438720429437,4.570728536447657,0.2714242298521127,-2.6622214434174536,-4.291291375404077,-4.873899752950702,-4.648386209726969,-3.7657862411744745,-2.440448052105507,-0.8879726171402675,0.7314770666786161,2.2133180303593996,3.48407875,4.635981234884031,5.621780772433575,5.982069087827539,5.076282402094513,2.5558565440693015,-1.267096048850977,-5.344441239982795,-8.365615970455975,-9.473077958459832,-8.589606492865512,-6.2418544384335215,-3.1430912450891078,0.018710119497483794,2.659028721909193,4.372747451466109,5.054405986667222,4.8699817555198734,4.230267231604938,3.767115465310634,3.899452000000001,4.453042974062192,4.8527606831365135,4.709782898744622,4.164640326175519,3.692437119433767,3.704975541697762,4.327989760616617,5.347324538173315,6.4721614721385485,7.679928001139361,9.132808322317462,10.746057123103306,11.885264078704036,11.797288348816002,10.403083682331706,8.40499390101047,6.474479010613658,4.698629066151033,2.9994676555325435,1.7711381800000001,1.6785804217100562,2.7758758134452317,4.308446743177623,5.286744914504832,5.034148533611284,3.5595046564781527,1.5420409149891692,-0.1886647530630579,-1.0801175014390747,-0.9720543751409163,-0.14035800083961392,0.8659215400161073,1.6163917860362202,2.137531198712038,2.7571044532766433,3.609452196856264,4.442331696748855,4.826347773895556,4.48557211101405,3.44803192,2.0554016219980165,0.7972653356658536,-0.01469470225294496,-0.4655985869566663,-0.781754279924661,-0.8367365919436223,0.03216858412085407,2.6938257156465184,7.5773992890890725,14.156148648593867,20.875351554382053,25.37772799838819,22.381433591368324,14.900255552460807,11.009665777057224,6.753009095405193,2.98440463985637,0.2853343749848301,-1.3725923824318087,-2.107352
7kg_10bpm,7CA,14.58840001,21.690033112744118,11.643383184590466,1.471724351843743,-6.477561320300193,-10.56766383073024,-10.564707715584873,-7.571855378799273,-3.2479382180215364,1.050771203133159,4.511159993566575,6.6519927666507686,7.0245607499647,5.401672514097006,2.088478119641544,-2.037536830528704,-5.4649169579344745,-6.348649180469255,-3.6518561101149776,1.829880475496129,7.875976336186891,12.105506611488119,13.494061784529725,12.750527397693098,11.520449519442426,11.01186693300504,11.396531653265265,12.159732241113169,12.729678713365237,12.608508424681206,11.431677412126698,8.95108869381066,5.180524230106162,0.5984525313953947,-3.7673991063007426,-6.880951977326998,-8.476064989974663,-9.209244432869637,-9.80454344854724,-10.574213849365718,-11.35372247059295,-11.753980164093791,-11.665643273708962,-11.328352682510847,-11.049677748850524,-10.916219114807014,-10.637977134390855,-9.645449658584914,-7.462601752747052,-4.2031690674862645,-0.7066835451166389,1.9656414487406997,3.30541230336769,3.4351024440983893,3.01135421265347,3.0736272931969593,4.340476528452907,6.521711037096831,8.43788957641719,8.956582189496302,7.875639233067702,5.885088821586409,3.912025759785186,2.4805587095224912,1.5790910863429453,0.9849805559541702,0.5432683564580718,0.22527424058324666,0.17606366489383005,0.688594488782733,1.9463969036770357,3.7381352220578625,5.274479391352391,5.544707991177768,4.092872747620564,1.2994581664178084,-1.9240110655307274,-4.635368051278792,-6.194582641909032,-6.324162124800685,-5.050855573553606,-2.820304559062719,-0.4793033540880631,1.2145667539369565,2.1332855784797156,2.648400020548194,3.1883445057981117,3.772383603762357,4.03144535018068,3.640279736225696,2.633417565483478,1.3958059601283104,0.28773491294457515,-0.4216857248584829,-0.36492059692814427,0.9076154114732148,3.6443443512050053,7.454769508054183,11.204052885640195,13.573836659879536,6.89672128
7kg_10bpm,8AB,1.52970274,4.522494171087075,6.783925906072852,8.078123100250306,8.532285883849276,8.462522935583344,8.169196779920105,7.732681206758492,6.97101947590745,5.744018285371106,4.228296248896852,2.720561608751448,1.4489337917364506,0.5834575473919403,0.17297323133456557,0.17812411242725443,0.6099254615697117,1.472066571813865,2.6413865699428123,3.843967509147738,4.670525982044534,4.702979750574627,3.7203100136287754,1.771333005079658,-0.8627729255746821,-3.6836855617728457,-6.034852093187207,-7.278674087906842,-6.9897963295833625,-5.181154244906952,-2.324437271478997,0.9296708787068444,3.9207503623536977,6.179063327955637,7.4396464611916056,7.666546729170748,7.209062810771485,6.631810206193708,6.483678582681994,7.120480534865909,8.301510965098412,8.997661956634921,8.00479345292698,5.131660847136779,1.760881407850998,-0.06297959388565638,0.7954397293190838,3.6127675638395496,6.190545579895609,6.51303066605702,4.02781224,-0.38625466313655415,-5.232090412785242,-8.996396835794245,-10.432420776257914,-9.010872384520164,-5.339307095066848,-0.964793022597595,2.3990709469294753,3.8200012409970867,3.5025480489124936,2.4376519980974503,1.6612984920619889,1.5259131983125913,1.5193212803090665,0.8266301270200652,-0.7431495465120104,-2.416160679847356,-3.191119732646672,-2.856096479154129,-2.2712860126210326,-2.51819108719365,-3.8227381551818187,-5.315272514633521,-5.768130999227275,-4.463392803168052,-1.5568247628556553,2.0173557453743163,4.951332390804829,6.122842810990219,5.230742703746926,3.0272360258635103,0.578559790941089,-1.7738861362507907,-4.501693751748149,-7.89619653419111,-11.470190417042797,-14.265383482743285,-15.490204909472398,-15.091907801084615,-13.66150775383033,-11.899109638009673,-10.344073074672647,-9.23911294313605,-8.607023221486488,-8.517364396772868,-9.146311113374507,-10.676318725595733,-13.334173269918342,-17.296055439965315,-22.3587582
7kg_10bpm,8BC,-22.5004028,-13.215201761410688,-3.6768825299017167,3.3202858017560763,6.33498036014516,5.953594279506711,4.067077818624417,2.611023713694983,2.673184820232938,4.246537881029396,6.395914119415277,7.863148479445976,7.889580204269122,6.5583436062845974,4.366568810789521,1.8777743711840844,-0.3036329862147631,-1.7861688714504131,-2.5066843995078623,-2.6734163557444592,-2.674702413217404,-2.8781543815673913,-3.4727776491576448,-4.353636175350429,-5.077221605008648,-5.143973246417831,-4.281118738029025,-2.512004885440167,-0.18572502861594634,2.171695494151836,4.165038069027041,5.541804840790629,6.100446485622473,5.756897695852243,4.650546531789834,3.1908621448061614,1.9955278637746716,1.5621046846250297,1.9253668288790795,2.707892097573281,3.4802493534271663,4.085903358036572,4.7469998951078525,5.755035049902994,6.984688121756119,7.747270524095708,7.266316262790888,5.426715585131847,3.1263258243114502,1.7847008469342072,2.304449896710005,4.502716389582843,7.210020204247584,9.003476423768543,9.23567920436178,8.23442559023652,6.727559595167445,5.230043035387931,3.7211066971305935,1.8826282359286364,-0.3924458341498618,-2.7108795403559287,-4.267064769833317,-4.286324244616996,-2.5079522780250985,0.6921291263150148,4.35028621737204,7.133823062123879,8.012773355627294,7.058391197679695,5.489168503564045,4.798647304356872,5.598021431018258,7.0989178621683235,7.839059977078982,6.981610936979428,4.933777893440019,2.891783024319897,1.9125408062121012,2.338066814325689,3.6489619517746794,4.676307028582423,4.350837758845236,2.544036541110704,0.19671144267939905,-1.5040872344560237,-1.9748731710093073,-1.3449118519572716,0.008838177836820865,1.8598649698075147,4.09169014211959,6.462086775523689,8.554195095365397,9.95903886281022,10.502454965217687,10.333668286132605,9.75533848176327,9.069769331533996,8.782678150013206,9.946943580743582,-1.38751145
7kg_10bpm,8CA,8.64049514,11.26217020326133,13.286544915486612,13.403238011926938,11.073167410798998,7.246614743413338,3.545640300573231,1.5638914550619083,2.119400516907123,4.555823206838679,7.055255259502103,7.704175904488065,5.685475302900831,1.7447332398291246,-2.3853086645847688,-5.156872075747891,-5.881688378010647,-4.6257961054220536,-1.7963441597514154,1.9219449817473346,5.782084329778759,9.10330562388572,11.484732655377481,12.992226464564347,14.051174299538925,14.462961722461547,13.036953903359695,9.378348461216724,5.142681574595996,2.552960273327157,2.331869707812051,3.8387198833100618,5.389294589923688,5.130594736129776,2.8295729444097835,-0.06109187603655594,-2.627392337418371,-5.484237859320714,-9.200802955997133,-12.685101831290796,-14.232251173240495,-13.530246969710783,-11.883718765830293,-10.389220962723844,-9.111552972489728,-7.710153908663041,-5.902519255090473,-3.6340729066393034,-1.41894728214821,0.2854211415694773,1.7183760200000002,3.1189436096607897,4.278923740724078,5.18000942576962,5.927514449963177,6.343152960552883,6.187832303638788,5.456177010103533,4.4770799669352925,3.6514851557044867,2.9476910384086277,1.9157447369574243,0.6079875977035454,0.033987636911073996,0.8429190780615069,2.135982450031746,2.593328031558956,2.3077159819290243,2.4405418047970224,3.121046408411337,3.13769105156366,1.7192245232620214,-0.39219802833875766,-1.8576902858954434,-2.167265415340888,-1.7596988733261283,-1.1789425132957025,-0.6200416102421432,-0.03721838753885656,0.5273465178048307,0.7392795666714677,0.5105854558412807,0.22510943973558364,0.23729317015390228,0.407778647270378,0.6244767702701651,1.0850856040122348,1.9064446027594601,2.8805552240771264,3.679789307002548,4.226089079996502,4.51973532688293,4.214595904625625,3.011333856421388,1.4292459275898448,0.7666688241006736,2.1259212090239683,5.335205547419958,8.94811113721568,11.144449296640786,10.81145188
7kg_10bpm,9BC,-0.57601026,3.5040410153951407,5.7986570508854856,5.761501478597904,3.758097370599528,1.0868175699999998,-0.8716030983294029,-1.4580061029092402,-0.9367771727497897,-0.25916137142893214,-0.23229695,-0.7504007350177921,-1.074436252414736,-0.6409836943352897,0.3830789761472561,1.2744270600000003,1.4115876183362044,0.965766874405161,0.7354889627319449,1.2618165532796504,2.3896909400000004,3.385417400556428,3.510377360700667,2.695000241138683,1.6485080840676134,1.10197249,1.0371612065879827,0.6995223563949927,-0.5031996287896258,-2.31898558590531,-3.8799648200000005,-4.4913708827938885,-4.224285247792778,-3.7433136514060994,-3.6122266438420003,-3.7605137900000005,-3.436557597414678,-1.7926120957534735,1.3602409452864799,5.275148859914204,8.81983236,11.147253900953109,11.83494436289183,10.897385761944662,8.74422425901296,5.96630559,3.1509307262756496,1.0100266652316465,0.27537537631570064,1.1641212070076945,3.0334455700000005,4.820894750229869,5.898622424044103,6.222082147480656,5.876096813779307,4.948080730000001,3.9071926534499455,3.6753523006680586,4.882221180478481,7.123891811140811,8.98895407,8.96359243405045,6.668482499702806,3.1550985656580663,0.21602995008853476,-0.6631039500000001,0.7723000511878143,3.3382080032947385,5.241120012770426,5.350398134164602,3.78574654,1.3452191943225111,-1.3646238132815058,-3.9767110554381597,-5.884649350015234,-6.129054750000002,-4.076828818484174,-0.20802426106104188,3.987288332615128,6.97364826741291,7.916012520000001,6.872965391284586,4.655468809226879,2.41000249755205,1.060507049557529,1.0142122800000002,2.3743453543989634,5.041615675518313,8.54123004444687,12.025076898863325,14.562946520000002,15.560450683622383,14.918718845125154,12.796483879288855,9.494941017268793,5.75143443,2.9172441241780414,2.522687065730106,5.347894846900792,10.763780394683154,17.07908767
7kg_10bpm,9CA,2.9363244,8.620274188551337,12.312983867164414,11.533158144885151,6.75633008512037,0.9332885098378747,-2.6047236203232793,-2.8290139208964793,-1.082703294421378,0.9954543717918565,2.711857526453596,3.999268347012024,4.244974810033518,2.6611613993562813,0.19756417481381786,-0.26723675922422796,3.463049525176141,10.01133311633954,15.141597331866729,15.828212423110491,12.91331858303606,9.865594834388142,9.246529674469587,10.594413686877045,11.365420192197645,9.47382282538522,5.286447126550552,0.9844439974181028,-2.221323525006231,-4.692976566086213,-7.659299322930317,-11.67560504683125,-15.34566708511792,-16.092813055653295,-12.655755539971494,-6.543855352619791,-1.3673979077941627,-0.25728462555724363,-3.7695908243787644,-9.752896014586657,-14.413133313198497,-14.32862648591649,-8.93547515269137,-1.3761373739947436,3.991699970634549,5.815015484799768,5.756120607169877,5.382521103777134,4.778229357760667,3.8411301088708334,3.1306860366941183,2.9854668161397844,2.917269277151841,2.4637598244546317,2.210676426964774,3.1209649000453723,4.840063609968321,5.7244379690011264,4.782367170431585,2.9456833400075975,1.8536139210518325,1.8471675303666357,1.954268701888453,1.4320084289156505,0.6452566280453439,0.11155233322584622,-0.3305628232081543,-0.6864419442724572,-0.157290244926747,1.5642206198611375,3.056008952331074,2.5738638835187997,0.4582994495767374,-1.076728671068499,-0.07818436297625853,3.076699885069543,5.856186616309602,6.144767459117279,4.183375432850968,1.7003384815554474,0.20695201290016949,0.2133814963137676,1.395812122744367,2.900132711495648,3.918215845740844,4.359773042469584,4.305277014867547,3.6106894734573127,2.3722736592568316,1.1522491294082366,0.39959170398518795,0.3725061082424309,1.1123569665023014,2.1350111397935048,2.895216952670013,3.583147342854934,4.663710305834455,5.777437302799921,6.09685327678712,5.168152452090165,2.84675133
7kg_16bpm,10AB,-9.38094712,-7.435000745801418,-3.852520715007886,0.6658625110360358,5.200258061750501,8.85669725103279,11.125619780192828,12.05272940086077,12.158880931695856,12.125544594565582,12.358133888634114,12.712510328170572,12.61318338773264,11.487001117023675,9.128572868493464,5.695220291499561,1.4671628068162255,-3.321607009331154,-8.41659861010033,-13.385958850834095,-17.672457323780396,-20.768646830237458,-22.294374103238454,-22.011745168009096,-19.81824192954071,-15.76076977462622,-10.096129507938901,-3.286126322145416,3.9924433467887606,10.731067991644418,15.634204904256267,17.56130666597567,16.087120223964533,11.79315631045925,6.144924651592496,0.9412236309746789,-2.3441919314441417,-2.9910957659331068,-1.1323456350713328,2.4316464843732897,6.542422952108017,9.984397152198545,11.768711486796066,11.219677790611707,8.159091286871332,3.343737519302823,-1.5627967049362919,-4.708869483750575,-5.015425339772094,-2.795728403527778,0.55197341,3.6215892255697,5.801836032241518,7.453906708002304,9.219642512180096,10.976592752536481,11.545744314359617,9.58861738667047,4.999072801248966,-0.6647646929323895,-5.210660609130597,-7.261854110448575,-6.9344758341870945,-5.478888666979629,-4.137244910596363,-3.278989210137579,-2.4074932382496215,-0.9413256032056107,0.9546249240987009,2.2397692281168426,1.7659210631118896,-0.7896980509386359,-4.620787729406677,-8.2817712140307,-10.59495233256082,-11.280336457289007,-10.899100401491483,-10.18929817634556,-9.32151790492163,-7.784097028826997,-5.011256402840269,-1.1668723571614035,2.50113857448288,4.109166238825077,2.199850585546611,-3.3487088042822433,-11.145848414091956,-18.967554145438964,-24.880880424905815,-27.968056811658734,-28.245672239135487,-26.199337767073402,-22.471624502265797,-17.843232445292628,-13.303804219151175,-9.899877751521748,-8.526231967489393,-11.316988698107957,0.42469370723539795,-1.5307927674453996,-1.75312064
7kg_16bpm,10BC,-9.80814216,-0.42244968959813667,5.949698920954447,8.864060241957858,8.59598105067379,6.000139453700312,2.2781425920641105,-1.3425156578954778,-3.9461310858108005,-5.155346305152425,-5.132800454842733,-4.369310450553208,-3.401715816541099,-2.6067999574457605,-2.107615551461018,-1.8121910701642199,-1.5554912448974099,-1.2119369987225577,-0.7394719814677589,-0.18060492407309492,0.33633366484057703,0.5913250767196051,0.3519622994763229,-0.4564522052304557,-1.6396604553013785,-2.7873415400000003,-3.454287047733899,-3.348135309227996,-2.431637581664625,-0.9395153345859002,0.7109353672505142,2.0804055407009288,2.870303947826176,3.023798541052023,2.6886278468500544,2.1153475952271013,1.5833326392185423,1.3128951587871753,1.396656552501994,1.7814020573977953,2.297216436000424,2.7563066145046315,3.0616053749239938,3.2456570056024865,3.45772853757596,3.919233661035965,4.804171313816158,6.10651440770584,7.621928071091455,9.077816832807097,10.33174059,11.515939465806317,13.018057297006804,15.234786193807366,18.200385233514986,21.348751170907214,23.628491213207973,23.91266973286129,21.581180738565358,16.9537985414258,11.211556299604567,5.834507436407151,1.9472848179729443,-0.053298762605313146,-0.45417647853336374,0.11735232242115477,1.073308500204248,2.0427335831045905,2.8496594806392306,3.4070750833518213,3.6486110959019062,3.5624889093778376,3.2519770840244306,2.9387117837600716,2.8953658899234336,3.3200896800000006,4.218134124049735,5.396743412637814,6.582791486676858,7.5484120427689385,8.175378674761294,8.439969824461249,8.348878131214729,7.9118846652593895,7.195567449960353,6.395778722771174,5.818589087217991,5.773485658325368,6.464941142830014,7.831072485731496,9.5298885845982,12.938848356484723,2.6543446729239344,-0.031780226254824934,-0.6611035946294462,-0.7721061552487641,-0.29043629259490245,1.1626278004864643,3.3151829191957125,5.539247842278881,7.11796971
7kg_16bpm,10CA,3.75256056,22.095431332961073,14.77221167780515,8.082469047350633,1.9960435495997555,-2.8951425927245746,-6.065875358015073,-7.162757535344464,-6.132027382797875,-3.389402590170673,0.20924342462291046,3.5901098319768554,5.714349016918886,5.854962139915683,3.9469476662749927,0.731123535005891,-2.5882042130735474,-4.620419262150253,-4.219062250976251,-0.9720655914105101,4.574335674146926,11.13142169758298,17.12175899646311,21.163337230887787,22.384587658944216,20.680310975207718,16.71598196119084,11.77338475583349,7.3318048909722915,4.50087618011383,3.6114926266262124,4.129401035366108,4.908871125661088,4.650498206046402,2.5202268393866505,-1.34840102002298,-5.949151989270765,-10.001088112676298,-12.609184419222325,-13.639398291666733,-13.7036929242732,-13.733301678605871,-14.447832193569974,-15.978408152951072,-17.763426290238705,-18.962180288336402,-18.969253112966573,-17.486116667916164,-14.47169428192445,-10.259826428456911,-5.625147010000001,-1.6317059565916912,0.7065946323361453,0.9029940770631074,-0.6555499702590523,-2.8198453828453864,-4.253747056605376,-4.128913152092064,-2.415549922434409,0.2994696918304253,3.1975591324969383,5.599581142222416,7.155177216846802,7.870869690206083,8.031158548741963,7.981286487610852,7.91161164613937,7.881045377938514,7.951315101892881,8.182234450824014,8.489295178547042,8.544019901098926,7.9327763896808925,6.41620263417258,4.123532355089204,1.6489864536170655,-0.19610186289904288,-0.9043745964504711,-0.5306514929863303,0.4027858478243349,1.1976049706881775,1.3208675442223827,0.6332995580675183,-0.6281291377621141,-2.124337064521646,-3.590898651137833,-4.710299379162681,-5.007990192967961,-4.015308975526533,-1.5341176440346458,2.0987167628291754,6.0322395369076345,9.32231380964206,11.340691898158882,12.033505697112336,11.895702008677372,11.605088135897745,11.538251096984014,11.454070359719621,10.597070267568425,8.28021626
7kg_16bpm,1AB,5.48921335,4.6369222306565,3.631870497353073,3.136841134256073,3.5907311539548017,5.144327258503875,7.5747059434915665,10.163769116204167,11.88788555446965,11.981058150087863,10.390686322197459,7.758490928247506,5.00825974789587,2.8975493395079814,1.7798918780354616,1.5567531151848069,1.708381375848158,1.4192700440951833,-0.0981699329321403,-3.167203474359957,-7.300923390000001,-11.347388170577535,-14.110520206368744,-15.016577447423286,-14.344772581744765,-12.83957454121315,-11.1016396933021,-9.346332383641755,-7.525759327424704,-5.495809829374461,-3.03554971361317,0.09114932252500951,3.7446485127659828,7.126666156588377,9.274247700104631,9.668270110458764,8.44298524000489,6.374749743099622,4.545450285548191,3.790065839761404,4.32683984,5.774921519158009,7.438186801580611,8.714667783295777,9.326105288794203,9.248881507183807,8.529230809697788,7.428683979858521,6.560884855273016,6.439587099501082,6.829774017678235,6.9546594512567,6.257564884002801,4.800152738400814,3.1319971703249423,1.7600924704110184,0.6736200717735212,-0.5961188841560734,-2.4477858521818736,-4.61051500634009,-6.048671990000001,-5.588145602718177,-2.910919526673157,0.9309168386327104,4.209506192401371,5.724041410606668,5.394358557398622,3.997044238885142,2.4125264519056047,1.0256728469615923,-0.2758282670479732,-1.6670803633538236,-2.974029309874465,-3.6324499845711107,-3.1590352835082474,-1.719844204727412,-0.17474653182063693,0.4546522417192457,-0.3027158369547992,-1.9920257200674762,-3.5723620700000005,-4.22846751689676,-3.979283863127941,-3.6214294474895308,-4.157569443114951,-6.111800897829719,-9.208686458653293,-12.675418850819343,-15.745267650079356,-17.904220012001378,-19.021216144812893,-19.42179781610565,-19.83352861313887,-20.916594443573455,-14.889869842564655,-14.120552944869333,-14.956371261293055,-15.050639969979816,-13.831224771640795,-11.36277966338709,-7.93340549
7kg_16bpm,1BC,7.79655714,15.598611689421102,18.470126617338547,16.568526463932308,11.329593223741401,4.866855750388124,-0.8374242908430798,-4.489156786898017,-5.695781982141204,-4.950329108747167,-3.253302332446315,-1.526738647078119,-0.3133496602498388,0.18918547873153765,-0.041260922650256285,-0.9115154250371941,-2.0522271438652515,-2.8600455166506267,-2.8014555213217873,-1.6764146718378379,0.2944995844960153,2.6167062215449315,4.818984037173292,6.639902938942834,7.993387790928757,8.877638822018325,9.323194679798616,9.272322574985722,8.550227692239075,7.016353218317811,4.784416665326476,2.3507877083281428,0.4559370575114148,-0.25136134609606453,0.46751811263804394,2.2908812682882185,4.437330438265601,6.027322130522478,6.4581179981706605,5.505570878286253,3.327092950943198,0.45919676368216383,-2.297233497796645,-4.066354032516962,-4.171125255926245,-2.451884754267383,0.6606508125384927,4.360584517161119,7.791957368622561,10.260849084782446,11.344567280000001,10.984324897628085,9.514147077969772,7.564000323477348,5.865880911126574,5.039908522811183,5.432683341192159,7.027405713285084,9.430565453037087,11.992816569614007,14.050846110983294,15.135426929485979,15.09179623132193,14.098066826247889,12.540129177695388,10.815327239863688,9.172910094403672,7.63719767851593,6.085968092632855,4.436379106048372,2.750529346404869,1.2223165952866766,0.10587767123559258,-0.39575297235319573,-0.2268225222126796,0.46876551479894574,1.3803462219523928,2.188207840971045,2.748548075755834,3.1689287160851483,3.754638159713105,4.802762688942721,6.382996142579581,8.33585145621854,10.385694778395907,12.198190049253615,13.445488006742584,13.990178319443567,14.055856904205665,14.12406314656065,14.644346067836112,15.799217524601252,17.44764416495818,19.273006629550203,21.014598046414164,22.876994750471884,26.045487116451234,13.810452874944652,11.54990504698854,12.582365685398626,14.16341135
7kg_16bpm,1CA,-6.97334164,-8.353730603429941,-6.749943855934247,-3.8025490230170713,-1.3524653756832667,-0.5174326421112105,-1.168222287706322,-2.299959887675539,-2.9192070340812806,-2.764476660351582,-2.375377831566287,-2.5797350445309677,-3.7306426043945247,-5.164580463786015,-5.398260249383446,-3.022571269025069,2.312287256692548,9.579682423402101,16.71695468367566,21.529792768899256,22.75686180096002,20.69612739430595,17.053390827780756,13.798568617090107,11.946734354538226,11.120058485378966,9.913122373233692,6.864084727711773,1.543980751803861,-5.04212670074596,-11.095530020755195,-15.12181880365349,-16.51150892758756,-15.444081767692769,-12.908092099274107,-10.53882097921165,-9.8481338464086,-11.06993316919145,-13.076868733774182,-14.395374263050936,-14.162286288881395,-12.36317201718574,-9.490677876658006,-6.141632204714249,-2.8351151409328157,0.0424414063329119,2.2052688394686997,3.5029124092764925,4.0930015073903565,4.530133297656738,5.3742285439550335,6.627532836452519,7.688064256081847,7.926238162317568,7.256452204004198,6.058085975345174,4.703850905334262,3.432085387804143,2.4795974915424726,1.9613221741380815,1.5896497949903452,0.9039737946499036,0.011621769576712859,-0.2859787535597199,0.5652589490751421,2.1129351397931124,3.320770959185482,3.573858319541119,3.10927980015427,2.488215085069068,1.7990672601361852,0.6940138837754565,-0.8796007996145546,-2.291994671547074,-2.745823305223135,-2.050588061788351,-0.7361804279042151,0.4484148149952062,1.0996574512275434,1.3790563387982264,1.7093540539030199,2.3050112922148065,3.0354012285008625,3.645198249811729,4.049785328937996,4.290486971299357,4.389854042594814,4.267214077378894,3.841814415597129,3.2263404220513623,2.7932987414898913,2.830381720934602,3.0606151162948683,2.896619709955984,2.1338357303606634,1.1072336167231036,0.3727279578025957,0.2840781152838134,0.8482794764430435,1.936375579425425,3.44679547
7kg_16bpm,2AB,-13.05433757,-8.436229058420757,-2.1389707216484837,4.2674787787178445,10.100106171137602,15.214893804499399,19.245915359248745,21.358451152113236,20.84924017413835,17.84364310590911,13.400184256684428,8.926671880366387,5.397240158628527,2.9521603178193296,1.1499708209495105,-0.5059321564081846,-2.249669856061404,-4.117651338310218,-6.152358157790015,-8.348946987675498,-10.425350649529326,-11.95318420691797,-12.791985133489488,-13.145673782911146,-13.005635162221305,-11.801463243177258,-9.00966326887796,-4.9520983006566475,-0.6548585717343147,2.9047222590960198,5.354786475030448,6.785135594379927,7.28989263177289,6.820692542189789,5.3546767839360925,3.1226322779878095,0.798951753947743,-0.5722887922333676,-0.13473309997548785,2.1914682687397993,5.530737902871912,8.459606838078324,9.73004632475823,8.877835064426868,6.403034587286061,3.524896751024718,1.5062074409291157,0.9118323748117175,1.5039975453123962,2.6113358578733896,3.5071265935105025,3.757123601815248,3.472977593578887,3.0680862737767804,2.4881007804324877,1.1565517606603992,-1.2712333320463896,-4.165979641150208,-5.852723406626345,-4.847285931684844,-1.3922631004842945,2.4401502219285347,4.214656011199465,2.9226204169790098,-0.31701642859164586,-3.1928579430660675,-3.7613910765726177,-1.4803503090225187,2.6794309558370575,6.76604791934518,8.774625007499258,7.5962694451774295,3.560056238541804,-1.8734213132748454,-6.945067093294773,-10.24557769886185,-11.049720249525276,-9.316387280424948,-5.569714375566912,-0.9227107659736139,3.097673366264451,5.182750833812699,4.877316268505954,2.5754784792704943,-1.0310982700646585,-5.352263789069832,-9.879133773122355,-14.087838600868658,-17.589237904187243,-20.278999921196213,-22.147306187212635,-23.123211200718174,-23.251388497901676,-22.82247286753089,-22.333979732300048,-22.470682206424407,-24.821128724652993,-9.923353481261909,-9.059951697908234,-7.129177617915557,-5.13009476
7kg_16bpm,2BC,-20.29178664,-9.143238320258984,0.867997387545328,8.653958549295318,13.578320043754216,15.57401242747773,15.182984248330074,13.344500228845716,11.040077142966572,9.006214663061835,7.5738735973131925,6.624475362312805,5.724031638969121,4.434717332325786,2.6229480211456213,0.5525909739153831,-1.2391869324360356,-2.1996506967911227,-1.9709143678668761,-0.5326341323583288,1.7139170193013578,4.057052157840114,5.7559861949648035,6.341583668766977,5.8108230829395415,4.579321130070567,3.207141978181413,2.126057998346027,1.5288665851862824,1.4046333870676015,1.6069025573709597,1.9425326812655743,2.2348562984784857,2.3751560954875006,2.381370880008739,2.3789692818171178,2.5086222969985066,2.8409965455395425,3.325535220025738,3.800078258308863,4.064534079734926,3.9596199004247237,3.3896149979900354,2.330535040412548,0.8936450612052885,-0.6367826412801408,-1.9077532734513551,-2.64032759326033,-2.6413283681183293,-1.797156544475552,-0.10181384984370877,2.376138943816509,5.483687469682472,8.895296349745502,12.120175449183225,14.677693100529938,16.298899524800586,16.979403699257915,16.88839941851203,16.25674273330308,15.239785925410205,13.844952528751406,12.01087076548708,9.750617812162112,7.215843021855681,4.666203556254171,2.406736618848768,0.703287506308008,-0.30816850193518946,-0.663328794041531,-0.5085068070031628,0.011072025515700187,0.7988571173323343,1.7797716985488556,2.849957901361699,3.8507847327722993,4.602476859291272,4.980277403070426,4.970336499306763,4.65424557044139,4.140582472091389,3.5237426265555407,2.9119587700996172,2.4778315092983147,2.4517336790536173,3.053309883312443,4.409999039659699,6.5032104440765774,9.166389640381125,12.299345430023818,15.022721127958832,15.53938712977207,4.321031155836796,6.3332692082459054,6.656861309367764,6.895120033459799,7.0479166906662725,7.192149389635805,7.476988765406972,7.976483234783959,8.64441216
7kg_16bpm,2CA,14.1341935,5.646578234988721,-2.0135079156834803,-7.690724028515834,-10.66250709159772,-10.910231710351754,-9.109657364267814,-6.348124758716684,-3.6784892500390662,-1.7842753850256612,-0.836240940254214,-0.6032509921652265,-0.6807296664545499,-0.6959770325112713,-0.4110035907161694,0.25441044923608863,1.2502452480050015,2.469879221939686,3.7987478409198143,5.133928413557246,6.423491325298696,7.641439688907916,8.827832417790416,9.955337936531194,10.917313834468224,11.568481367607612,11.822633153503867,11.775414304015888,11.71608405032496,11.97432339191938,12.698751922852914,13.725118326535288,14.596827740662622,14.738312742891667,13.709467944508088,11.344358403348634,7.718702075034142,3.120789388972875,-1.9554717846151637,-6.915180366025897,-11.235303112381445,-14.581788532068115,-16.825671412071856,-18.02846026659906,-18.396080588173355,-18.180834221299655,-17.61399879277409,-16.91949049013404,-16.310591713155997,-15.89710689243123,-15.595900506928352,-15.162859889279387,-14.345253439210266,-13.018881949924866,-11.198070229543708,-8.969124801902396,-6.447727664814866,-3.7903702915639776,-1.2263794697349417,0.9569475808969192,2.507702290804009,3.3472666609517883,3.648088438891633,3.7869116962172846,4.179141458524179,5.055628815144853,6.311954913066841,7.544185892772449,8.271567460994532,8.20348342971631,7.35136781296335,5.920313118154038,4.1324798295693,2.1326410568698706,0.010835338383038365,-2.086072931887738,-3.878446289577296,-5.020043006755234,-5.285728901701759,-4.736976660491731,-3.7142613633221893,-2.637809494457726,-1.7544383074086074,-1.0184877042619398,-0.1569127590514577,1.1233081900207982,2.8935415067893864,4.903665573447167,6.691740354453561,7.822744414125291,8.113077828085368,7.705680043438943,6.958345232504898,6.244460058923293,5.789307080638443,5.614375628630171,5.595993787139348,5.583633778705504,5.509179748300515,5.425031084669036,5.45002643
7kg_16bpm,3AB,8.8711245,1.9327576563554443,-3.4109136401733164,-6.200476603895206,-6.244137837911025,-3.8905479151104454,0.23179206080696824,5.287966842581545,10.129881369222753,13.443002506553183,14.24341766320474,12.311007022076826,8.237584617475077,3.1929819191956943,-1.5033775574670445,-4.857057375406574,-6.510155873784485,-6.742892682039362,-6.2303323026128155,-5.778733992375477,-6.021644579717439,-7.08435099087633,-8.56775874546502,-9.904402969383193,-10.768299023464184,-11.212305100116293,-11.471895203923703,-11.601226515795688,-11.26839148284676,-9.983007549642883,-7.4270498372868285,-3.595386503542796,1.0771548889526603,5.833097100528702,9.933349054406488,12.747529039473056,13.799817430876788,12.915376389963095,10.359873491247821,7.012853778225803,4.378516432959348,4.083166258507254,6.760426017289715,11.349812581312301,15.731132215114481,18.029652219107543,17.540144920467494,14.881223859785107,11.225035246164126,7.396082072217095,3.767200572273131,0.4799524715798587,-2.259622434631245,-4.082651895373329,-4.806720050338084,-4.607455607226267,-3.643167805950701,-1.946387654722878,0.14884608355229742,1.8175005703280016,2.1313319013357246,0.7264665269812016,-1.9127766573881895,-4.8233793680696895,-7.1473228115480705,-8.455384179228767,-8.617242317917754,-7.567363300149672,-5.371537482984157,-2.48014745475017,0.3461236278553892,2.4574869434029742,3.5726758299376877,3.7101719268290845,3.066474810262791,1.9713004429926315,0.8824096705704733,0.1653869953045107,-0.2572290533027456,-0.8986871349310321,-2.2580930325879818,-4.281548215524799,-6.196120088014091,-7.042004468865782,-6.525991208551687,-5.369071990093398,-4.787093053074976,-5.497300554167493,-7.143269048740366,-8.764656430845106,-9.729183100473138,-10.167807119606898,-10.469732529531882,-11.440501129666107,-3.6834384574217087,-5.051371439036225,-4.832686758307009,-4.0479136090757954,-3.2657386185837898,-2.617319614965434,-1.91553815
7kg_16bpm,3BC,-21.22244053,-10.52856189785938,-1.3899468759294118,5.331999601319441,9.405865868233679,11.08979524339583,10.900777087487155,9.411583747462524,7.156523058853556,4.637350986020479,2.3110929692178828,0.48461119778143824,-0.7123159880345868,-1.2134677438920567,-0.9892090899958331,-0.11811027636898347,1.2162006925591202,2.790175660645556,4.399299196090449,5.881761003425728,7.090039078495342,7.8340180117720415,7.8702412047805765,6.9714562917392495,5.037261449055267,2.18133598,-1.1988917568974877,-4.408130548934381,-6.64083758947781,-7.2984591986388105,-6.227131610284285,-3.780042844815727,-0.7040869056577994,2.1192105104054266,3.999997028017671,4.669045692588267,4.314797547570161,3.4404688009004256,2.609487652195131,2.2031596188278315,2.312966449462645,2.8054415492595264,3.440248098762712,3.9443213458751747,4.079309768686731,3.7225678258414687,2.9270080652344697,1.9587585048934877,1.2791068890496067,1.3859830637094928,2.56910944,4.781410903044912,7.659345251584469,10.608913932875508,12.960530214186486,14.190873042056811,14.10010649831113,12.874295348256496,10.998144275287407,9.064557529230752,7.60157343603933,6.955827691014798,7.19900576555982,8.108654846670913,9.264237967300524,10.209202376137943,10.61602634670446,10.404241752046566,9.719138803606677,8.789993350928103,7.815654789277812,6.94262340887639,6.294969562108107,5.972570327964878,5.994085030097325,6.246611,6.47346563576153,6.3392772501308645,5.5564231645366835,3.998401876685494,1.7854814334388422,-0.6884541439661718,-2.8473232161868944,-4.13037406749134,-4.191915391934511,-2.9668880604339636,-0.5977660320238669,2.6516394334373747,6.46949142867114,10.510533159578976,14.425250982193967,19.57178465211664,11.610449096230603,10.35260526869018,10.536790781656762,10.34572932842196,9.550887721589346,8.472586277148263,7.192497701775371,5.771322689694965,4.28413943
7kg_16bpm,3CA,19.03865996,15.29429152377418,9.545169112895682,15.642180674415382,6.850853987062238,0.36421899243303646,-3.7649230326388077,-5.375924876580518,-4.557025738240976,-2.010943687408879,0.9777801130826139,2.974395842225528,3.1037896789879507,1.515839558931447,-0.8829752703503283,-3.22441028970755,-5.211535763586517,-6.982760845519139,-8.468498150762372,-9.007572003326253,-7.692025553691793,-4.174007798028749,0.7448865003120615,5.701924018193054,9.58239966313785,12.23223806617708,14.413571946260362,17.020130807393755,20.138421815455043,22.737836066847642,23.21072163279948,20.50884271380032,14.983254338723043,8.285789386398672,2.491729602830188,-0.9725930405514147,-2.006458345007204,-1.7338756346659023,-1.6430028628448778,-2.6734544590438567,-4.839092743744172,-7.47116297356503,-9.72337505798312,-11.08233750642107,-11.673579088342748,-12.026994753697737,-12.543675899651754,-13.217137324185563,-13.781717226858406,-13.964715666936122,-13.605731531829148,-12.66780964374126,-11.166472523850684,-9.172909647904707,-6.964213716742248,-5.002502617356069,-3.6510805503578907,-2.926348171554062,-2.5032582573423334,-1.9177905703302807,-0.7477608351677097,1.2052941927834298,3.726671509481838,6.189582033720407,7.794990708022143,7.946088114236146,6.641966928197922,4.604697373008396,2.8875945701471957,2.183233528163075,2.4146238792671886,2.9262373090970053,2.985477107230692,2.2720014692642847,1.1748714497482415,0.45904900950026045,0.5511672301987152,1.2777435140240418,2.1422744516929266,2.767287386354837,3.207469184991981,3.8469449143520515,4.96684757143426,6.4304849684210525,7.745565304721942,8.3685314661705,7.99074205124665,6.618236523687701,4.503051211350775,2.083400214966524,-0.05729084928980354,-1.282511212988157,-1.2024659286991588,0.08132850439099892,2.057133811784564,4.081442461731976,5.599623742942704,6.243212505542197,5.910447319730385,4.763716180070081,3.01840038
7kg_16bpm,4AB,-2.72143019,-2.9691023804055616,-1.8763350064720075,0.13776279401190417,2.6373075270599737,5.429541491465033,8.555822977244224,11.962972685720596,15.248614418905689,17.673276576789668,18.389017798727405,16.74126319800081,12.561862132900325,6.404843104093517,-0.4350386769962719,-6.353654188945535,-10.175269655287467,-11.69307791115422,-11.670948630513111,-11.2742945795796,-11.365127403743248,-12.110714710508793,-13.033496824792332,-13.321667843174218,-12.268773051424168,-9.760883845557228,-6.339274823005492,-2.857513935029735,-0.06295076703271049,1.6974035240251446,2.537743006931099,2.944838967810236,3.4692498210477485,4.363461167709235,5.469437576619362,6.36283034779267,6.665910681254962,6.384106219127493,5.817130190669418,5.2708950191940955,5.169074910185338,5.96805614321264,7.6101346822577245,9.228177927109574,9.665723588281438,8.46900568435364,6.340822960471915,4.660565475084625,4.5237948005669955,5.864340044784955,7.32047281613795,7.103122087996294,4.455296290654931,0.4889233270366863,-2.607049822366546,-3.285060646646727,-1.8897654478847665,-0.15763937685363458,0.6274894419152174,0.7239567754357491,1.3475232043626781,3.24455489828221,5.797588642045248,7.425702885001778,6.833862654701168,3.9885156808998596,0.12540509129110058,-3.094425240744463,-4.655460610345931,-4.713817906166691,-4.225167324100235,-4.154777323442996,-4.929082647959761,-6.356622579062367,-7.881773171040371,-8.898010867134813,-8.94732079346967,-7.83526654205929,-5.73534044402026,-3.19411928867282,-0.9271165408472926,0.46869076679895355,0.708143731146075,-0.1412385160660716,-1.8551819591921856,-4.275953910408066,-7.323087313311936,-10.934278360978952,-15.022879985286993,-19.396107190433472,-23.58167615326255,-26.77659184666931,-27.625031818152273,-21.257963954440214,-12.453408633662313,-9.892786079734783,-7.092192973260967,-4.970215599641766,-4.029162879978301,-3.982236161319339,-4.25693851
7kg_16bpm,4BC,-27.89044682,-21.14604355585197,-14.166801103964282,-7.260120169177981,-0.66968107692733,5.229274096401426,9.8685677720892,12.645814433441537,13.192784941899756,11.602033663944642,8.478564554367525,4.728810551754108,1.2165810535854693,-1.4561170079766093,-2.9789367417787322,-3.2882335901541224,-2.5334514048224333,-1.0459331845713289,0.7872611955291383,2.7183151275058903,4.640518474408394,6.448425423905178,7.990592592321729,9.15807142718197,9.945707941802935,10.40074819,10.532594754354328,10.276045966869104,9.537112106528154,8.246882746041951,6.387153565191192,4.014715613684565,1.328767370002034,-1.2843466301545885,-3.313022266638289,-4.294353980253756,-4.0367626424212695,-2.7726580360101,-1.1227533762348445,0.15192693414931938,0.5117080537006481,-0.10130912043251526,-1.2690765144018172,-2.319457890183979,-2.580470400438369,-1.5555723387980067,0.9472589578806618,4.704047454437905,9.060004928117598,13.084217159364044,15.881991720000002,16.938292949029936,16.23994959077736,14.156719094507638,11.308529197198292,8.38879988217067,5.9224829442618026,4.145681358940205,3.0677434445201626,2.5924551762534076,2.633354985860796,3.168437841645755,4.173114572551122,5.517974430343145,6.935683254960147,8.096746021920755,8.753905635280844,8.880045415269253,8.676932241987712,8.421177295476676,8.305578504534584,8.382653361795045,8.58621693379615,8.79834604500049,8.954882697316805,9.091481780000002,9.239761594345698,9.26656563983909,8.849230630708359,7.6857058069569515,5.78952384458004,3.5539917851170832,1.5288087563630521,0.15353171497655865,-0.33150665727325734,0.19063131341168918,1.7937853747266375,4.465509801397138,7.968948424575942,11.79266499101806,15.238812414168066,17.76598114875348,20.36101741507314,11.405336485752548,7.721722932346792,5.67281192887701,4.291957291329752,3.3579420716693225,2.889549911898059,2.684984104418224,2.58248389
7kg_16bpm,4CA,-2.75990421,-4.242195268123621,-1.5685583087332038,-6.314314943363955,-7.493977799121201,-6.478654915491093,-4.638672251432137,-2.9076155515849,-1.7263697301553385,-1.0369098779181256,-0.4920639772333415,0.222690204347014,1.1049070650768573,1.773960433876883,1.6742976246093606,0.5073762385118323,-1.450601519283494,-3.3921171461076973,-4.32677972827891,-3.549725331674881,-1.0883135515272062,2.2318813359874277,5.416218927912489,7.415213341095624,7.863895260816895,7.487422434630199,7.504873860191272,9.297612083211853,13.175731450602544,17.990808337452897,21.66316279270617,22.351162421324883,19.47912475274528,13.990190442629837,7.748319805038472,2.4802719909332884,-1.0264416935418463,-3.008436669738104,-4.32368283929521,-5.867004706436219,-8.034965907597899,-10.5449213111666,-12.752024521740063,-14.156372402184227,-14.691925931901379,-14.681584070526895,-14.600110103136196,-14.796179596240876,-15.315111725048222,-15.908518343653007,-16.19580107,-15.854574347726228,-14.734185063379956,-12.851670693467565,-10.333096691891239,-7.44010038615569,-4.586742257850689,-2.1925028372388016,-0.4990601805118483,0.5361828576101274,1.2196454492679252,1.9475285972310403,2.9576596343517743,4.1548924460593035,5.1450083053589735,5.4608871519558715,4.858531521028194,3.5230790831338976,2.046529352106719,1.1013699873229017,1.0374336989902482,1.7210008157145773,2.6306025543547356,3.1415645204764777,2.917370187961557,2.1127122181202838,1.2542917077800309,0.9122344925243707,1.3406062754732024,2.3332019256024776,3.4180654026015205,4.223629305836752,4.737559547352159,5.248622375551549,6.00753495643042,6.944820452147504,7.678695380386123,7.780251083876506,7.103708571029192,5.93655613121607,4.843214776830376,4.333786578776918,4.596171218765629,5.467279710341323,6.595643895935767,7.611115756004106,8.225140641250356,8.298012209692615,7.866515371036435,7.11035572012997,6.23547896
7kg_16bpm,5AB,-5.48264967,-4.346460409120823,-1.50283613,2.129632108953771,5.60740876,8.217745058524732,9.69506373,10.25325414526007,10.3077161,10.143645689201557,9.77055583,8.989588346258891,7.5694915200000015,5.435617454086126,2.8268406400000003,0.2638249987625993,-1.7376862000000002,-3.0318574059912864,-4.000476040000001,-5.328469092215745,-7.52537013,-10.538346568789999,-13.72486465,-16.233917068204374,-17.495411230000002,-17.387737605832587,-16.09292035,-13.897804049751324,-11.05946305,-7.712502367098615,-3.9268588,0.21000723387931042,4.52881521,8.647344276624475,11.9284877,13.772680247897963,13.95737976,12.686217883931489,10.469231970000001,8.01239680891464,6.051139570000002,5.193864296257359,5.775270380000001,7.658266005702775,10.052171200000002,11.668785222198272,11.51191934,9.682468043737048,7.311550979999999,5.671776129725259,5.196615560000001,5.241672839299498,4.70278291,2.992331820450867,0.6091102,-1.2524611402445718,-1.80888858,-1.4210213439831443,-1.0744519800000003,-1.3062834313819227,-1.7957171600000001,-1.9050694216568695,-1.51736255,-1.2897981024608676,-1.9748915500000002,-3.48901073662803,-4.694705840000001,-4.195714861631593,-1.4889221799999999,2.594373130220827,6.475981400000001,8.78441911639858,8.91739043,7.022777199553022,3.63697269,-0.6410852144057112,-5.16482281,-9.089636792956023,-11.393854600000001,-11.29500165438114,-8.815657970000002,-4.949457449224724,-1.2242617300000005,1.0287828590667534,1.1149873100000003,-1.0053281572464392,-4.917001320000001,-10.073752659751927,-16.018619050000005,-22.276019144403485,-28.07438587,-32.094429591266774,-34.51798129,-18.91669529472429,-17.63360129,-12.841060289320096,-7.305041010000001,-2.7976263568807496,-0.23440530000000007,0.5913505183690426,0.64466181
7kg_16bpm,5BC,-14.4801766,-7.3195798604047395,-1.2742703132442372,3.5826373166411742,7.326021983887456,10.067650312733175,11.905939113353117,12.924934438316011,13.20566390844425,12.81645289281146,11.778976495047035,10.066404128454023,7.701196160516926,4.882858220544736,1.985746976114272,-0.5656986326386161,-2.4370458530480112,-3.4930814536232955,-3.8188449327618588,-3.614948636525897,-3.123433572893079,-2.5977926368395834,-2.2592099125134855,-2.2391396401358374,-2.553579733228038,-3.132209240376131,-3.8530322229575558,-4.546429639479003,-4.999626283993884,-4.977070091339005,-4.253509247447627,-2.6641918127657434,-0.17874685057492504,3.048481146190781,6.6795999441275855,10.252697179368418,13.270173194274932,15.323287736438878,16.216770888707003,15.99440342814099,14.852984018798777,13.04937028996035,10.852814988364731,8.523235733096035,6.301195480643019,4.390456368751429,2.927769590451561,1.9529671374214257,1.4211362720966882,1.2859809910606872,1.5725026995294662,2.3458358429709354,3.6274304633537824,5.34320482874439,7.30736194735827,9.220851941292144,10.709367657146434,11.435706135127225,11.24429795932274,10.241849085744509,8.762637442087952,7.251220335648385,6.112818381312434,5.573316341895014,5.616350158092529,6.030660424331404,6.526445340226388,6.856414720805142,6.882364820934006,6.570088784310375,5.9612490375939,5.158062206201974,4.3143286599518005,3.617845964707107,3.2363984862723663,3.253724919138076,3.6591721682686904,4.3744052102198685,5.2613883299125614,6.1322079342707,6.804963594456904,7.18136945166277,7.292365143755735,7.271778734425873,7.275218689779959,7.43354433409522,7.7702976452395704,8.531701380208624,9.373468654584043,9.634341962155615,-2.040283903243959,1.3413573572102406,2.6873766369068606,4.4742569089594015,5.7903276746066545,6.431502336189296,6.217239702675045,5.217744281648527,3.7208085958379256,2.1081323287303793,0.72630679
7kg_16bpm,5CA,3.91722568,22.884255092953953,12.562270411746365,4.148560555742957,-2.9623772237710924,-8.335645427296173,-11.750893812602769,-13.053345382831273,-12.112293402661145,-9.02463494406078,-4.354460711085415,0.8303455003487153,5.311618925959808,8.20246562397609,9.178998507078411,8.439808507951602,6.493014993883236,3.9549728754605273,1.5089501644933854,-0.11213903161123123,-0.32157688172520194,1.2972262709767142,4.511836343125481,8.50171688317307,12.285122354015572,15.206444295751579,17.160933365974,18.424565509998224,19.297209747055867,19.773349896663753,19.549205816217622,18.259887217291336,15.709218701954217,11.9331615868483,7.13263268064239,1.6099606373965214,-4.296786289956543,-10.23945353998929,-15.809404110885618,-20.548093496258048,-24.02482925731707,-25.91462370588599,-26.048342038761472,-24.465917953185134,-21.534312394487547,-18.04175167813996,-15.010714879210854,-13.231520060799111,-12.88773351605287,-13.510860612705123,-14.202115514503282,-14.014039770821004,-12.41296704488854,-9.538998459878984,-6.021714840874264,-2.5584365846127914,0.4175844223323064,2.8168006347525405,4.716184444851733,6.1230627775626445,6.934738023691998,7.104620288709084,6.800635535185258,6.366200185341231,6.112142400909947,6.158787311815854,6.439593059461214,6.801791573718494,7.097556149114494,7.192625938633088,6.969142409028564,6.391718551485459,5.577946438379708,4.763917239278001,4.1582570035088215,3.7920444741587276,3.451997067630593,2.7629078812591645,1.4575394783463265,-0.3186121644774455,-1.9875040834694804,-2.8711551705339673,-2.651298900656688,-1.579411207372562,-0.2654216161961851,0.7426405825937628,1.3130110441092597,1.7345148809327797,2.3528111653004227,3.1825763175344552,3.914133830041266,4.291183292414143,4.417632038216432,4.724053393901624,5.640808050003203,7.25163596081798,9.164822462016646,10.676611042853423,11.131337106428163,10.211944525972704,8.02111396
7kg_16bpm,6AB,-12.82699878,-14.874838202470764,-13.728709462653116,-9.70308283806756,-3.4957228737492234,3.936902358590743,11.480960905815028,17.904425110736877,21.983512973816055,22.841928667620202,20.301976178171,15.007626467342858,8.240132147112467,1.5292241018878003,-3.8769239141259777,-7.42318450882192,-9.279379709036759,-10.063493368544606,-10.429144738734186,-10.710026261600841,-10.847618200000001,-10.63659968354659,-10.043518140198199,-9.263032024235914,-8.540454846756724,-7.9993276642054845,-7.482467859030698,-6.507905940784619,-4.567772739332748,-1.616557549843032,1.749355577231381,4.651287545177787,6.432440740554971,6.923593381160725,6.473586726570638,5.71027474910965,5.162465216563829,5.047700946166829,5.334147433711113,5.8874870395907095,6.470213329999999,6.696793688573492,6.203104910968523,4.880257313169585,2.9591545366768335,1.0501487407731889,-0.12108574823481333,-0.17313072382278374,0.7468413716572834,2.100590393618323,3.3973086347038772,4.481936235273004,5.589515310379477,7.033133930850495,8.694652492026979,9.849143207811206,9.610867244176127,7.67156000678843,4.640579696684978,1.6890849066394893,-0.16052476999999998,-0.65536420746611,-0.3785832910097483,-0.15804042757169875,-0.4869780866463381,-1.4010371552370546,-2.6703616793637224,-4.019691683837009,-5.113368091828218,-5.6765195423928665,-5.670718212793263,-5.285238883475207,-4.760973128981327,-4.211384327267882,-3.6312840095811603,-3.0733093332758568,-2.756856151113553,-2.9724522039266024,-3.880499178660146,-5.387376105916785,-7.100870200000001,-8.38023711750059,-8.59645900534353,-7.492067485567706,-5.358869355241448,-2.901904119370478,-1.00113952358733,-0.42975791308014494,-1.5749821442239313,-4.4102462237576665,-8.57576066313664,-13.364021378563182,-17.88806948622209,-20.85268666907306,-19.42318612545946,-8.316110481096675,-7.211422699183905,-6.051834880096342,-5.471924902513734,-5.1650882380361764,-4.20364798
7kg_16bpm,6BC,-14.95983045,-4.870276501201289,4.305888137016187,11.666631849421837,16.4675794,18.32869068066454,17.328936347834787,14.003726560423736,9.26111454,4.213603384604188,-0.07247532690595804,-2.856131855425595,-3.8925912600000006,-3.421238923940394,-2.0118154379211637,-0.34617147494899175,1.0021238,1.7114104569914033,1.75960479682847,1.3641023020893348,0.8392209200000001,0.45943842700811705,0.3760437441090211,0.601929139926804,1.05960313,1.6398845988193465,2.2427200257402724,2.8049934829358842,3.2955588900000006,3.6953823729413373,4.0149237286841295,4.298071769024427,4.584295190000001,4.882220245715308,5.161757740699704,5.355307723379555,5.34979356,4.970730457926141,4.021038993480503,2.4051390185532258,0.25084654000000006,-2.085677527053815,-4.150208654333381,-5.556408336383509,-6.079787220000001,-5.605479450339342,-4.106762889863132,-1.6839072175176624,1.4355830200000002,4.922453458518051,8.354600268991268,11.237478692139696,13.08645925,13.595670685457604,12.829468915185439,11.278121850253255,9.681462550000001,8.698240680959444,8.625812651751245,9.304400071379643,10.21169794,10.711540985531734,10.329575814414026,8.945863151978173,6.851286030000001,4.614849080471898,2.8004655824949793,1.7301493173594291,1.41188175,1.6390890720334714,2.183092692970695,2.9192858788576745,3.81323295,4.837448696044945,5.9200741242222445,6.9662736598403905,7.887715999999999,8.58671265908207,8.960022326374721,8.972089462950231,8.73488107,8.50269829759945,8.559934129229998,9.093167500131813,10.122333710000001,11.501991934229506,13.009034297357148,14.386579763493696,15.642612490000001,17.491916901332893,10.739709334195666,3.446153427777113,4.524196590000001,4.951435281851469,5.289663612480789,5.512304801814322,5.48549723,5.181905295234537,4.5636918659631895,3.5594952788097527,2.10006061
7kg_16bpm,6CA,15.78416737,11.65186256971936,7.3712110385063925,3.048930717337263,-0.8888801364096237,-3.9417465223551704,-5.844413572695551,-6.6311828609426815,-6.491281864060289,-5.641301158725158,-4.2833263838055515,-2.516531957510599,-0.32197420480901195,2.3070985860563398,5.211940315909495,7.9911765796749,10.055396668726985,10.8419936764722,10.056716081632677,7.899007942152459,5.145870650521107,3.1437089409732675,3.006236442602569,5.085419133836798,8.756310821857625,12.775657085494553,15.945125874147394,17.61397885395231,17.796296003099865,16.8698391870758,15.283522447151334,13.314730569381457,10.936354946865563,7.864472652226612,3.7572861129247914,-1.3846212570512946,-6.965527450943113,-12.051971633147891,-15.86160838641237,-18.062946375655898,-18.757975078055246,-18.27062621033264,-16.946803495343598,-15.107011673044028,-13.099669439260559,-11.328649074467608,-10.180827140705219,-9.886978266136344,-10.418562875788918,-11.48461151219355,-12.573592950000002,-12.953534574320836,-11.95346238914068,-9.481345892344963,-6.097748924817822,-2.6197768646529838,0.3664637564676151,2.691778701790075,4.412729279271778,5.61270069190133,6.336476407911064,6.63536093456604,6.648684049923654,6.580123662567489,6.545723059747296,6.47123368395562,6.122908018660838,5.288756771957675,4.013615158818972,2.640829285679996,1.6076418440396196,1.137577820859845,1.0817170425571105,1.0597281857494332,0.7841118819289581,0.30646567243951184,0.007241696310263794,0.3043816464713214,1.275553296336271,2.54293704168218,3.542777833806924,3.8866310465815457,3.4892941259576906,2.5107171139357845,1.3029975056154992,0.29333416219700753,-0.23512274559443283,-0.24922513448881933,0.09604281379331926,0.6003968339977397,1.2008073640894017,2.040814926936635,3.3432833194044207,5.180178602665836,7.279389051206719,9.058834134754898,9.908546863804949,9.511966014447307,7.947349260854908,5.584601155310666,2.93082961
7kg_16bpm,7AB,8.55390402,8.688040772654888,8.52428903923089,8.149712368167094,7.7028111560777415,7.356011162777175,7.285414351620332,7.554369151407672,8.010523965595999,8.31453083010744,8.067643886446682,7.031174129789745,5.297631101851746,3.23103297930432,1.2787448652060132,-0.26658741049565315,-1.4561698910651961,-2.631999692596876,-4.21196128031844,-6.45947685751473,-9.297437999176298,-12.248601845595438,-14.552659698965819,-15.4816200681188,-14.700692518932474,-12.383299320000003,-9.057371197221423,-5.360512231062234,-1.7227204880980245,1.768305927545975,5.125779219242473,8.207066640956478,10.678498681435658,12.128993265780082,12.2104975247254,10.85400425466589,8.445266578285853,5.777881561603824,3.8542069545865645,3.4755228167419334,4.808778341534838,7.136149046838167,9.214938260495039,10.165129253032864,9.840721706924064,8.423446751085109,6.129772147706851,3.294905128859028,0.39311648235179997,-2.009668566598833,-3.3888446300000004,-3.533243132356624,-2.6621441911225703,-1.2176355059839377,0.3529518478663032,1.750182744936017,2.8740566151913685,3.6617422759524376,3.900463870479814,3.2469493367538855,1.5693364680154511,-0.6821555009928182,-2.5657398893985053,-3.206973130702979,-2.3733335258825075,-0.5869375127536544,1.2965159342242545,2.6824469278082206,3.4382130652288057,3.6530759678100484,3.3234364223118296,2.2596499091848297,0.25124244623247327,-2.6324759506432787,-5.840005383304513,-8.43344814,-9.432026176705893,-8.251722450409806,-5.040244223151166,-0.7104950648177173,3.3603914320993624,5.734460539727139,5.255892442915285,1.3267448503383126,-5.84877349964154,-15.202468244062928,-24.967929534186,-33.15180923291005,-38.181629431399394,-39.425210176687266,-37.32807374624838,-33.038968220602044,-27.785269522088925,-22.570158925218557,-18.270623648508774,-15.684036129268062,-15.314243074228635,-16.367474598061506,-18.255365468130897,0.08084226642158082,-0.9977755
7kg_16bpm,7BC,-19.23665752,-13.455839158681115,-7.99084703280413,-3.4298573979399554,0.03561817503803677,2.5849391325704434,4.572444982571389,6.261886124097239,7.6245877112240485,8.332315755556538,7.943529036152251,6.152987513007102,3.0135909150818825,-0.940621746865878,-4.785070209738595,-7.511719615817828,-8.37754265595773,-7.157249118227376,-4.240711555302485,-0.4923080853880186,3.082054233990272,5.673642704480729,6.885942829252967,6.782354536269431,5.757401007765495,4.288908800975426,2.788315430284624,1.5323486336943888,0.6495771967566428,0.17137732573274575,0.08198921082284676,0.3446116119115241,0.9218835499474812,1.776930262495744,2.841727459216496,3.993057654623783,5.062487460570844,5.863255318819726,6.227750169718825,6.0511802187274615,5.324545261899345,4.140046517342211,2.659964259116699,1.0737476233398575,-0.40566126758902765,-1.5268420624088275,-2.0362486926378947,-1.7488644303446712,-0.6062034479012803,1.2628884357975387,3.53131287,5.77540939973187,7.609080238376599,8.813431883329425,9.462684107703083,9.916144845966734,10.60533459241665,11.7555741241944,13.239839970648138,14.637934536534402,15.440328449244056,15.297257530368844,14.185159982301478,12.394156000550444,10.37226929013358,8.522490905816383,7.046295643930932,5.911159906511925,4.93237410876456,3.928195181134446,2.89924744489462,2.0943729301013945,1.8746553773433932,2.4776166008031524,3.859533177709684,5.701513908324844,7.545768277505807,8.987529390749112,9.824830720542447,10.089945826511888,9.987742653740442,9.789843601901277,9.706948309849436,9.804041970127615,10.023235833856603,10.281390265525795,10.545748772012898,10.848770016728755,11.254923166656651,11.82896942006232,12.529275235484313,13.364586884748226,14.842127380959864,9.719525689024213,2.6349058574088233,3.1305476753579935,2.6441272518976104,2.5259136608694126,3.0230399820930978,4.0375166895178385,5.18707356
7kg_16bpm,7CA,11.46732609,6.094187519686011,2.5350230497908317,0.3374855102116367,-1.2871587954393384,-2.910676922179439,-4.523818449049861,-5.546945738645599,-5.30406549982346,-3.693515496304614,-1.437119413958375,0.34950109181957806,0.9456878894318831,0.577404731664643,0.09126645690793343,0.28430118066866394,1.5677175478513146,4.002115094752225,7.469198181547029,11.711379018051176,16.16125719581029,19.9024104908477,22.09995283498584,22.41200464476169,21.1142352883575,18.90330136,16.452819249380237,14.127267577946002,11.916497888304056,9.549128524764164,6.792687710284902,3.577643641448163,0.022379166124472882,-3.5381965198076073,-6.705151565518943,-9.192325942083528,-10.83282008052244,-11.676422638105759,-12.025358344665383,-12.28214451872281,-12.881671935295522,-14.146425097822089,-16.015595237927634,-17.977283687356724,-19.265686430219876,-19.22899193107629,-17.654358915153566,-14.876872413761259,-11.614271268146512,-8.537516771858984,-6.078326320000001,-4.497358171627533,-3.8398507261475334,-3.83148705076493,-3.854936440197806,-3.135238142911128,-1.0651102496319487,2.4714088342782365,6.876086145292252,10.915933411676475,13.292443352257592,13.399149401660813,11.696511879662859,9.437868516724814,7.922797893696294,7.745029838812515,8.532032576506285,9.346308532900832,9.368020712717792,8.316714861902554,6.464119043025608,4.378133264731357,2.6218109769214015,1.5098731409938118,1.013627162316567,0.85691688,0.7093398752961975,0.3940847351000315,-0.02973654682026938,-0.4040752253649576,-0.6241511154367515,-0.6953122700783712,-0.6833383118492117,-0.5860611301223415,-0.3256971605776794,0.1692137523633348,0.868135549153933,1.5591292942158206,1.8902072168428625,1.6116502600037061,0.8308380775371615,0.007080630026992649,-0.2881620426665337,0.29698134046937297,1.6736192291470278,3.3719155162373635,4.820604395193861,5.613621232248477,5.620935166950296,4.899727872387272,3.55633369
7kg_16bpm,8AB,12.22748781,9.942088868718375,7.419290000084641,4.949571212831098,2.952070800742958,1.8426536599999999,1.8125619002437208,2.67994798219027,3.9535166761655467,5.064100780399804,5.564041469999999,5.196010610396448,3.8883350840259667,1.7121589386741667,-1.1473829262818045,-4.365429070000001,-7.509892594022773,-10.227303041604262,-12.371822982449942,-13.965216865112758,-15.036769840000002,-15.41877811707032,-14.727349629142978,-12.614605257545298,-9.069127330737794,-4.5104712,0.3519638523096831,4.763011833739081,8.198221924990388,10.546924058456758,12.085628740000002,13.248656630174326,14.297698548571432,15.051516175600165,14.89545114566019,13.209265810000002,9.920500886447604,5.797031141278743,2.248853616966122,0.673425958711876,1.79933932,5.334776376403477,9.95006347985916,13.762115348828578,15.171201228511702,13.59337629000002,9.765738550369061,5.337704967076469,1.8358332970259246,-0.11108724093305479,-0.77487799,-0.9096866094683531,-1.1640210626495096,-1.6818009686611821,-2.2471612777779617,-2.7000727,-3.0950961092496443,-3.492144936695963,-3.745679250177459,-3.662419864639602,-3.20202496,-2.5470369134229616,-2.0191368066950433,-1.773867762792063,-1.5820377068862452,-0.9987132500000001,0.25089338938806766,1.9423559685449479,3.3560875338069267,3.735482983842595,2.8313216700000003,1.038577410613835,-0.9641389029906059,-2.7277434845757424,-4.237577756232053,-5.72809479,-7.363291459331914,-9.050550449554258,-10.499777235254012,-11.386571076964588,-11.440621360000002,-10.519594182631632,-8.754153871294012,-6.570758359238504,-4.506344606278275,-3.046680870000011,-2.6690866419581973,-3.823131246326734,-6.678028310975686,-10.894583450511272,-15.641123119999953,-19.681535705533676,-23.589782830112878,-12.548691197166898,-10.997637429777319,-6.758725910000001,-2.480227949303844,0.7264572367370863,1.9808298500491202,1.205353918338814,-0.80665151
7kg_16bpm,8BC,-14.92319055,-4.582591049581633,4.055087396548162,10.152275909622453,13.447533080252644,14.18724226,12.966786363257796,10.532418763332853,7.586479588456837,4.633940235127839,1.9336862000000001,-0.4101366476184317,-2.3160446408633906,-3.7177792450962213,-4.635702721716363,-5.15834077,-5.357704581303958,-5.252365301578778,-4.7969401950059085,-3.9007605081761314,-2.5020129100000004,-0.6419607463119985,1.5267907781299133,3.787810695457016,5.911556589010239,7.685699820000001,8.925956455887842,9.474676999650566,9.227288637711478,8.201821068175562,6.569450399999999,4.59007989117728,2.526735822414977,0.6307832795933088,-0.8686258032085672,-1.8402094700000002,-2.304015889218386,-2.370384404871029,-2.142494659145732,-1.68301353965163,-1.0256668500000001,-0.20863051877752115,0.68337236022526,1.502252984158964,2.0424091080282256,2.09181416,1.5409394415647633,0.4468704046462707,-0.9811802453356346,-2.384895060640461,-3.2768372200000004,-3.1490921962811775,-1.6145102674464584,1.5029972894978842,6.090389246557919,11.63878189,17.239942921501946,21.807281848550677,24.45145829130879,24.81674490056669,23.186759330000005,20.299741020819127,16.98902512445793,13.87730524365776,11.262852260779532,9.17039515,7.468553810756866,5.97134757758315,4.5241152900807915,3.0926380774727567,1.8060302100000003,0.9161677387224311,0.6920358580621255,1.2771502591831312,2.5680195593199056,4.20258922,5.703196070855836,6.703864509642893,7.108418459152293,7.064643968202335,6.774705440000001,6.3008676424573204,5.52823704656291,4.303054532716904,2.613517032352335,0.6570096700000001,-1.2415209717328914,-2.7662052172450036,-3.523972896896072,-3.551806809725237,-1.8882632200000002,-6.707910411839005,-3.5883322461855607,-1.0688228134273907,1.6129588887855792,3.68501645,4.9088470737800005,5.2744352627933315,5.032499660363191,4.552458922055364,4.1347728
7kg_16bpm,8CA,10.83182103,2.9652436338244907,-2.8016808967896805,-6.0850708899688914,-7.110131057489308,-6.414847551793945,-4.6534173990510705,-2.52179236314007,-0.6148971084027971,0.759989725237216,1.604940341989668,2.118541571131055,2.483720392351283,2.8667193805186466,3.277720319216066,3.5387941813165456,3.4541030206691996,3.0756580088517946,2.815801575478269,3.199100989472574,4.453956507710286,6.550876870037124,9.027155402336192,11.271041462937482,12.793627536477885,13.384496344907227,13.130148702389715,12.337500531405453,11.338336238290749,10.253484321684466,8.901574703663796,6.963520663954602,4.252196195786604,0.7754369112666217,-3.3802484905954056,-8.032467891526835,-12.817802855775168,-17.1882045640824,-20.476160148949372,-22.116109710813795,-21.888477975122047,-20.01028744071799,-17.204443940812624,-14.530254368241295,-12.697199763950817,-11.622401677402323,-10.664893277805431,-9.190349254280079,-6.959684121960617,-4.170388837445835,-1.2296861174336084,1.555516780184829,4.033961371505594,6.057791243417897,7.413624696275334,7.949362813289527,7.725384072697162,7.038330716872184,6.302644392768998,5.85861065003957,5.803743585975483,5.898938735365287,5.672794063961251,4.78918008610062,3.3797944636090143,1.9984512582023894,1.2368754614960558,1.3946219767094012,2.375171212196079,3.7361048931377714,4.895981013629792,5.388889982413467,4.986883839025894,3.7295614269800716,1.9859462610765195,0.4459091091317374,-0.16815812100155914,0.42401050244421673,1.80481109042093,3.0744158172275373,3.343113611804064,2.213649332097307,0.055058993195047645,-2.164793491515582,-3.4184938690132016,-3.172706723146106,-1.5920273225152075,0.689840266247199,2.9240676757212167,4.5343330614773185,5.3432106579690535,5.5917229243050555,5.73179839706781,6.175203916291113,7.083961569588391,8.292163550549704,9.36994260416258,9.799708732641806,9.188567432053222,7.438961961171081,4.83570534
7kg_16bpm,9AB,-13.0830239,-7.995272070230088,-3.4022897199999997,0.41104337443357386,4.096091320000001,8.186167284684242,12.32861346,15.392380810735927,16.342451470000004,15.067307329547491,12.445337559999999,9.723123815294539,7.77979764,6.685760077636572,5.724018110000001,3.890327735103736,0.5676273200000002,-4.048424343030845,-8.997104640000002,-13.051136323749787,-15.365766920000002,-15.846747301980262,-15.010694530000002,-13.518620854526706,-11.793302270000002,-9.834108288881039,-7.2931217,-3.93080843240933,-0.12435718000000001,3.154828979166195,4.978051070000001,5.178745187017196,4.430748000000001,3.7312553821896635,3.7652386800000004,4.61600190162032,6.02186025,7.678002833553672,9.35969557,10.924994139838763,12.149684280000002,12.614595533580715,11.7715337,9.2388252777141,5.3164288200000005,1.1615771452860775,-1.73186564,-2.4176195888401315,-1.0538942300000003,1.2199942919007194,2.94339377,3.202202886252729,2.03584214,0.06372446920737165,-2.2321737400000004,-4.653288888786053,-6.65350368,-7.114832322332607,-4.97100235,-0.11992378241838789,6.10922613,11.428527961838773,13.821364539999998,12.782654994302193,9.539895680000003,6.004152025697243,3.3980672299999997,1.6603535869411898,-0.06623860999999998,-2.3306641516391045,-4.828095090000001,-6.688415822957744,-7.2835485900000005,-6.856583132058256,-6.34119035,-6.517635323762975,-7.35648656,-8.17422337976708,-8.333742710000001,-7.691611510848926,-6.444243140000001,-4.7637607185888315,-2.72807872,-0.6144021950317899,0.7848193299999999,0.28116687524190837,-3.0439770800000003,-9.180935712547441,-17.06988416,-25.024888181525025,-31.37165093,-34.966532851901235,-35.44010036,-33.10756107336086,-28.764337220000005,-23.60219784208365,-19.085095080000002,-16.445234488289337,-16.11950579,-17.57298580187099,-19.58860769
7kg_16bpm,9BC,-7.34126058,-2.1950650070946067,1.3796317745130304,3.420614150344058,4.256987560487825,4.3367412000000005,4.082273341010691,3.785681158575135,3.5379428543193465,3.2135903579301632,2.57004048,1.4493929594210286,-0.09881959505996603,-1.8792394079522001,-3.642870149988394,-5.11952242,-6.059866299234336,-6.288511954048814,-5.7366814368438295,-4.460552490886803,-2.65726556,-0.6067547366767074,1.4449975897264626,3.3349634272935154,4.934920455605657,6.11079454,6.749506048134016,6.806311885116537,6.322248359608997,5.408275305702866,4.20936049,2.8771070707044304,1.5707719422736048,0.46034607957406665,-0.3092567627867351,-0.65682946,-0.5636381034981063,-0.06389695256094186,0.7411233320016585,1.6663983492553966,2.4699648300000003,2.957572886695662,3.092654740463736,2.98792481018409,2.8083749089547783,2.6843512700000005,2.671099911497507,2.760188949094166,2.9368179528473477,3.228511939594549,3.70247495,4.438128139808712,5.483988816691951,6.805164330551989,8.293268189118598,9.81962658,11.250452003567405,12.443675986235723,13.254035553045924,13.540132022861908,13.19066592,12.138981762596046,10.353638927362702,7.877670151860839,4.9123198045507,1.86218272,-0.715232538244187,-2.261665528664588,-2.4135172686134982,-1.1340735889719318,1.2999844900000002,4.41587554418433,7.6668906218658615,10.540185166394753,12.629242230822106,13.650612550000002,13.4437603786034,11.998962800759355,9.528198244316204,6.524718346391268,3.7061604800000003,1.835668399725602,1.520886898263483,3.064331695719302,6.391487012366027,11.08149779,16.480513879740457,21.805387172702133,26.65199266022953,29.569446045281953,32.10671364000001,12.096683844467812,13.958351972820838,12.097034045328913,10.54707860367763,8.72598171,7.091518799196893,5.802935195734382,4.916814559035139,4.427264062144974,4.28820705
7kg_16bpm,9CA,4.1688764,21.42421708212824,13.011955673468265,6.692808467700263,1.53682665890182,-2.5188292498957146,-5.622562630676579,-7.87773968445267,-9.217300737722203,-9.442687646566341,-8.354410349110523,-5.963887893778523,-2.6402984670740612,0.8736473500566759,3.6847758818948684,5.038430891919301,4.6352430340693145,2.753076323274276,0.11982217093549588,-2.3209430804151503,-3.657333913213375,-3.200203727505225,-0.6167084387118835,3.9353244440855724,9.677174413690551,15.300993900000002,19.39676990017214,21.00456928282017,20.139082406169234,17.80805838559405,15.353747274860782,13.636806564915338,12.62920132034056,11.574515287793126,9.520786400941763,5.924702563968345,0.9802472808531235,-4.523590522974427,-9.62539734284348,-13.606401120613452,-16.159339232279713,-17.299638176060267,-17.214085944631385,-16.172018241356167,-14.5101518822276,-12.647189604803515,-10.99138123655497,-9.797030721106978,-9.107703811873732,-8.761980514568648,-8.42536564,-7.668578879304957,-6.12667398164035,-3.7438230166681636,-0.9741930241736336,1.3542913877666767,2.5610468945250084,2.541089491261167,1.7919825696969331,1.1257263808292097,1.1802185416319457,2.028520424403524,3.1722221757071387,3.8944018394760467,3.7183919847341014,2.6956698255910134,1.3761476038049572,0.46411726767139355,0.3653455604326408,0.9468309529589933,1.6945252620390034,2.1395002461741446,2.2437402594933094,2.3888257470792573,2.9276406155512804,3.7646521700000006,4.416885089965204,4.426114353472376,3.66665418150624,2.3523917661553093,0.8063611101374598,-0.7464220958699384,-2.1619786377198444,-3.224696810744736,-3.5860269100770186,-2.941643693292265,-1.2962532330786365,0.9341573932702308,3.073383834530218,4.513813184205916,5.004020213230538,4.763209600964951,4.3544302971138436,4.362045234898042,5.165175038107086,6.905429328646373,9.445994489607843,12.270288967786366,14.522068830275712,15.27575539931082,13.92969724
