cond,seg,axis,app,RMSE_full,RMSE_q1,RMSE_q2,RMSE_q3,RMSE_q4,section
15kg_10bpm,10AB,Force_AP,postRiCTO,58.26761039009462,31.425758323326107,16.892033211613256,62.257752439437326,90.76234525100807,AB
15kg_10bpm,10AB,Force_ML,postRiCTO,16.37246441634535,12.427235965951585,21.746576168621065,11.387045873779574,17.703163704599408,AB
15kg_10bpm,10AB,Force_Resultant,postRiCTO,171.14895871993463,113.14025135729607,65.97025137618992,164.89339851525156,266.7412306769371,AB
15kg_10bpm,10AB,Force_Vertical,postRiCTO,161.93706536841142,109.45887286212154,64.03593464655349,154.17280828658963,252.09181877469814,AB
15kg_10bpm,10AB,Moment_AxialRotation,postRiCTO,5.6908217325752934,4.003326277211009,3.383477133315554,4.4935669502640385,8.942688425011092,AB
15kg_10bpm,10AB,Moment_FlexionExtension,postRiCTO,2.253153651057039,0.952416724182302,0.44283170440611713,0.8574274833235508,4.237140514818564,AB
15kg_10bpm,10AB,Moment_LateralBending,postRiCTO,1.883483367237285,2.4131922194814375,2.836768987018256,0.3742519532922481,0.5556694368809996,AB
15kg_10bpm,11AB,Force_AP,postRiCTO,71.40089990535003,43.09526367337781,19.620898063554566,90.51685873067224,98.84328341398754,AB
15kg_10bpm,11AB,Force_ML,postRiCTO,16.57310686549431,11.807891103266009,21.864251117015655,18.439876335241642,12.095667973488434,AB
15kg_10bpm,11AB,Force_Resultant,postRiCTO,215.63975624763575,181.61253218107456,80.04936282098566,241.38125395510428,294.5108656460586,AB
15kg_10bpm,11AB,Force_Vertical,postRiCTO,204.62395112352795,176.80218366964303,78.0039988239768,225.89320408061764,278.7115070280821,AB
15kg_10bpm,11AB,Moment_AxialRotation,postRiCTO,5.127349859430288,3.8629433606880546,3.0363716118339377,6.666888875675946,6.014498806857071,AB
15kg_10bpm,11AB,Moment_FlexionExtension,postRiCTO,1.7713042432555326,0.8876311916869914,0.5533574085491718,1.5041800405579653,2.993410148386583,AB
15kg_10bpm,11AB,Moment_LateralBending,postRiCTO,1.7442565959640566,2.296022920008713,2.478670199253478,0.6438834340340442,0.6660073707889022,AB
15kg_10bpm,12AB,Force_AP,postRiCTO,60.97017863750114,33.29769785457286,25.734043016663815,74.19116667882967,86.28462724140056,AB
15kg_10bpm,12AB,Force_ML,postRiCTO,13.167698921766624,12.556392534207388,15.036010306103272,12.456256003890504,12.464788804566584,AB
15kg_10bpm,12AB,Force_Resultant,postRiCTO,181.11580999791332,133.3062177970762,102.94610656536942,196.61525648635057,250.95558974747985,AB
15kg_10bpm,12AB,Force_Vertical,postRiCTO,171.76888814234928,129.80547827906526,100.01192305216598,184.02204272063108,237.13519882178812,AB
15kg_10bpm,12AB,Moment_AxialRotation,postRiCTO,4.666962314142104,3.810391887301436,2.2005296637943075,4.9082876385976375,6.544277137088039,AB
15kg_10bpm,12AB,Moment_FlexionExtension,postRiCTO,1.743437541356905,1.0396625592366429,0.5137904863371872,1.0246441208934585,3.0830033972673223,AB
15kg_10bpm,12AB,Moment_LateralBending,postRiCTO,1.665757096539594,2.7228736634872224,1.7530547367693388,0.23058603044930154,0.8023791977222197,AB
15kg_10bpm,13AB,Force_AP,postRiCTO,58.85812965079597,43.26247930476637,22.424315034642206,66.76903994238386,82.99149728113579,AB
15kg_10bpm,13AB,Force_ML,postRiCTO,15.474552640443756,12.891748775344205,14.060947566800708,21.115194941598517,12.312700544236312,AB
15kg_10bpm,13AB,Force_Resultant,postRiCTO,178.38603715960554,145.4033565442012,91.18347995661607,178.1542692608216,254.50492925745715,AB
15kg_10bpm,13AB,Force_Vertical,postRiCTO,169.5730273662641,140.0240270354994,89.04415331017296,167.10265312148232,241.61189643493893,AB
15kg_10bpm,13AB,Moment_AxialRotation,postRiCTO,5.557567799762155,3.8115697726747166,3.762137834652372,7.531325404489684,6.153414797943232,AB
15kg_10bpm,13AB,Moment_FlexionExtension,postRiCTO,1.5221948714945275,1.2805659170553316,0.7083677633590524,0.7543078938625003,2.528753425309628,AB
15kg_10bpm,13AB,Moment_LateralBending,postRiCTO,1.5911083689115897,2.2396405155166335,1.8365979950890383,1.1385731124363474,0.7221348115371469,AB
15kg_10bpm,1AB,Force_AP,postRiCTO,54.93499505405295,27.59687795331961,37.04535822428081,78.6663261019685,60.999619895583415,AB
15kg_10bpm,1AB,Force_ML,postRiCTO,11.859701695489418,6.4087488726024135,12.171237074388667,11.79903493190121,15.185009651441211,AB
15kg_10bpm,1AB,Force_Resultant,postRiCTO,166.69972266390658,121.62991471954365,116.25441557057249,211.05867219451352,194.6694773877894,AB
15kg_10bpm,1AB,Force_Vertical,postRiCTO,158.39462299632143,118.78468547029041,111.3032632961316,197.77918104972292,185.38981348304716,AB
15kg_10bpm,1AB,Moment_AxialRotation,postRiCTO,5.164421832287068,2.866146035986968,2.932328070439137,4.863371077794134,8.043519985598524,AB
15kg_10bpm,1AB,Moment_FlexionExtension,postRiCTO,2.057728320857513,0.5770632391912243,1.028824836163901,1.6823455442750956,3.5198044290702795,AB
15kg_10bpm,1AB,Moment_LateralBending,postRiCTO,1.156709522535175,1.5619215192135651,1.5308349054786363,0.5244744340715197,0.577876569588306,AB
15kg_10bpm,2AB,Force_AP,postRiCTO,74.27530852273878,20.914038529015635,46.98095077791609,66.79505695576303,120.8215956941517,AB
15kg_10bpm,2AB,Force_ML,postRiCTO,15.598770972300319,9.161659480271023,15.277811143835155,11.21043956439197,22.786593912382685,AB
15kg_10bpm,2AB,Force_Resultant,postRiCTO,213.16029276092218,85.16691625676708,136.44133247075487,177.2523998332082,348.45632103824863,AB
15kg_10bpm,2AB,Force_Vertical,postRiCTO,201.0644205661249,83.04727119171935,129.5212685699022,165.96028724326527,328.3250847290847,AB
15kg_10bpm,2AB,Moment_AxialRotation,postRiCTO,6.773194297308198,3.226620957006232,3.7018867751970377,5.983743677867336,10.981604088767341,AB
15kg_10bpm,2AB,Moment_FlexionExtension,postRiCTO,3.129216634460893,0.6071842883665313,1.369510092959153,1.5102240565151974,5.8040651781356845,AB
15kg_10bpm,2AB,Moment_LateralBending,postRiCTO,1.4743407391491472,1.9182369034932887,1.8296817544738722,0.8259538298571335,1.0153162710315342,AB
15kg_10bpm,4AB,Force_AP,postRiCTO,70.01198929422942,31.742989875765268,30.3919791633881,48.61138675524632,122.11448364117844,AB
15kg_10bpm,4AB,Force_ML,postRiCTO,15.670491594963293,12.60488795167258,15.01349230804231,11.654818049576981,21.302691782282462,AB
15kg_10bpm,4AB,Force_Resultant,postRiCTO,207.2617141565283,112.44366538172338,96.0700988281199,126.94340493880341,361.0352362888547,AB
15kg_10bpm,4AB,Force_Vertical,postRiCTO,196.36569422990314,108.6335224340274,91.82753783126836,118.5589231670638,341.78626608721174,AB
15kg_10bpm,4AB,Moment_AxialRotation,postRiCTO,6.750222098986721,3.99607650014424,3.0739051059572002,6.16651917814579,10.770380265595316,AB
15kg_10bpm,4AB,Moment_FlexionExtension,postRiCTO,2.965303332811307,0.7853898798554532,0.7558442500330074,2.324520649053605,5.274419612163936,AB
15kg_10bpm,4AB,Moment_LateralBending,postRiCTO,1.527481443230806,2.2375335298500114,1.900182501895406,0.3180372045729295,0.8249293202994741,AB
15kg_10bpm,5AB,Force_AP,postRiCTO,86.06388192575353,39.13973449690531,33.55005724671546,90.80801626240392,135.23706316682117,AB
15kg_10bpm,5AB,Force_ML,postRiCTO,14.032252539827907,9.899533176424393,12.516353776691712,16.057910744886673,16.49522784586582,AB
15kg_10bpm,5AB,Force_Resultant,postRiCTO,253.98222676154913,175.29338776063787,95.70782603943977,246.70134103969875,392.05922516059513,AB
15kg_10bpm,5AB,Force_Vertical,postRiCTO,240.47940586086324,171.1899996660312,90.8782659770325,231.31145073634949,370.2451499501848,AB
15kg_10bpm,5AB,Moment_AxialRotation,postRiCTO,6.543173113151977,3.0105819774527944,3.9809635259039577,6.761907059929612,9.919382764489022,AB
15kg_10bpm,5AB,Moment_FlexionExtension,postRiCTO,2.948418248726844,0.6883954784423043,0.8386631049222144,3.0625431503079885,4.859961300760269,AB
15kg_10bpm,5AB,Moment_LateralBending,postRiCTO,1.2689674394503028,1.829150282221951,1.3502466334490222,0.30472409719899823,1.0935611738229847,AB
15kg_10bpm,6AB,Force_AP,postRiCTO,70.05122086596923,23.420431864607195,14.801007944227614,62.50230649429309,120.69851322712248,AB
15kg_10bpm,6AB,Force_ML,postRiCTO,15.015684243152766,13.05451050508498,20.3481686670202,9.427383123078714,15.11361328894486,AB
15kg_10bpm,6AB,Force_Resultant,postRiCTO,202.61839379959312,88.59726058932438,63.25801883171753,170.96767604420592,346.3796616174972,AB
15kg_10bpm,6AB,Force_Vertical,postRiCTO,191.44043828619849,86.00357020795512,61.95715335778219,160.6780730726255,326.7129373869496,AB
15kg_10bpm,6AB,Moment_AxialRotation,postRiCTO,5.564485145301287,4.355424491391187,1.702991684035878,4.939483695557345,8.705884237533272,AB
15kg_10bpm,6AB,Moment_FlexionExtension,postRiCTO,2.5936693526365446,0.7666662501568956,0.5289936574894292,1.5810828931879968,4.784804988363114,AB
15kg_10bpm,6AB,Moment_LateralBending,postRiCTO,1.8812268921519688,2.8206376211099515,2.3379250973403436,0.4613231233467607,0.7983815897008462,AB
15kg_10bpm,7AB,Force_AP,postRiCTO,91.26122262896351,37.796637543162845,24.006315690010915,93.78290405391368,148.21847621059723,AB
15kg_10bpm,7AB,Force_ML,postRiCTO,16.11198305379428,10.30253721954714,14.466363486215002,16.505257463626936,21.052278380351897,AB
15kg_10bpm,7AB,Force_Resultant,postRiCTO,270.20940885381924,149.6872597547679,77.4225526578654,257.130208381293,439.02925264230635,AB
15kg_10bpm,7AB,Force_Vertical,postRiCTO,255.82512951211027,145.28891001409292,74.28808438791769,241.56814588945312,415.35560699372394,AB
15kg_10bpm,7AB,Moment_AxialRotation,postRiCTO,7.2012021080481095,3.9986017092649075,2.628642923728351,7.308988041414749,11.316413124159578,AB
15kg_10bpm,7AB,Moment_FlexionExtension,postRiCTO,3.2534226860099253,0.8711236601295173,0.6506505477948938,2.9272708263893037,5.633972331783727,AB
15kg_10bpm,7AB,Moment_LateralBending,postRiCTO,1.4953434357143855,2.1979943482765005,1.6634166417225362,0.7244127067990965,0.9357957297745559,AB
15kg_10bpm,8AB,Force_AP,postRiCTO,57.95065409318988,32.29972614850802,23.737947268365488,47.35123591553272,96.66825894618714,AB
15kg_10bpm,8AB,Force_ML,postRiCTO,15.861240908081362,11.640460857490583,25.92299220664784,7.258255346997107,12.255096526141019,AB
15kg_10bpm,8AB,Force_Resultant,postRiCTO,176.37547048378337,133.99581795885143,90.1964947804451,125.49425531083888,283.9258834759052,AB
15kg_10bpm,8AB,Force_Vertical,postRiCTO,167.65641847419778,130.48893953285088,87.38535158033794,117.47312952383575,268.71407888249405,AB
15kg_10bpm,8AB,Moment_AxialRotation,postRiCTO,4.8726908633749,3.7481955943387546,3.5546429781351625,3.4809187712698324,7.411071320514646,AB
15kg_10bpm,8AB,Moment_FlexionExtension,postRiCTO,1.217100605585579,0.8596344920179507,0.5968939616436786,0.8333782814280013,2.008351713796634,AB
15kg_10bpm,8AB,Moment_LateralBending,postRiCTO,2.1592445059819063,2.2608665852780776,3.5728554413035214,0.29608566038037276,0.9153395653834868,AB
15kg_10bpm,10BC,Force_AP,postRiCTO,83.15054657218016,87.79165115684526,47.785083254052296,74.75179325761016,108.99009891141527,BC
15kg_10bpm,10BC,Force_ML,postRiCTO,12.268872734837506,17.81572917001507,2.336135850092607,9.22038142289524,13.87612753938385,BC
15kg_10bpm,10BC,Force_Resultant,postRiCTO,231.93843588519326,255.4639676744507,133.39059534934577,201.21453455445396,300.3065598132169,BC
15kg_10bpm,10BC,Force_Vertical,postRiCTO,218.35013971947663,241.64021744804822,125.43266711138294,188.68439309011234,282.31368352195057,BC
15kg_10bpm,10BC,Moment_AxialRotation,postRiCTO,7.0684202245847905,10.593828378901025,2.7504812515342234,5.377475499914283,7.147967090994742,BC
15kg_10bpm,10BC,Moment_FlexionExtension,postRiCTO,1.0216621443470917,1.405412301877518,0.4044537201462449,0.6075080335536867,1.281935634339952,BC
15kg_10bpm,10BC,Moment_LateralBending,postRiCTO,1.8784990020022825,2.385708561020076,0.6890445220689583,1.6771183499107487,2.2525777308773125,BC
15kg_10bpm,11BC,Force_AP,postRiCTO,59.499937361430206,84.78587802587948,37.46064480358226,34.402650040143,65.97706867361201,BC
15kg_10bpm,11BC,Force_ML,postRiCTO,8.0205633700812,13.823660819919967,2.5742367092432934,3.7768933367826736,6.786986146298749,BC
15kg_10bpm,11BC,Force_Resultant,postRiCTO,181.59093140574532,258.4137364074271,104.13742165510544,93.55685965593298,212.23383418612264,BC
15kg_10bpm,11BC,Force_Vertical,postRiCTO,172.51756277492674,245.6390892101127,97.90376122333079,87.81085804383291,202.40210084087647,BC
15kg_10bpm,11BC,Moment_AxialRotation,postRiCTO,4.828440669107761,8.081990039718164,2.2769114829832997,2.467617407958306,4.113285952097936,BC
15kg_10bpm,11BC,Moment_FlexionExtension,postRiCTO,1.0613088167922553,1.1477190956071863,0.43268837001484445,0.23754953473217366,1.6954839748037551,BC
15kg_10bpm,11BC,Moment_LateralBending,postRiCTO,1.3368775706465528,1.8826658006659485,0.5637435451472304,0.7225528218530692,1.6513794755292026,BC
15kg_10bpm,12BC,Force_AP,postRiCTO,57.36803744665158,69.83921637485037,50.82955573586551,16.880931346856794,73.05085707024308,BC
15kg_10bpm,12BC,Force_ML,postRiCTO,8.284644355305158,14.874019337384397,3.6454591514582178,1.967363961471725,6.115113451726108,BC
15kg_10bpm,12BC,Force_Resultant,postRiCTO,172.26566094778744,198.34462787970327,140.2103256617532,46.84811057923839,237.56492592112488,BC
15kg_10bpm,12BC,Force_Vertical,postRiCTO,163.31225297293614,187.1393571198515,131.65959596405497,44.214496732398736,226.68194774176482,BC
15kg_10bpm,12BC,Moment_AxialRotation,postRiCTO,4.998549864721762,7.884768589024316,2.6796472979361305,1.45624206375057,5.323270461127652,BC
15kg_10bpm,12BC,Moment_FlexionExtension,postRiCTO,1.02831292480431,1.1448409435763496,0.48890471575525607,0.21466821918388085,1.6041520443437338,BC
15kg_10bpm,12BC,Moment_LateralBending,postRiCTO,1.3450013263328264,1.7535643985650968,0.7454496377326133,0.37391351196731404,1.8444252902377478,BC
15kg_10bpm,13BC,Force_AP,postRiCTO,59.95760382519895,86.65344609652774,44.2627518178623,40.6042386184327,57.23381937466539,BC
15kg_10bpm,13BC,Force_ML,postRiCTO,9.972809960037718,17.739025985241963,1.6500683952276454,6.78155443282284,6.078080288778665,BC
15kg_10bpm,13BC,Force_Resultant,postRiCTO,169.76621455588727,251.1856376019409,126.54047718475286,102.26942773078224,160.73551008598963,BC
15kg_10bpm,13BC,Force_Vertical,postRiCTO,159.97491731611186,237.2241863189244,119.27155740538052,95.18716164487385,151.37180704061578,BC
15kg_10bpm,13BC,Moment_AxialRotation,postRiCTO,4.917344126889346,8.167618268873781,2.3439422906526937,3.556281763474435,3.513314010568462,BC
15kg_10bpm,13BC,Moment_FlexionExtension,postRiCTO,0.8022571042740295,1.2463758532810212,0.38259679404154534,0.31113263862925106,0.8790149155412049,BC
15kg_10bpm,13BC,Moment_LateralBending,postRiCTO,1.2236702973567122,1.7640517856315086,0.6091314537532418,1.0380977565715224,1.196470757243948,BC
15kg_10bpm,1BC,Force_AP,postRiCTO,84.77304889942147,115.95345152603895,36.33999149285189,69.42968414968503,95.3085027685193,BC
15kg_10bpm,1BC,Force_ML,postRiCTO,8.602867132965727,15.44116359811554,1.9795156353572703,3.2384489103592116,6.662329358959741,BC
15kg_10bpm,1BC,Force_Resultant,postRiCTO,241.49612665363097,328.8877765962547,103.19650133135022,183.4921166979039,282.72079110275456,BC
15kg_10bpm,1BC,Force_Vertical,postRiCTO,227.67451245364816,310.14193885551725,97.1624683859035,171.52221823340045,267.40872450897655,BC
15kg_10bpm,1BC,Moment_AxialRotation,postRiCTO,6.0608834074527556,9.995540642201847,2.6551116089757874,3.0729842331873236,5.547255085127264,BC
15kg_10bpm,1BC,Moment_FlexionExtension,postRiCTO,1.159062974458985,1.4514232965544414,0.3952878813726076,0.48423327598337723,1.6785069583752525,BC
15kg_10bpm,1BC,Moment_LateralBending,postRiCTO,1.905743905921603,2.6792561029163307,0.7976003791987382,1.4482509852307401,2.139532476584326,BC
15kg_10bpm,2BC,Force_AP,postRiCTO,97.98682866543118,130.2627278628203,34.3997714354494,85.80014481133466,112.98546416290029,BC
15kg_10bpm,2BC,Force_ML,postRiCTO,11.197414635034539,19.41329266378258,1.9390764594775811,8.237874721086486,7.470784914624719,BC
15kg_10bpm,2BC,Force_Resultant,postRiCTO,280.7340010426932,371.1733818521337,100.33497755229385,235.77494945730305,332.4908423143903,BC
15kg_10bpm,2BC,Force_Vertical,postRiCTO,264.85664832632756,350.1156042774641,94.78148285938033,221.4434439640253,314.39880616528825,BC
15kg_10bpm,2BC,Moment_AxialRotation,postRiCTO,7.315441541303761,11.735681829950979,2.1017729647694976,5.624504280304212,6.386933865191433,BC
15kg_10bpm,2BC,Moment_FlexionExtension,postRiCTO,1.2491776911818073,1.7304126086815186,0.4527087807776938,0.6806628437663819,1.5937445231850853,BC
15kg_10bpm,2BC,Moment_LateralBending,postRiCTO,2.576758985440743,3.6905534979056176,0.6043159334570417,2.2413884704165254,2.7412675702391835,BC
15kg_10bpm,3BC,Force_AP,postRiCTO,92.87324309697794,130.023357903162,44.71755616560587,37.89245132991032,118.09873398293915,BC
15kg_10bpm,3BC,Force_ML,postRiCTO,11.13085376153954,20.057397374181942,3.264798233904036,3.2047843779107508,8.621904027327407,BC
15kg_10bpm,3BC,Force_Resultant,postRiCTO,271.62663782406713,387.0833708326641,127.55928289810815,105.87725362221035,340.757729262489,BC
15kg_10bpm,3BC,Force_Vertical,postRiCTO,256.906042919576,366.90484153609725,120.3007498932422,99.69376446816528,321.67322212950484,BC
15kg_10bpm,3BC,Moment_AxialRotation,postRiCTO,6.596726419616121,10.920746807559771,2.0362657297575817,2.3441180328596842,6.715645588006932,BC
15kg_10bpm,3BC,Moment_FlexionExtension,postRiCTO,1.1017583917108538,1.407106702424013,0.3454033963692857,0.37572643901417135,1.60036592623407,BC
15kg_10bpm,3BC,Moment_LateralBending,postRiCTO,2.0459394172965837,2.4359201593083006,0.5042506523037957,0.9391874242821987,3.0760955459550443,BC
15kg_10bpm,4BC,Force_AP,postRiCTO,76.32960539153646,58.984301129409516,31.69207589970472,61.59815836679529,121.13253395852406,BC
15kg_10bpm,4BC,Force_ML,postRiCTO,8.019043300684837,13.487596332451213,1.7413986416074747,3.948971463459596,7.547944471586659,BC
15kg_10bpm,4BC,Force_Resultant,postRiCTO,222.69679963030995,171.9084742504124,96.25625586984113,165.8583536888595,358.99489636851854,BC
15kg_10bpm,4BC,Force_Vertical,postRiCTO,210.4470552443862,162.83051448940373,91.26800087983182,155.41194225860403,339.579596617556,BC
15kg_10bpm,4BC,Moment_AxialRotation,postRiCTO,5.760821159951407,7.905648520772407,1.6698732105830285,3.6059428369632625,7.323903524418726,BC
15kg_10bpm,4BC,Moment_FlexionExtension,postRiCTO,1.205936938844159,0.7647689961717082,0.3677692584274717,0.4278804993127022,2.1865188769550876,BC
15kg_10bpm,4BC,Moment_LateralBending,postRiCTO,1.8360194926689801,1.7355493368900445,0.44942323417130325,1.5684484045440348,2.7638751138975466,BC
15kg_10bpm,5BC,Force_AP,postRiCTO,81.45170629232715,100.45238516673527,40.5851153709572,69.19227315833838,99.40927981497464,BC
15kg_10bpm,5BC,Force_ML,postRiCTO,11.714643820081678,20.997175475695773,3.6434827605719593,5.563587982478307,8.163649418202139,BC
15kg_10bpm,5BC,Force_Resultant,postRiCTO,230.86573670029915,287.149776882516,114.6117010417919,192.66568433023,281.8500193879829,BC
15kg_10bpm,5BC,Force_Vertical,postRiCTO,217.6027735862216,270.993073584256,107.85993758820973,181.25339346502554,265.61630485822764,BC
15kg_10bpm,5BC,Moment_AxialRotation,postRiCTO,6.870134469889568,11.971888609807083,2.1580948412317413,3.940935343769115,5.1111189906160615,BC
15kg_10bpm,5BC,Moment_FlexionExtension,postRiCTO,1.2103225855018498,2.0601684099491497,0.49342783474954643,0.5814022909727098,1.0248474299847559,BC
15kg_10bpm,5BC,Moment_LateralBending,postRiCTO,2.1036672056620263,3.0409120466097437,0.511696851342981,1.7235204454072375,2.27848992852623,BC
15kg_10bpm,6BC,Force_AP,postRiCTO,69.82726567119529,79.5132392256027,40.559895093933626,69.46539424660479,81.48572731143406,BC
15kg_10bpm,6BC,Force_ML,postRiCTO,10.947337017058384,15.711528762041592,2.857291948090835,8.780889346223967,12.09140856555385,BC
15kg_10bpm,6BC,Force_Resultant,postRiCTO,196.79495921084398,227.99088213962716,119.47193812655159,186.18501384002306,231.1008529527194,BC
15kg_10bpm,6BC,Force_Vertical,postRiCTO,185.58582916694127,215.5154209499306,112.92548165105478,174.62036699876697,218.0656885544051,BC
15kg_10bpm,6BC,Moment_AxialRotation,postRiCTO,6.141829311152687,7.626524009312532,2.0775349271600945,4.811085981894609,8.01264527514149,BC
15kg_10bpm,6BC,Moment_FlexionExtension,postRiCTO,0.7560948220259651,1.2353982951144629,0.3515937594452329,0.2540675983631763,0.7565148016899963,BC
15kg_10bpm,6BC,Moment_LateralBending,postRiCTO,1.5740654554577895,1.9405650552081304,0.473781908240456,1.2251287178797725,2.0844278658709587,BC
15kg_10bpm,7BC,Force_AP,postRiCTO,97.60726086621085,90.29686765330604,27.585635394504788,103.35703661026383,134.78126148432304,BC
15kg_10bpm,7BC,Force_ML,postRiCTO,11.607169540869394,16.59083210720684,2.133262053783045,9.847130483272137,12.691687870327883,BC
15kg_10bpm,7BC,Force_Resultant,postRiCTO,271.2402070259012,259.01214247578747,83.74183015839068,275.9987738020136,375.8996163279547,BC
15kg_10bpm,7BC,Force_Vertical,postRiCTO,255.15713817700922,244.77522663457117,79.37004881429831,258.53141490512684,353.5151211834946,BC
15kg_10bpm,7BC,Moment_AxialRotation,postRiCTO,7.06192102010905,8.659906740180567,1.4849641476122113,7.396093956044991,8.179267531259867,BC
15kg_10bpm,7BC,Moment_FlexionExtension,postRiCTO,1.0104058790315789,1.477064667050238,0.28752870216390414,0.7468613531237929,1.1190321612959966,BC
15kg_10bpm,7BC,Moment_LateralBending,postRiCTO,2.4205267923733285,2.1702175712441516,0.5477002271678709,2.791700877102606,3.2324591995611,BC
15kg_10bpm,8BC,Force_AP,postRiCTO,85.5138116622764,99.66247333555111,36.67069716013911,76.50071187681951,109.25114363164553,BC
15kg_10bpm,8BC,Force_ML,postRiCTO,11.225541904331134,14.709345935624556,2.6306608463450765,9.585122295805892,13.655510019821035,BC
15kg_10bpm,8BC,Force_Resultant,postRiCTO,242.71219547605,300.036357289259,108.10688088808207,204.7859111375699,301.19477619162325,BC
15kg_10bpm,8BC,Force_Vertical,postRiCTO,228.70512914186799,284.41201986839167,102.16275333562174,191.70067109386636,282.91037809371466,BC
15kg_10bpm,8BC,Moment_AxialRotation,postRiCTO,6.1269398695825545,7.5374174407735515,1.5811926706508037,5.41027798058962,7.787761884909452,BC
15kg_10bpm,8BC,Moment_FlexionExtension,postRiCTO,1.1941357285668295,1.9357880606087292,0.37509928119053987,0.6358705177767142,1.1883135904290567,BC
15kg_10bpm,8BC,Moment_LateralBending,postRiCTO,2.041969010737385,1.7176135560505266,0.5456201097030547,1.9793634677526075,3.050781408628905,BC
15kg_10bpm,9BC,Force_AP,postRiCTO,63.63566771451443,72.463599159869,47.21010611039397,28.813704252709027,87.97932381218816,BC
15kg_10bpm,9BC,Force_ML,postRiCTO,9.201736263502879,17.08100712419467,2.7875764550515636,2.541919297047362,5.890175856109376,BC
15kg_10bpm,9BC,Force_Resultant,postRiCTO,184.57250575495897,215.1226369694379,138.2898830102902,82.12425084105917,250.92997541069124,BC
15kg_10bpm,9BC,Force_Vertical,postRiCTO,174.40013514176977,203.87829878508808,130.6457994263253,77.45628798175404,236.65148560417845,BC
15kg_10bpm,9BC,Moment_AxialRotation,postRiCTO,5.226821607126527,9.30921625459291,2.3213009460012635,2.135580085351148,3.63751755980117,BC
15kg_10bpm,9BC,Moment_FlexionExtension,postRiCTO,0.8941144837307504,1.3752815313978488,0.451323222908918,0.2941810352519746,1.0038895725484072,BC
15kg_10bpm,9BC,Moment_LateralBending,postRiCTO,1.5065961483172252,2.133205105227906,0.6895591021651756,0.8423552907387076,1.8172524914735313,BC
15kg_10bpm,10CA,Force_AP,postRiCTO,48.54929471011529,87.21829899700685,19.476989683430936,11.28574313595323,36.8033315653575,CA
15kg_10bpm,10CA,Force_ML,postRiCTO,19.20432795013151,36.21145834745972,10.990565869105383,6.6526312202629825,3.6238181919294754,CA
15kg_10bpm,10CA,Force_Resultant,postRiCTO,165.55562668511388,273.00112872846216,38.5479142630352,48.76856376847409,176.33304899994803,CA
15kg_10bpm,10CA,Force_Vertical,postRiCTO,158.8387824221796,259.51692891305595,36.24535508099618,47.648625762748274,172.6353200084769,CA
15kg_10bpm,10CA,Moment_AxialRotation,postRiCTO,3.5488798753927897,5.05194721867001,3.421226861702541,2.913359174395795,2.22903691607878,CA
15kg_10bpm,10CA,Moment_FlexionExtension,postRiCTO,1.689460789910621,3.2634580358859346,0.7897573233670556,0.1562798241823693,0.4733105458858632,CA
15kg_10bpm,10CA,Moment_LateralBending,postRiCTO,1.758112138780771,2.2263588085350916,1.8794164276674026,1.7219422378301275,0.9968733709719018,CA
15kg_10bpm,11CA,Force_AP,postRiCTO,21.543688162242272,29.672065174685912,13.656189215333615,10.619664230055054,25.858100102328358,CA
15kg_10bpm,11CA,Force_ML,postRiCTO,7.285699729129486,10.506869209664895,5.514300940839797,8.087211103447935,2.8155031158181396,CA
15kg_10bpm,11CA,Force_Resultant,postRiCTO,80.56778688094492,98.2176157701284,46.03684445473603,35.87673345463536,112.53669813663562,CA
15kg_10bpm,11CA,Force_Vertical,postRiCTO,78.18658156489619,94.0339223090472,44.933797920889646,35.09382804449448,110.08777224356466,CA
15kg_10bpm,11CA,Moment_AxialRotation,postRiCTO,3.715751750966625,4.616684192652404,4.3709385180663025,3.4941493670140042,1.7407890783271527,CA
15kg_10bpm,11CA,Moment_FlexionExtension,postRiCTO,1.0128442565913465,1.530676592935863,0.9674353760648984,0.39376391907920183,0.8265405365905714,CA
15kg_10bpm,11CA,Moment_LateralBending,postRiCTO,1.0735309044312797,1.214531410047838,0.6486088651671648,1.5345083742438552,0.6244052544038182,CA
15kg_10bpm,13CA,Force_AP,postRiCTO,51.93611392135202,98.17535812834969,16.99674021860218,12.708313296944084,27.88270013748242,CA
15kg_10bpm,13CA,Force_ML,postRiCTO,16.599948575129094,32.51763546178112,3.8277999434704095,5.966649270517555,2.321705802296698,CA
15kg_10bpm,13CA,Force_Resultant,postRiCTO,163.1713516721337,293.8954872620546,59.599673577084786,64.51418031232667,113.83100514425726,CA
15kg_10bpm,13CA,Force_Vertical,postRiCTO,155.367426071745,278.16569753911534,57.79644852334625,63.29640965423444,110.934360337162,CA
15kg_10bpm,13CA,Moment_AxialRotation,postRiCTO,2.8395407304963545,4.453682705689569,2.555023862594024,2.1998810819855517,1.1483987793779467,CA
15kg_10bpm,13CA,Moment_FlexionExtension,postRiCTO,1.6042827259582297,3.0915899513219953,0.44174918651049605,0.20607082540838922,0.7610122470976223,CA
15kg_10bpm,13CA,Moment_LateralBending,postRiCTO,1.3285210985720988,2.1323619674452665,0.4856654341383189,1.3889089560025836,0.6344026624062918,CA
15kg_10bpm,1CA,Force_AP,postRiCTO,92.23035519388004,181.83833632076838,25.246974562356414,10.61233850588053,23.013357419453506,CA
15kg_10bpm,1CA,Force_ML,postRiCTO,14.014328035652227,27.00477128309773,4.806849826882465,5.576038879744954,3.101787616728166,CA
15kg_10bpm,1CA,Force_Resultant,postRiCTO,274.57120191694395,528.8311906449757,99.28906682718213,52.0462964605184,108.94330529654653,CA
15kg_10bpm,1CA,Force_Vertical,postRiCTO,260.0018705123723,499.36714334417,96.32644437478143,51.00753245644778,106.78804258916642,CA
15kg_10bpm,1CA,Moment_AxialRotation,postRiCTO,5.0892766904880435,9.161222499117818,3.9381848617873505,1.808949097333877,1.3620487601315494,CA
15kg_10bpm,1CA,Moment_FlexionExtension,postRiCTO,3.2144697822898447,6.39733075861676,0.6916305304825204,0.255621067945348,0.5142589964539098,CA
15kg_10bpm,1CA,Moment_LateralBending,postRiCTO,0.8110505056567915,0.821432769446601,0.6479755221945782,1.0555258136658996,0.6568902498884758,CA
15kg_10bpm,2CA,Force_AP,postRiCTO,31.457465679681665,50.44314946511762,23.461916559377816,9.822869090707488,27.845899091461877,CA
15kg_10bpm,2CA,Force_ML,postRiCTO,12.110860144131513,22.56082727054117,6.56401631144414,5.321364643247356,3.4200331933807555,CA
15kg_10bpm,2CA,Force_Resultant,postRiCTO,112.69467233726301,157.03518159070177,90.28213714763136,52.27485479804194,123.11965439553744,CA
15kg_10bpm,2CA,Force_Vertical,postRiCTO,108.5628136882613,149.26082309830755,87.3715291767476,51.38087381857302,120.34566332051676,CA
15kg_10bpm,2CA,Moment_AxialRotation,postRiCTO,2.323384392102697,2.1438083007542077,3.5702563418838817,1.8500790338290996,1.001416269516094,CA
15kg_10bpm,2CA,Moment_FlexionExtension,postRiCTO,0.905719330590114,1.6254677161058888,0.4635384215870332,0.1437685559037143,0.6478073679388308,CA
15kg_10bpm,2CA,Moment_LateralBending,postRiCTO,0.958141790249475,1.1795866705783211,0.7604841614567076,1.1739950664110772,0.5890335135664906,CA
15kg_10bpm,3CA,Force_AP,postRiCTO,46.017132085284175,79.27492927386496,15.080806554262015,12.198433207295443,42.677929902755935,CA
15kg_10bpm,3CA,Force_ML,postRiCTO,10.08616218986686,17.460505081158598,8.638829790464742,3.1186036611560106,4.574972778066282,CA
15kg_10bpm,3CA,Force_Resultant,postRiCTO,171.6660517662878,246.78077715223105,65.5739665474404,61.35253168342383,219.4636653926383,CA
15kg_10bpm,3CA,Force_Vertical,postRiCTO,165.7689915005398,234.62764209273655,63.96182395753324,60.21865798167805,215.39113881464021,CA
15kg_10bpm,3CA,Moment_AxialRotation,postRiCTO,2.6723813103071494,4.025779676647258,3.04416276235551,0.9298896643762746,1.5546544968908746,CA
15kg_10bpm,3CA,Moment_FlexionExtension,postRiCTO,1.2541853431740277,2.4399630575731153,0.3573109044957994,0.25695720836219627,0.44691778134009524,CA
15kg_10bpm,3CA,Moment_LateralBending,postRiCTO,1.1156903931623259,0.6450399748569458,1.7786162519062436,0.5918819020695528,1.0279620844776942,CA
15kg_10bpm,4CA,Force_AP,postRiCTO,43.60676007166372,81.36453823582426,15.35547313096398,19.484113143944906,20.723703780977676,CA
15kg_10bpm,4CA,Force_ML,postRiCTO,11.125014622364157,21.422958972242817,2.928368446773138,5.196928481052419,2.2971263154605275,CA
15kg_10bpm,4CA,Force_Resultant,postRiCTO,151.55926384264478,277.6057375658645,57.53495681652914,76.92345063158236,79.10081324293628,CA
15kg_10bpm,4CA,Force_Vertical,postRiCTO,145.70896749736556,266.2149150590966,56.09613738887504,74.6917694711932,77.07163818080497,CA
15kg_10bpm,4CA,Moment_AxialRotation,postRiCTO,2.4071691612770114,3.4343878226684343,1.6540324123513377,1.8857748359524331,2.2622832130179584,CA
15kg_10bpm,4CA,Moment_FlexionExtension,postRiCTO,1.4648123447229398,2.7089940016603764,0.6463369811891932,0.5016458033094587,0.7969167284448924,CA
15kg_10bpm,4CA,Moment_LateralBending,postRiCTO,0.9271255348185056,0.9035714449676849,0.4124500080238918,1.1501383942844379,1.0575983352422271,CA
15kg_10bpm,5CA,Force_AP,postRiCTO,36.17074340166991,67.10948111237644,18.446845794582735,10.980818501305142,17.57064504931105,CA
15kg_10bpm,5CA,Force_ML,postRiCTO,10.35620752526128,18.374965778472642,7.8948142428353485,4.216600001523054,3.866399106851886,CA
15kg_10bpm,5CA,Force_Resultant,postRiCTO,135.54209668986798,244.67244473565535,75.7786442073892,52.23892562966436,75.2278130949552,CA
15kg_10bpm,5CA,Force_Vertical,postRiCTO,130.9615614974191,235.669306516537,73.91651802758038,51.11340839460977,73.85995970768427,CA
15kg_10bpm,5CA,Moment_AxialRotation,postRiCTO,2.8306621950706536,3.035895733509993,4.209750713571563,1.973723149822849,1.2156245393931657,CA
15kg_10bpm,5CA,Moment_FlexionExtension,postRiCTO,0.8599008774006333,1.528467242363847,0.27023368436559997,0.2443742352628497,0.705975957431543,CA
15kg_10bpm,5CA,Moment_LateralBending,postRiCTO,1.0606543492661358,1.3767900037628524,0.7887418001355045,1.1612861079157584,0.8078344355274572,CA
15kg_10bpm,6CA,Force_AP,postRiCTO,47.44196606785721,89.57865054136171,15.788328380342632,11.287938307029455,25.79442930001419,CA
15kg_10bpm,6CA,Force_ML,postRiCTO,20.7892029046156,41.06213010221033,5.480140317098583,5.077962998970999,1.9940520421381398,CA
15kg_10bpm,6CA,Force_Resultant,postRiCTO,154.60588522103222,273.13488138359907,72.97070539375532,57.83018873205847,113.07043485076463,CA
15kg_10bpm,6CA,Force_Vertical,postRiCTO,147.60781542968866,258.81188007287955,71.42353866168705,56.74842445337615,110.58627232139986,CA
15kg_10bpm,6CA,Moment_AxialRotation,postRiCTO,2.9789437673315136,4.677686400275507,3.034832910499969,2.0396537045950245,0.7597064373604986,CA
15kg_10bpm,6CA,Moment_FlexionExtension,postRiCTO,1.579550136341119,3.066436918570855,0.3358608708425186,0.1806110397889095,0.7147184964662096,CA
15kg_10bpm,6CA,Moment_LateralBending,postRiCTO,1.4525439368395234,2.5711276089334967,0.6028539849420962,1.181252151082472,0.385362162723641,CA
15kg_10bpm,7CA,Force_AP,postRiCTO,49.683056917224114,78.50192422250151,16.665038802007935,23.558987482611755,53.50286933564036,CA
15kg_10bpm,7CA,Force_ML,postRiCTO,20.39305133209231,38.37442351754731,11.37372782803266,6.274676778699244,6.108915186913787,CA
15kg_10bpm,7CA,Force_Resultant,postRiCTO,186.216456174198,244.357868961888,59.04316592097087,114.11297483477297,247.82651801190843,CA
15kg_10bpm,7CA,Force_Vertical,postRiCTO,179.92790915196372,232.06039319451924,57.45528657862817,111.84909084492581,242.4391614774358,CA
15kg_10bpm,7CA,Moment_AxialRotation,postRiCTO,3.133398363352544,4.147686521787671,3.686655763351067,2.3680087127501452,1.7713720132913373,CA
15kg_10bpm,7CA,Moment_FlexionExtension,postRiCTO,1.4074795836458491,2.5522029560807513,0.5871414764915536,0.47539993782059803,0.9399032894864406,CA
15kg_10bpm,7CA,Moment_LateralBending,postRiCTO,1.9181640737389125,2.5431533919878873,2.102584625365503,1.58495309054766,1.186470286526415,CA
15kg_10bpm,8CA,Force_AP,postRiCTO,45.26267595337171,79.57031303039984,10.051685371521872,11.323458101794992,40.62132744667441,CA
15kg_10bpm,8CA,Force_ML,postRiCTO,15.73592811490254,29.318549679323127,7.3069793077613445,7.821850900864899,5.022244602062554,CA
15kg_10bpm,8CA,Force_Resultant,postRiCTO,163.78425934797716,260.41490301757113,25.962687969147186,62.914951955027675,185.86045149036573,CA
15kg_10bpm,8CA,Force_Vertical,postRiCTO,157.870443393361,248.52089554783166,26.916736305708795,61.95385755226768,181.77491359746438,CA
15kg_10bpm,8CA,Moment_AxialRotation,postRiCTO,2.7700745232928905,3.0011722010169786,3.102471094046441,2.665241449522804,2.249852670211464,CA
15kg_10bpm,8CA,Moment_FlexionExtension,postRiCTO,1.0933107529078465,1.8478577299442829,0.8192604081711939,0.18030073029342278,0.8267479070805979,CA
15kg_10bpm,8CA,Moment_LateralBending,postRiCTO,1.5395290717394017,1.893933667515026,1.1917815943790093,1.746647661783982,1.2078663966209116,CA
15kg_10bpm,9CA,Force_AP,postRiCTO,39.41908565960024,56.75856536179135,20.794185228679236,13.051689696680357,48.56926402585129,CA
15kg_10bpm,9CA,Force_ML,postRiCTO,11.495845855552197,20.1727376559648,8.617464694948287,6.612456733229733,2.938380025619104,CA
15kg_10bpm,9CA,Force_Resultant,postRiCTO,143.3398438678687,184.31126753055815,84.64476875692593,65.47994124372136,190.10142250496295,CA
15kg_10bpm,9CA,Force_Vertical,postRiCTO,138.3863451623604,176.02031192152398,82.59690129903302,64.23749265419086,184.59232512545262,CA
15kg_10bpm,9CA,Moment_AxialRotation,postRiCTO,3.4971339657605642,3.628110437438015,5.178500188181743,2.3717416059907697,1.9124526002299156,CA
15kg_10bpm,9CA,Moment_FlexionExtension,postRiCTO,0.9633587699955743,1.4701125876729126,0.6558417597426403,0.1695586550065951,1.042027107259582,CA
15kg_10bpm,9CA,Moment_LateralBending,postRiCTO,1.3009007646785364,1.4778762788580193,1.3414605869531218,1.4631740402912443,0.8277354626679261,CA
15kg_16bpm,10AB,Force_AP,postRiCTO,112.74371039793029,32.42516072763063,32.59918968204296,129.8509232936187,176.44366667524582,AB
15kg_16bpm,10AB,Force_ML,postRiCTO,15.523343522678418,13.305747112115583,17.78923874499159,18.95608890285305,10.773119879986409,AB
15kg_16bpm,10AB,Force_Resultant,postRiCTO,331.24044531496304,125.80950819053899,112.01132143689469,333.3894843302665,540.4295149116372,AB
15kg_16bpm,10AB,Force_Vertical,postRiCTO,313.47924060609205,122.27916255486826,108.11804255040485,310.69111824646114,513.1323780114564,AB
15kg_16bpm,10AB,Moment_AxialRotation,postRiCTO,8.05334634250053,4.093758367230631,4.936676547935703,10.223525258777906,10.57799344414176,AB
15kg_16bpm,10AB,Moment_FlexionExtension,postRiCTO,2.3410548220672953,0.9746294251081259,1.027551163599736,1.8754563744985435,3.997387572882173,AB
15kg_16bpm,10AB,Moment_LateralBending,postRiCTO,2.0540190128017644,2.572861520237825,2.0055176428169554,1.019088644525158,2.2711563262575947,AB
15kg_16bpm,1AB,Force_AP,postRiCTO,79.42013702235516,28.339655888151697,23.879668169426154,91.94426702173432,122.69181254139264,AB
15kg_16bpm,1AB,Force_ML,postRiCTO,12.958940009115716,6.457467737210769,9.754333427777182,17.893638918891863,14.591410992060194,AB
15kg_16bpm,1AB,Force_Resultant,postRiCTO,234.89611917464174,119.54198737056518,91.00715327611857,238.49567856090516,371.4045810024743,AB
15kg_16bpm,1AB,Force_Vertical,postRiCTO,222.8503319962558,116.76788187564244,88.62672842168448,222.8401768985506,352.8570110180379,AB
15kg_16bpm,1AB,Moment_AxialRotation,postRiCTO,6.851044912778556,2.6172683197163047,4.661690837612857,7.890706428709077,9.745809522389562,AB
15kg_16bpm,1AB,Moment_FlexionExtension,postRiCTO,1.8816855179010952,0.7478859535617781,0.6143687368541535,1.5497803730241424,3.2471865958318995,AB
15kg_16bpm,1AB,Moment_LateralBending,postRiCTO,1.563230543055232,1.401784054313714,2.020299502959602,0.9593146546041096,1.671484050715298,AB
15kg_16bpm,2AB,Force_AP,postRiCTO,101.1242899965501,45.23151268531513,32.287184380920934,122.21815142171246,149.64028804464488,AB
15kg_16bpm,2AB,Force_ML,postRiCTO,15.467781112433821,9.101974237758146,10.989929947298116,23.36604678967321,14.444271636115742,AB
15kg_16bpm,2AB,Force_Resultant,postRiCTO,308.9760280467253,182.12105040113872,97.70989241661351,297.0078044462123,494.9305070578328,AB
15kg_16bpm,2AB,Force_Vertical,postRiCTO,293.6970673445737,177.4054344048976,93.49034650723742,275.0725166227695,472.9247843456014,AB
15kg_16bpm,2AB,Moment_AxialRotation,postRiCTO,7.082623926877568,4.432127534471796,4.629367899115921,8.677572873380429,9.108624221977433,AB
15kg_16bpm,2AB,Moment_FlexionExtension,postRiCTO,2.497663114631195,1.2504598861102099,1.1209217370855753,2.1952557313054304,4.109505138752827,AB
15kg_16bpm,2AB,Moment_LateralBending,postRiCTO,1.7626199815313517,2.2297911935768493,1.9563977356684807,0.8063810576490826,1.7270135093479655,AB
15kg_16bpm,3AB,Force_AP,postRiCTO,59.15969884247498,28.427492471537736,19.396913118848943,102.65281503915749,48.21338452242646,AB
15kg_16bpm,3AB,Force_ML,postRiCTO,12.934742480889458,6.294886079949164,7.59619922048694,19.855082380840926,13.31462559782759,AB
15kg_16bpm,3AB,Force_Resultant,postRiCTO,171.44482002883328,141.61290753177914,70.91031249039266,256.01310463738304,164.4449889555772,AB
15kg_16bpm,3AB,Force_Vertical,postRiCTO,162.42923910697218,139.1775069241426,68.86754003131492,237.9155019850196,157.7225490798824,AB
15kg_16bpm,3AB,Moment_AxialRotation,postRiCTO,6.231216971275142,2.6607925567632496,3.395374332425528,8.738680567304227,7.714400895612271,AB
15kg_16bpm,3AB,Moment_FlexionExtension,postRiCTO,1.9826017527936077,0.6862593357821752,0.6939323807015334,2.1944841664291115,3.1181559589156453,AB
15kg_16bpm,3AB,Moment_LateralBending,postRiCTO,1.1588832265264921,1.4077296171012226,1.3436252953879992,0.9680632045583378,0.8213402315005244,AB
15kg_16bpm,4AB,Force_AP,postRiCTO,85.65016707188319,37.16851555415523,24.58193646298003,122.92842160060167,109.80785463253063,AB
15kg_16bpm,4AB,Force_ML,postRiCTO,15.460008947311385,4.624200448976136,13.290253983724321,25.348463434516788,10.965387082971944,AB
15kg_16bpm,4AB,Force_Resultant,postRiCTO,255.5857566537705,162.1528805234794,85.78720328059924,304.15271276918367,363.93602246251623,AB
15kg_16bpm,4AB,Force_Vertical,postRiCTO,242.8062556414286,158.2916187434638,83.26673637962944,283.098548719354,348.1314572482785,AB
15kg_16bpm,4AB,Moment_AxialRotation,postRiCTO,6.903903912264411,2.609460618844826,4.681705864141158,9.75374296448399,8.127526598367256,AB
15kg_16bpm,4AB,Moment_FlexionExtension,postRiCTO,2.125133196521442,0.7684385086929427,0.8827382898998534,2.4071011898924484,3.2642514879237434,AB
15kg_16bpm,4AB,Moment_LateralBending,postRiCTO,1.8604550775390876,1.1767849789063234,2.7803194656686094,1.638242593522514,1.4493984471678942,AB
15kg_16bpm,5AB,Force_AP,postRiCTO,106.34615936225595,28.883296608586768,26.447371374631885,93.20020772524158,184.67855564887805,AB
15kg_16bpm,5AB,Force_ML,postRiCTO,11.775629722599595,8.902187662242481,10.12575384113126,17.758981653750322,7.786031270710908,AB
15kg_16bpm,5AB,Force_Resultant,postRiCTO,369.36886671680685,152.71663079524518,89.62861865104166,240.67467419820883,666.4420568784685,AB
15kg_16bpm,5AB,Force_Vertical,postRiCTO,354.7456814584218,150.28146520808167,86.75694042584787,225.2872997811102,641.1723945050333,AB
15kg_16bpm,5AB,Moment_AxialRotation,postRiCTO,7.148703077525206,2.7371969065785877,2.992861802672963,7.911654700878209,11.06867688087249,AB
15kg_16bpm,5AB,Moment_FlexionExtension,postRiCTO,2.384600857879774,0.5930297929528274,0.9908917919363669,1.7013239892732586,4.245436878457614,AB
15kg_16bpm,5AB,Moment_LateralBending,postRiCTO,1.9392933386164806,1.6486376308027035,1.506116809540542,1.359519069574859,2.8350795295994664,AB
15kg_16bpm,6AB,Force_AP,postRiCTO,87.95728222465866,37.61862774348695,15.055120896945887,101.5464119602081,136.23333251874672,AB
15kg_16bpm,6AB,Force_ML,postRiCTO,12.980313203939025,11.286631591976116,11.9551708694111,17.060988385022103,10.710444975701968,AB
15kg_16bpm,6AB,Force_Resultant,postRiCTO,263.7127315518459,150.96484674669748,62.47419899584969,264.16141278690856,421.17593256906997,AB
15kg_16bpm,6AB,Force_Vertical,postRiCTO,250.2886475991368,147.02849560768198,61.3421028855853,246.90931816805832,400.4071980825851,AB
15kg_16bpm,6AB,Moment_AxialRotation,postRiCTO,6.275892230296277,3.0900740676334033,2.366957449818162,8.0102107220353,8.760062617910695,AB
15kg_16bpm,6AB,Moment_FlexionExtension,postRiCTO,2.2138728289008585,1.0172427938821114,0.6589074453335441,1.7218070116020596,3.8440037743443685,AB
15kg_16bpm,6AB,Moment_LateralBending,postRiCTO,1.511568810994601,1.9977823416457894,1.3244565667906936,0.9951602757699187,1.548911291323251,AB
15kg_16bpm,7AB,Force_AP,postRiCTO,67.19518557310629,15.810112641644714,17.347452975372665,74.2410618061178,108.21431073964574,AB
15kg_16bpm,7AB,Force_ML,postRiCTO,12.889656901414178,10.092661780583772,12.36131048004926,16.357276760630707,11.969288774611481,AB
15kg_16bpm,7AB,Force_Resultant,postRiCTO,213.09879043710157,67.14564567788001,70.24324525249911,184.24572875322303,366.9936096718128,AB
15kg_16bpm,7AB,Force_Vertical,postRiCTO,203.52205480192836,65.94390238820078,68.64698390279437,171.91513275173344,351.8166271498321,AB
15kg_16bpm,7AB,Moment_AxialRotation,postRiCTO,5.7433878278490536,3.111857923640598,3.003994581608707,6.0384959797100315,8.6654929191853,AB
15kg_16bpm,7AB,Moment_FlexionExtension,postRiCTO,2.125338865349173,0.7261574372103798,0.6186205946055083,1.4843923088595692,3.8148907625844086,AB
15kg_16bpm,7AB,Moment_LateralBending,postRiCTO,1.7315461134821646,2.2357108346230654,1.8296607113429344,1.2544358966667561,1.4522089198131733,AB
15kg_16bpm,8AB,Force_AP,postRiCTO,105.8134117337958,38.257832069735535,25.100450855223613,93.21600367754841,182.00500269347182,AB
15kg_16bpm,8AB,Force_ML,postRiCTO,16.02958246281197,12.742925657700933,9.71274814008006,22.070629939550344,16.820192181021085,AB
15kg_16bpm,8AB,Force_Resultant,postRiCTO,300.55787376814334,154.67988802287996,80.13761477883968,227.24505980858507,521.6148382730179,AB
15kg_16bpm,8AB,Force_Vertical,postRiCTO,283.8580762953441,150.65406064908552,77.3880466894893,211.51364334362137,492.3462949631822,AB
15kg_16bpm,8AB,Moment_AxialRotation,postRiCTO,6.9830838816036795,3.0101052437575304,4.054181977678172,7.7115362603581685,10.379318555726902,AB
15kg_16bpm,8AB,Moment_FlexionExtension,postRiCTO,3.174694579401356,1.0543419826664664,0.9322986387517628,1.64964366042719,5.884770773769288,AB
15kg_16bpm,8AB,Moment_LateralBending,postRiCTO,1.8128368754070678,2.2793573120331683,1.7271593914789602,1.5696968527611241,1.5915847568464014,AB
15kg_16bpm,9AB,Force_AP,postRiCTO,73.56915263808054,42.80924001687793,30.900362713108848,105.9925195286098,86.8481214406966,AB
15kg_16bpm,9AB,Force_ML,postRiCTO,14.564006363756869,10.953210390360734,10.886649745211809,21.88354530441524,11.583477170252998,AB
15kg_16bpm,9AB,Force_Resultant,postRiCTO,231.6918028618704,155.86214406709777,97.52656312731551,263.35354960492583,330.6637833962768,AB
15kg_16bpm,9AB,Force_Vertical,postRiCTO,221.2876184384239,150.91895254119598,93.82139968066888,245.35459736523129,319.3348028702333,AB
15kg_16bpm,9AB,Moment_AxialRotation,postRiCTO,7.66915115261119,4.127844060306336,4.043811721133193,10.35196417973469,9.660659745236561,AB
15kg_16bpm,9AB,Moment_FlexionExtension,postRiCTO,1.813648389776833,1.3095844457744332,1.006551830116018,2.241543608331504,2.3072167279359035,AB
15kg_16bpm,9AB,Moment_LateralBending,postRiCTO,1.8762472093301128,2.4506344763425147,1.8138524114625003,1.4337060628931297,1.6614531185408583,AB
15kg_16bpm,10BC,Force_AP,postRiCTO,105.57544177699856,144.16891723884711,60.898483679345254,88.6694577383696,110.3968707489572,BC
15kg_16bpm,10BC,Force_ML,postRiCTO,15.502609633597991,25.507269901395414,6.614169841820223,10.645310362581892,12.528665776706756,BC
15kg_16bpm,10BC,Force_Resultant,postRiCTO,332.83485388565254,416.87266020997873,167.4061825224142,257.6004421203724,415.3099964587324,BC
15kg_16bpm,10BC,Force_Vertical,postRiCTO,317.1841858153242,393.6935935418936,157.29665808823952,243.61139286244244,401.1570623983255,BC
15kg_16bpm,10BC,Moment_AxialRotation,postRiCTO,7.740581743559461,12.142308734555016,3.1473324729956627,6.2781151526192005,6.600334648689755,BC
15kg_16bpm,10BC,Moment_FlexionExtension,postRiCTO,2.1238816378011993,2.5729243553089556,0.3009014510791183,0.5877458269805851,3.276959366235273,BC
15kg_16bpm,10BC,Moment_LateralBending,postRiCTO,2.197321839405782,2.9746416387413186,0.5982311090707348,1.7235380567727796,2.65465216148533,BC
15kg_16bpm,1BC,Force_AP,postRiCTO,104.10138181623674,154.01118160229458,62.17060648901496,52.409416239661965,113.72410699259014,BC
15kg_16bpm,1BC,Force_ML,postRiCTO,12.170559105724994,20.938868670417246,7.321834802753751,5.8785307091181656,8.309651869951377,BC
15kg_16bpm,1BC,Force_Resultant,postRiCTO,314.7740402840557,446.3444339553608,171.93112561802687,144.1447877408686,380.70368561741367,BC
15kg_16bpm,1BC,Force_Vertical,postRiCTO,298.5270514325162,421.71736548207576,161.46430225941546,135.3594044721995,364.00537841165595,BC
15kg_16bpm,1BC,Moment_AxialRotation,postRiCTO,6.853324911212193,10.892142996820372,4.738170022087868,4.765712974406988,4.995182051071985,BC
15kg_16bpm,1BC,Moment_FlexionExtension,postRiCTO,1.4292008241677692,1.5280397729741535,0.6638808457819732,0.576284716093321,2.2240852017111927,BC
15kg_16bpm,1BC,Moment_LateralBending,postRiCTO,2.2175854301943034,2.939782326229701,0.7776539766010026,1.3571267991514706,2.905331469328553,BC
15kg_16bpm,2BC,Force_AP,postRiCTO,99.9866470365473,143.78127065033138,52.19686648468365,48.38488380615491,118.68894334922585,BC
15kg_16bpm,2BC,Force_ML,postRiCTO,12.190207243735031,21.44857297944944,7.137664411953044,4.745489820376645,8.016896036288255,BC
15kg_16bpm,2BC,Force_Resultant,postRiCTO,312.40683666688193,405.498372609571,140.58178089050173,137.52472472884654,428.76256477392985,BC
15kg_16bpm,2BC,Force_Vertical,postRiCTO,297.3776878226441,382.2062692823388,131.79630884025204,129.63943671482937,412.55886942767665,BC
15kg_16bpm,2BC,Moment_AxialRotation,postRiCTO,6.595415436249648,11.28259304069979,2.9840116409109494,4.301878651162785,4.496858751211335,BC
15kg_16bpm,2BC,Moment_FlexionExtension,postRiCTO,1.7071910570311903,1.9333740038962228,0.3387867419944178,0.503994765963578,2.715316785142877,BC
15kg_16bpm,2BC,Moment_LateralBending,postRiCTO,2.263695087752213,3.0562806180547883,0.3479756349719155,1.1075133646011128,3.102993329597088,BC
15kg_16bpm,3BC,Force_AP,postRiCTO,94.84886355240464,143.88934309853133,47.072482238491716,30.884312394853623,109.50622370746042,BC
15kg_16bpm,3BC,Force_ML,postRiCTO,12.93046455975569,22.88761633757352,6.665938231404,4.888095607778344,8.94987852743081,BC
15kg_16bpm,3BC,Force_Resultant,postRiCTO,294.9164885532246,413.7099307242622,132.02103364196643,84.67313837501777,386.83499988943515,BC
15kg_16bpm,3BC,Force_Vertical,postRiCTO,280.44825139570986,390.26398034820045,124.25804967553269,79.53093457743684,371.6901740321516,BC
15kg_16bpm,3BC,Moment_AxialRotation,postRiCTO,6.645786963860418,11.516286046112421,3.3008168682000125,2.9647981553767484,5.011748932357523,BC
15kg_16bpm,3BC,Moment_FlexionExtension,postRiCTO,1.4552272122642567,2.200813680804032,0.2613915253113419,0.2999322846783918,1.848488635324034,BC
15kg_16bpm,3BC,Moment_LateralBending,postRiCTO,1.946627702576854,2.9692508298299467,0.3825687581224059,0.6294860463421394,2.3918833098345216,BC
15kg_16bpm,4BC,Force_AP,postRiCTO,105.9778568306879,97.04931653500032,59.343913540958766,61.49861465397694,165.98229539684675,BC
15kg_16bpm,4BC,Force_ML,postRiCTO,16.072610443738473,19.449445711585867,8.635954710848948,7.440031431979304,22.690087173933524,BC
15kg_16bpm,4BC,Force_Resultant,postRiCTO,329.83645161137963,286.903687100815,154.51622364644194,174.16419969776854,539.7630045645777,BC
15kg_16bpm,4BC,Force_Vertical,postRiCTO,313.84616775382875,271.91229277983547,144.29637520700476,164.18870046022803,515.3620614097451,BC
15kg_16bpm,4BC,Moment_AxialRotation,postRiCTO,8.20074498079466,10.711991490981493,3.158901316338426,3.6700621093452788,11.330022513982312,BC
15kg_16bpm,4BC,Moment_FlexionExtension,postRiCTO,1.480016713942568,1.39307998180283,0.31061779521182525,0.2556638613966815,2.5470376104697046,BC
15kg_16bpm,4BC,Moment_LateralBending,postRiCTO,2.3303610011670313,2.425025091411067,0.5368871033838465,1.0146290819107926,3.7648534358615104,BC
15kg_16bpm,5BC,Force_AP,postRiCTO,95.47905233200738,131.80968632321327,75.97072853088898,46.77831200569083,105.1376946876456,BC
15kg_16bpm,5BC,Force_ML,postRiCTO,15.580170749230215,27.44513270730469,7.346785968636979,5.9546275445502435,11.51956481795373,BC
15kg_16bpm,5BC,Force_Resultant,postRiCTO,290.5420175298528,389.57109515440237,206.64630222510684,132.4230317767538,352.2333287685987,BC
15kg_16bpm,5BC,Force_Vertical,postRiCTO,275.8288803553072,368.629080669847,193.7768021978034,124.71461164689717,337.3809836560495,BC
15kg_16bpm,5BC,Moment_AxialRotation,postRiCTO,8.751476345855924,15.053308493998104,3.6131767282715797,4.8354326494892135,6.677915300036571,BC
15kg_16bpm,5BC,Moment_FlexionExtension,postRiCTO,1.7553980536466751,2.68652830003347,0.7593376943579755,0.5032502136854552,2.0572707325128077,BC
15kg_16bpm,5BC,Moment_LateralBending,postRiCTO,2.329624168898342,3.4991697293209385,0.7585410624385828,1.1313414443726386,2.743203878930966,BC
15kg_16bpm,6BC,Force_AP,postRiCTO,99.58348052599825,150.76092312715167,63.41432782506219,27.133574442329607,109.97241516346762,BC
15kg_16bpm,6BC,Force_ML,postRiCTO,13.88412385029922,24.351002309206113,5.12580003505388,6.120209874135043,10.83460569548177,BC
15kg_16bpm,6BC,Force_Resultant,postRiCTO,312.3775703274649,435.21806903125736,175.30666201052568,82.04753623643244,401.13203283077866,BC
15kg_16bpm,6BC,Force_Vertical,postRiCTO,297.34516764774924,410.88992782099024,164.6929901914253,77.84089448134993,386.2786486590085,BC
15kg_16bpm,6BC,Moment_AxialRotation,postRiCTO,8.664787132738931,15.626833930439833,2.65080497980437,3.3721783814035007,6.257379712297972,BC
15kg_16bpm,6BC,Moment_FlexionExtension,postRiCTO,2.0198940626566784,2.913403447250978,0.4177021460885488,0.32003544279607365,2.7242270541826827,BC
15kg_16bpm,6BC,Moment_LateralBending,postRiCTO,2.431696752468118,3.795125421415978,0.5151007481039728,0.9628625955392641,2.8239552569236253,BC
15kg_16bpm,7BC,Force_AP,postRiCTO,124.06932931486033,128.74281220972247,121.771889852641,78.08554515614877,154.07311148300943,BC
15kg_16bpm,7BC,Force_ML,postRiCTO,18.721016669302877,19.15597615659067,17.687461132375986,13.57827172693532,23.03337361773807,BC
15kg_16bpm,7BC,Force_Resultant,postRiCTO,373.7833386855006,385.1260213140578,344.54732591902797,222.0909647940752,488.4091008180398,BC
15kg_16bpm,7BC,Force_Vertical,postRiCTO,354.67205868922497,365.38307575793203,324.719468966686,209.56900789847154,465.4754320751025,BC
15kg_16bpm,7BC,Moment_AxialRotation,postRiCTO,10.73744839741427,12.831732379826345,8.794767372914375,7.0461003286544175,12.93973031386561,BC
15kg_16bpm,7BC,Moment_FlexionExtension,postRiCTO,1.8483281025260372,1.5961442633418033,1.731824144097966,0.46261356254179076,2.7806019488050353,BC
15kg_16bpm,7BC,Moment_LateralBending,postRiCTO,2.93642082682034,3.1542670865038764,2.01551725379213,1.5274686779164195,4.2165311759733255,BC
15kg_16bpm,8BC,Force_AP,postRiCTO,114.68281499509042,121.3357610347796,78.79542139067182,95.68936888774377,148.86473431261177,BC
15kg_16bpm,8BC,Force_ML,postRiCTO,17.511945310334063,25.285023981186928,9.711160853900163,14.366483465110154,16.953122963319434,BC
15kg_16bpm,8BC,Force_Resultant,postRiCTO,346.5092302324915,346.38221127365773,211.59505807626635,268.5106784019666,488.5479300020861,BC
15kg_16bpm,8BC,Force_Vertical,postRiCTO,328.6430669097991,326.7194661524713,198.2357944208783,252.92675477006088,466.50328683964807,BC
15kg_16bpm,8BC,Moment_AxialRotation,postRiCTO,9.022494296080135,12.442773907981907,4.027198202626717,7.043375202220738,10.20123235845576,BC
15kg_16bpm,8BC,Moment_FlexionExtension,postRiCTO,1.7795065983268672,2.2010405752022595,0.584404737585231,0.9030030924472943,2.555483844621596,BC
15kg_16bpm,8BC,Moment_LateralBending,postRiCTO,2.4343466633389257,2.2905807531704707,0.547993516398814,2.0001935760755054,3.720187267017456,BC
15kg_16bpm,9BC,Force_AP,postRiCTO,103.96378623743264,144.72032065332635,65.09880559827508,34.66557106030994,128.91069744349207,BC
15kg_16bpm,9BC,Force_ML,postRiCTO,13.076488026691038,25.000087054496866,5.241441181243154,2.6288481543544933,5.497380233221383,BC
15kg_16bpm,9BC,Force_Resultant,postRiCTO,328.3944714678215,410.1109928317038,179.29073232482037,96.10428685303386,466.2794697096677,BC
15kg_16bpm,9BC,Force_Vertical,postRiCTO,312.7590224703081,386.7553254159272,168.41839546782575,90.39271510729148,448.36269677935866,BC
15kg_16bpm,9BC,Moment_AxialRotation,postRiCTO,6.664519131408859,12.135346963164725,2.537346831510431,2.411536361403323,4.376468010810948,BC
15kg_16bpm,9BC,Moment_FlexionExtension,postRiCTO,2.2140028832130154,2.664462012618807,0.34496174503174476,0.3216611999452463,3.464307715891802,BC
15kg_16bpm,9BC,Moment_LateralBending,postRiCTO,2.438223542016667,2.9265041628960264,0.41636259123941244,0.6302938551373737,3.7828660733877633,BC
15kg_16bpm,10CA,Force_AP,postRiCTO,63.68600319092262,92.97045402463965,60.46736395160823,12.262330511261617,61.516821616459005,CA
15kg_16bpm,10CA,Force_ML,postRiCTO,7.454388305774441,10.202321627727287,9.254475786796911,5.703125802450651,1.466289026963387,CA
15kg_16bpm,10CA,Force_Resultant,postRiCTO,224.57397744663018,280.4150097971255,193.57221982498532,52.93560279246261,285.6272856972177,CA
15kg_16bpm,10CA,Force_Vertical,postRiCTO,216.05867507542044,265.89888649233495,184.82008474685156,51.67787524596123,279.18386206454187,CA
15kg_16bpm,10CA,Moment_AxialRotation,postRiCTO,3.3366436730311206,3.1841073509228504,5.293376340557017,2.3030950747074277,1.207139026724183,CA
15kg_16bpm,10CA,Moment_FlexionExtension,postRiCTO,1.1997892983061145,2.009074064970755,1.1220631535126364,0.31235354608984395,0.6374439334085759,CA
15kg_16bpm,10CA,Moment_LateralBending,postRiCTO,0.7727252509160086,0.5527772563331654,0.6059419835637888,1.239878552346305,0.44101523937578935,CA
15kg_16bpm,1CA,Force_AP,postRiCTO,58.71758450975619,91.83620872020435,65.64525243693373,15.41032830363851,30.195874874791762,CA
15kg_16bpm,1CA,Force_ML,postRiCTO,15.953665359969218,27.885869346752663,14.107106622932987,5.828877276517118,4.11967073093614,CA
15kg_16bpm,1CA,Force_Resultant,postRiCTO,184.88544289334567,247.52667078366974,223.80532704847118,58.15215023867069,149.86488566413047,CA
15kg_16bpm,1CA,Force_Vertical,postRiCTO,176.45586711605728,232.0964379998395,215.00959384742384,56.377372655744374,147.13896151027038,CA
15kg_16bpm,1CA,Moment_AxialRotation,postRiCTO,4.867960529000269,5.499829092494715,7.528301604354908,2.288942435648425,1.8536185685547129,CA
15kg_16bpm,1CA,Moment_FlexionExtension,postRiCTO,1.7584826149342063,2.933589013559804,1.7775390015480024,0.4579802221809849,0.7053365167751824,CA
15kg_16bpm,1CA,Moment_LateralBending,postRiCTO,1.2454046884143348,1.728216511557395,0.3373986718858553,1.4438983569648007,1.019407834027167,CA
15kg_16bpm,2CA,Force_AP,postRiCTO,87.0518232853277,156.84852146919005,59.741133749633136,13.035557154342559,46.7687955594514,CA
15kg_16bpm,2CA,Force_ML,postRiCTO,18.761590876760888,34.4299848773821,12.518638565593378,8.06959000616168,3.7737208144260714,CA
15kg_16bpm,2CA,Force_Resultant,postRiCTO,264.91837704205483,442.03324691717467,214.751094079311,47.84056704345868,195.46323723482053,CA
15kg_16bpm,2CA,Force_Vertical,postRiCTO,251.56713257444625,415.8435985964033,207.18628576110396,46.410518862860854,190.31739151191843,CA
15kg_16bpm,2CA,Moment_AxialRotation,postRiCTO,4.989342717310486,4.943743933866089,7.837105494894478,3.296151065431105,1.9226549565595543,CA
15kg_16bpm,2CA,Moment_FlexionExtension,postRiCTO,2.386779655758521,4.352444973157209,1.6077325846789023,0.6404839282098089,1.0171303028439382,CA
15kg_16bpm,2CA,Moment_LateralBending,postRiCTO,1.3780142190640934,1.5523429237955781,0.6060294971990585,1.9914428058115956,0.9450096285308713,CA
15kg_16bpm,3CA,Force_AP,postRiCTO,49.02427477380778,70.5542557233145,36.31170859808656,15.87198077366165,55.13349440407589,CA
15kg_16bpm,3CA,Force_ML,postRiCTO,9.897973965512987,16.300318280937894,8.580404369762055,6.652032470809405,3.4285423612158956,CA
15kg_16bpm,3CA,Force_Resultant,postRiCTO,175.3556928928544,203.52873250316614,146.01150323031368,63.67971277035843,234.99192095869728,CA
15kg_16bpm,3CA,Force_Vertical,postRiCTO,169.03915270727043,192.21634632210194,141.98743176359278,61.932116425738506,228.91207663112473,CA
15kg_16bpm,3CA,Moment_AxialRotation,postRiCTO,3.578287588060321,3.2500443814565427,5.505286208536129,2.589051638404722,1.9986968899759057,CA
15kg_16bpm,3CA,Moment_FlexionExtension,postRiCTO,1.0584356481076036,1.6609553101533951,0.689029665836131,0.596779834193416,0.9488226167397371,CA
15kg_16bpm,3CA,Moment_LateralBending,postRiCTO,1.0751441594255253,1.142088849999933,0.46552889888043686,1.4906631501245369,0.9440178700857785,CA
15kg_16bpm,4CA,Force_AP,postRiCTO,50.70552317219926,78.7513199849591,40.948714913025945,19.350460462017235,45.29852212925742,CA
15kg_16bpm,4CA,Force_ML,postRiCTO,15.071059783723177,22.70204988519396,16.53605842590778,10.357566760008991,4.549868900848093,CA
15kg_16bpm,4CA,Force_Resultant,postRiCTO,173.99831384057447,247.0830722685027,148.48629017317188,78.38549682165021,178.32058512694377,CA
15kg_16bpm,4CA,Force_Vertical,postRiCTO,167.14527395949005,235.03395095613925,143.83198768896318,76.20933074275952,173.01403693437223,CA
15kg_16bpm,4CA,Moment_AxialRotation,postRiCTO,4.526683234627889,2.2424606123020663,7.750381770574728,3.5385927167858346,2.2283991469037674,CA
15kg_16bpm,4CA,Moment_FlexionExtension,postRiCTO,1.1270887369033649,1.5523753412178853,1.1683729745143072,0.5601173845403762,1.0016491940174108,CA
15kg_16bpm,4CA,Moment_LateralBending,postRiCTO,1.5903462038757625,1.7377981784367347,0.8368109882254645,2.2532763932404265,1.1687117296605414,CA
15kg_16bpm,5CA,Force_AP,postRiCTO,86.79599086595293,120.72414401723627,57.15686612534339,7.242138081571858,109.81559291370912,CA
15kg_16bpm,5CA,Force_ML,postRiCTO,21.851232252484923,40.36983408556958,13.392019767044971,10.43067961466373,3.2722144767506594,CA
15kg_16bpm,5CA,Force_Resultant,postRiCTO,321.852660040305,339.0533377835066,194.55694094438496,23.650404395030943,504.90973463205364,CA
15kg_16bpm,5CA,Force_Vertical,postRiCTO,310.5997382476319,318.1430904963609,186.9844027729958,23.00904258887587,493.2623624539162,CA
15kg_16bpm,5CA,Moment_AxialRotation,postRiCTO,4.7913357111183466,3.910802877264011,7.6503600900573705,3.898288185697661,1.8930104410974893,CA
15kg_16bpm,5CA,Moment_FlexionExtension,postRiCTO,1.7212984165565557,2.9211683605250376,1.3672838156332143,0.4018842574023288,1.1626342377173668,CA
15kg_16bpm,5CA,Moment_LateralBending,postRiCTO,1.762004330576364,2.270845953965553,1.145102112865703,2.3422216450965734,0.7524453622050933,CA
15kg_16bpm,6CA,Force_AP,postRiCTO,67.28789443701376,95.85847030441515,56.50819157251059,10.099543144272998,74.72852511795146,CA
15kg_16bpm,6CA,Force_ML,postRiCTO,19.738162020031318,37.39875925217743,9.268215821309493,9.252586296152138,1.9081278664087054,CA
15kg_16bpm,6CA,Force_Resultant,postRiCTO,240.79934064051767,303.4292223943279,185.4390942666046,31.909404470320474,320.42865210114803,CA
15kg_16bpm,6CA,Force_Vertical,postRiCTO,231.9713146704154,289.24514379400017,177.38860660945045,30.773399598350544,312.1247252344473,CA
15kg_16bpm,6CA,Moment_AxialRotation,postRiCTO,4.38718260005022,6.375359879297582,4.792997966865136,3.5398233479628365,1.2445987442930022,CA
15kg_16bpm,6CA,Moment_FlexionExtension,postRiCTO,1.459314475334441,2.5206735907201328,0.9561946700868417,0.16185530768447876,1.122016626486793,CA
15kg_16bpm,6CA,Moment_LateralBending,postRiCTO,1.8453879013795529,2.8859867166680337,0.9082842777590827,2.0780804512209428,0.5241534078315881,CA
15kg_16bpm,7CA,Force_AP,postRiCTO,53.06190962581571,78.28940538146499,59.06348662024546,14.69797496953421,38.494889118184076,CA
15kg_16bpm,7CA,Force_ML,postRiCTO,14.014462491417088,25.4721856198075,9.595556154278741,7.019989638989395,1.7785174678854276,CA
15kg_16bpm,7CA,Force_Resultant,postRiCTO,186.54161023660097,257.84907615289853,192.85740028406826,60.29142995749769,178.85270274158862,CA
15kg_16bpm,7CA,Force_Vertical,postRiCTO,179.38980627031728,246.34952832807,184.55388379621473,58.70603676542825,174.90495659215233,CA
15kg_16bpm,7CA,Moment_AxialRotation,postRiCTO,4.708269476825909,6.889352137173796,5.71148083937402,2.783315234585648,1.288591949460958,CA
15kg_16bpm,7CA,Moment_FlexionExtension,postRiCTO,1.5325374126866678,2.791506599763103,1.0160668578185474,0.39711417953837,0.6975436947439391,CA
15kg_16bpm,7CA,Moment_LateralBending,postRiCTO,1.2461628544980956,1.4593848595795391,0.8952987378957808,1.7244475751703199,0.5954320313872568,CA
15kg_16bpm,8CA,Force_AP,postRiCTO,54.7487890333038,70.16444070301252,52.52053808858768,14.65959132367031,63.649109610810875,CA
15kg_16bpm,8CA,Force_ML,postRiCTO,14.576963420102556,26.839367532358413,10.080141268780633,5.3052293515523985,2.832606963475313,CA
15kg_16bpm,8CA,Force_Resultant,postRiCTO,214.74287424841683,202.62361219531576,193.70268181381905,52.99187547175762,317.61943879511796,CA
15kg_16bpm,8CA,Force_Vertical,postRiCTO,208.19309098049638,191.27125341071022,186.84496840218677,51.4584783616528,311.58329769643166,CA
15kg_16bpm,8CA,Moment_AxialRotation,postRiCTO,3.9129046375544605,3.997351200850432,6.221007265744688,2.4626605518570615,1.0337007366287572,CA
15kg_16bpm,8CA,Moment_FlexionExtension,postRiCTO,1.550860847522648,2.321049782065558,1.6961703492656137,0.573839247095012,1.039289153418016,CA
15kg_16bpm,8CA,Moment_LateralBending,postRiCTO,1.1138121178952982,1.5813740360861357,0.621690917263132,1.3215628949722795,0.6030060189600366,CA
15kg_16bpm,9CA,Force_AP,postRiCTO,59.213704843532135,62.04404760686677,70.1644912713349,7.0694115881381645,71.6750521171013,CA
15kg_16bpm,9CA,Force_ML,postRiCTO,8.687438902799176,12.613139417344643,8.942116056481956,7.6065118107148395,2.772373166197676,CA
15kg_16bpm,9CA,Force_Resultant,postRiCTO,210.23431250401669,197.95152548573793,215.79006185583114,32.20966219429403,297.05960242038407,CA
15kg_16bpm,9CA,Force_Vertical,postRiCTO,202.41053313847704,188.62276879401935,205.42824310049568,31.506886473977882,288.80872828087274,CA
15kg_16bpm,9CA,Moment_AxialRotation,postRiCTO,4.418327822393141,5.872084522108023,5.699780739109763,2.79167252614431,1.9867433761643902,CA
15kg_16bpm,9CA,Moment_FlexionExtension,postRiCTO,1.6340147538285086,2.6018399063298623,1.7128865816296683,0.2624716461266351,0.98760312354835,CA
15kg_16bpm,9CA,Moment_LateralBending,postRiCTO,0.9636736117738754,0.7097341300071219,0.5283972802475501,1.5956729537934105,0.6375400415634792,CA
7kg_10bpm,10AB,Force_AP,postRiCTO,30.65873680104066,26.423557280309552,16.075429295033047,38.86501646869668,35.76522783743106,AB
7kg_10bpm,10AB,Force_ML,postRiCTO,7.2653797815836345,6.332038732088177,10.234395284019575,4.111689524771511,7.037731491961197,AB
7kg_10bpm,10AB,Force_Resultant,postRiCTO,98.36663322994379,114.33571974602415,38.86060852691039,94.73214116826509,122.2152720771585,AB
7kg_10bpm,10AB,Force_Vertical,postRiCTO,94.2301309550032,111.56450034390392,36.76287849773491,87.92150513819134,117.44108582027467,AB
7kg_10bpm,10AB,Moment_AxialRotation,postRiCTO,3.93372815753094,2.128644036138776,1.2406090693825758,2.824424964785364,6.8267168086394525,AB
7kg_10bpm,10AB,Moment_FlexionExtension,postRiCTO,0.7369639699312218,0.501912258133342,0.5624086908919883,0.4400372142916491,1.173561315304056,AB
7kg_10bpm,10AB,Moment_LateralBending,postRiCTO,1.0853297840679572,1.2469680459156247,1.3572302675786465,0.24697211112823386,1.1184132217230898,AB
7kg_10bpm,11AB,Force_AP,postRiCTO,35.0089717334145,22.953894926850957,18.31790020781677,48.26850424272693,41.12904491717207,AB
7kg_10bpm,11AB,Force_ML,postRiCTO,8.170413357049316,8.056200174109437,11.854970522610216,5.099036371754375,6.064555331172705,AB
7kg_10bpm,11AB,Force_Resultant,postRiCTO,104.44964018056312,109.23093993189367,43.050818673404954,119.44207576945192,124.12818180049084,AB
7kg_10bpm,11AB,Force_Vertical,postRiCTO,99.33499368729,106.96377646242865,40.67421161015443,110.95860347071586,117.90237516718568,AB
7kg_10bpm,11AB,Moment_AxialRotation,postRiCTO,3.561902189170062,1.9775171212336926,1.6341363062167917,3.498980691072677,5.584338797760389,AB
7kg_10bpm,11AB,Moment_FlexionExtension,postRiCTO,0.5897122321488825,0.39594660336751314,0.6584015826170939,0.36965502393881305,0.8074421235627961,AB
7kg_10bpm,11AB,Moment_LateralBending,postRiCTO,1.0614594077278172,1.4026313895204936,1.3555000744709267,0.2860885963279883,0.799789748980891,AB
7kg_10bpm,12AB,Force_AP,postRiCTO,39.354240183979044,22.807874529324575,6.03706859623521,29.4517374589526,68.16922490785652,AB
7kg_10bpm,12AB,Force_ML,postRiCTO,5.5611708394254356,4.979537079045537,6.865870449474218,4.70962852283406,5.444385065550548,AB
7kg_10bpm,12AB,Force_Resultant,postRiCTO,150.25261501277228,105.04689790622884,19.82159542420047,74.40560629932556,267.1834693610149,AB
7kg_10bpm,12AB,Force_Vertical,postRiCTO,145.29136973626862,102.79440014741553,19.248525575353224,69.42890007299117,258.555798843679,AB
7kg_10bpm,12AB,Moment_AxialRotation,postRiCTO,2.755836356640373,1.5965642143479937,1.0788336502903104,3.421777702800053,3.8306531222083335,AB
7kg_10bpm,12AB,Moment_FlexionExtension,postRiCTO,0.94760181714886,0.4526004098987793,0.2284398502846318,0.3780888101906243,1.761700374796341,AB
7kg_10bpm,12AB,Moment_LateralBending,postRiCTO,1.088613976761117,1.0671391531554189,0.8227254490060849,0.25054184611521674,1.6725413712027741,AB
7kg_10bpm,13AB,Force_AP,postRiCTO,66.85626714509935,30.409990579129314,11.853299148240223,49.369832157919504,118.30202421031832,AB
7kg_10bpm,13AB,Force_ML,postRiCTO,8.034249719130218,6.266225791931688,9.953031207929842,4.756486521462014,9.797274984608876,AB
7kg_10bpm,13AB,Force_Resultant,postRiCTO,230.74488512965232,131.55620009309737,19.699799717614237,122.20615899289237,418.8733457223265,AB
7kg_10bpm,13AB,Force_Vertical,postRiCTO,221.37935310122396,128.26938379479688,18.299757788154185,113.53010857662217,402.29942820283924,AB
7kg_10bpm,13AB,Moment_AxialRotation,postRiCTO,2.9764195886118707,2.022432996032611,1.2416702901107037,2.9711377206432315,4.528862304577361,AB
7kg_10bpm,13AB,Moment_FlexionExtension,postRiCTO,1.1779115775215336,0.5320874626569638,0.6188676609089873,0.41563268994354036,2.1408429734906482,AB
7kg_10bpm,13AB,Moment_LateralBending,postRiCTO,1.2744611131904162,1.1846968830024198,1.161685743830275,0.30538749258295306,1.8901802337392608,AB
7kg_10bpm,1AB,Force_AP,postRiCTO,21.1807914699616,27.167901671735578,8.793583431791593,21.52239947240422,22.655723432099112,AB
7kg_10bpm,1AB,Force_ML,postRiCTO,23.058854196747458,22.089985320306663,21.039191439827523,11.198557422518004,32.40502011060699,AB
7kg_10bpm,1AB,Force_Resultant,postRiCTO,103.3480949975791,84.74691586924791,39.241869311237885,62.26944362941262,171.39445182709113,AB
7kg_10bpm,1AB,Force_Vertical,postRiCTO,101.90970392975035,82.91925836674638,36.708941922300106,59.77106418648368,170.299635798621,AB
7kg_10bpm,1AB,Moment_AxialRotation,postRiCTO,1.3220666859073154,0.8449383174018834,0.42292545743169585,0.45519268972867544,2.3941773545583227,AB
7kg_10bpm,1AB,Moment_FlexionExtension,postRiCTO,0.7888264413569293,0.8360934512334309,0.4312717391207066,0.6717319789118537,1.064102674008914,AB
7kg_10bpm,1AB,Moment_LateralBending,postRiCTO,1.2192429413704955,1.137634916738825,1.3526510675421939,1.0059367694636168,1.340883977895915,AB
7kg_10bpm,2AB,Force_AP,postRiCTO,41.55983795881058,23.555172719354097,6.801595981398852,64.3210524793559,46.40606380420596,AB
7kg_10bpm,2AB,Force_ML,postRiCTO,6.8118414249261745,3.37501372982138,1.93411973018256,11.179228675318297,6.74779815619877,AB
7kg_10bpm,2AB,Force_Resultant,postRiCTO,132.50500677731296,108.15254883940696,10.910777461398256,182.64156248345762,157.37831418088493,AB
7kg_10bpm,2AB,Force_Vertical,postRiCTO,126.38903814684784,105.73225194475246,10.0575145268822,172.18649841857416,150.66222561345668,AB
7kg_10bpm,2AB,Moment_AxialRotation,postRiCTO,4.255220764886115,2.351304539937334,1.0902484262446595,5.848400745142014,5.566972077467252,AB
7kg_10bpm,2AB,Moment_FlexionExtension,postRiCTO,0.5630745096596805,0.35107347343257006,0.3007846707301441,0.2602587393172101,0.9803036796780138,AB
7kg_10bpm,2AB,Moment_LateralBending,postRiCTO,1.0720882746465155,0.9629891958295453,0.2817832857593588,1.3350811853602715,1.3352744684588502,AB
7kg_10bpm,3AB,Force_AP,postRiCTO,21.577348338178105,23.771951703489155,10.401702169195094,21.4840785579257,26.78411549184679,AB
7kg_10bpm,3AB,Force_ML,postRiCTO,6.344711422403379,4.467833248025038,3.817782617567719,8.081578135132027,7.7696873671290945,AB
7kg_10bpm,3AB,Force_Resultant,postRiCTO,84.10269621343956,116.67755240848567,22.190511962834094,64.17452804128105,99.76676876290422,AB
7kg_10bpm,3AB,Force_Vertical,postRiCTO,81.49078625478647,114.3551266285667,20.855345846071078,60.88155355705574,96.127013869845,AB
7kg_10bpm,3AB,Moment_AxialRotation,postRiCTO,3.620417837861045,2.7509765070728363,1.0293764660856632,4.731948600358764,4.592549682303491,AB
7kg_10bpm,3AB,Moment_FlexionExtension,postRiCTO,0.6414903261191467,0.2840486656701823,0.443332129382787,0.4157037015574986,1.079736060455233,AB
7kg_10bpm,3AB,Moment_LateralBending,postRiCTO,0.9992344382309515,1.1847474328198657,0.3799475175442743,0.8096304890549766,1.3266240062872905,AB
7kg_10bpm,4AB,Force_AP,postRiCTO,52.14187578420254,26.353358569225254,11.756993179207635,68.64389863145426,72.31834426402193,AB
7kg_10bpm,4AB,Force_ML,postRiCTO,9.143105608341513,2.7671886756571826,6.193544811122119,14.498424347662022,8.85284269907854,AB
7kg_10bpm,4AB,Force_Resultant,postRiCTO,153.7286164713355,120.11393289547313,33.443711311474786,174.517239652699,218.1062372396465,AB
7kg_10bpm,4AB,Force_Vertical,postRiCTO,145.76625772085978,117.3151152301989,31.957881514991143,162.76669199116574,207.0023716912305,AB
7kg_10bpm,4AB,Moment_AxialRotation,postRiCTO,4.295753860207874,1.7375469007787234,2.0933602092492234,5.864652580438183,5.6122092927752245,AB
7kg_10bpm,4AB,Moment_FlexionExtension,postRiCTO,0.7544308256540917,0.28651996024649606,0.5516163233868011,1.0222311103222446,0.9136251855506023,AB
7kg_10bpm,4AB,Moment_LateralBending,postRiCTO,1.0568093516855084,0.6249022042729455,0.991697428217597,1.0753652942201284,1.3803848381396464,AB
7kg_10bpm,5AB,Force_AP,postRiCTO,24.467099722891792,23.396056560888287,3.1022756447435507,27.711964321693504,32.42667602587676,AB
7kg_10bpm,5AB,Force_ML,postRiCTO,4.731883293525382,2.2781332264405063,2.1397825610182424,3.1403056657750787,8.252530306260104,AB
7kg_10bpm,5AB,Force_Resultant,postRiCTO,85.82139894789195,115.41609898165434,12.460373564579653,72.90971775194814,102.67526673003508,AB
7kg_10bpm,5AB,Force_Vertical,postRiCTO,82.62052283732741,113.1659348584329,12.331510889178155,68.14355828135228,97.93792038333441,AB
7kg_10bpm,5AB,Moment_AxialRotation,postRiCTO,1.918985814293436,1.3866616137536827,1.1847764262253129,1.7118997981881519,2.8790022232975487,AB
7kg_10bpm,5AB,Moment_FlexionExtension,postRiCTO,0.577183281143853,0.35035222834120855,0.1424829068438027,0.346900952770456,1.020227844108409,AB
7kg_10bpm,5AB,Moment_LateralBending,postRiCTO,0.4757349028744475,0.6163334520438553,0.38819823716430785,0.36510329668440167,0.49076326588595315,AB
7kg_10bpm,6AB,Force_AP,postRiCTO,16.633187210715118,28.247026209470366,8.301607489227464,7.832840966029077,13.500484664927104,AB
7kg_10bpm,6AB,Force_ML,postRiCTO,4.057884620094922,3.761231037996211,2.9441696246216105,3.7044847580691145,5.369623110351946,AB
7kg_10bpm,6AB,Force_Resultant,postRiCTO,70.33192872727413,125.87484811783514,17.03797158727759,15.098922680701815,59.00975042735484,AB
7kg_10bpm,6AB,Force_Vertical,postRiCTO,68.7437270892321,122.8675386524531,15.894220378429091,13.850318890053625,58.43255832856286,AB
7kg_10bpm,6AB,Moment_AxialRotation,postRiCTO,1.774757261887971,2.0981404263331167,1.2346205001238713,1.8621033173376509,1.7896964975998462,AB
7kg_10bpm,6AB,Moment_FlexionExtension,postRiCTO,0.6702923655945187,0.40876907478365254,0.30587083611644694,0.34225625043392865,1.1756138453300624,AB
7kg_10bpm,6AB,Moment_LateralBending,postRiCTO,0.5718077975001938,0.8754798558633636,0.4258259768478205,0.23934029368350862,0.5510991452908583,AB
7kg_10bpm,7AB,Force_AP,postRiCTO,22.704816260940827,21.09897501288203,8.05860026418394,20.951807246906885,33.014697503629264,AB
7kg_10bpm,7AB,Force_ML,postRiCTO,5.28052329998795,2.6068555375526037,5.026035765863802,5.861271456583098,6.667936188795644,AB
7kg_10bpm,7AB,Force_Resultant,postRiCTO,79.79062967717485,99.15973981208417,26.90743835750114,51.29693191811116,109.77599857523303,AB
7kg_10bpm,7AB,Force_Vertical,postRiCTO,76.89773270188445,97.03380445781688,26.01445893913067,47.70009920351756,105.25593754981657,AB
7kg_10bpm,7AB,Moment_AxialRotation,postRiCTO,2.3848210454235694,1.6274224820009846,1.6532887565482357,2.705840992871387,3.1429924198638055,AB
7kg_10bpm,7AB,Moment_FlexionExtension,postRiCTO,0.5542476765612062,0.30633621481128154,0.2730219420994202,0.41848048294437196,0.9289886950722502,AB
7kg_10bpm,7AB,Moment_LateralBending,postRiCTO,0.6718040789204742,0.6958836737475564,0.7191740954499369,0.39536409860251887,0.7999744426305262,AB
7kg_10bpm,8AB,Force_AP,postRiCTO,25.15545085946765,25.43537063216755,10.62604099941746,23.343563345940368,34.69241110607631,AB
7kg_10bpm,8AB,Force_ML,postRiCTO,5.505784474380915,2.8311457473181987,5.627823318087231,6.511474218272015,6.23113454164183,AB
7kg_10bpm,8AB,Force_Resultant,postRiCTO,86.7167749471646,114.14375250428576,32.427960761070324,51.18537593132835,114.68886257679654,AB
7kg_10bpm,8AB,Force_Vertical,postRiCTO,83.474409209278,111.52805448993625,31.07977998695177,46.92902748125899,109.82430798071748,AB
7kg_10bpm,8AB,Moment_AxialRotation,postRiCTO,2.3480763653113166,1.8256746955787324,2.282387412393455,2.634817370209884,2.555112899308169,AB
7kg_10bpm,8AB,Moment_FlexionExtension,postRiCTO,0.6016716509014733,0.4709416374557255,0.3754869898153685,0.5642314153042042,0.8667921949457835,AB
7kg_10bpm,8AB,Moment_LateralBending,postRiCTO,0.7018942369832977,0.8028956894086795,0.8767403844917823,0.3700079244119445,0.6505229009452591,AB
7kg_10bpm,10BC,Force_AP,postRiCTO,24.106626027783868,25.904426912243267,12.455324366191686,17.128858100904353,34.36498989848262,BC
7kg_10bpm,10BC,Force_ML,postRiCTO,2.463581900017172,3.1729627181332423,0.43434292015446885,1.4356019287359605,3.425359815848429,BC
7kg_10bpm,10BC,Force_Resultant,postRiCTO,78.98599888226676,97.73647695939651,39.935285988545914,46.06847530064204,107.1266018933614,BC
7kg_10bpm,10BC,Force_Vertical,postRiCTO,75.5160037271375,94.38061130554534,38.07879131099002,43.23341607377528,101.961302731545,BC
7kg_10bpm,10BC,Moment_AxialRotation,postRiCTO,2.37294465774008,3.9495792258358575,1.1298401774245466,0.6291369071238101,2.294888113820839,BC
7kg_10bpm,10BC,Moment_FlexionExtension,postRiCTO,0.5192423241450588,0.7928018845041787,0.20813198422654328,0.13264449984429316,0.6200081839652118,BC
7kg_10bpm,10BC,Moment_LateralBending,postRiCTO,0.741334056118797,1.1920742124904178,0.2857534677457216,0.21540424657095905,0.8033540366335854,BC
7kg_10bpm,11BC,Force_AP,postRiCTO,24.20341711704964,31.200725004960542,13.290937929280226,18.548124921620335,28.96427850669714,BC
7kg_10bpm,11BC,Force_ML,postRiCTO,2.517297457402256,3.339696547111168,0.8524041298731869,1.4181124883205776,3.3554502963312274,BC
7kg_10bpm,11BC,Force_Resultant,postRiCTO,74.46593222524251,107.54462451191108,41.17844195633004,49.24975365506773,80.35652929732886,BC
7kg_10bpm,11BC,Force_Vertical,postRiCTO,70.80857120577781,103.1534086634963,39.126008928021534,46.1157562429479,75.68809928092861,BC
7kg_10bpm,11BC,Moment_AxialRotation,postRiCTO,2.026233053904836,3.172193264159069,0.6394623514320621,0.5037234332645597,2.3739870044522533,BC
7kg_10bpm,11BC,Moment_FlexionExtension,postRiCTO,0.473636113960399,0.845669780234045,0.15371086829080285,0.13726101527220283,0.3780935552501497,BC
7kg_10bpm,11BC,Moment_LateralBending,postRiCTO,0.6711378401352994,1.0578513583141094,0.21831479934587136,0.21328732543485307,0.7642987678338097,BC
7kg_10bpm,12BC,Force_AP,postRiCTO,29.25800074552476,16.844523406733128,13.813519884642266,35.18459494418106,40.97204291925115,BC
7kg_10bpm,12BC,Force_ML,postRiCTO,3.807289383254436,4.665010842349147,0.5536589264682088,2.8690141628483854,5.212920454963118,BC
7kg_10bpm,12BC,Force_Resultant,postRiCTO,86.51340514886688,65.55231858609544,45.30357424516867,95.13405144571246,119.44443428427493,BC
7kg_10bpm,12BC,Force_Vertical,postRiCTO,81.99021073931847,63.53967116739573,43.262362454368414,89.30243674015983,112.97816071152847,BC
7kg_10bpm,12BC,Moment_AxialRotation,postRiCTO,3.1077468420058043,4.452215547498658,0.8427352548450477,1.626832211877106,3.9026219387394407,BC
7kg_10bpm,12BC,Moment_FlexionExtension,postRiCTO,0.4442729624112264,0.7234524153608901,0.2279861298090193,0.18719648715326573,0.42404349564235355,BC
7kg_10bpm,12BC,Moment_LateralBending,postRiCTO,0.8084303158261017,1.0051222112844036,0.2582169364882895,0.5992996716472399,1.0760835071191008,BC
7kg_10bpm,13BC,Force_AP,postRiCTO,21.406738517235276,27.666310519381003,15.934930711255634,11.209115191920185,26.06081526607676,BC
7kg_10bpm,13BC,Force_ML,postRiCTO,2.977822629155868,5.307844372566411,0.7532011583431673,1.084999566577171,2.3831660461155875,BC
7kg_10bpm,13BC,Force_Resultant,postRiCTO,72.87646840916922,102.9045423742116,49.23220247896742,33.621833513614966,83.85412864296096,BC
7kg_10bpm,13BC,Force_Vertical,postRiCTO,69.87367917765326,99.29451835752992,46.7757116013085,31.886299192152027,80.02711536341708,BC
7kg_10bpm,13BC,Moment_AxialRotation,postRiCTO,2.846607891325095,5.112033851264559,1.2409414945902448,1.521386042627303,1.6259292098093177,BC
7kg_10bpm,13BC,Moment_FlexionExtension,postRiCTO,0.48499498115035555,0.8154594477449763,0.21323921503836854,0.0978474487123634,0.4705460568354604,BC
7kg_10bpm,13BC,Moment_LateralBending,postRiCTO,0.7293935607822593,1.2180542785605342,0.31303447381539456,0.3880926279101045,0.6332742824979636,BC
7kg_10bpm,1BC,Force_AP,postRiCTO,38.07283815230189,35.247366605881844,19.148656340015606,29.52001150789902,56.97221563369228,BC
7kg_10bpm,1BC,Force_ML,postRiCTO,4.648381438111198,4.709446847458814,1.793132236637713,3.1323506208023186,7.077066478430126,BC
7kg_10bpm,1BC,Force_Resultant,postRiCTO,117.0294020093181,119.80567907912967,59.06410612157212,79.24586696688786,173.23139863826225,BC
7kg_10bpm,1BC,Force_Vertical,postRiCTO,111.29265598164734,114.82401860509398,56.09216308541696,74.29774590147605,164.63427492286007,BC
7kg_10bpm,1BC,Moment_AxialRotation,postRiCTO,3.781783471284979,5.396302992383812,1.8489464248149081,1.8336207237158464,4.586640982013154,BC
7kg_10bpm,1BC,Moment_FlexionExtension,postRiCTO,0.5721003953879075,0.6018709031710592,0.3598161025627501,0.11869592686134245,0.8860470063212335,BC
7kg_10bpm,1BC,Moment_LateralBending,postRiCTO,1.1084042408381571,1.3225712362844024,0.404344050313783,0.5956887510094396,1.6100192213156757,BC
7kg_10bpm,2BC,Force_AP,postRiCTO,29.53555336102231,28.12955239828352,22.34619984149737,32.60100461321542,33.55305412251058,BC
7kg_10bpm,2BC,Force_ML,postRiCTO,4.008299352825401,4.422000675445513,1.7155336514995625,1.7358997710446677,6.154893273565071,BC
7kg_10bpm,2BC,Force_Resultant,postRiCTO,94.32793581334425,107.74273943630159,70.94677735156823,89.96318888906548,103.82876901101486,BC
7kg_10bpm,2BC,Force_Vertical,postRiCTO,89.98194078025507,104.1292365576091,67.57322324640637,84.59399943945957,98.76976679401615,BC
7kg_10bpm,2BC,Moment_AxialRotation,postRiCTO,4.032899007843045,4.817332104081139,1.9695590815754713,1.2669884030190894,5.965973824042931,BC
7kg_10bpm,2BC,Moment_FlexionExtension,postRiCTO,0.6018317449943688,1.115796326969035,0.33956021422522925,0.11108273224093058,0.295237680226918,BC
7kg_10bpm,2BC,Moment_LateralBending,postRiCTO,1.1165810824912148,1.371725388676282,0.39002496860019675,0.41876994312325094,1.6489405410765243,BC
7kg_10bpm,3BC,Force_AP,postRiCTO,29.13728311810635,26.854178030373205,19.344465500520435,19.99404192148834,43.13181256304832,BC
7kg_10bpm,3BC,Force_ML,postRiCTO,3.5625159459548783,3.176904174431283,0.7032904888488304,2.3038652581444974,5.83248590311438,BC
7kg_10bpm,3BC,Force_Resultant,postRiCTO,96.02382723577736,109.68600675803181,62.824679785943175,56.87071562311138,131.7007309705046,BC
7kg_10bpm,3BC,Force_Vertical,postRiCTO,91.88617490758514,106.5231710283948,59.95702449731247,53.68473369293444,125.13806966229629,BC
7kg_10bpm,3BC,Moment_AxialRotation,postRiCTO,3.0933451689685163,4.188947535600511,1.7013734715093456,1.838500949234179,3.7769352941691636,BC
7kg_10bpm,3BC,Moment_FlexionExtension,postRiCTO,0.5965798517042098,0.9351587148884469,0.33505019709280687,0.12774524314203442,0.6465641996701356,BC
7kg_10bpm,3BC,Moment_LateralBending,postRiCTO,1.0027141684758716,1.35505668714919,0.4033343814098554,0.5039454739676378,1.3189236409372318,BC
7kg_10bpm,4BC,Force_AP,postRiCTO,30.290463968027648,36.48241818331076,23.21898387324182,12.755653365597038,40.119467944770975,BC
7kg_10bpm,4BC,Force_ML,postRiCTO,4.186279919168354,7.5481816554753305,1.4466077033781424,1.5589390434578665,2.9908104021783655,BC
7kg_10bpm,4BC,Force_Resultant,postRiCTO,102.61438123532021,136.05312259668668,73.5414063296714,39.38139966360102,128.1163388891116,BC
7kg_10bpm,4BC,Force_Vertical,postRiCTO,98.31184757277627,131.17782483746058,70.05880963985454,37.45409758300117,122.19474645881819,BC
7kg_10bpm,4BC,Moment_AxialRotation,postRiCTO,3.888684133653208,6.537487993607678,2.0626736166317583,2.4048167554391187,2.8277159161258383,BC
7kg_10bpm,4BC,Moment_FlexionExtension,postRiCTO,0.5868442417315464,1.0033092445673226,0.38196032911741495,0.07745213858005405,0.4731219306898456,BC
7kg_10bpm,4BC,Moment_LateralBending,postRiCTO,1.084865676643078,1.6613220809906186,0.4228116909143426,0.563567294506932,1.2003375361381112,BC
7kg_10bpm,5BC,Force_AP,postRiCTO,36.79828585195261,38.91637545141742,19.584960543522815,18.9485361576386,55.58705871068525,BC
7kg_10bpm,5BC,Force_ML,postRiCTO,3.800699134914336,6.236312980071146,2.1408901170408496,0.8094923869672502,3.6988537998426594,BC
7kg_10bpm,5BC,Force_Resultant,postRiCTO,121.03024688111265,142.9312355572423,61.28351713000939,52.114874679576666,176.17257637755156,BC
7kg_10bpm,5BC,Force_Vertical,postRiCTO,115.59983833179861,137.72732863271133,58.270104013592885,48.97895355868694,167.6324488635881,BC
7kg_10bpm,5BC,Moment_AxialRotation,postRiCTO,3.430476278653979,6.145700340511161,2.1441324009359084,1.6108081986767704,1.5755820696529752,BC
7kg_10bpm,5BC,Moment_FlexionExtension,postRiCTO,0.8290176874136855,1.3926392722217469,0.43573570715650733,0.08450696018517986,0.7845386578426279,BC
7kg_10bpm,5BC,Moment_LateralBending,postRiCTO,1.0834163287173253,1.8901620011850842,0.48028143580429633,0.38289148588473093,0.8727316006881598,BC
7kg_10bpm,6BC,Force_AP,postRiCTO,30.990986870487053,31.800149004572546,21.942937651527473,11.312653163357236,46.610751157745206,BC
7kg_10bpm,6BC,Force_ML,postRiCTO,3.7887155841541027,6.7660743266564785,1.6472029877910805,2.134263871689029,2.1802249334221693,BC
7kg_10bpm,6BC,Force_Resultant,postRiCTO,99.65331527327989,113.68378063755397,69.38905497300226,36.00627292919754,142.3871675062649,BC
7kg_10bpm,6BC,Force_Vertical,postRiCTO,95.07013884163165,109.36009898661283,66.06113476502347,34.33824061675963,135.20653326835384,BC
7kg_10bpm,6BC,Moment_AxialRotation,postRiCTO,3.668173888247918,6.171610853862114,1.9453008755169956,2.959546155196947,1.893391648535942,BC
7kg_10bpm,6BC,Moment_FlexionExtension,postRiCTO,0.5820376405371243,0.8311208592113909,0.3391730700247561,0.22135253336109462,0.7028956417621122,BC
7kg_10bpm,6BC,Moment_LateralBending,postRiCTO,0.9849642099938133,1.4158990686002724,0.43096583690130824,0.7161542049314381,1.0813300167784616,BC
7kg_10bpm,7BC,Force_AP,postRiCTO,36.86283297131629,23.35083442984243,20.419690943398493,7.672782802711838,65.55041889601003,BC
7kg_10bpm,7BC,Force_ML,postRiCTO,2.962264125818284,5.283617486583273,1.3761725676277377,1.0041221127406814,2.1104842355328013,BC
7kg_10bpm,7BC,Force_Resultant,postRiCTO,122.44211434123073,95.53680249454351,61.62708487940603,21.778106239329507,212.96556280614516,BC
7kg_10bpm,7BC,Force_Vertical,postRiCTO,117.0583155305532,92.73505356264437,58.42522756361739,20.574131920662676,203.15329241870063,BC
7kg_10bpm,7BC,Moment_AxialRotation,postRiCTO,3.1365526858697397,5.132210414426846,2.1410949137239315,1.7573237515940856,2.3479351770703993,BC
7kg_10bpm,7BC,Moment_FlexionExtension,postRiCTO,0.7607063130272921,0.8102847914469204,0.24388357803210703,0.11698359777215624,1.2434897920592771,BC
7kg_10bpm,7BC,Moment_LateralBending,postRiCTO,1.0519043471475682,1.273211518673593,0.481210529680954,0.4292691765969602,1.5296329251963556,BC
7kg_10bpm,8BC,Force_AP,postRiCTO,24.770605685815088,18.690809483115967,14.94299487222307,27.436136614430414,33.303584543719694,BC
7kg_10bpm,8BC,Force_ML,postRiCTO,2.5797931055025543,3.865673789521549,0.6532875137738522,1.4362204477590534,3.015121436876079,BC
7kg_10bpm,8BC,Force_Resultant,postRiCTO,78.14819938082083,71.41070945138809,48.231464785365574,74.82033679070314,105.83461104727866,BC
7kg_10bpm,8BC,Force_Vertical,postRiCTO,74.53709553594852,69.29083323945144,46.01201855515037,70.28236531380483,100.8969833139884,BC
7kg_10bpm,8BC,Moment_AxialRotation,postRiCTO,2.6360593953897693,4.21015423137252,0.9674324353190884,1.1463615999778276,2.79038869341926,BC
7kg_10bpm,8BC,Moment_FlexionExtension,postRiCTO,0.5617847403615215,0.819877248913259,0.2511189939277608,0.222685397515391,0.6865354934581358,BC
7kg_10bpm,8BC,Moment_LateralBending,postRiCTO,0.8522029521006796,1.0917834294357167,0.2830047717902045,0.5350862875739909,1.150104254615082,BC
7kg_10bpm,9BC,Force_AP,postRiCTO,17.87616385910362,19.96125687216776,16.086412552500782,9.070591383540378,23.02822586334403,BC
7kg_10bpm,9BC,Force_ML,postRiCTO,1.8776969780255663,2.549588498309376,0.7329208332247004,0.6000434258755352,2.5657483222725412,BC
7kg_10bpm,9BC,Force_Resultant,postRiCTO,56.51898160244439,69.40618634180181,49.947741211933916,28.613409217743463,67.75687727665903,BC
7kg_10bpm,9BC,Force_Vertical,postRiCTO,53.90532854799446,66.69035034036025,47.46357804076915,27.232999119361246,64.28107488059084,BC
7kg_10bpm,9BC,Moment_AxialRotation,postRiCTO,1.6902914559280933,2.2757161220914255,1.1206353429051374,0.7438137040990053,2.092720433581096,BC
7kg_10bpm,9BC,Moment_FlexionExtension,postRiCTO,0.4080557546833775,0.5933084560234585,0.25892842496205687,0.12535582723876637,0.47830373256909015,BC
7kg_10bpm,9BC,Moment_LateralBending,postRiCTO,0.5352414082422542,0.6659735375188465,0.3062473497401171,0.2527994774620747,0.731290368569609,BC
7kg_10bpm,10CA,Force_AP,postRiCTO,33.78194131868415,60.36510195942303,9.590368909706804,12.035683738103273,26.489268980515522,CA
7kg_10bpm,10CA,Force_ML,postRiCTO,5.96437260953702,8.363744331419268,5.539891937315621,5.805634256282197,3.0015862938167484,CA
7kg_10bpm,10CA,Force_Resultant,postRiCTO,119.22592003781382,179.49728441100123,35.3171813046628,63.65270633726889,138.36138372142028,CA
7kg_10bpm,10CA,Force_Vertical,postRiCTO,114.75568102765394,170.018862001346,34.2080206049288,62.53209428942955,135.92756498423566,CA
7kg_10bpm,10CA,Moment_AxialRotation,postRiCTO,2.6784763088007435,4.191125215216604,2.7959040343644617,1.7468413436489394,0.7271163684631812,CA
7kg_10bpm,10CA,Moment_FlexionExtension,postRiCTO,0.801533005897383,1.5524114418845305,0.21180420387769833,0.12281788001778363,0.34750803425543186,CA
7kg_10bpm,10CA,Moment_LateralBending,postRiCTO,0.8267501781526496,0.42070384815239614,0.8542910559995186,1.2362624999339158,0.5600945641576505,CA
7kg_10bpm,11CA,Force_AP,postRiCTO,29.10284794474435,48.89732517550058,4.952103704327219,11.952465351322761,28.813873793842994,CA
7kg_10bpm,11CA,Force_ML,postRiCTO,4.479762701191815,4.104581020730204,4.1572463694301955,6.318311792772968,2.598905048237405,CA
7kg_10bpm,11CA,Force_Resultant,postRiCTO,111.921706851505,156.4400530956205,26.68876549602897,55.067517077861226,146.72292288336672,CA
7kg_10bpm,11CA,Force_Vertical,postRiCTO,108.3133116186476,149.16225807497366,26.522588246942536,53.839211083176956,143.9313313259279,CA
7kg_10bpm,11CA,Moment_AxialRotation,postRiCTO,2.323161796409831,3.107737537328829,2.5515513894364727,2.0635725862847667,1.150847198706191,CA
7kg_10bpm,11CA,Moment_FlexionExtension,postRiCTO,0.42004716068593445,0.7438473040179343,0.30631948357166633,0.1390231382567126,0.21110556693860102,CA
7kg_10bpm,11CA,Moment_LateralBending,postRiCTO,0.8720182220230769,0.8571882950485052,0.6093161807284604,1.221083346370295,0.6758166209043561,CA
7kg_10bpm,12CA,Force_AP,postRiCTO,22.532782013836584,42.067356352836924,5.622205948927994,5.783811367606825,14.427869917109835,CA
7kg_10bpm,12CA,Force_ML,postRiCTO,13.87984893804183,24.60459903563722,10.14023626549126,7.585767821805589,3.474118006824045,CA
7kg_10bpm,12CA,Force_Resultant,postRiCTO,88.59807284812686,150.49187876771074,13.232408801203846,30.76169732619164,87.39430181872831,CA
7kg_10bpm,12CA,Force_Vertical,postRiCTO,86.16570816831114,145.3803339244763,14.331829694210114,30.2694055399848,86.25776710307112,CA
7kg_10bpm,12CA,Moment_AxialRotation,postRiCTO,1.3878706158782483,1.3175127618025178,1.5015880516252973,1.6854821477335453,0.9559178809400567,CA
7kg_10bpm,12CA,Moment_FlexionExtension,postRiCTO,0.5241611318930526,0.7089494976897013,0.7191538894836681,0.11628495178627656,0.27149066316148357,CA
7kg_10bpm,12CA,Moment_LateralBending,postRiCTO,1.3850380776071551,1.9291156945594063,1.0356120165541896,1.5479337188022197,0.7337841297998972,CA
7kg_10bpm,13CA,Force_AP,postRiCTO,19.475249819312616,32.306314094385634,5.365191271348749,11.400448293785493,17.80933763499115,CA
7kg_10bpm,13CA,Force_ML,postRiCTO,5.5850793585297565,7.8926903513387785,4.905798200143568,5.197626116647516,3.4867104856042,CA
7kg_10bpm,13CA,Force_Resultant,postRiCTO,77.58670957926734,108.65865664326138,24.797010425133042,56.64438663577364,91.40671993159131,CA
7kg_10bpm,13CA,Force_Vertical,postRiCTO,75.2842855739966,104.06090106184519,24.43927903768442,55.54765858399366,89.79737714536776,CA
7kg_10bpm,13CA,Moment_AxialRotation,postRiCTO,1.9732809973137013,2.8330282584841564,2.088382382212717,1.5872359488350136,0.890331101025481,CA
7kg_10bpm,13CA,Moment_FlexionExtension,postRiCTO,0.32961544300700524,0.525010231313372,0.1889818562944853,0.17724916104485555,0.3040813159878683,CA
7kg_10bpm,13CA,Moment_LateralBending,postRiCTO,0.9052260557919164,0.5945455622602639,0.9682654522633701,1.202225011836621,0.7430102663166509,CA
7kg_10bpm,1CA,Force_AP,postRiCTO,30.517282520871852,45.38827699059107,10.304760943835948,5.857693182399502,38.753088653951124,CA
7kg_10bpm,1CA,Force_ML,postRiCTO,14.346160415643597,27.673338963645477,5.931900714192416,5.286767428687916,1.5599316144654893,CA
7kg_10bpm,1CA,Force_Resultant,postRiCTO,122.85318745869124,162.19325614305185,48.656620682331656,27.508237121630657,174.1587381521578,CA
7kg_10bpm,1CA,Force_Vertical,postRiCTO,119.1066096093952,155.75923930793505,47.717899327716054,26.94383670336297,169.98044091767864,CA
7kg_10bpm,1CA,Moment_AxialRotation,postRiCTO,2.5765536254184322,3.8890095772283932,2.9484316986202557,1.577527209927738,0.7028940249675333,CA
7kg_10bpm,1CA,Moment_FlexionExtension,postRiCTO,0.8353380078425607,1.6193957078865768,0.16190918935731496,0.08616166431530137,0.39587908041419945,CA
7kg_10bpm,1CA,Moment_LateralBending,postRiCTO,1.1354930832623829,1.8382862648097837,0.7057694226727166,1.11023458721198,0.30841443493367654,CA
7kg_10bpm,3CA,Force_AP,postRiCTO,26.37564149609856,40.69878720626582,6.440118763047786,5.369813050654507,32.282162465010806,CA
7kg_10bpm,3CA,Force_ML,postRiCTO,4.3401700122188585,5.3242679247811875,3.5548566952243483,5.2357138887794425,2.7217519431532544,CA
7kg_10bpm,3CA,Force_Resultant,postRiCTO,100.89932725438233,135.91390139114912,37.793353926353234,28.262058650814176,140.15874852499184,CA
7kg_10bpm,3CA,Force_Vertical,postRiCTO,97.60706665764849,130.0117772688653,37.65333304831124,27.76124914566875,136.57246861915397,CA
7kg_10bpm,3CA,Moment_AxialRotation,postRiCTO,2.1811143541801443,3.3600136626856774,2.1025512108323388,1.6133033507654027,0.9334430619430828,CA
7kg_10bpm,3CA,Moment_FlexionExtension,postRiCTO,0.6942863470048147,1.2912443655800996,0.29113038493261884,0.13417952957844886,0.41294254697162475,CA
7kg_10bpm,3CA,Moment_LateralBending,postRiCTO,0.6246815947175258,0.30252370283541524,0.4114855802945953,1.0479766986621486,0.4572296683455866,CA
7kg_10bpm,5CA,Force_AP,postRiCTO,18.9373604908286,34.62413642597047,2.625230658347101,5.212146448178695,14.409875903010377,CA
7kg_10bpm,5CA,Force_ML,postRiCTO,4.325875106326374,4.915402775142506,4.3450219916550035,5.44732087071338,1.6662960828656623,CA
7kg_10bpm,5CA,Force_Resultant,postRiCTO,68.29531106642023,113.99946889561903,20.558500255068914,28.507482006230127,66.59551168482605,CA
7kg_10bpm,5CA,Force_Vertical,postRiCTO,65.84498290867855,109.05427923599103,20.596672014388083,28.052744051947556,65.13044899212619,CA
7kg_10bpm,5CA,Moment_AxialRotation,postRiCTO,1.835160153454473,2.6643858717923417,1.8851205768858075,1.5526481045394753,0.7223198917951797,CA
7kg_10bpm,5CA,Moment_FlexionExtension,postRiCTO,0.3722611915388424,0.6686710338597132,0.21346417545549465,0.05685183807351234,0.24794671704758628,CA
7kg_10bpm,5CA,Moment_LateralBending,postRiCTO,0.7270494359211271,0.45335689451259403,0.6707980981764946,1.1437297413390788,0.4065890961601545,CA
7kg_10bpm,6CA,Force_AP,postRiCTO,19.65065826468916,31.892398447777953,1.9835194455340113,4.0153417592719505,22.422023388877292,CA
7kg_10bpm,6CA,Force_ML,postRiCTO,6.136440049629912,9.06173488912353,4.636849218622562,6.561670206743999,2.2910561914013394,CA
7kg_10bpm,6CA,Force_Resultant,postRiCTO,83.92359729596421,107.58266495586594,19.734123239365434,21.191903170930086,124.19682487218644,CA
7kg_10bpm,6CA,Force_Vertical,postRiCTO,81.76819132898781,103.14816814383788,20.0324404588034,20.892365264125328,122.21613794394138,CA
7kg_10bpm,6CA,Moment_AxialRotation,postRiCTO,1.9886658419676444,2.3499725071200888,2.5428265526218192,1.8557989169463578,0.723926072111274,CA
7kg_10bpm,6CA,Moment_FlexionExtension,postRiCTO,0.272737780214675,0.41996703651859657,0.20540674980042273,0.07302988703722466,0.2714303527850106,CA
7kg_10bpm,6CA,Moment_LateralBending,postRiCTO,0.8623524142897676,0.7554296311169441,0.6560103038971228,1.3353065524354804,0.46023173282703456,CA
7kg_10bpm,7CA,Force_AP,postRiCTO,24.642677246220938,39.630064380406196,3.7840548372152885,4.259252002830014,28.59421552063784,CA
7kg_10bpm,7CA,Force_ML,postRiCTO,5.356981757489933,6.0512588924956905,5.638841843118833,6.510824370211444,2.22135588507156,CA
7kg_10bpm,7CA,Force_Resultant,postRiCTO,92.58354824613129,121.45091838863307,25.04947314019256,23.33251375839586,134.11932932768107,CA
7kg_10bpm,7CA,Force_Vertical,postRiCTO,89.52894034620222,115.45005777733478,24.967142255596713,22.991713172119294,131.1987957871776,CA
7kg_10bpm,7CA,Moment_AxialRotation,postRiCTO,2.5716931494265864,4.053155096415511,2.5722961808857967,1.734573555795873,0.7999083764586218,CA
7kg_10bpm,7CA,Moment_FlexionExtension,postRiCTO,0.4470050864018043,0.7671835750216653,0.2163109265756956,0.09027192297566203,0.3967859529421745,CA
7kg_10bpm,7CA,Moment_LateralBending,postRiCTO,0.9115723147300964,0.7284364376075586,0.7934782750025714,1.3923291306189571,0.4983502386946066,CA
7kg_10bpm,8CA,Force_AP,postRiCTO,22.7839496778081,33.542847069467065,11.619856971172682,7.367315511341664,27.434831573423185,CA
7kg_10bpm,8CA,Force_ML,postRiCTO,6.592413037921674,8.999656897726807,6.465680718920056,6.868228549748504,2.321848606454073,CA
7kg_10bpm,8CA,Force_Resultant,postRiCTO,83.37419724029166,100.79269159416526,13.85860404164002,33.850296131497245,126.28572304767575,CA
7kg_10bpm,8CA,Force_Vertical,postRiCTO,80.64802546741784,95.91814832948737,11.900000498805044,33.160267620325506,123.3938179015126,CA
7kg_10bpm,8CA,Moment_AxialRotation,postRiCTO,2.0928181906162795,2.7061964467770645,2.4453789767185135,1.9499806314385004,0.7525248678139765,CA
7kg_10bpm,8CA,Moment_FlexionExtension,postRiCTO,0.4521221525725305,0.5809961178922102,0.6124020124180675,0.12020788228462108,0.3082077412518591,CA
7kg_10bpm,8CA,Moment_LateralBending,postRiCTO,1.0017969544513723,0.8785514140434503,1.0597922424344284,1.3916136320516062,0.46298753114575497,CA
7kg_10bpm,9CA,Force_AP,postRiCTO,27.516920867720057,28.203117159628633,7.263933099085805,18.81862982951303,42.252555717821494,CA
7kg_10bpm,9CA,Force_ML,postRiCTO,7.876350482188267,12.888494105433193,7.333838956399018,4.8076637137844065,2.7062887980482015,CA
7kg_10bpm,9CA,Force_Resultant,postRiCTO,117.47940038082936,81.2003989673979,10.734770881880937,94.33363211653305,196.4838028880937,CA
7kg_10bpm,9CA,Force_Vertical,postRiCTO,114.58541679198939,77.44227194948023,10.295965156748295,92.48541665894834,192.12275472249394,CA
7kg_10bpm,9CA,Moment_AxialRotation,postRiCTO,2.086382791286065,3.374427037802761,1.9227280165747096,1.3849670723490362,0.749562489378622,CA
7kg_10bpm,9CA,Moment_FlexionExtension,postRiCTO,0.5701208962309401,0.8121829451509014,0.58766411891206,0.1996539292501787,0.507918938692421,CA
7kg_10bpm,9CA,Moment_LateralBending,postRiCTO,1.1096928305625546,1.2096327681803707,1.4536760203919612,1.0098596714436112,0.6034575679822879,CA
7kg_16bpm,10AB,Force_AP,postRiCTO,28.36664990812413,22.119583199556395,24.794562990534565,31.284166562293933,33.51389764551309,AB
7kg_16bpm,10AB,Force_ML,postRiCTO,6.788169361457188,9.429262554268254,3.4256710234399326,4.630379407039561,7.849149581520075,AB
7kg_16bpm,10AB,Force_Resultant,postRiCTO,91.12669139178665,109.59470134930599,65.85482641795944,71.24568119426992,107.97370885561037,AB
7kg_16bpm,10AB,Force_Vertical,postRiCTO,87.55905871375214,107.73450704894792,62.92697240915453,65.58446497357134,103.33463513086798,AB
7kg_16bpm,10AB,Moment_AxialRotation,postRiCTO,3.0201879257504842,3.464188815988017,0.767826203232319,1.4186768182840426,4.625202353759036,AB
7kg_16bpm,10AB,Moment_FlexionExtension,postRiCTO,0.6981629280395225,0.47530776682561493,0.9336347822015217,0.5347708039342497,0.7504178085193525,AB
7kg_16bpm,10AB,Moment_LateralBending,postRiCTO,1.2067612544358142,2.3198332907112675,0.24131619248599614,0.16758054817504342,0.6319981805775333,AB
7kg_16bpm,1AB,Force_AP,postRiCTO,45.82208935389639,25.930954766352716,7.719171369228648,58.38700236639567,64.61126344770041,AB
7kg_16bpm,1AB,Force_ML,postRiCTO,5.543968196192416,2.7209646828380887,3.575683355104734,7.432888144116371,6.84546244657847,AB
7kg_16bpm,1AB,Force_Resultant,postRiCTO,146.40780657893674,138.48209370961948,21.97416572043438,146.0961676943385,209.38129712649933,AB
7kg_16bpm,1AB,Force_Vertical,postRiCTO,139.82240569377842,136.12411110416843,21.193786280452127,135.89726547482684,199.84661372250218,AB
7kg_16bpm,1AB,Moment_AxialRotation,postRiCTO,2.95039696941634,2.3431861501980347,1.692122789900943,2.3355685128083157,4.531819303870058,AB
7kg_16bpm,1AB,Moment_FlexionExtension,postRiCTO,0.7994566482335572,0.31450322286049426,0.30395152032685624,0.8295434896092564,1.2795160450281209,AB
7kg_16bpm,1AB,Moment_LateralBending,postRiCTO,0.9246754290937851,1.0587874862227762,0.7557316634295924,0.5547728882674665,1.1825515670156688,AB
7kg_16bpm,2AB,Force_AP,postRiCTO,33.462140949792854,28.18058712684089,11.664917188496588,21.26558620963113,54.95808859578081,AB
7kg_16bpm,2AB,Force_ML,postRiCTO,8.221775137377515,5.939413500482374,10.351079857432811,6.68987278384779,9.089214037171136,AB
7kg_16bpm,2AB,Force_Resultant,postRiCTO,112.97537260333183,140.37834645151892,33.365767500768655,46.95983634102764,165.65631657338207,AB
7kg_16bpm,2AB,Force_Vertical,postRiCTO,108.47063293915926,137.58766733709558,31.918388834860373,43.41930865337344,157.198312577441,AB
7kg_16bpm,2AB,Moment_AxialRotation,postRiCTO,3.830836912680429,3.3468301608633477,2.4438581207728416,2.244474983449242,5.970832604678898,AB
7kg_16bpm,2AB,Moment_FlexionExtension,postRiCTO,0.5628006827033242,0.32333699732210536,0.6317729617811346,0.7878662910360498,0.38634260965629885,AB
7kg_16bpm,2AB,Moment_LateralBending,postRiCTO,1.3239602389665068,1.64263717730389,1.690189378524831,0.5042587435897474,1.1060688243668921,AB
7kg_16bpm,3AB,Force_AP,postRiCTO,48.62357535226039,25.44049929881012,12.786570402509133,67.86648656189342,63.05524910943114,AB
7kg_16bpm,3AB,Force_ML,postRiCTO,9.726030256535896,6.981193762147525,11.986078844237243,12.772859425832428,5.059016557407998,AB
7kg_16bpm,3AB,Force_Resultant,postRiCTO,143.29637287007043,119.47181312031196,36.27201609159045,163.16276718359154,197.9352410934025,AB
7kg_16bpm,3AB,Force_Vertical,postRiCTO,135.93623615589502,117.05055280094516,34.69440341466857,151.17858353563759,188.34882214050933,AB
7kg_16bpm,3AB,Moment_AxialRotation,postRiCTO,4.052494449070169,3.5084444435868365,2.560426175257982,5.078785198271831,4.566677990797674,AB
7kg_16bpm,3AB,Moment_FlexionExtension,postRiCTO,0.7767313596767543,0.6261433007128367,0.6573930014192092,1.1064117338305055,0.6115954612300313,AB
7kg_16bpm,3AB,Moment_LateralBending,postRiCTO,1.4541767513123025,1.7668770842404031,1.6987989467530304,0.8713137117145996,1.3068404428040263,AB
7kg_16bpm,4AB,Force_AP,postRiCTO,43.33924379385964,25.80963650664032,7.71213429711876,51.57657547825435,63.5680610608212,AB
7kg_16bpm,4AB,Force_ML,postRiCTO,7.214321031826707,6.179916530038666,4.318874225255659,10.30238060128445,6.742836652949528,AB
7kg_16bpm,4AB,Force_Resultant,postRiCTO,145.55875799348993,146.48608426129675,21.55309160471602,122.50437834550348,216.32167740922512,AB
7kg_16bpm,4AB,Force_Vertical,postRiCTO,139.68131703736654,144.41928292731902,20.72159896580469,113.51669225078594,207.2056827578778,AB
7kg_16bpm,4AB,Moment_AxialRotation,postRiCTO,3.3312421313308405,2.1760684827941823,1.1409297024737968,2.7900895254269025,5.4606097616706295,AB
7kg_16bpm,4AB,Moment_FlexionExtension,postRiCTO,0.8577282425202096,0.43238177160942437,0.3415673564733607,1.106491125892841,1.1784417655074428,AB
7kg_16bpm,4AB,Moment_LateralBending,postRiCTO,1.0916717122348203,1.5277218824968835,0.7021317454123057,0.6222656900356069,1.240549144491882,AB
7kg_16bpm,5AB,Force_AP,postRiCTO,50.16295757160596,26.325047768459374,8.913445425040813,48.51834048612711,82.27215114935248,AB
7kg_16bpm,5AB,Force_ML,postRiCTO,6.331749928317529,7.211081309086718,1.8628043048626983,7.429713189542256,7.023141644554392,AB
7kg_16bpm,5AB,Force_Resultant,postRiCTO,168.88311061645643,125.40582665126061,25.19978932514711,116.93773226919282,286.20661653045175,AB
7kg_16bpm,5AB,Force_Vertical,postRiCTO,161.8229458498927,122.91395823699177,24.4404431818695,108.37597733219012,274.4638146795216,AB
7kg_16bpm,5AB,Moment_AxialRotation,postRiCTO,3.469735184817321,2.585135631548828,0.47882495784268436,2.5923186599164243,5.801648960958647,AB
7kg_16bpm,5AB,Moment_FlexionExtension,postRiCTO,1.0155760219725603,0.4793077630829936,0.39595603335251345,0.9557531594264255,1.6602980495940363,AB
7kg_16bpm,5AB,Moment_LateralBending,postRiCTO,1.1676534317956975,1.7713881820580901,0.17746206317455004,0.36824905725590573,1.4555194965522136,AB
7kg_16bpm,6AB,Force_AP,postRiCTO,34.958074342340176,22.990933136148445,19.266050846676645,25.13520624277621,57.2243241953814,AB
7kg_16bpm,6AB,Force_ML,postRiCTO,6.821077040537971,10.570960219068697,1.521813631821998,4.9073551311242225,6.9216911412763,AB
7kg_16bpm,6AB,Force_Resultant,postRiCTO,121.4357512465427,107.02222415928237,48.76967245759136,58.48974156453793,201.73084006478686,AB
7kg_16bpm,6AB,Force_Vertical,postRiCTO,116.78400763810906,104.90912872959936,46.46239590012407,53.978060652966306,193.7019106132528,AB
7kg_16bpm,6AB,Moment_AxialRotation,postRiCTO,4.140764703088697,4.406483579352824,1.2031440424870299,2.321070336325379,6.431409252359364,AB
7kg_16bpm,6AB,Moment_FlexionExtension,postRiCTO,0.9248339910961013,0.5361491904694548,0.676995212587602,0.41391765357692745,1.5622893902798518,AB
7kg_16bpm,6AB,Moment_LateralBending,postRiCTO,1.5179036505358883,2.6895979508576016,0.3877160948422229,0.2273072428105362,1.3417689740248295,AB
7kg_16bpm,7AB,Force_AP,postRiCTO,60.70891540008137,61.26968288743449,7.7476628238706535,53.975373080777906,88.59138758828685,AB
7kg_16bpm,7AB,Force_ML,postRiCTO,9.770886100366527,4.512724720420281,2.5679749219103356,11.01805513385685,15.106765894352241,AB
7kg_16bpm,7AB,Force_Resultant,postRiCTO,219.83664017959816,346.08046963688247,28.98336523259708,132.009847966415,234.5359422021319,AB
7kg_16bpm,7AB,Force_Vertical,postRiCTO,212.26446053161536,340.73110216497923,28.283029057627758,122.61477553196065,219.47282987026466,AB
7kg_16bpm,7AB,Moment_AxialRotation,postRiCTO,4.284615059961966,0.9195880125591408,1.07161652141942,4.095897945665706,7.298289962616344,AB
7kg_16bpm,7AB,Moment_FlexionExtension,postRiCTO,2.125501693130272,0.47119993919272607,0.2704904154274259,0.8498734982378948,4.070798999884391,AB
7kg_16bpm,7AB,Moment_LateralBending,postRiCTO,0.5804838109288496,0.5777383031409093,0.5313837239523482,0.6418371693287532,0.5660415147373424,AB
7kg_16bpm,8AB,Force_AP,postRiCTO,54.098540258835264,25.61382135548447,16.46982032061426,75.46328250600446,70.72185824157931,AB
7kg_16bpm,8AB,Force_ML,postRiCTO,6.712609943274329,3.236543620972721,2.4871040962768953,11.827733640630443,4.950010666492563,AB
7kg_16bpm,8AB,Force_Resultant,postRiCTO,166.67623338161096,121.7362932992396,42.22338628384289,182.37292251665787,244.89535332879393,AB
7kg_16bpm,8AB,Force_Vertical,postRiCTO,158.8759686738967,119.26640944922255,40.59553968807579,169.23881519426263,235.05667440846383,AB
7kg_16bpm,8AB,Moment_AxialRotation,postRiCTO,2.674187630405219,1.2988906689784183,1.0910524528381318,2.926216211607527,4.096306423507036,AB
7kg_16bpm,8AB,Moment_FlexionExtension,postRiCTO,1.0800242529756425,0.4392147726823608,0.6709992257331111,1.3538548830623083,1.4664173445964035,AB
7kg_16bpm,8AB,Moment_LateralBending,postRiCTO,0.8781827927130701,0.6875224889763847,0.532142730301074,0.6234765745017309,1.3766885342514645,AB
7kg_16bpm,9AB,Force_AP,postRiCTO,33.06801478976798,22.247773458689426,19.460491769798278,34.97097288996627,47.24192079857514,AB
7kg_16bpm,9AB,Force_ML,postRiCTO,6.156407284482562,7.076993295674338,3.2997000775866288,2.6977340975647097,9.033688693398693,AB
7kg_16bpm,9AB,Force_Resultant,postRiCTO,104.50374427527854,114.48397647706435,49.420196301819495,81.94448026880012,144.97061059546292,AB
7kg_16bpm,9AB,Force_Vertical,postRiCTO,99.88514725042413,112.48028987412572,46.8469180103514,75.62435794327577,137.77685211908008,AB
7kg_16bpm,9AB,Moment_AxialRotation,postRiCTO,3.0044707395372803,2.7961456367523683,0.666430758744717,1.5560852064610857,4.979234758168823,AB
7kg_16bpm,9AB,Moment_FlexionExtension,postRiCTO,0.7656012724598965,0.4055696618987633,0.7020927074729001,0.6728558670732554,1.0997688164015043,AB
7kg_16bpm,9AB,Moment_LateralBending,postRiCTO,0.9722571063973253,1.7387859223688178,0.17025658631162616,0.14524953876231173,0.8466481772468734,AB
7kg_16bpm,10BC,Force_AP,postRiCTO,37.707201542793996,55.75748173956213,15.208250376224274,11.810664969057179,46.662928563716946,BC
7kg_16bpm,10BC,Force_ML,postRiCTO,4.438947621229513,7.2913215316062185,1.34941036792018,0.7888723740461091,4.803704153145909,BC
7kg_16bpm,10BC,Force_Resultant,postRiCTO,127.46724548241622,178.30537753281496,47.83555754664614,31.757276114382808,171.39680069833534,BC
7kg_16bpm,10BC,Force_Vertical,postRiCTO,122.072388601734,170.07538306195875,45.561041406045796,29.81408028530916,164.99538209491843,BC
7kg_16bpm,10BC,Moment_AxialRotation,postRiCTO,2.730346271912138,4.594158402255659,1.016141122695771,1.472270808812347,2.363776954048243,BC
7kg_16bpm,10BC,Moment_FlexionExtension,postRiCTO,0.9994531388787415,1.3494899653755283,0.16957665931096957,0.16097507226716523,1.4410833886641585,BC
7kg_16bpm,10BC,Moment_LateralBending,postRiCTO,1.2900774970352054,1.622581244660628,0.25413134971854445,0.3863633893150268,1.9308085403638227,BC
7kg_16bpm,1BC,Force_AP,postRiCTO,41.29191879806873,36.1328674195398,36.78538097635561,28.495151577091185,57.32472541357288,BC
7kg_16bpm,1BC,Force_ML,postRiCTO,3.166715074302074,5.608626262805067,1.7531796303599418,1.8894719378306868,1.5232269786841979,BC
7kg_16bpm,1BC,Force_Resultant,postRiCTO,134.9156370467668,136.72551239867613,106.73042426844736,84.01740237008488,187.0644493460563,BC
7kg_16bpm,1BC,Force_Vertical,postRiCTO,128.90381278412323,132.07595083067935,100.89174452289726,79.53547934195657,178.61735569122916,BC
7kg_16bpm,1BC,Moment_AxialRotation,postRiCTO,4.317132736995108,6.557867054040036,2.507301931158597,3.634674289403892,3.5072733787724535,BC
7kg_16bpm,1BC,Moment_FlexionExtension,postRiCTO,0.8772493488378866,1.20772571381737,0.275580761230415,0.19534792716235255,1.2154222788353175,BC
7kg_16bpm,1BC,Moment_LateralBending,postRiCTO,1.5117722544275842,1.804797210459696,0.5736361329791575,1.1287522047135827,2.050517450503083,BC
7kg_16bpm,2BC,Force_AP,postRiCTO,35.82162617918586,26.061977503812027,19.29556566228208,15.330163154906694,61.21779951516023,BC
7kg_16bpm,2BC,Force_ML,postRiCTO,3.1521648962434416,3.62977973095113,2.525561391497935,1.8938766240311509,4.0432148729576065,BC
7kg_16bpm,2BC,Force_Resultant,postRiCTO,127.00322047494775,103.71826233297709,59.22698423402597,44.01018878860344,216.97716656818173,BC
7kg_16bpm,2BC,Force_Vertical,postRiCTO,122.07896451071592,100.67848883797409,56.236677024141805,41.53733861978307,208.4400688402301,BC
7kg_16bpm,2BC,Moment_AxialRotation,postRiCTO,2.291196676819245,0.9378666531848422,1.741916230126815,2.1450731473515403,3.493552759193728,BC
7kg_16bpm,2BC,Moment_FlexionExtension,postRiCTO,1.1729154701512048,1.2533264159450137,0.18150724488893175,0.24364229523626704,1.9352048379962226,BC
7kg_16bpm,2BC,Moment_LateralBending,postRiCTO,1.1576383251499296,0.7336218429762095,0.33735842604519534,0.6408830686834244,2.0454847561757803,BC
7kg_16bpm,3BC,Force_AP,postRiCTO,33.59373468582278,43.81653434668052,17.75167072189228,15.254034262384957,44.84590651202967,BC
7kg_16bpm,3BC,Force_ML,postRiCTO,5.687765381342653,6.826220862646166,3.1947700231672163,1.50753351876877,8.29852993569452,BC
7kg_16bpm,3BC,Force_Resultant,postRiCTO,116.83366721409531,150.7083443198015,52.16285222079612,43.30643866852554,163.60427038867888,BC
7kg_16bpm,3BC,Force_Vertical,postRiCTO,112.18509423076999,144.67024684196144,49.37112379523511,40.86224796940209,157.53110129351703,BC
7kg_16bpm,3BC,Moment_AxialRotation,postRiCTO,2.5843778313239634,1.8019922916644608,1.6664573540411438,1.189134065452057,4.335109271699956,BC
7kg_16bpm,3BC,Moment_FlexionExtension,postRiCTO,1.0595662115944782,1.4223001375559783,0.1600996910483615,0.1400090227262567,1.54031007445008,BC
7kg_16bpm,3BC,Moment_LateralBending,postRiCTO,0.8136238721500151,0.8849442996576304,0.24599784151573392,0.34516789612824106,1.2828874978773102,BC
7kg_16bpm,4BC,Force_AP,postRiCTO,37.31831682766175,41.77368212081295,21.304816779362195,13.370639385964493,55.8898609622131,BC
7kg_16bpm,4BC,Force_ML,postRiCTO,3.821473126569154,6.558695221934876,2.960734888631332,1.3022253591969173,2.3039574485083976,BC
7kg_16bpm,4BC,Force_Resultant,postRiCTO,123.02359957434332,131.75549896184677,65.15690468522331,39.738523799661664,191.0510716113068,BC
7kg_16bpm,4BC,Force_Vertical,postRiCTO,117.6287253087075,125.73814834964189,61.934486608175355,37.664165390873194,183.01685718731164,BC
7kg_16bpm,4BC,Moment_AxialRotation,postRiCTO,2.3190718750138988,2.182215388609909,1.5379976894624516,1.9216536275285085,3.2384777497587693,BC
7kg_16bpm,4BC,Moment_FlexionExtension,postRiCTO,0.9315672901431314,1.0635273741532012,0.1685503207203836,0.12672085323186247,1.496928042843427,BC
7kg_16bpm,4BC,Moment_LateralBending,postRiCTO,1.0544525789480574,0.7943549864143526,0.2645174932821444,0.4906693454585138,1.8476154120775992,BC
7kg_16bpm,5BC,Force_AP,postRiCTO,41.62661376288447,45.66066837291283,25.205031070305264,18.949742742577094,61.4028932767485,BC
7kg_16bpm,5BC,Force_ML,postRiCTO,3.5311735878335484,5.558925486673361,3.5863867907099927,1.2753620808002917,2.189385207400726,BC
7kg_16bpm,5BC,Force_Resultant,postRiCTO,139.51506159416235,134.48951894473672,71.07337219473972,56.85406569895189,224.17615844408442,BC
7kg_16bpm,5BC,Force_Vertical,postRiCTO,133.52621073061883,127.41648667639012,67.02837172850909,53.90536973631769,215.72020069287802,BC
7kg_16bpm,5BC,Moment_AxialRotation,postRiCTO,1.9811281042194682,2.1947574675085297,1.5993600848338998,2.081183252579508,1.997650603488877,BC
7kg_16bpm,5BC,Moment_FlexionExtension,postRiCTO,1.120807460312868,0.9386513837570812,0.17437704942796609,0.22079674499559293,1.9891196469550554,BC
7kg_16bpm,5BC,Moment_LateralBending,postRiCTO,1.065412844185635,0.7483319358460008,0.22125114744812907,0.5723816305537905,1.873203962342116,BC
7kg_16bpm,6BC,Force_AP,postRiCTO,36.96097685591763,23.85349937735667,20.099413319866056,16.06732789868547,64.21092735026477,BC
7kg_16bpm,6BC,Force_ML,postRiCTO,4.7622364400054655,8.156956107678464,0.9850301575832634,0.8106961134858945,4.749422428055547,BC
7kg_16bpm,6BC,Force_Resultant,postRiCTO,134.4542559767126,123.99703349346258,63.064672902402265,51.92087911484083,221.41744143718256,BC
7kg_16bpm,6BC,Force_Vertical,postRiCTO,129.51887816961727,122.10997581008343,60.040477017393535,49.539984634850285,212.13577303889232,BC
7kg_16bpm,6BC,Moment_AxialRotation,postRiCTO,3.8962772526307345,7.066796264746864,1.1998788033486114,2.476161416635022,1.9166403958409286,BC
7kg_16bpm,6BC,Moment_FlexionExtension,postRiCTO,1.066676445727301,1.1704525674856339,0.3138576378221229,0.2011357442186916,1.723085640064706,BC
7kg_16bpm,6BC,Moment_LateralBending,postRiCTO,1.4485994625338734,1.7247443051102245,0.3097918474247717,0.7000949327572202,2.174337300879216,BC
7kg_16bpm,7BC,Force_AP,postRiCTO,45.38700897630122,24.021879062497703,22.0987538036315,35.05554849545271,76.13263025374864,BC
7kg_16bpm,7BC,Force_ML,postRiCTO,4.2052011307169375,4.784907338558964,3.0839970555291965,4.079721423062707,4.640096141889649,BC
7kg_16bpm,7BC,Force_Resultant,postRiCTO,143.42635520618114,94.17126202459093,70.10039441131369,100.73650748955352,238.53960003551776,BC
7kg_16bpm,7BC,Force_Vertical,postRiCTO,136.5935445347106,91.53713706796547,66.75730429807953,95.15331833675037,226.78301718807808,BC
7kg_16bpm,7BC,Moment_AxialRotation,postRiCTO,3.5635879932362626,3.397074962506131,1.6688116064848704,4.605156324135997,3.894286824831408,BC
7kg_16bpm,7BC,Moment_FlexionExtension,postRiCTO,0.9075950921101735,1.173410770297654,0.20103834025616824,0.4073698396837868,1.295185286177275,BC
7kg_16bpm,7BC,Moment_LateralBending,postRiCTO,1.5628391525735812,1.2212622349733613,0.3051900402423434,1.4034768983651456,2.46381382453731,BC
7kg_16bpm,8BC,Force_AP,postRiCTO,33.037956515440726,36.28896837967677,23.33510719465852,23.528821349016567,43.79436934491883,BC
7kg_16bpm,8BC,Force_ML,postRiCTO,3.1495092806281315,4.401978148869704,1.8218835609495667,2.2589182187704124,3.435536618526213,BC
7kg_16bpm,8BC,Force_Resultant,postRiCTO,120.61359570587067,133.84066008791035,69.96338571581731,68.48757371052712,173.4095809304637,BC
7kg_16bpm,8BC,Force_Vertical,postRiCTO,116.19104829937477,129.05426454964464,66.32002758608981,64.76906072107062,167.8285317830367,BC
7kg_16bpm,8BC,Moment_AxialRotation,postRiCTO,2.402823097114707,3.005585678653254,2.035185221979271,2.850883273475717,1.3943974777799986,BC
7kg_16bpm,8BC,Moment_FlexionExtension,postRiCTO,1.1311625152848066,1.3322895861522248,0.38612237656893006,0.18005089063340352,1.7576183993126433,BC
7kg_16bpm,8BC,Moment_LateralBending,postRiCTO,0.9890061505818701,1.4177751875050724,0.4691423631450815,0.6984302757910591,1.0891387303236515,BC
7kg_16bpm,9BC,Force_AP,postRiCTO,37.81299586685208,37.26860599070825,18.851426812343135,29.71102913287396,55.02982578074124,BC
7kg_16bpm,9BC,Force_ML,postRiCTO,3.894323753981355,4.711718772446106,1.8629404226101194,3.0700935031075662,5.016640135271312,BC
7kg_16bpm,9BC,Force_Resultant,postRiCTO,126.9650751880512,128.72647877406396,58.761285758596834,87.38793103116464,189.80070760397825,BC
7kg_16bpm,9BC,Force_Vertical,postRiCTO,121.5126594663926,123.50338062673134,55.93035824913292,82.68005030968938,181.96216317253504,BC
7kg_16bpm,9BC,Moment_AxialRotation,postRiCTO,3.846443099855169,3.364471912680172,1.6025776196391317,4.109752013480314,5.280070946859376,BC
7kg_16bpm,9BC,Moment_FlexionExtension,postRiCTO,1.0354133778502628,1.1702789933123903,0.2731497515237098,0.37583111625300325,1.6248650682904977,BC
7kg_16bpm,9BC,Moment_LateralBending,postRiCTO,1.530744855620372,1.0931976152255733,0.33904334819933973,1.2454015483423877,2.5201858161892905,BC
7kg_16bpm,10CA,Force_AP,postRiCTO,33.16876787870417,50.470065234169596,13.105911022921713,5.3770752481184,40.391950004385905,CA
7kg_16bpm,10CA,Force_ML,postRiCTO,9.325513559009767,15.637554958735915,6.413854202249835,6.485120531386005,4.764853452511044,CA
7kg_16bpm,10CA,Force_Resultant,postRiCTO,123.26161652866605,141.96678340085,54.90719722327559,19.83348942760346,190.6938401107601,CA
7kg_16bpm,10CA,Force_Vertical,postRiCTO,119.13476949954915,133.89852599339076,53.63791988105652,19.22114290489513,186.47747569708574,CA
7kg_16bpm,10CA,Moment_AxialRotation,postRiCTO,3.93969205590514,6.417173919307375,3.99072698739484,1.7041215022158311,1.6099115564539492,CA
7kg_16bpm,10CA,Moment_FlexionExtension,postRiCTO,0.6918415490989017,1.2827749761316645,0.26165162457101043,0.3084996497161176,0.34610394655730886,CA
7kg_16bpm,10CA,Moment_LateralBending,postRiCTO,1.0679026431306127,1.4514053519682315,0.36382286603904035,1.1168537290949647,1.0382001980412436,CA
7kg_16bpm,1CA,Force_AP,postRiCTO,35.88613891872025,62.101853419783446,9.290614397090351,23.09844906569496,26.426210789273938,CA
7kg_16bpm,1CA,Force_ML,postRiCTO,21.350149712143022,41.83908497618611,7.016762973274759,5.753333191849033,2.892943927247587,CA
7kg_16bpm,1CA,Force_Resultant,postRiCTO,154.61164028360082,252.44940233583145,46.14588842487912,106.32332098613425,136.61581193480174,CA
7kg_16bpm,1CA,Force_Vertical,postRiCTO,150.45426828826203,244.73234970450653,45.359433396285105,103.89036009286345,134.11676438378186,CA
7kg_16bpm,1CA,Moment_AxialRotation,postRiCTO,3.1230318921993625,5.317580334716732,2.66799522926774,1.798147586574869,0.8633855677252755,CA
7kg_16bpm,1CA,Moment_FlexionExtension,postRiCTO,1.1658120606202842,2.2854930544913357,0.2765039795225658,0.32546992097111554,0.28583906664527464,CA
7kg_16bpm,1CA,Moment_LateralBending,postRiCTO,1.6742611142701678,2.728775352268869,1.3603446810137472,1.2911483762557312,0.589091887796809,CA
7kg_16bpm,2CA,Force_AP,postRiCTO,29.710290163756145,47.951358487960114,18.043790572341237,10.91994394820108,28.11304592505627,CA
7kg_16bpm,2CA,Force_ML,postRiCTO,13.23237979943075,24.02377459914172,8.068661323600033,6.491447026932298,4.703048273255404,CA
7kg_16bpm,2CA,Force_Resultant,postRiCTO,120.08705410912071,152.4335434404817,84.27391626357088,50.36004462278863,156.236464208725,CA
7kg_16bpm,2CA,Force_Vertical,postRiCTO,116.73187118214214,145.66111073686042,82.59287136751966,49.33616075246763,153.72794979188004,CA
7kg_16bpm,2CA,Moment_AxialRotation,postRiCTO,4.517593513455892,7.426933708348595,4.611381344531474,1.7434134965613497,1.6948104683284482,CA
7kg_16bpm,2CA,Moment_FlexionExtension,postRiCTO,1.1001967337751457,2.1340338991184993,0.33117843092993626,0.41537143286924494,0.22751894091567607,CA
7kg_16bpm,2CA,Moment_LateralBending,postRiCTO,1.2239566068458514,1.8691348106010073,0.2725833223754913,1.1986471518046147,1.00358984995838,CA
7kg_16bpm,3CA,Force_AP,postRiCTO,26.1722320760962,28.065883019600374,18.866428171781642,8.060278742148313,38.71416906217855,CA
7kg_16bpm,3CA,Force_ML,postRiCTO,9.818529293940667,16.130347512069942,8.369793467001363,6.089551834666019,4.61456886020941,CA
7kg_16bpm,3CA,Force_Resultant,postRiCTO,125.29010264017064,84.50460304289611,80.88531419443507,36.41160241772738,215.7479763982218,CA
7kg_16bpm,3CA,Force_Vertical,postRiCTO,122.7689023905821,80.67923127395309,78.89784147312862,35.691808530395775,212.3218456102471,CA
7kg_16bpm,3CA,Moment_AxialRotation,postRiCTO,3.312574118729872,4.24296707331065,4.7896081585100285,1.5281816329340587,1.0062592854315666,CA
7kg_16bpm,3CA,Moment_FlexionExtension,postRiCTO,0.6788048818180666,1.047968960643619,0.7747390554579296,0.26270879673188136,0.3007360435708182,CA
7kg_16bpm,3CA,Moment_LateralBending,postRiCTO,1.0768732447220275,1.4000706872559792,0.5895608487153579,1.2293934225692629,0.9124260081131487,CA
7kg_16bpm,4CA,Force_AP,postRiCTO,39.08637222624699,58.61994036734781,27.590786304803355,6.425461758766476,43.11492132600127,CA
7kg_16bpm,4CA,Force_ML,postRiCTO,14.242261186602157,24.938267822305633,8.525091059816987,7.928200894005577,7.72302663411788,CA
7kg_16bpm,4CA,Force_Resultant,postRiCTO,156.55448789750295,165.96075863340246,103.81397776089189,34.96760203952468,239.13818513555407,CA
7kg_16bpm,4CA,Force_Vertical,postRiCTO,152.3802927503182,157.94256226681162,100.54836533201123,34.43249344426797,235.2706732277961,CA
7kg_16bpm,4CA,Moment_AxialRotation,postRiCTO,4.761130280281144,7.675452507287379,5.30516860974641,1.5650629295476135,1.4119590530418458,CA
7kg_16bpm,4CA,Moment_FlexionExtension,postRiCTO,1.092738613736686,2.106034775700828,0.5295279281848305,0.23968371180216771,0.22110568746494952,CA
7kg_16bpm,4CA,Moment_LateralBending,postRiCTO,1.5274618923180774,2.2849494827461823,0.5477344382849233,1.373870772376271,1.3927549036338314,CA
7kg_16bpm,5CA,Force_AP,postRiCTO,45.78131164560254,70.15213929081581,37.77851450493351,5.270677061104298,44.84194767186848,CA
7kg_16bpm,5CA,Force_ML,postRiCTO,24.83033243131688,46.620342251434884,15.39231662789203,6.161653109571126,6.39243536472853,CA
7kg_16bpm,5CA,Force_Resultant,postRiCTO,195.74384078938243,279.9290982951253,125.98105496391463,23.792537226490108,240.1874663801871,CA
7kg_16bpm,5CA,Force_Vertical,postRiCTO,190.87682641829693,272.02352408946143,121.34433591047583,23.29210251425092,236.01141272413747,CA
7kg_16bpm,5CA,Moment_AxialRotation,postRiCTO,4.637485958670367,6.159611177186612,6.619805829910721,1.645675894694138,1.5236806644521323,CA
7kg_16bpm,5CA,Moment_FlexionExtension,postRiCTO,1.1791280823385124,2.1695212066269627,0.8647049809779135,0.23775152271063238,0.31913811655561314,CA
7kg_16bpm,5CA,Moment_LateralBending,postRiCTO,1.913266788679263,3.2288136295835264,1.153737381408228,1.2488214338314239,1.190055120490919,CA
7kg_16bpm,6CA,Force_AP,postRiCTO,27.235719723542637,36.06245572043564,7.378973058517013,1.6335273120590807,39.70069178245741,CA
7kg_16bpm,6CA,Force_ML,postRiCTO,15.376097022968366,28.641427848720838,6.45861893472666,7.05680292165336,6.453293568224057,CA
7kg_16bpm,6CA,Force_Resultant,postRiCTO,124.04417144329719,96.69007201381456,44.10826346305094,11.785264154384697,220.85912398218957,CA
7kg_16bpm,6CA,Force_Vertical,postRiCTO,121.42502703627291,91.73107558467159,43.876767397552854,11.704229543895345,217.25817749563302,CA
7kg_16bpm,6CA,Moment_AxialRotation,postRiCTO,4.638357215630202,7.719620516991244,4.53350392764423,1.9454685136656906,1.6950035226773534,CA
7kg_16bpm,6CA,Moment_FlexionExtension,postRiCTO,1.0608017604063829,2.081767403835955,0.3590234079324779,0.14518920969911708,0.2451064854734191,CA
7kg_16bpm,6CA,Moment_LateralBending,postRiCTO,1.5266525873081678,2.330012593941038,0.46971913804475224,1.4804597194860794,1.2304406170782458,CA
7kg_16bpm,7CA,Force_AP,postRiCTO,24.254659131573096,33.564766975128116,15.171691483154971,2.0180366858811647,31.25329553882326,CA
7kg_16bpm,7CA,Force_ML,postRiCTO,15.052676532857618,28.14393417030932,7.640414189246198,6.8213697758329195,4.207086610582132,CA
7kg_16bpm,7CA,Force_Resultant,postRiCTO,101.97632697364875,90.33929588667841,63.12938321754641,9.804104339609243,169.18931145214495,CA
7kg_16bpm,7CA,Force_Vertical,postRiCTO,100.04353542424239,88.0101807329507,61.66811721437182,9.635572535811376,166.39154306712365,CA
7kg_16bpm,7CA,Moment_AxialRotation,postRiCTO,3.2715250412392245,4.14679761393769,4.639129716003399,1.839038549309658,1.0470203449860849,CA
7kg_16bpm,7CA,Moment_FlexionExtension,postRiCTO,0.5421030808832007,0.9098822210765034,0.40976958398860247,0.15233912101334093,0.4022222587364021,CA
7kg_16bpm,7CA,Moment_LateralBending,postRiCTO,1.4584428633064386,2.2621504006143924,0.775553072726299,1.4702203611528593,0.8279664915504682,CA
7kg_16bpm,8CA,Force_AP,postRiCTO,42.79153135766096,66.62895908084597,26.34136369165929,4.697803294957763,46.43388853686998,CA
7kg_16bpm,8CA,Force_ML,postRiCTO,9.090493764290155,15.299050819717554,7.396162205439806,6.099234238607477,2.754185789683499,CA
7kg_16bpm,8CA,Force_Resultant,postRiCTO,158.90006947070742,203.85216848827474,88.40739511926591,15.53596435437798,224.45223343287907,CA
7kg_16bpm,8CA,Force_Vertical,postRiCTO,153.3998578063925,193.39130160474326,84.87963236713618,15.118311073664206,219.77701833162627,CA
7kg_16bpm,8CA,Moment_AxialRotation,postRiCTO,4.855294435755331,8.452106459126053,4.5091651464773985,1.49700510481737,1.086098077525861,CA
7kg_16bpm,8CA,Moment_FlexionExtension,postRiCTO,1.2779736137752742,2.478709168940258,0.3515428290874072,0.3081220351403508,0.4760355098596725,CA
7kg_16bpm,8CA,Moment_LateralBending,postRiCTO,0.8125227484549671,0.9289990675634737,0.3490021417414174,1.0689025096620508,0.720434069250159,CA
7kg_16bpm,9CA,Force_AP,postRiCTO,30.839279498537383,32.73723535978236,17.67744046477442,7.223227316241811,48.09739311168597,CA
7kg_16bpm,9CA,Force_ML,postRiCTO,9.73681076810328,16.261012571519423,9.409025384352796,4.1383363169419125,3.527098268861459,CA
7kg_16bpm,9CA,Force_Resultant,postRiCTO,126.36499034445525,96.31206280525817,71.33592640709168,27.131411445343023,217.96750429388456,CA
7kg_16bpm,9CA,Force_Vertical,postRiCTO,122.7711897033307,91.2272690584348,69.43518336020998,26.319910383525542,212.7149901023416,CA
7kg_16bpm,9CA,Moment_AxialRotation,postRiCTO,4.420501116306651,7.431171236694616,4.58527327772058,1.2111764419823656,1.0879445721596144,CA
7kg_16bpm,9CA,Moment_FlexionExtension,postRiCTO,0.9190802372599243,1.6690838777912378,0.3660259318273631,0.3583887695761368,0.5919035340428263,CA
7kg_16bpm,9CA,Moment_LateralBending,postRiCTO,1.0491338774894836,1.8687903605708016,0.24962331120848308,0.6955968468121035,0.6265063882849641,CA
