cond,seg,p000,p001,p002,p003,p004,p005,p006,p007,p008,p009,p010,p011,p012,p013,p014,p015,p016,p017,p018,p019,p020,p021,p022,p023,p024,p025,p026,p027,p028,p029,p030,p031,p032,p033,p034,p035,p036,p037,p038,p039,p040,p041,p042,p043,p044,p045,p046,p047,p048,p049,p050,p051,p052,p053,p054,p055,p056,p057,p058,p059,p060,p061,p062,p063,p064,p065,p066,p067,p068,p069,p070,p071,p072,p073,p074,p075,p076,p077,p078,p079,p080,p081,p082,p083,p084,p085,p086,p087,p088,p089,p090,p091,p092,p093,p094,p095,p096,p097,p098,p099,p100
15kg_10bpm,10AB,-82.72837387170689,-78.46421198159734,-74.8186284475625,-72.48133582587799,-71.71966263341747,-72.32040801487396,-73.69656450723205,-75.1137867046035,-75.94930067179462,-75.88832475829058,-74.99106827178929,-73.61667219690715,-72.24702478353294,-71.28817561487982,-70.92623894048916,-71.08308335351651,-71.47329488925706,-71.72749575905642,-71.53015514885954,-70.72466290124213,-69.35856607067126,-67.66573718041491,-65.99867428700391,-64.73082975180323,-64.15194453941119,-64.38277057674966,-65.33489375545608,-66.73033752142784,-68.17636541684682,-69.27263318508264,-69.71801007636228,-69.38509560459882,-68.34074661040555,-66.80806396988582,-65.08449642931379,-63.445442527844804,-62.067365756895484,-60.99642222314695,-60.170431219038456,-59.48066361425767,-58.84402889957303,-58.25289865383406,-57.78145436805832,-57.549479118759365,-57.665702033928326,-58.18090471419088,-59.07178415896025,-60.25721713876872,-61.632205471556006,-63.1003211212991,-64.59232146304356,-66.06953843163812,-67.51807850466166,-68.94074924992562,-70.3503232022043,-71.76433444064574,-73.2001139599498,-74.66926349316982,-76.17251576720294,-77.69741695295028,-79.22095770532586,-80.71679585639748,-82.16305243915515,-83.54448090711251,-84.8453988999284,-86.03714287178494,-87.07057749664061,-87.88322902377597,-88.42018295774012,-88.65558120068061,-88.59892246316096,-88.28157151736164,-87.73534761498095,-86.98276234326644,-86.05017315100753,-84.99603055251251,-83.93011152744836,-82.99944686677824,-82.33631362054051,-81.99204745596008,-81.89715604355995,-81.87879797152878,-81.73479700843488,-81.32900566060317,-80.65823472483997,-79.85499719551801,-79.12389230465001,-78.64409109547167,-78.48910987537859,-78.60857234388664,-78.88531960633077,-79.23707378177036,-79.69859027096912,-80.42334381265549,-81.58998318804775,-83.26141822333919,-85.27994176098525,-87.26531890172723,-88.72738077762466,-89.24715589406372,-88.65147658753928
15kg_10bpm,10BC,-95.58521121784996,-94.56660235584701,-92.37000903096984,-89.33348126127585,-86.01342207895068,-83.03452606322732,-80.9207099669813,-79.95241100582153,-80.09623550221274,-81.02557024227707,-82.22607106318374,-83.14711200538483,-83.35014091451279,-82.60993182137388,-80.94022329177835,-78.55096185122288,-75.75819413728016,-72.88579411597884,-70.18853154650711,-67.81602011755375,-65.8165761717706,-64.17026808268801,-62.83099641377104,-61.76168682589527,-60.951814367705175,-60.41509489591109,-60.17307403772382,-60.233852562173645,-60.5764976661977,-61.14760488219986,-61.87159532309434,-62.66990011375475,-63.481194790741846,-64.27518925365571,-65.05504371993979,-65.84934594359855,-66.6969576082933,-67.63055017663063,-68.66300389505948,-69.77974124909926,-70.93765569380774,-72.0712100119132,-73.10444513458631,-73.96738710835801,-74.6134189242765,-75.03291893030863,-75.2587506794455,-75.35989072964331,-75.42320721081926,-75.52684610123423,-75.71315599182756,-75.96953154474465,-76.22622606193889,-76.37305446948228,-76.29298426119588,-75.90205160534526,-75.18255610578117,-74.19705940207714,-73.0767809685581,-71.9870845425428,-71.08135443120973,-70.45962155894794,-70.1448352492147,-70.08524025254233,-70.17835328391892,-70.30809827375201,-70.38091258827858,-70.3502265299499,-70.22276373801444,-70.0471425058362,-69.89007531851807,-69.80928928356542,-69.83279045931955,-69.95120480264383,-70.12699486856751,-70.3173924213329,-70.50411504903705,-70.7183090902452,-71.04956987761766,-71.63093571794181,-72.5997394384518,-74.04337720379576,-75.94548008298902,-78.15458701408232,-80.38935397933051,-82.29084252856963,-83.51284319175386,-83.83145512186951,-83.24032971922718,-82.00032447089755,-80.6145969165438,-79.72686314640697,-79.95906293087157,-81.73270680967104,-85.13187444444073,-89.85142487100045,-95.25663776950316,-100.5317007157719,-104.8720945434915,-107.6573268833022,-108.56499647173834
15kg_10bpm,10CA,-99.49706545295675,-98.48883649222616,-93.24136508024105,-85.70887104597796,-78.82325484497501,-75.18399637973071,-75.9758289032511,-80.63235883960955,-87.30421167847662,-93.76530301683384,-98.26515496440608,-100.00017920421044,-99.13749916697957,-96.51369588822757,-93.20371627989452,-90.1390331905107,-87.88501520079382,-86.59957733602097,-86.12467884479378,-86.13281104690905,-86.26192571273216,-86.20516657404146,-85.75346947890249,-84.80600641836398,-83.36439244234283,-81.51758985351275,-79.41436398468028,-77.21823572460265,-75.05036365632795,-72.94140803083395,-70.81959545948051,-68.55063825164842,-66.02072609596907,-63.22937778536479,-60.347724688671846,-57.70762834555292,-55.71553297998959,-54.718009018714795,-54.86636595849069,-56.0296818456012,-57.794076289447325,-59.563355327583395,-60.74130454806479,-60.936729512321925,-60.10931585429182,-58.58803381646164,-56.94588709935556,-55.78020160644101,-55.48994207779849,-56.14069429692053,-57.469400551977046,-59.02289957939209,-60.3664618050996,-61.26406315582897,-61.74603201401387,-62.04345097546156,-62.443191527004466,-63.15022302798942,-64.21739776374665,-65.55027126314835,-66.96130510967905,-68.24613750915672,-69.26229033715148,-69.98704558236317,-70.52308995588776,-71.03196312995307,-71.6159804915642,-72.21619116106659,-72.60666004848595,-72.52091714094384,-71.86271828153984,-70.8821524537232,-70.19098772519234,-70.5607468574999,-72.55874306911458,-76.17643285031559,-80.6470221601369,-84.60511948806338,-86.5971744440953,-85.74646656131294,-82.22804356789224,-77.25313181333023,-72.52392759241313,-69.44533036171305,-68.53570163755928,-69.34543597225463,-70.87270864374553,-72.18679990461743,-72.89576176047959,-73.23180219764117,-73.76251825870526,-74.93740229172222,-76.75598797458976,-78.76157872103052,-80.35569017002331,-81.20647019188718,-81.44075847236942,-81.4508512626274,-81.442108613731,-81.0826123954548,-79.58566518154298
15kg_10bpm,11AB,-89.57686997939611,-84.32219046402072,-78.0579937207673,-72.5912285597591,-69.21088852178691,-68.35803824715859,-69.65966077918048,-72.24015111509462,-75.12859985302843,-77.58129741870266,-79.21841069526275,-79.98032642590674,-79.98620941698076,-79.39331555062813,-78.31882413599854,-76.8323269513894,-74.99099949189774,-72.88181662254357,-70.6450807876442,-68.46711772381583,-66.54335336731616,-65.02726229821897,-63.99113532938446,-63.42104692022278,-63.24784744713505,-63.391305829798185,-63.78568631375752,-64.37074004526468,-65.06085673322794,-65.72476232521066,-66.20342176197836,-66.36676597198837,-66.17789565021835,-65.71958815545939,-65.15594694111614,-64.64339342835173,-64.24211773910797,-63.883993945834156,-63.41984871063964,-62.71961246500889,-61.766679613996914,-60.692497635122656,-59.73295845488303,-59.13106642507652,-59.03696985320658,-59.454713246893355,-60.25804204241704,-61.26079202498078,-62.30108442768474,-63.29665786625093,-64.25040436602907,-65.21571521767014,-66.25135144953316,-67.39377325694207,-68.6550388522735,-70.03323280316488,-71.51639849914108,-73.07273510392402,-74.6371740490524,-76.11214685422235,-77.39229178213327,-78.40561014479331,-79.15042803867088,-79.70743703743611,-80.21760645955949,-80.8317760436204,-81.64959857320943,-82.67178117936707,-83.78848293537789,-84.81539679271737,-85.56854227729566,-85.94773808010088,-85.98891254678048,-85.85401878622638,-85.75233866030862,-85.81843728332488,-85.99724277389826,-85.99511683576375,-85.34165313098549,-83.5704493056681,-80.47534863057496,-76.34665066778709,-72.0634212084998,-68.9400862095285,-68.31185838230618,-70.97503046042432,-76.71477037985585,-84.17689255445288,-91.22519766772513,-95.70248692483686,-96.288722021153,-93.05684721532577,-87.44319168410696,-81.63432251317089,-77.67314300686262,-76.7226590164395,-78.80906053939586,-83.07561686330641,-88.30985032206922,-93.4234261579954,-97.68442956425604
15kg_10bpm,11BC,-89.93420791636768,-89.24921364322458,-87.71940590660104,-85.79859351987908,-84.01129409227465,-82.7901591805982,-82.34870843692549,-82.62336863539936,-83.30586862556774,-83.94786927383126,-84.10303235262334,-83.45621095013502,-81.90218309037776,-79.5524883932252,-76.67936097149702,-73.62267181581157,-70.69470091526297,-68.11217488854099,-65.97109373163588,-64.26344533825392,-62.92131593645103,-61.86883124906347,-61.06160348565745,-60.50169591875924,-60.225465059644456,-60.272615549791624,-60.65092952852639,-61.312623375673866,-62.15269026484667,-63.03108058724183,-63.81034810244039,-64.3957355455834,-64.76354709887322,-64.96936299145568,-65.1329662498608,-65.40589468589175,-65.92973329334059,-66.79710839583839,-68.0241773328642,-69.54267330575163,-71.21209267269168,-72.85002156227142,-74.2718367497877,-75.32984692625254,-75.94136700991137,-76.10026503925427,-75.87115146905106,-75.37039514802278,-74.74111001600409,-74.1271975039444,-73.65033174662952,-73.39058953828157,-73.37255829064823,-73.55858466277105,-73.85400283565048,-74.1267518708917,-74.24095820576302,-74.09749136318612,-73.66969545456907,-73.02040836933071,-72.29074096438016,-71.66097342939688,-71.29415469187128,-71.28257967109825,-71.61673010924663,-72.18960176613487,-72.83344121185037,-73.37553363517681,-73.69057996143643,-73.73237430969569,-73.53510475955142,-73.18906302399208,-72.80132337320187,-72.4571375270322,-72.19318944528786,-71.99074836553783,-71.78954357383948,-71.52070073078289,-71.1505713541296,-70.72425912542218,-70.39079975196606,-70.3947084421368,-71.02252177640057,-72.51064014760271,-74.93591203018971,-78.12879143477645,-81.64715157571145,-84.83993080369929,-87.00098915328647,-87.57978609974218,-86.38685368189638,-83.7213030946446,-80.36526375223121,-77.42185899382902,-76.03529817093046,-77.06328375723822,-80.80492832505145,-86.86278101560791,-94.19982454048417,-101.37556545968962,-106.91814994822289
15kg_10bpm,11CA,-80.81532949498211,-78.92458208302949,-77.86130498325593,-77.6142257679996,-77.87281694444675,-78.2619134486809,-78.60050472574547,-79.02399906518531,-79.89466636312287,-81.55439305883196,-84.06612385019143,-87.09352332011933,-89.98864909184418,-92.04519735225588,-92.79025114965665,-92.17129765836022,-90.55332347042247,-88.54029151449669,-86.72054340009754,-85.4610655028462,-84.8333732007,-84.6756049725986,-84.72933776974786,-84.76955747166369,-84.67335596596762,-84.41990357284361,-84.04859993709886,-83.60961016730684,-83.12861452002062,-82.5915775392074,-81.94657653363997,-81.11894306836116,-80.03708860851962,-78.66387954132661,-77.02290347230104,-75.20655405966586,-73.35860716292056,-71.63571730101047,-70.16211309588824,-68.99364257231636,-68.1019687215615,-67.38231622087979,-66.68221182615659,-65.84359646775192,-64.7461167290766,-63.338482401697476,-61.650049437700304,-59.78308096535708,-57.891569268640126,-56.153154860631695,-54.73913523269441,-53.786272778684996,-53.37350944401593,-53.50677949177896,-54.115796686292256,-55.0664917713913,-56.18933881340552,-57.317148054041276,-58.32030071580498,-59.12822596805446,-59.73385717579665,-60.186886926216076,-60.583953292935895,-61.05753453104975,-61.75725072713151,-62.81601898958895,-64.30095042596054,-66.1611467533836,-68.19631628910162,-70.0744385041208,-71.4156564027123,-71.93117715327905,-71.57065022045643,-70.60898785017152,-69.61131650726925,-69.2571571583934,-70.06999331691739,-72.15914354720525,-75.10234159526566,-78.05392998171956,-80.06144214047217,-80.46010409226486,-79.15878076911548,-76.67684535798736,-73.92080761612905,-71.82310448882313,-71.01834729563491,-71.67971489041915,-73.5326911876922,-75.98617452799293,-78.31182634066487,-79.8346453428108,-80.11670117761285,-79.09878849523321,-77.14067619623924,-74.91590062872552,-73.18176267070469,-72.51660794823013,-73.13695990459512,-74.85856731669362,-77.18661278594593
15kg_10bpm,12AB,-90.27409585507418,-84.76807379014276,-78.26923160150378,-72.44423655242429,-68.57382577868222,-67.17999616236311,-67.98472571209169,-70.1593516113195,-72.70429419689852,-74.78208701168838,-75.89453096500792,-75.89253922768762,-74.88275395967237,-73.1200988759154,-70.94698103324313,-68.7780380854736,-67.07535975739374,-66.25687423361478,-66.54121225750977,-67.81234474530858,-69.61411046350108,-71.32016295946856,-72.40788013387629,-72.68492671527953,-72.33884451342395,-71.78878836975872,-71.43516733647525,-71.45040343123824,-71.71342778104568,-71.90082156056752,-71.66661299051717,-70.81074210820614,-69.3594208028252,-67.53632634046397,-65.65750067416157,-64.00924427600295,-62.76159348112435,-61.94248746620184,-61.467718918791896,-61.20150539213199,-61.01555264259502,-60.82078466921857,-60.564193906197175,-60.206617857526766,-59.71163374634085,-59.06823449285752,-58.34147103374784,-57.71487531460654,-57.48092828941036,-57.96151931356481,-59.38532446470361,-61.7826879427682,-64.95524370576588,-68.53759839933288,-72.1183289582617,-75.35877067130701,-78.05710694367212,-80.1440852989509,-81.63705087136519,-82.59467540538253,-83.10133792541866,-83.28157820859815,-83.31949582408053,-83.4495835568231,-83.90030880964588,-84.80367147424919,-86.11442253456671,-87.58897859536529,-88.84686507237272,-89.49295256648216,-89.24839451704291,-88.04144461819578,-86.03660742706025,-83.60469983085446,-81.24138619056473,-79.43894994267033,-78.52867291755778,-78.54330845555884,-79.1744151011402,-79.88170775696074,-80.13959988352269,-79.71314579734164,-78.80609418577352,-77.96780425125158,-77.77594167724068,-78.45852018408779,-79.68737166881888,-80.70325384516762,-80.74127387021693,-79.52467608631873,-77.52259703011067,-75.78671112364559,-75.42690078184445,-77.00319390259051,-80.16613935612294,-83.74578267714088,-86.25855981085891,-86.59879796331778,-84.59511730662719,-81.16643919224533,-77.98313721369036
15kg_10bpm,12BC,-78.32730846445084,-80.0117888254569,-83.32958709250546,-87.39698742289386,-91.13858520193946,-93.54871284874275,-93.9601100326092,-92.24003821142338,-88.8446636978542,-84.69698318070384,-80.91006013896768,-78.44411526996647,-77.8107504705292,-78.92763195883971,-81.17531853505582,-83.62476676640189,-85.3480859543919,-85.69767107138922,-84.45895126432704,-81.84422836810204,-78.3539655598833,-74.57764130966586,-71.01687651459116,-67.98462190693044,-65.59658222677135,-63.831107096171245,-62.61290355656591,-61.87916487581684,-61.60327161422338,-61.77703286365984,-62.371810301808296,-63.305736893262356,-64.43794448264748,-65.59358532935262,-66.6081653532367,-67.37082991252093,-67.84869196317048,-68.0855806645462,-68.17941119131129,-68.24975758447462,-68.40722531867692,-68.73062044376141,-69.25308610096648,-69.95575856535052,-70.76836114343347,-71.57867708794427,-72.25328170840218,-72.66874453559713,-72.74816070110673,-72.49242453854653,-71.99297960310035,-71.41626393290578,-70.95781454749849,-70.77718179225106,-70.93727950423116,-71.3741751214629,-71.91597490329224,-72.34881432792781,-72.50472374696147,-72.33443988945226,-71.93036751040242,-71.48825415243103,-71.22465013174215,-71.28680271717104,-71.69577754071184,-72.34452007799827,-73.04675442964563,-73.61158195949515,-73.91017836171298,-73.91148677175552,-73.67989319857035,-73.34269773178332,-73.04356869006013,-72.89600535313842,-72.94654114595163,-73.15360485812558,-73.38615763458334,-73.44754823284745,-73.12897575736041,-72.28901124309628,-70.9439107261235,-69.33699964062197,-67.94476599562269,-67.38797121160462,-68.24481052983863,-70.81319680770169,-74.91509331774681,-79.8414508802161,-84.50306235240512,-87.77040919086713,-88.89197292857051,-87.83158140612763,-85.36413461371947,-82.85870694600675,-81.80958544894219,-83.28390204297588,-87.51080113702605,-93.77218481392977,-100.62662285042096,-106.37333595966084,-109.57616058329263
15kg_10bpm,13AB,-77.66513625144842,-75.80887809277321,-74.54741688987733,-73.7509145521387,-73.20741660003583,-72.74918519612153,-72.33113194810528,-72.03623122004038,-72.00417841251526,-72.32064993782024,-72.93700043943954,-73.67462386489602,-74.30723835670851,-74.65910292382657,-74.6546545358098,-74.30251677780083,-73.649834184752,-72.75808434286718,-71.72154620670143,-70.70470758297631,-69.95313013390688,-69.7469238047175,-70.30175832283594,-71.65635812512136,-73.60201931841084,-75.70037583629731,-77.39968187738434,-78.21090192647324,-77.87080665502748,-76.42305340924005,-74.18672702175017,-71.63074332673013,-69.2087039498864,-67.22001084532235,-65.74580761296195,-64.67073418763526,-63.764653891285626,-62.78256043890511,-61.54827460759598,-60.004848462705894,-58.22826631200937,-56.40722702952511,-54.794339794386225,-53.63852724918868,-53.1166655320707,-53.28886696750597,-54.096518368743325,-55.40249565591314,-57.050006365602755,-58.907957580259286,-60.88482564741164,-62.91834386540889,-64.96319732678049,-66.99225600367672,-69.00742595604687,-71.04241929743442,-73.14353513989856,-75.33160256380391,-77.56323311248357,-79.71211206983543,-81.58305705162776,-82.95937305291652,-83.67104421633923,-83.65957905971965,-83.01056088943052,-81.93558095905664,-80.71183417538249,-79.61286813989022,-78.86327483846358,-78.62093309815964,-78.9623571291167,-79.85241847148038,-81.11630244988872,-82.45826925586216,-83.55166770319505,-84.16617022155374,-84.25115763911094,-83.90571453881287,-83.23936807436701,-82.21756575309674,-80.62556520693167,-78.23133048413965,-75.09671043863094,-71.84949594819957,-69.68292602862681,-69.95569835929307,-73.4994914512464,-79.97747216954672,-87.70850642783823,-94.1818472827255,-97.1072887254396,-95.49836006473484,-90.2054246329857,-83.58395130978414,-78.45679933772307,-76.91384611361104,-79.5416866997779,-85.37859340725778,-92.47684024622122,-98.704817330604,-102.4379791380429
15kg_10bpm,13BC,-87.35113601601769,-83.50439883310818,-79.53925514159643,-76.23766390502632,-74.30200639686072,-74.13747622981475,-75.72910601658184,-78.64575673127975,-82.16886279973004,-85.49191522359199,-87.92427711939497,-89.03807700719292,-88.72654716848652,-87.17473159332116,-84.76401112444135,-81.94993669738882,-79.14534809499874,-76.63809329389817,-74.55458308201644,-72.87153670996989,-71.46273557904019,-70.16323835063669,-68.83124450722666,-67.39115452603302,-65.84957526557592,-64.28380752847181,-62.81205325716642,-61.5570897632205,-60.61683773331325,-60.04895793295887,-59.871085492952986,-60.070848940516015,-60.618087918547786,-61.47269086924254,-62.58565688388456,-63.89546428458071,-65.32423961404103,-66.77783488455646,-68.15237270938891,-69.34658176521197,-70.27752174405661,-70.89531251540697,-71.1931002603139,-71.20910534704278,-71.01970801040802,-70.72534705723795,-70.43206500092539,-70.23352088597186,-70.1969925007057,-70.3560344401112,-70.70920759072933,-71.2230978705076,-71.83764688017209,-72.47291544363644,-73.03882603943032,-73.44901941137958,-73.6386144304666,-73.58196634463027,-73.30453028587196,-72.88300891305629,-72.43048891544164,-72.06947626857968,-71.89944649601972,-71.96993589148575,-72.2679960319735,-72.72602377801448,-73.24683923162333,-73.7370750737787,-74.13516214474026,-74.42255621686904,-74.61340512480608,-74.7279647669566,-74.76308588825982,-74.67565031935618,-74.38994584982329,-73.82974102092236,-72.96479628484013,-71.85402922367001,-70.66753061628692,-69.67369512775808,-69.190296116054,-69.5062920954766,-70.79456200353815,-73.03771757501592,-75.99433454316778,-79.22125908099083,-82.15805128659869,-84.26140315996194,-85.15861186850705,-84.7784424858309,-83.41125001074188,-81.67110514436412,-80.35100192835385,-80.2093452801602,-81.74436727812456,-85.03141998819375,-89.6713330097137,-94.8710045701115,-99.635589058021,-103.01979689991634,-104.3764325590925
15kg_10bpm,13CA,-96.07691079176197,-93.76419554890246,-88.8628209892671,-83.23810718760168,-78.90178473813562,-77.22274283537652,-78.48355816431862,-81.94090162548926,-86.2931419459679,-90.27839506703197,-93.11292269729961,-94.61533106240586,-95.04608926881635,-94.8187787295254,-94.25789567331702,-93.50439904904616,-92.56456656642087,-91.42248160891779,-90.12363995491832,-88.77965402073639,-87.50683896683176,-86.35378849287235,-85.2722529171532,-84.14902328990773,-82.87292936096252,-81.39003504012032,-79.71338865762452,-77.8886793574476,-75.94695460304456,-73.88002866164739,-71.65436773724565,-69.25250039015827,-66.71541943284856,-64.16197582104321,-61.77640407342075,-59.7713512837731,-58.34176735542616,-57.62257935515391,-57.655407598171294,-58.3649629912629,-59.5490415441427,-60.89360301683597,-62.02557260573178,-62.60265063149198,-62.416396542617,-61.46832709306073,-59.982787297515436,-58.34502721352019,-56.98443311017896,-56.24443627745836,-56.28392667422466,-57.04191197155208,-58.27408710531873,-59.64432636266605,-60.835128920451616,-61.63786511662034,-61.99786832666008,-62.01084238415541,-61.881664978246505,-61.86020093027029,-62.16832645797168,-62.9345204870729,-64.15501655526027,-65.69638783353678,-67.34024055273237,-68.85346518157264,-70.05861367087152,-70.88133869107784,-71.35954732253784,-71.60857377715563,-71.75110753295311,-71.84030133452951,-71.81981258619591,-71.55987222997656,-70.97548531712674,-70.18077944282551,-69.58808018169904,-69.85352970808653,-71.62600739816394,-75.16708260320105,-80.02626222490719,-84.99441222540867,-88.45666061971274,-89.04903131493734,-86.31473638376075,-81.00516871011453,-74.83548134741669,-69.79557337964536,-67.35281350158601,-67.92050089713426,-70.80252656651699,-74.58204509126362,-77.74124820078698,-79.24554798455452,-78.87992892561326,-77.23872250345234,-75.4018719834583,-74.44547928839135,-74.99107656347047,-76.96755571661075,-79.65668794256739
15kg_10bpm,1AB,-80.29236878439288,-75.57694555711925,-71.93711929170094,-70.01753635756296,-69.87997680034498,-71.0644121168458,-72.82888314209578,-74.45172708645782,-75.46647801278645,-75.74826094124174,-75.45147469469231,-74.86503505463082,-74.26879993794157,-73.84377312625841,-73.64280468155599,-73.60307742310434,-73.58327180113477,-73.41682584052671,-72.97023098143092,-72.18614831304053,-71.09265351625442,-69.77892079011839,-68.35953464854094,-66.95266299780708,-65.67818955763904,-64.66090935156225,-64.02070435388892,-63.844721293225284,-64.15214292428946,-64.86996000946964,-65.83444692334186,-66.82101768772904,-67.59338500967856,-67.95678325823813,-67.79902901876247,-67.1071444046237,-65.9564067597031,-64.47952468872481,-62.830760462493934,-61.16036282795464,-59.608029504293086,-58.31149352684462,-57.413832901706314,-57.050859670008,-57.31366746580648,-58.204445165706765,-59.61817319723911,-61.372374281145916,-63.274385397834926,-65.18683154432037,-67.05378882211109,-68.88085144856521,-70.69338078245407,-72.5035159362804,-74.2995975945894,-76.0515764194819,-77.71816514452095,-79.24711706632614,-80.5714396421843,-81.61221436568219,-82.29661499412941,-82.58825258065345,-82.51450601461833,-82.1720793690317,-81.70152267681823,-81.2394704261515,-80.87306188588961,-80.6221880989306,-80.45809053897042,-80.34204779033523,-80.25353935875243,-80.18507667734092,-80.10708121324221,-79.93301745855003,-79.52241965961609,-78.7400767298528,-77.55502518928026,-76.13458922762399,-74.88140410985356,-74.37637247221248,-75.22071972348105,-77.80751796895413,-82.09043354066067,-87.44548177992527,-92.72074464621588,-96.51643940307713,-97.63459207422224,-95.53036783154366,-90.55895566954212,-83.88829335653674,-77.1108887900139,-71.74193085742402,-68.83455964727298,-68.84640994392525,-71.72467709562349,-77.06085516353656,-84.17893089179707,-92.13792679376795,-99.74769304297067,-105.71685583422969,-108.9562766810288
15kg_10bpm,1BC,-93.65074046417438,-89.8955451643354,-84.93327667223159,-80.220282337106,-77.03577012403537,-76.12995881319164,-77.5392521055289,-80.61774181722181,-84.26738801032013,-87.28648270969306,-88.72229748746436,-88.1195177205975,-85.59658089382738,-81.74062519870675,-77.37052354026916,-73.25879243314759,-69.91213992363203,-67.48180512420159,-65.8188686729687,-64.62962200742443,-63.64989103458732,-62.76048461626269,-62.003882007217086,-61.513759208719414,-61.407787849938124,-61.70331234239531,-62.294959722067674,-62.997280280315614,-63.62441271686046,-64.06617602731228,-64.3277979435312,-64.52091881604215,-64.81493020853704,-65.3710488235151,-66.28388659177195,-67.54892084512149,-69.0638471900802,-70.66087257935601,-72.15768381970987,-73.40921271396063,-74.34257460796023,-74.96425356308997,-75.33956577836348,-75.55510299740844,-75.68085176690538,-75.74776601237338,-75.74903125846828,-75.662282785242,-75.48051607138932,-75.23548728765913,-75.00062082374096,-74.86934410940486,-74.91596313494568,-75.15547256521566,-75.52167875060343,-75.87718769821637,-76.0557106161913,-75.92229484799635,-75.427762276897,-74.63467375725611,-73.7031381846696,-72.84087370437695,-72.23581391969394,-71.99505030964175,-72.10952482017719,-72.453701559131,-72.81967087064324,-72.97843801398318,-72.75501048661944,-72.0964134246325,-71.10612255216525,-70.02188691563994,-69.13190211806214,-68.65393479567301,-68.62914960026139,-68.88920882325398,-69.13055166170221,-69.0788410214084,-68.67260666524325,-68.16938389940002,-68.10124380914748,-69.0743105123107,-71.48470639652065,-75.27267207630109,-79.83329058638905,-84.1458259756054,-87.09594000836043,-87.88140652172068,-86.34767539166049,-83.11626770929021,-79.4401816385732,-76.81988478497983,-76.50515843864767,-79.0585652493595,-84.14401087671529,-90.62624656810665,-96.94610544464689,-101.62493515798215,-103.70590342820086,-102.98221632649671,-99.96527240822357
15kg_10bpm,1CA,-74.22238447552216,-71.85439635229764,-71.39845340000358,-72.92196588448151,-75.76713261476554,-78.93516821505763,-81.58843464273849,-83.40352906802485,-84.61559804754599,-85.77140321047614,-87.35624500819385,-89.50357428004746,-91.92521320923557,-94.0678898179009,-95.38811307144225,-95.59908904942262,-94.7834553742808,-93.34349784246191,-91.82999872120777,-90.72773510060168,-90.28111364011343,-90.4234011352022,-90.82951740452368,-91.05898291585586,-90.72067924481472,-89.5943649113564,-87.67683745528147,-85.15632778686931,-82.33776955013921,-79.54447597610132,-77.02009717128063,-74.8558591525391,-72.96817699030163,-71.14161108165554,-69.1287876820425,-66.77141347428795,-64.09107315875733,-61.3067164086657,-58.76634075010165,-56.81962253258884,-55.6869827288152,-55.38347647979876,-55.72969512414075,-56.438961954811674,-57.2336188248379,-57.93365705639761,-58.48255166123028,-58.91282676656958,-59.28399184815167,-59.63216068224252,-59.95438787778023,-60.22520695027673,-60.42425183326616,-60.55129552124974,-60.61774989715326,-60.6232959158453,-60.54067165273008,-60.33010658334699,-59.985351283483155,-59.58626893932353,-59.3176711538151,-59.425575654165854,-60.11770953196387,-61.4529281820305,-63.27861586457835,-65.25706973732069,-66.98287370015582,-68.1519117346457,-68.7141779517422,-68.93813239544528,-69.33934536301801,-70.4761863295838,-72.67651335905727,-75.80954555579103,-79.22781756318786,-81.95147518983295,-83.05503012626289,-82.09355619393773,-79.34920620206674,-75.74619307106717,-72.45453421964115,-70.38214470577987,-69.82417270334756,-70.44639473507995,-71.58283442720503,-72.6527842381467,-73.45422678730174,-74.18498793069435,-75.20953848952014,-76.73001588289259,-78.5659228596443,-80.18266698211707,-80.96832849961835,-80.60897277947365,-79.33589893832085,-77.86875062698411,-77.04579632958307,-77.32850832988139,-78.46809704810292,-79.5499105990486,-79.42072707166875
15kg_10bpm,2AB,-78.67085579929864,-75.0731582302055,-72.07972899491067,-70.24048756000292,-69.75144138695013,-70.43115869237981,-71.83699321391418,-73.45482281652421,-74.87230611501447,-75.86744520802212,-76.39494067946715,-76.5036113544289,-76.24413187156829,-75.6189815341865,-74.59504515959846,-73.16260534029286,-71.39993223847735,-69.50003757605872,-67.73586231250336,-66.37304356745867,-65.56892730673798,-65.30663226670335,-65.39822887918645,-65.55922469710634,-65.52264458898466,-65.14117965869771,-64.4313476413521,-63.54377908468994,-62.68189660606001,-62.01442512516209,-61.62304670862376,-61.50055307768665,-61.585074546849306,-61.800983123967455,-62.0834176635869,-62.38186204341157,-62.65343253134518,-62.85983173970948,-62.97502058917471,-63.0006726504658,-62.97973688651386,-62.99775820052689,-63.166465128888774,-63.591824211274485,-64.33599746872068,-65.38722814477336,-66.6521612788976,-67.97911086552207,-69.20767111831763,-70.2256406161086,-71.00863762032867,-71.62590982634588,-72.21186563606014,-72.91630326597597,-73.85134256830942,-75.05074882735029,-76.45203431150325,-77.9066159536835,-79.21837239067114,-80.20387164187996,-80.75780505107281,-80.89889511384526,-80.77180870211747,-80.5944795645254,-80.56559842436569,-80.77218334163634,-81.14593442873755,-81.49844042250328,-81.62370964842472,-81.41440753830231,-80.92386008664685,-80.33299653545009,-79.8375285562623,-79.52347457570052,-79.31413930736895,-79.03365730114055,-78.55903929886273,-77.9686191406547,-77.5840623115486,-77.85835867420595,-79.1530685034074,-81.51922357235341,-84.602868038749,-87.73232115969738,-90.14714945064974,-91.25741977953325,-90.81663373030513,-88.94978583597751,-86.05734494666248,-82.66807821401329,-79.31620219711098,-76.48294378905767,-74.59693725549869,-74.05432513749342,-75.20851016035796,-78.29502758604903,-83.29710983902969,-89.80840717062327,-96.98277023891994,-103.64686650878889,-108.58128107703281
15kg_10bpm,2BC,-88.13194467707096,-84.6120515622558,-81.40928375580587,-79.24784926445388,-78.54411282641044,-79.31053788280386,-81.1807442431972,-83.54105347441154,-85.71577559784465,-87.1428741526067,-87.48506479570368,-86.65502306859533,-84.76983772531732,-82.06953528411528,-78.83801536569175,-75.34980267920528,-71.8456691129136,-68.527509736364,-65.55894901561824,-63.06321496283126,-61.11760784406209,-59.749450864162924,-58.93851840501721,-58.627477732840745,-58.73756832114764,-59.18401918640532,-59.886949073708806,-60.776471262629784,-61.7932979439485,-62.88749834734979,-64.01750139263036,-65.14994272413051,-66.25944643893311,-67.3269200959173,-68.33574621930119,-69.26698764732885,-70.09616144446152,-70.79406412316024,-71.33280393135793,-71.69569822482653,-71.88730920076826,-71.93878155010201,-71.90418636168039,-71.84725804842061,-71.82272896646055,-71.86016809400597,-71.9589094412754,-72.09760564820984,-72.25455692946325,-72.42827295717147,-72.64580526879686,-72.9523242451888,-73.38486290444624,-73.94263833681308,-74.56941311118305,-75.15807144699122,-75.5784984563481,-75.71921138765926,-75.52757834388797,-75.0340780891665,-74.35038803178446,-73.64080043064966,-73.07506470591844,-72.77650748022697,-72.7818332732174,-73.02463148231094,-73.34815810701939,-73.54635253382237,-73.42396821172366,-72.86211653435159,-71.87227037466714,-70.61972806831224,-69.40375676808637,-68.59205122269181,-68.52213166930886,-69.3982616879114,-71.21598970331175,-73.74075805358414,-76.55405019870024,-79.15748606468239,-81.10723353910542,-82.13630520694406,-82.21901820489411,-81.55270485808201,-80.46298184485312,-79.27393949484764,-78.20522319381911,-77.34350137151698,-76.69960242024864,-76.31441341737016,-76.3470477745132,-77.08716611408686,-78.87057489874472,-81.93177133343693,-86.25906392984781,-91.51707511438812,-97.0730763961091,-102.11730007443138,-105.84020212381573,-107.61857167757661,-107.16494410294052
15kg_10bpm,2CA,-82.41975489546033,-80.53125563906036,-78.73126375476352,-78.01360676179475,-78.96967762474937,-81.58903662624095,-85.31425659863152,-89.28715538431734,-92.66169521369616,-94.8582966875861,-95.6834035601446,-95.30516049989471,-94.12959897632874,-92.64417803280182,-91.2851102279289,-90.35392475991381,-89.97891604936345,-90.10666736470958,-90.51774910285519,-90.87177426552708,-90.78501696103142,-89.92999551172804,-88.13214168240694,-85.43236089979854,-82.08872184198621,-78.50641360025973,-75.11086270234793,-72.2070743672966,-69.88476244684696,-68.0186308398484,-66.3719420822083,-64.75536041533034,-63.15516360300885,-61.755158978453906,-60.836118862204756,-60.61017352467128,-61.08683746118261,-62.04622185625358,-63.12873504624077,-63.983516649724926,-64.39172463545952,-64.3070298902486,-63.811360264360864,-63.03134767958228,-62.07266331672473,-61.003407051262364,-59.876567778841434,-58.756347478788655,-57.72011869004017,-56.83656695208127,-56.144531324836315,-55.656199869550996,-55.38514318891272,-55.376156728761714,-55.710845623764314,-56.480193860654786,-57.73614328742049,-59.445560068479885,-61.47058047934449,-63.59052002855,-65.56224819055285,-67.19473990820764,-68.40426104432795,-69.22714111883113,-69.78744581754198,-70.2324475102473,-70.65691443136319,-71.04404061171925,-71.25636904508806,-71.10231180696746,-70.4710448038365,-69.47921037722656,-68.53938478415853,-68.27575763139446,-69.28226829120602,-71.81194993107877,-75.5520333282707,-79.63071533601236,-82.90251120751422,-84.40604365608894,-83.76801115469844,-81.3317553681002,-77.93993448868873,-74.5106293737659,-71.66843837052477,-69.63556247010547,-68.39544639518402,-67.95681906978561,-68.49607064731256,-70.26013717939028,-73.28866969592188,-77.1516120799187,-80.91668932494787,-83.44236972745624,-83.89136880777623,-82.19465394442197,-79.18250022043759,-76.26643476566748,-74.80813545225107,-75.48805107339311,-77.98077090300129
15kg_10bpm,3BC,-79.57308613911134,-76.9903135346897,-75.05387424961451,-74.18296610858096,-74.56384345337679,-76.13047614780169,-78.61652787881556,-81.64181277108902,-84.79478428112486,-87.69046677608087,-90.00266083048353,-91.48244515671418,-91.97497866444466,-91.43622106982708,-89.93987028552573,-87.66314139231905,-84.84790931425502,-81.74571575662681,-78.56513628887568,-75.43994555345189,-72.42774959567602,-69.53718378982084,-66.76972757262753,-64.15710807634434,-61.7785495091496,-59.7509407456612,-58.19779178565483,-57.211236732996134,-56.822566701421295,-56.99183125569865,-57.61701133045642,-58.555991055885926,-59.65232363824864,-60.757897323985084,-61.7504453268088,-62.54688274718312,-63.11276709593485,-63.46597865572231,-63.67153168258369,-63.82566217608604,-64.03131037033266,-64.37162010420852,-64.88936220685453,-65.57887067184791,-66.39295364394779,-67.26149344621389,-68.11489226736992,-68.90411142726137,-69.61078481563375,-70.24542324930655,-70.83585759916583,-71.41104409891958,-71.9863356612374,-72.55477286458628,-73.08696891851356,-73.54002624286699,-73.87343450169736,-74.06783271563414,-74.14024422362115,-74.14855520238605,-74.18073161292607,-74.32925682418971,-74.65797627139175,-75.17379153718868,-75.81517794975518,-76.46450576884902,-76.98202269884281,-77.24918492800506,-77.20504842351326,-76.86167866200358,-76.29385109997779,-75.6105631547757,-74.92225726722971,-74.31741420443771,-73.85515436831682,-73.57113220232995,-73.488868345743,-73.628682337957,-74.01056087325652,-74.65154046947879,-75.55890460608954,-76.71863072994722,-78.07761147378982,-79.52196819495576,-80.86241801018143,-81.84427656410749,-82.1955160066923,-81.7115743089387,-80.35369414769723,-78.32338347527046,-76.0805116929404,-74.28934423173163,-73.69941842195401,-74.98592652938011,-78.57710678364356,-84.49969486588931,-92.28127452763229,-100.95138353745529,-109.17884614554869,-115.55116523812761,-118.9365538302095
15kg_10bpm,3CA,-81.2595727331372,-79.6047135747087,-78.53085324058274,-79.13743004554131,-81.99545251014919,-86.68577970082167,-91.88213975773746,-95.94022041973797,-97.70468808066526,-97.0951576658161,-95.09496966584172,-93.11398840113534,-92.13062077712364,-92.19096154374044,-92.55976156819851,-92.32763693441937,-90.98859693237543,-88.62470462702692,-85.69383407451177,-82.68160606570903,-79.87448142648809,-77.32736821034901,-74.94422731131486,-72.5690860870215,-70.05533102232899,-67.33341289295518,-64.48255039996546,-61.7624716513983,-59.54975993279034,-58.17854477189771,-57.76746170318877,-58.14555381968559,-58.93480014691308,-59.738571772936936,-60.308751817470835,-60.587277853527205,-60.62664759498098,-60.48968877264589,-60.219312381840766,-59.87345903560021,-59.54938843344486,-59.35269444696723,-59.3501126686878,-59.5663828167918,-60.016190815053484,-60.70382075286973,-61.57001563614903,-62.4595723839469,-63.188733483779394,-63.68273283263712,-64.05769592589445,-64.5594179222441,-65.40606475063284,-66.65570999725928,-68.17255698113424,-69.68629899012451,-70.9069913409141,-71.65589671487604,-71.95495909176536,-72.01013831575632,-72.08204134491093,-72.33453972312182,-72.77467899231473,-73.32037524032218,-73.93992731753148,-74.75828594362196,-76.01848892783052,-77.85742288826901,-80.03426337359485,-81.8850149238628,-82.6387438605411,-81.88118309884189,-79.78194322234383,-76.9323606291007,-73.99840379220112,-71.49121025977973,-69.74731722981356,-68.98039961541821,-69.25566406223102,-70.41085744364298,-72.06088197342491,-73.73404136295208,-75.02700864848076,-75.66511677805117,-75.50607553448944,-74.59877904557364,-73.29023128121496,-72.22243760620525,-72.08016230920435,-73.16329262581841,-75.08514912110095,-76.9131539282714,-77.7662886736718,-77.46049925208663,-76.62814871317512,-76.10033973243452,-76.01756373183781,-75.509341924944,-73.38018185621655,-69.30186741497923,-64.44594389271212
15kg_10bpm,4AB,-84.06981617071455,-77.23348944729717,-72.28075066683078,-70.26926139978998,-71.13146478495763,-73.8992894480258,-77.21444271745253,-79.85715109582864,-81.08946998517887,-80.7494249366701,-79.14905935183924,-76.87249524828478,-74.55573775756339,-72.70002409440359,-71.54951829790275,-71.05110347363082,-70.89950143490445,-70.65296385523429,-69.88876339092015,-68.35725015374527,-66.08821771656075,-63.407697878577096,-60.84631307442356,-58.96267636389907,-58.14753479249822,-58.488645315847165,-59.75140485268804,-61.47794845330547,-63.153643712942866,-64.36472344607198,-64.88938756093262,-64.70940247066405,-63.96597043423571,-62.89442430973171,-61.76198777325667,-60.81632652059843,-60.24365827738157,-60.13813787269989,-60.49085154357434,-61.20534321574849,-62.135727978038716,-63.132370059258534,-64.07737077782,-64.89908456731119,-65.56727965087394,-66.08124785757835,-66.46560967553044,-66.78082933804112,-67.14092862960571,-67.71704377136183,-68.7038485407251,-70.24597593609215,-72.35573266993552,-74.8732830075826,-77.5021836075522,-79.90643632238707,-81.81814465841381,-83.10591198728255,-83.78597817388936,-83.9908465302299,-83.9215181736426,-83.79972375022288,-83.82201556259987,-84.11329796827887,-84.68484478440811,-85.41148769795332,-86.04488018303336,-86.27179254008965,-85.8107671060104,-84.52129370098712,-82.48385995571307,-80.00837720368769,-77.5530627100662,-75.58201610708797,-74.43051555326205,-74.24693185968856,-75.02922884108864,-76.70512593488759,-79.17162034257487,-82.24361473110737,-85.54438960927536,-88.4428893560724,-90.14532797413753,-89.96476341801734,-87.6634745236184,-83.67294249051037,-79.02328568695886,-74.96823993164814,-72.48390990733097,-71.90974832032845,-72.91138284248025,-74.74046537982278,-76.60326059134228,-77.93816518406783,-78.51708320564387,-78.40940906248869,-77.89060548603949,-77.34391259307773,-77.15789964458575,-77.6145966790745,-78.79034888110925
15kg_10bpm,4BC,-89.36264634064091,-87.7534359286064,-84.95697039734668,-81.98625513636932,-79.86027846625221,-79.2805953027831,-80.4225749942796,-82.90599459798118,-85.94122978114527,-88.5934733022655,-90.06764353666843,-89.91900430610102,-88.13515618907513,-85.07999616992034,-81.34106002237024,-77.54381560275132,-74.19132836736252,-71.57016335536713,-69.73182279580514,-68.53670133546463,-67.7361942611301,-67.06319754811389,-66.30782015805627,-65.3627766642485,-64.23168319085603,-63.005090766260054,-61.81615961990893,-60.792858044138384,-60.02349966468378,-59.54492845825926,-59.35350019559344,-59.42889837873504,-59.7560962438155,-60.33382892293121,-61.16580599457239,-62.24100909973668,-63.514560241912456,-64.90021680851304,-66.27954001994202,-67.5248579843737,-68.52840615225587,-69.22782299499788,-69.62035122222989,-69.76215053370618,-69.75293021061113,-69.71090555218203,-69.74544034716277,-69.93466635115433,-70.3135420389999,-70.87314070223508,-71.56836402330772,-72.3297115188842,-73.07507680634141,-73.72028153481557,-74.18953658954656,-74.42770970231999,-74.41489880594403,-74.1806497228674,-73.81112602843923,-73.44174450631402,-73.23110459076882,-73.31905466937741,-73.78151597937097,-74.5989305412433,-75.6522614088126,-76.75120221791134,-77.6845174809452,-78.2745424003338,-78.41691757882153,-78.09392951873458,-77.36275520797429,-76.32857145168127,-75.11644226586307,-73.85332061908994,-72.66355689451667,-71.67331964386109,-71.01332802991351,-70.80964971836302,-71.15867937966924,-72.09323044002208,-73.55473927479156,-75.38639561173436,-77.35436084919768,-79.19010987808738,-80.63882595677384,-81.50032542647398,-81.65764611373072,-81.09955947672802,-79.94470426528007,-78.46392405389965,-77.0831162737143,-76.3431043396933,-76.80247958562948,-78.89687449920346,-82.79349083545765,-88.28846688028662,-94.78937792006681,-101.39639533799294,-107.07067050578374,-110.85932457441407,-112.12564288672934
15kg_10bpm,4CA,-90.34911070731974,-86.63485768662218,-83.1034060878026,-80.64249004455571,-79.75105646315076,-80.44692792292145,-82.3628423963308,-84.96361998526396,-87.76699527719597,-90.46327483539582,-92.89560266537852,-94.94551960857386,-96.42105206307157,-97.03751259564947,-96.51979202937825,-94.77451988845907,-92.02624170030914,-88.81695976281455,-85.83755617054854,-83.65919202956766,-82.50193494809369,-82.16596489300372,-82.159443094104,-81.94591993151087,-81.17526662550642,-79.78644381325623,-77.95289366190597,-75.92809484179938,-73.89320791082405,-71.89271739277785,-69.88222775309275,-67.8426469395079,-65.87711489139134,-64.22159174190573,-63.1552434364206,-62.85739743614245,-63.28892511551468,-64.16312516592579,-65.02502644435603,-65.40493788634721,-64.97983231944788,-63.67860994581268,-61.697402752603246,-59.42855608901798,-57.33398727206157,-55.805063920872136,-55.05124082694054,-55.05207125588763,-55.58991338591058,-56.35207088210777,-57.06049737574318,-57.57343482750274,-57.91831148801543,-58.25058243915281,-58.76673350717259,-59.613486303702196,-60.82748954993952,-62.3214063516528,-63.9148991903468,-65.39672503792823,-66.59619538677156,-67.43930344357442,-67.96944181010939,-68.32472133659626,-68.67936062590834,-69.17017745466457,-69.83647783365276,-70.59907455841442,-71.2900686165333,-71.72271150407518,-71.77056688339226,-71.42042145629158,-70.77943658530901,-70.04454738945708,-69.4612787184287,-69.29448007044235,-69.8079724342315,-71.22586859095807,-73.65082631435176,-76.950943384935,-80.67578422868749,-84.08352274745023,-86.32515488423513,-86.74470344836858,-85.1660048690663,-82.01179658333066,-78.17093479531412,-74.66248753109896,-72.26031485871572,-71.2627555760919,-71.50293762927052,-72.55355959502879,-73.97754267481905,-75.4759571324853,-76.87807978849389,-78.03196491802629,-78.70772788637662,-78.59510952486278,-77.40159013645976,-74.99561319652796,-71.52035218824349
15kg_10bpm,5AB,-88.06896909598667,-80.26349569954616,-72.64178011795696,-67.12303892711088,-64.79197534548035,-65.69483401930835,-68.99010295536677,-73.34257407971386,-77.39024681692563,-80.12409706330271,-81.08218812721505,-80.33942357781689,-78.34234524729142,-75.67648874054099,-72.85666487615364,-70.20353190207028,-67.82635155395103,-65.68969814853443,-63.717085345876185,-61.883717141843825,-60.2681716977158,-59.05524807125503,-58.497105202632625,-58.84350791240593,-60.25123481684706,-62.6885291848113,-65.86552582770459,-69.23336489961434,-72.08448082052739,-73.74695986397332,-73.81186228498899,-72.29602981528527,-69.65372441285704,-66.6137130220765,-63.905377211053846,-61.99807213480613,-60.97311684428779,-60.57799014456245,-60.41834732621722,-60.17884099078299,-59.76208327709121,-59.292209826489746,-59.00751428327624,-59.11929587979129,-59.7160573681439,-60.75109141945815,-62.09781804059089,-63.62334460356247,-65.23259279900931,-66.86591405154512,-68.46901106101589,-69.97116837946953,-71.29695767463699,-72.40798456383853,-73.34606251430945,-74.2446074808521,-75.29303410443468,-76.66621683641543,-78.45046597281957,-80.59993529046251,-82.9435913590574,-85.23870012341692,-87.24300194371166,-88.76957772802547,-89.70450954935959,-89.99665245521902,-89.64613924171613,-88.70917334805324,-87.31198749588644,-85.65057380389406,-83.95895443059679,-82.45080682403847,-81.2589207785252,-80.40087125447957,-79.78737898120912,-79.27099608436063,-78.7157593284306,-78.05885064161191,-77.33801788733535,-76.675610894137,-76.23301454930629,-76.16083444648345,-76.56205006671482,-77.46872959688312,-78.82532131718644,-80.47768287451584,-82.17744306947962,-83.61476846296004,-84.48494277361551,-84.57816393932306,-83.86455258754329,-82.53675163404262,-80.97983971783022,-79.66601294334446,-79.00932563884811,-79.24013250203417,-80.34965358539304,-82.11629167156562,-84.1854498219817,-86.16147807078484,-87.68588704638381
15kg_10bpm,5BC,-83.30855439992914,-83.77356351337092,-83.53353944352436,-82.85038295411886,-82.19930390298278,-82.08258875667016,-82.82916977639992,-84.44872135086185,-86.59765856230574,-88.66833238521443,-89.97170028966642,-89.94987506868561,-88.34578698985216,-85.27605127461926,-81.18692980776402,-76.71958318634935,-72.5311730224305,-69.13453168302671,-66.79755474358474,-65.52515960865539,-65.11015758007889,-65.2284107762047,-65.5405827343024,-65.7728548725142,-65.75960190442514,-65.44821979773525,-64.87621074765133,-64.13559088595959,-63.33914534898393,-62.59610226690747,-61.999788531747114,-61.624192703628765,-61.52495273639839,-61.739800588822476,-62.285647039822884,-63.152035933344564,-64.2929154123233,-65.6214752633083,-67.0125626946141,-68.3159956088025,-69.38084028411782,-70.08599937261015,-70.36968810769967,-70.24819667326297,-69.8179211024476,-69.23678888979666,-68.6897005078263,-68.34545867329284,-68.31704814407477,-68.6348571178246,-69.24057180220909,-70.00342335162519,-70.75510165508342,-71.33557921925006,-71.63766783420068,-71.63919541738625,-71.41264108757483,-71.11008436021892,-70.92507531055745,-71.04226925053834,-71.58714741234333,-72.59067479028009,-73.97734921830762,-75.58019817046501,-77.17760178962745,-78.54106892303577,-79.48164309668769,-79.88326573181602,-79.71746379043641,-79.03785859860054,-77.96088457388576,-76.63936533731147,-75.23722310297389,-73.9096894856076,-72.79041778024236,-71.98424032526094,-71.56394079178637,-71.57045678511099,-72.01527374822633,-72.88326276303397,-74.13198111953413,-75.68427407306096,-77.4160812640982,-79.1471035077062,-80.64754972886332,-81.67230620507986,-82.0240926679155,-81.63201572494218,-80.61681690015473,-79.31196128029771,-78.2161435348081,-77.88353592904168,-78.77819807783317,-81.1416089682995,-84.91115826480083,-89.71591224445848,-94.94172598557425,-99.8474829359651,-103.70703588505297,-105.95403926742267,-106.30751673446699
15kg_10bpm,5CA,-97.75512462538614,-93.26121632385221,-88.3379613690017,-84.72092148329034,-83.4945008823658,-84.73540953865228,-87.62324159589011,-90.90734154624568,-93.46597244362741,-94.69545017323061,-94.59690445314477,-93.5963363122216,-92.24746879658028,-90.98046275256678,-89.99155405226882,-89.27423430128825,-88.72476462951876,-88.24036109458531,-87.76084596477625,-87.25359605283792,-86.67478006278435,-85.94290311045042,-84.94218073932254,-83.5517504762757,-81.68498117626089,-79.3229077199896,-76.53155603033039,-73.45879574913971,-70.31081525118947,-67.31314369162553,-64.66659790433864,-62.51166489269713,-60.912109814553375,-59.86019898749597,-59.29634421524992,-59.1309683711864,-59.25900014063737,-59.565665791600914,-59.930315891543124,-60.23713023316516,-60.39590394090503,-60.36617873626348,-60.17082493988263,-59.887047191495,-59.61416196872813,-59.43186629830237,-59.37015928817292,-59.40657510330082,-59.49089907011947,-59.58206663358102,-59.676130090500806,-59.81060562583475,-60.044262179466756,-60.42469198459781,-60.96249342811945,-61.62744930172124,-62.369703021914205,-63.153854095714436,-63.9858098811206,-64.91657387730723,-66.01951227724875,-67.34883936752756,-68.89287926216426,-70.53820451257768,-72.06173270241091,-73.16468919068241,-73.55202476270053,-73.0437877285134,-71.68564761144921,-69.81225348439231,-68.01871818294852,-67.01873347530561,-67.4108946456315,-69.42538941139519,-72.7572812731209,-76.58412722675146,-79.80327482902463,-81.42524384687486,-80.96918548043,-78.67983901509753,-75.45170471036131,-72.48096292854045,-70.79861461238508,-70.893029799203,-72.57652691189413,-75.12573625775137,-77.60415450742413,-79.2164268466299,-79.55998059448413,-78.70226320108597,-77.08605240838848,-75.326009583381,-73.98960315367931,-73.44437719306438,-73.80612650186329,-74.96491453224799,-76.63462033460404,-78.38730218567423,-79.68063899372281,-79.92405077425502,-78.62115020137976
15kg_10bpm,6AB,-86.54193766802666,-80.15625981062585,-74.36199749735536,-70.24346990611477,-68.22436032770399,-68.04966789733781,-69.01377769667485,-70.31462030922177,-71.3692541252692,-71.96433751991755,-72.2096927378982,-72.35784772781024,-72.59994983261485,-72.936980268995,-73.17337504121699,-73.01870858394052,-72.23903635115725,-70.78757405435103,-68.862993199787,-66.87754408563836,-65.34930552588484,-64.75393112605127,-65.3803118883615,-67.23342831564796,-70.01650019331532,-73.20240151476972,-76.1737682855063,-78.38404141204119,-79.48325950483547,-79.36889809768988,-78.15555950189166,-76.09109793574088,-73.46401933472383,-70.53984532294213,-67.53868187585141,-64.64008285259882,-61.991594945290515,-59.70735108042002,-57.860150982604964,-56.47831725242972,-55.552189776933204,-55.04403038776097,-54.892701986337535,-55.01382842736558,-55.30692291376275,-55.68008616865371,-56.08794092793819,-56.561389749175675,-57.20479666980369,-58.152982853377225,-59.50593315293242,-61.27459558869384,-63.36615105630108,-65.61627915179419,-67.85225404802046,-69.95645508812966,-71.9014389073331,-73.74332328859862,-75.58042022816416,-77.49795616435239,-79.5219285792345,-81.59751456566046,-83.59614118024031,-85.34606673948996,-86.67593679704065,-87.4582899203455,-87.64035353094414,-87.2543914230227,-86.40835833881853,-85.26417204109673,-84.01068155830882,-82.8334296011169,-81.88100622630306,-81.23238648805905,-80.87682860391324,-80.71986316391329,-80.62197009881206,-80.46295058305932,-80.2105629714222,-79.96367213401443,-79.94374171410136,-80.42532985761473,-81.62079991584832,-83.55654625051537,-85.98866084428582,-88.40160971636894,-90.11389364340356,-90.48025935510948,-89.13670015113196,-86.19872179916504,-82.31754730375357,-78.53826881277215,-75.98289008272418,-75.46780871194483,-77.21138977152278,-80.75854623514009,-85.15389371964892,-89.28302017149198,-92.23381650588526,-93.53859622992373,-93.22877780334719
15kg_10bpm,6BC,-86.07923514426733,-82.79228102354455,-80.36973716816206,-79.18454872136454,-79.39290607590075,-80.87260688056031,-83.23594690418332,-85.91395942526648,-88.28886443942073,-89.82857125913368,-90.18664385242582,-89.24366941810001,-87.09269277103596,-83.98458036620595,-80.25505065640188,-76.25562436457136,-72.30091064895845,-68.63922438879764,-65.44359189765675,-62.8173063550623,-60.804727911460716,-59.40091607953108,-58.5583883250179,-58.19266900754503,-58.191430375148265,-58.4302987555165,-58.79441065390534,-59.20069389909877,-59.612983096945925,-60.04432251191982,-60.54402044992589,-61.17425135872208,-61.983698216982646,-62.987673701887886,-64.16037984848464,-65.44097417021534,-66.74953271668475,-68.00620726338622,-69.14669452977732,-70.12941046662547,-70.93403158647095,-71.55453557696377,-71.9925096819254,-72.25535377327256,-72.36088179861464,-72.3453717188474,-72.26849573326413,-72.20878035405202,-72.24703720001321,-72.44175081470695,-72.80645736351057,-73.30074467776048,-73.84316741375075,-74.34419518939063,-74.74830407620455,-75.0659860711993,-75.37932378004582,-75.81229486694974,-76.47489086604674,-77.40135374548018,-78.51107185795367,-79.61052786163356,-80.44124861238575,-80.75686173771531,-80.40210210130677,-79.36418055997844,-77.77946228970201,-75.89522366065746,-74.00084048085495,-72.35392766144423,-71.12339655039017,-70.36563840906608,-70.03481618817251,-70.0208801991014,-70.19923725538382,-70.47706230263852,-70.82248876095318,-71.2700021951887,-71.90149914280593,-72.80925782444919,-74.05149023195743,-75.61175164841919,-77.37355509438719,-79.11816532140463,-80.55447473001783,-81.38193329838543,-81.38109453208638,-80.50849656031534,-78.96379723095774,-77.19239386286554,-75.80471065295217,-75.42527781815824,-76.5138433921984,-79.22091909533339,-83.32397104111813,-88.26845390347698,-93.29133447603465,-97.59335246014223,-100.51442594806306,-101.679113970705,-101.08140262710988
15kg_10bpm,6CA,-91.31992962125896,-87.68842091288353,-83.38991059710074,-79.77843650996176,-78.00109326839363,-78.63728624827826,-81.54845987207868,-85.97531691791838,-90.82434411696339,-95.02229123204269,-97.81000128729393,-98.88958936121075,-98.40572116874766,-96.80358068918211,-94.63927532946212,-92.4143232718789,-90.47412479885391,-88.97373017215159,-87.89324400676864,-87.08390667941983,-86.33254331190841,-85.43328899289314,-84.24968707732486,-82.74696435363164,-80.98203000870603,-79.05670781092465,-77.0584322941398,-75.02050238679765,-72.92438037401747,-70.74296850112134,-68.49938739768477,-66.30538286456911,-64.35342246209183,-62.860412019837035,-61.985486479513845,-61.75769740918841,-62.04648809294312,-62.59069114894188,-63.07783910753895,-63.24462219526292,-62.9598238352692,-62.25709098347411,-61.30427427250146,-60.32168032781753,-59.4832007739238,-58.84263084327512,-58.3183825716348,-57.74578011004482,-56.97581747972334,-55.97548122795151,-54.88031489929162,-53.96959250933858,-53.57089060332996,-53.93626787786671,-55.1469679241675,-57.088273880398695,-59.49991898887841,-62.07199580063762,-64.54017118399676,-66.74209413769408,-68.62060753725487,-70.1848230219404,-71.45549905770534,-72.4216625194535,-73.02476569018071,-73.17360081227328,-72.78449957055805,-71.83741293266924,-70.43499435760255,-68.84466773268274,-67.49469514652561,-66.89520003944462,-67.47784093733382,-69.39522332124776,-72.37017147721572,-75.69579575251404,-78.43302123074562,-79.74949364227923,-79.25279261774482,-77.15520548708659,-74.18689598403267,-71.30458699280412,-69.34318973005712,-68.7683795738169,-69.61137705478647,-71.56145088987711,-74.12543656658374,-76.76797150858411,-78.99903530203352,-80.42835856701788,-80.82141653694251,-80.16508117787262,-78.71039163195555,-76.94227303774436,-75.45046320053716,-74.7295648163926,-74.98332283318959,-76.01833518726365,-77.28013930587076,-78.02938442479605,-77.60319274082967
15kg_10bpm,7AB,-82.89595217253655,-79.06625692027347,-75.1182911269798,-72.24033236371875,-71.16623643151914,-71.96261842962329,-74.0841180110508,-76.63406794031611,-78.7034976591724,-79.65766885627662,-79.28140740393427,-77.75861717527657,-75.52441762686595,-73.0692362533045,-70.77774075182262,-68.85295141549496,-67.32834815488259,-66.13544538928264,-65.18457151489851,-64.4263205820767,-63.876768373106515,-63.604087758482244,-63.68761667825164,-64.1710396083142,-65.0323291235813,-66.1805015073661,-67.47134350242514,-68.72659427616952,-69.74993229780357,-70.34753496264833,-70.36378439239236,-69.72901193330658,-68.4982194132313,-66.85432299697017,-65.06347165697608,-63.395403414182795,-62.0419792635508,-61.069214048660044,-60.42195541203667,-59.975768222497315,-59.609874255621314,-59.26725076700982,-58.976595189298656,-58.831753319017636,-58.94593593689963,-59.40749776408503,-60.256236617025046,-61.48180526982618,-63.032853827384024,-64.82533692619846,-66.74805188328166,-68.67269863209594,-70.47622278905881,-72.07453419359405,-73.45529084265965,-74.69122854744987,-75.91964839616557,-77.28802961594349,-78.8840311016715,-80.67998947916101,-82.51892912874187,-84.15137746867794,-85.30994900048533,-85.79391597486287,-85.53489972925524,-84.62487939988726,-83.30112095428039,-81.89250391576566,-80.73722406417902,-80.08768189230587,-80.02780601977817,-80.43584972060518,-81.0198513245339,-81.42665651347568,-81.3878155730664,-80.83911039488314,-79.95513249029058,-79.07879821659218,-78.57881243876913,-78.70460297281782,-79.504838349037,-80.83498789505629,-82.42947289713649,-83.98725212823128,-85.22973819667715,-85.9238340759734,-85.89375967958055,-85.0525758268381,-83.46408656671775,-81.40974954224964,-79.40576106600186,-78.11725963818232,-78.16015979940721,-79.84880040727776,-82.99918191212588,-86.89641261608162,-90.47409993114387,-92.66111276331927,-92.77235231332915,-90.78951454133684,-87.40679744556338
15kg_10bpm,7BC,-97.98560512392366,-93.93690029804098,-88.97852029530408,-84.41276489638636,-81.32350664030547,-80.26882751324847,-81.1483397154535,-83.27809376829795,-85.63607954699226,-87.19277881520388,-87.21072662986616,-85.42613160274709,-82.07005470253452,-77.74196813789843,-73.19772086395514,-69.1236100266241,-65.96648890304746,-63.859756846921606,-62.65049426589004,-62.00630254175384,-61.55533910849737,-61.01368603574729,-60.26277133240739,-59.36029936345464,-58.49324867276854,-57.89596765307698,-57.76606214483075,-58.20490084055127,-59.197073176921656,-60.62919416350939,-62.33372802401488,-64.13934534372693,-65.90968697268552,-67.56020100088358,-69.05327525262504,-70.37928782466547,-71.5356479116666,-72.51315236983599,-73.2936736303325,-73.85731135009574,-74.19371355349999,-74.31235041728115,-74.24806838589716,-74.06078765181687,-73.8292982430823,-73.63967204482859,-73.56959450751114,-73.67037128118984,-73.95037404969888,-74.36528657818735,-74.82077205554884,-75.19191059884237,-75.35758442045514,-75.24132216752346,-74.84439610269939,-74.2550932867737,-73.62593821854296,-73.12196849922042,-72.85862343906742,-72.85590945120094,-73.03048187549261,-73.23277237865581,-73.31276324542141,-73.18555500852543,-72.86649528750476,-72.46084940594552,-72.11516620710361,-71.9528734629724,-72.0230893447913,-72.28119938682187,-72.60527219076664,-72.83828544012333,-72.83892801446237,-72.52707578159126,-71.91423512664272,-71.11492534413925,-70.3362048481344,-69.84209573873045,-69.89572268134573,-70.68920794956246,-72.28013516958632,-74.5556624637635,-77.2355592818777,-79.9153428947579,-82.1392649473314,-83.4890327717126,-83.67812848677913,-82.63982843784751,-80.59423282362972,-78.07094389253976,-75.85594946997857,-74.84800924657681,-75.83651015979275,-79.25292310573516,-84.97966800223074,-92.29002592474853,-99.96416789193314,-106.5632097819672,-110.78646613824566,-111.81210137126088,-109.51349019077026
15kg_10bpm,7CA,-94.33035251514744,-89.83478381992822,-84.4884200516865,-80.26657649865685,-78.65085798934146,-80.102237055358,-83.99675321359365,-88.98857127127529,-93.57490355434642,-96.60380090137508,-97.56552383700209,-96.62385949730003,-94.42025267759654,-91.7482233258549,-89.24844651030313,-87.25534415778978,-85.82145591695826,-84.83444814970166,-84.11369156033913,-83.43736370266271,-82.5353729597672,-81.1140676384115,-78.94299945636158,-75.97299617953054,-72.41930976125676,-68.75467759615327,-65.59931230040493,-63.53904653665003,-62.93148805831674,-63.76916055430056,-65.6564934926028,-67.92142667456133,-69.82837504702717,-70.80981877625084,-70.61953817680354,-69.34739656060854,-67.30698285657309,-64.87232731105614,-62.35751681592728,-59.990883054279095,-57.96201959941661,-56.469386292073544,-55.707740374428845,-55.79587694900441,-56.70075314313231,-58.2195179921229,-60.0392478920836,-61.84011499605921,-63.38065905974432,-64.52565829234128,-65.22777158292332,-65.50393381033409,-65.43256372651642,-65.16384222435549,-64.91701893374079,-64.94037605653996,-65.42382065345106,-66.3846287718451,-67.58965994168388,-68.59587815943283,-68.94571668430203,-68.45378225731416,-67.43051570281365,-66.67520223502521,-67.16324037506743,-69.51973676164779,-73.53885544902778,-78.06711681437476,-81.42483469414847,-82.2158124344007,-80.07824979763726,-75.90774078321778,-71.40371018376703,-68.23161987401598,-67.31000833555957,-68.57352360570532,-71.2135325921581,-74.14851676239356,-76.45620935755962,-77.62224228154237,-77.58611548590908,-76.63713710382,-75.24412637230958,-73.90240289177689,-73.04178697750162,-72.97568636118513,-73.83758131080272,-75.48628734530469,-77.44264107940126,-78.96946087056881,-79.35213861952798,-78.28561008893942,-76.13512742278932,-73.84937655064603,-72.49995940469049,-72.67401143216435,-74.07453621331464,-75.59123561921352,-75.84760959422829,-73.9550220748433,-70.06404952617133
15kg_10bpm,8AB,-88.08558721340424,-82.90304904365726,-77.12874576366016,-72.29367523211826,-69.44358932149645,-68.90761034038738,-70.33816372517268,-72.95005486596753,-75.8307345526943,-78.20133597427355,-79.56050095615136,-79.70706718318773,-78.68419404577793,-76.70076514860945,-74.06800152835693,-71.15707518377006,-68.35958768434564,-66.03220145680774,-64.42714458183096,-63.6338552983809,-63.56342575229837,-63.98961716420502,-64.6306776880826,-65.2365520098835,-65.64905331617051,-65.8218908604129,-65.80635267085687,-65.71643522451758,-65.68602212264217,-65.82682891511611,-66.19298212198653,-66.75713164953096,-67.40350723344199,-67.94401819175076,-68.16132007427065,-67.87445843954791,-67.00921562000657,-65.6444805987937,-64.007989563124,-62.41336150868865,-61.1582917439472,-60.4256551458748,-60.23140101426082,-60.44262471629017,-60.855958924870045,-61.29740897439246,-61.69542478066875,-62.09422878549629,-62.60613991778547,-63.333370011562586,-64.30436073317829,-65.4587970046127,-66.68528088564865,-67.88476723682595,-69.02069317907407,-70.12949856796602,-71.2912662362879,-72.58116481635682,-74.0273874504528,-75.5925582201627,-77.18249464387641,-78.67600753157664,-79.96367423309623,-80.98146847633689,-81.72674515568357,-82.2504391791445,-82.63018234475857,-82.94023644655582,-83.23783039789244,-83.57523904765375,-84.02544872514584,-84.69081509144,-85.66560572287455,-86.95011404166273,-88.35328462700029,-89.44799673097327,-89.63786734346021,-88.35257772917487,-85.32387484135053,-80.833672542701,-75.80104474866968,-71.61064519730003,-69.68432235708545,-70.92840829304025,-75.28716773621701,-81.63115175240887,-88.08366102530304,-92.68596785876119,-94.12842915906931,-92.22687919203152,-87.9333434187179,-82.88772019045278,-78.73481252351918,-76.53538492875822,-76.53209419287822,-78.32509337974187,-81.28561361317134,-84.92536462958363,-89.00814390513813,-93.38717800400997,-97.7421362657702
15kg_10bpm,8BC,-86.87093025583665,-82.82230455704202,-79.74346291803471,-78.24415336058638,-78.62165322751956,-80.75071365768959,-84.09769052541698,-87.84921845272827,-91.11633735281424,-93.14547982586392,-93.47978379538284,-92.03163554914391,-89.05878237181585,-85.06399335729719,-80.65014316835263,-76.37640989947585,-72.64848613896453,-69.66720178217682,-67.43557445415061,-65.811876532168,-64.58511629174357,-63.54786196045419,-62.54947281035431,-61.52047036053606,-60.47043074055854,-59.465858780531725,-58.59957319583429,-57.961214456984315,-57.61647462775315,-57.598179840895824,-57.9080406632438,-58.52509646304215,-59.41515144863077,-60.53721991199878,-61.84517468821379,-63.28578452478683,-64.79622331534094,-66.3043164635824,-67.73329335621727,-69.01069200332009,-70.07874927912029,-70.90320626292284,-71.47762773147264,-71.82276813159037,-71.98175259354093,-72.01280804850926,-71.98112328944349,-71.9501144368104,-71.97228678533322,-72.08008128176341,-72.27891907936886,-72.5454978506541,-72.83378471348308,-73.08911656673943,-73.26679205763622,-73.3498240593969,-73.35913919991661,-73.35235450194975,-73.40999123200469,-73.61293024176243,-74.01796413216783,-74.63934013290601,-75.44223864454905,-76.3491083260142,-77.25627149111256,-78.05416948953577,-78.6456733897605,-78.95820926768242,-78.94894313504075,-78.60441758820996,-77.93733958017184,-76.98378308509896,-75.80239322784236,-74.47530623659456,-73.1082717359598,-71.82579126865593,-70.75877281231955,-70.02492549791944,-69.70641873229415,-69.83158490647037,-70.36678918266188,-71.2222325895549,-72.26949706783333,-73.36661286966897,-74.38399631449374,-75.22697155950175,-75.8536112398375,-76.28999328077585,-76.6463185129599,-77.13128652087586,-78.05511119361456,-79.80298003750958,-82.76059722139256,-87.19087695434293,-93.0847004900191,-100.04309221193785,-107.25056379206583,-113.59088128473913,-117.90048647622152,-119.29834056172503,-117.48246113967647
15kg_10bpm,8CA,-92.18426441552216,-87.23369363468206,-82.45025524371792,-79.41025643846787,-78.92597337678563,-80.77912732951648,-83.92964169225097,-87.05196105335592,-89.11559136424485,-89.74320419377689,-89.22613479573101,-88.26095073496907,-87.58495744609647,-87.68327245586622,-88.65243025256683,-90.21609346535772,-91.84748679975581,-92.94956899735386,-93.04266048277435,-91.9027418588245,-89.60429870997989,-86.4614644778278,-82.908588116266,-79.38158268973565,-76.24214436290487,-73.74833966774978,-72.04893046804791,-71.18022040545837,-71.06234703241326,-71.50581686787713,-72.23848591465952,-72.95327679930642,-73.3673845650312,-73.27890134857888,-72.60580412431158,-71.39428689401997,-69.79002635580048,-67.97819923386156,-66.11267654760631,-64.26429218287386,-62.41447643726659,-60.501150756062515,-58.49607402512596,-56.47263502769151,-54.62414714765994,-53.216300410535716,-52.4910559874253,-52.5648503956453,-53.36863187808643,-54.65904055919559,-56.09757074327126,-57.36334014683365,-58.25091151795692,-58.71496773149147,-58.85260743135028,-58.84435689298144,-58.88841945040468,-59.15385434754397,-59.758904504283464,-60.76605222764374,-62.18106949163616,-63.94685895386574,-65.93178789495073,-67.92363180987418,-69.647426803282,-70.82105945487045,-71.24522895595128,-70.90243626327927,-70.02404599978544,-69.08219197534032,-68.67823674073163,-69.33575910312885,-71.26015666065581,-74.17501865917434,-77.34704161768654,-79.83890008582033,-80.9034133293143,-80.3260873718619,-78.52065331612978,-76.30949886348633,-74.50815091940208,-73.55342165992028,-73.38066307450335,-73.59134825326451,-73.77590787622238,-73.7842097543216,-73.79642382664743,-74.1790268451364,-75.2263514322795,-76.93438022601929,-78.92656266716106,-80.5754409979696,-81.27090043081158,-80.71086068672912,-79.06766372250875,-76.93304901279765,-75.05269193784679,-73.97536376575772,-73.79460610293245,-74.11607420089716,-74.26623628828649
15kg_10bpm,9BC,-90.71734138204165,-87.67841640780736,-84.5092600098045,-81.95039378850306,-80.53977679900201,-80.43863945723096,-81.39476600693627,-82.84198472415173,-84.09693308916012,-84.57542060134395,-83.95723697798837,-82.25020594938488,-79.74620198698895,-76.89930723920045,-74.17329317107426,-71.91236710619818,-70.26759697559208,-69.19380668539876,-68.50255849817904,-67.94698322322243,-67.30660614309818,-66.4479239190691,-65.3480385345374,-64.08213832534766,-62.78735711611504,-61.61818546474757,-60.70922435835007,-60.153039305208154,-59.99503684593888,-60.24010781753919,-60.86428124756395,-61.82539840646135,-63.06942409859492,-64.5323206358553,-66.13905897647908,-67.80210752637043,-69.42214965965744,-70.89327024870244,-72.11389202221851,-73.00266152387728,-73.51561424131157,-73.65941596742994,-73.4943483031529,-73.12471241266758,-72.67762757139246,-72.27648987492299,-72.01725416847863,-71.95433593604996,-72.098961368067,-72.4271411783184,-72.89228152527757,-73.43646227990659,-73.99773210009599,-74.51400886532512,-74.92646094997518,-75.18535117949737,-75.25902562467313,-75.14405021165186,-74.87209778068227,-74.50870957852622,-74.14176669217544,-73.86055693306605,-73.73160870552061,-73.77901367523731,-73.97747836807592,-74.26128679295097,-74.54700178719611,-74.76186573269138,-74.86664644925524,-74.8633006933864,-74.78263849445273,-74.65638403748893,-74.48508400811521,-74.21885461269534,-73.7641427931763,-73.02187491393639,-71.94665155580287,-70.60673057084341,-69.21631798545168,-68.11997294642936,-67.7210292827667,-68.36678541645702,-70.22196070860154,-73.17170889968106,-76.79713221805378,-80.44249277943422,-83.3721716253877,-84.97424289076436,-84.95305598661957,-83.44252491468687,-80.99959236519955,-78.47253567356074,-76.77814065977876,-76.65770823688631,-78.48027828629328,-82.15405487920148,-87.16056570602233,-92.69958083633176,-97.89268436907207,-101.98585620661635,-104.49797282033119
15kg_10bpm,9CA,-85.66277789259576,-83.4235313852149,-82.05070857942766,-81.42349777701682,-81.60914499529,-82.71574144233247,-84.70906418950847,-87.33363554369119,-90.17368535314858,-92.78948254420818,-94.83737431954906,-96.12281268384723,-96.59254972300799,-96.3013874110547,-95.38329236643482,-94.03377087383701,-92.49034159823057,-90.99346466094379,-89.723196614738,-88.72839960826845,-87.88243067663598,-86.90052595144445,-85.43317959106848,-83.21140556773784,-80.18369326552771,-76.57538944496793,-72.83058635419215,-69.45319525105661,-66.81820212992132,-65.04344745205644,-63.98163974067178,-63.327760683438726,-62.77791371594844,-62.15779147594444,-61.46879790578491,-60.85144350797589,-60.50231125211804,-60.584956304567555,-61.15914404051908,-62.14089262853761,-63.30492892896627,-64.33792089898711,-64.93379533135433,-64.89855950344894,-64.21963471441072,-63.06625658386204,-61.719358600906034,-60.46396214943296,-59.494414198040445,-58.87310810141116,-58.55319190306204,-58.44318323298241,-58.473444729894894,-58.62828446585911,-58.92983792159013,-59.39014843904707,-59.96974151172885,-60.57879728897212,-61.128310272386585,-61.60128088087319,-62.094839137448204,-62.79744867593976,-63.90194982480352,-65.49201730295566,-67.45682815702789,-69.48044944964208,-71.12510292727096,-71.9916490564171,-71.90591008155143,-71.05548181789756,-70.00060527210641,-69.51574712017435,-70.2866385901499,-72.57124790273255,-75.99013561094522,-79.591303997478,-82.21481849010934,-83.00767361761302,-81.81868393036086,-79.2416517682433,-76.27757457568981,-73.82609972730992,-72.31837112846421,-71.6884778737462,-71.63748384758405,-71.95725945190094,-72.67814138131575,-73.96203282538971,-75.84991709776557,-78.06351037057236,-80.01328190910996,-81.02721200713536,-80.67680825134926,-79.01670234752551,-76.6008721087866,-74.26272060639715,-72.77484922457626,-72.56135522390434,-73.59042161784431,-75.46368584346985,-77.61655961282644
15kg_16bpm,10AB,-89.79979227093479,-85.13778144633892,-79.87071605256601,-74.85515898192938,-70.77046337662668,-68.00860937810263,-66.64919910823603,-66.51663286364604,-67.28106234168644,-68.56856468892124,-70.0431253329845,-71.44507384445458,-72.58964185233569,-73.3441516568085,-73.60796458733572,-73.31121504859127,-72.43456844078426,-71.03852519007954,-69.28206285500922,-67.4148268274841,-65.73602968287766,-64.52905478231047,-63.9919864963351,-64.18504741211845,-65.0148872243856,-66.25666563164394,-67.60914734616807,-68.76266810527645,-69.46163743367613,-69.54704090129104,-68.97044114614097,-67.78426471350532,-66.114068637474,-64.12586204439916,-61.99584699150162,-59.88833463182012,-57.94184349933411,-56.261242752011015,-54.913982531811776,-53.9297937620946,-53.304885208367295,-53.01101658521457,-53.007929166108106,-53.25553440721899,-53.7223673602226,-54.38865563463056,-55.245547033529974,-56.29305178125392,-57.53885026370877,-58.99744795633772,-60.687701491798705,-62.62645992376863,-64.8181245042677,-67.24299653628934,-69.84834280446208,-72.54721742642208,-75.2261729136997,-77.76145100545355,-80.03891589691767,-81.97215783907252,-83.51354761431026,-84.65508855851913,-85.42058764473961,-85.85301742890381,-86.0029688991971,-85.92213904290944,-85.66307348200448,-85.28305820187575,-84.84816099563011,-84.43375442049195,-84.11935833930212,-83.97787030821623,-84.0612294828537,-84.38525338199594,-84.91882200038557,-85.58086888046145,-86.24972438224722,-86.78352863401648,-87.04819848267105,-86.9452996798902,-86.43179972021119,-85.52904237735387,-84.321483837669,-82.95267737944837,-81.62149240013837,-80.57721122278792,-80.10230477242382,-80.47300419780956,-81.89683641110017,-84.4456376646377,-88.01400203962531,-92.32923256246391,-97.0136732386353,-101.67132565922975,-105.9572634463532,-109.59927133888614,-112.37425445752959,-114.06908577145981,-114.46622017335173,-113.37818188088028,-110.72818109340231
15kg_16bpm,10BC,-94.66052110644785,-91.90137374026693,-89.42717196852257,-87.5020865426439,-86.29721772206375,-85.85884603624955,-86.09737507006005,-86.80224734694426,-87.67913004939321,-88.40166087511527,-88.6680803419184,-88.251723429474,-87.03493912379462,-85.0214272193667,-82.32647301626236,-79.14877583605994,-75.73075920115657,-72.31708118180953,-69.11886825928349,-66.28874861863598,-63.909564162476734,-61.99614653107936,-60.50698947788171,-59.36217569168429,-58.46386810118078,-57.71582055698964,-57.03927327553434,-56.38396103186071,-55.733675735493875,-55.1061312026269,-54.54800327255348,-54.126187497907935,-53.9164820496019,-53.99117542832047,-54.40738979154635,-55.19770607120545,-56.36421705866753,-57.8768003831562,-59.67582828304873,-61.67835071900719,-63.78661897615738,-65.8975893032996,-67.91201332016776,-69.74195233358391,-71.31621229852469,-72.58362235433518,-73.51420428313585,-74.09857310628067,-74.34608008058036,-74.28204674598652,-73.94442513835413,-73.38025925387532,-72.64250783763543,-71.7876194606828,-70.87416221940174,-69.9625168323932,-69.11520853413003,-68.3970122952078,-67.87372539493431,-67.60856931220388,-67.65577725631259,-68.05171458059826,-68.80467221440011,-69.88525330746391,-71.22007362654598,-72.69080458150312,-74.14026764701539,-75.38648296337857,-76.2444466039957,-76.55340727497295,-76.20651634212444,-75.17888184937398,-73.54853881243415,-71.50466168272949,-69.3394112485709,-67.42095912935035,-66.14792408404823,-65.890020898865,-66.92432572545646,-69.37820189378458,-73.19061267002783,-78.10390194714061,-83.69052669568505,-89.41218352789326,-94.7029461770189,-99.0618736542834,-102.13570721149556,-103.77541485661907,-104.0556839705469,-103.25315136008759,-101.7869601870924,-100.13667087319853,-98.7543840919753,-97.98809284272996,-98.03173596137536,-98.90949684094011,-100.49254710768591,-102.5404571736895,-104.75572964393596,-106.83673422731657,-108.52129096437307
15kg_16bpm,10CA,-106.61354709794145,-106.70296664145656,-106.73002879489393,-106.252980675819,-104.7764043764332,-101.98031222169193,-97.91134481759738,-93.05235786260619,-88.23328474884599,-84.40825253534933,-82.38366886122834,-82.58840665818258,-84.96543962130217,-89.0049704185683,-93.89719179898353,-98.74605014959104,-102.77366313579648,-105.46351148743693,-106.61126521678918,-106.29151580939269,-104.767287433437,-102.38332280774246,-99.47834436607754,-96.33319192742698,-93.15551059144032,-90.08709443796641,-87.2189260353383,-84.60301234943071,-82.2581601165595,-80.17315264755857,-78.3119305522377,-76.62288204434401,-75.05090572831833,-73.54788447377561,-72.07806970858519,-70.61743516127432,-69.14947182621468,-67.66119487525908,-66.14196643251945,-64.58528899476862,-62.99178371738251,-61.37122267914188,-59.742628241195106,-58.13268123188381,-56.57297619641784,-55.096576322430934,-53.73387265202472,-52.5080013831534,-51.43074108833245,-50.50040376857979,-49.70366131827033,-49.02203188719882,-48.44215955922356,-47.96661815682125,-47.62067159915239,-47.45106410435674,-47.515162325955345,-47.863228206721615,-48.51947125145822,-49.470142508948655,-50.66494698701751,-52.03388174763751,-53.51456763068089,-55.078849996503024,-56.7460920216296,-58.5734583478601,-60.623516636105535,-62.918402063656444,-65.39936754064762,-67.91073970996234,-70.22268272843033,-72.0936595718171,-73.3560860815677,-73.99539128751783,-74.18410708961886,-74.24606968066708,-74.54630263043101,-75.34028084209592,-76.6402365895371,-78.16336641844114,-79.40139284032068,-79.79897141117947,-78.9826082172683,-76.94519349060806,-74.11003096981547,-71.23438834703659,-69.18449018686357,-68.66136002181996,-69.97703030525817,-72.96114121830416,-77.01967034349839,-81.32014922744274,-85.02508495405819,-87.4944793963629,-88.39415281782597,-87.693221904635,-85.58014603973525,-82.35173710913065,-78.33394706137601,-73.85997868089926,-69.2927342748899
15kg_16bpm,1AB,-80.51326197689487,-74.8745202917137,-70.30921075918042,-67.62118135442964,-67.03687400013108,-68.21296550558608,-70.4227344291664,-72.83300509627388,-74.76769446487025,-75.87522105742879,-76.1600168522507,-75.89622316468521,-75.47230548348467,-75.22968744289253,-75.34979450260029,-75.81622307880541,-76.453294173975,-77.01378719821683,-77.27615695896594,-77.11405744030009,-76.51505680254218,-75.55103041246572,-74.32109877421217,-72.89787839684344,-71.30268455778219,-69.51848316441759,-67.53205677694639,-65.38228790687376,-63.18961958685828,-61.14855880592738,-59.480962655202475,-58.36675382774314,-57.878816314685984,-57.950481809489844,-58.38879894010716,-58.92790964471223,-59.3023555946064,-59.313694649924585,-58.871965619901104,-58.003835310966544,-56.83000327388865,-55.523598488433464,-54.26409250243629,-53.20220899836131,-52.44535310656792,-52.062616300708456,-52.099454359574864,-52.58806738304085,-53.54542294622359,-54.96139793629712,-56.78841915128082,-58.94356950065639,-61.32593252579402,-63.84123255692282,-66.42047230550037,-69.02374816140234,-71.62908543527928,-74.21478180853896,-76.74510518774495,-79.16499448264582,-81.40377949192772,-83.38450773728873,-85.03586975936591,-86.30429702084126,-87.1636822229932,-87.61989667689055,-87.70792520082973,-87.48301494303112,-87.01083650129435,-86.362589042751,-85.61744280342766,-84.86716560845936,-84.21168012705553,-83.73507904636834,-83.46325145111471,-83.31992424734419,-83.11126241737863,-82.56582918361276,-81.43511750485868,-79.62997485059397,-77.3369864379502,-75.0552343314362,-73.51349375475299,-73.47075542761226,-75.45900315683514,-79.55481402116114,-85.27457939970375,-91.64957906214724,-97.4722821439555,-101.64726252619072,-103.52682783771677,-103.11437236053646,-101.06015291962545,-98.44191440639803,-96.41393294029866,-95.84731817639928,-97.08765563992107,-99.9009177990593,-103.59351751542323,-107.23897102972641,-109.92069424845579
15kg_16bpm,1BC,-86.89727023613042,-85.68175817099421,-85.21600780331282,-85.57702550311677,-86.72741164382523,-88.50261897875714,-90.6238920660281,-92.73542953709226,-94.45906840755065,-95.45525452386343,-95.47656421625828,-94.40454600391868,-92.26070942175842,-89.19284240564816,-85.44161325480664,-81.2945552380256,-77.03975568189698,-72.92722933233462,-69.14462260486506,-65.80866009996382,-62.96949133855986,-60.62462054969507,-58.73604835006363,-57.24637445580928,-56.091707787489,-55.21035767274091,-54.54831030802331,-54.06258322566865,-53.72335492917228,-53.515198966170985,-53.436763782482096,-53.498571599172344,-53.71893744128307,-54.11838977892279,-54.71382831636441,-55.51344774494916,-56.513389255687095,-57.69644687190171,-59.03249922453363,-60.48051427399575,-61.991637106616786,-63.513072797411574,-64.99271151886143,-66.38405660866876,-67.65098064649166,-68.7713365764871,-69.73846940478829,-70.56024913062443,-71.25535951382399,-71.84765913140113,-72.35991008250004,-72.80825565454283,-73.19888340719156,-73.52752054840003,-73.78207368389863,-73.94781736865292,-74.01395578709099,-73.9800759073803,-73.86059007305387,-73.68585369073374,-73.4987831291337,-73.3470600453536,-73.27233935142391,-73.2987290121863,-73.423918960207,-73.61537570574659,-73.81373534412423,-73.94376664532582,-73.93107870434157,-73.72203559522136,-73.30235781531243,-72.71070364844367,-72.04323500938689,-71.44607202574049,-71.0961293484825,-71.1713657737475,-71.81539318676194,-73.10280658747773,-75.01250304446398,-77.41761350838262,-80.09485122426099,-82.7550867791839,-85.09151972360607,-86.83603101694828,-87.81419914342275,-87.98578313393938,-87.46374919476298,-86.50683954556608,-85.48394798827078,-84.81809448296751,-84.91654648444378,-86.09892099181795,-88.53457322939023,-92.19869392533056,-96.85931690570379,-102.09649188944854,-107.3548193806033,-112.0254232379501,-115.54251078977241,-117.4787630691541,-117.62364795916
15kg_16bpm,1CA,-93.99407899709642,-92.80831977553312,-91.29584752305215,-89.64090386812568,-88.15451156210686,-87.187112837131,-87.02909939240872,-87.82544935010878,-89.52717775781348,-91.89337066706842,-94.54111583413909,-97.03153412349995,-98.96801772231402,-100.0828189986216,-100.28767044991962,-99.67936417669708,-98.49774227034278,-97.05273230575513,-95.63970878676693,-94.46634387167383,-93.60989625153323,-93.01035736476949,-92.50049738169047,-91.85900832621803,-90.87384478825106,-89.39890202907695,-87.39200745285927,-84.9265174731464,-82.17469737101514,-79.3671902055188,-76.73815921979642,-74.47017977168778,-72.65194470507883,-71.26188427440808,-70.17951350042321,-69.22281152085583,-68.19778516976622,-66.94594104128306,-65.3763329057542,-63.47449900220681,-61.29153511492903,-58.9203348461499,-56.47087624377766,-54.05197622808798,-51.762734337293274,-49.691109465036924,-47.91485153664795,-46.500457865305634,-45.49893130123209,-44.93954345659745,-44.8252302387249,-45.13186425946495,-45.81326963305192,-46.81015562082321,-48.06040053509572,-49.50663300631244,-51.09835874716614,-52.78821651714538,-54.524558890819335,-56.24474153592576,-57.873621078450235,-59.32999971093448,-60.54086192154056,-61.459626496472154,-62.083159556619165,-62.46039847810006,-62.6885416528321,-62.89382491003855,-63.200057646997124,-63.69170285137364,-64.3812486938325,-65.19381656193507,-65.97653984593957,-66.5385813750226,-66.71537300537621,-66.44325983584959,-65.8211454235408,-65.1336348799374,-64.81653629015571,-65.36061596625986,-67.17242292242916,-70.427613441719,-74.97018815086214,-80.29369743066434,-85.63197346876584,-90.13747639217131,-93.10223481217568,-94.1536968899173,-93.35531427365927,-91.1833704714168,-88.37545319752553,-85.70531958195743,-83.75093796486091,-82.73209757631128,-82.46573908188631,-82.44946231060874,-82.0418186772335,-80.67786449569081,-78.05443749349485,-74.22553942845013,-69.59294939568221
15kg_16bpm,2AB,-87.33801824837265,-83.23456296601675,-78.43554173794402,-73.75400016407129,-69.90224838093482,-67.34222198530566,-66.21397311957024,-66.34955040858064,-67.35953966421006,-68.76074784026277,-70.10812225872196,-71.0961513785112,-71.60523796670508,-71.69155817468089,-71.5300628581951,-71.33671989153335,-71.29374526680353,-71.49867025412864,-71.94416425373095,-72.52948680754378,-73.09279152597908,-73.45506907923973,-73.46332928194116,-73.02480039959113,-72.125124797935,-70.82850185114637,-69.25988560332515,-67.57586325311284,-65.9315849883553,-64.45285589484268,-63.2191383765896,-62.258593648146835,-61.552590942164,-61.04521544046378,-60.65366310047772,-60.27865165154409,-59.81572858587906,-59.17008815256292,-58.27566814648534,-57.1160532099175,-55.74102547771171,-54.27143818810616,-52.88587654427133,-51.78924303643574,-51.1689360605389,-51.150589444368535,-51.76756220719527,-52.953412729029544,-54.56146005298886,-56.40574474017398,-58.312402264209126,-60.16573224460608,-61.935986416898245,-63.677812752069535,-65.50086501209763,-67.52015019312812,-69.80417326879773,-72.33811126449682,-75.01583103452485,-77.66212010567851,-80.0779168342592,-82.0921561103663,-83.60344097048056,-84.6000865854535,-85.15372103820006,-85.39185214258164,-85.45905129197412,-85.4791925690064,-85.52796918897648,-85.62218883577428,-85.72480688887815,-85.76291767834688,-85.65115539494515,-85.31513920048928,-84.71077789770396,-83.83953358660563,-82.75995835491696,-81.5969381982341,-80.54400791145747,-79.85369808020494,-79.80686721546185,-80.65889217463338,-82.56725148854446,-85.51970954598042,-89.28617966101015,-93.42506425798378,-97.35468707140188,-100.48794766418571,-102.39505478746024,-102.94382930176246,-102.36204359816738,-101.18860528722851,-100.11650047391147,-99.7763571512843,-100.53597513272703,-102.38126914911696,-104.92072281314385,-107.49601407677795,-109.3596043387431,-109.85919616702157,-108.59086231805628
15kg_16bpm,2BC,-98.98347056309899,-97.4686400490202,-95.47703723062288,-93.34130066869076,-91.40348388785291,-89.94339650984925,-89.1236024431096,-88.96003840586124,-89.32294376955741,-89.9665274779908,-90.58111978831343,-90.85455019699235,-90.52941450654545,-89.44595006862363,-87.561953249206,-84.94918723959569,-81.77060774731414,-78.24489793217458,-74.60690866792955,-71.07250314858531,-67.81236527764172,-64.93767810394814,-62.49782982447185,-60.487382690817995,-58.859315089021806,-57.541557337913645,-56.45329194024903,-55.5189812926937,-54.67908266822676,-53.89671461727931,-53.1605632772537,-52.48452253036854,-51.90428958165571,-51.47130089436626,-51.2447319313419,-51.28208478197775,-51.629420801900146,-52.312713117695324,-53.33154296532175,-54.65623379377323,-56.22944559192192,-57.97182601698046,-59.7909497938998,-61.59236893672363,-63.290903017456635,-64.82036677229478,-66.14047565559997,-67.23966496374618,-68.13343551387072,-68.85877937016532,-69.4654610898098,-70.00549165516588,-70.52281948761254,-71.04491504203455,-71.57781449251554,-72.10596068845456,-72.59679037694863,-73.00938922368827,-73.30568493940878,-73.46158342677892,-73.47549482308493,-73.37213779433988,-73.19986109545881,-73.0216549277882,-72.90140336564106,-72.88796489856473,-73.00120107632026,-73.22379408799036,-73.50164883769924,-73.75452423516165,-73.89580099048042,-73.85748131956218,-73.61555085465221,-73.20892724396623,-72.74608281939643,-72.39627879245714,-72.3645756181169,-72.85365025326631,-74.0202650123636,-75.93502511866384,-78.55518053487707,-81.71965853066828,-85.16857892408726,-88.58573028027337,-91.65731826907272,-94.13379123355614,-95.88120477834,-96.91074543312457,-97.37672028169642,-97.5437520106944,-97.73044587687885,-98.24097475801959,-99.30077813105677,-101.01030183700057,-103.32439063444727,-106.06070092134604,-108.93310700358299,-111.59992973813226,-113.71788620005671,-114.99107100897743,-115.21164194405881
15kg_16bpm,2CA,-97.8268378241592,-94.1144570418012,-90.01522488834986,-86.07355994181613,-82.89986161929454,-81.01387403933428,-80.71046272511641,-81.99009489027489,-84.56557156298899,-87.94651771143181,-91.56587240341037,-94.91286666901367,-97.63405599679916,-99.57509080924602,-100.76387188439273,-101.34516005636374,-101.49929982558285,-101.3722933697447,-101.03805227227802,-100.49928599304565,-99.71566468462181,-98.64266592513859,-97.26201179021191,-95.59240928418193,-93.68089104116363,-91.58274747132502,-89.34347695442295,-86.99304171591713,-84.55504893789578,-82.06514584752695,-79.58724429591766,-77.21574294453131,-75.05921214211496,-73.2087274212194,-71.7019352242822,-70.49812570223818,-69.4735827075255,-68.4433947499304,-67.20293469270653,-65.57855395251514,-63.47331846140916,-60.893562676607125,-57.95175315247399,-54.84279993225497,-51.80370779558188,-49.06619098358666,-46.81495858365237,-45.161479340756955,-44.135383469821676,-43.69424685216199,-43.743980706321764,-44.16463283359373,-44.833820639229664,-45.64397232862434,-46.51199737355415,-47.381917551214514,-48.223653434429266,-49.029473859396845,-49.810141468263396,-50.59021915944649,-51.402699146220236,-52.282553893677495,-53.26006709829832,-54.35525887901534,-55.57436045188328,-56.90898728753439,-58.336676035731124,-59.82174797720534,-61.31519196224306,-62.75488383206738,-64.06843592066922,-65.18232885983687,-66.0391551618106,-66.62104754875986,-66.97412721761903,-67.22244160535104,-67.56289491534383,-68.23251561644003,-69.45173543183483,-71.35650953407765,-73.9388305008884,-77.02158816315045,-80.27786105626154,-83.2985748585286,-85.68769956936491,-87.15704113365955,-87.59339235911823,-87.0764066509824,-85.85263567282952,-84.27566732945117,-82.73741208956436,-81.60374669454205,-81.15948036842612,-81.56118383992924,-82.793008206027,-84.6387945101311,-86.68363521341135,-88.37021919080722,-89.10974596382762,-88.4284985941336,-86.11125743084284
15kg_16bpm,3AB,-84.80740121973139,-79.60257081720849,-74.52075707352296,-70.47059381081637,-68.06342212811633,-67.52074810203834,-68.67805561379971,-71.07740811328368,-74.1101048412415,-77.17072415535608,-79.77940548225436,-81.64839715801124,-82.68272843784047,-82.93218368919094,-82.51796362099294,-81.56569878993423,-80.16460563454653,-78.3597097975988,-76.17134459206494,-73.62666263947534,-70.78838470004627,-67.76956329436729,-64.73049332308486,-61.859643270449055,-59.344795210285014,-57.34253046538581,-55.95287426986155,-55.20575471629976,-55.05954600788153,-55.41211974841097,-56.11895492898868,-57.015382668524396,-57.938460949349555,-58.74636829410728,-59.33279983487395,-59.63482979062065,-59.6326592844945,-59.342618392918055,-58.80588482520942,-58.07816485863787,-57.22381957657113,-56.31592517621289,-55.43939659411464,-54.692246046900166,-54.17981535745726,-54.00059667195667,-54.226433684735795,-54.88409997416407,-55.944893993889984,-57.327453985455726,-58.91299853299204,-60.56966863130754,-62.17912776316055,-63.658791265841174,-64.97526243538967,-66.14548077718274,-67.22672565510707,-68.29725148550706,-69.43311025292977,-70.68675623958649,-72.07364795553922,-73.56983270855626,-75.12092271567346,-76.65823100960303,-78.11689273792425,-79.45086073527526,-80.64140864680844,-81.69857750735524,-82.65491230071996,-83.5526195601424,-84.4255963798016,-85.28137475056049,-86.09057188591447,-86.79305268205722,-87.32586681787495,-87.66908199701736,-87.89566998186189,-88.19989431833528,-88.8831529475733,-90.28147264790721,-92.64486896364112,-96.00038349589799,-100.04880229505258,-104.14864140001895,-107.41802846594058,-108.94971633889398,-108.08404401856961,-104.66048751322191,-99.14594222405098,-92.59235535125674,-86.40526032558043,-81.99683344128802,-80.42387186212459,-82.12271402593305,-86.82230517700961,-93.64120706295068,-101.3273080217691,-108.55088312783901,-114.17148374522547,-117.41635539898789,-117.96195871858555
15kg_16bpm,3BC,-94.78933699654007,-92.32292604883791,-90.06439663206312,-88.25905738142744,-87.07706651854765,-86.58140947532543,-86.7167739659822,-87.32158484675904,-88.15775201437197,-88.95158972935937,-89.43746004211708,-89.39545874520017,-88.6786455338979,-87.22726723628898,-85.06937030157854,-82.31086182076673,-79.11752376252525,-75.69128239126495,-72.24459711003902,-68.97592685739463,-66.04884937849867,-63.57792029717405,-61.62229895127479,-60.1869780770968,-59.230930328631075,-58.679553775487065,-58.43842993720975,-58.40640795193094,-58.48645862677698,-58.59365070712783,-58.66072533301333,-58.641715537164416,-58.51395377260337,-58.27881568418864,-57.96096565485932,-57.60542425894298,-57.27243021615553,-57.03013438200019,-56.94547782790982,-57.074438665680695,-57.453072908264296,-58.09069281615814,-58.96693818830933,-60.033503369793486,-61.22041434276775,-62.446260113758555,-63.63066295994958,-64.70649769202713,-65.62982527371229,-66.38541010723831,-66.98679292814734,-67.47138445536577,-67.89164667429615,-68.30427700290043,-68.75995704615866,-69.29540106148545,-69.92898766840703,-70.66028828154293,-71.47249181009296,-72.33642197747754,-73.21480667978837,-74.06557853777524,-74.84392125386732,-75.50349697419277,-75.99773544773002,-76.28215789711368,-76.31853478120972,-76.08103620937354,-75.56387109543405,-74.78953844984966,-73.81620972781393,-72.74192342266302,-71.70401636873207,-70.87198971475688,-70.43218644673254,-70.56473473560442,-71.41470600165832,-73.06091026341157,-75.48936014708767,-78.5778425171704,-82.0974047145339,-85.73580780826745,-89.1422929515117,-91.98692821334033,-94.02518007366159,-95.15229339534483,-95.43386993726915,-95.10430169535425,-94.52915759434144,-94.13734322491602,-94.33857623209447,-95.4418564253109,-97.59360294598538,-100.74807202466634,-104.67281057971826,-108.98662881976492,-113.22121060243029,-116.89113077121124,-119.56152888945718,-120.9018575133941,-120.72447472695201
15kg_16bpm,3CA,-90.85155160799418,-86.30403361947103,-83.14966567555825,-81.63404414868417,-81.77869323260474,-83.3914715384181,-86.1127197304512,-89.49018262295432,-93.05831644078805,-96.405243814334,-99.21592920424445,-101.28808195312746,-102.52856730865511,-102.93610377112327,-102.580300151986,-101.57954076328053,-100.08112455400503,-98.24296346611087,-96.21752444014565,-94.13800481361663,-92.10731147514491,-90.19078635071037,-88.41332564553257,-86.76216086308948,-85.19538043472693,-83.6557816559136,-82.08727700954309,-80.45010160508048,-78.73026314340743,-76.94048445094504,-75.11259196953542,-73.2845554722514,-71.48735522843404,-69.73626538520648,-68.02919573981696,-66.3512691375109,-64.68290661336911,-63.008097950736634,-61.320754831808685,-59.62913090501452,-57.95873622047644,-56.35422686157612,-54.87842870919259,-53.606490334549825,-52.61331608426968,-51.95537299694551,-51.651692753692956,-51.669710606717025,-51.92339504375027,-52.2853246809173,-52.612253670281994,-52.777006967672186,-52.69743532240959,-52.354587685612294,-51.79350136273593,-51.10890715161084,-50.41997583012778,-49.84395867441234,-49.47641471048877,-49.3824395688903,-49.59895369135543,-50.142532744007205,-51.01697997871124,-52.21524659107879,-53.71518020193968,-55.47244980881724,-57.41765955698023,-59.463697902885215,-61.52638897407999,-63.55416008579686,-65.55569408822568,-67.61058909980264,-69.849015571129,-72.39721599978184,-75.29898948829329,-78.4401588488858,-81.5102208954189,-84.03095222552139,-85.46299425339225,-85.36964297902803,-83.59188992396035,-80.3676975019919,-76.3427890935167,-72.44594083210725,-69.65333572233664,-68.71154311335962,-69.90628457879734,-72.96660467537788,-77.13595561353226,-81.39915164589348,-84.78809675708723,-86.6642682972605,-86.89082848651157,-85.8306785539654,-84.1859366521695,-82.72928893780248,-82.02325905109339,-82.22455453536433,-83.02845202307032,-83.77805773535802,-83.6913373034262
15kg_16bpm,4AB,-80.18917444624323,-76.57375625222181,-73.55133824593044,-71.38631495679982,-70.1761645702697,-69.87254034919727,-70.3287487931185,-71.35181247045196,-72.74113895204148,-74.30713568857047,-75.87476804496,-77.28350465633065,-78.39345561457428,-79.09976840320489,-79.34942038074608,-79.14864999346435,-78.55446471556053,-77.64982815185756,-76.51314007565148,-75.19490111309638,-73.71268587401259,-72.06609470035433,-70.26572992486761,-68.36370725501145,-66.47277523045807,-64.76390395919462,-63.438953872606824,-62.682500100555906,-62.60498662085628,-63.19524307333517,-64.29889222567755,-65.63400412526795,-66.84386534409846,-67.57389518170235,-67.55144924047559,-66.64625463731032,-64.8937510476823,-62.47739084883664,-59.6776814929448,-56.80486565212287,-54.135815540842124,-51.87155215863634,-50.122565256146956,-48.920393009039856,-48.24513863738156,-48.0555540400478,-48.3103851172471,-48.97525298406517,-50.01673434775348,-51.39099845098698,-53.0354019365219,-54.86896531508301,-56.80183070811789,-58.74982758090037,-60.64832163957069,-62.46112836839936,-64.1829801463061,-65.83656438371196,-67.46541233770711,-69.12428938019862,-70.86727941536398,-72.73451658046602,-74.73911732929285,-76.85798181349196,-79.02991476677607,-81.16455979909865,-83.16079661138717,-84.93028170619246,-86.4175719257902,-87.60912795592705,-88.52610790994807,-89.20293288499539,-89.65853602594993,-89.87174410848738,-89.77231395753849,-89.25575652613573,-88.22360561461132,-86.64162953135016,-84.6012307145792,-82.36043435109538,-80.3436314896559,-79.08371801936279,-79.10842602562741,-80.79147209440876,-84.21324197762361,-89.0774713644287,-94.73068132128944,-100.29404358588167,-104.8842759283236,-107.8568074471996,-108.99476876483938,-108.56686603336168,-107.2340446912284,-105.82548933498926,-105.06595489801289,-105.34471541399536,-106.61056252647344,-108.41186427314032,-110.06175803567452,-110.8527416223476,-110.25281397569336
15kg_16bpm,4BC,-91.92602345433208,-93.65301374595475,-96.5153502277425,-100.00405818584876,-103.45535450916205,-106.1882314394768,-107.64859271330903,-107.53214556808128,-105.84978809359619,-102.92041542255534,-99.29321702789923,-95.6141599828749,-92.47443944551613,-90.27610194585304,-89.15089213860045,-88.94569575613428,-89.28107639372946,-89.65805667101364,-89.58451598827355,-88.68641815995976,-86.77947369216372,-83.88728331054556,-80.2101866528272,-76.06266224186041,-71.79709644264342,-67.73615309504613,-64.12521634419758,-61.11129344873713,-58.74383059210158,-56.99300106953536,-55.776066715108854,-54.984643103625984,-54.508422769325286,-54.252110255415715,-54.14525639920145,-54.14547689657996,-54.23718063491923,-54.426701553721806,-54.73561104156429,-55.19296380600551,-55.82703037596207,-56.6572812263194,-57.68744615509028,-58.90085020486714,-60.25873877216117,-61.7029540015309,-63.16264300433213,-64.56446890545375,-65.84445966995482,-66.95909078880067,-67.892597004728,-68.65830623421492,-69.29333596959961,-69.84684013073183,-70.36491705485815,-70.87568747854279,-71.37911767452525,-71.844332589056,-72.21655877415508,-72.4321463549732,-72.4384993133747,-72.21352606810727,-71.7795815065623,-71.2070594207186,-70.60534174795659,-70.10270292317907,-69.818609106549,-69.83539356378212,-70.17591674342611,-70.79446932491865,-71.5825899497852,-72.39081309200972,-73.06155068735258,-73.46650983441387,-73.5397789247552,-73.2992455743306,-72.85030716647678,-72.36859712504076,-72.06578872830933,-72.14403595490002,-72.75064680175932,-73.9434651145244,-75.67875134101456,-77.82395670104022,-80.19455486015126,-82.6050367894284,-84.91986210699781,-87.08886401179434,-89.15683551869368,-91.24483479778635,-93.50821631834634,-96.08620421379764,-99.05771692739259,-102.4165258026428,-106.0687859501017,-109.85111154160008,-113.55714010761056,-116.9620569687807,-119.83770545268953,-121.95764936974385,-123.09900615248105
15kg_16bpm,4CA,-92.1646449122564,-88.72486991424209,-86.04849379868368,-84.72862522469016,-85.05375282975939,-86.96017421036434,-90.06448226803676,-93.7671991322013,-97.38779497812283,-100.3013391206347,-102.04797016310648,-102.40062000202514,-101.38875963269429,-99.2783247930531,-96.5143788938861,-93.63155408763622,-91.14547196356787,-89.44185845148698,-88.68962784598993,-88.79874011435717,-89.44247467445388,-90.14118434427208,-90.39171557733728,-89.80707409056836,-88.22186962746456,-85.73388930376471,-82.66252475602641,-79.44577288170532,-76.50877747762284,-74.14980671298038,-72.47838590163096,-71.41360018500018,-70.73670008162236,-70.16920326328344,-69.45201321889223,-68.4029849303555,-66.94298144930619,-65.09206792982584,-62.943783446954484,-60.63086193263569,-58.2931899297781,-56.05591759397925,-54.01912700534716,-52.25631617411786,-50.8158789706753,-49.721238133193026,-48.967581488213696,-48.51785585793922,-48.30158536868897,-48.221358599007594,-48.16798685467936,-48.04307624068638,-47.78451385905637,-47.38778187760232,-46.91799947039825,-46.50612423486214,-46.32948627570899,-46.577558112717604,-47.41035826821696,-48.91825317971105,-51.09199769775047,-53.811267226522254,-56.85403208647033,-59.92737525783509,-62.714226155707514,-64.9298921451473,-66.37880857448198,-67.00340904641897,-66.91380351276685,-66.39062492656063,-65.85076328608184,-65.77460535128635,-66.59968581923944,-68.59750042563152,-71.76728846219717,-75.77682611603188,-79.99052705457876,-83.58995759173389,-85.7768639750643,-86.00777957611999,-84.18556932790557,-80.74477362048432,-76.5749938248654,-72.79956877043468,-70.46030015183754,-70.21174300114735,-72.12752551045985,-75.68348168323234,-79.93021145579878,-83.79183819047634,-86.396124771844,-87.32323358522844,-86.70041081871409,-85.11438554684604,-83.38111984666365,-82.25278085395212,-82.15723975289225,-83.05840618353042,-84.46781561433073,-85.60535184748286,-85.64763034385857
15kg_16bpm,5AB,-81.53852114293105,-76.96398449376223,-73.22129163267073,-70.65979762866631,-69.34881231719062,-69.12287473797257,-69.6703617229924,-70.6404125737611,-71.73376770003186,-72.7577741228671,-73.63922720442267,-74.39936686353566,-75.10698976053118,-75.82584468395447,-76.57339901319773,-77.30136952545583,-77.90194862640926,-78.23535931644894,-78.16829474287545,-77.61088782445097,-76.54037785694396,-75.00696170406997,-73.12136515423904,-71.03177483343805,-68.8976342856932,-66.86772573248598,-65.06555657895954,-63.58042641493966,-62.46195703718352,-61.714799059459224,-61.29555464429372,-61.11431841813686,-61.04632833733916,-60.95395983940127,-60.715839203450926,-60.2540908303617,-59.549690490496864,-58.64005277122971,-57.598951324319714,-56.50724488571989,-55.4256717735439,-54.38077252634949,-53.36874511895747,-52.375033658545526,-51.401146971501156,-50.48704307226656,-49.720275637092456,-49.226777636292155,-49.14624550591895,-49.59927283722097,-50.65589632955631,-52.3160539846082,-54.506333764366566,-57.09607130073103,-59.92641320616015,-62.844541639817415,-65.73165732942903,-68.51557333373505,-71.16522061315797,-73.66964833915355,-76.0115851658758,-78.14676163114864,-79.99877872563431,-81.47379718836703,-82.49117947831812,-83.01997716425161,-83.10612544115533,-82.87740875272428,-82.51873145727228,-82.22153338649552,-82.12220025152874,-82.24981080422695,-82.50706558385055,-82.69603415909825,-82.5912628773342,-82.04326470864123,-81.08054976564787,-79.97659985702943,-79.24215718209464,-79.53177245521101,-81.46809755339967,-85.42491375915235,-91.33528645322177,-98.59085507621603,-106.09839053843902,-112.4987958211773,-116.51584457861087,-117.33358096360527,-114.88177715052738,-109.91973680819872,-103.86604074761485,-98.41316855042234,-95.041165802591,-94.59869717514428,-97.08195451861833,-101.68814026085226,-107.0960890523771,-111.87000612900637,-114.8445491606378,-115.37602824157202,-113.42609699761529
15kg_16bpm,5BC,-100.00919943376974,-99.85152099073784,-98.89257370441943,-97.27495695982611,-95.27084501488443,-93.21313148580886,-91.42140778055928,-90.13183579425092,-89.44898636500753,-89.32787501686475,-89.58807898625234,-89.95558283759092,-90.12130873147063,-89.80184291878277,-88.79030647912579,-86.98845819740194,-84.41490162353308,-81.1918409788435,-77.51637186511945,-73.62393537863444,-69.751643073946,-66.1081925895092,-62.85362561251714,-60.089448698832484,-57.85812171439576,-56.149887312924605,-54.91390402613054,-54.07163102687762,-53.53086276706542,-53.199118028131956,-52.99513718050407,-52.857723953895814,-52.75132237357078,-52.66769563892013,-52.62367960818282,-52.655609593433425,-52.81124728254042,-53.140379705590576,-53.68562666722342,-54.47487374366652,-55.516288565233936,-56.79642405827233,-58.28153820877626,-59.92134455911409,-61.654207019644986,-63.4128073486978,-65.12949556633373,-66.74080585515374,-68.19111295180468,-69.43568865581842,-70.44341179569975,-71.19910615681849,-71.70538315582972,-71.98351880837252,-72.07280607472333,-72.02779357258565,-71.9134684121695,-71.79879000034676,-71.74930264912821,-71.8198623668381,-72.04857277411821,-72.45254835385896,-73.02576248380494,-73.73898574466917,-74.54179191142607,-75.36631757237184,-76.13287863191385,-76.75769777877969,-77.16282903761716,-77.28771866660242,-77.10125889739805,-76.6124718917275,-75.87704639637232,-74.99701337788997,-74.11219719063507,-73.38318783182427,-72.96741588294053,-72.99236601365652,-73.53133212049016,-74.58703027597673,-76.08751732971983,-77.89744689444633,-79.84325938751458,-81.74779537984953,-83.4677292532299,-84.9253957716965,-86.12666484230652,-87.16034890282273,-88.17823698285878,-89.35907228396324,-90.86438308288386,-92.7969444459082,-95.17140697243778,-97.9039783914574,-100.82445338215342,-103.70680431075193,-106.3101251517702,-108.42017586576362,-109.88180309659802,-110.6142508806685,-110.61058187472887
15kg_16bpm,5CA,-79.3331240697214,-79.54992486009891,-80.73378187095592,-82.75814139036672,-85.43520098522882,-88.53900674648106,-91.81975065644399,-95.01241310787213,-97.84785136519815,-100.07496475490292,-101.49713073384397,-102.01470301247633,-101.65796879899558,-100.59075913996962,-99.07854627734025,-97.42464758501326,-95.89597769692182,-94.66056745297514,-93.75751312860218,-93.10376219869991,-92.53423357272956,-91.85785523776266,-90.91347298662599,-89.60926805029611,-87.93842243812202,-85.9680054708034,-83.80814462227676,-81.57021672322766,-79.32762505804575,-77.09001796519404,-74.80065881405169,-72.35802317499343,-69.65794226263316,-66.64310831200066,-63.3450573898902,-59.90179225779547,-56.54402084866449,-53.54889059206122,-51.17490356320917,-49.59575222896862,-48.855627749789605,-48.85848571601957,-49.39749797665993,-50.21233007083066,-51.05724120072329,-51.75677022334145,-52.234663762102635,-52.508910589059084,-52.6613019226494,-52.79393059928645,-52.98979545675033,-53.28827560728629,-53.68078869648062,-54.122858469275876,-54.55625778894627,-54.9319566963121,-55.22725988670587,-55.45249836816089,-55.64763713246022,-55.871118355754064,-56.18605872384053,-56.647559238749274,-57.2939842093112,-58.142635420329,-59.189972219075344,-60.41539665971111,-61.788263571080165,-63.276691524971156,-64.85628670049303,-66.51576124956014,-68.25675977283855,-70.08558716091348,-71.99705592681661,-73.9529150672952,-75.8621053216964,-77.57161431671229,-78.87933659681408,-79.57349970694999,-79.49572075822918,-78.60931186915491,-77.04889567911408,-75.12199944809204,-73.25341958141921,-71.88012472138568,-71.33289345619598,-71.74560627595895,-73.03069579440877,-74.92516427061298,-77.0898022373682,-79.21742505435569,-81.11095231013424,-82.70426211384881,-84.02870592274475,-85.1435215914635,-86.06260231065652,-86.70427678085241,-86.88456259416385,-86.3570221045878,-84.8910791929872,-82.36310724189474,-78.83067218442437
15kg_16bpm,6AB,-83.94781915237708,-78.52867166238197,-73.89861805706045,-70.6082226076162,-68.89284241225496,-68.67561359300744,-69.6401173724634,-71.34264159231199,-73.3296878594555,-75.22515224115298,-76.77150930449139,-77.82492165608744,-78.32357702977961,-78.2506010164749,-77.6114021513573,-76.43197040208018,-74.77252987258944,-72.74344592355367,-70.50930814837315,-68.27441857364796,-66.25221101835027,-64.62826713229282,-63.52861142521364,-63.001261075013,-63.01374295020118,-63.46302144080816,-64.1948880477386,-65.02826742211172,-65.78303047560489,-66.30812135476667,-66.50612416200057,-66.34755714373541,-65.87001932722333,-65.16061226266912,-64.3255659729063,-63.456860078251836,-62.60667742036745,-61.77866531525772,-60.93789415643542,-60.03500719860486,-59.033699106096805,-57.93126258385364,-56.76545129131059,-55.60863148449873,-54.554214720851455,-53.702641206649055,-53.150227672771926,-52.9807202285962,-53.25671645338175,-54.009917803204665,-55.232046879838016,-56.87078010835537,-58.83517571358708,-61.010690392833894,-63.28106014901552,-65.55038356217582,-67.7596421556644,-69.89236826280045,-71.96840795210403,-74.02652946738922,-76.10090209323354,-78.19756229893116,-80.27834113404978,-82.25721761893432,-84.01218641464895,-85.41135531567394,-86.34810246375363,-86.77577506625285,-86.73046622366783,-86.3317676348476,-85.75634171363134,-85.18947043428314,-84.766812887914,-84.52606680257644,-84.3860943872227,-84.16754739802884,-83.65344873181787,-82.67822648451252,-81.21791944878142,-79.45351777588574,-77.77643635813884,-76.72500664104406,-76.85319395180296,-78.56274515375672,-81.94259370455501,-86.67667636760973,-92.06165110047505,-97.15479608663328,-101.0234533330881,-103.02738104277527,-103.03726744875392,-101.50524015501671,-99.34784138839377,-97.66682649168044,-97.40471154027107,-99.05287979817781,-102.51413982909797,-107.14875542982618,-111.97467108210618,-115.93110874748857,-118.12882436502139
15kg_16bpm,6BC,-97.43079761533154,-93.9564860145136,-90.72722399566312,-88.01431016712225,-86.02631309530355,-84.88073446121845,-84.58624333763302,-85.03975257963253,-86.03835524861034,-87.3057534248805,-88.53010758277739,-89.40654407738417,-89.67903943155581,-89.17478706675558,-87.82539195254239,-85.67268766913362,-82.85789946888413,-79.59564870918548,-76.1391072010377,-72.74171011305194,-69.62207799633401,-66.93815802471724,-64.77320015095898,-63.13494509008758,-61.967100581948294,-61.16881695873613,-60.61849581593073,-60.19771428691996,-59.81101191576457,-59.39945445241331,-58.94648590748483,-58.47585950913324,-58.04328839959606,-57.72333444510039,-57.593650113787135,-57.71943266477192,-58.14008314527354,-58.86032807261597,-59.84739764612342,-61.03434006886221,-62.329152887239744,-63.62834357098365,-64.83207019954642,-65.85855095698045,-66.65510272145832,-67.20396062878216,-67.52256677279675,-67.65848229971222,-67.67991069800948,-67.66404917720813,-67.68484644990475,-67.80194112997646,-68.05229991422205,-68.44523042980127,-68.96145500389328,-69.55664154512311,-70.16869483449979,-70.7281650685515,-71.17033200610224,-71.44664252888684,-71.53351399725261,-71.43647990100726,-71.18853817954437,-70.84345927821082,-70.46540841206571,-70.11714954175663,-69.8495357582321,-69.69397149098278,-69.65918503021945,-69.73278123404788,-69.8870758979192,-70.08873495631508,-70.31098298016357,-70.54623762205199,-70.81676036878501,-71.17968753343705,-71.7233775173409,-72.553792916348,-73.77134870904968,-75.44260179322067,-77.57371751399084,-80.09301847205948,-82.85064860389139,-85.63813404065993,-88.22539102793473,-90.40863393792607,-92.05678747179908,-93.14432109381305,-93.7615185236179,-94.096138066475,-94.39094030228199,-94.8867963379329,-95.764637468796,-97.10223082428864,-98.85564756672231,-100.8692726307649,-102.91227512270616,-104.72937012180898,-106.09306342513115,-106.84400589450412,-106.91298966300813
15kg_16bpm,6CA,-97.07672949476091,-91.5087674913351,-86.9391493700022,-84.40802813431586,-84.4215618238609,-86.84814960979108,-90.98261488010684,-95.75216998941936,-100.0090610473209,-102.81804948219057,-103.66291508241802,-102.51744006000483,-99.78388312954507,-96.12845700939317,-92.2824627484115,-88.8637087188168,-86.2636717391262,-84.60949603881826,-83.79561828893685,-83.55650029674376,-83.55819519420933,-83.48495613927281,-83.10704729050076,-82.31798738060792,-81.13822538279695,-79.68606965475774,-78.12661788272383,-76.61453911058776,-75.24814116282761,-74.04707712346435,-72.95805745897,-71.8830870271823,-70.71802731260938,-69.38766938133718,-67.86635151121216,-66.17950761034471,-64.38871797483934,-62.56856166875615,-60.78500995382902,-59.083564872031864,-57.490267402432906,-56.02294529123298,-54.70567489959483,-53.57799842901714,-52.69309679392053,-52.10380307260807,-51.841668718857235,-51.89741592118627,-52.21270341506657,-52.6878261090896,-53.20482620236993,-53.65759191144592,-53.978306197659286,-54.15017268834635,-54.20386260990379,-54.200831838680415,-54.2123164884363,-54.30254320907662,-54.521464541076284,-54.906623203855176,-55.489462774978065,-56.29900829328451,-57.35719193965617,-58.66434567031869,-60.17912263928365,-61.80232637087491,-63.37644231754414,-64.70869311579204,-65.61927562169753,-66.00478389974003,-65.89901105981443,-65.50604825247854,-65.18688151530331,-65.38642408771554,-66.51246293078509,-68.79301505882023,-72.1610349862405,-76.2099631559891,-80.25931716383114,-83.52321172633555,-85.34555983885542,-85.42059668297395,-83.9214314050245,-81.46866623367978,-78.94424296430383,-77.20232489907941,-76.78890039580138,-77.77048952047176,-79.7458428913281,-82.02384962262789,-83.89883092774608,-84.90360197440884,-84.94579287608734,-84.27368696781753,-83.30530164055507,-82.39950329014991,-81.67908878952305,-80.97738837200694,-79.93019853536747,-78.15834667694755,-75.45999295654026
15kg_16bpm,7AB,-85.50883818939757,-78.89751249017353,-72.91662772637983,-68.38999214077428,-65.7230327970838,-64.89215566622173,-65.54236685046023,-67.14172152857934,-69.14012258514994,-71.08550080690289,-72.68147095400494,-73.78941614082166,-74.3975665379288,-74.57632491509683,-74.4370706699627,-74.09996727263689,-73.67119428698524,-73.22708452788466,-72.80379593017292,-72.39342943637233,-71.94900307010978,-71.40163912939202,-70.68878032656113,-69.7878328587517,-68.74265825581801,-67.67098463113676,-66.74347793872522,-66.13827428376642,-65.98299175686856,-66.30511118701858,-67.00686749612532,-67.87612766753828,-68.62962511404909,-68.97779012878169,-68.69284941017348,-67.6629921826239,-65.91780664222694,-63.61901253873177,-61.020212454180516,-58.406838636729276,-56.03537432427942,-54.08823953639643,-52.65631299024886,-51.748695545444775,-51.322431260420394,-51.31665914197218,-51.67891243878264,-52.37565033747746,-53.38803045676867,-54.69904439840939,-56.280660627084316,-58.08677933145364,-60.054193627972445,-62.109505167599394,-64.17904096722525,-66.19864140659381,-68.12165514586017,-69.92328169040383,-71.60003959431492,-73.16309883918389,-74.62684392848158,-75.99637477457678,-77.25968496009914,-78.38903108582618,-79.35311149304155,-80.13653391688192,-80.75961044728827,-81.28870288008746,-81.82969457297995,-82.50095429358316,-83.39025604885518,-84.5069017255759,-85.7466785626606,-86.88632057895006,-87.61835357464302,-87.62666242960847,-86.6879066551687,-84.77340878560622,-82.11770623701025,-79.22721379683409,-76.8077662226834,-75.6198044559908,-76.28496784234706,-79.09804712480235,-83.89709700402608,-90.05030639399334,-96.57503339043953,-102.3762951966709,-106.53880936705082,-108.58749568860146,-108.62253580502139,-107.27896155265644,-105.51313380060638,-104.283586063668,-104.23661860727535,-105.50593180748658,-107.69264162757516,-110.02030719351042,-111.60421458243808,-111.73208791642233,-110.07030560554014
15kg_16bpm,7BC,-97.22056271350459,-98.27136193574638,-100.01652022960594,-102.08194837738378,-103.96931626272989,-105.1668413115027,-105.26296479753732,-104.04205894224746,-101.538209491029,-98.0322844343379,-93.99679974135715,-89.99592951296837,-86.56651636080815,-84.10486159797956,-82.78765206101292,-82.5429121691521,-83.07597497152875,-83.94657606336648,-84.67266428115693,-84.83830459357014,-84.17773015806837,-82.62019254694847,-80.28622679460541,-77.44152409570883,-74.42531833661296,-71.57041225949743,-69.1356294666855,-67.26207942055774,-65.9616394353189,-65.13319072372164,-64.59987417098948,-64.15706754268406,-63.618672324185866,-62.8536146548931,-61.80612214829519,-60.49990428309633,-59.02674210405239,-57.524914298738686,-56.153094263509296,-55.06426433640951,-54.38419451355629,-54.19624194606527,-54.534198871108664,-55.38169284992146,-56.67738914908186,-58.32470081477008,-60.20360140486697,-62.183894355848935,-64.13837486967643,-65.95500492088674,-67.54685299143377,-68.85893417336735,-69.87160199700692,-70.59940178405883,-71.08634226117438,-71.3979257360301,-71.61077512961837,-71.80152669345728,-72.03608307874036,-72.36089804675943,-72.79715100994535,-73.33921888163077,-73.95761748079491,-74.60569546254962,-75.22899699159933,-75.77459614656813,-76.19819963268228,-76.467081109472,-76.55881742983844,-76.45717967652753,-76.14795557228183,-75.61784958855212,-74.85855298594562,-73.87610445776765,-72.70380625623639,-71.41416672956967,-70.1251579010855,-68.99671742462395,-68.21428178790923,-67.96138560549397,-68.38542404690656,-69.56541570867657,-71.48945304722504,-74.04994943829857,-77.0601932597145,-80.28832818092165,-83.50253492107569,-86.51503925560426,-89.21482822065838,-91.57941045428683,-93.66482877000236,-95.57810376011489,-97.44074505608896,-99.35536820364648,-101.38332157522288,-103.53736569546237,-105.78543908730252,-108.0592114159679,-110.25961046698654,-112.25528249826095,-113.87635232146428
15kg_16bpm,7CA,-91.98983119017917,-89.02886392681353,-86.64126843791922,-85.28038855196188,-85.1817095166135,-86.30681872854719,-88.36593118749295,-90.90876046960568,-93.45195732450459,-95.60242410730373,-97.13794569206942,-98.02659524786493,-98.38298563641189,-98.38673634345525,-98.19577263947885,-97.88868197419339,-97.4516277856095,-96.80835028525968,-95.87127027286016,-94.58950687198363,-92.97399076229888,-91.09421844241511,-89.05312496037853,-86.95415994421215,-84.87408325594458,-82.84953354641027,-80.87952315548789,-78.93953722273616,-77.00106665465006,-75.04900420819939,-73.09129329447998,-71.15697413887385,-69.2835209158955,-67.49747032118067,-65.79618729043328,-64.13875433200302,-62.45209588320787,-60.6526290796368,-58.677907749963026,-56.51778356917022,-54.232511027934365,-51.949828318671194,-49.83893082176336,-48.06884637297934,-46.76380057831631,-45.9710584515143,-45.65005047524095,-45.6872520960234,-45.929889479924434,-46.228852250340715,-46.477370422747214,-46.63647157098484,-46.74071456058238,-46.88632287621878,-47.20506071198906,-47.832413303302914,-48.876610326863265,-50.39518519224728,-52.381690922969895,-54.7647792200636,-57.41713698471969,-60.173432050663166,-62.85343790544822,-65.28836836448815,-67.34647318875109,-68.95443592714153,-70.10846860561146,-70.87237976944424,-71.35955857165678,-71.7029243558481,-72.01848942179878,-72.37274393130738,-72.76254603841366,-73.11612180782599,-73.31630986697938,-73.24353899097447,-72.82708709386951,-72.0902613539064,-71.17326866201299,-70.32350955668777,-69.84913846739792,-70.04511663560301,-71.10968323785903,-73.07587656958539,-75.78321639194333,-78.90367030061641,-82.01948183146818,-84.73124559588764,-86.76136645108399,-88.01420975089931,-88.57260068785706,-88.62903126667656,-88.38144166339193,-87.93449781273988,-87.24991137160946,-86.16390491101176,-84.4662059496726,-82.00362001186097,-78.76534534399423,-74.91508436278568,-70.7611626850406
15kg_16bpm,8AB,-83.62316168620792,-77.94747254498203,-72.74862609108605,-68.82045726076599,-66.66012118418446,-66.38867872927693,-67.76070975479135,-70.25617341534819,-73.22379212338079,-76.0352297620126,-78.20832563036342,-79.4751142190176,-79.7838917080246,-79.2532670756536,-78.0992326869772,-76.56350327625533,-74.85897949398412,-73.14008983847505,-71.49449129240826,-69.95141923714503,-68.49880348655817,-67.10534303099855,-65.74239699320798,-64.40224597183429,-63.1086394889944,-61.9174433303606,-60.90636751492327,-60.1561876582236,-59.72768198229089,-59.64012851950786,-59.85767500662408,-60.28750791947469,-60.79170370247488,-61.21096414824692,-61.39568948750041,-61.237179563471095,-60.69221224989418,-59.79340087921659,-58.643686422349155,-57.39499710706037,-56.2175837292667,-55.267388674896324,-54.66035501396111,-54.458755448482684,-54.672721091729585,-55.27315163245102,-56.21096281559856,-57.43417932824944,-58.89697713981078,-60.55782886274523,-62.369056877144715,-64.26460646258175,-66.15404974886016,-67.92972818838977,-69.4874912382479,-70.75568131437623,-71.72128367611502,-72.44182137964752,-73.03512631824904,-73.64801407016438,-74.41251951043337,-75.40404592881038,-76.61689791770398,-77.96520357235609,-79.31089802224152,-80.50869169527704,-81.45384407588675,-82.11520025269328,-82.54280870035406,-82.84465308119933,-83.14060947145447,-83.50771697945373,-83.93686372524674,-84.31862402632763,-84.46812964195917,-84.18690520940541,-83.34615240415206,-81.96846763001152,-80.27671356583045,-78.69015150373014,-77.75236994459141,-78.00266151574296,-79.81692956828137,-83.2677637468282,-88.0476668459626,-93.49867405477443,-98.74680159341443,-102.9185586587922,-105.37447514234752,-105.88883866653096,-104.71514815551008,-102.51546503687993,-100.17474768890912,-98.56430345865776,-98.32987478724432,-99.75890707790185,-102.75133372847516,-106.8678640820628,-111.42394908610049,-115.59859873572965,-118.55379144381087
15kg_16bpm,8BC,-104.40092515001771,-104.82691992290407,-104.4639378412176,-103.22479807210985,-101.16189097986215,-98.4690890523714,-95.45625099214526,-92.49922934081505,-89.97390720080176,-88.18647269297976,-87.31504337659402,-87.37280701869318,-88.2029775908918,-89.50615596324079,-90.89307665185761,-91.95381590404045,-92.3277174103123,-91.76121959665477,-90.14332826155767,-87.51248961648594,-84.03870946969141,-79.98566394791142,-75.66187486913971,-71.37237225668557,-67.3778622529012,-63.868065997747905,-60.950347732192675,-58.65209136074542,-56.93463750356391,-55.71287087706057,-54.876714708836055,-54.311663063606254,-53.9156942282504,-53.61190828583206,-53.35582418859315,-53.13713151624406,-52.97625960787272,-52.91581479952809,-53.008629301420804,-53.30458628956459,-53.8386284414387,-54.62262989591321,-55.64233028085467,-56.85989378275695,-58.22115991386154,-59.66524169611654,-61.13432514171418,-62.58119302375429,-63.97300464815726,-65.2908119061645,-66.52516181638772,-67.66959415699239,-68.71402649654003,-69.64048270460567,-70.42299781358189,-71.03254097213514,-71.44644866903587,-71.66007081626404,-71.69769609084622,-71.61850985970786,-71.51453243125258,-71.4990750281514,-71.68589022832326,-72.16309742323969,-72.96732382642512,-74.06565593818635,-75.35239909248334,-76.66323416864905,-77.80692289969562,-78.60803573584921,-78.95069365614917,-78.81265039060177,-78.27872216227121,-77.53045615100655,-76.81222821498623,-76.38012125765663,-76.44608343680353,-77.12885003317169,-78.42563397517455,-80.21116217309506,-82.26549616037516,-84.32673152402998,-86.1543868155266,-87.58927179684562,-88.59314979691005,-89.25768859857219,-89.78115312138439,-90.4165828887508,-91.40620209545582,-92.91801681378715,-95.00049697093218,-97.56723723994747,-100.4127393438944,-103.25627850862585,-105.80185749193667,-107.79844429856949,-109.08676804186756,-109.62004998922079,-109.45651044246708,-108.72691514318642,-107.58580145663336
15kg_16bpm,8CA,-89.89404956252957,-84.74220307982526,-80.26279396899714,-77.0064959397344,-75.34718274325719,-75.41550687825348,-77.09105717552292,-80.04846873562173,-83.83822539710008,-87.9743000386452,-92.00801507959922,-95.57684696851891,-98.42763767442065,-100.42113171170071,-101.52515186628567,-101.80051790072312,-101.38283748307519,-100.45868307747355,-99.23808314157435,-97.92403245781043,-96.68302830147454,-95.61994179133534,-94.76204611259044,-94.0542394668855,-93.36978987427213,-92.53565187153336,-91.37132101894183,-89.73282370228614,-87.55163857289135,-84.8557430061609,-81.76708304593966,-78.47399042141255,-75.18874821460892,-72.10187951288448,-69.34661200841765,-66.9810580492792,-64.99061919650805,-63.30583953519493,-61.82957804248133,-60.46492786419237,-59.13854735936554,-57.81599278291179,-56.507996323096975,-55.26690205524408,-54.17325578090606,-53.312721512136065,-52.74706403413781,-52.486313823519254,-52.47139937876832,-52.5759428396387,-52.63051903813793,-52.46482994164872,-51.95575481346194,-51.066820752720986,-49.864745495420586,-48.50861346828859,-47.21384493896963,-46.20331134885015,-45.660008776458874,-45.695689603823226,-46.34096323879171,-47.557422590618835,-49.262497299182456,-51.35767472558949,-53.750148189906085,-56.36308664461647,-59.13346916513476,-62.00078648605623,-64.89146124590972,-67.70480073732196,-70.30582416558264,-72.5292663583408,-74.1972107482852,-75.1503216205826,-75.28959231577782,-74.62017543922786,-73.28693212679276,-71.58668436144637,-69.9449906933034,-68.8513518808296,-68.75864648278203,-69.96622047250926,-72.52065236089129,-76.16491999811083,-80.36332856842883,-84.40276422484324,-87.55037182127604,-89.22511238046496,-89.13982591789588,-87.37020984251814,-84.33909277315642,-80.71527137585284,-77.25694304787082,-74.63410115825971,-73.27508336128747,-73.26887097516165,-74.35504464386848,-75.99964461562436,-77.5462458566757,-78.39768146605482,-78.18262129714842
15kg_16bpm,9AB,-86.71189596511681,-81.97835240724602,-76.78909536869398,-72.0372427347317,-68.41407349005969,-66.28541353175679,-65.65850877655339,-66.24272804081934,-67.57111466571871,-69.1467077559474,-70.56724611682706,-71.59923509075786,-72.18887026478734,-72.42134936693462,-72.45207438220659,-72.43826490696122,-72.49186017804792,-72.66078044616444,-72.93548906338847,-73.26744570822449,-73.58848686358682,-73.82291042831633,-73.8926099534784,-73.72016507806514,-73.23612762241237,-72.39312782899493,-71.18379826468778,-69.65488635418635,-67.90934169931369,-66.09163917128504,-64.35825942308256,-62.841626151341565,-61.61825291367247,-60.69256658395251,-59.99998108297129,-59.42918317339455,-58.85430176042785,-58.16740627081389,-57.30243703677624,-56.245840532903905,-55.03547671771138,-53.7504782716189,-52.49711373128478,-51.3931809330886,-50.55327436170811,-50.075944326318066,-50.03428871562637,-50.470595853322486,-51.39555846331732,-52.79009013233679,-54.60821545312285,-56.778797245719225,-59.20739867487178,-61.780303187531864,-64.37439127423144,-66.87332707015317,-69.18715752322538,-71.26914391002384,-73.12259535614311,-74.7943502980493,-76.35556438148024,-77.87634743115584,-79.40243038553419,-80.94219468008684,-82.46756503422004,-83.92780393712731,-85.26932047595875,-86.45272570528046,-87.45988540215889,-88.28760478397388,-88.9311399384361,-89.36470573479556,-89.52811249921231,-89.32830588252978,-88.65973022390075,-87.44319660415151,-85.67531930026439,-83.47569092494659,-81.11449943460579,-79.00547520727186,-77.65364990842059,-77.55983253829125,-79.09860483175113,-82.39627762729043,-87.25173602023702,-93.12625954173211,-99.2287926522757,-104.67911096460915,-108.71488763383162,-110.88212752387138,-111.14571332399184,-109.8867525292093,-107.78032252207933,-105.59945064838085,-104.00581692172773,-103.39475109653965,-103.82925350789583,-105.06951754859173,-106.66741297516144,-108.09039308448261,-108.83952257901217
15kg_16bpm,9BC,-91.51516913830514,-89.56272459992695,-87.7649957654113,-86.38981557460231,-85.65878954245288,-85.69862536427799,-86.50854684783295,-87.95135855393814,-89.76995048635486,-91.62598931776002,-93.15402271190429,-94.02067806598632,-93.97665934851473,-92.89236951740665,-90.77176942333271,-87.7424119843141,-84.0256945427965,-79.8956992134432,-75.6350377427587,-71.4959843979376,-67.6736797739544,-64.29380684512549,-61.41385001901441,-59.03493859087431,-57.11981101068,-55.61150767938358,-54.44928102301633,-53.57960596338063,-52.961531339559414,-52.567200554129734,-52.379123241331975,-52.38583462451269,-52.57734929145603,-52.94147003640802,-53.46140494557104,-54.11480308942435,-54.87418358220375,-55.70851262061685,-56.58559691459284,-57.47495112832322,-58.350703339188684,-59.19405856545409,-59.994993155401815,-60.75296297411398,-61.476467990366686,-62.18144275022961,-62.88863578534588,-63.620104803156345,-64.39507196623215,-65.225663758942,-66.11319820560784,-67.04577674873181,-67.99797473113335,-68.93331179366862,-69.80940818403397,-70.58525947738816,-71.22952308487402,-71.72803314510672,-72.08876750990972,-72.34293375007141,-72.54140436301937,-72.74643817270022,-73.0199784848925,-73.41046399933042,-73.94034583442199,-74.59696593061109,-75.32910983935147,-76.0504055836108,-76.65010562331307,-77.01085206706907,-77.03134123077056,-76.65064884990191,-75.87044623827936,-74.77044958165118,-73.51189660310447,-72.32653407141181,-71.49008254921347,-71.28175586722318,-71.93546338716176,-73.59144776280415,-76.25758219771797,-79.78927211265378,-83.89638465124737,-88.1782746279071,-92.1830551880216,-95.48286908209205,-97.75134552018044,-98.82684247258679,-98.74857935691317,-97.75725097444897,-96.25685818334792,-94.74499566778348,-93.7263782043014,-93.62563658239114,-94.71638071967237,-97.08062435548558,-100.60248722569808,-104.99365120220558,-109.84305227750312,-114.67849613836604,-119.02977188010952
15kg_16bpm,9CA,-91.00739507997353,-86.9543882656999,-84.28492661825493,-83.264011358629,-83.9170986328471,-86.03687545453299,-89.23070535646455,-93.00130497685684,-96.83385233145034,-100.2707214548012,-102.96237596856584,-104.68990345693958,-105.3672569297284,-105.02724461262328,-103.8005470431047,-101.8888179300474,-99.53506552553127,-96.9915393416663,-94.48768614473059,-92.20230958560546,-90.24351191892892,-88.64090394842778,-87.35050108353214,-86.27175040708586,-85.27272700153729,-84.21859885381063,-82.99823566937638,-81.5439878465577,-79.84152449940942,-77.92828659968272,-75.88123143831982,-73.79712783796289,-71.76950972405987,-69.86756888764832,-68.1213321946552,-66.51575035630533,-64.99507893765272,-63.475878403285826,-61.86679740076633,-60.09115260274423,-58.108174205756775,-55.9289012289084,-53.62195663439731,-51.30818729408584,-49.14308343000089,-47.291307876145304,-45.89805150135892,-45.06336901800269,-44.82566852006411,-45.155905336075776,-45.9646283936161,-47.11771466465099,-48.45876371905345,-49.8330345052298,-51.10957169625045,-52.19891020640208,-53.06312024461121,-53.718239544593956,-54.2272161253199,-54.68577979663244,-55.20253411340568,-55.87725144412816,-56.7812769463317,-57.94292772686407,-59.341164338800176,-60.90738222269053,-62.53590712446201,-64.10100045279259,-65.4787020811737,-66.57107050944008,-67.32935380031553,-67.77290770585124,-67.99801783906156,-68.17184251062814,-68.50652671209289,-69.21304841521895,-70.44153904348482,-72.22190252072834,-74.42555856913229,-76.76789293218793,-78.8615066993861,-80.31526049171367,-80.85300335005395,-80.41406223456848,-79.19735848554387,-77.62322603608631,-76.22040607820007,-75.46943952248033,-75.6577444600721,-76.80004270604628,-78.64949753252961,-80.79699650972495,-82.81153383475738,-84.36646542084605,-85.30341346168798,-85.61412892935698,-85.36464288479776,-84.6052573008923,-83.3163587470459,-81.41710541700866,-78.82953746570331
7kg_10bpm,10AB,-43.057042022727245,-40.409427577196766,-36.86740272689158,-33.58376815762311,-31.645139209175934,-31.65554540013422,-33.47907675747966,-36.27834393819011,-38.86019513842908,-40.17786320849099,-39.74492922582621,-37.765278745004956,-34.946790198965004,-32.134131465525016,-29.964357078065696,-28.69520385123012,-28.237093191325386,-28.31634240344037,-28.65773852330586,-29.09956058861298,-29.61171691576919,-30.24067082038669,-31.029837191034773,-31.959065583920122,-32.92530233027282,-33.76449590816358,-34.300581592340855,-34.40162760234621,-34.02415037824884,-33.23218102470237,-32.18528034115081,-31.097535308228736,-30.177931844976314,-29.570458958604707,-29.314756833203727,-29.34115737927455,-29.500725924838626,-29.618197085857467,-29.548328790915356,-29.216516980772674,-28.63242792079758,-27.87706021282636,-27.07305628759496,-26.35126452283305,-25.82354105058336,-25.56577501147883,-25.610630518923408,-25.948904063373313,-26.53928156909853,-27.32485130155574,-28.251655678238407,-29.28383622659519,-30.411935662680378,-31.651779923182662,-33.030236956262,-34.5559964273965,-36.18275875135821,-37.785450722689994,-39.175463606230245,-40.16689701261835,-40.67384815149821,-40.78726909962302,-40.77290218200985,-40.96290267522246,-41.576078428573624,-42.56443951646072,-43.59926137124056,-44.241935873049485,-44.21300122520873,-43.57056846471628,-42.64694616959133,-41.778861854544274,-41.0545513653715,-40.29949404938107,-39.30742233271701,-38.097195507210564,-36.962669314448185,-36.280096544125264,-36.23927427464308,-36.700314033395316,-37.26214426103192,-37.48446606404787,-37.12476878073714,-36.25899619139662,-35.229124574754735,-34.45936340911902,-34.249165688092596,-34.64976394626473,-35.471290693898375,-36.39449232463892,-37.11803209254406,-37.47379832812903,-37.473590377205724,-37.28566913150226,-37.16186024615357,-37.34306674061408,-37.970102865945734,-39.0234522444936,-40.31004971866357,-41.50553354216948,-42.246429380875085
7kg_10bpm,10BC,-45.71595130061012,-45.001542510286576,-43.97151120161151,-42.939733219299754,-42.15548645472901,-41.726187265058236,-41.59440255167747,-41.57265932982509,-41.42238105403608,-40.94266216069588,-40.03651839096271,-38.731813149982,-37.15739735082054,-35.490565028173975,-33.90017392275044,-32.5060651298357,-31.364116819806796,-30.47498159872403,-29.805461057854632,-29.310852452845705,-28.949024426682758,-28.684400934176917,-28.48529896783167,-28.320853520133102,-28.162120234572566,-27.98813153589172,-27.794026784382638,-27.59655682992967,-27.433351634792373,-27.355192998905373,-27.413159829489455,-27.644864040379915,-28.063699405887714,-28.65448188831877,-29.376022483588592,-30.169846493498472,-30.972062134194733,-31.72517126078379,-32.386929618688114,-32.934667110555594,-33.365004224450175,-33.6896907830915,-33.92934150903747,-34.106480447293606,-34.23956060246455,-34.339056266254325,-34.40639913207574,-34.43563945124862,-34.417069739488426,-34.34168474699026,-34.205322325637326,-34.01179025419901,-33.77444461442033,-33.516130179884804,-33.26727108577792,-33.062301005047125,-32.93473796548706,-32.911500736168065,-33.00733195557849,-33.22027873861314,-33.52963099892876,-33.89712718496733,-34.2722050310946,-34.60078301561108,-34.83620499083231,-34.949934969483365,-34.93906216327057,-34.82818335667524,-34.663925350221675,-34.50312348143132,-34.39700206217703,-34.37596592993224,-34.43916763592858,-34.5525261681235,-34.65605773383708,-34.67930665717224,-34.56195174926805,-34.275099642335434,-33.83842986731523,-33.32704702338727,-32.86437099431962,-32.59886008340098,-32.668645544087596,-33.16169896173568,-34.083565852150414,-35.343598975492185,-36.76711262329947,-38.134484943115865,-39.23780472928445,-39.940520749774294,-40.220200581317556,-40.18079242624695,-40.026052204993775,-40.00175611768213,-40.32266216064128,-41.10839886050812,-42.3483257115249,-43.90611268492598,-45.56048703429796,-47.06514493961615,-48.20845303025362
7kg_10bpm,10CA,-44.604855581343415,-43.53962996307393,-42.41282454492484,-41.75405021148555,-41.88187635754453,-42.78120435255566,-44.12848559299757,-45.44528717797986,-46.30551677831972,-46.50231685004395,-46.10463382485436,-45.38825160052764,-44.684434937608415,-44.22338054087567,-44.04475727742405,-44.00762121012227,-43.87847763427787,-43.44053624440782,-42.56988987402728,-41.2570587902253,-39.586076703313196,-37.69648312865044,-35.746939326227206,-33.88675098527626,-32.234672800255744,-30.864617621494716,-29.80044086680359,-29.0217957104215,-28.479072950259905,-28.11080469396261,-27.856019421565826,-27.658408318538132,-27.46562197504553,-27.230213500228988,-26.91605885262452,-26.50811270114364,-26.01934778421104,-25.489720143535003,-24.976719108022145,-24.541792318514737,-24.238496090038094,-24.105769986408436,-24.16529746000165,-24.41924470396294,-24.84634140247781,-25.398970632264202,-26.007113504085453,-26.593008417916778,-27.094063483392564,-27.485422748695274,-27.79196830874502,-28.08330495965396,-28.45180833973084,-28.97998121921714,-29.70781991799449,-30.61289953786316,-31.613207719262906,-32.59349984338179,-33.4432429567509,-34.08690581393875,-34.49284677012255,-34.662673378930826,-34.61640788361685,-34.38907987674106,-34.041582352951664,-33.67297756666337,-33.41483231520912,-33.39676683380204,-33.69248365849654,-34.27419462824402,-35.00643028871157,-35.69246379344457,-36.15623887145851,-36.31803775380346,-36.221032190170696,-35.992669806301826,-35.76429441877409,-35.59827417935468,-35.46591328615459,-35.285513879249436,-34.991924717662286,-34.59241297043569,-34.1774470975135,-33.885627806053975,-33.846337610529005,-34.12787209066046,-34.70742459527472,-35.46684327168396,-36.21374229206839,-36.72821092709101,-36.83157290766092,-36.46106301068788,-35.719887450753475,-34.86958335391107,-34.24952047053141,-34.1420671532843,-34.63497416676628,-35.546116853011966,-36.45861181124457,-36.86897333592572,-36.39529427121527
7kg_10bpm,11AB,-40.05298092758477,-36.43532981168075,-33.69447935006922,-32.630455741838546,-33.38384587322496,-35.44113459502438,-37.890905736022866,-39.795012258224425,-40.50863288320491,-39.83688923180341,-38.00852657729994,-35.52151923609647,-32.943119909088345,-30.736379349381803,-29.15836694693031,-28.24529166033237,-27.87059809029376,-27.83978258226716,-27.978858109618027,-28.185033271036215,-28.430964240395497,-28.73527913728044,-29.122340992568255,-29.59159597635342,-30.10659806917574,-30.603453414725955,-31.011922076398744,-31.279001713308432,-31.383942331523357,-31.337261803840516,-31.165031080504065,-30.88917143297957,-30.51734569260491,-30.048366746763755,-29.486694800852025,-28.85382770852653,-28.189730224901297,-27.547125645312544,-26.985716503916223,-26.569543956304415,-26.364175580931366,-26.42800439652005,-26.79589639115186,-27.46060202882759,-28.362244396328084,-29.39512797772683,-30.434289376181255,-31.37518814248415,-32.17279513712757,-32.86341847690579,-33.55626415532815,-34.39312332849973,-35.48846734226017,-36.87045632045918,-38.444139758767115,-39.99500672365028,-41.24377035423646,-41.946749631692555,-42.009961880605886,-41.56046507208788,-40.91694975375836,-40.44287810338395,-40.345288156392094,-40.55121114305976,-40.77424562907531,-40.74783443719292,-40.442502270115384,-40.06821391140323,-39.85092160231775,-39.80036622082445,-39.70353558285326,-39.34488710575805,-38.7245777749039,-38.06861267967714,-37.6428534105532,-37.54447967127536,-37.624176359604014,-37.57108076482436,-37.093109360549605,-36.09026679729115,-34.73333922269742,-33.4080668497873,-32.55009382727328,-32.45062306130359,-33.127197255480866,-34.319962805444725,-35.60978107597188,-36.59519716818474,-37.0425324286074,-36.94686365360361,-36.49259841389345,-35.94937828845838,-35.56023088849871,-35.47078763780228,-35.72062253591462,-36.28437004564912,-37.12544048853636,-38.22107376129629,-39.538688608162424,-40.98027210490578,-42.34129181821066
7kg_10bpm,11BC,-41.6934895648975,-41.1656298319254,-40.74355709231599,-40.54046546337281,-40.59693892331193,-40.85592146919589,-41.167886323838324,-41.327747254867994,-41.13562576835046,-40.46313954318547,-39.301169843285116,-37.76858373337177,-36.075356493420635,-34.453593877319996,-33.08453314932836,-32.050503717590985,-31.328503886366676,-30.82268126977318,-30.415988372350395,-30.016416880154342,-29.580591444066563,-29.111288829908073,-28.638095637559402,-28.19577165257827,-27.811268854735157,-27.502544304110543,-27.28527322062007,-27.180413595611824,-27.216846830547016,-27.42699853563648,-27.83700707528801,-28.455410871866256,-29.26491813038126,-30.22050557329058,-31.25477953289861,-32.2890363352862,-33.246623062781744,-34.06471123696807,-34.70173595512892,-35.13958840023062,-35.38136041575525,-35.446432653847424,-35.36482503598643,-35.17198700206998,-34.90432763049643,-34.595343343330136,-34.27248828642902,-33.95554315877604,-33.65740824309052,-33.38744942362374,-33.155959907635655,-32.97694289113649,-32.866615972197245,-32.837163581494046,-32.88849858891502,-33.00330912861466,-33.150090425601995,-33.29466789643198,-33.41536866353771,-33.51385784711889,-33.61506887280261,-33.7554402401293,-33.964889686424264,-34.250931012018356,-34.59194952492693,-34.942195412775376,-35.24599887892924,-35.45558074730751,-35.545898422476206,-35.521142259700575,-35.41073517274327,-35.2570073007941,-35.09983845166253,-34.964383747243424,-34.85646532677547,-34.7670189361807,-34.68340777352175,-34.602709348740945,-34.54102265439731,-34.53407125718227,-34.6278850426478,-34.862369512716,-35.25334121603541,-35.779197874376635,-36.37690483287422,-36.94922587894143,-37.382986259983376,-37.57666977435258,-37.47364042289993,-37.09346417778992,-36.54971812474837,-36.04144250630743,-35.81091425306913,-36.073443702597764,-36.94076166072511,-38.36761536701817,-40.14610722834797,-41.95541165560982,-43.45258669245408,-44.37248722467408,-44.60113930979993
7kg_10bpm,11CA,-40.411072802168356,-38.634745574724505,-37.6668184346957,-37.784669207072774,-38.926416718209396,-40.74369893523823,-42.749480863336885,-44.494752460664195,-45.70298885336545,-46.31911518201088,-46.46866677018217,-46.359715473037355,-46.17924756140844,-46.02612758065819,-45.89837727879864,-45.72532532329861,-45.417517724680415,-44.90822841502282,-44.17217826612736,-43.22152744214273,-42.089709690308936,-40.81513920575442,-39.432335099905494,-37.971756205601736,-36.464946524784665,-34.950375295377604,-33.476306514569806,-32.098626005653344,-30.873454178214832,-29.846173207067356,-29.04011308722473,-28.44902984607034,-28.03647984522282,-27.743055538894616,-27.500128720778658,-27.24657994302623,-26.943695088621418,-26.58366062830188,-26.188655766182723,-25.800681917126212,-25.46609526528321,-25.220493913159952,-25.078944910730225,-25.03408366034706,-25.061371854473503,-25.128901720099414,-25.208682008586614,-25.286528506106553,-25.368208091973923,-25.48014768033717,-25.66392563109744,-25.96523403054591,-26.419696619003005,-27.038910604599717,-27.800563421674642,-28.646182397548408,-29.48808357780893,-30.224653365078165,-30.76103189555952,-31.031074767261604,-31.01675465351027,-30.761909477541078,-30.376947126406304,-30.030001449144894,-29.92061618823906,-30.235045613973345,-31.089221002116957,-32.47546463159621,-34.234803087280696,-36.07358807976398,-37.63053319310659,-38.579324650403784,-38.732211038151384,-38.10511066314865,-36.91581138237643,-35.512457644546814,-34.26051877029121,-33.43146225686431,-33.13304706281966,-33.30235026336847,-33.75503372844028,-34.266087613477126,-34.65169293916218,-34.82573737209783,-34.8162757915197,-34.74035004557719,-34.747062974880244,-34.94958895502333,-35.372314856964906,-35.93477890237785,-36.481373704591036,-36.846461932523695,-36.926632823780565,-36.727370669005595,-36.36077510755618,-35.99245221641327,-35.76134920453284,-35.70974081935553,-35.75809136437788,-35.740654568274714,-35.48747174971367
7kg_10bpm,12AB,-43.208212588869046,-39.97749865113409,-36.1098447677028,-32.76272084488764,-30.900022277911994,-30.931947747552407,-32.58128558182615,-35.03165618359888,-37.279870132339425,-38.52514809837684,-38.428408153392915,-37.15485586987219,-35.22039619344488,-33.24029662121684,-31.697487601369655,-30.8132963960724,-30.54349480876992,-30.669103022779375,-30.924361939845173,-31.106288840761803,-31.131596823783315,-31.034214030845433,-30.919004408970018,-30.898277228380152,-31.036907131367823,-31.323500450878004,-31.673986891434485,-31.963178790092492,-32.070576556632936,-31.921640958492617,-31.5086233717092,-30.88583313090891,-30.146579454611686,-29.395002159378933,-28.723316819203653,-28.198348846957288,-27.856425372712497,-27.704171236130776,-27.72265329210785,-27.872669818068257,-28.10046386187568,-28.345492091873183,-28.552813431035187,-28.69000261697778,-28.76299568023601,-28.821010083414528,-28.942428536399653,-29.202844730626676,-29.63901438098278,-30.229335231115634,-30.90526965781027,-31.589965109239508,-32.24184920256355,-32.87661004117703,-33.554815385667986,-34.34363203013168,-35.274393918668686,-36.316566749651194,-37.37771220152016,-38.32751799720336,-39.03738413397343,-39.424760199412454,-39.489814745645155,-39.32942395238754,-39.11324179282623,-39.016625130695274,-39.13048771281116,-39.39874621840611,-39.64146005784091,-39.67852774353072,-39.48449351030127,-39.2457470963114,-39.237412706923436,-39.58674076999685,-40.114896749490384,-40.4064863205107,-40.06499728359406,-38.95989158289102,-37.301296623514176,-35.532333808605046,-34.14306491599976,-33.509572197122566,-33.80156213973769,-34.95755631298147,-36.71520870347223,-38.683269415554975,-40.43665663833191,-41.61125867606692,-41.97739068920224,-41.47910205952008,-40.235500005161384,-38.507500636419856,-36.639496536630745,-34.989771192419866,-33.863931926852516,-33.462125415334285,-33.8465502135517,-34.93341774830533,-36.51189547244415,-38.28886881143907,-39.95232023175759
7kg_10bpm,12BC,-45.338334414150694,-44.80830578329742,-44.056878873099,-43.271807374071024,-42.6083624129441,-42.14077395159876,-41.84201977821009,-41.59798560189669,-41.25232989693075,-40.663883655783835,-39.755878412040595,-38.53902640017344,-37.10369248476786,-35.5878103508411,-34.134952177847055,-32.85794832123046,-31.817566717704306,-31.01947810068835,-30.42536063708457,-29.972201636710782,-29.59219406120465,-29.22875504972936,-28.846272658238327,-28.43404397675703,-28.005633847744967,-27.594790496288596,-27.248818288135634,-27.019559078234074,-26.953148526317154,-27.080058813203557,-27.407842607343937,-27.91816289437638,-28.568802808358203,-29.300248105925455,-30.0451841890033,-30.739475983230875,-31.33259033277281,-31.7959095182382,-32.126879201207956,-32.347897297499195,-32.4996353695275,-32.629879318358846,-32.7807689966721,-32.977668693583055,-33.223117429839064,-33.49727556709951,-33.764852639267914,-33.985801404315,-34.12653865005839,-34.1684126871938,-34.111782297719415,-33.97551116963218,-33.79271985851581,-33.60431122955244,-33.451316594528365,-33.36735525816977,-33.37213761275569,-33.46746238856169,-33.63678056094526,-33.84918281828975,-34.06768190941029,-34.26000731333805,-34.40906251855308,-34.51919389356979,-34.615666512963,-34.73614785007349,-34.916507020199745,-35.17496406724637,-35.50037024030142,-35.84888096194405,-36.15137489889171,-36.330204424421744,-36.32070547725601,-36.09113071906967,-35.65457556930921,-35.06950049217383,-34.428152307708906,-33.83736291355822,-33.39713674486098,-33.18309575106304,-33.235534397813744,-33.555423635631065,-34.10549639994842,-34.81456597363695,-35.58557559632086,-36.30817529574329,-36.87693086140628,-37.213222599577485,-37.286466064314205,-37.12838020228284,-36.834554968021685,-36.551486853625725,-36.44957045207993,-36.687958521183575,-37.377764714481515,-38.55245413981491,-40.15175764768102,-42.0245259667095,-43.952241000296276,-45.68896413315947,-47.010215250842435
7kg_10bpm,12CA,-44.46514305980084,-43.05377633276913,-41.610169795733825,-40.56801232009179,-40.22895660752435,-40.66587422448034,-41.721384083028276,-43.089878781743714,-44.43703686968527,-45.50625124115898,-46.17529954002824,-46.455291449263854,-46.447746984019474,-46.28484433952462,-46.07669841549027,-45.8792105929253,-45.685444412152364,-45.437163437513156,-45.048691269448305,-44.43456377492926,-43.53374009596127,-42.32520056828481,-40.8334211158538,-39.124723552199406,-37.29633971732556,-35.460538819667626,-33.72618081825917,-32.18053394201922,-30.87555729933037,-29.822675277839544,-28.998117803376008,-28.357579166620898,-27.85462564970851,-27.45551111223135,-27.14486533846827,-26.920846577283342,-26.78357287588741,-26.723047064948396,-26.712246579972245,-26.70841407509323,-26.661995750894597,-26.53043235071243,-26.29248174250493,-25.95817184873356,-25.57035255235117,-25.19551571177541,-24.90512415088945,-24.753212332684356,-24.7583662455144,-24.897930503595166,-25.117417744356743,-25.351344938591733,-25.547472731143756,-25.68507289274934,-25.780820366588586,-25.880669430272174,-26.040617465811952,-26.303953381292434,-26.684316472330238,-27.161892891205014,-27.6949392231346,-28.241280945612147,-28.779971118273853,-29.322701647261013,-29.908326316649585,-30.581562388145873,-31.363827454571748,-32.22936748785705,-33.0996885224342,-33.86259995309136,-34.412564836919145,-34.69783918087365,-34.75432995815158,-34.70927865199107,-34.747182276402064,-35.04629495762668,-35.70680053034343,-36.69695603238253,-37.84140253459634,-38.86079179658495,-39.454396831832014,-39.40110669377215,-38.64294283155153,-37.320254407469996,-35.742699182546225,-34.30166228249736,-33.35387123852237,-33.114690480679556,-33.59694117897737,-34.61645894102941,-35.86023434634249,-36.99375856838875,-37.7699701819927,-38.100034618771154,-38.06142804331963,-37.84020026910114,-37.6308854116716,-37.537420863921575,-37.51828604368328,-37.40364559270883,-36.978681208591546
7kg_10bpm,13AB,-44.91729140157071,-41.25297394273991,-37.516777000248986,-34.77762376541789,-33.72840930589861,-34.48501189240353,-36.58533416014682,-39.18009618098669,-41.33791791585368,-42.34769131524371,-41.91023762540925,-40.16492363948799,-37.568624922464195,-34.69914113734172,-32.06922251272183,-30.011075160707943,-28.646455224951364,-27.920546577008828,-27.664447274542283,-27.659784514939172,-27.695661498094644,-27.6176856563753,-27.365782400560715,-26.98899022724833,-26.624289821112637,-26.43918067318353,-26.5579160707469,-27.00443064429205,-27.689810668960476,-28.44998592527994,-29.113387441201603,-29.56442204524566,-29.774345469472262,-29.791068082586175,-29.700032798761605,-29.578288627105238,-29.461529663119745,-29.334584926237262,-29.14600317308987,-28.84003821524043,-28.394067666326972,-27.845901641097523,-27.296370805595572,-26.881490940421273,-26.72348786763974,-26.88256414038057,-27.332893361933415,-27.974863854003495,-28.67750303980109,-29.331040175013182,-29.887212961074084,-30.373496231104415,-30.879836406871288,-31.525758815884096,-32.41960731893685,-33.62143645303171,-35.11858695673179,-36.81953960059131,-38.568245017212476,-40.17778333973327,-41.477534778550854,-42.36124319558059,-42.81745285263529,-42.92542970684189,-42.81364690054978,-42.60013267002424,-42.35028061680086,-42.08104620729939,-41.806146193551704,-41.57595778017496,-41.45800451627626,-41.45240131712367,-41.41047299440868,-41.050060318306954,-40.094344992505945,-38.45268441594599,-36.315510061109904,-34.097276286405936,-32.27184301103784,-31.206393151361326,-31.076228313438385,-31.873680032234756,-33.46899097649207,-35.667156517351124,-38.22659029466833,-40.843135084400636,-43.13451859733021,-44.668212811413404,-45.05347005231539,-44.07685358371365,-41.824136173019745,-38.72412169008277,-35.4791429657879,-32.89643858641097,-31.6756425903796,-32.22079275938094,-34.53216651805053,-38.20612914810021,-42.540188041082715,-46.711537372319974,-49.97734688161791
7kg_10bpm,13BC,-41.99454308379956,-41.49023200875708,-40.967035051240224,-40.4571427487805,-40.06985764080806,-39.924506397349525,-40.07480029863956,-40.46219691412289,-40.91861379635359,-41.217349552881906,-41.14933699757862,-40.59287091886371,-39.55079838466031,-38.14218830721695,-36.55647512924072,-34.990551904469626,-33.593575857884495,-32.43829845810054,-31.523116919172278,-30.79748310450065,-30.19561684496657,-29.66428290507996,-29.177169001133432,-28.735109055217908,-28.35710255937358,-28.06815197519301,-27.888626912753235,-27.827689955730428,-27.881160772930414,-28.033405921339533,-28.26236374287798,-28.546288413425014,-28.870314487405317,-29.23024746527403,-29.631513903790022,-30.082840273398546,-30.586587989650713,-31.129932066612213,-31.681124819361585,-32.19350153573536,-32.61657369417871,-32.91034029216832,-33.05786299428162,-33.07149428662121,-32.9909526228442,-32.87417068098837,-32.78376502122569,-32.77322742086692,-32.87626081305073,-33.10166799770288,-33.43465904815608,-33.84326316520641,-34.28736522866022,-34.72730334619443,-35.129725658149376,-35.47010028335447,-35.732470661091746,-35.907905462567605,-35.993105489453285,-35.990017226777184,-35.906394377239664,-35.75645790974893,-35.560548523334454,-35.34302549413088,-35.12857178300497,-34.93772572991959,-34.78287586008223,-34.665886883537034,-34.5780901733572,-34.503087744975296,-34.42209562353747,-34.320482259430506,-34.19332921760626,-34.047522117338616,-33.89925452971268,-33.76777059384287,-33.66789407999069,-33.60462225635522,-33.571953834219464,-33.55648166380056,-33.544492508168275,-33.53037660781792,-33.52407460727657,-33.554863988949656,-33.66899462385622,-33.919542758196904,-34.34932528809913,-34.971996290508265,-35.7590985267263,-36.64107908220173,-37.52569630587364,-38.32888415696693,-39.00673071620638,-39.57381808231525,-40.098469957486834,-40.67520531684246,-41.38460309606346,-42.25732234292335,-43.25584467347322,-44.280096462559875,-45.193184170297215
7kg_10bpm,13CA,-41.834279637206734,-41.114485542093114,-40.382056001921875,-40.09845129990618,-40.5564683591069,-41.76694230592949,-43.476153405498884,-45.289552898151236,-46.83467301033374,-47.889711482379546,-48.43033327802827,-48.58834193148677,-48.55281055801453,-48.46366518141316,-48.3441558461731,-48.09580911198055,-47.54954214032149,-46.54417586257527,-44.99734828917445,-42.94277192143644,-40.52439090737248,-37.95418579706514,-35.45122470653998,-33.183669584925966,-31.23297979365273,-29.591181958420982,-28.189786090454927,-26.94686749992639,-25.81213410437553,-24.791523587891437,-23.942233870488728,-23.34209158358444,-23.04839922366173,-23.065917693710045,-23.338854338854023,-23.769506891755157,-24.252776624178175,-24.70851449047577,-25.096698470069942,-25.41178079163348,-25.665274126449386,-25.871917136289,-26.050239816632615,-26.235286954611617,-26.488566284840644,-26.888528204160238,-27.497598240293446,-28.32075693713057,-29.281132598565407,-30.230970841425197,-30.996424200854726,-31.436423442405083,-31.49107626011899,-31.2031153475649,-30.70790492323093,-30.196387696213847,-29.860971069342845,-29.838620742909338,-30.167790599589114,-30.77424225440303,-31.494181898766083,-32.132024840633505,-32.53692665363018,-32.67141542623928,-32.64253492979309,-32.6747126333201,-33.02415969035772,-33.86167329596283,-35.172563780940166,-36.72468684223523,-38.13072535364676,-38.98715422128893,-39.03203886521472,-38.2503979365585,-36.87934750288318,-35.31393979320655,-33.96113130492499,-33.10771911159406,-32.85116360524079,-33.10534159368496,-33.66086111688294,-34.26684919664183,-34.70660080736432,-34.85173861979886,-34.68909859183243,-34.31898502495377,-33.92518516974391,-33.71967488490452,-33.87075637156468,-34.4325338072962,-35.30208741840158,-36.230774950420425,-36.901356731188876,-37.05426098310981,-36.61590619214539,-35.767502995970425,-34.90774830841447,-34.506510898947596,-34.90049590215934,-36.11829585227773,-37.819623904588234
7kg_10bpm,1AB,-37.184504786993756,-34.86160571331528,-33.1080888482134,-32.440704653350174,-33.03036316212309,-34.691860094984854,-36.97024296988916,-39.287750315638974,-41.10451062512971,-42.04799395976132,-41.98036190794032,-40.99426542104473,-39.34930136901038,-37.37733355437002,-35.3904151478126,-33.61774911233304,-32.18171054008083,-31.106726386741244,-30.346850815894953,-29.819077174483844,-29.434468751504664,-29.12257253555637,-28.845269905726223,-28.5969150544918,-28.390721929999852,-28.236889150390926,-28.123531729486636,-28.012648306932984,-27.856395869944052,-27.625958116387874,-27.334987762523276,-27.040792280376603,-26.820098699598102,-26.73343547077457,-26.799502563914636,-26.992204332129578,-27.256911869737227,-27.533393589796713,-27.775075662798365,-27.960474925337678,-28.09575416586083,-28.20835268136138,-28.33434382830414,-28.505594709254716,-28.74259666194878,-29.0542133790275,-29.441194875778365,-29.900290627832973,-30.428131939277577,-31.023876026541295,-31.687400292360415,-32.41126807553166,-33.17130074485045,-33.925533479116474,-34.62733288674501,-35.24731347212491,-35.789953210906404,-36.292384862833906,-36.80417023860417,-37.359614336531344,-37.95884935824494,-38.56740667192468,-39.131960770291,-39.60161478395525,-39.944187118091506,-40.1525848418625,-40.24181488653514,-40.23979140153235,-40.17562030262366,-40.06888794251519,-39.92319647826042,-39.726655973778804,-39.460532208794724,-39.11378178363129,-38.69651335736474,-38.242943130860525,-37.797779207043696,-37.3894207441118,-37.00451543126064,-36.583810990382304,-36.05254926388541,-35.37997887541108,-34.640625108629635,-34.03852609572802,-33.865247917781794,-34.39245600502594,-35.73664481186784,-37.75739163151004,-40.045700710147884,-42.02400109118041,-43.129264039961065,-43.01084298965434,-41.66644488836513,-39.46694864971758,-37.0665327019217,-35.232181509043755,-34.6395242755089,-35.675999196343184,-38.28888701858026,-41.92774766330315,-45.641588307949284
7kg_10bpm,1BC,-45.665427075186926,-43.76976933058466,-41.8088303422441,-40.13117945708455,-38.99091333556714,-38.49100938853133,-38.56486846652089,-39.00116298603114,-39.507687491380224,-39.7919910185178,-39.636239888802734,-38.94386396230943,-37.75012909648289,-36.19650827823716,-34.48330642068888,-32.81499480958572,-31.354787179651147,-30.19732276992078,-29.363979572604322,-28.816324357913118,-28.48126538115891,-28.278443360617572,-28.14259773735193,-28.03598132117599,-27.950090645252097,-27.89846493509684,-27.904772165911584,-27.990754348321786,-28.16780505917835,-28.43388895099351,-28.775443216101163,-29.172213856989888,-29.60258795594961,-30.047664495856495,-30.493403974029604,-30.931181358237048,-31.357464492294255,-31.77328125548293,-32.18357949120632,-32.59633843292865,-33.02097009772207,-33.465777303825504,-33.934529800819455,-34.42285803183407,-34.91543171880332,-35.38513765110787,-35.79513844957179,-36.103948298945625,-36.273019473629404,-36.275356527085656,-36.10329060893528,-35.773064783382004,-35.324825769489,-34.816936117389865,-34.31592167965887,-33.883964353096644,-33.567301196621045,-33.38813302831513,-33.34250936709672,-33.404215203063096,-33.533732843951036,-33.68934425126772,-33.837243029273246,-33.95779423325355,-34.046807682791204,-34.11201207598205,-34.16643856895281,-34.22098610805169,-34.27854685009862,-34.331408015681916,-34.36266268088363,-34.350890939906996,-34.276240066457355,-34.12554632632587,-33.8947287938561,-33.587922162419254,-33.21445047339542,-32.78591317501751,-32.31582666085683,-31.823331562018346,-31.3404774903609,-30.919909870615147,-30.638487902785702,-30.5915469315635,-30.87577573715051,-31.561993337928808,-32.665353516404565,-34.12251234265919,-35.78801428724025,-37.454872776184466,-38.898859887340755,-39.93422613632967,-40.464408284413814,-40.50835584511578,-40.19376858194715,-39.71766644350975,-39.28929381415957,-39.075206978492574,-39.16560653526995,-39.56958581323453,-40.2363429043393
7kg_10bpm,1CA,-45.10790032067402,-43.62891909753585,-42.31489854423372,-41.51454322352652,-41.40418056345044,-41.96666269252725,-43.02422225178936,-44.30942226665405,-45.551270191106724,-46.547353593478434,-47.203558586053965,-47.53296934825518,-47.62311334023151,-47.58633179959337,-47.51338219380116,-47.44316058673493,-47.35550242243813,-47.18364136461866,-46.83947188417056,-46.24122133333263,-45.3359866510542,-44.11187585046462,-42.59942206445236,-40.8637944501005,-38.99142811084651,-37.07491545755689,-35.19925174583354,-33.431796549312516,-31.816738655882947,-30.37414083247571,-29.10228900434194,-27.982646081851065,-26.986159219713304,-26.080366449302073,-25.2364942837202,-24.43558597793905,-23.672357408964842,-22.95567359470341,-22.30535262577322,-21.745874509470774,-21.29890664668323,-20.976752688703122,-20.77887913005143,-20.692444471609555,-20.696951459693288,-20.771505654359906,-20.90271713192647,-21.090478933756714,-21.349519790631575,-21.705181421548914,-22.184310354139456,-22.80379402686737,-23.56111069383267,-24.430259083578953,-25.364955103040387,-26.307529897713557,-27.200415459458622,-27.996619196219566,-28.66712681302591,-29.204619878735205,-29.62377162327803,-29.958364745408975,-30.25453935548075,-30.560499502452025,-30.91393925512611,-31.331096854301954,-31.80176219426565,-32.29439356753687,-32.77113986410195,-33.20889496490006,-33.61786227722233,-34.04915850354311,-34.58420429631593,-35.3057193444537,-36.25631608978788,-37.39956622835301,-38.60001233781023,-39.63806129909696,-40.2627560377659,-40.27153132695155,-39.589725145661525,-38.31910607989124,-36.73006264529797,-35.19333738646181,-34.071629217981396,-33.609058839467835,-33.859997324460565,-34.68387044053513,-35.80838733130396,-36.93461699047767,-37.8450597706779,-38.47341060256822,-38.91347899610902,-39.365487621998014,-40.04494520183142,-41.0882000210561,-42.491262332867215,-44.1009395639502,-45.66108535233921,-46.89256184981321,-47.57973783249814
7kg_10bpm,2AB,-34.647801571491335,-32.80573854819159,-31.71066928544373,-31.540855673234844,-32.27101019684355,-33.6859036795541,-35.441954048888306,-37.15296642296776,-38.474800811733296,-39.1690192992305,-39.134737841901526,-38.40923285235807,-37.14194329389995,-35.550378677691526,-33.86891986919134,-32.30103433699829,-30.9861923280719,-29.987960584586254,-29.30312829049489,-28.8854650881863,-28.6724426095866,-28.605089461633955,-28.6358242426714,-28.725832044368946,-28.838552962658873,-28.936467792319768,-28.985049298409876,-28.962035569521607,-28.8660975037893,-28.718191959450273,-28.553090001067016,-28.403799498366684,-28.285979639145832,-28.189731449690218,-28.082338081873786,-27.920915937125212,-27.669542883426928,-27.314846397816645,-26.87517618225873,-26.40088365137349,-25.966073738664626,-25.65362909302455,-25.537107357736136,-25.663873030378788,-26.043703702456195,-26.64677560696207,-27.41209576201865,-28.264756794293366,-29.137136152398305,-29.98670123226868,-30.804338995950477,-31.610247669317904,-32.440201852296,-33.328919524770455,-34.29743943040823,-35.34838263070345,-36.467636057674014,-37.62813326423924,-38.791772916333194,-39.90879063799258,-40.91753011613217,-41.7489961554669,-42.338281131746406,-42.640977293087545,-42.64859802368735,-42.39589369809635,-41.95594300328417,-41.42316763386638,-40.88991289653391,-40.42434065919672,-40.05615616884569,-39.77362765894664,-39.53060087464869,-39.260212539990235,-38.89159376884853,-38.367041602042235,-37.659307887272064,-36.7883587408334,-35.83499224630286,-34.945706613689914,-34.32021462780179,-34.17573352092484,-34.689546360668764,-35.931580209911615,-37.81054477401144,-40.05775985546187,-42.26607334926824,-43.98338656937854,-44.8358050204363,-44.642959116029886,-43.48198165746987,-41.67471352669587,-39.6999698073872,-38.05867062597743,-37.14066997350135,-37.135305441521034,-38.00986714798459,-39.55221047205536,-41.45010326804899,-43.3761129233832,-45.05225221164704
7kg_10bpm,2BC,-42.17882526132364,-41.169720680677464,-40.18472633405902,-39.450696571069365,-39.11712635877814,-39.219935869122814,-39.67644700360862,-40.311933334537784,-40.9075395509568,-41.25477922800258,-41.201863766888515,-40.68187162734345,-39.71671714016197,-38.40199225791634,-36.87761066750402,-35.29521701817302,-33.789836928984954,-32.46110925382625,-31.365693023043836,-30.519490823785127,-29.905776091085354,-29.486367505100976,-29.212221915000654,-29.032406366775792,-28.90071852296393,-28.7801590677803,-28.64577427460722,-28.486028148703618,-28.302879798218566,-28.11062543960665,-27.93329966554868,-27.800938494254655,-27.744720143739528,-27.7915328981858,-27.958724286910016,-28.24977313647572,-28.652141961857374,-29.137906369598525,-29.667474371916196,-30.195902809139984,-30.68044749980784,-31.0876923776318,-31.398851401125743,-31.611840742939425,-31.740340281366162,-31.80990914006605,-31.85247591220141,-31.90021624020321,-31.979898414845007,-32.1085038621842,-32.29090631403988,-32.519869394507325,-32.77885670656826,-33.04691647819298,-33.30468857367224,-33.53978422212568,-33.74977412089561,-33.941841362495154,-34.12912822926526,-34.324980349691245,-34.537101981479545,-34.763786984534384,-34.99349984485726,-35.208325899082816,-35.38992350141635,-35.525828743813065,-35.61360570342043,-35.660927998303656,-35.68134024961353,-35.68722046392454,-35.682766759378914,-35.66001216191469,-35.60030567323133,-35.481308716107975,-35.28782336899974,-35.02293451562909,-34.71503941595701,-34.417746583972026,-34.20144427019196,-34.13813368111386,-34.283500831644915,-34.66132229426148,-35.25372321608637,-36.00076255789496,-36.80822766149859,-37.56300467109472,-38.1527071764544,-38.48660566599518,-38.5145577111865,-38.24081446776676,-37.72889943541314,-37.096686375055945,-36.49997651801629,-36.108410951945004,-36.07779155590119,-36.524789009847524,-37.50956478352726,-39.028147086323514,-41.0141361613455,-43.3471758073325,-45.86376727658745
7kg_10bpm,3AB,-37.49032563872314,-34.64338050513463,-32.58914768354882,-31.708124803530385,-32.10864524910475,-33.60747024601954,-35.784798096022875,-38.09360544249378,-39.99440052093004,-41.075484043761605,-41.13204127351049,-40.18520003769832,-38.44675064546035,-36.243467977301826,-33.92783899170966,-31.7997616197287,-30.057584970454464,-28.78451520679039,-27.964933202943726,-27.51887486569489,-27.339284339836844,-27.32248104478626,-27.386388099429162,-27.47750051864467,-27.569253346666983,-27.655927073297498,-27.744745586702756,-27.847957934116607,-27.975745947359513,-28.130391925797014,-28.30256043990852,-28.47053943838138,-28.603228223682496,-28.666240249860643,-28.629762386741948,-28.475756918628335,-28.20256122153674,-27.825347199802003,-27.372682279832503,-26.880700990808407,-26.387461153383803,-25.930016872250263,-25.545139034676954,-25.272308750442743,-25.155813005486493,-25.24242996699605,-25.57331149433758,-26.171597083449598,-27.030800263181597,-28.10924720804861,-29.33489639147836,-30.620103560033087,-31.881900452614683,-33.06055540244611,-34.130020272879186,-35.09719283478824,-35.99096081866041,-36.845703512895376,-37.68464227796967,-38.50848489541876,-39.29231715024218,-39.9919172870414,-40.55709148419378,-40.94803587115689,-41.14864408216961,-41.172200035509924,-41.056871881751704,-40.8533798373731,-40.6096507306409,-40.35843124495635,-40.11121896411226,-39.85891764314817,-39.57716640237295,-39.234426331864654,-38.80268852746371,-38.2712745988968,-37.6633232279825,-37.050212660810935,-36.5568070002105,-36.34816413720045,-36.594035816807434,-37.41478073900031,-38.82394898504326,-40.6880098055033,-42.7242028150217,-44.547737581656705,-45.76102279059239,-46.06233344159058,-45.337342828632316,-43.702838959682325,-41.48194187059481,-39.12150628888526,-37.07724912462218,-35.708458505123055,-35.21250109468369,-35.61517145300304,-36.80560000038741,-38.59291564239888,-40.75847670899807,-43.08718089567918,-45.37687414221806
7kg_10bpm,3BC,-44.827233776404654,-43.81067288866563,-42.73856925488741,-41.85548812421224,-41.333797856025,-41.22753401555927,-41.46112647142403,-41.85651647952444,-42.18491522826774,-42.228269950621325,-41.8326006191014,-40.93918559847838,-39.59023572314257,-37.90910113404025,-36.06543272314277,-34.23517417179667,-32.56609729992739,-31.156196629009173,-30.04650726223968,-29.22746108933448,-28.65348640176342,-28.260930765744014,-27.984431307799564,-27.768755077204588,-27.575274942075474,-27.38359554505696,-27.18995501587031,-27.003926800491396,-26.84448023262896,-26.735915377496994,-26.70370309508155,-26.77035727660606,-26.95157011203983,-27.253081632592558,-27.668883993599668,-28.181067348678557,-28.761626179804264,-29.37587160261991,-29.987124353158546,-30.561838110890527,-31.074317332642003,-31.510277814081235,-31.868378718382015,-32.159626109550516,-32.40434546073134,-32.6274764219773,-32.85284986256675,-33.09766722266695,-33.36851821775292,-33.65976686970811,-33.9551853200945,-34.23225827073851,-34.46830130812999,-34.64661091430989,-34.76084151687437,-34.81667423853557,-34.8301720674079,-34.823757011156324,-34.82080103731594,-34.840308239775645,-34.89291661056573,-34.97876997257244,-35.08776264659558,-35.201701769613706,-35.2979499323158,-35.353400806365535,-35.347658415957156,-35.264616805593,-35.09238838328727,-34.82276913158978,-34.45204786586434,-33.98496631284931,-33.44202638925289,-32.86843159907649,-32.34026436588977,-31.962916878226032,-31.85761434275101,-32.13534734017835,-32.86292166571836,-34.03018828140165,-35.5304261759938,-37.16453009595494,-38.67289150796113,-39.791522359207846,-40.31843680283102,-40.17162834663394,-39.420932831298124,-38.280339239984635,-37.0628628373884,-36.10739453264204,-35.69961238984413,-36.009070506262205,-37.05791347084517,-38.73014488900487,-40.811997662268645,-43.051199856310035,-45.213979075945794,-47.12436726185599,-48.678669987496434,-49.83571554509334,-50.59528717821146
7kg_10bpm,3CA,-45.62603533417542,-45.456846472175606,-45.37272845973771,-45.515377096097176,-45.95462231512722,-46.669916756689204,-47.55895357697633,-48.46954723840377,-49.242328826429635,-49.75108300924506,-49.9297835197814,-49.78106880906521,-49.36560403579163,-48.779009471585866,-48.12296409290614,-47.47885188267212,-46.88980590603569,-46.35321126658718,-45.82485389825104,-45.23173053239652,-44.490569688611885,-43.52758743413481,-42.29524262933837,-40.78262988672946,-39.01838323613971,-37.065826105911206,-35.013332564756574,-32.961754980626125,-31.012022852136365,-29.25433967084172,-27.75956594753795,-26.573244752400363,-25.711725479046873,-25.160850574898717,-24.87741330410057,-24.793805459518516,-24.826292391726806,-24.886071402659105,-24.89193456876004,-24.782414963144628,-24.524523189437154,-24.117751252729505,-23.591437665062127,-22.99683817711812,-22.3952978335564,-21.845709065450006,-21.394201754304333,-21.06825887392932,-20.876032487768246,-20.810502889457904,-20.856433786029328,-20.998107901445835,-21.225440181650335,-21.536785298107137,-21.93801580928195,-22.438273328754587,-23.04409949381239,-23.754000550407714,-24.555198032491987,-25.423577212480335,-26.32666925390922,-27.228407318890525,-28.094155986784973,-28.894712549865574,-29.608800869701973,-30.224785763765937,-30.742235907550082,-31.174228642836933,-31.549609741062692,-31.914106446152747,-32.327966383554866,-32.858369566263406,-33.56581117302683,-34.4856630371633,-35.608344501358204,-36.8647889573656,-38.122790722091366,-39.201476288456085,-39.903780772524954,-40.06308281378784,-39.59342597687463,-38.52712028203912,-37.02757175779461,-35.36774412429285,-33.87669066623367,-32.86660141457589,-32.559860083967486,-33.03597672370467,-34.21582093575173,-35.88318707591223,-37.73973960119731,-39.47273715019109,-40.81705849027862,-41.59585303930789,-41.73168356711583,-41.233238417725886,-40.16820119623422,-38.636176792514846,-36.75202642322448,-34.64171049284332,-32.446251822354284
7kg_10bpm,4AB,-39.35911003460223,-37.10939959699812,-35.00241093748235,-33.5808704859159,-33.20407398318601,-33.94665833109844,-35.581436626993884,-37.64571389528156,-39.573488925438966,-40.84895074599341,-41.137545738746844,-40.35532641382631,-38.6632488810516,-36.39595510495883,-33.953926355469285,-31.698241899063564,-29.87711362725475,-28.600121181018043,-27.853597403946452,-27.54196609993309,-27.533085261628354,-27.693843854486857,-27.91026090422266,-28.09499891303602,-28.188694049019293,-28.160422894773973,-28.00943770731586,-27.765906878188783,-27.487238424310103,-27.24755925943329,-27.12060666938379,-27.160138861208747,-27.38309361793967,-27.761467361586085,-28.225543621424638,-28.67900970356677,-29.02175613120606,-29.174141062664944,-29.095524765496577,-28.792166822552176,-28.31325953699647,-27.73691356544628,-27.151433408691037,-26.63687003121422,-26.251799108048143,-26.02731614958945,-25.968579110641606,-26.06166776237084,-26.282968077665863,-26.608349448139986,-27.019980679020254,-27.50992217417559,-28.080452705373606,-28.74205739668439,-29.509646668520396,-30.39730154157062,-31.41153196904276,-32.544302064812285,-33.76856021223512,-35.03949919158018,-36.30302112780232,-37.50878700976407,-38.62245478527862,-39.63083392515904,-40.5372292727484,-41.34846431337208,-42.05996272125955,-42.64595795838451,-43.0605597937291,-43.250023111932194,-43.17228812395315,-42.815785829239715,-42.210642014307716,-41.427987022374225,-40.56898634278563,-39.748563757198255,-39.079492256842144,-38.66044148091552,-38.56739248431489,-38.84563457385403,-39.4990951780247,-40.47769527597646,-41.66783401359837,-42.893389361163564,-43.93514031372327,-44.56884024737521,-44.61591076139867,-43.99157299106267,-42.73529871866146,-41.01130036848611,-39.07762439058105,-37.2339461708262,-35.76320322433337,-34.88423298262651,-34.72412077917386,-35.313106189156386,-36.59509519054262,-38.44602900577795,-40.692171188312756,-43.1240550495373,-45.50789782130815
7kg_10bpm,4BC,-43.92582915910101,-42.322387276401884,-40.953014005471466,-40.040930848225706,-39.69982396284302,-39.90706550866727,-40.50989807124086,-41.265434048339,-41.90069439765681,-42.1764460728401,-41.938036073466776,-41.1409890140777,-39.847747642588274,-38.20095574909521,-36.38261661455473,-34.57254259008139,-32.915738334990415,-31.504092540793792,-30.374056131012814,-29.515289411634086,-28.886408286675326,-28.431191294956058,-28.09216424738138,-27.81963512916611,-27.576395208804335,-27.33960543230503,-27.10111722471229,-26.86719808992854,-26.657614011055973,-26.50340218419847,-26.44272945691427,-26.51443571582729,-26.74991131433936,-27.164862901402756,-27.75269182897769,-28.482020511895893,-29.298847723311248,-30.13396207796538,-30.91357521732908,-31.570961380410985,-32.05642251145292,-32.34317153865764,-32.42855453756846,-32.33081682031806,-32.08318077250903,-31.727352731105192,-31.308229678273953,-30.870880858387892,-30.45963738452489,-30.1183057821371,-29.890127478262677,-29.816269848294837,-29.93238241438426,-30.26334412630489,-30.817526713958287,-31.58159939838465,-32.51798759908163,-33.56565493766116,-34.64529051126469,-35.668358143126746,-36.549009159756835,-37.21707111979959,-37.62983306959819,-37.78016935675313,-37.699284226754386,-37.45205083106221,-37.125473668110885,-36.8109211399412,-36.583604342709776,-36.48403809899968,-36.505678919899694,-36.594022621323255,-36.65760411557705,-36.59059848846245,-36.30206581475505,-35.74497216171534,-34.937897793357614,-33.972347071862934,-33.00206179157467,-32.214882541924396,-31.791695753731528,-31.861753030517505,-32.466069176301005,-33.537955819200015,-34.9101192977028,-36.34629327677019,-37.59385910928709,-38.44435773875541,-38.78645576736069,-38.63931192997308,-38.15422070492765,-37.58559683168819,-37.23612063167682,-37.39004574803502,-38.250824660070485,-39.89697718434014,-42.264311855720194,-45.15695213294332,-48.27998514170809,-51.28761074912092,-53.83678569375892
7kg_10bpm,5AB,-40.4869425924959,-37.74991283870551,-35.093393961254854,-32.93710858801404,-31.597464709305694,-31.215738083069308,-31.72761781919196,-32.88296459392639,-34.315692506268704,-35.64055486882981,-36.54969730688746,-36.877709808560766,-36.62072296670815,-35.90674186593024,-34.93608141511425,-33.9132314018032,-32.99370456201438,-32.25737587913692,-31.71123917518015,-31.31210724611739,-30.997780105975686,-30.714046261559965,-30.43069305793419,-30.144511804642985,-29.872942300697872,-29.643210167180566,-29.481885763832686,-29.407195777804038,-29.424528727587237,-29.5241612855592,-29.680766379819666,-29.855092282653214,-29.998595357838617,-30.061570750369086,-30.00347367175799,-29.802878990645358,-29.463476829157234,-29.01405383534216,-28.50181399167218,-27.981769514843197,-27.50545863448327,-27.112547219688377,-26.82675683086693,-26.656377674175758,-26.597887459897144,-26.641360992135162,-26.776039491465347,-26.994725137338087,-27.295698590254545,-27.681667447976356,-28.15631280266718,-28.720382021807083,-29.36940909758614,-30.094261266978823,-30.88363386918646,-31.726419018478985,-32.61193120119458,-33.52773553450399,-34.45677272079111,-35.37611283672433,-36.258702547367406,-37.07748224283384,-37.810017642193785,-38.44170122833186,-38.966829551467654,-39.387847624430734,-39.71357220995906,-39.956939076653015,-40.132260675958264,-40.252094662211704,-40.324073982203814,-40.3486104091062,-40.31831747080175,-40.22010644182713,-40.040301315805515,-39.772929926689045,-39.42999385108423,-39.051537075624495,-38.71088813685616,-38.510851460011544,-38.56699416274644,-38.97887359915359,-39.79432786250568,-40.97822867615322,-42.39717226216127,-43.83054090499159,-45.009892022105824,-45.67928479126861,-45.660841542485784,-44.90692185958373,-43.52307132146674,-41.75397051568392,-39.937086361209445,-38.43426941171518,-37.559363196842106,-37.51639604590086,-38.36184198338596,-39.994929743685695,-42.179219751543854,-44.587441323663256,-46.862406070355576
7kg_10bpm,5BC,-43.77412678450214,-42.443974904763124,-41.208792603439136,-40.29108220814283,-39.8395810682375,-39.88488529871851,-40.32872616223602,-40.971811058858925,-41.567022020609585,-41.8829976279931,-41.758996848765634,-41.136500239402665,-40.06319212783961,-38.669293024484425,-37.12778176963334,-35.60962768594019,-34.24731350355238,-33.11483759847394,-32.22591998153236,-31.547788736854653,-31.022525494338037,-30.588845426911003,-30.19780600528862,-29.81987864539521,-29.44399162873447,-29.07149245071248,-28.709073617489736,-28.36376827521022,-28.041590263132413,-27.749371745486116,-27.49799070578828,-27.30484670950412,-27.193880141455374,-27.192613650636403,-27.32678477986444,-27.613863600109486,-28.057265118999947,-28.642492281629316,-29.336472398545222,-30.09005937121375,-30.843675258561277,-31.535072161017354,-32.10811986384975,-32.521380359041,-32.754685593660774,-32.812902294583516,-32.72534709775226,-32.54133442962064,-32.32196461554425,-32.130043620271906,-32.01988422019803,-32.02875038760607,-32.171775970317704,-32.44054261457612,-32.80600908255879,-33.224463700324826,-33.6458072086341,-34.022240054255256,-34.31578606690827,-34.50337833912977,-34.57848207042488,-34.54981161817893,-34.43773759450343,-34.270148556923935,-34.078655349684134,-33.89572880602898,-33.752290148762604,-33.674982839105425,-33.68249552652479,-33.780831733542236,-33.95841774988555,-34.18248764482578,-34.39902940622159,-34.538132357080826,-34.52622454936625,-34.30457840519082,-33.85162421716919,-33.203591149077425,-32.46657547255793,-31.81259940652364,-31.455141523962734,-31.605251394457863,-32.41572777548733,-33.92859760756443,-36.041174253807014,-38.506626754500424,-40.97352125744491,-43.06046283799597,-44.44928538409349,-44.97093780898076,-44.6611085082543,-43.7621785762552,-42.66996046743204,-41.833087724775396,-41.63312808642178,-42.28091995474504,-43.75672380718642,-45.81714709995843,-48.06043373135516,-50.03360805376293,-51.34799296320779
7kg_10bpm,5CA,-44.75906519596524,-43.584227417551844,-42.534024659495756,-42.09405864207253,-42.53898067792903,-43.825269770397725,-45.61604885824056,-47.4194045748964,-48.77331664417694,-49.39833004042324,-49.263450606034816,-48.55301970314453,-47.5631858762358,-46.57922584399745,-45.78019800254292,-45.197134574010974,-44.727430751881236,-44.1894788323692,-43.39318458202704,-42.20361670061364,-40.58155611665794,-38.593373173595594,-36.39203979849887,-34.17767575547843,-32.14932229473678,-30.460531531704127,-29.190090424966073,-28.334706300226777,-27.82404662362747,-27.551506264856858,-27.4089545203368,-27.31317490411287,-27.216712979176123,-27.102984608722476,-26.97162785730875,-26.822897432541506,-26.648292602248027,-26.43003221077223,-26.14734068902094,-25.78483107531835,-25.33866642115078,-24.818951743501305,-24.24959357708693,-23.667907008739224,-23.12483610056347,-22.683831966066606,-22.414766229648738,-22.380889497705216,-22.621351007224785,-23.136100925815487,-23.88042607796134,-24.772764432383713,-25.713858372461257,-26.610455177203697,-27.395178948477067,-28.03663783152542,-28.53835660173742,-28.929680546554664,-29.254333866349114,-29.561270968216185,-29.8990107843816,-30.311591955013448,-30.83368041636805,-31.48432377113322,-32.26120526590876,-33.13777804652603,-34.064254468300874,-34.971829387316376,-35.77973348133312,-36.40655513857604,-36.787908532027856,-36.89928261519024,-36.776570283220764,-36.52216129668925,-36.286109720882386,-36.22124467512175,-36.42541343246853,-36.89449681122274,-37.50925470391761,-38.06680759312317,-38.34807243732439,-38.194783532272155,-37.56540234391349,-36.54920171826792,-35.33656812400878,-34.16202398136306,-33.24448073556541,-32.74341672225678,-32.73769568163266,-33.2234678049196,-34.12357849924544,-35.3032726426948,-36.59066494658908,-37.800874973907874,-38.759842044849705,-39.32200925518385,-39.379337591629124,-38.86606191641318,-37.768344980736515,-36.144001869203564,-34.1449280757202
7kg_10bpm,6AB,-41.619586024455494,-38.69736252078287,-35.825467166123545,-33.54949950044261,-32.265903321125435,-32.12963618067255,-33.02175314568954,-34.58947271371481,-36.3441273514976,-37.791127252671394,-38.5519669110107,-38.44697730306109,-37.51557459295141,-35.97854226312125,-34.15646970897833,-32.37592772600146,-30.889908386161025,-29.831303981522527,-29.207234735355758,-28.926106556807177,-28.845427015497496,-28.822387865951647,-28.754021121237628,-28.597219307898897,-28.367519570022846,-28.119941481785656,-27.921226408346495,-27.822931580073178,-27.84348264829593,-27.963923860583755,-28.13587006091835,-28.29768396306359,-28.39173970759963,-28.377510744372927,-28.23748061398588,-27.97648794831989,-27.616853063263783,-27.192402014740797,-26.743128357484302,-26.31127524150325,-25.93844832988,-25.663187364675572,-25.518499922832103,-25.528976450519078,-25.70765083847826,-26.053139370400157,-26.54824941452776,-27.161266847450186,-27.85049707870386,-28.5715923207721,-29.286041395961067,-29.968445177018555,-30.610854254801836,-31.22268435508473,-31.8268692700868,-32.45315520240442,-33.130679343306454,-33.88131555716017,-34.714862127535476,-35.62627020899796,-36.59485850507726,-37.58524961244672,-38.550325092689874,-39.43615898587012,-40.188922475369296,-40.76288330158569,-41.12784350447903,-41.27437968830903,-41.21485481982252,-40.979873525486845,-40.61057371878634,-40.149278272141,-39.631587664501346,-39.08332637668119,-38.524181179736146,-37.97762405568691,-37.4838687631789,-37.10980853785559,-36.95024308737053,-37.11528409244039,-37.70421860822517,-38.77041265407529,-40.286865494988824,-42.12442714397345,-44.05332302804274,-45.77349263925489,-46.97115956630672,-47.390454438411204,-46.9000112985084,-45.53695396373833,-43.50902032257995,-41.155473003785495,-38.87304438391946,-37.031277624540586,-35.90039192294489,-35.61056581969085,-36.14880734176672,-37.38657662326148,-39.12327503697438,-41.13025300960646,-43.184670087449526
7kg_10bpm,6BC,-46.453562123218546,-45.094537941592286,-43.49441209006819,-41.914714146229244,-40.61468986627102,-39.77584239146413,-39.44972566350185,-39.54597909520456,-39.86440751188311,-40.157602647699285,-40.20209661892989,-39.85511898256272,-39.08046822554717,-37.94213578386057,-36.57204805836773,-35.12767380852211,-33.75281736853898,-32.551760288641354,-31.578622848965757,-30.84051528147226,-30.30817875359719,-29.930088795224112,-29.645740951302212,-29.396940076416215,-29.13649337401921,-28.834801129401853,-28.48404013657416,-28.099889949716093,-27.71933967922257,-27.39444249538056,-27.181855672448474,-27.130219341905903,-27.267982071694615,-27.59519961272364,-28.081275963601797,-28.670016201224318,-29.290294871945896,-29.87025517313248,-30.351337420022205,-30.698928330993937,-30.907025022297702,-30.99596061290559,-31.003801749723078,-30.97422510724573,-30.944428878660432,-30.936705615295402,-30.956264488440837,-30.995379544664985,-31.042241425195098,-31.090817929505338,-31.148047085817886,-31.23523707200188,-31.383259340444766,-31.62305117312414,-31.97514433739281,-32.44208472753532,-33.00630837869013,-33.6338874501973,-34.28223245161352,-34.908663888426936,-35.47699929151376,-35.96086694893041,-36.34382223063289,-36.617883237547574,-36.78194428564443,-36.84116998086081,-36.8072825407312,-36.698629619265596,-36.53872632431038,-36.35237315984169,-36.1600253142585,-35.97246662256199,-35.788391622366674,-35.59688440260226,-35.38466276595697,-35.14592184958899,-34.890820926472145,-34.6493275989745,-34.46798928059815,-34.40045222879865,-34.49379123669387,-34.77444808707808,-35.23719685196019,-35.840524790626446,-36.509952867778445,-37.150473293614006,-37.666461302953145,-37.98632314324571,-38.08704381768205,-38.012309396213595,-37.877984162131575,-37.86012618569509,-38.16369141933184,-38.97534262020127,-40.40939784365707,-42.45884982449827,-44.96846559487895,-47.64087498775255,-50.08352842558064,-51.88947528268703,-52.73628356153327
7kg_10bpm,6CA,-43.5984567551569,-42.79787377162483,-42.2228920653381,-42.11839209272592,-42.57014143032657,-43.49222644623836,-44.67254330490727,-45.85271023970578,-46.813331230614246,-47.43391056011479,-47.71215555042042,-47.74022462697363,-47.652487098916794,-47.56574891507902,-47.53349767485258,-47.52819132145892,-47.45378628388376,-47.181120318802506,-46.590633586364206,-45.6084989357495,-44.225355181943115,-42.496083560226346,-40.52381476908591,-38.4358971478803,-36.35893204200827,-34.397878519232464,-32.62249016235779,-31.06232334134361,-29.711455793789657,-28.54117119876712,-27.51726276298559,-26.615849440729292,-25.83177792762555,-25.176286191902616,-24.66541043517176,-24.305027235629865,-24.079916027217152,-23.952284027928307,-23.870232778574696,-23.782474712318518,-23.652633331628586,-23.467807830284567,-23.238507803498248,-22.99166999651299,-22.760585194262546,-22.576427607732757,-22.46403398653014,-22.441864791504916,-22.52392470460007,-22.72103952919197,-23.04017497952623,-23.482224574921585,-24.03969131198694,-24.695714856123963,-25.424872361091065,-26.195681282910385,-26.97452334822907,-27.730535623439103,-28.440681400823635,-29.0933149891896,-29.68870953104039,-30.235810999403256,-30.746771178742925,-31.232195277852806,-31.700031737934673,-32.15890245336646,-32.62384861770093,-33.12007129900257,-33.68042685619228,-34.334710512044396,-35.093412285139834,-35.93235308919722,-36.78642841536608,-37.55810390322757,-38.14012103722504,-38.4458224948491,-38.43533204301267,-38.1277237341404,-37.593620659904936,-36.933008992995376,-36.24841441364743,-35.62573570157272,-35.128879866515994,-34.80559536060095,-34.694512247462754,-34.82299792412644,-35.1923642039298,-35.75766589142742,-36.41582428272503,-37.016431757022836,-37.3982445193019,-37.44223345774657,-37.119404204070435,-36.511278089518754,-35.788912105269254,-35.15325821850376,-34.757793378033234,-34.64293259095302,-34.7114805739809,-34.75675828319131,-34.537923299006934
7kg_10bpm,7AB,-40.76237194788256,-37.72020386583118,-34.93560342982897,-32.956026312336185,-32.1281138702586,-32.511035489140006,-33.863750317137665,-35.715043117055544,-37.49828074800301,-38.71164913346345,-39.04947504011223,-38.462131544865194,-37.13141302031472,-35.37852100573023,-33.54763435292747,-31.90850722702487,-30.606643789785704,-29.667831479893806,-29.04035369796332,-28.648811164437305,-28.43441853158788,-28.368077532827712,-28.438791738978058,-28.630862810613124,-28.906750390629163,-29.205770840694544,-29.45853516048446,-29.60870857367648,-29.63083884275191,-29.536829527047217,-29.36918876972974,-29.18504550298748,-29.037940807465198,-28.96352514958635,-28.972715462291504,-29.05206555934852,-29.16918449604875,-29.281197571865796,-29.34476264562309,-29.32643140301208,-29.21160598128043,-29.009517895010973,-28.752447727281478,-28.489017404073333,-28.273198977118458,-28.15220559852422,-28.156262336859328,-28.292539828190318,-28.54489871264564,-28.88006159700189,-29.259968769266646,-29.65787656370186,-30.072566297479824,-30.53390054058042,-31.094753433374336,-31.810268674319566,-32.71218897256811,-33.78864860770093,-34.978538957937715,-36.18294523812468,-37.28943998481883,-38.20097401098319,-38.859773723351104,-39.25992991167592,-39.446566867759266,-39.5029199313046,-39.52955811291275,-39.62016641805069,-39.83852441505,-40.20173520319305,-40.67367214846147,-41.17115239472428,-41.582570488395184,-41.794766804169214,-41.7223027015027,-41.3323575893133,-40.659138193613565,-39.80416758708761,-38.92073472413251,-38.18402055224956,-37.752660261844035,-37.72978836102597,-38.13393239003298,-38.888682417707855,-39.834891443637524,-40.76364284490256,-41.46143109242809,-41.75553532627635,-41.549531889298365,-40.842139297986954,-39.7286137120612,-38.38775306758445,-37.05775176323663,-36.00374646046837,-35.47898036231253,-35.6810767170022,-36.70805883374685,-38.52216505665305,-40.93209041733117,-43.60609582656582,-46.12300518943468
7kg_10bpm,7BC,-48.42150897819277,-47.15390618713208,-45.264670205214536,-43.20877455254985,-41.42547134685548,-40.210168781513474,-39.64047581044082,-39.57564336551318,-39.72645926529273,-39.766431166090776,-39.44128176133447,-38.640103153541,-37.40726006308571,-35.90232736160082,-34.32999758744522,-32.87147837575149,-31.63922443833581,-30.6644270053468,-29.911941229786514,-29.30976892057009,-28.780370603938433,-28.264219437873066,-27.73264329269621,-27.19009511895883,-26.66892830781111,-26.219655410224835,-25.89948207204987,-25.761521489623025,-25.845908981143847,-26.17364467908659,-26.742995174821484,-27.528474140108703,-28.48255569389363,-29.540177740380287,-30.62642773931873,-31.666725119789565,-32.59801080462133,-33.3782240489415,-33.9909669545866,-34.44357112972957,-34.75851850095627,-34.96152602392902,-35.070784347740926,-35.091965387108566,-35.02089518487714,-34.8525687650928,-34.59220993828537,-34.263171816044576,-33.90775888914027,-33.57972945882744,-33.33101862514876,-33.19726877666404,-33.187921505014764,-33.284303801741984,-33.446616377351766,-33.626905897682924,-33.78340250442434,-33.89170804992825,-33.95002159896773,-33.97831155462686,-34.01239510167762,-34.09473926645578,-34.26293844231086,-34.537105167767244,-34.90836294608049,-35.33188331275512,-35.729165780109916,-36.00184246728031,-36.05642471190431,-35.83371140127422,-35.33364247420562,-34.6258530980636,-33.83958514897919,-33.13421508316547,-32.6572311481095,-32.503522007350654,-32.68929707423507,-33.15164944642406,-33.774556498547504,-34.43213420507569,-35.032323911446866,-35.54249207118676,-35.98672601242093,-36.415679179462344,-36.86417176429683,-37.31651318865388,-37.69891505623543,-37.905629683327945,-37.852381481522535,-37.53590352989456,-37.07430270681851,-36.706334516755106,-36.74143548633157,-37.47166908169436,-39.07026780268511,-41.51214804312583,-44.543180280667805,-47.715976692161576,-50.484781816302124,-52.335455601218236,-52.91440163376448
7kg_10bpm,7CA,-45.155817189373145,-44.628001310130585,-44.11771289481449,-43.74835728589924,-43.67741520545233,-44.022562395896855,-44.791366419563666,-45.8534457189113,-46.97179198263364,-47.878846072575264,-48.36221932127964,-48.32265770338914,-47.78319545488806,-46.85427828572389,-45.67805534179749,-44.37952479418941,-43.04306712858267,-41.7159670963109,-40.427017011914,-39.20428610657438,-38.08088048814288,-37.08728689330801,-36.23738798133561,-35.51799454634007,-34.888896260682024,-34.29418417274875,-33.67978604204161,-33.01011363798423,-32.27806073737032,-31.505726561253255,-30.736629819205493,-30.022108096938595,-29.40544899960025,-28.90794107440494,-28.52122520506593,-28.208958489458475,-27.917855074622526,-27.594425595143836,-27.200995443066184,-26.724998971385567,-26.178884958648453,-25.59236083850927,-25.002169315657518,-24.4451323593553,-23.957149627995882,-23.57634993246693,-23.34520313036722,-23.306504467643716,-23.49202174412253,-23.907561686647238,-24.521508820943122,-25.26376103921447,-26.037936442104797,-26.74432231354376,-27.306456196790545,-27.692221691351488,-27.922291365974235,-28.063376823459905,-28.208637218040643,-28.451493420023986,-28.860928432838882,-29.464877717433268,-30.244926025982245,-31.142122237011616,-32.07164455859038,-32.94354086061156,-33.68682787973419,-34.27258687261093,-34.72854147629174,-35.1363348710084,-35.60596026648519,-36.22980044901878,-37.02998118097745,-37.92215551618846,-38.71816475812701,-39.17747203674803,-39.09565020399877,-38.395618770073455,-37.17923684360251,-35.7104549212244,-34.330399791349706,-33.33748443841956,-32.884459195254664,-32.93572241431472,-33.30062270788375,-33.72560114318411,-34.00343669391084,-34.05458214932057,-33.95110520642628,-33.877829761877074,-34.04992335022543,-34.621946909645594,-35.62258357923774,-36.93597363674594,-38.33055834772825,-39.517585602760775,-40.21568382609287,-40.20525540587405,-39.368607563837394,-37.718893193484874,-35.41784779644555
7kg_10bpm,8AB,-42.38330803797781,-39.56444238064498,-36.54097340814426,-33.97088623949792,-32.387472575183395,-32.04682197232552,-32.85684627682874,-34.41066220865067,-36.11592919637941,-37.37741675871437,-37.77007216537186,-37.15042769529122,-35.6718478364698,-33.710451028729146,-31.731936086152267,-30.14909933641568,-29.21564524339407,-28.982324411171167,-29.319500954254433,-29.984905806186312,-30.70931872543149,-31.270672601361383,-31.538908077322706,-31.48617036276449,-31.168036944086094,-30.689236239365194,-30.16620178490664,-29.69710662376012,-29.343990761976954,-29.127701171339123,-29.033029601949174,-29.019525717331273,-29.034209200540598,-29.023057604313966,-28.94013349126456,-28.75406775510398,-28.451868160700165,-28.040309356401846,-27.544963027924908,-27.00738859088049,-26.48085863547782,-26.024559297668063,-25.69640741175022,-25.54478646076822,-25.60066607997427,-25.872490546649008,-26.346035637128384,-26.990335849488222,-27.7676400780391,-28.643647228297827,-29.59378781674161,-30.60353017251657,-31.66382164681915,-32.764928772389325,-33.89210461934237,-35.024497789622856,-36.136750822282444,-37.20158568558947,-38.192269549256544,-39.08470406841092,-39.85927480674817,-40.50218196434323,-41.00538938033779,-41.36475505430156,-41.57696662560014,-41.63729160015289,-41.54034837509876,-41.28491855444178,-40.88145984557364,-40.35909997934693,-39.76814480211437,-39.17504810033254,-38.649744694311366,-38.24810975297578,-37.99594506783935,-37.88126309759181,-37.86021941458537,-37.87671827666492,-37.88943761503492,-37.89560317113238,-37.939504081101184,-38.09957680914037,-38.45551148325706,-39.04742332797776,-39.84278565782387,-40.72618713684932,-41.518232556545485,-42.01899239386309,-42.06355441367159,-41.57187502123282,-40.57972287334778,-39.2418209556018,-37.80822461530918,-36.580434925809335,-35.85595905224197,-35.872223041436285,-36.75766553982756,-38.499165069808896,-40.93192174524792,-43.75592212866374,-46.581257769588326
7kg_10bpm,8BC,-45.816704461694485,-45.06662098401071,-43.944863501570126,-42.747507168671056,-41.745126045377205,-41.10374259216849,-40.84118064978998,-40.83272384325076,-40.86234626069417,-40.700974442879755,-40.181699630282,-39.24669909129938,-37.95273991855384,-36.43910341194011,-34.876568341895336,-33.417975577079716,-32.16650194919644,-31.166058333036148,-30.408989610856384,-29.852840511571966,-29.43822212971645,-29.104031453893963,-28.79911966814998,-28.490472188790648,-28.16774956744549,-27.843014409049086,-27.544864965987642,-27.30814824610273,-27.16235724519729,-27.123338724858307,-27.19162285388739,-27.357730914492603,-27.611446496227433,-27.949797846028176,-28.379326488245184,-28.910761636030987,-29.548343812548215,-30.278775240033873,-31.06553547147713,-31.852177340071158,-32.57394288111797,-33.17364801320422,-33.61556597779385,-33.892465568548914,-34.02400559474808,-34.04793771344262,-34.00828221485769,-33.944475219772784,-33.88438276847786,-33.84193040745607,-33.81833406510334,-33.805485342207156,-33.790172205952715,-33.75856830436078,-33.70090401361557,-33.615997179472075,-33.51488252542324,-33.42224079895179,-33.37429971388536,-33.41295905750841,-33.57685059584876,-33.89109847546661,-34.357993853292264,-34.95066135898314,-35.61214242734194,-36.26150028015673,-36.807082612507365,-37.16499630463338,-37.27783992222805,-37.12802698488304,-36.741033210818266,-36.17721777477375,-35.51585625275382,-34.837295894672316,-34.20958073981975,-33.6828958051072,-33.29110045633545,-33.05694606696636,-32.996566214703165,-33.12041838879585,-33.43009578610224,-33.91253034254782,-34.53409577074392,-35.237497245453476,-35.944189385215495,-36.5639720567355,-37.012175539344476,-37.2318419187258,-37.215469987763534,-37.01977017376085,-36.76692156951711,-36.63006644212423,-36.80429287351093,-37.4670012970122,-38.734159250657946,-40.61920462995376,-43.00429186925386,-45.63598213478051,-48.15442619174162,-50.15909529172977,-51.29940097148763
7kg_10bpm,8CA,-33.268551088989895,-32.729422296245886,-33.853526495231826,-36.17631688067797,-38.90207828949459,-41.276799454854945,-42.85917188676722,-43.58018260271256,-43.62966995104934,-43.292323999451995,-42.836635427369266,-42.48083610878547,-42.393924554372774,-42.68214791067141,-43.35147391492263,-44.27913787914128,-45.23362919199589,-45.949558258431544,-46.22173081465172,-45.96675511804536,-45.2221006710671,-44.09285978918691,-42.685507419101334,-41.068781882775234,-39.27895706288917,-37.35718050965261,-35.38683877926225,-33.49936951410756,-31.838386793296365,-30.50224455396121,-29.50312097017803,-28.77182978092005,-28.207188783812217,-27.738474131900723,-27.360375839488942,-27.117950916293104,-27.052168258455918,-27.142787857861464,-27.287378235721096,-27.332488029378194,-27.140831659078703,-26.657402097150126,-25.939439141303165,-25.136499854994184,-24.433022918850586,-23.981989584924108,-23.857957412939765,-24.044145277894447,-24.45076486612969,-24.950790082792793,-25.419766393230198,-25.77247590968348,-25.991128992435677,-26.135868109136297,-26.32779511946461,-26.704607356392682,-27.365027598937285,-28.327930806408734,-29.525943454803723,-30.834117805453346,-32.115101686985064,-33.256016815827344,-34.18263843169175,-34.85534660712684,-35.264132132226,-35.43614563562486,-35.45179916626213,-35.449313739282026,-35.59724373361893,-36.03206859745297,-36.783255573033806,-37.72592270524089,-38.5980688035981,-39.09100561453047,-38.97930228121595,-38.225961059868936,-37.00487023943883,-35.62786906249016,-34.41871098047859,-33.601193385073856,-33.24852709194669,-33.29756275936134,-33.6000996430507,-33.98030731407137,-34.28172586863748,-34.40025514795827,-34.30273132612506,-34.029507163626924,-33.68129582699644,-33.39472979780562,-33.31223600647839,-33.5494653679376,-34.16314814321877,-35.12666369377218,-36.32395274161311,-37.56642327660417,-38.62413804454262,-39.25616845079473,-39.23670932121924,-38.393364547067755,-36.67488741346584
7kg_10bpm,9BC,-40.491745953738274,-39.5120307343553,-38.86314574798948,-38.68861457399994,-39.0306863799556,-39.77897359795435,-40.679358751483036,-41.4041421549015,-41.655386853675765,-41.258968798095744,-40.213308249400484,-38.67748778212912,-36.90851148509327,-35.17618569439869,-33.688629895117174,-32.551045470353486,-31.763827307985693,-31.251344639372046,-30.90487634843902,-30.62312397822462,-30.33935482938218,-30.031075576695322,-29.714067031088362,-29.426513487151166,-29.21052454711382,-29.0973963541731,-29.100452721713,-29.215887599934046,-29.428777377618488,-29.719765006889244,-30.068891265463765,-30.455844852099116,-30.85876297032504,-31.254710211642834,-31.623306807985635,-31.952054695345772,-32.240034487887485,-32.497122758876,-32.73829031751232,-32.97525627655914,-33.20907458456256,-33.42684673642899,-33.604202532110314,-33.71318625249291,-33.733235385941136,-33.66157219964998,-33.518874203663046,-33.34710589361439,-33.198987112729434,-33.121971334418255,-33.1420754158887,-33.2535730030131,-33.41907356832519,-33.58114121002846,-33.68223018973667,-33.68627063459125,-33.59375983671059,-33.44355193611724,-33.29907253055082,-33.223648244873594,-33.25543068404796,-33.393681639236725,-33.603289629658846,-33.83514351076351,-34.05144531210874,-34.242640838479666,-34.42704228521041,-34.63306658403,-34.87341122716543,-35.12573074365745,-35.33210634485291,-35.42049331507142,-35.3392462051254,-35.08707853785468,-34.72179822025353,-34.341950429401386,-34.049685731655764,-33.91281254163231,-33.943793279818564,-34.10348205760144,-34.32495837893393,-34.54507581399159,-34.730653665329505,-34.89043050645739,-35.06973465602962,-35.329877436509754,-35.718692204022446,-36.242568237069825,-36.852435501110136,-37.45365373582745,-37.94214131462524,-38.257761178550695,-38.434438217430916,-38.62003818680485,-39.0448248553718,-39.9361976092377,-41.40424439317215,-43.346240315778616,-45.424460689132324,-47.14772247314185,-48.04031287911823
7kg_10bpm,9CA,-43.21993799068708,-42.23914382312867,-40.87318674571855,-39.84239857949341,-39.62090567405082,-40.264947372570845,-41.47555850754567,-42.82457317222751,-43.99512487529754,-44.90612028621151,-45.67727106804645,-46.48436263403828,-47.40319377119056,-48.32888491000163,-49.002991277627885,-49.12065441303488,-48.45549678399323,-46.942682336564964,-44.69119187826645,-41.93486419130461,-38.95702241440856,-36.02403560926483,-33.344224572430164,-31.049837578838286,-29.195640288235033,-27.771564415641954,-26.725530886789063,-25.98707712356479,-25.483350428258913,-25.146871419660176,-24.919790083714236,-24.75768991303405,-24.632249370790632,-24.53155695961085,-24.458718041227414,-24.430185156711506,-24.473886682988102,-24.62482941047894,-24.914924181689354,-25.357440741094155,-25.93366952639191,-26.59203560495531,-27.2620615045574,-27.874025712527477,-28.372946520151054,-28.72471322005901,-28.92049565983589,-28.98284077528777,-28.96839738297706,-28.960164533591012,-29.04909871301112,-29.31142088982349,-29.78704039800684,-30.462165459557212,-31.262745262876866,-32.069923513253315,-32.7622535269491,-33.269807327121505,-33.60859826811614,-33.870478535542865,-34.173790290446995,-34.607023125914644,-35.196444819550344,-35.90349859735533,-36.63691416055178,-37.267617762830774,-37.65214756925967,-37.67518266300286,-37.30195324679933,-36.60777578985388,-35.75618263592228,-34.9328344650862,-34.27674189501328,-33.848761492560634,-33.643477960133225,-33.62056351387862,-33.730870884548715,-33.93037436636264,-34.18619347648548,-34.47551542387217,-34.77454453749194,-35.042267464832236,-35.21484124278327,-35.224927186817446,-35.04306230240306,-34.717710314756545,-34.38230467587792,-34.20926952725676,-34.32124762228037,-34.70586564804315,-35.1974472631721,-35.56371257293178,-35.66829782568,-35.60879973550038,-35.711652777736894,-36.33549500278224,-37.56956556381236,-39.025421106600156,-39.90751792754624,-39.38567707669135,-37.07684840060779
7kg_16bpm,10AB,-38.72376978380254,-37.86250742626009,-36.747112719285425,-35.61474330424619,-34.712549667916576,-34.22660794307877,-34.22985019563016,-34.665320062565286,-35.36737513278577,-36.11259763293797,-36.68279589825155,-36.920060558593,-36.75835130361684,-36.227098457351566,-35.42803826739287,-34.49832531693234,-33.5714627136002,-32.74796821630754,-32.0823163176286,-31.58553208781735,-31.23929928766417,-31.01399132583877,-30.88375622696137,-30.83420842185156,-30.86162413925034,-30.965383879621346,-31.13760239011757,-31.354364288374892,-31.57171015185748,-31.728550924654847,-31.755528282852378,-31.58775284339466,-31.178017653875614,-30.506914898069226,-29.58740014259784,-28.462789551688125,-27.19866316146044,-25.871523625010592,-24.557179690040492,-23.322148781002788,-22.2199442991197,-21.29174084698659,-20.56981638939456,-20.08074817521898,-19.84636204062586,-19.88162259890326,-20.19057943059419,-20.762533390977183,-21.57057402588723,-22.573909974876983,-23.723405477076952,-24.968959310875764,-26.266390154842377,-27.581889762147977,-28.893380066065255,-30.188790189600354,-31.462778794621688,-32.71332169966952,-33.93946127199814,-35.14056975584654,-36.31660187451161,-37.46830648876082,-38.59641482129339,-39.69940018699473,-40.7702646236213,-41.79327114959155,-42.74214401941036,-43.58047565665391,-44.264984677248464,-44.7510263075934,-44.999339920500006,-44.98275551155085,-44.691857236129785,-44.13921231812849,-43.362730049143345,-42.427948970186925,-41.42948400861161,-40.489025534119136,-39.748039009012096,-39.35197423083342,-39.425638421895975,-40.042932670657045,-41.19692852845736,-42.78060108077833,-44.58703279526261,-46.334560793405025,-47.716628033745515,-48.4668403393074,-48.423721824565284,-47.579542240561146,-46.0943861221464,-44.273059036738395,-42.50369099203765,-41.17476927885365,-40.59018562835286,-40.90292249711916,-42.08425236080158,-43.93423296182329,-46.127782969654646,-48.28471200689366,-50.045615943061044
7kg_16bpm,10BC,-45.45092542277838,-44.197568477903395,-43.108669901279846,-42.236079755706655,-41.60851457306791,-41.22419446739476,-41.04671895846837,-41.00686949120986,-41.01062758985748,-40.95280970352771,-40.73402073802204,-40.27722968629205,-39.54087487973257,-38.525734655112565,-37.27387074036004,-35.86057088660524,-34.38092602207696,-32.93363580788649,-31.605615326775478,-30.46000572915195,-29.529410226286107,-28.815469625871156,-28.293808783343557,-27.92288585305789,-27.654833294150556,-27.44576628582844,-27.263662475391158,-27.092668666668537,-26.933173499363484,-26.79836212974511,-26.708431263804023,-26.683912902997704,-26.739800844093796,-26.88165495459584,-27.10422880398561,-27.392758352254244,-27.726173018257224,-28.081266282238893,-28.4368295063009,-28.77675544246671,-29.09159484634547,-29.37850461181325,-29.639811373214634,-29.880866759717254,-30.10790031065354,-30.326420760751574,-30.540521974288556,-30.75306209177941,-30.96639880006466,-31.18320455328321,-31.406862122040913,-31.641147362003444,-31.88916654718738,-32.15185127066861,-32.42654524874519,-32.706247707266144,-32.98004256897798,-33.23491229367012,-33.458683062005065,-33.64357875105148,-33.789438104564,-33.905664720919056,-34.01125188861155,-34.13247188698945,-34.298413079831754,-34.535186949928004,-34.85972807532795,-35.27451471464553,-35.76435198896948,-36.295883233807366,-36.82032160886713,-37.27945072225436,-37.614063486473015,-37.773991553892536,-37.7282320075555,-37.473267893586,-37.03805544742843,-36.4841771993787,-35.89986683976089,-35.38851386261459,-35.0528072353189,-34.97687224526833,-35.21020160936435,-35.75678834163666,-36.57235638546333,-37.57196441391453,-38.64668837492338,-39.68632034020775,-40.60331679722738,-41.351516668179,-41.934838843570205,-42.40345804540713,-42.83748070807479,-43.322907684897324,-43.926413240772966,-44.6757299784056,-45.551805134052316,-46.494177361350964,-47.41751266045143,-48.23386096972877,-48.87440488304886
7kg_16bpm,10CA,-48.17118225379131,-48.55809547774186,-48.70920799983923,-48.57135281876642,-48.19904911858536,-47.726600446235416,-47.31241114471715,-47.07697804765089,-47.06039217061946,-47.213820339933164,-47.424799384875165,-47.561773728252696,-47.51714434237579,-47.23244888312598,-46.69864489057222,-45.93908155868265,-44.98804163693034,-43.87898534490298,-42.64801856249006,-41.348238828309206,-40.06321544467033,-38.907159657924204,-38.005544560007536,-37.46049264048628,-37.31299558899219,-37.5189122701768,-37.94817916679476,-38.41101715016026,-38.701092476793356,-38.64258743830272,-38.12702938781404,-37.130647393713986,-35.71171844848847,-33.991411575711254,-32.126156161072764,-30.278278789356023,-28.59074741893714,-27.168715508728617,-26.07013123545405,-25.304357439755474,-24.838885605389457,-24.610698373094593,-24.540463221293408,-24.54612045959751,-24.55430012002433,-24.50838795027057,-24.37308201420536,-24.135568126241395,-23.803961497030958,-23.403597215417825,-22.97240996169315,-22.5559680881739,-22.202808826092014,-21.95996571703074,-21.868564918158118,-21.959439460837647,-22.248753639031353,-22.734252933668614,-23.3929671950326,-24.181740037167273,-25.04180767502259,-25.907766507225,-26.719792248316907,-27.43654155520785,-28.044568152592042,-28.56137538481036,-29.02942632211492,-29.502531888353275,-30.027476316399756,-30.626503406478214,-31.286356006647896,-31.958341205236277,-32.571271657800246,-33.05523005026192,-33.37076669349948,-33.53415875217673,-33.63045988965216,-33.80518710749362,-34.23352335746133,-35.07004676337152,-36.39112471813202,-38.147601105861376,-40.14497054153735,-42.06505019766703,-43.52952460868983,-44.193725411937486,-43.84361670795329,-42.46826040684805,-40.27838216087932,-37.6661004033416,-35.11117613035964,-33.06482942342647,-31.844675614205958,-31.569702111143993,-32.1519904607633,-33.338904640563044,-34.79000229174197,-36.16284890925077,-37.18714509876132,-37.710399726573804,-37.71196697777762
7kg_16bpm,1AB,-36.997578578736785,-35.15879923656814,-33.577777991888134,-32.543294480864624,-32.25025724115868,-32.74666911486605,-33.91542750812906,-35.49843843582072,-37.15595327420171,-38.545523395291866,-39.39787019179167,-39.571622013694906,-39.07182945774136,-38.03387548532771,-36.677044716035745,-35.24491848710495,-33.947061954476666,-32.917255656043515,-32.195950785123955,-31.738658342090005,-31.443507231911983,-31.18871188686982,-30.86866160137362,-30.42012805637082,-29.834664292412103,-29.155663291390205,-28.463588307457925,-27.853148273286,-27.40856804162023,-27.182040026009503,-27.18082955595539,-27.365129265631065,-27.65794693042847,-27.963092526845067,-28.186692908754384,-28.25578319956387,-28.129466363997295,-27.80107920409011,-27.29297864820723,-26.647787670416495,-25.920341320203537,-25.17258177023314,-24.471358190106226,-23.886527848180336,-23.48639233009833,-23.32877395022972,-23.44906372378193,-23.849459621757784,-24.494988739828997,-25.32009219603024,-26.24592188459566,-27.203318884114317,-28.153202757184527,-29.09717198964895,-30.073427103295543,-31.140129089777087,-32.35112641856623,-33.73238356213232,-35.26588862590947,-36.88610282638175,-38.48923719222594,-39.95314711872022,-41.161951203583115,-42.02907771072155,-42.513725351039454,-42.62703870823268,-42.42845730536378,-42.01339866811588,-41.49544655079931,-40.98549048589568,-40.570774750590274,-40.296260504117015,-40.1531916680232,-40.07823352742249,-39.968355065699505,-39.71086663084781,-39.224967274360964,-38.503939915494726,-37.644778061366,-36.85066983521436,-36.39900579857717,-36.574985955683715,-37.58382115490836,-39.46614414389067,-42.042178477605155,-44.91316097084379,-47.52741644986372,-49.30583749290048,-49.794261157219154,-48.802970506762456,-46.48426196034455,-43.3244718933663,-40.03863563076087,-37.3994775990986,-36.044270008729136,-36.315503016067844,-38.18039952852593,-41.24625879368037,-44.86400846822146,-48.287030799570886,-50.845359005739255
7kg_16bpm,1BC,-48.30372024562591,-46.39725784207625,-44.53676656272791,-42.8912988313903,-41.58266952579051,-40.664292812403744,-40.11262730371463,-39.83401784289603,-39.68736097322449,-39.51609895511063,-39.182581160353735,-38.596100099143975,-37.72811880655375,-36.611788329324064,-35.32838653701451,-33.984412379206184,-32.687009906387516,-31.523226825237753,-30.547189290701205,-29.776336166537384,-29.196046385239736,-28.769228075923312,-28.44855427884783,-28.18806368297302,-27.952396091306,-27.722453325406473,-27.497294075850995,-27.29211370728675,-27.13355052235945,-27.0531072697145,-27.0803612653695,-27.23722230186833,-27.53428464827855,-27.969369895846,-28.528269244291003,-29.186574476427488,-29.9121186613646,-30.66740851235216,-31.41203567188822,-32.105379842102984,-32.709860462679096,-33.19464804112484,-33.53947484093007,-33.73764501100508,-33.797420799637855,-33.74148526163452,-33.60412079365499,-33.4269324003979,-33.25352787784543,-33.12400868519866,-33.06977413780124,-33.10920941936027,-33.24442114103295,-33.46005426722809,-33.72441719453586,-33.993907976544506,-34.220648655465475,-34.36253789554679,-34.39363816860275,-34.31250650520301,-34.14510342830249,-33.94105844649327,-33.76297479167173,-33.67106753768472,-33.70693276945793,-33.88132309412283,-34.168919268857984,-34.512637022269566,-34.836188963203924,-35.062189303821405,-35.131482794476305,-35.0196697853554,-34.746465250088605,-34.37680429503431,-34.01235928450114,-33.77474561702083,-33.78267983274517,-34.1265685994134,-34.844407039231434,-35.90517978077468,-37.203444412376314,-38.569103761333764,-39.793303094432645,-40.66692896827728,-41.02535012296581,-40.790615608228656,-39.99951230293997,-38.80980814865606,-37.48067594578305,-36.32769183883291,-35.662312190937605,-35.72817471109844,-36.64827694159415,-38.39628417198311,-40.79896676401526,-43.56768095063939,-46.35445149960686,-48.81777353704387,-50.68447422473851,-51.79383151410377,-52.116591224372016
7kg_16bpm,1CA,-43.795157667933495,-42.55057864313894,-41.75012262986345,-41.52121221076834,-41.84765403887512,-42.57454939843009,-43.47539666925047,-44.346302347044904,-45.07963519882776,-45.68232693360562,-46.23401992312677,-46.81012483470499,-47.41080540351339,-47.93261155292398,-48.19750791241456,-48.02464121959712,-47.30850786876201,-46.064984104284655,-44.4241029674859,-42.575823343508105,-40.69730935873436,-38.89605872294873,-37.190908305076654,-35.53253342987227,-33.848406330126934,-32.0907962223953,-30.269831468540957,-28.46229957590068,-26.79584244442284,-25.41465042370379,-24.4369525811836,-23.916743183904934,-23.82167083972495,-24.03484738374373,-24.38134538259986,-24.672764900228938,-24.75749234274605,-24.561991419146246,-24.11041310204229,-23.516111991000077,-22.947364484349873,-22.57786675325363,-22.537692471777063,-22.879888147974885,-23.571687207902553,-24.50981918766704,-25.551602463016966,-26.550577961953135,-27.38722547134051,-27.98942430644994,-28.34097424329871,-28.47877561147426,-28.48058047822915,-28.4465563680262,-28.4789352746024,-28.66363481779415,-29.055940481524974,-29.670583024560404,-30.4764191288303,-31.397227982152938,-32.32160874904221,-33.12511731094075,-33.70463983756973,-34.0179325823937,-34.11333409519617,-34.13167913417478,-34.26915970556349,-34.705700024307816,-35.52225819319162,-36.642148740716785,-37.82848639504016,-38.75051009123713,-39.10149197433459,-38.72291609138587,-37.67918430580677,-36.244885386553015,-34.80585619580849,-33.71652347202031,-33.17651301617656,-33.17811375847696,-33.53994888140981,-34.003055700771164,-34.34373736127781,-34.45778615053942,-34.38742913108709,-34.285950403498745,-34.33806811235107,-34.66997834732091,-35.28715617749451,-36.067841731653225,-36.81662909773993,-37.35354860288017,-37.59341146485124,-37.57221542311736,-37.40406981650605,-37.191685967001845,-36.943850879353214,-36.554171349777434,-35.86136887644225,-34.761859622345696,-33.31086658049604
7kg_16bpm,2AB,-40.232030722170734,-36.53349851054831,-33.31225352727805,-31.17099419200342,-30.408845439576016,-30.960535941352465,-32.44565329072417,-34.30183140577042,-35.9581109170008,-36.98743816419584,-37.19759754654925,-36.63897298190329,-35.54343809208768,-34.224476161226235,-32.97696468547811,-32.00700026253411,-31.40509259906688,-31.159694137281846,-31.19416391442363,-31.409231152648644,-31.714770130458163,-32.044826997068384,-32.35666123003899,-32.62073310149386,-32.80902828487135,-32.887987680114,-32.818848406498496,-32.565305020276945,-32.10536185721329,-31.442973548253395,-30.61406091078942,-29.68366086465877,-28.73339292923301,-27.842313313150814,-27.067179810904683,-26.429021066447326,-25.91155942743361,-25.4724324091726,-25.064187342837922,-24.657146591152184,-24.25619781662248,-23.90459851097418,-23.67379466285856,-23.642360440041525,-23.8719495241534,-24.388163863412444,-25.172791225413278,-26.169027894986918,-27.296988168361157,-28.47395145085906,-29.63251444346616,-30.732054785055894,-31.761039327880678,-32.731330416017734,-33.666750355167906,-34.589963768587616,-35.511330682900486,-36.423185433693035,-37.30103137476865,-38.11106797760615,-38.82101919616171,-39.409877722249064,-39.87262564886124,-40.21798941620223,-40.46066553905933,-40.61201344058962,-40.67452953011491,-40.643453862713955,-40.51528628296065,-40.298623111897435,-40.02073018149605,-39.72403367962587,-39.4514994267609,-39.22543879096192,-39.029903205424205,-38.807080254581415,-38.47506145306569,-37.96413163528582,-37.26066422778151,-36.4395660043911,-35.66956879530915,-35.181634994323495,-35.20658143810836,-35.89884128752517,-37.27226916537117,-39.170983566547676,-41.28894847598324,-43.23884306484914,-44.652070672236064,-45.28388299203666,-45.089219780090566,-44.24610895285329,-43.112070730934725,-42.12589913028875,-41.681128569199956,-42.01171325303361,-43.12481360582844,-44.80139704670163,-46.66291328241121,-48.27865578195235,-49.2818175080469
7kg_16bpm,2BC,-44.633880783571364,-43.25880414571824,-42.09645861813476,-41.19745912649062,-40.574004660486786,-40.19532279702042,-39.99126636409552,-39.86443382621314,-39.708227001838765,-39.427064140442944,-38.95367078111514,-38.26009981218666,-37.36027816179824,-36.303813323761176,-35.163693019160036,-34.02062386706497,-32.94768940848155,-31.998633791015763,-31.201412326505526,-30.55803296545285,-30.049482017268698,-29.643847979031275,-29.305611255589284,-29.003722618664973,-28.71710949095701,-28.436930980926455,-28.165700419849383,-27.91431460087282,-27.698009889532933,-27.532370681777557,-27.430265095826233,-27.400007991986527,-27.444836331555386,-27.563336026963217,-27.750388076052936,-27.998282206770472,-28.297647980193744,-28.638071755228886,-29.008449922384823,-29.397226540085686,-29.79272636742929,-30.183785160094672,-30.560752254236075,-30.916807752965674,-31.249383570759246,-31.56122372142285,-31.860679163880427,-32.16083365257336,-32.47717985315427,-32.82411547406609,-33.21078888362079,-33.63730170706555,-34.09242482573837,-34.553585735293275,-34.98964987197792,-35.36612524504991,-35.65161713927747,-35.82415445943769,-35.87563373557225,-35.813444627774096,-35.65898975875091,-35.44337337155052,-35.201613188970185,-34.96655013274649,-34.76358832270471,-34.60703156038402,-34.49808516810327,-34.42459427283496,-34.36240196927507,-34.278174425943945,-34.13404937411449,-33.89427490059783,-33.53361923091131,-33.046928195719296,-32.45770756423899,-31.823504813602362,-31.235650255595743,-30.810817625784697,-30.67457670781256,-30.938491083024104,-31.674671660067443,-32.893831101127326,-34.53187212025264,-36.450317174116954,-38.453165966055586,-40.317703363904805,-41.83522915599299,-42.852943064491726,-43.30756197512702,-43.24292017811998,-42.80413689474055,-42.2095845706857,-41.70574910566061,-41.51438712321535,-41.78557423663548,-42.56659938421571,-43.7945450871029,-45.313799780813895,-46.911850285727404,-48.36476050638517,-49.48312715320705
7kg_16bpm,2CA,-53.9427787088124,-51.7821196291236,-49.46021075714969,-47.20981442664275,-45.25014726332423,-43.7537150527079,-42.82311236797932,-42.48178326248017,-42.67918420517831,-43.308275957945625,-44.230518049788486,-45.301119476318306,-46.38969848009692,-47.392820461202305,-48.237691563277586,-48.879128627744194,-49.29266040532943,-49.466912304221005,-49.39793890698315,-49.08639178851462,-48.53726244967123,-47.761136587867874,-46.775663185783884,-45.60615257707485,-44.28474407819458,-42.848323505129024,-41.33559981824598,-39.78396127476287,-38.22676260412061,-36.69140479378765,-35.198491633315356,-33.76216153985936,-32.391392326796534,-31.09203484552975,-29.869135741634544,-28.72888991708563,-27.67964078003151,-26.73140096121743,-25.89375284102579,-25.172493286611086,-24.565805050209438,-24.061261447137277,-23.634722714147557,-23.25181136819759,-22.872183328046436,-22.455780351721707,-21.969819699824633,-21.395157260281714,-20.73052010914382,-19.99403557654075,-19.221979691951347,-18.464875315338087,-17.781840391523602,-17.23401281536132,-16.877736446888065,-16.758426203474134,-16.9057177038064,-17.330277151074423,-18.02279669506283,-18.954937848154223,-20.081802546394744,-21.345668202733304,-22.680591643605684,-24.017579582355037,-25.29052638573938,-26.44292098800706,-27.43507553364194,-28.251338242133073,-28.90569449192601,-29.443717313596224,-29.939357697778075,-30.48522510083408,-31.176473071050864,-32.0908332231537,-33.26809359645678,-34.694201138931795,-36.2948880336374,-37.94137211993935,-39.469155740873525,-40.70734949706662,-41.51197223886136,-41.79645033545548,-41.55099590447125,-40.84567679972961,-39.816723466620665,-38.638623290572305,-37.489205592613516,-36.51709397045095,-35.8184913160297,-35.42876129588674,-35.328482623674965,-35.4595934128356,-35.745778930556966,-36.11036431188134,-36.48728907171448,-36.82439613643344,-37.08074285619567,-37.221826916445146,-37.21623883282187,-37.035586463508956,-36.657954478425175
7kg_16bpm,3AB,-38.32230879332243,-37.05081141106028,-35.658942419650266,-34.32508032950706,-33.32132463272954,-32.929494481986424,-33.33624870116769,-34.54440013805335,-36.339073301693674,-38.32107656039445,-40.00311832237597,-40.935838749884674,-40.82683481563155,-39.61625422751754,-37.48987599083455,-34.826667739149684,-32.10098010837951,-29.766355435622025,-28.15403471950567,-27.411539062386247,-27.492397216347154,-28.19360962259569,-29.224859812382263,-30.286679675642834,-31.137129789376107,-31.6336186470454,-31.743542969926484,-31.527561157241053,-31.10270854196487,-30.597096493457695,-30.10818240580249,-29.676467346287257,-29.280650426415722,-28.85574513107444,-28.325648896981168,-27.638206856668127,-26.788617710269758,-25.823810445332228,-24.826829905953154,-23.890197158467128,-23.08946230965157,-22.467845819589765,-22.036664371777587,-21.789241640072245,-21.7202288123228,-21.840389679558328,-22.179805007752226,-22.77747210569515,-23.66224250581995,-24.8332213837772,-26.248708641007774,-27.828112134625993,-29.46698315317628,-31.059004635330666,-32.51751590432271,-33.789718746584576,-34.86052686374484,-35.74712363450252,-36.48852948590788,-37.13448959767658,-37.73687819076646,-38.34364823545941,-38.99365670277231,-39.710520650722046,-40.495625329078564,-41.32218399432536,-42.13415090836138,-42.85192606274539,-43.385900027265215,-43.655225232761,-43.60806137464146,-43.237549786933194,-42.58872414264789,-41.75160957449649,-40.840945271729254,-39.9660772576652,-39.200781493837724,-38.5644055092033,-38.024066972052836,-37.520346200360954,-37.00937134048563,-36.50568806260364,-36.10551344048687,-35.97651315247045,-36.30934928971354,-37.24468624541634,-38.79948388866307,-40.82546990082587,-43.019617578088564,-44.99532978004452,-46.39312791100243,-46.99669723352006,-46.81030262614028,-46.06836473906086,-45.16686696529914,-44.53973880105598,-44.519747245723146,-45.23136414751486,-46.55219499400832,-48.152835433105096,-49.59977136576751
7kg_16bpm,3BC,-44.6762611798467,-43.40104213413353,-42.41415706104489,-41.781530499067365,-41.51060012427729,-41.5497819185448,-41.797016765230296,-42.11758690249356,-42.36701338952225,-42.41522784929508,-42.1671049647479,-41.575578603951065,-40.64583239187708,-39.43024047336265,-38.01565431990685,-36.5067040189868,-35.008157583117296,-33.6095307081182,-32.374467393127865,-31.3357182909092,-30.4957607853185,-29.832370646729878,-29.307069823379596,-28.874739564603036,-28.49271607455052,-28.127807453338868,-27.760557018706056,-27.386639424186917,-27.015546153587817,-26.667474956546346,-26.369209128307876,-26.149617881717063,-26.035386556758088,-26.047299661703608,-26.19718269378693,-26.485802484898045,-26.90186268207215,-27.422237299496235,-28.01367660167808,-28.635991234504075,-29.246288507350148,-29.803823249866337,-30.274721840660096,-30.63579493413763,-30.876981269871642,-31.002113724455736,-31.027867650929384,-30.981337508288515,-30.89659965023897,-30.81062349058663,-30.75906892411537,-30.77237879173138,-30.87249905750284,-31.07074621889445,-31.36704216793056,-31.750616151939532,-32.20219263925591,-32.697267441763415,-33.20976064652619,-33.71537775490506,-34.19393796431954,-34.630268103596336,-35.01375778003314,-35.33701563490393,-35.59436462727163,-35.780897752984906,-35.892418338653165,-35.92614007921918,-35.88162044543576,-35.76133381016456,-35.57052699798352,-35.31649315108689,-35.00798095080493,-34.655634347233814,-34.2741233683945,-33.88585355880713,-33.525241965394734,-33.24169913428588,-33.09883023438721,-33.16831315248398,-33.517985700328666,-34.195577219521326,-35.21202671946748,-36.52901827417679,-38.05538408783862,-39.65637998037893,-41.17528382086465,-42.46389635530657,-43.41558810297673,-43.991610493338676,-44.23341979438865,-44.2565790391111,-44.225239184517115,-44.31348277964739,-44.66282504975473,-45.34624091554558,-46.34936154719003,-47.57294481269426,-48.85566474800525,-50.01110670689684,-50.87019073009669
7kg_16bpm,3CA,-54.58377135599187,-53.26806792851707,-51.109940062700964,-48.453653051099366,-45.745805614134674,-43.431448339974196,-41.852310115148605,-41.17123058412585,-41.346838421968286,-42.16124412057378,-43.293917987394245,-44.413961873158804,-45.26459489719399,-45.71572645427149,-45.77532760310485,-45.56154338709799,-45.2507117877363,-45.01784920048066,-44.98681335282747,-45.200691449118324,-45.61558339153111,-46.11500999829677,-46.538532542602965,-46.71659209055977,-46.50497469971515,-45.81363352750146,-44.62508232456246,-42.999530282525924,-41.06463450905156,-38.990579278883075,-36.955265982198206,-35.107535564146346,-33.537844409690116,-32.26522582767636,-31.24336474483648,-30.383800924517356,-29.588038658060434,-28.778442233427793,-27.918095764548674,-27.015263057366884,-26.11209944734913,-25.264006809863567,-24.517145885033685,-23.892253868656084,-23.378873760026853,-22.94116222489635,-22.53142415151067,-22.106473531700285,-21.64105647262097,-21.134936511406508,-20.612613848367044,-20.117578547969142,-19.703642793826116,-19.426263300796293,-19.335087217829262,-19.467959598456567,-19.845929564257624,-20.469309600349067,-21.315281046426133,-22.338815835017506,-23.477590678115913,-24.661451861513047,-25.82457629855682,-26.917769729689827,-27.91724999711278,-28.827496726642668,-29.67654492128851,-30.50519620571964,-31.352368106462166,-32.240337039807166,-33.16303709068053,-34.08037162045693,-34.92026987106914,-35.590148851019656,-35.99716755318405,-36.07514947202165,-35.81286396549341,-35.275695794318395,-34.61154108883628,-34.03426081026369,-33.78215733061878,-34.05793310090834,-34.964501738130515,-36.45551943478487,-38.32115681828589,-40.220332310765734,-41.75786757313999,-42.58830317669326,-42.51751143313022,-41.56660868552297,-39.97771262450271,-38.15256048648287,-36.542936081196494,-35.523283356225846,-35.28661498697676,-35.79090501760403,-36.77521982841097,-37.83449642385128,-38.5344729039573,-38.5309532877666,-37.66442154936036
7kg_16bpm,4AB,-35.53109423378572,-35.034086422965906,-34.468629079378324,-33.91616787063221,-33.5387268747376,-33.51432938635616,-33.959605964531185,-34.869182188290594,-36.09379926184807,-37.36950692343783,-38.3855454345005,-38.87021199411697,-38.66585618409049,-37.76883915916017,-36.326686178214736,-34.59385236174621,-32.86525659666045,-31.406453392884693,-30.399869262837303,-29.918203086515085,-29.92579547286619,-30.30344736102518,-30.885175943620364,-31.497309543499075,-31.990660611573084,-32.26143449461124,-32.259595865303055,-31.986350243445717,-31.48386501610055,-30.820555490467385,-30.075195054067454,-29.322256715798073,-28.620523403305597,-28.005797624985775,-27.48833451426265,-27.054405256355093,-26.671626826758793,-26.296972960899744,-25.886681095429875,-25.406992306230993,-24.844034759922078,-24.211289556742887,-23.551776298869374,-22.93373287028242,-22.438787142239185,-22.14496658545107,-22.10900642048017,-22.353185372678503,-22.862120743419702,-23.589954615302936,-24.47617721333665,-25.463714881738778,-26.512946095826063,-27.607270958016425,-28.748651243025993,-29.946357147760487,-31.20367253741515,-32.50805500179581,-33.828631788400784,-35.121300134112374,-36.33955964146529,-37.4466837383892,-38.42478058466971,-39.27773878134159,-40.02657105460706,-40.69898709609753,-41.31632365755978,-41.88243160585601,-42.378654284690825,-42.76690427211186,-43.00067538642011,-43.04040918157814,-42.86823690790773,-42.49671521006073,-41.967984677251955,-41.343455513604454,-40.6875172840853,-40.05197664491853,-39.467825674411884,-38.94865931066397,-38.50507475854776,-38.16379541339319,-37.98202494828056,-38.047149425580066,-38.45721467296936,-39.28567895828339,-40.54164655132698,-42.14317950801964,-43.9167936928999,-45.63039364233273,-47.051816729217535,-48.01458624000566,-48.468911557215286,-48.49638417680802,-48.28416670594417,-48.06414149210524,-48.038699512067055,-48.31800093473248,-48.88666325439332,-49.61111244681685,-50.27901618508402
7kg_16bpm,4BC,-45.18646285333734,-44.51365610846567,-44.15185416237864,-44.08968247535219,-44.26072886191715,-44.55466860794543,-44.83600031231902,-44.96713900854231,-44.83120977483191,-44.34979208962069,-43.492568863815464,-42.27858510470061,-40.76935087500836,-39.05659047552118,-37.24776313807225,-35.45149328411062,-33.76512493354286,-32.26523167516916,-31.00152525212774,-29.994478883113988,-29.23604127784574,-28.69341454982017,-28.315584327005002,-28.041442762698974,-27.80880346056875,-27.563049731514226,-27.264252134592553,-26.892031807471604,-26.44724116827301,-25.95066875644187,-25.439107970172575,-24.959228021838445,-24.5605098414988,-24.288122088722183,-24.176741801468733,-24.246129336646284,-24.498713909104353,-24.91963306777165,-25.479029241696868,-26.136080017328485,-26.844392506396776,-27.557859053449796,-28.236147064647312,-28.84909884215966,-29.37934177173081,-29.823095734854213,-30.189218349567575,-30.496762888592613,-30.77172777296734,-31.04325096110901,-31.339512114415058,-31.68360661019758,-32.089579959083544,-32.55937425096019,-33.08137487478323,-33.631317236675685,-34.17621077934958,-34.680700403381834,-35.11477030405616,-35.46082190199459,-35.718012084883576,-35.902533898377655,-36.0430709843326,-36.17250152130357,-36.317942677358374,-36.491874645232926,-36.68727718393328,-36.87827920972807,-37.02686935666685,-37.09418016320832,-37.053410937937365,-36.90109064555514,-36.66294607988083,-36.39266259503791,-36.16294248313962,-36.050295975302426,-36.117304727813995,-36.39615502209617,-36.87830689364975,-37.51290380991544,-38.21486216960392,-38.881950633956194,-39.416641240106685,-39.748383884143266,-39.85074902526128,-39.7492444893249,-39.51822058994522,-39.26638445030451,-39.11453600360014,-39.17057108350418,-39.507584331481745,-40.15106410843892,-41.077750743304,-42.22673940801644,-43.5191766781547,-44.879698657554755,-46.252874438624474,-47.60853836180229,-48.9346220701235,-50.220282068323016,-51.43520422958781
7kg_16bpm,4CA,-49.85830714856326,-48.797378014288014,-47.60040696829256,-46.42101627302802,-45.432012560872224,-44.77980142903087,-44.549545673478356,-44.74787277531569,-45.30787060197015,-46.111291228313945,-47.019372015377996,-47.90254821434125,-48.660693963728214,-49.23022699908902,-49.57893381130007,-49.6939449761305,-49.56870681776848,-49.195043174673316,-48.56299360664654,-47.66771698227429,-46.519787031251795,-45.15363897419439,-43.629752429504215,-42.02906359903462,-40.44037270049441,-38.945032502951676,-37.603325680884154,-36.44670995477003,-35.47678805142943,-34.67070627768032,-33.98999888920367,-33.390006619825556,-32.82790280973659,-32.26825550042242,-31.686179579504035,-31.068350560908506,-30.41248857133607,-29.725216064497296,-29.018665303644667,-28.306136367172265,-27.59751368298035,-26.895384315396274,-26.19289870738487,-25.474150378471066,-24.717188643445994,-23.89946633475794,-23.00462126026139,-22.029374083195044,-20.988804986786466,-19.91914142800589,-18.87677893711591,-17.933455535738695,-17.168070143160612,-16.656040588492118,-16.45800612486773,-16.60974543375495,-17.11566714455289,-17.946699957379757,-19.044044271456123,-20.327800202170096,-21.708953283693347,-23.102464057765967,-24.438673084790025,-25.67082163255461,-26.77722050978048,-27.75856678654064,-28.6310860252819,-29.418148235775217,-30.142598350509758,-30.821871885743562,-31.46680004537129,-32.083843977505786,-32.6791764814697,-33.262500624888624,-33.84856501344114,-34.455383864970095,-35.09934963122737,-35.78880424184874,-36.51806310229567,-37.2642116932351,-37.98790624758012,-38.63828901628226,-39.16137591569359,-39.50999084641667,-39.65340133812542,-39.58448628808827,-39.3234261548437,-38.916299088957544,-38.42876297340245,-37.935239246996815,-37.505021801066064,-37.18787205629649,-37.00232219702592,-36.9301116967151,-36.9183973606631,-36.89102801715131,-36.76611715830474,-36.47622907052437,-35.98548129506028,-35.299286621291074,-34.46366395609751
7kg_16bpm,5AB,-38.67646094576715,-36.39216237627761,-34.2966870081076,-32.73269649111151,-31.950890679357165,-32.051243797570024,-32.958513873017125,-34.442294064389166,-36.170770071915,-37.78659780248844,-38.98307196472167,-39.56167106916495,-39.460862211875906,-38.749310002275585,-37.59311929828456,-36.20574074828223,-34.7969992646007,-33.53265820872099,-32.511231290260554,-31.761026716351587,-31.251937840492054,-30.917574291803636,-30.679387310124028,-30.467863531524767,-30.23691958259724,-29.969449277566024,-29.675029790938655,-29.380852852511232,-29.119584446788625,-28.917371108106146,-28.78522538039712,-28.716064485578503,-28.68713833349433,-28.666802851482345,-28.622686953587507,-28.52872036600226,-28.369193643580857,-28.13906288420796,-27.841564026705118,-27.48447661446049,-27.07699817668697,-26.62835806066584,-26.148593065156376,-25.650909304688465,-25.15452754732619,-24.68647339593803,-24.281430117701152,-23.979076948303774,-23.819624275202912,-23.838680047176428,-24.06272061446273,-24.5062678143218,-25.170589355989293,-26.043830458894053,-27.101502121812874,-28.30741766511231,-29.614936441806297,-30.969538796325107,-32.313047890041645,-33.589624797900804,-34.75258758865971,-35.77020278183409,-36.62903072864077,-37.333152964052594,-37.89981586234217,-38.35235400762717,-38.712954533946714,-38.99758115707313,-39.21457994432907,-39.36716406659555,-39.45790990944946,-39.49257956753335,-39.48073179546276,-39.432097269890434,-39.350158836717945,-39.226667755871354,-39.04136773539183,-38.770575795307344,-38.40461626089842,-37.969536072876075,-37.54571408055573,-37.27225403939128,-37.33109267257887,-37.90770179258012,-39.1354649560659,-41.039545032066194,-43.497469946890185,-46.238484246668904,-48.88680510922197,-51.047116501894415,-52.40977252469473,-52.84271948481398,-52.441331627063775,-51.50887640384121,-50.47313900873294,-49.757532392048084,-49.6487496510167,-50.207187996243434,-51.2465241345768,-52.395375174685235,-53.214384061445706
7kg_16bpm,5BC,-47.303835216539156,-46.069447240110335,-44.99869807597547,-44.15439109426392,-43.5653437177589,-43.2214839286907,-43.07419408161777,-43.043422461924465,-43.030176156693486,-42.93232531518904,-42.66071558139489,-42.152746696843046,-41.381061436459326,-40.355988136497416,-39.121523696088644,-37.745907236365504,-36.3090299191429,-34.88916842355403,-33.55148058760242,-32.34012454933256,-31.2750564801638,-30.353551779299604,-29.555433016706218,-28.850532345626082,-28.20669561969006,-27.596794570408893,-27.00359800824135,-26.421924908708213,-25.85818910526459,-25.327875240084428,-24.85176323305329,-24.451785908532457,-24.14731054350894,-23.95242291110397,-23.874450346291116,-23.91369183562238,-24.064120874428497,-24.314715450488357,-24.651071396946197,-25.05698688988664,-25.515839152561824,-26.011694525376026,-26.530170115523227,-27.059103488495744,-27.58906235310715,-28.113696531819592,-28.629881215424078,-29.13755793264858,-29.63917723305566,-30.13868364761577,-30.640072262050076,-31.145685807888768,-31.654530894898304,-32.16098773141024,-32.65431036660512,-33.11924380380798,-33.537896159054206,-33.89266857780508,-34.16977239568728,-34.362623310568424,-34.47430665318006,-34.51837014061905,-34.51745442465649,-34.49980340176086,-34.49413357839063,-34.52378216173608,-34.60132207861347,-34.72490896287706,-34.87742344552733,-35.02884989418818,-35.1417551888751,-35.17908959674586,-35.11303938990551,-34.933322805547284,-34.6532415138123,-34.3122166561195,-33.97397813627546,-33.72020506607029,-33.64010400872017,-33.81712917644257,-34.31484714644032,-35.164255943855295,-36.35493835598873,-37.8321128406724,-39.500851754259315,-41.23772149930708,-42.90836194489372,-44.38827659431495,-45.58330755298703,-46.445950374959835,-46.98416199460215,-47.26020867607042,-47.37934695724929,-47.47011273313011,-47.65965393769437,-48.04876417487675,-48.691522480457365,-49.58402574533715,-50.66449820661213,-51.824583188550015,-52.92941612615804
7kg_16bpm,5CA,-47.64837642849791,-47.392705126112176,-47.335743530916524,-47.388973507764334,-47.50357973617291,-47.67038453803464,-47.90439535089689,-48.22218716799026,-48.62195513007048,-49.073206605370906,-49.51917751955447,-49.888874402142285,-50.11364564136018,-50.14172379987114,-49.94618034392611,-49.52450280118446,-48.89200945568754,-48.072345276024755,-47.08954567835985,-45.964118722849555,-44.713653020749696,-43.35646031725312,-41.915717278223774,-40.4217973101762,-38.91125815925328,-37.42268945703664,-35.990649178140096,-34.639767074217964,-33.381006398640324,-32.21140030868089,-31.117051313783804,-30.07864421795698,-29.077540930782515,-28.100856597878987,-27.144340471572967,-26.21263249915238,-25.317235797055943,-24.473262589265346,-23.695988585310417,-22.99829337165705,-22.389585664383038,-21.876201440791966,-21.462795467897344,-21.15386129356439,-20.954489164515344,-20.869830976917903,-20.903335294631813,-21.05447352480733,-21.31689286822001,-21.67785687192522,-22.119235432495195,-22.619589689663634,-23.156699029810532,-23.70979798794097,-24.26121609339936,-24.7975186569445,-25.310301375811488,-25.796706917046514,-26.259580158039082,-26.706824166719002,-27.14984751879063,-27.60097088712682,-28.07023857452092,-28.562338711799867,-29.07446945504583,-29.595675787619292,-30.10801616451727,-30.589153509406962,-31.01615340671076,-31.37006646307475,-31.641039609928633,-31.833572745619787,-31.97127337077398,-32.09925305894628,-32.28273364620133,-32.59936629211285,-33.12490415320446,-33.91337087100865,-34.975703368532024,-36.26249795928524,-37.658702060435935,-38.993771318887134,-40.07019471465344,-40.704930267775545,-40.77457335639572,-40.251755394538236,-39.22201392601994,-37.872796105235885,-36.45821205645669,-35.245697590313796,-34.45928587043471,-34.23340315173205,-34.58739407522983,-35.424546239331725,-36.555308057020284,-37.73552508638657,-38.71284338064201,-39.27111792031603,-39.26519893867302,-38.640908618841614,-37.439248338598155
7kg_16bpm,6AB,-37.08458992002164,-34.600407562791254,-32.57294404479492,-31.320549985156408,-31.028893675450817,-31.706958972126493,-33.18038999216433,-35.12774354942509,-37.15003316854568,-38.85559098367924,-39.93896789890161,-40.23602397410991,-39.741055462071635,-38.5897595796224,-37.01248519390064,-35.27580910083715,-33.62633063853589,-32.24914791334561,-31.247195422062454,-30.641774630678785,-30.38835505704419,-30.401938234915256,-30.583138930070703,-30.840111022794787,-31.102630175281877,-31.327020573675988,-31.49331025190146,-31.59658734099095,-31.635732354295058,-31.60280738100889,-31.476119894017167,-31.21891955107339,-30.784891251699246,-30.12927626531768,-29.22309827751466,-28.066923718789443,-26.69958403440637,-25.199127758922334,-23.674652607745834,-22.250195466944305,-21.04444355747757,-20.15100831795468,-19.623532506093113,-19.470014271922384,-19.656251644419406,-20.118268162042604,-20.77946279478179,-21.56821226474633,-22.431315343708928,-23.340218086829275,-24.288875324178782,-25.285374196044454,-26.34044706722626,-27.45735960984136,-28.626531263257306,-29.8259760746371,-31.02676675589009,-32.200684557880074,-33.32696123137054,-34.395761402725554,-35.40776101527705,-36.37041642730989,-37.292953862504234,-38.181929872661684,-39.03875630312656,-39.85961418598505,-40.636984493410345,-41.36157060816236,-42.02329449935412,-42.61061514757224,-43.10833231214581,-43.494794903963495,-43.740237276763935,-43.80768926043529,-43.65786648002859,-43.25824326725325,-42.5953034179849,-41.68792803083911,-40.598544197409204,-39.437969407358416,-38.36101771303126,-37.54966267536555,-37.18480795818259,-37.410026869007154,-38.293787796591076,-39.80155418337332,-41.78592410036923,-44.00310390997361,-46.15567978015372,-47.953971723292895,-49.18141204102098,-49.74704122440369,-49.70651397993056,-49.24736300810278,-48.637245340423995,-48.151718507146036,-48.00114394955438,-48.27766223540935,-48.93679858728845,-49.81714628007521,-50.68761043069043
7kg_16bpm,6BC,-50.64723241638927,-48.26594960602797,-46.17929896436602,-44.50206012580945,-43.27195662355223,-42.45848375075251,-41.97864863111393,-41.71833943288918,-41.55354486202888,-41.36859153942578,-41.069719508699926,-40.59301165369499,-39.907124003447755,-39.011722722764944,-37.93260255553407,-36.71443836664857,-35.41264087420219,-34.08531320781629,-32.78614778029326,-31.559074417406034,-30.43505506299254,-29.43105646548668,-28.55105015123877,-27.78875651414424,-27.131404365090823,-26.56386282514602,-26.0725078257818,-25.64816822350148,-25.28773839363057,-24.99434691073631,-24.77618589955096,-24.644314399856373,-24.610004534549393,-24.682120014084717,-24.86493316864129,-25.15672883908948,-25.549269704972517,-26.028062883295412,-26.573303385096654,-27.161356478069433,-27.766540653724334,-28.36308252318739,-28.927146927904875,-29.43878635608568,-29.88366671902214,-30.254418771379378,-30.551422955356713,-30.78275465466963,-30.963234627712076,-31.112578161398375,-31.2527654073399,-31.4049687729704,-31.586564410012443,-31.808715237416493,-32.074971453583494,-32.3812573919465,-32.71717785355565,-33.068373147192034,-33.419471308310484,-33.757004901955526,-34.07164232044172,-34.35927338354455,-34.62065799713477,-34.85959433977738,-35.08001860850623,-35.28265486138674,-35.46202545208757,-35.604822681005516,-35.69036246000335,-35.69353357419753,-35.590264200496584,-35.36482138188201,-35.01763537646188,-34.57206277854289,-34.07826304763905,-33.61218698471415,-33.26889218984884,-33.15014256764962,-33.347312733449854,-33.92241151138889,-34.89098852667259,-36.21078376936064,-37.77981724220251,-39.44687074306631,-41.033636596789684,-42.365845750800226,-43.30836792739157,-43.79629408289165,-43.85449975458732,-43.60015048747876,-43.22529114977856,-42.960794113565385,-43.0293739648054,-43.597166136650614,-44.73444325603683,-46.39623927945811,-48.427172340657734,-50.589515869150475,-52.60890966054715,-54.225996901062786,-55.24557251170551
7kg_16bpm,6CA,-48.68839560608167,-47.683717850805486,-46.56397466932221,-45.47769743105343,-44.60351356205436,-44.10843219203334,-44.10214484421395,-44.60126455168793,-45.515253271248234,-46.660836236449995,-47.80248127163319,-48.70766240326418,-49.20198210138281,-49.20956364876081,-48.765714240888954,-48.00106664444103,-47.098624795528565,-46.237562683565365,-45.53924928391916,-45.03106319026411,-44.640314164640984,-44.21966007968024,-43.59604284329235,-42.62724552381129,-41.247518489873364,-39.486982913478265,-37.461829685759405,-35.33870866636285,-33.2890444728037,-31.448311151326855,-29.892007958828774,-28.633650427368536,-27.639976112798923,-26.85520074295516,-26.22438211580799,-25.708826609189643,-25.29082838654953,-24.969368796590018,-24.750273609947328,-24.635558297528178,-24.6154790480681,-24.66511885043257,-24.74630055099651,-24.81361268034088,-24.82300606479028,-24.74073081610756,-24.550427430887332,-24.25680722288104,-23.885313927489104,-23.477706126183065,-23.08484827619993,-22.7577871184171,-22.53887668818213,-22.454797957465075,-22.51268537384078,-22.700920215776836,-22.994204993052925,-23.36196159421085,-23.777467564738615,-24.22484045521897,-24.70162533556189,-25.2164005930047,-25.78229320240145,-26.408855203980536,-27.09493946721262,-27.824519280135625,-28.567001724756555,-29.281756154602746,-29.926424576221365,-30.467516014255548,-30.89128552600039,-31.212631304817677,-31.4792627236536,-31.768475181740268,-32.17546569926601,-32.79327905179655,-33.6875210836295,-34.871847457026526,-36.28995922358706,-37.81280386700089,-39.2534120502993,-40.400782048046565,-41.06625992366513,-41.13138263186292,-40.58392241394483,-39.530455984121666,-38.17859063324159,-36.793397573720526,-35.63770987381193,-34.91330696809229,-34.71985476488316,-35.03944488994046,-35.75137382922976,-36.667368789957635,-37.57723732427206,-38.291803797820826,-38.674199240630564,-38.655556445025795,-38.23583059402901,-37.47195238503046,-36.458776316531434
7kg_16bpm,7AB,-38.30156524844938,-36.852548541846446,-35.514572780812074,-34.52499667397781,-34.062196028898526,-34.197512932559015,-34.87354175439988,-35.915410573773876,-37.072030111701814,-38.074447459750026,-38.69591456460676,-38.798467795655945,-38.35363188440891,-37.43691722583475,-36.19877336320245,-34.82333748344569,-33.48665529867042,-32.32452670131107,-31.415137412424873,-30.77841491863298,-30.386851878044926,-30.183553990933518,-30.100622409569333,-30.073996345441216,-30.052570245616277,-30.001719096885775,-29.902330153767437,-29.747535297866296,-29.538283336440188,-29.279159580424928,-28.974949841297665,-28.628503528614416,-28.240222608247844,-27.809242332692435,-27.33587365522663,-26.82435752665929,-26.28483000465716,-25.733388918226023,-25.19011461424983,-24.675517448728236,-24.20673588233262,-23.79497011741262,-23.445335071799406,-23.159285143428473,-22.938968425845072,-22.791975083570925,-22.734655433061096,-22.79275751202452,-22.998693242564833,-23.38590002202733,-23.981541815432173,-24.799338091778495,-25.833873990290424,-27.058164221758847,-28.424548557743137,-29.869500490038693,-31.321335193456964,-32.70964394530744,-33.97466100997934,-35.07493052700656,-35.99154195480317,-36.728941574015586,-37.31185412335528,-37.77982229428623,-38.18010869072866,-38.560200730394584,-38.96069576291879,-39.409335682027894,-39.916673430607574,-40.474614682031486,-41.057978750360846,-41.62981486915467,-42.14955324170547,-42.58273127207693,-42.910210512523726,-43.134819436326765,-43.28315524546966,-43.401934961967335,-43.548147205972015,-43.77462662349865,-44.113627700144534,-44.56225119512126,-45.0745090965321,-45.564285301035376,-45.920547955680135,-46.03384013779259,-45.82847633691132,-45.29161343575677,-44.491646602374644,-43.577894891505295,-42.76020332174419,-42.27137437694179,-42.319805539750405,-43.04201227995072,-44.466582971863076,-46.494783222763466,-48.905923339379,-51.38537712944452,-53.57340597920883,-55.12605875331563,-55.778956928986574
7kg_16bpm,7BC,-44.01447712311078,-43.151571779099676,-42.521556271771395,-42.14414704084928,-42.015667515675794,-42.106563139019535,-42.36097480735123,-42.700427760341135,-43.03157187133225,-43.25706515683234,-43.288022249251966,-43.055958211371326,-42.52182670582141,-41.6805619668277,-40.56046851264659,-39.2177243152408,-37.72704208839089,-36.17040556255673,-34.62608804472914,-33.15968715996459,-31.81839936537322,-30.62920622857007,-29.600550246590235,-28.726471676443516,-27.991944783816642,-27.378168400739433,-26.866781424745962,-26.442480342073175,-26.094059821410223,-25.814213752568765,-25.598580856379918,-25.444577060429683,-25.35039697791597,-25.314366991533046,-25.334668633393438,-25.40932738566827,-25.53629703754646,-25.713481239770495,-25.93858346114282,-26.208749618965044,-26.52005066013929,-26.866914499260442,-27.24166172472017,-27.634326779145535,-28.03294702822692,-28.424397245306125,-28.79575675709574,-29.13607279442258,-29.438224722631052,-29.700485211418513,-29.92741027940094,-30.129762929057026,-30.323334322823833,-30.52674676640246,-30.75865299698342,-31.034847738208214,-31.365841569374638,-31.755405950982837,-32.20037020257882,-32.69158847722488,-33.21578343162314,-33.75779632065007,-34.30269377686544,-34.83723377171159,-35.35043730412568,-35.833260147782475,-36.27761406969279,-36.67523231080031,-37.01695932275581,-37.2929417985655,-37.49397731271241,-37.61389928450406,-37.652468616193005,-37.61800774683724,-37.528949512956885,-37.413562678178685,-37.30747250806959,-37.24921562583975,-37.274436531791295,-37.409681008522405,-37.66708317973439,-38.04114126342574,-38.508389622869124,-39.03036577861861,-39.5597577082958,-40.04891933236437,-40.45931806995095,-40.77036750384,-40.986083393987364,-41.13797592795759,-41.283320316806325,-41.49875083950339,-41.86966380563563,-42.47655955781499,-43.380300018236774,-44.608588358106836,-46.1459521416573,-47.92931888588727,-49.85110004541005,-51.77001015375904,-53.52871692271612
7kg_16bpm,7CA,-45.84903647948755,-44.083574877532115,-42.722652293205805,-42.017762681014055,-42.104223898131416,-42.94996358607118,-44.3581626613656,-46.02271125670506,-47.613079952905416,-48.857798752114284,-49.59825995582833,-49.80301169638977,-49.54374118266362,-48.95092115130159,-48.16535721152515,-47.3013523265817,-46.42752572235198,-45.56566974569631,-44.70163976784212,-43.80234320041441,-42.83232907426613,-41.76652657472776,-40.597128991996414,-39.33419462651782,-38.00071304358087,-36.62401996434437,-35.22663829877228,-33.82004654717964,-32.40458061822115,-30.9762052532656,-29.538545373423197,-28.115472519766428,-26.75859493974838,-25.54453174587567,-24.560555081402672,-23.88153211129528,-23.545185446705187,-23.5350939388651,-23.777497304354455,-24.154842343086084,-24.53177270082883,-24.78649227104958,-24.83796411469373,-24.662632720644883,-24.29574013301046,-23.819109322753963,-23.33813134241944,-22.95530232893322,-22.74661953228194,-22.747146014370866,-22.9482984645476,-23.307060255018715,-23.762713451351676,-24.25595024596246,-24.74421698130451,-25.209008886419053,-25.65378226448784,-26.094119734228507,-26.54480026509052,-27.00915703087683,-27.47543631806109,-27.921352075718236,-28.325090544457584,-28.677742666456513,-28.9916125166506,-29.30017922970031,-29.648628801120886,-30.077632277077168,-30.60566075719277,-31.21691638957152,-31.859762302248452,-32.459101144390445,-32.94036397763565,-33.25957149248556,-33.42919489564845,-33.530098437985835,-33.700775653949044,-34.10361514297944,-34.87427531775052,-36.06864773068507,-37.625689640522516,-39.360858741520545,-40.997799589262584,-42.232550966866,-42.813541377566814,-42.6115504233378,-41.65921843108229,-40.14390588208135,-38.359805190257646,-36.63278532986971,-35.2438666123349,-34.37128980228512,-34.065541276827595,-34.25574505676159,-34.78189959919832,-35.43840217593544,-36.01959493686449,-36.358158300740236,-36.352077659315,-35.97699146372835,-35.28400281240302
7kg_16bpm,8AB,-39.060235526337024,-37.47889119435795,-36.1003178054294,-35.15859227400595,-34.803926758038564,-35.06492462136474,-35.84046493172115,-36.921337359056,-38.03821023209848,-38.92083229802369,-39.35486128969217,-39.222059980251245,-38.51743663610833,-37.33889827633583,-35.857117803183144,-34.27307330628841,-32.77505542788819,-31.50451925668776,-30.53801352733512,-29.885508361214576,-29.503354524260466,-29.315948681687022,-29.23901978222252,-29.19922725876731,-29.146292903416292,-29.05650384847476,-28.928596340427433,-28.7749885287583,-28.61127939820459,-28.447546358739626,-28.283643287571817,-28.10944131450226,-27.909024559070165,-27.66676892432394,-27.372390523661682,-27.022805891796857,-26.62021409003133,-26.16787621921329,-25.666292769650394,-25.112557053822606,-24.50423061309278,-23.84672529128883,-23.161400663663056,-22.490211164891015,-21.894412253367896,-21.446241541546527,-21.21557575491328,-21.255237269862192,-21.589712894585436,-22.210208264538633,-23.077822514766467,-24.13369407057308,-25.312749655274736,-26.557263995605926,-27.826410503877526,-29.09948093333468,-30.37245791903593,-31.649903303268037,-32.93493085077002,-34.2207765843213,-35.48654942664396,-36.698429386267065,-37.81570171193664,-38.80006144969187,-39.625532849441534,-40.28629985538093,-40.79998900682582,-41.205358894431846,-41.55367360041513,-41.895555489656765,-42.26575774882444,-42.66982879547437,-43.0760478413387,-43.41678569329815,-43.59988844731754,-43.52986512482584,-43.1349446850047,-42.394780350529324,-41.36053558758281,-40.16222907964733,-38.997778350256525,-38.10331769135692,-37.70910566437972,-37.989309465304885,-39.01641086186149,-40.73272407549223,-42.948864293625924,-45.37104126301442,-47.65671986756038,-49.485426981294395,-50.62948044585663,-51.00534917703415,-50.693700246487936,-49.917457049316745,-48.98617074142246,-48.21841574343785,-47.864229513535236,-48.046793318312865,-48.74063950361348,-49.786601089372894,-50.93802690166414
7kg_16bpm,8BC,-47.3060147981191,-45.705333126272464,-44.307821746759856,-43.191390857672666,-42.39053402453303,-41.89455884963124,-41.65027557422729,-41.57082999309938,-41.54918063482592,-41.47407150036607,-41.24606042805705,-40.79114252206343,-40.069938098501765,-39.08098217280842,-37.85820121835125,-36.463515764318714,-34.97617688180447,-33.48077624492457,-32.05595163673999,-30.765466289561097,-29.65257600542982,-28.737993882905744,-28.021208675052176,-27.48454973819964,-27.098851377863042,-26.829677110753256,-26.643170654425784,-26.510807546440475,-26.41252270280996,-26.338081204360613,-26.286836873537638,-26.266202939218243,-26.289267596276094,-26.372015301253686,-26.530620080578483,-26.779086891022956,-27.127377450321458,-27.580032070982604,-28.135263696587355,-28.78442272366457,-29.511800252772364,-30.294818485185594,-31.104733463041168,-31.908032583970797,-32.668586143750446,-33.35053471335807,-33.921720829120986,-34.35728907354865,-34.64284118540977,-34.776568491521765,-34.76987539755949,-34.6462180085645,-34.43817743833171,-34.18312018163581,-33.91821304951954,-33.67561653431778,-33.47867461083815,-33.33975918340271,-33.260193286472216,-33.23211346671526,-33.24179029062423,-33.27364528668779,-33.31407357717122,-33.35419884904367,-33.39100654225532,-33.42672247033079,-33.466683363176074,-33.51625162723183,-33.57755384833868,-33.64685149371466,-33.71319765804583,-33.75884896922148,-33.76167510890908,-33.699500271106245,-33.55587705591499,-33.326500172237694,-33.025150378785845,-32.687835373167104,-32.37361639014795,-32.161223099396416,-32.14109839264809,-32.40333978586574,-33.022923831335476,-34.04476145145225,-35.47152232367238,-37.25702138314925,-39.30729926311475,-41.490292402946636,-43.65330458343864,-45.64513581507651,-47.33883098389636,-48.65057456168578,-49.55075794224671,-50.06437448357165,-50.260950150285694,-50.2363367411952,-50.09051306775911,-49.90650054409852,-49.735487762116,-49.59164828979223,-49.45622765344211
7kg_16bpm,8CA,-46.5946241179865,-45.78122375197818,-45.18017339895798,-44.82106827888636,-44.71459891000813,-44.842656974686086,-45.15638178266303,-45.5855117085898,-46.05520625924742,-46.503477337715815,-46.89131472185114,-47.200473881707325,-47.420342005827855,-47.5300400274484,-47.485355167265,-47.218920501864616,-46.65613971883604,-45.742900417404485,-44.47463370332503,-42.91410669197844,-41.18931843197888,-39.46861757779386,-37.920482553517644,-36.670300323906226,-35.769078216101846,-35.18436584494893,-34.81542261300884,-34.52675084698174,-34.18781845957918,-33.707268492755496,-33.052523915898796,-32.25234113403872,-31.38400023568734,-30.55053992022279,-29.854080362022614,-29.370678342634005,-29.13179497826334,-29.114880894883363,-29.245649035479634,-29.410901023751595,-29.480185960265807,-29.33155199903855,-28.87568851041474,-28.073878324385245,-26.945064187385228,-25.56247357000387,-24.039999696332963,-22.512965187518613,-21.11662076452551,-19.966488675508334,-19.14390649425979,-18.68783862053284,-18.594723120600186,-18.824498070526225,-19.31228391047404,-19.98224273976943,-20.761319144539062,-21.59010651729138,-22.42905110974971,-23.260004870622513,-24.08328808627535,-24.91209868523794,-25.765277117094776,-26.66009547190605,-27.606196864022476,-28.6016706629022,-29.631946969370073,-30.671151450755712,-31.685342856329147,-32.636300553347446,-33.48500061092979,-34.194302226114495,-34.731430574824415,-35.07163312021898,-35.20454971641847,-35.143701958056745,-34.93724904443193,-34.67534542778329,-34.48789160020388,-34.527456652230434,-34.93609626731302,-35.802072054301135,-37.11775015376287,-38.75543506405306,-40.47346344491654,-41.95915907718245,-42.901393945242305,-43.073522554390976,-42.40282045010153,-41.00002445011223,-39.139683221153675,-37.191881250568045,-35.5269021818361,-34.42144566650767,-33.99278474804119,-34.18237113293645,-34.78692821058574,-35.52772780185385,-36.13199135884212,-36.40195089095353,-36.25521352046002
7kg_16bpm,9AB,-39.14030672330862,-37.33632237028521,-35.740694550052744,-34.57006420198788,-33.95201319391742,-33.90255748700955,-34.32685330694399,-35.04626486770517,-35.84173031126089,-36.50352801586324,-36.87421410250488,-36.87407880683687,-36.50667698545016,-35.84388995122064,-34.99928352858761,-34.09674082218589,-33.24334001378096,-32.512069063666765,-31.93583122007341,-31.512559262379476,-31.216635232157103,-31.01274645687447,-30.86731470581964,-30.754977942027246,-30.659600039132723,-30.57084327169054,-30.478862612545242,-30.369593563163818,-30.222594456602508,-30.01252117068434,-29.713826760294975,-29.30735310854978,-28.786842885136426,-28.162886592411624,-27.46313992852002,-26.727871231705034,-26.00227589765269,-25.32759866613509,-24.733979171356005,-24.237658314137168,-23.843154313699596,-23.549703461246757,-23.35894495416012,-23.280460388507876,-23.332635713939272,-23.538002560889485,-23.914942749871194,-24.46920280978249,-25.188588982887566,-26.04357122100817,-26.993359164849057,-27.99572708794642,-29.016979925180273,-30.038516356166074,-31.058023000480386,-32.08446293561833,-33.12880889990453,-34.19344023155041,-35.263821142161376,-36.30600308040948,-37.27098516924007,-38.10562045099384,-38.76680811842854,-39.234437589391185,-39.51911591831842,-39.6608988569882,-39.71947984133589,-39.75765045662521,-39.82304513634668,-39.9337707935301,-40.071781775206915,-40.18736916478,-40.213721089527965,-40.08973568367113,-39.78649405437467,-39.33070836571489,-38.81950280751603,-38.417833561193945,-38.33575366373039,-38.783662471276564,-39.91229749243305,-41.7520636234812,-44.16748993056064,-46.849861711600525,-49.35509273611385,-51.19024968665902,-51.92960592303733,-51.33002722084513,-49.41501845390644,-46.492663183187474,-43.104267022888905,-39.90729026698415,-37.528669235437825,-36.4283057585944,-36.80679403354542,-38.58389968320822,-41.43822324247486,-44.89548239732017,-48.43031768550843,-51.55826212115832,-53.90241183427773
7kg_16bpm,9BC,-49.37213754682218,-47.7335146021187,-46.259202878440085,-45.058858311373896,-44.18783428201138,-43.641649038088076,-43.35865010027903,-43.23247259178493,-43.13181303860063,-42.92377542437594,-42.496683732846286,-41.778352881026024,-40.7466503928084,-39.43037738867396,-37.901151596557995,-36.258485742171324,-34.61136006263923,-33.059973994988574,-31.681213296275136,-30.52008772213819,-29.587813390936848,-28.865914634189053,-28.314721006583262,-27.884071208137502,-27.523767341637104,-27.192037178953722,-26.86095184117065,-26.51848631027574,-26.167483906741495,-25.822459946261333,-25.505241048823446,-25.240353232320395,-25.050862377690112,-24.955155220330628,-24.964857092921086,-25.08386119107344,-25.30834526115324,-25.627604397460242,-26.02553595630975,-26.482524702233647,-26.977528947944386,-27.490160983570437,-28.00255054455516,-28.500759976875916,-28.975604291236806,-29.42281458897342,-29.842573247776883,-30.238533861447063,-30.616495010576124,-30.982961953152504,-31.343780773487246,-31.70299851419419,-32.0620719414636,-32.419545738864855,-32.77126433300055,-33.11115873558125,-33.43258944284842,-33.73011885738055,-34.0014042587756,-34.24876893378806,-34.479961371810255,-34.70766729712068,-34.94752832586835,-35.21476586858932,-35.51995938379445,-35.864801442985275,-36.23881352455176,-36.61796694169437,-36.96595411336173,-37.23817947700466,-37.38807721082634,-37.37491045356526,-37.171895665201895,-36.7731869743062,-36.19851367401586,-35.494557556819615,-34.732541583865206,-34.00196162913149,-33.40093022225696,-33.02441600255766,-32.951910662560024,-33.23632299563596,-33.89592260494948,-34.911105399223224,-36.226585950164406,-37.75880498688688,-39.40739444783856,-41.068760943852865,-42.64927028616607,-44.07561421720915,-45.3007718056309,-46.30490401007364,-47.09154275543941,-47.680307205970344,-48.098271762446046,-48.37197901845853,-48.521735045333386,-48.55915076314081,-48.48807569405836,-48.307940682097076,-48.018320199650454
7kg_16bpm,9CA,-51.46041512756872,-49.8643916336381,-48.11214737818146,-46.439781858758906,-45.082648777756866,-44.226350482680246,-43.96684788515778,-44.29021705403457,-45.078171753956184,-46.13609248015795,-47.237244989969994,-48.169890223263,-48.77593350701877,-48.973488547237196,-48.75913655266029,-48.19308594387639,-47.37367719294073,-46.409073028667116,-45.39394074510184,-44.39568317361075,-43.45060111508487,-42.56854148606456,-41.74150622926254,-40.952831343795395,-40.18437656191753,-39.42094707871469,-38.65234264726547,-37.87390764080526,-37.08599203533843,-36.29272219636762,-35.50012701494149,-34.71402499863801,-33.9381935510673,-33.173371693915186,-32.41734079380397,-31.666051480968342,-30.915305494955632,-30.162404094717544,-29.40716525471308,-28.651895513795257,-27.900365271441572,-27.1562668653338,-26.42193489032194,-25.69802424824922,-24.984435481349156,-24.282110401588888,-23.594905706924436,-22.930812182178737,-22.302135363201383,-21.724863546476808,-21.21776331309314,-20.80150004626467,-20.497700797075044,-20.32732384761337,-20.30772344462572,-20.448472921329337,-20.746810281154865,-21.184515755530676,-21.72814254831092,-22.33342197194888,-22.953643550409453,-23.549854739472067,-24.099834027642316,-24.603265556891202,-25.080976923718097,-25.56839977332161,-26.104873012429536,-26.721631886751545,-27.431634909235704,-28.22442818644711,-29.06721339757821,-29.91309259088164,-30.71482604979318,-31.441413900195368,-32.09319961623223,-32.71081209225833,-33.372790521725776,-34.18032807133102,-35.22946626170708,-36.57634912591045,-38.205271036322564,-40.00944800677626,-41.79396538022847,-43.30487314123102,-44.2798022993408,-44.509287784004826,-43.89388033516106,-42.4788246971575,-40.45890112479782,-38.14799331779171,-35.921337317564245,-34.14308564404631,-33.095319048933014,-32.922049572636524,-33.60215600588507,-34.95159114872255,-36.65833946383357,-38.33984855501136,-39.61388520833906,-40.16900720345559,-39.824955301712336
