cond,seg,hand,axis,app,RMSE_full,RMSE_q1,RMSE_q2,RMSE_q3,RMSE_q4,section
15kg_10bpm,10AB,L,AP,preRiCTO,14.4388553549539,7.885224980149469,14.017548064421872,16.14349626020905,17.62266076604867,AB
15kg_10bpm,10AB,L,ML,preRiCTO,16.364353862612496,18.51750299209748,15.471676818832593,20.34412932566772,9.079017111990012,AB
15kg_10bpm,10AB,L,Resultant,preRiCTO,22.53337425611426,25.875234153316125,9.313769519258413,5.199008874989637,34.91773575753103,AB
15kg_10bpm,10AB,L,Vertical,preRiCTO,24.246768480690466,30.235634672477527,9.438217700984826,2.598241562949227,36.22996716564843,AB
15kg_10bpm,10AB,R,AP,preRiCTO,16.415637690350334,6.902348207565378,12.37652007763853,19.973710720167368,21.68174058109718,AB
15kg_10bpm,10AB,R,ML,preRiCTO,17.678061017885877,21.343993940438626,20.734309049832973,8.970172318033,16.888044204742688,AB
15kg_10bpm,10AB,R,Resultant,preRiCTO,22.677372139914237,22.372589588502894,2.760896644398809,1.0711224423150068,38.832984821001375,AB
15kg_10bpm,10AB,R,Vertical,preRiCTO,24.411890776214477,25.203559543564424,9.188764317532751,3.5632078306558688,40.13498866968637,AB
15kg_10bpm,11AB,L,AP,preRiCTO,14.726428588486728,8.29947373535183,12.462171527214334,15.81066290925643,19.660128011321863,AB
15kg_10bpm,11AB,L,ML,preRiCTO,17.376692420547794,18.102522768621792,13.113509203703995,23.336825253942717,12.994187618348201,AB
15kg_10bpm,11AB,L,Resultant,preRiCTO,26.070086492496376,28.092025350080238,8.787275744992316,5.291555064203373,42.192381706258026,AB
15kg_10bpm,11AB,L,Vertical,preRiCTO,27.08673163693018,31.241572100323612,8.877970717775517,2.824743671761729,42.75689773568011,AB
15kg_10bpm,11AB,R,AP,preRiCTO,14.941011637463909,7.134168947105835,10.621765621624732,19.051069123501815,18.994006188145928,AB
15kg_10bpm,11AB,R,ML,preRiCTO,15.937517655481518,20.3672245931186,18.19496041124457,6.760627332487588,15.018947997632766,AB
15kg_10bpm,11AB,R,Resultant,preRiCTO,27.97558691517983,26.730329772011626,3.111240935726564,1.78917984617256,48.38197054850332,AB
15kg_10bpm,11AB,R,Vertical,preRiCTO,28.64438624179438,28.7869547063351,8.543647571451443,3.2146505511219234,48.06652875430109,AB
15kg_10bpm,12AB,L,AP,preRiCTO,14.226773912893398,8.893898874126478,10.190534847996963,16.922557371356067,18.30245470229686,AB
15kg_10bpm,12AB,L,ML,preRiCTO,16.416816248948063,16.128867348924594,13.434812042946637,20.343099190608143,15.011267433854798,AB
15kg_10bpm,12AB,L,Resultant,preRiCTO,22.336714098162325,20.0525267068904,9.446959521864082,6.351810579834146,37.77435497463743,AB
15kg_10bpm,12AB,L,Vertical,preRiCTO,23.564423641542867,22.88726683103846,10.014224471819366,2.8808699703002256,39.35695181166348,AB
15kg_10bpm,12AB,R,AP,preRiCTO,16.067045698758292,7.511899292724621,10.323826640745185,21.33001122878447,20.21391423222173,AB
15kg_10bpm,12AB,R,ML,preRiCTO,15.500535721829266,17.249548347885966,14.973322709895353,11.549435262891526,17.418500578212676,AB
15kg_10bpm,12AB,R,Resultant,preRiCTO,23.486902614729633,20.142177757128362,3.93200259152879,2.407106151958097,41.621481513412434,AB
15kg_10bpm,12AB,R,Vertical,preRiCTO,24.632911122121474,21.006352254036315,9.46842663475056,4.3519661703363965,42.7597819027918,AB
15kg_10bpm,13AB,L,AP,preRiCTO,15.605813821111091,8.443001544255532,14.333858699619496,18.50040679870213,18.731363175348463,AB
15kg_10bpm,13AB,L,ML,preRiCTO,17.516790559669367,20.818608056848376,13.765587875806963,21.78485268288398,11.690712400956238,AB
15kg_10bpm,13AB,L,Resultant,preRiCTO,23.842134148692125,27.08437607376205,8.370396708673477,5.839660544002798,37.452517809127905,AB
15kg_10bpm,13AB,L,Vertical,preRiCTO,25.835071493096354,32.58068452407917,8.17733342035164,2.7678470714463432,38.73567911102079,AB
15kg_10bpm,13AB,R,AP,preRiCTO,14.818504081722473,9.327459175472109,9.820457847781485,18.532825015133753,18.611082444783353,AB
15kg_10bpm,13AB,R,ML,preRiCTO,16.62546456398035,22.550230875152373,16.847305671838676,8.570609048791393,15.531623149398362,AB
15kg_10bpm,13AB,R,Resultant,preRiCTO,26.123933198644778,23.852345094738073,3.5706925662830966,2.1064247535325213,45.689342947529376,AB
15kg_10bpm,13AB,R,Vertical,preRiCTO,26.794583904491518,27.133221667144287,6.4574955775696425,2.794498008062696,45.09388400064477,AB
15kg_10bpm,1AB,L,AP,preRiCTO,15.012793423615642,8.074819553146707,9.03101364955163,18.041471933796174,20.528933528343952,AB
15kg_10bpm,1AB,L,ML,preRiCTO,20.440087079672594,19.75979032683489,19.763210934215916,24.136656615713097,17.65830903013076,AB
15kg_10bpm,1AB,L,Resultant,preRiCTO,25.095506240038834,24.011157420794454,8.019916089961859,5.303869626914903,42.46427620000081,AB
15kg_10bpm,1AB,L,Vertical,preRiCTO,25.61249694772154,27.372453564703314,6.948137902716053,1.551774622705472,42.17983660467986,AB
15kg_10bpm,1AB,R,AP,preRiCTO,16.636950006729418,5.231083591076254,11.48217574235325,22.56465424137305,20.797922649105093,AB
15kg_10bpm,1AB,R,ML,preRiCTO,16.80661241183323,22.496919591937644,15.671506486025693,10.118922113897924,16.61345841311358,AB
15kg_10bpm,1AB,R,Resultant,preRiCTO,27.43513492429105,23.843826958086044,2.828543327305659,2.7264908368411462,48.6044818757232,AB
15kg_10bpm,1AB,R,Vertical,preRiCTO,27.977176872938387,26.013312690788794,7.447365351131793,3.640443754546111,48.206188574923175,AB
15kg_10bpm,2AB,L,AP,preRiCTO,15.523409180786263,8.762431580075082,11.380992631362512,18.518331843980683,20.198728180778822,AB
15kg_10bpm,2AB,L,ML,preRiCTO,20.994881882076815,23.58195344114457,23.06133669240385,20.322193909648934,16.403749575379354,AB
15kg_10bpm,2AB,L,Resultant,preRiCTO,26.967404238998064,26.131708652764377,9.136264273015303,6.282172138217756,45.27958013680721,AB
15kg_10bpm,2AB,L,Vertical,preRiCTO,27.867121457394443,30.414941471441114,7.389591486843554,3.0372827000171245,45.45146479788273,AB
15kg_10bpm,2AB,R,AP,preRiCTO,18.018791316496177,6.726898571496932,14.405981988580322,23.30255767885042,22.272390631663544,AB
15kg_10bpm,2AB,R,ML,preRiCTO,19.58457533063538,26.249817269386867,18.386705749348845,12.403989988531144,18.82566181632806,AB
15kg_10bpm,2AB,R,Resultant,preRiCTO,28.355150391694742,21.946272057993383,2.221634071012819,1.724339625343359,51.503089290832605,AB
15kg_10bpm,2AB,R,Vertical,preRiCTO,29.151500564659937,23.97790371718871,8.539162192220534,4.959025328356631,51.52280348646631,AB
15kg_10bpm,4AB,L,AP,preRiCTO,15.99648105768969,8.70806560734742,12.241116230228034,19.33059501232727,20.43841322238288,AB
15kg_10bpm,4AB,L,ML,preRiCTO,18.152180215150615,21.471282104084487,18.54691734506832,17.101982676066005,14.990533630406354,AB
15kg_10bpm,4AB,L,Resultant,preRiCTO,24.228676061166652,25.944331968881553,8.966490625910051,7.01865634399867,38.83926779942987,AB
15kg_10bpm,4AB,L,Vertical,preRiCTO,27.071091768600816,30.24870270538283,9.362765458300006,2.846546545393037,43.300621541738785,AB
15kg_10bpm,4AB,R,AP,preRiCTO,16.930983050642826,7.532644248298938,13.726693981609392,25.70322756707115,15.574890767805503,AB
15kg_10bpm,4AB,R,ML,preRiCTO,18.55635438857638,24.091264911594877,17.603153142805326,15.93791772548226,15.406336648112955,AB
15kg_10bpm,4AB,R,Resultant,preRiCTO,27.18945411023285,22.899454166430854,2.1309841467331587,2.3262738587964327,48.55903099897821,AB
15kg_10bpm,4AB,R,Vertical,preRiCTO,28.488928912029767,24.67265150751936,9.971468858696486,4.437764911604925,49.527356116233754,AB
15kg_10bpm,5AB,L,AP,preRiCTO,15.90955370696626,6.638347845971681,11.127750264344776,20.095127007119267,20.821390976487216,AB
15kg_10bpm,5AB,L,ML,preRiCTO,20.865578892812117,20.445015619775408,22.212349205613585,25.64675210318959,13.507882707975146,AB
15kg_10bpm,5AB,L,Resultant,preRiCTO,25.83766018166717,24.43731312711255,8.744438819543374,6.953268185526791,43.57847365119514,AB
15kg_10bpm,5AB,L,Vertical,preRiCTO,27.23701769507565,28.753319924233757,8.456485294902343,1.8644821704613086,44.88610472235561,AB
15kg_10bpm,5AB,R,AP,preRiCTO,16.48783571342461,5.0809288678784705,12.966056932597866,24.319642109334676,17.345177567612843,AB
15kg_10bpm,5AB,R,ML,preRiCTO,19.63731026332772,22.631571818197667,16.455874520628363,17.422921201336923,21.289640476853176,AB
15kg_10bpm,5AB,R,Resultant,preRiCTO,23.877027561509315,24.005346560898058,4.440824260486676,3.1632210827904617,40.39790940015512,AB
15kg_10bpm,5AB,R,Vertical,preRiCTO,25.562912066143166,26.393171153647618,9.056856318841424,3.15678963650494,42.19229037079145,AB
15kg_10bpm,6AB,L,AP,preRiCTO,17.706192765146405,9.433717310865868,10.735264906190979,21.235032143000005,24.246528189497933,AB
15kg_10bpm,6AB,L,ML,preRiCTO,16.04176327633701,16.404542634989447,11.315046954474028,20.356593209745377,14.810209870497557,AB
15kg_10bpm,6AB,L,Resultant,preRiCTO,25.41756327015435,25.783606120115387,9.384910920050753,6.160757076562363,41.82410932866925,AB
15kg_10bpm,6AB,L,Vertical,preRiCTO,27.07522122536706,29.36530228130613,10.222423656337531,2.1978974794015245,43.742509743144765,AB
15kg_10bpm,6AB,R,AP,preRiCTO,17.176343237217925,6.80464687894032,9.868938833700337,22.33098277970242,22.98695645890294,AB
15kg_10bpm,6AB,R,ML,preRiCTO,19.833945810742435,18.88966881902972,19.401681853979127,18.189971765456573,22.471287711446998,AB
15kg_10bpm,6AB,R,Resultant,preRiCTO,24.986817923048573,24.48966157886499,4.097766451483894,3.233481399662334,42.69015498979585,AB
15kg_10bpm,6AB,R,Vertical,preRiCTO,26.39044766897495,26.142370809896256,10.112397396585282,3.016128378774113,44.05961846809815,AB
15kg_10bpm,7AB,L,AP,preRiCTO,18.0873530340619,7.681995811594573,14.970043152197139,22.290844651175167,22.82244268712688,AB
15kg_10bpm,7AB,L,ML,preRiCTO,18.430829902716425,19.249008307148475,20.96818814470981,21.16346196089418,10.482972741396827,AB
15kg_10bpm,7AB,L,Resultant,preRiCTO,23.412315472562103,26.31495561020958,10.240035220427353,6.936111980809106,36.28183832969403,AB
15kg_10bpm,7AB,L,Vertical,preRiCTO,24.73140458902674,30.225465574488613,9.62427101392997,1.9748635323431427,37.479863041921355,AB
15kg_10bpm,7AB,R,AP,preRiCTO,18.378739575295604,6.4743027480959885,15.25467769260622,24.192805178078466,22.02947732971943,AB
15kg_10bpm,7AB,R,ML,preRiCTO,21.26599549272246,21.738782240106854,21.895487532282594,19.01471905998038,22.220775778984894,AB
15kg_10bpm,7AB,R,Resultant,preRiCTO,24.560621946901684,24.33901599049302,4.60426349045431,2.790982600030494,41.782967662380806,AB
15kg_10bpm,7AB,R,Vertical,preRiCTO,26.122817732707208,26.43671538691548,9.929611534615743,4.3847302501567285,43.19209690433308,AB
15kg_10bpm,8AB,L,AP,preRiCTO,16.18103366279107,7.586018400701562,13.369733125709734,18.171209029900705,21.734547095946173,AB
15kg_10bpm,8AB,L,ML,preRiCTO,15.74914310251201,17.005849916934707,12.74958666490595,17.235998713555315,15.604268123448382,AB
15kg_10bpm,8AB,L,Resultant,preRiCTO,26.124551103464828,25.582894536854827,9.349818932244098,5.213598490391237,43.72315827229017,AB
15kg_10bpm,8AB,L,Vertical,preRiCTO,28.04845398274859,29.17289256055355,9.998688171763154,2.5388807883070816,46.210787669940345,AB
15kg_10bpm,8AB,R,AP,preRiCTO,16.85711180487415,7.184568914540301,11.79162569123564,20.042161193897588,23.114819382562555,AB
15kg_10bpm,8AB,R,ML,preRiCTO,17.08582614334531,20.32764226359904,19.732540027342196,12.023474890660736,14.943120163468215,AB
15kg_10bpm,8AB,R,Resultant,preRiCTO,29.826578937030163,25.42805558371004,2.76477918965914,1.8543790176682904,53.13639471023579,AB
15kg_10bpm,8AB,R,Vertical,preRiCTO,30.498021316060996,27.437328573211886,10.729457201995423,3.3033180480667443,52.6132681764645,AB
15kg_10bpm,10BC,L,AP,preRiCTO,7.166968352283655,11.324341681381616,2.7612808912854945,3.3744990316999277,7.61221996281992,BC
15kg_10bpm,10BC,L,ML,preRiCTO,13.588952806210832,8.321471399342183,3.0612387496894566,16.215732136503906,19.720569633998576,BC
15kg_10bpm,10BC,L,Resultant,preRiCTO,22.472184368608367,23.37961044579772,3.4765254562928525,3.7183613004516305,37.56632108931037,BC
15kg_10bpm,10BC,L,Vertical,preRiCTO,22.976726898672396,24.84922790460592,3.7641485559492387,3.9812353204867375,37.791608991592575,BC
15kg_10bpm,10BC,R,AP,preRiCTO,8.76352707680506,9.78697654325218,3.7175921272296324,6.952585973055764,12.102357954502947,BC
15kg_10bpm,10BC,R,ML,preRiCTO,11.642679685432803,21.09504293659085,3.0412693213267,4.465595425814255,8.403201230217762,BC
15kg_10bpm,10BC,R,Resultant,preRiCTO,23.714616475016772,26.741534259742323,1.939654397688202,3.0400303443036534,38.529630972212885,BC
15kg_10bpm,10BC,R,Vertical,preRiCTO,25.28461528767912,31.09242647967991,1.8251250213711596,3.2130040879178594,39.252952985273694,BC
15kg_10bpm,11BC,L,AP,preRiCTO,8.961788748768855,13.538171628029719,5.343051051489879,4.534504876036869,9.409240373048824,BC
15kg_10bpm,11BC,L,ML,preRiCTO,11.398194201034858,8.857537675001806,6.188005195657608,15.114988413538219,13.143506027138466,BC
15kg_10bpm,11BC,L,Resultant,preRiCTO,21.98473537613379,28.339557840529608,3.355698895616307,2.174409773684282,33.01410232295555,BC
15kg_10bpm,11BC,L,Vertical,preRiCTO,22.853202340768302,29.8570596269741,2.664498320254302,3.5160925439865305,33.95500013530795,BC
15kg_10bpm,11BC,R,AP,preRiCTO,9.299508338748572,8.42489902002041,2.162461603365443,7.355583584557901,14.531890727165399,BC
15kg_10bpm,11BC,R,ML,preRiCTO,14.68591963026809,21.803723635299495,7.399043532027541,11.778988901179591,13.951812739774853,BC
15kg_10bpm,11BC,R,Resultant,preRiCTO,21.485390601346253,27.694568965706296,3.560611236737743,2.2811173463369805,32.2263974247666,BC
15kg_10bpm,11BC,R,Vertical,preRiCTO,22.479887129335953,31.06879223481807,2.455707746429986,2.7046637560375983,31.970231900840385,BC
15kg_10bpm,12BC,L,AP,preRiCTO,6.93731998061059,11.873641415598295,4.538108002825231,2.7933125489052473,4.907834267649354,BC
15kg_10bpm,12BC,L,ML,preRiCTO,6.959576868607706,6.743141002059479,3.322838494550939,7.807743515192747,8.671804672786514,BC
15kg_10bpm,12BC,L,Resultant,preRiCTO,17.701306937359117,19.860999530966787,1.6969403025660632,1.1655401594232324,28.876080186776157,BC
15kg_10bpm,12BC,L,Vertical,preRiCTO,18.377988847262575,21.270304124048568,2.034027335939303,2.5471640953248524,29.44128389990596,BC
15kg_10bpm,12BC,R,AP,preRiCTO,7.933412711988753,12.93234427364408,1.8055816749203397,3.6691143796910426,8.222018783846996,BC
15kg_10bpm,12BC,R,ML,preRiCTO,11.905848112567634,19.750158601089744,6.65186552774525,5.439256964769405,10.226532694657989,BC
15kg_10bpm,12BC,R,Resultant,preRiCTO,18.182122969556456,23.63882135592864,2.9251346278980166,2.0480991512674978,27.104444865493402,BC
15kg_10bpm,12BC,R,Vertical,preRiCTO,20.128198121627584,28.42597510993839,1.9124756991166616,2.688605245188586,28.0429099510551,BC
15kg_10bpm,13BC,L,AP,preRiCTO,8.91397285631894,12.182538307266896,3.2882867591603735,4.452336299937555,11.683471101956165,BC
15kg_10bpm,13BC,L,ML,preRiCTO,11.089125062005992,7.017785710407709,3.1026474416834104,16.368361208543632,12.785002492062526,BC
15kg_10bpm,13BC,L,Resultant,preRiCTO,24.947742507551954,28.952767650677707,3.279217473987971,3.2510868031489824,39.8901066376298,BC
15kg_10bpm,13BC,L,Vertical,preRiCTO,25.473808417642218,31.51296138529803,3.4989398339309536,2.9138353874446095,39.31891923143252,BC
15kg_10bpm,13BC,R,AP,preRiCTO,9.405713452060764,11.060190889330618,3.124086362915651,7.942079791439525,12.49015421726167,BC
15kg_10bpm,13BC,R,ML,preRiCTO,11.235456072791555,19.19671176710172,2.952518327010647,6.057191875376466,9.61122295835495,BC
15kg_10bpm,13BC,R,Resultant,preRiCTO,24.782836434448114,26.227669306599616,1.0389298865175296,1.3094149536542783,41.49419452129139,BC
15kg_10bpm,13BC,R,Vertical,preRiCTO,25.497277812256655,29.23966612742391,0.9577967012690376,1.2287923697784349,41.24345833820182,BC
15kg_10bpm,1BC,L,AP,preRiCTO,10.612427097963547,17.089669657956783,3.5127676155552616,3.6404567983194545,11.492058669231227,BC
15kg_10bpm,1BC,L,ML,preRiCTO,12.331442890062702,7.8490151572170355,8.909837619835516,16.46638977595363,13.943784000746662,BC
15kg_10bpm,1BC,L,Resultant,preRiCTO,21.33874972265771,22.79009953853448,4.403415037068746,2.579653636277792,35.275690783262334,BC
15kg_10bpm,1BC,L,Vertical,preRiCTO,21.44989590682716,24.87224289941117,3.1859392148562007,1.398278335974356,34.36319309397702,BC
15kg_10bpm,1BC,R,AP,preRiCTO,9.777516553260552,10.077030394200225,1.9969636288254964,11.110870963069914,12.29592858415989,BC
15kg_10bpm,1BC,R,ML,preRiCTO,15.11619153523792,26.101456505546867,9.097144008099084,6.131085527245565,10.808769828946337,BC
15kg_10bpm,1BC,R,Resultant,preRiCTO,24.900115826120327,23.826450426078907,3.204793734801904,0.8745480839615659,43.03541057845918,BC
15kg_10bpm,1BC,R,Vertical,preRiCTO,26.004463854829076,27.92408131069042,2.100326654250555,1.2550273691541065,43.25947055409682,BC
15kg_10bpm,2BC,L,AP,preRiCTO,13.205339583051684,21.509093923237376,2.87868232203504,7.645656637982091,12.976132491677493,BC
15kg_10bpm,2BC,L,ML,preRiCTO,16.364424778935682,10.479429697979302,13.4259979130621,23.180203387778175,15.643002658487763,BC
15kg_10bpm,2BC,L,Resultant,preRiCTO,22.328683901594992,22.978151572062014,4.676511073162551,3.6330490781574776,37.354320275959466,BC
15kg_10bpm,2BC,L,Vertical,preRiCTO,22.849715435594717,25.44382262184365,1.9236311576333571,3.9233016189726193,37.247116560240585,BC
15kg_10bpm,2BC,R,AP,preRiCTO,13.337734398968376,14.273806242884167,2.2297483845719746,15.299534506261619,16.2878955563103,BC
15kg_10bpm,2BC,R,ML,preRiCTO,20.181396179760313,34.35955768930669,12.881748050493794,8.472287725142134,14.778761410758351,BC
15kg_10bpm,2BC,R,Resultant,preRiCTO,27.80267652131774,24.66878588299003,4.540440615947989,1.713646962099761,48.93847841175007,BC
15kg_10bpm,2BC,R,Vertical,preRiCTO,28.74471454547448,28.179935729762043,1.7697876388015144,1.5514900489021222,49.40449950685224,BC
15kg_10bpm,3BC,L,AP,preRiCTO,14.081210127798919,17.763090950950048,6.162454947787319,8.4865850329679,19.002220446225028,BC
15kg_10bpm,3BC,L,ML,preRiCTO,15.257424729395693,9.27106376458258,7.233039800757568,18.64968822590904,20.902411501880835,BC
15kg_10bpm,3BC,L,Resultant,preRiCTO,28.40288810454344,31.961305244837735,3.389862425686211,4.355994460285803,46.0682424910966,BC
15kg_10bpm,3BC,L,Vertical,preRiCTO,28.110748269980473,33.97932161556363,2.57806520633952,2.348080993837964,44.13387672653054,BC
15kg_10bpm,3BC,R,AP,preRiCTO,12.028216500819369,13.933906940616925,1.9670649674017213,13.018883908081587,14.444344215953238,BC
15kg_10bpm,3BC,R,ML,preRiCTO,19.57497667617766,29.373164252040787,11.806590926940121,13.01699139092199,19.02492301616145,BC
15kg_10bpm,3BC,R,Resultant,preRiCTO,30.88323934777463,27.072074035997847,5.94063174196399,1.2626954999696203,54.45063193920918,BC
15kg_10bpm,3BC,R,Vertical,preRiCTO,31.435460542302927,30.312725583694323,2.8229731995050686,1.485356296792334,54.27178268713423,BC
15kg_10bpm,4BC,L,AP,preRiCTO,12.101638065870302,18.73991526033692,3.232555204118993,4.522207508915601,14.195488293224585,BC
15kg_10bpm,4BC,L,ML,preRiCTO,14.176081886028335,11.599620724333942,8.64937582180195,17.562022229941352,16.81620425600803,BC
15kg_10bpm,4BC,L,Resultant,preRiCTO,21.51376986861445,21.80575099868358,3.58181452109635,3.536214117663865,36.28225203752556,BC
15kg_10bpm,4BC,L,Vertical,preRiCTO,21.4800799372053,24.07221248405018,2.348244746182669,1.8191521101391683,35.023839520310034,BC
15kg_10bpm,4BC,R,AP,preRiCTO,12.029447772617408,17.23580905190453,2.076858275046309,10.915285128290835,12.56096119564561,BC
15kg_10bpm,4BC,R,ML,preRiCTO,16.58380123523615,24.734127321005438,10.260956711486454,10.978029823355966,16.216958313114752,BC
15kg_10bpm,4BC,R,Resultant,preRiCTO,25.751186930447414,24.070422473276185,3.8478770622891094,1.3352296490583713,44.75408473295871,BC
15kg_10bpm,4BC,R,Vertical,preRiCTO,27.4371433029397,30.78161017133678,1.557053137671217,2.109354842103576,44.795667359450235,BC
15kg_10bpm,5BC,L,AP,preRiCTO,7.942737907564864,11.979938588175287,4.190486699358754,2.6061833556845766,9.146275316635359,BC
15kg_10bpm,5BC,L,ML,preRiCTO,11.197489529894028,8.429743725744194,3.285846552520487,11.91594744806121,16.48726978394817,BC
15kg_10bpm,5BC,L,Resultant,preRiCTO,25.29179225955758,25.442369990126178,2.5341072318300237,0.9513896530500617,43.074677781080595,BC
15kg_10bpm,5BC,L,Vertical,preRiCTO,25.465118185080076,26.74377782947585,2.493300088900245,3.2344080358271774,42.60643091152946,BC
15kg_10bpm,5BC,R,AP,preRiCTO,9.666792328183956,16.33762595990424,2.464563183259288,6.957258531516298,7.346495151877612,BC
15kg_10bpm,5BC,R,ML,preRiCTO,13.945675848843488,23.899060908134707,2.240977632959682,3.453688396438425,13.783759881771092,BC
15kg_10bpm,5BC,R,Resultant,preRiCTO,28.045882203281757,29.233551333042893,3.117768729669274,1.0833581630288576,47.152108855289164,BC
15kg_10bpm,5BC,R,Vertical,preRiCTO,28.90217539817762,34.193755929667276,3.0698343975551285,1.846142447845085,45.91705870113662,BC
15kg_10bpm,6BC,L,AP,preRiCTO,6.12505723966181,10.449552293488217,3.623829503194375,3.057115713060481,4.373732554705177,BC
15kg_10bpm,6BC,L,ML,preRiCTO,10.46486818620582,7.5120430195830545,4.1016572980451835,12.756965052154841,14.088998128800009,BC
15kg_10bpm,6BC,L,Resultant,preRiCTO,22.480158796221886,28.040579909141876,3.00130134105203,1.82406498538449,34.57204455278118,BC
15kg_10bpm,6BC,L,Vertical,preRiCTO,23.029656838138695,29.66886967826951,3.389815657891175,2.047882920610566,34.62364239848726,BC
15kg_10bpm,6BC,R,AP,preRiCTO,7.325405649804053,10.858849465488902,2.5574128883477374,6.710605381319671,6.744337901205289,BC
15kg_10bpm,6BC,R,ML,preRiCTO,12.3145884331751,21.080385067118023,2.2708648919008456,2.8636208326982158,12.20507974465786,BC
15kg_10bpm,6BC,R,Resultant,preRiCTO,23.37104927258347,25.734018059553478,1.6398401625050107,1.8778705863724523,38.4584797964362,BC
15kg_10bpm,6BC,R,Vertical,preRiCTO,24.310711556255534,28.30490211270334,1.650448239190467,2.7552798650059156,38.930413550805525,BC
15kg_10bpm,7BC,L,AP,preRiCTO,9.294311574686152,14.380260189278943,3.075375663734838,1.676875097030715,11.177353091604582,BC
15kg_10bpm,7BC,L,ML,preRiCTO,14.564309035288048,6.715355729915791,4.90057095555795,19.099265374292653,20.16917913600529,BC
15kg_10bpm,7BC,L,Resultant,preRiCTO,21.971168093074482,23.118731473588536,3.5421377561686107,3.176632922989422,36.59976771984554,BC
15kg_10bpm,7BC,L,Vertical,preRiCTO,22.291047107442953,24.938000762786913,2.9349515233415806,2.541570143573912,36.30084437652959,BC
15kg_10bpm,7BC,R,AP,preRiCTO,9.550583554112869,11.698847967353423,2.1186148963490146,9.571540558802017,11.415962560677215,BC
15kg_10bpm,7BC,R,ML,preRiCTO,13.43712628395319,22.825467581620977,6.360443569099405,5.072850741189174,11.695523397237679,BC
15kg_10bpm,7BC,R,Resultant,preRiCTO,24.45744593687545,22.980531959751538,3.6599036131787224,1.793764016526299,42.42500147922853,BC
15kg_10bpm,7BC,R,Vertical,preRiCTO,25.809347110800253,28.013496964666604,2.460550069073594,3.4312551266455777,42.61354355964993,BC
15kg_10bpm,8BC,L,AP,preRiCTO,11.48492180090486,12.74889298207455,3.3887854955568577,7.386760787015512,17.105652403480292,BC
15kg_10bpm,8BC,L,ML,preRiCTO,16.76442319184765,8.051278014286995,5.86651252138704,22.199547505703922,22.857552592396,BC
15kg_10bpm,8BC,L,Resultant,preRiCTO,23.99988996526061,27.80543321513039,3.880921493624903,4.98790372202479,38.153735206944575,BC
15kg_10bpm,8BC,L,Vertical,preRiCTO,24.475134246684295,29.93947869137536,3.0396144572573034,2.627087267349732,38.07352256790907,BC
15kg_10bpm,8BC,R,AP,preRiCTO,12.332445166566435,8.885209639386172,2.01160624303924,13.88875459793559,18.042401154651206,BC
15kg_10bpm,8BC,R,ML,preRiCTO,13.96285019489393,22.099257343885405,7.514671658999139,9.118194594046221,12.390064712924234,BC
15kg_10bpm,8BC,R,Resultant,preRiCTO,24.943340486201496,24.684494800549142,3.8404968589190647,1.3559749230087148,42.60344176410296,BC
15kg_10bpm,8BC,R,Vertical,preRiCTO,25.785858405736924,26.947187646458463,2.754532942485789,2.69328298267993,43.24845759390873,BC
15kg_10bpm,9BC,L,AP,preRiCTO,9.47545925641377,11.104022612692463,3.116962051392981,4.647204647605341,14.146126268988517,BC
15kg_10bpm,9BC,L,ML,preRiCTO,10.309672049169661,6.793946282168703,3.477647664759434,12.135708374235902,14.672114034350937,BC
15kg_10bpm,9BC,L,Resultant,preRiCTO,25.62678545341983,26.51534256137335,2.9616675431460395,1.7347872793166523,43.17176631828114,BC
15kg_10bpm,9BC,L,Vertical,preRiCTO,25.611380201306673,27.553165987621046,2.6122572271759275,2.0027769322664497,42.516930291778834,BC
15kg_10bpm,9BC,R,AP,preRiCTO,7.412597183672384,8.897478311835313,3.3877744052318834,7.543018147987341,8.460598348922185,BC
15kg_10bpm,9BC,R,ML,preRiCTO,12.876958909572297,20.169513654049407,5.33929420203157,8.646064873126624,12.396694055991084,BC
15kg_10bpm,9BC,R,Resultant,preRiCTO,25.5677303410095,26.190929335291138,3.077483508681828,1.080550558620512,43.23883158213513,BC
15kg_10bpm,9BC,R,Vertical,preRiCTO,26.480137107182617,29.60287840986144,2.5693770647161904,1.3952893426257134,43.27861003817626,BC
15kg_10bpm,10CA,L,AP,preRiCTO,9.911458645939419,15.845203738612772,10.549881313645324,2.839293459727805,5.042651342039883,CA
15kg_10bpm,10CA,L,ML,preRiCTO,21.163063145468737,20.92447563580274,24.343203269786724,20.463247550040496,18.611572343536913,CA
15kg_10bpm,10CA,L,Resultant,preRiCTO,19.11359933576238,16.00394192587416,5.908358054818413,4.094697578792575,33.514212041634245,CA
15kg_10bpm,10CA,L,Vertical,preRiCTO,19.62859386939199,16.644976987953225,4.29254641468529,2.9160281626225752,34.70415657815005,CA
15kg_10bpm,10CA,R,AP,preRiCTO,13.604675690236824,19.922802145657204,16.48122123414138,4.912444808146976,7.27690484411642,CA
15kg_10bpm,10CA,R,ML,preRiCTO,15.192502701045381,9.422925749697638,10.254097633821457,18.294280724447052,19.706068072296993,CA
15kg_10bpm,10CA,R,Resultant,preRiCTO,21.45372542064786,20.85940131075663,5.7046160746190155,2.7863408235442266,36.4802220953123,CA
15kg_10bpm,10CA,R,Vertical,preRiCTO,23.23791702885899,22.342394525316784,5.623386503544015,3.096284795735461,39.725151091893224,CA
15kg_10bpm,11CA,L,AP,preRiCTO,8.885758803799964,14.210408339259315,8.667582262448697,2.772700866138825,5.737406687703884,CA
15kg_10bpm,11CA,L,ML,preRiCTO,18.775077211860335,14.531661522910612,17.403519966224724,19.690115604925143,22.411404459714365,CA
15kg_10bpm,11CA,L,Resultant,preRiCTO,18.438829504929345,21.747743290534988,5.854941891788156,4.9276256301693655,28.454335451898906,CA
15kg_10bpm,11CA,L,Vertical,preRiCTO,19.270230422919735,21.982948739142365,1.4746447703662346,4.079722919237908,30.980019023860322,CA
15kg_10bpm,11CA,R,AP,preRiCTO,12.392725763588556,15.023727257200834,16.91844765357637,6.253038774070934,8.16977590459241,CA
15kg_10bpm,11CA,R,ML,preRiCTO,15.342101797841028,14.576986131429853,13.014718488652445,12.244768846322422,20.075093823174797,CA
15kg_10bpm,11CA,R,Resultant,preRiCTO,21.925880924154033,29.076043579723553,2.0785622699147317,2.7229923385994814,32.300502626727,CA
15kg_10bpm,11CA,R,Vertical,preRiCTO,25.416720469692294,31.316565016505898,2.483226972565424,3.299332324657281,39.37125868057466,CA
15kg_10bpm,13CA,L,AP,preRiCTO,7.721030244777896,12.980660092120365,4.812131209750267,1.3536034660877805,6.74789275756537,CA
15kg_10bpm,13CA,L,ML,preRiCTO,14.236159221283248,18.88647642024501,13.328906948545852,11.433052066836847,12.157073561835482,CA
15kg_10bpm,13CA,L,Resultant,preRiCTO,18.689457275213655,17.283436243090847,2.747613848450448,4.377631254663847,32.31046627087248,CA
15kg_10bpm,13CA,L,Vertical,preRiCTO,19.17217559282051,17.758338980429752,1.7500018838021596,4.104102958936022,33.24916698626185,CA
15kg_10bpm,13CA,R,AP,preRiCTO,10.192329247006146,16.01406977163298,10.880941114141336,1.631523629275593,6.36867826853674,CA
15kg_10bpm,13CA,R,ML,preRiCTO,10.48129020955715,11.70159236467938,10.410621935684897,8.173830982122569,11.253386230756345,CA
15kg_10bpm,13CA,R,Resultant,preRiCTO,21.34419108703704,21.748042250540625,2.8932711716005155,1.4883342464085199,36.121555648061666,CA
15kg_10bpm,13CA,R,Vertical,preRiCTO,22.865524349646876,24.05410614044073,3.0342223702778273,2.4233620604664283,38.21199585113893,CA
15kg_10bpm,1CA,L,AP,preRiCTO,9.693949252209626,15.715669273201335,9.898298313358513,2.9018991929531537,5.025887347112115,CA
15kg_10bpm,1CA,L,ML,preRiCTO,20.62516790760718,28.48931522380163,18.768604624605196,17.884978299897963,15.026644817588819,CA
15kg_10bpm,1CA,L,Resultant,preRiCTO,22.941346434366206,27.23970716513293,8.117085049400416,3.377667531263738,35.45007819566815,CA
15kg_10bpm,1CA,L,Vertical,preRiCTO,23.33684291293174,28.54066151814726,2.64920573774109,2.4101718172945406,36.33207815169767,CA
15kg_10bpm,1CA,R,AP,preRiCTO,13.723339136145892,21.421935704756955,16.513595290694493,3.2504087108658584,4.239243640953613,CA
15kg_10bpm,1CA,R,ML,preRiCTO,14.687606459341735,11.659941371152877,15.962575913517872,14.84848302602627,15.820405962481665,CA
15kg_10bpm,1CA,R,Resultant,preRiCTO,25.476049115764212,29.483596122276317,3.63507687791762,3.155894106987923,40.78109461966126,CA
15kg_10bpm,1CA,R,Vertical,preRiCTO,26.783524932603118,31.163405489272066,3.1509758136485204,3.4171126658191007,42.80276737027704,CA
15kg_10bpm,2CA,L,AP,preRiCTO,11.560431870760368,19.407781063408052,11.121180276333256,2.6013252793626567,5.616816594506173,CA
15kg_10bpm,2CA,L,ML,preRiCTO,23.00210787446555,23.319513311938287,22.57677591734426,19.61065636338865,25.93378013937955,CA
15kg_10bpm,2CA,L,Resultant,preRiCTO,20.36823975123322,26.80927558036198,7.848940123482543,4.180487246407829,29.059550562565466,CA
15kg_10bpm,2CA,L,Vertical,preRiCTO,22.55400466463518,28.924085953862868,1.29716592332077,2.8842415340531704,34.088058953982696,CA
15kg_10bpm,2CA,R,AP,preRiCTO,14.160604828352467,23.451641511108004,14.571370363661783,3.180439269048393,6.020183024833838,CA
15kg_10bpm,2CA,R,ML,preRiCTO,20.47465172141606,15.261238316848356,21.983611757542363,17.2048208700626,25.59716527530886,CA
15kg_10bpm,2CA,R,Resultant,preRiCTO,22.49787029960971,26.8214706564199,5.508232725028417,3.183758366546662,35.15070036409907,CA
15kg_10bpm,2CA,R,Vertical,preRiCTO,26.83071458216156,28.786847740408742,2.9985187027117273,3.2150632079816757,44.50944283008014,CA
15kg_10bpm,3CA,L,AP,preRiCTO,9.31797874526856,15.723326514702686,6.801598206308412,3.5042418284960997,6.578479999239189,CA
15kg_10bpm,3CA,L,ML,preRiCTO,22.44912005110985,23.24482452398757,21.969436581989346,26.283148988458926,17.6021347123444,CA
15kg_10bpm,3CA,L,Resultant,preRiCTO,20.093759789790532,22.361573261316224,5.334939966253861,6.30872857323444,31.96881740737781,CA
15kg_10bpm,3CA,L,Vertical,preRiCTO,20.323927553875322,23.024595921647414,1.531162527692137,2.5157533537018075,32.96217405444406,CA
15kg_10bpm,3CA,R,AP,preRiCTO,13.265096499445777,22.08465929224949,9.832614717183112,1.598138707596308,10.915898620642631,CA
15kg_10bpm,3CA,R,ML,preRiCTO,19.363480305949132,14.031312803261802,17.6024450847334,25.54234779573511,18.492199762944423,CA
15kg_10bpm,3CA,R,Resultant,preRiCTO,20.946042116283788,20.6225245353263,4.018638595838969,4.216378458417625,35.5354693727499,CA
15kg_10bpm,3CA,R,Vertical,preRiCTO,21.753684200372877,21.91815050715694,2.2338935560831596,6.793710616560121,36.43051750875505,CA
15kg_10bpm,4CA,L,AP,preRiCTO,7.951777171831694,13.214471328626653,6.7865738871670835,2.6375737154470356,5.171634770180179,CA
15kg_10bpm,4CA,L,ML,preRiCTO,16.604980176297367,21.829273115793317,19.106988686967046,13.832369364997781,8.825327275997859,CA
15kg_10bpm,4CA,L,Resultant,preRiCTO,22.46160977705148,23.332927446009954,5.8280988346454405,4.11553651258774,37.2484735314957,CA
15kg_10bpm,4CA,L,Vertical,preRiCTO,22.75487352524591,24.765362213646043,1.9574909054976124,3.748471319715564,37.47617799648022,CA
15kg_10bpm,4CA,R,AP,preRiCTO,12.311819707836838,18.737764246727338,12.56879936616996,2.3035514695242854,9.707351417677366,CA
15kg_10bpm,4CA,R,ML,preRiCTO,12.318709283435666,13.861948810512176,15.015536677567694,10.895509859435817,8.590038726624483,CA
15kg_10bpm,4CA,R,Resultant,preRiCTO,23.687255294754948,23.326746484192725,2.5991469900622004,1.7449708178228436,40.58289363904476,CA
15kg_10bpm,4CA,R,Vertical,preRiCTO,24.230491643819338,26.440687529438442,1.8568625034622903,3.177267445568278,39.94345337726737,CA
15kg_10bpm,5CA,L,AP,preRiCTO,9.891152690177043,18.170455204055827,4.672336904419479,2.537586386735792,5.949909750612859,CA
15kg_10bpm,5CA,L,ML,preRiCTO,12.419559131491175,19.096911287098116,11.240535952680682,8.81701709504247,7.230421467272717,CA
15kg_10bpm,5CA,L,Resultant,preRiCTO,22.787361434958186,22.639558171686936,5.23684789715802,2.956645480158756,38.59441464814,CA
15kg_10bpm,5CA,L,Vertical,preRiCTO,23.161495115028757,23.98256682575614,2.7800822290778546,3.3348818248606658,38.89413408108933,CA
15kg_10bpm,5CA,R,AP,preRiCTO,12.31209970254678,21.259405001769892,10.647496617392015,3.3599119230020986,5.866644215740376,CA
15kg_10bpm,5CA,R,ML,preRiCTO,10.82373286674165,15.606365759661704,11.597672290175463,6.723642173810423,6.935616102705337,CA
15kg_10bpm,5CA,R,Resultant,preRiCTO,24.99669293209852,24.614373896313577,1.644572301498674,2.030701996255285,42.87320578784728,CA
15kg_10bpm,5CA,R,Vertical,preRiCTO,26.107421794913687,27.969356396419595,2.7371099880161536,2.755484926610205,43.37098933490551,CA
15kg_10bpm,6CA,L,AP,preRiCTO,8.178938990512078,13.451263486000967,5.404394008196214,1.6490895002263308,7.42866806683411,CA
15kg_10bpm,6CA,L,ML,preRiCTO,15.427833774738561,20.73816411476382,14.612806657761215,11.27830151940713,13.54434624073414,CA
15kg_10bpm,6CA,L,Resultant,preRiCTO,20.86094075885467,22.389780917863042,5.2656520177155,3.7081533110336675,34.18477463686037,CA
15kg_10bpm,6CA,L,Vertical,preRiCTO,21.39034554873554,23.38339722013732,2.4501197669764987,3.7219953631560623,35.107661395046435,CA
15kg_10bpm,6CA,R,AP,preRiCTO,10.962219878796144,17.760131347829105,10.630872697559177,3.5810544015406016,6.521134195274675,CA
15kg_10bpm,6CA,R,ML,preRiCTO,12.840487734660973,16.643318884439253,13.008367200588724,8.307801748356043,12.044404041440316,CA
15kg_10bpm,6CA,R,Resultant,preRiCTO,24.01669515633687,25.058263924171857,1.6501838565894174,2.8086050473051074,40.33216280527442,CA
15kg_10bpm,6CA,R,Vertical,preRiCTO,25.439789106723058,27.50055091406436,1.396332709115713,3.556453666652329,42.10495569310793,CA
15kg_10bpm,7CA,L,AP,preRiCTO,7.3650379911553046,11.172744121201676,6.009602071018663,4.124076276443023,6.293415090801388,CA
15kg_10bpm,7CA,L,ML,preRiCTO,22.128814889217054,18.84839944417897,20.57781608810303,19.04790457165872,28.365638516841575,CA
15kg_10bpm,7CA,L,Resultant,preRiCTO,20.020661577588005,22.399991634297415,5.8178088082019315,4.389051186707783,31.99264249480591,CA
15kg_10bpm,7CA,L,Vertical,preRiCTO,21.47348616323838,22.950321196097903,2.7183496372150744,3.7448075779460837,35.55543619559276,CA
15kg_10bpm,7CA,R,AP,preRiCTO,11.445054510443846,16.58330462708054,11.117761984254305,4.189189026909298,10.425409662756433,CA
15kg_10bpm,7CA,R,ML,preRiCTO,18.88340727580736,12.726842509994222,12.303928576732895,15.942108665626337,28.97421925654903,CA
15kg_10bpm,7CA,R,Resultant,preRiCTO,22.779966034026533,25.440178835966332,3.553644929340184,7.161252295367333,36.497495412203754,CA
15kg_10bpm,7CA,R,Vertical,preRiCTO,26.92448413806494,28.381645624496453,3.4669207464625535,10.128191651809233,43.946983841275575,CA
15kg_10bpm,8CA,L,AP,preRiCTO,8.551296169764317,13.431087378739745,8.15229317523906,2.7038862767281158,6.2985543359288805,CA
15kg_10bpm,8CA,L,ML,preRiCTO,24.02267082874682,18.537480239510238,22.624165329792774,21.429470326886552,31.266921180996675,CA
15kg_10bpm,8CA,L,Resultant,preRiCTO,18.053611094404502,18.702666081120178,7.922454478495179,5.629736113879429,28.964830745437435,CA
15kg_10bpm,8CA,L,Vertical,preRiCTO,19.638144778756114,19.451306867534583,3.349909251992001,4.077735843372985,33.279845341028555,CA
15kg_10bpm,8CA,R,AP,preRiCTO,13.527605737629134,19.345135596995135,17.294610627086538,3.78792017872079,7.045057280000866,CA
15kg_10bpm,8CA,R,ML,preRiCTO,20.048549360296647,8.66067641264661,11.557714054102027,18.47857938856466,32.13267467090766,CA
15kg_10bpm,8CA,R,Resultant,preRiCTO,19.098650357297675,17.959011846521495,4.6085079838218395,2.5233628687582117,32.86762943395596,CA
15kg_10bpm,8CA,R,Vertical,preRiCTO,24.754017627830297,20.519837957704713,4.008115693217533,4.525509387779719,44.049218909351545,CA
15kg_10bpm,9CA,L,AP,preRiCTO,8.2489710352325,14.008151465427678,6.291651323047607,2.006081057714467,5.806691135989664,CA
15kg_10bpm,9CA,L,ML,preRiCTO,23.506337561164468,16.589115609639286,16.59994753523452,23.29648498473788,33.090934019476315,CA
15kg_10bpm,9CA,L,Resultant,preRiCTO,17.426679137859015,22.179995660679406,6.510321044400285,6.296205613544654,25.05619561393581,CA
15kg_10bpm,9CA,L,Vertical,preRiCTO,18.798291622550447,22.970312491618266,2.4748001559595845,4.274161454342953,29.016072378254986,CA
15kg_10bpm,9CA,R,AP,preRiCTO,12.5192027093373,18.516575926212628,13.669070098241718,3.8563799505821543,9.230605221423309,CA
15kg_10bpm,9CA,R,ML,preRiCTO,21.02418809348545,13.464221857497677,12.394816481672365,20.029285519742213,31.769263917997332,CA
15kg_10bpm,9CA,R,Resultant,preRiCTO,19.21555879920385,24.106106436708508,1.9203657854086356,2.6911748336950376,29.412283435864058,CA
15kg_10bpm,9CA,R,Vertical,preRiCTO,24.169231983922433,25.5533574035172,2.3043994722185954,3.7720706892287468,40.28098808268796,CA
15kg_16bpm,10AB,L,AP,preRiCTO,11.885935074069689,12.830316997409621,12.229838240092231,5.489209769558369,14.755553938600436,AB
15kg_16bpm,10AB,L,ML,preRiCTO,18.09723207947411,20.445550311720474,18.2016141812085,22.02022016981304,9.247153690627878,AB
15kg_16bpm,10AB,L,Resultant,preRiCTO,15.713907529600814,20.58109100385591,9.100038573299441,1.5718023076883836,21.677754983071914,AB
15kg_16bpm,10AB,L,Vertical,preRiCTO,18.996632295681373,27.26011165152105,10.265390372806777,2.871083365359359,24.0429901307021,AB
15kg_16bpm,10AB,R,AP,preRiCTO,6.896042106462438,5.097039274423837,8.772595164620945,6.490224935656904,6.726994114058667,AB
15kg_16bpm,10AB,R,ML,preRiCTO,17.680873484312706,21.152994482444686,19.001223079397864,15.397557512341939,14.457405898500738,AB
15kg_16bpm,10AB,R,Resultant,preRiCTO,18.501990729810075,26.186520019259277,4.849465607634008,2.092734850975608,25.369517288458507,AB
15kg_16bpm,10AB,R,Vertical,preRiCTO,20.619900734961824,29.656619414390505,10.706754066835787,4.6690815163861386,25.976662188379212,AB
15kg_16bpm,1AB,L,AP,preRiCTO,16.941517006960435,10.649186872487787,13.283320481142216,18.87099382621955,22.222095767009964,AB
15kg_16bpm,1AB,L,ML,preRiCTO,21.50886887099327,23.369201420544243,21.05066006159523,28.28701820206412,8.750041495286291,AB
15kg_16bpm,1AB,L,Resultant,preRiCTO,17.82753678061322,22.917937551330763,9.994387453865226,6.350179981151028,24.387746871859854,AB
15kg_16bpm,1AB,L,Vertical,preRiCTO,19.85886929510674,27.720309236464587,9.425619785478696,2.503735557534332,26.489243137183305,AB
15kg_16bpm,1AB,R,AP,preRiCTO,14.309542240165701,6.664409150491395,10.549104523213606,20.697520580225152,15.290683523535167,AB
15kg_16bpm,1AB,R,ML,preRiCTO,19.052795097448563,25.33399686421575,18.605380823548135,8.648140600794253,19.704412713175596,AB
15kg_16bpm,1AB,R,Resultant,preRiCTO,20.378715858690207,25.009963984993654,4.056230653136148,2.1494116318753616,31.488835729043803,AB
15kg_16bpm,1AB,R,Vertical,preRiCTO,22.053779086509135,27.19337122556896,7.611620877489706,5.480281037409426,33.07162628329527,AB
15kg_16bpm,2AB,L,AP,preRiCTO,15.658960605682012,14.013741696510596,16.41648536731954,12.238117830362407,18.98792214068251,AB
15kg_16bpm,2AB,L,ML,preRiCTO,26.54995051359857,27.995076236611776,29.7472641607615,32.655544563719324,10.413881023580608,AB
15kg_16bpm,2AB,L,Resultant,preRiCTO,15.981988047080705,22.92918607631077,10.84974196595731,3.3418540138151753,19.046508420332078,AB
15kg_16bpm,2AB,L,Vertical,preRiCTO,17.684695325423746,28.103056680691623,9.257179511110783,3.5938118308295635,18.991675357191543,AB
15kg_16bpm,2AB,R,AP,preRiCTO,15.366457369401827,6.954402660388637,17.083993308178943,20.50873032942571,13.626988400574623,AB
15kg_16bpm,2AB,R,ML,preRiCTO,19.86171281622679,29.351953204568545,21.722943759541987,5.418812240638807,14.901699722816142,AB
15kg_16bpm,2AB,R,Resultant,preRiCTO,17.083201982790722,21.976700086958353,8.410709163984858,2.271104090476899,24.41908345779795,AB
15kg_16bpm,2AB,R,Vertical,preRiCTO,18.942930765740527,24.708806118852372,9.987189308375097,6.351791419423854,25.926626955220208,AB
15kg_16bpm,3AB,L,AP,preRiCTO,17.36545783232473,11.411859656991359,18.23854263417628,17.78066736545863,20.551805033103008,AB
15kg_16bpm,3AB,L,ML,preRiCTO,27.230008976668596,28.1950462641321,26.050869442569237,31.69351482946772,22.30611282716536,AB
15kg_16bpm,3AB,L,Resultant,preRiCTO,26.706548811607686,24.95487838460257,9.614858448273964,3.303342636712756,45.52456075209496,AB
15kg_16bpm,3AB,L,Vertical,preRiCTO,28.575280657715286,28.631923971245406,8.163929778154985,3.559680796426483,48.03584777343582,AB
15kg_16bpm,3AB,R,AP,preRiCTO,18.29523421506189,7.588884241605798,15.766102786781218,22.94290881746354,22.354503452947476,AB
15kg_16bpm,3AB,R,ML,preRiCTO,21.012785563439042,30.409082170181055,24.98244462389074,6.5410401122347475,13.59404886964955,AB
15kg_16bpm,3AB,R,Resultant,preRiCTO,29.16378233211579,24.89675893738224,8.179965043831118,4.79734016193163,51.200500873855404,AB
15kg_16bpm,3AB,R,Vertical,preRiCTO,29.187933252138894,26.85649455229983,8.162942661802727,4.648343552887319,50.30968687981906,AB
15kg_16bpm,4AB,L,AP,preRiCTO,16.69744443949273,10.771952078699217,15.679538451996825,14.620000011372845,23.012193909847582,AB
15kg_16bpm,4AB,L,ML,preRiCTO,26.597476223150455,26.71259159966576,26.875972221311212,35.69419735419412,11.931045389528654,AB
15kg_16bpm,4AB,L,Resultant,preRiCTO,18.88732979212714,27.7830548123874,11.212507810199734,6.112938083382095,22.062142951135264,AB
15kg_16bpm,4AB,L,Vertical,preRiCTO,20.67608511005796,31.8624139579566,9.367025243364306,5.769669265327796,23.835540955829295,AB
15kg_16bpm,4AB,R,AP,preRiCTO,15.715377586801464,7.0847961061543385,13.621607619338315,22.31609884733839,15.933168618833376,AB
15kg_16bpm,4AB,R,ML,preRiCTO,19.58853851887378,27.725655225038025,21.915552000270065,5.934714474531827,15.991812383619035,AB
15kg_16bpm,4AB,R,Resultant,preRiCTO,21.278530504797008,27.221624927739047,8.167039067284692,3.7313959893440862,31.125888453950783,AB
15kg_16bpm,4AB,R,Vertical,preRiCTO,22.526200569577227,28.894543821363403,8.062441942971564,6.174147425823056,32.69906943693335,AB
15kg_16bpm,5AB,L,AP,preRiCTO,16.03045653344896,12.780365454145816,16.090657750477007,12.469750544732769,21.04115659107272,AB
15kg_16bpm,5AB,L,ML,preRiCTO,21.676968174926017,23.836433667374088,22.796923189754352,27.36795137097269,7.688615200829357,AB
15kg_16bpm,5AB,L,Resultant,preRiCTO,17.55365310316678,22.00252055896876,9.285911406024207,3.35395876361581,25.253714075273823,AB
15kg_16bpm,5AB,L,Vertical,preRiCTO,18.385984515251966,27.314649009282988,8.14843858355874,1.8091231760916489,22.995389482031104,AB
15kg_16bpm,5AB,R,AP,preRiCTO,13.91860009895847,9.326414771203671,14.601891576621625,17.97516053400704,12.378453895790996,AB
15kg_16bpm,5AB,R,ML,preRiCTO,19.193579504438343,25.17004169910281,22.109277872337433,3.627479472589259,18.418216892669943,AB
15kg_16bpm,5AB,R,Resultant,preRiCTO,17.91135122745067,24.942369192826714,7.891228327228759,3.1839877342241714,24.05058027303922,AB
15kg_16bpm,5AB,R,Vertical,preRiCTO,19.08982192505258,27.006527506187165,7.368226320243661,6.898946427450426,24.826771137308672,AB
15kg_16bpm,6AB,L,AP,preRiCTO,14.96583053756336,12.149474343233146,17.73783991607992,11.78252468783835,17.09123702421292,AB
15kg_16bpm,6AB,L,ML,preRiCTO,20.17802677956582,21.864761242823537,18.29462423605657,26.147575721883708,11.947014157888812,AB
15kg_16bpm,6AB,L,Resultant,preRiCTO,19.82915952739274,22.53426507863243,9.564368124664584,2.8204274991634577,30.717150080293123,AB
15kg_16bpm,6AB,L,Vertical,preRiCTO,22.27922246579018,28.878247594414894,9.700922105540462,2.1949869221344946,32.11204128722068,AB
15kg_16bpm,6AB,R,AP,preRiCTO,14.532265232139567,5.030277758238351,14.770904319891903,17.211288309596743,17.361613448363435,AB
15kg_16bpm,6AB,R,ML,preRiCTO,18.403312069534124,24.624259356150457,22.255233680628898,4.321042097435498,15.440763871524286,AB
15kg_16bpm,6AB,R,Resultant,preRiCTO,23.25925285542693,24.328098813174634,6.648956203240072,1.9248634036708945,38.5536711028558,AB
15kg_16bpm,6AB,R,Vertical,preRiCTO,23.686926405329917,26.632962870183167,9.811455880939842,5.430659608055569,37.10242201171192,AB
15kg_16bpm,7AB,L,AP,preRiCTO,14.42480947204795,11.98669927055231,15.327603034854198,11.755949461759688,17.645134337162006,AB
15kg_16bpm,7AB,L,ML,preRiCTO,18.893634188233957,22.4333439436945,19.936778121048928,22.251587766664937,6.6717852664397554,AB
15kg_16bpm,7AB,L,Resultant,preRiCTO,16.98376519517576,20.85658038443406,9.094606018003637,3.308205749920368,24.742481818274985,AB
15kg_16bpm,7AB,L,Vertical,preRiCTO,19.118825561010624,25.922322308360428,8.985562993052326,3.3125341961044197,26.184609469659282,AB
15kg_16bpm,7AB,R,AP,preRiCTO,12.325940933613614,6.106773855939168,13.181247500653972,16.124917717878667,11.715435593129973,AB
15kg_16bpm,7AB,R,ML,preRiCTO,17.788957233023893,22.811078095865266,22.039404903090226,6.214469454869193,14.99184376802365,AB
15kg_16bpm,7AB,R,Resultant,preRiCTO,19.607937309828234,24.633607889477,5.5245509624820235,2.273738833192577,29.592723916259747,AB
15kg_16bpm,7AB,R,Vertical,preRiCTO,21.130279266170856,27.07954174961019,8.472931584053383,5.054780758519923,30.58989583095304,AB
15kg_16bpm,8AB,L,AP,preRiCTO,12.119607568413596,10.855347033300108,13.356924747645213,7.377838943274995,15.277448203446385,AB
15kg_16bpm,8AB,L,ML,preRiCTO,18.573893669253938,17.17498874552608,18.618688994944595,23.422399269417063,13.988768824457152,AB
15kg_16bpm,8AB,L,Resultant,preRiCTO,19.866032871673283,22.831155147747197,7.485990077463364,3.9847320522758602,31.027959419491758,AB
15kg_16bpm,8AB,L,Vertical,preRiCTO,22.465436166940478,29.13788985979259,8.22766297532596,4.030634609660641,32.610965043288914,AB
15kg_16bpm,8AB,R,AP,preRiCTO,9.073261699921071,4.493033713423163,8.584895182402164,11.837474252363034,9.735724297355437,AB
15kg_16bpm,8AB,R,ML,preRiCTO,17.866270172033907,20.342410976454538,18.090572342332205,11.290262149749385,20.120551883408286,AB
15kg_16bpm,8AB,R,Resultant,preRiCTO,21.117422010951145,21.302261501991495,3.9346884826506803,2.7235530664213417,35.69278652329774,AB
15kg_16bpm,8AB,R,Vertical,preRiCTO,22.528691285913553,24.462013683058508,8.452540105337055,7.1859315758535995,35.747461464348795,AB
15kg_16bpm,9AB,L,AP,preRiCTO,13.21996061626718,10.536843639437345,14.927615596442621,11.307709422917304,15.327735527599783,AB
15kg_16bpm,9AB,L,ML,preRiCTO,24.418695161385592,24.801039382036844,25.370004941497132,30.579917248405614,14.380861894901033,AB
15kg_16bpm,9AB,L,Resultant,preRiCTO,15.139195397471585,21.179176120180244,9.298571845980485,2.6428338720679294,19.213958473814053,AB
15kg_16bpm,9AB,L,Vertical,preRiCTO,17.659927204435157,28.36148057812636,8.463917974481138,3.182904418806565,18.959082155267552,AB
15kg_16bpm,9AB,R,AP,preRiCTO,12.842808967088791,5.417382716723843,13.753638665154257,16.257721167244096,13.284040770652407,AB
15kg_16bpm,9AB,R,ML,preRiCTO,17.485702294062246,25.392000571651767,21.63166568034676,6.393790114408653,8.861429228511394,AB
15kg_16bpm,9AB,R,Resultant,preRiCTO,18.16808804776869,23.803780832281095,6.867135286928333,2.2691338006400814,26.212782646084538,AB
15kg_16bpm,9AB,R,Vertical,preRiCTO,19.875603218016217,27.580799762003107,7.791430280758479,5.853978425165204,26.67979703311493,AB
15kg_16bpm,10BC,L,AP,preRiCTO,8.604088661851165,14.938149468541509,4.252025110005007,2.7240062909955682,6.963803607973338,BC
15kg_16bpm,10BC,L,ML,preRiCTO,14.713567992772518,10.569497431823885,5.980978360625725,20.047714496344483,17.683615324870953,BC
15kg_16bpm,10BC,L,Resultant,preRiCTO,16.103406828233368,26.2980803389968,5.056453126071339,3.8800447595317706,17.415735018747007,BC
15kg_16bpm,10BC,L,Vertical,preRiCTO,17.43289347195736,28.68472697774585,4.702078862426277,5.328214174929071,18.46166393087482,BC
15kg_16bpm,10BC,R,AP,preRiCTO,10.843769035565021,12.971363160402726,6.824271629815205,6.756537109943288,14.363919188368756,BC
15kg_16bpm,10BC,R,ML,preRiCTO,15.970012476897768,29.296165049860033,6.010521723687099,10.026069226692051,5.838625021849346,BC
15kg_16bpm,10BC,R,Resultant,preRiCTO,17.43726550292123,26.945073876553653,3.6076245079216367,3.4384969345862593,21.427875896068173,BC
15kg_16bpm,10BC,R,Vertical,preRiCTO,19.28513231322074,31.36808521254663,3.765121649911284,3.7865074824446823,21.707660306737896,BC
15kg_16bpm,1BC,L,AP,preRiCTO,9.704787264951447,15.895169767389344,2.9826122790223555,4.711636858614504,9.644995685169501,BC
15kg_16bpm,1BC,L,ML,preRiCTO,10.259159853122306,9.764909284965105,2.85658353768221,13.336913387446115,11.759802639620919,BC
15kg_16bpm,1BC,L,Resultant,preRiCTO,21.711165229699365,27.77512311027222,2.8087069731899894,2.5995251136997477,32.79085738084421,BC
15kg_16bpm,1BC,L,Vertical,preRiCTO,22.533720547256824,29.402489503552363,2.4448907056118636,3.4266524759624066,33.52896512597523,BC
15kg_16bpm,1BC,R,AP,preRiCTO,7.911653139931571,10.80209482914312,4.897825683001268,6.367164395618068,8.301185056904071,BC
15kg_16bpm,1BC,R,ML,preRiCTO,19.370953507972967,31.47902371011158,8.31020460598772,11.650097902581956,17.54750413300201,BC
15kg_16bpm,1BC,R,Resultant,preRiCTO,23.020115376874035,28.573288134516986,4.673047151852485,0.7038225058709732,35.38435043201706,BC
15kg_16bpm,1BC,R,Vertical,preRiCTO,23.464170919205873,31.822044556781524,3.3763828527941575,1.3511353510949757,33.945996601792224,BC
15kg_16bpm,2BC,L,AP,preRiCTO,12.050012940746194,20.474119168453207,5.092385423657195,6.910443542520745,9.494086468288014,BC
15kg_16bpm,2BC,L,ML,preRiCTO,12.052298228340067,11.408741154696017,3.081467595164923,15.235692397225483,14.380166160141506,BC
15kg_16bpm,2BC,L,Resultant,preRiCTO,17.25612235451117,26.90195963836313,3.1220517015593146,2.832066449986528,21.065893543454564,BC
15kg_16bpm,2BC,L,Vertical,preRiCTO,18.040880139791398,27.895345829432408,2.927604128877353,3.663622322536667,22.24792656114209,BC
15kg_16bpm,2BC,R,AP,preRiCTO,9.781502568150183,11.961815237345364,2.8529000251762473,5.452482677661715,14.059784848525636,BC
15kg_16bpm,2BC,R,ML,preRiCTO,21.334803909338675,34.19859008534481,10.380268408259685,16.29396507219084,16.873840469763657,BC
15kg_16bpm,2BC,R,Resultant,preRiCTO,21.60789246337094,28.59527867413827,6.973163128199896,1.312550089901796,31.29024106435614,BC
15kg_16bpm,2BC,R,Vertical,preRiCTO,23.278653571787025,34.04789229874379,4.454033346306567,1.870678687726162,31.111799875549952,BC
15kg_16bpm,3BC,L,AP,preRiCTO,13.16320027612474,23.365727227129128,5.1596342366388095,7.00018990353119,8.684007554997157,BC
15kg_16bpm,3BC,L,ML,preRiCTO,14.295184990081808,13.505204702345857,9.507628605637931,17.144562523292883,15.77674067833108,BC
15kg_16bpm,3BC,L,Resultant,preRiCTO,17.96999524760753,28.722585686804962,2.835140624285754,3.817034804735573,20.962536187946824,BC
15kg_16bpm,3BC,L,Vertical,preRiCTO,19.657562737591494,31.84446938128476,1.1901336117496315,4.379578301006168,22.49932750611742,BC
15kg_16bpm,3BC,R,AP,preRiCTO,9.41160749348817,12.212389773974664,2.250593734458812,6.846431153499796,12.277845157566691,BC
15kg_16bpm,3BC,R,ML,preRiCTO,23.38145876638652,38.30031425252027,16.16959262349665,15.05164435726942,15.619156305065076,BC
15kg_16bpm,3BC,R,Resultant,preRiCTO,20.526213142272255,27.850065728528026,8.11379779221748,1.5618148697144079,28.727090864234338,BC
15kg_16bpm,3BC,R,Vertical,preRiCTO,21.471787923863797,31.841912490455584,3.0724391451213275,2.1401442152027643,28.3295293588764,BC
15kg_16bpm,4BC,L,AP,preRiCTO,9.082887629005823,14.321162874296402,8.344788708053127,1.3618432454318472,7.3843339208323195,BC
15kg_16bpm,4BC,L,ML,preRiCTO,13.819440091559066,10.739146496325487,1.5393924766547942,13.24029075949416,21.450804151410576,BC
15kg_16bpm,4BC,L,Resultant,preRiCTO,17.333116118070016,21.96030435693852,2.5617463539102947,2.6967846220874354,26.269223270694496,BC
15kg_16bpm,4BC,L,Vertical,preRiCTO,18.574285182324743,23.02231101841364,2.444417407070169,4.251032099079222,28.415583277875076,BC
15kg_16bpm,4BC,R,AP,preRiCTO,9.93733680603411,14.317673263731756,2.1891349578822985,4.183022550804783,12.847737023378276,BC
15kg_16bpm,4BC,R,ML,preRiCTO,18.7641540499062,29.256141428676194,11.957231804887758,6.630087492706087,19.105033167671177,BC
15kg_16bpm,4BC,R,Resultant,preRiCTO,20.447205814973373,28.424020126622313,5.8427679435207605,1.8521395664337743,28.480478354802443,BC
15kg_16bpm,4BC,R,Vertical,preRiCTO,22.34955537335512,35.16665808866211,3.2878322217284723,2.048609157548226,27.14438115179787,BC
15kg_16bpm,5BC,L,AP,preRiCTO,11.910902201765373,18.328918914079328,5.436254362399406,3.5022166520399165,13.706592222254368,BC
15kg_16bpm,5BC,L,ML,preRiCTO,10.516533561322499,8.953553004856564,2.4996924533517992,11.21447674108152,15.020330752887018,BC
15kg_16bpm,5BC,L,Resultant,preRiCTO,20.690740933932084,23.98127984315431,3.1036211244466156,1.1742624753620097,33.15810280127823,BC
15kg_16bpm,5BC,L,Vertical,preRiCTO,21.712581194558595,25.915626249817052,4.012958177861857,3.0586632998281695,34.074624516346745,BC
15kg_16bpm,5BC,R,AP,preRiCTO,10.207883519452993,15.08871871201703,5.546548629769562,3.9934883017955025,11.8723173623884,BC
15kg_16bpm,5BC,R,ML,preRiCTO,21.398332788155052,33.18483209924607,7.710855495844755,11.374462517085293,23.200658122493603,BC
15kg_16bpm,5BC,R,Resultant,preRiCTO,25.535435507520454,31.855097236311114,6.043931031829088,1.6316040201348585,38.98197007994691,BC
15kg_16bpm,5BC,R,Vertical,preRiCTO,27.209156165677467,39.34894249723609,5.324474359375329,1.8093478750884255,36.83386821484488,BC
15kg_16bpm,6BC,L,AP,preRiCTO,10.227343757594985,17.242831259515093,4.411446381426437,5.563068065370611,8.48382898617057,BC
15kg_16bpm,6BC,L,ML,preRiCTO,11.001463493509394,8.334619981391395,1.4914717750950157,14.945511417337569,13.654789035217892,BC
15kg_16bpm,6BC,L,Resultant,preRiCTO,18.760835345067793,27.126530436707352,2.7296444018117967,3.3593424395509124,25.33183113451429,BC
15kg_16bpm,6BC,L,Vertical,preRiCTO,20.356883991540517,29.729024712122854,3.3326641887528985,6.957544724283479,26.509396427249353,BC
15kg_16bpm,6BC,R,AP,preRiCTO,14.859853291212868,26.786260656446167,3.825558525725414,5.159494147519342,11.322821198622828,BC
15kg_16bpm,6BC,R,ML,preRiCTO,18.689033526582364,31.74974345433207,8.124009961644184,11.131529553825239,14.315618088858901,BC
15kg_16bpm,6BC,R,Resultant,preRiCTO,22.25321382475721,34.41594953871415,5.626661314450214,2.56886083806833,27.349489816266466,BC
15kg_16bpm,6BC,R,Vertical,preRiCTO,23.052007304704034,36.96957025622246,4.080772242829831,3.669638966027655,26.853732865551027,BC
15kg_16bpm,7BC,L,AP,preRiCTO,8.595084224197112,14.588863168703835,6.704341893465171,2.7109300063295336,5.660646871005782,BC
15kg_16bpm,7BC,L,ML,preRiCTO,14.118521812611668,8.16607238524841,5.547520106106576,16.21596651815491,20.68273739910149,BC
15kg_16bpm,7BC,L,Resultant,preRiCTO,14.511866056545477,22.791286781381526,3.673258880901712,1.630193246326905,17.409316748967687,BC
15kg_16bpm,7BC,L,Vertical,preRiCTO,16.199383272307955,24.097639940620155,5.859310192606216,5.794148754526912,19.89339250369018,BC
15kg_16bpm,7BC,R,AP,preRiCTO,10.72328966277106,11.486305473588434,8.302184076765144,5.117706204265101,15.11185639159457,BC
15kg_16bpm,7BC,R,ML,preRiCTO,18.030611951250872,27.444011878245206,18.971460968094277,4.001035107029651,13.312717563225972,BC
15kg_16bpm,7BC,R,Resultant,preRiCTO,19.921282109410402,31.879910899738412,5.799004342634044,1.8695480446333066,22.993557679142768,BC
15kg_16bpm,7BC,R,Vertical,preRiCTO,22.018810584882587,37.56921589848283,5.6012213724968705,2.034274951369709,22.182530817462183,BC
15kg_16bpm,8BC,L,AP,preRiCTO,8.59604618020134,12.576284439227509,6.451221143702611,5.04445547288892,8.395053750150451,BC
15kg_16bpm,8BC,L,ML,preRiCTO,14.29842434636827,8.5631966314482,7.949150924611507,20.44165150033761,16.159633340115988,BC
15kg_16bpm,8BC,L,Resultant,preRiCTO,20.112366578716188,28.885654519196233,2.2785110275809806,3.407032892078175,27.439249795783716,BC
15kg_16bpm,8BC,L,Vertical,preRiCTO,21.066375983810623,30.280133285235404,3.4303102686614806,5.099296327404559,28.390548144502993,BC
15kg_16bpm,8BC,R,AP,preRiCTO,10.478177926617127,14.164234615586306,7.170779347180263,4.556401310742341,12.813534294388331,BC
15kg_16bpm,8BC,R,ML,preRiCTO,18.732673628122797,28.398933946249272,6.654002825326293,4.393563084397634,22.946638936511242,BC
15kg_16bpm,8BC,R,Resultant,preRiCTO,23.03117360645684,32.34190536625491,1.7974998650563128,3.821882021937989,32.21204681476338,BC
15kg_16bpm,8BC,R,Vertical,preRiCTO,24.665170771317264,37.805053298238995,2.1719310450749965,3.64479072649536,31.172497492132777,BC
15kg_16bpm,9BC,L,AP,preRiCTO,8.855667853567516,15.06221047926634,3.857259591202108,2.4404078936028606,8.152636424291037,BC
15kg_16bpm,9BC,L,ML,preRiCTO,9.44760211413467,10.913265138357493,5.824484645481405,10.715436435704804,9.44388665115814,BC
15kg_16bpm,9BC,L,Resultant,preRiCTO,16.137837119872113,27.731106694441078,2.22117681617794,1.691928982242207,16.27072082696629,BC
15kg_16bpm,9BC,L,Vertical,preRiCTO,16.780018512332504,28.968062122464453,2.813860778440189,4.006354246447662,16.243979239315987,BC
15kg_16bpm,9BC,R,AP,preRiCTO,8.734955720732547,14.587588557765415,5.682279031496852,3.922685750308585,6.777812034374766,BC
15kg_16bpm,9BC,R,ML,preRiCTO,17.519019588367296,30.115607038365535,4.013031227009055,8.201502183917093,15.49261568063257,BC
15kg_16bpm,9BC,R,Resultant,preRiCTO,20.131852364592923,28.58964571593333,3.4748055366977875,1.2346309684267267,27.845921335013745,BC
15kg_16bpm,9BC,R,Vertical,preRiCTO,21.728505720536265,33.921357410355625,4.153860221485645,1.9403204663881253,26.597409413512263,BC
15kg_16bpm,10CA,L,AP,preRiCTO,8.734938151414728,13.05698794712682,10.15894102463954,4.331379341246959,3.8975682538583127,CA
15kg_16bpm,10CA,L,ML,preRiCTO,12.675419191019053,20.332052391568027,9.336724088088046,10.423038840157892,6.192826722301368,CA
15kg_16bpm,10CA,L,Resultant,preRiCTO,16.206041810932593,24.704953725486277,4.005088657785764,3.3012614893611505,20.186028946202637,CA
15kg_16bpm,10CA,L,Vertical,preRiCTO,16.49711601569999,25.576813371567958,2.0276278642346117,3.0960019991196788,20.372390239584817,CA
15kg_16bpm,10CA,R,AP,preRiCTO,10.737742237037075,17.27533495055146,11.130752450448812,4.314856598406672,4.8891129542342,CA
15kg_16bpm,10CA,R,ML,preRiCTO,11.536106456853508,11.429476782129905,17.927656759625865,7.109142917189338,5.807534016056085,CA
15kg_16bpm,10CA,R,Resultant,preRiCTO,18.16498617739893,28.24102478749986,6.010423057453863,2.5255145621517734,21.772571621899754,CA
15kg_16bpm,10CA,R,Vertical,preRiCTO,19.742201872296675,31.827261436658826,5.86819516605157,2.7187772902119396,22.356514397345062,CA
15kg_16bpm,1CA,L,AP,preRiCTO,12.131843060762558,16.179783675410178,12.675171232861041,5.751727343835321,11.564451325684399,CA
15kg_16bpm,1CA,L,ML,preRiCTO,15.401158870352937,24.874583075529305,11.603995319435437,11.399153833114992,8.488244547352695,CA
15kg_16bpm,1CA,L,Resultant,preRiCTO,25.591180848745505,24.25609495055302,9.023639631434751,2.8782118902415297,43.49803457417481,CA
15kg_16bpm,1CA,L,Vertical,preRiCTO,25.30956405603093,25.489501799503802,2.82027711565373,2.536430791645201,43.00958017135421,CA
15kg_16bpm,1CA,R,AP,preRiCTO,15.139219137188737,23.81841997510686,14.98954676346063,3.3268274876523933,10.869870105793577,CA
15kg_16bpm,1CA,R,ML,preRiCTO,15.954133683429623,16.20574672249766,22.947530545232144,9.293417172334523,12.118640835243482,CA
15kg_16bpm,1CA,R,Resultant,preRiCTO,28.865684761583434,32.56050401295835,6.418151596965905,2.158284519683835,46.61836520872295,CA
15kg_16bpm,1CA,R,Vertical,preRiCTO,29.51408683852875,36.36209892638624,5.810936621918197,3.439327563578972,45.48214298448421,CA
15kg_16bpm,2CA,L,AP,preRiCTO,11.742794449253484,16.902633806669822,12.125883385088699,7.9178527418246585,7.699909168820057,CA
15kg_16bpm,2CA,L,ML,preRiCTO,17.6222929560156,26.727328080536203,14.34381183059088,13.293602504905504,12.317427177237294,CA
15kg_16bpm,2CA,L,Resultant,preRiCTO,21.899696923181324,24.996354070043495,9.383092732297465,2.5660313317844783,34.2238966713811,CA
15kg_16bpm,2CA,L,Vertical,preRiCTO,22.12433149302033,27.237301391708975,2.916435545950615,1.6783428027516765,34.31094521281554,CA
15kg_16bpm,2CA,R,AP,preRiCTO,15.13425318457964,23.376198273954312,18.251202256602358,4.462637506115062,4.988076121768354,CA
15kg_16bpm,2CA,R,ML,preRiCTO,15.237355081832774,13.50870747475761,23.260930437965197,9.743632574488187,10.719348113160365,CA
15kg_16bpm,2CA,R,Resultant,preRiCTO,25.43512983755253,33.84628189669011,8.283396164538036,2.9086397759716784,36.5720510800714,CA
15kg_16bpm,2CA,R,Vertical,preRiCTO,27.318126514435477,38.63475332726359,8.419942489639284,3.0491001879780324,37.23799158971991,CA
15kg_16bpm,3CA,L,AP,preRiCTO,10.919949875947022,17.635251777524854,8.631373556420805,5.619487284726157,7.885580884055249,CA
15kg_16bpm,3CA,L,ML,preRiCTO,18.007826421685888,24.194286678282538,16.612522222185124,15.991463076133172,13.623799469437069,CA
15kg_16bpm,3CA,L,Resultant,preRiCTO,21.07405010382213,28.042126331850483,7.7135155605675925,4.083913864904775,29.930840967364574,CA
15kg_16bpm,3CA,L,Vertical,preRiCTO,21.874491616824184,30.73108950467314,3.329418481122547,3.5723916018128574,30.45908980776907,CA
15kg_16bpm,3CA,R,AP,preRiCTO,13.925699453094975,22.56107194934543,14.962469920840011,2.5712631721763963,6.50211188368397,CA
15kg_16bpm,3CA,R,ML,preRiCTO,16.049723740194104,17.00892737901639,20.77081621000884,12.801771330377923,12.249902198265682,CA
15kg_16bpm,3CA,R,Resultant,preRiCTO,21.243532988981954,24.35151883133004,7.381569259932098,3.327085111604977,33.46422822752387,CA
15kg_16bpm,3CA,R,Vertical,preRiCTO,22.466780001847695,26.95412177065831,6.70550805926855,2.4087645914470066,34.83373140216841,CA
15kg_16bpm,4CA,L,AP,preRiCTO,14.853208974389895,22.785345053640725,14.211063128613883,6.060488561287106,11.327306776472449,CA
15kg_16bpm,4CA,L,ML,preRiCTO,19.55137035418536,24.200312489783066,16.935344725821828,18.704775337595493,17.595479319974643,CA
15kg_16bpm,4CA,L,Resultant,preRiCTO,24.478861179764206,27.106078855773823,10.248337288893525,2.805117471209866,38.893228502348805,CA
15kg_16bpm,4CA,L,Vertical,preRiCTO,25.300085378756865,31.434038900348444,1.7947366988762086,2.8304370209747387,39.059247382856945,CA
15kg_16bpm,4CA,R,AP,preRiCTO,17.98555851039235,26.004113544508854,22.68727557986479,6.511112850340243,8.408985995871477,CA
15kg_16bpm,4CA,R,ML,preRiCTO,18.108415463705125,17.242515393742888,23.456961803119867,13.58761343075347,16.77391513082569,CA
15kg_16bpm,4CA,R,Resultant,preRiCTO,26.597847212483725,24.523415772015618,6.864995554503245,4.518772528890059,45.8795908848296,CA
15kg_16bpm,4CA,R,Vertical,preRiCTO,28.07628945724535,28.163619068309778,7.740955037947866,2.6647868040505567,47.27609502555737,CA
15kg_16bpm,5CA,L,AP,preRiCTO,15.201398786220635,23.64773600895128,17.139057968526785,5.323006236560984,7.089827452678896,CA
15kg_16bpm,5CA,L,ML,preRiCTO,21.54989678084579,29.738337038092716,17.667271186586937,18.24624823437676,18.259386192947648,CA
15kg_16bpm,5CA,L,Resultant,preRiCTO,16.23647947315122,25.092862510915545,12.26236949902407,2.872690290905329,16.313284732841733,CA
15kg_16bpm,5CA,L,Vertical,preRiCTO,16.354361999379393,27.53727980425064,2.81938315133207,3.247716848060965,17.090282517426285,CA
15kg_16bpm,5CA,R,AP,preRiCTO,18.829193851701948,30.724836127482387,20.811348771527022,6.142657756437761,4.099210641716657,CA
15kg_16bpm,5CA,R,ML,preRiCTO,18.758018869327223,18.599842617463693,25.79403638841715,12.383475282157182,15.7165609561227,CA
15kg_16bpm,5CA,R,Resultant,preRiCTO,15.765092186783676,24.180328902305764,7.758295656655923,4.765337068271573,17.987874046024025,CA
15kg_16bpm,5CA,R,Vertical,preRiCTO,17.563058034067343,26.808347556184973,8.004375036353292,4.25533939291217,20.692739310233076,CA
15kg_16bpm,6CA,L,AP,preRiCTO,13.724684761927154,21.745709394930202,14.493557216893324,3.3284017114761757,8.025514019519182,CA
15kg_16bpm,6CA,L,ML,preRiCTO,18.61588526781716,24.66857569596423,18.120885604640165,16.954910034825957,12.997510424977488,CA
15kg_16bpm,6CA,L,Resultant,preRiCTO,17.59792659256005,22.92744982484363,8.170041223785761,1.1023048629037886,25.14387364523322,CA
15kg_16bpm,6CA,L,Vertical,preRiCTO,18.003321207154727,24.945036541695863,2.542678895164496,1.438126942655726,25.54511107444231,CA
15kg_16bpm,6CA,R,AP,preRiCTO,15.78339112945141,27.114704329017457,13.567688477196027,5.703372425214207,7.246255075091564,CA
15kg_16bpm,6CA,R,ML,preRiCTO,18.777457577436937,22.628133180100466,24.80949946364668,11.757858456669124,12.352376697209687,CA
15kg_16bpm,6CA,R,Resultant,preRiCTO,19.46490676340105,23.94880194337926,9.108487396630874,4.377523343974034,28.672777850305224,CA
15kg_16bpm,6CA,R,Vertical,preRiCTO,21.237891288425864,28.561134922000974,7.3670150818411315,3.425414865737772,30.071856577203683,CA
15kg_16bpm,7CA,L,AP,preRiCTO,13.042198785599226,21.6299219709683,10.370620648369972,4.148975751078124,9.536491540255424,CA
15kg_16bpm,7CA,L,ML,preRiCTO,13.772290660993109,22.141399802971897,10.577337394713743,10.361766777072836,7.390426334795675,CA
15kg_16bpm,7CA,L,Resultant,preRiCTO,24.242198920507594,23.13400697605258,5.858717664374807,1.4118291400495218,41.63421403432583,CA
15kg_16bpm,7CA,L,Vertical,preRiCTO,24.520765350702973,25.838402923005585,1.6879275951691366,1.822322201413222,41.08304707784483,CA
15kg_16bpm,7CA,R,AP,preRiCTO,15.400057476478786,26.766635392445554,10.978223862166674,5.083771148234063,9.573333026160828,CA
15kg_16bpm,7CA,R,ML,preRiCTO,15.748733457460666,21.28937337544384,20.02344348063841,7.024864689809432,9.731337900429066,CA
15kg_16bpm,7CA,R,Resultant,preRiCTO,24.44698176552348,23.51264073042263,6.779003171419805,2.595929959868831,41.70625132999236,CA
15kg_16bpm,7CA,R,Vertical,preRiCTO,24.964056419169438,27.080492218115772,6.235499207953175,2.9568422279054913,40.86524749576038,CA
15kg_16bpm,8CA,L,AP,preRiCTO,10.1204571464826,13.888922098173374,8.560843538444956,5.4003599599585925,10.671559556080279,CA
15kg_16bpm,8CA,L,ML,preRiCTO,13.903779381018705,20.783602985412028,12.767543394690048,11.131927368411446,7.727622981445312,CA
15kg_16bpm,8CA,L,Resultant,preRiCTO,22.57037054885673,26.721500311544336,4.719831274066509,2.8419049918920334,35.540761563050104,CA
15kg_16bpm,8CA,L,Vertical,preRiCTO,22.721406146519886,28.140232927313942,2.8081149165775536,2.535787612861429,35.07562219945039,CA
15kg_16bpm,8CA,R,AP,preRiCTO,13.084550103628288,19.46516399437266,13.313069902298606,4.931270650842491,10.341391530140083,CA
15kg_16bpm,8CA,R,ML,preRiCTO,12.528141794878124,11.582705798511471,18.83115021617713,9.142553363446885,7.704765428530004,CA
15kg_16bpm,8CA,R,Resultant,preRiCTO,23.36302220149066,27.736106662385183,6.847546927976071,3.4713505108786515,36.386357224047806,CA
15kg_16bpm,8CA,R,Vertical,preRiCTO,24.122220347833192,30.486992325356148,6.878709767980049,3.2215026993746765,36.2105208077806,CA
15kg_16bpm,9CA,L,AP,preRiCTO,12.46605473619613,19.374270063695878,12.471372996431008,4.64496788925451,8.512037401948051,CA
15kg_16bpm,9CA,L,ML,preRiCTO,14.709688951911172,22.20793392086021,9.977856499356088,13.143193786853656,10.221644735210221,CA
15kg_16bpm,9CA,L,Resultant,preRiCTO,18.8602160348238,26.485097068885313,6.668198841246709,1.9148524746087896,25.710432687580496,CA
15kg_16bpm,9CA,L,Vertical,preRiCTO,19.322741659562976,28.697253793523284,2.3144860104210045,1.7973844900364881,25.500533610389446,CA
15kg_16bpm,9CA,R,AP,preRiCTO,13.363241341241753,21.911936189042507,11.27312835052849,3.377240314799577,9.943387967291203,CA
15kg_16bpm,9CA,R,ML,preRiCTO,17.212976488999654,21.810927543999238,22.88152132174673,9.338810083814883,10.307938908319656,CA
15kg_16bpm,9CA,R,Resultant,preRiCTO,19.659393667560625,28.859678817579685,6.741988621991952,2.180193012257737,25.539147820926736,CA
15kg_16bpm,9CA,R,Vertical,preRiCTO,20.721439328603612,31.800852819049233,5.247916740653597,2.150802421174141,25.78062950757965,CA
7kg_10bpm,10AB,L,AP,preRiCTO,8.267227351410249,2.1394704843418584,11.309465990022922,9.441767722797954,7.238634432063316,AB
7kg_10bpm,10AB,L,ML,preRiCTO,12.753989438241314,19.76694128359619,9.88075731920606,11.983623867990078,4.921985831555061,AB
7kg_10bpm,10AB,L,Resultant,preRiCTO,11.960953935619766,9.704042758607386,3.970533043690822,2.372255107211503,21.086339912836305,AB
7kg_10bpm,10AB,L,Vertical,preRiCTO,12.146410707474958,9.464711372977627,3.3452153879621163,1.0387140338729528,21.798739153107714,AB
7kg_10bpm,10AB,R,AP,preRiCTO,11.134110366052365,4.3092560061839125,7.550656147808078,14.065548025077693,14.787294906713687,AB
7kg_10bpm,10AB,R,ML,preRiCTO,14.351611423762144,20.674499488201114,17.76870168832115,5.630254249764528,7.419588170189224,AB
7kg_10bpm,10AB,R,Resultant,preRiCTO,10.629603133990818,11.831219017881805,6.595752204100287,2.55467474913991,16.00676948125748,AB
7kg_10bpm,10AB,R,Vertical,preRiCTO,11.952090018722343,14.422574876042136,2.966996644876519,2.6848792967753528,18.426089611638865,AB
7kg_10bpm,11AB,L,AP,preRiCTO,7.097994075935914,2.5989691899590706,9.167290477471095,7.449470116298133,7.419625731921195,AB
7kg_10bpm,11AB,L,ML,preRiCTO,10.174668314818947,14.357409419229556,5.645793970046378,11.413827879250823,6.9303398350345145,AB
7kg_10bpm,11AB,L,Resultant,preRiCTO,10.466665635945876,7.208200586530604,1.870665621735946,1.8497821491637645,19.208050249349053,AB
7kg_10bpm,11AB,L,Vertical,preRiCTO,11.5407440577562,8.28875534830321,2.0546139454469916,1.2274844980353488,21.1144095593379,AB
7kg_10bpm,11AB,R,AP,preRiCTO,10.380534154289101,3.1567199661877194,5.158532829697126,14.241369667916555,13.726035934294995,AB
7kg_10bpm,11AB,R,ML,preRiCTO,11.233754720725113,15.899888475315775,13.288733484883586,4.045766737119691,7.8490415054067615,AB
7kg_10bpm,11AB,R,Resultant,preRiCTO,8.263558277554138,6.351313685529204,4.172668901502149,1.7405009950045058,14.381389631262437,AB
7kg_10bpm,11AB,R,Vertical,preRiCTO,8.976140247455449,5.975244180774744,2.0575091629834246,1.5067984600752031,16.504658146166985,AB
7kg_10bpm,12AB,L,AP,preRiCTO,8.431180546057572,3.4390705882481454,8.571021500757519,11.36775503734249,8.358962437365603,AB
7kg_10bpm,12AB,L,ML,preRiCTO,12.287762452437455,16.969206913864962,9.960443858729072,12.52398072790887,7.96515670400556,AB
7kg_10bpm,12AB,L,Resultant,preRiCTO,8.99137451636987,8.769828481299532,3.5677657595795074,2.971220500716463,14.811185353271696,AB
7kg_10bpm,12AB,L,Vertical,preRiCTO,9.652878317313803,9.617034781362584,2.992134872136318,1.137884830728413,16.222738987322604,AB
7kg_10bpm,12AB,R,AP,preRiCTO,10.310314590211453,3.7305754689296506,7.498354231915343,16.247378660420672,9.574737816390254,AB
7kg_10bpm,12AB,R,ML,preRiCTO,12.449268239811424,17.73229006813968,12.7457652939322,8.781174462959925,8.32852033895195,AB
7kg_10bpm,12AB,R,Resultant,preRiCTO,10.655667600054397,10.239726309270077,4.650606843813285,3.9292977212675533,17.45310250700075,AB
7kg_10bpm,12AB,R,Vertical,preRiCTO,10.803099890363413,11.515077006980958,1.90558093667207,1.5334265957334805,17.891674937365163,AB
7kg_10bpm,13AB,L,AP,preRiCTO,8.118482321745558,1.6227769715801874,9.705130600225452,10.23067143077641,7.892657740126652,AB
7kg_10bpm,13AB,L,ML,preRiCTO,11.369881295362362,15.342067910094627,6.03835200369104,12.39792174019919,9.643579198836942,AB
7kg_10bpm,13AB,L,Resultant,preRiCTO,8.950513702489303,7.841050585666637,3.534953364177161,2.790245495320803,15.25071910275824,AB
7kg_10bpm,13AB,L,Vertical,preRiCTO,10.280189032315526,9.599213168798546,3.9300810102341903,0.833419550302439,17.50470868707964,AB
7kg_10bpm,13AB,R,AP,preRiCTO,9.459217973670205,3.4064663851884194,5.922778712482387,15.63431493022578,8.2258484851473,AB
7kg_10bpm,13AB,R,ML,preRiCTO,11.025454526301,16.38226378105323,13.054279283628627,4.538547565139056,5.522143164862971,AB
7kg_10bpm,13AB,R,Resultant,preRiCTO,9.643802611222421,8.900524766393607,4.257736949963396,2.547233652302081,16.169051873794643,AB
7kg_10bpm,13AB,R,Vertical,preRiCTO,9.94403987337148,9.974832977162599,2.7442845150304134,2.519607145397321,16.586436261876756,AB
7kg_10bpm,1AB,L,AP,preRiCTO,6.2034020162958905,3.8801912221401933,5.019581948597769,7.065655166127443,7.923462261663219,AB
7kg_10bpm,1AB,L,ML,preRiCTO,8.000358056561405,13.900249432766044,1.80138293609302,4.302570391759517,6.475480271947008,AB
7kg_10bpm,1AB,L,Resultant,preRiCTO,7.628161978564211,9.113612302103952,2.146463432420052,1.2077754004715577,11.846738394609925,AB
7kg_10bpm,1AB,L,Vertical,preRiCTO,8.478403103515236,10.797199293462091,2.3066281543775045,1.0950244719310624,12.683631368920924,AB
7kg_10bpm,1AB,R,AP,preRiCTO,6.391227982674009,3.370092801972509,3.2583971446751456,7.671630758136222,8.997675788331605,AB
7kg_10bpm,1AB,R,ML,preRiCTO,8.866750504600727,14.355740754076853,7.371811647446186,5.753977174419473,4.8121116962582295,AB
7kg_10bpm,1AB,R,Resultant,preRiCTO,9.824018829696369,8.866581499986822,1.0450174899195244,1.3062686396721783,17.222837334772283,AB
7kg_10bpm,1AB,R,Vertical,preRiCTO,10.113264726130966,9.943091665769991,1.7071243727244025,1.269126579154543,17.259712729589744,AB
7kg_10bpm,2AB,L,AP,preRiCTO,7.416482924778922,4.704870445795071,7.3233323234268735,9.234004273380119,7.670072177803486,AB
7kg_10bpm,2AB,L,ML,preRiCTO,9.288238973307065,16.09927517458245,6.509446990792232,4.0453377293317505,5.425373933659724,AB
7kg_10bpm,2AB,L,Resultant,preRiCTO,6.444180206248007,9.756810555999671,1.7900693248097599,1.37748771821629,8.054726254509632,AB
7kg_10bpm,2AB,L,Vertical,preRiCTO,7.559956021260875,11.618246278349375,2.4343954001005206,1.1188341118481266,9.237056445949609,AB
7kg_10bpm,2AB,R,AP,preRiCTO,5.629915972541645,2.9756177181310153,3.754626677623978,7.971635536434009,6.320993575084878,AB
7kg_10bpm,2AB,R,ML,preRiCTO,12.167917058451438,15.944373030143037,9.469455937647991,13.937715183569235,7.59564771440263,AB
7kg_10bpm,2AB,R,Resultant,preRiCTO,8.24356850722415,7.894516105192267,3.1849104539621007,1.458610986591488,13.865749121813009,AB
7kg_10bpm,2AB,R,Vertical,preRiCTO,8.721629092951193,8.485089493268308,1.045376346705245,3.3065495282067214,14.652615397414944,AB
7kg_10bpm,3AB,L,AP,preRiCTO,8.868232101524859,3.9646214486072506,9.55191045280793,10.610532736431157,9.716528472057163,AB
7kg_10bpm,3AB,L,ML,preRiCTO,11.838841632888276,18.158524298620332,8.99585609941986,7.98722206631521,9.39444719794072,AB
7kg_10bpm,3AB,L,Resultant,preRiCTO,11.410012185819514,10.27017608360338,3.377666279068595,1.8631873573733893,19.74852560309078,AB
7kg_10bpm,3AB,L,Vertical,preRiCTO,12.434729049346112,11.577347573712904,3.0870588084666313,0.9704381369938809,21.487209667717146,AB
7kg_10bpm,3AB,R,AP,preRiCTO,9.41817930849179,3.26532126711125,6.058901262499647,13.185939558826853,11.482213690006187,AB
7kg_10bpm,3AB,R,ML,preRiCTO,13.1854047074237,18.13981598927852,12.747876694288347,11.863655419064118,8.20800388259675,AB
7kg_10bpm,3AB,R,Resultant,preRiCTO,14.011310957225113,9.455867201256114,5.228741675673874,3.186509572399203,25.309868192832884,AB
7kg_10bpm,3AB,R,Vertical,preRiCTO,14.20518055265482,9.682394805992944,1.5764392171747235,2.495815674171957,26.179063101210065,AB
7kg_10bpm,4AB,L,AP,preRiCTO,8.426094249180737,3.865429921090373,10.514839083961968,10.807311797420692,6.543849287176126,AB
7kg_10bpm,4AB,L,ML,preRiCTO,17.076514908705764,21.362568102043856,13.643327270994549,19.354765352608762,12.44167559878513,AB
7kg_10bpm,4AB,L,Resultant,preRiCTO,8.15606701315369,11.587809290207439,4.710202711879373,1.3348656577277003,10.307828130551236,AB
7kg_10bpm,4AB,L,Vertical,preRiCTO,8.290391562606269,11.5099820085834,2.2207533296572026,2.7905757287188333,11.286174687889263,AB
7kg_10bpm,4AB,R,AP,preRiCTO,9.821384908494394,3.7057886937072055,8.019914228287087,14.204944283044258,10.278078520109428,AB
7kg_10bpm,4AB,R,ML,preRiCTO,13.08069674474175,21.94257636392592,14.164459961114934,2.0275135905543378,2.2021186407103372,AB
7kg_10bpm,4AB,R,Resultant,preRiCTO,9.530228053356995,10.669540550528856,7.523059992138897,4.044372400231669,13.161041048863837,AB
7kg_10bpm,4AB,R,Vertical,preRiCTO,9.022396361967322,10.948292177670515,0.7726567537700217,0.8280782720079022,14.132711516566227,AB
7kg_10bpm,5AB,L,AP,preRiCTO,7.436810202612235,5.111204436889386,8.53509028199743,7.332998780649939,8.24456591219557,AB
7kg_10bpm,5AB,L,ML,preRiCTO,14.574250974463268,21.526843966080513,12.386674373425818,10.552949185755418,11.177418333874147,AB
7kg_10bpm,5AB,L,Resultant,preRiCTO,12.134825757918472,10.79698138948308,3.7728889345888277,0.5723483969610355,21.117097152227455,AB
7kg_10bpm,5AB,L,Vertical,preRiCTO,12.383495141212485,10.478756257149533,2.0707621015362054,0.9518760826685507,22.025758287644386,AB
7kg_10bpm,5AB,R,AP,preRiCTO,8.220866752131192,4.444573444738758,6.5675186370314345,9.357583169483476,10.85671582762182,AB
7kg_10bpm,5AB,R,ML,preRiCTO,13.277680845958733,22.149169753567907,13.289251253905665,5.649582677807287,3.553357410099066,AB
7kg_10bpm,5AB,R,Resultant,preRiCTO,14.636649800364188,10.226128121830156,6.15646903357164,2.537514543213901,26.24918575342843,AB
7kg_10bpm,5AB,R,Vertical,preRiCTO,14.296125679030881,10.92442568627748,0.915541683969274,0.6881155369991347,26.036904466350673,AB
7kg_10bpm,6AB,L,AP,preRiCTO,7.691153732877026,3.1332349983018606,10.228704389740553,7.937428053169152,7.692104946868521,AB
7kg_10bpm,6AB,L,ML,preRiCTO,15.807683156769661,24.129923594512753,13.468160188477446,10.671475388890384,11.26608945598491,AB
7kg_10bpm,6AB,L,Resultant,preRiCTO,10.908762513549364,11.117579440437627,4.656435404849467,1.8395321874194783,17.869656283784717,AB
7kg_10bpm,6AB,L,Vertical,preRiCTO,11.036456898091195,7.127164738519742,2.579935943646672,2.1886153114651385,20.330043016700703,AB
7kg_10bpm,6AB,R,AP,preRiCTO,8.623479945582165,3.7180131244512045,6.984101053081675,9.356086448771496,12.02139754899298,AB
7kg_10bpm,6AB,R,ML,preRiCTO,15.351539389310156,24.613614766489924,16.251739050052176,7.932590506466593,4.300133135638078,AB
7kg_10bpm,6AB,R,Resultant,preRiCTO,13.137503205996719,9.258213231768833,7.754723634552489,2.7362984884355885,22.869658713499007,AB
7kg_10bpm,6AB,R,Vertical,preRiCTO,12.978486110801374,8.993405812965301,0.9927723249577276,0.7373356749887572,23.980990911045968,AB
7kg_10bpm,7AB,L,AP,preRiCTO,11.34799143825434,4.553165910210482,9.998654355386568,13.596861546451768,14.367419823507426,AB
7kg_10bpm,7AB,L,ML,preRiCTO,16.456138028312466,19.990336456064444,13.942143234858433,15.565404389409675,15.743477616690962,AB
7kg_10bpm,7AB,L,Resultant,preRiCTO,10.475696808709774,9.827196039076446,4.4076406149731095,3.573344347452479,17.391991853306482,AB
7kg_10bpm,7AB,L,Vertical,preRiCTO,11.813348924570736,10.54693396912844,1.9723090091716957,2.405877987232236,20.63620306228345,AB
7kg_10bpm,7AB,R,AP,preRiCTO,11.895134186857515,3.9392131277259375,8.609714671793094,14.97691846867915,15.74080819611386,AB
7kg_10bpm,7AB,R,ML,preRiCTO,13.705530247026367,20.43161719690659,14.396539282417162,9.182275952691818,6.923648404632768,AB
7kg_10bpm,7AB,R,Resultant,preRiCTO,12.195563372383463,10.2804628104268,6.972039305526699,5.174067399076924,20.091332646038154,AB
7kg_10bpm,7AB,R,Vertical,preRiCTO,12.568688348168806,11.22982661369818,0.679784224857331,0.7070516699026238,22.16926904990399,AB
7kg_10bpm,8AB,L,AP,preRiCTO,9.486703177733668,3.614434998371906,8.58152568656763,10.889655299651745,12.337354714485386,AB
7kg_10bpm,8AB,L,ML,preRiCTO,17.31155973751825,23.899963367546537,15.95782523474733,14.068468423324202,13.408011641781819,AB
7kg_10bpm,8AB,L,Resultant,preRiCTO,11.190413683472892,12.43555692500415,4.6667167127643605,2.5391769532806956,17.624330523374468,AB
7kg_10bpm,8AB,L,Vertical,preRiCTO,11.243994794879463,10.162362259560924,1.5144825740816594,2.631392486785811,19.569287209557057,AB
7kg_10bpm,8AB,R,AP,preRiCTO,11.199709659645794,4.353829011235756,8.093968644728115,15.104743443538613,13.662480055718609,AB
7kg_10bpm,8AB,R,ML,preRiCTO,14.874628026910893,24.664189989154906,13.281400603234125,8.820727117906522,5.489966496685827,AB
7kg_10bpm,8AB,R,Resultant,preRiCTO,12.828214347993299,11.068227336633734,7.235137054169079,4.315728703495741,21.289137668077565,AB
7kg_10bpm,8AB,R,Vertical,preRiCTO,12.310865665678135,11.046997496016191,0.7298905262371135,1.0271753204086698,21.67655520316492,AB
7kg_10bpm,10BC,L,AP,preRiCTO,6.979495277898096,10.36885497432203,1.7021517100101686,4.985420058677432,7.692220372301907,BC
7kg_10bpm,10BC,L,ML,preRiCTO,7.42106457495006,9.51784971356189,3.7768925057590157,7.670424554948915,7.519327190657392,BC
7kg_10bpm,10BC,L,Resultant,preRiCTO,9.776476163220163,8.155971696839181,1.9444357167497328,2.008458425355105,17.315136616896318,BC
7kg_10bpm,10BC,L,Vertical,preRiCTO,10.099905979958633,9.647278604116885,1.1418383268622738,0.7379782274550134,17.464093277180844,BC
7kg_10bpm,10BC,R,AP,preRiCTO,7.067304982825529,10.188325966674737,0.8315762476266416,6.7976355251874425,7.00849190115978,BC
7kg_10bpm,10BC,R,ML,preRiCTO,7.251772443368687,10.653199732800633,4.242623465098495,4.530230330451075,7.623523637900652,BC
7kg_10bpm,10BC,R,Resultant,preRiCTO,11.467484869510983,10.54723206967698,2.099344106075986,0.786513981142626,19.976019542895784,BC
7kg_10bpm,10BC,R,Vertical,preRiCTO,12.462716000537334,13.287458375335664,1.3055213195446567,0.9796354622842224,20.761218246768948,BC
7kg_10bpm,11BC,L,AP,preRiCTO,6.141301449810566,8.672661600402776,1.6484654489558002,3.89226950473273,7.5503882898564205,BC
7kg_10bpm,11BC,L,ML,preRiCTO,6.634806851531859,7.055798699613992,4.580996807019193,7.832702347302127,6.630525359884544,BC
7kg_10bpm,11BC,L,Resultant,preRiCTO,11.50767802750468,11.056809403756308,2.181285381662065,1.7249922333548386,19.73422062370006,BC
7kg_10bpm,11BC,L,Vertical,preRiCTO,11.752837821307017,12.1331754557021,1.1325908973075092,0.5398560901296623,19.837168927787737,BC
7kg_10bpm,11BC,R,AP,preRiCTO,5.769614955088563,7.863899540629973,0.716135587891056,5.9764679147715105,5.917171092502729,BC
7kg_10bpm,11BC,R,ML,preRiCTO,7.137975314792608,9.343584063352546,5.424007652981735,4.5116331031174655,8.131345960614667,BC
7kg_10bpm,11BC,R,Resultant,preRiCTO,12.218659858023516,9.988543454295202,1.9293293411272057,0.96296246757446,21.898669877382194,BC
7kg_10bpm,11BC,R,Vertical,preRiCTO,12.900297165375532,11.021471105540417,1.0446041040687173,1.0998212869686856,22.96639988386075,BC
7kg_10bpm,12BC,L,AP,preRiCTO,5.081584112303213,7.759852426129774,1.147629168995967,1.9026814022454925,6.13708222312814,BC
7kg_10bpm,12BC,L,ML,preRiCTO,6.435164632659987,7.190175004322315,1.7741030347864226,7.021025766897923,7.793054610052129,BC
7kg_10bpm,12BC,L,Resultant,preRiCTO,10.787903036472615,9.754580083651513,1.3387495150008124,1.1114871537909432,18.912528285834394,BC
7kg_10bpm,12BC,L,Vertical,preRiCTO,10.868757356291843,10.426748404873688,1.3912817820497758,0.6278703390875134,18.764680736802312,BC
7kg_10bpm,12BC,R,AP,preRiCTO,5.79322032688107,8.81952981332572,0.6486207734886268,4.7030875726034855,5.823048975165583,BC
7kg_10bpm,12BC,R,ML,preRiCTO,5.5747181803852826,7.405968159864073,1.6190797569535766,1.0116557652758926,8.029979849744107,BC
7kg_10bpm,12BC,R,Resultant,preRiCTO,12.247202039382381,10.548751605442291,1.6920415184057946,1.2381084735173915,21.71280001697023,BC
7kg_10bpm,12BC,R,Vertical,preRiCTO,13.133821362651718,13.08531912960372,1.375964334785346,1.6670580237759365,22.38197694958916,BC
7kg_10bpm,13BC,L,AP,preRiCTO,6.261719036479733,9.025251326925336,1.2901618133180173,4.139558019946463,7.477482001091201,BC
7kg_10bpm,13BC,L,ML,preRiCTO,6.2927213408374305,9.04615397497941,3.958589668310439,5.840447865618186,5.222283614525811,BC
7kg_10bpm,13BC,L,Resultant,preRiCTO,9.648778296900987,9.555342110613973,1.4507674970744542,1.8869383545195255,16.383323541048554,BC
7kg_10bpm,13BC,L,Vertical,preRiCTO,9.77210393374432,10.098707316202985,0.7691421922594112,0.4634747665719197,16.49608181187356,BC
7kg_10bpm,13BC,R,AP,preRiCTO,6.57378213636259,10.450196276055001,0.7367019173190912,5.382525780251595,5.872533448701734,BC
7kg_10bpm,13BC,R,ML,preRiCTO,6.877845157171563,10.30694324897451,4.6639815862373695,5.93675422507994,5.177647230849401,BC
7kg_10bpm,13BC,R,Resultant,preRiCTO,10.812355425398119,11.54377627507841,1.9733469641052965,0.8835924442298264,17.930710549357748,BC
7kg_10bpm,13BC,R,Vertical,preRiCTO,11.38901651669713,12.469824301843502,0.9810206212910016,1.0504169108479307,18.771523069795617,BC
7kg_10bpm,1BC,L,AP,preRiCTO,7.272992009378615,10.333307191004986,2.5368052978410307,5.7117104212968215,8.078059852815702,BC
7kg_10bpm,1BC,L,ML,preRiCTO,11.530038764297117,10.892815623656881,8.379330762235188,12.478852533037648,13.60488001409364,BC
7kg_10bpm,1BC,L,Resultant,preRiCTO,7.471308900025715,7.371181337755614,3.1570403019604028,4.103666956189961,11.782212176216255,BC
7kg_10bpm,1BC,L,Vertical,preRiCTO,7.89671871199631,8.258798609436038,1.126172436575402,0.7746007640202618,13.22333918430419,BC
7kg_10bpm,1BC,R,AP,preRiCTO,9.552974358932495,11.609392965193228,1.8160385709260398,9.080928233525608,11.935257662133305,BC
7kg_10bpm,1BC,R,ML,preRiCTO,7.174102769437797,8.842278538048784,7.574914094602702,7.328713793185702,4.2352064998469015,BC
7kg_10bpm,1BC,R,Resultant,preRiCTO,8.633701523138715,9.982743650169603,3.239164872475028,1.458142176767391,13.476164912486425,BC
7kg_10bpm,1BC,R,Vertical,preRiCTO,10.149920652409902,11.286775186065553,1.6508434798737968,1.2306549838461704,16.541710176497908,BC
7kg_10bpm,2BC,L,AP,preRiCTO,9.02949602898039,12.11901315811695,2.0756465535375703,8.098484092641922,10.406369764863458,BC
7kg_10bpm,2BC,L,ML,preRiCTO,12.362080605889908,12.791327856469685,9.899737331311396,15.792053779694992,10.114021063740667,BC
7kg_10bpm,2BC,L,Resultant,preRiCTO,9.797144711438191,9.542585229494732,4.752356011720527,6.472578339306534,14.943336850755472,BC
7kg_10bpm,2BC,L,Vertical,preRiCTO,10.041824399187986,10.985832973698166,1.0654495529273023,1.0182292313370007,16.54033470105083,BC
7kg_10bpm,2BC,R,AP,preRiCTO,10.603053070589274,12.67055511218635,2.7447422577494778,12.439312873862523,11.239646747176616,BC
7kg_10bpm,2BC,R,ML,preRiCTO,11.793538903827919,10.63825890319714,9.480013945045984,12.516477381727892,13.943854414236137,BC
7kg_10bpm,2BC,R,Resultant,preRiCTO,10.472714031065006,11.071390609679721,4.057610109321268,2.7449808031517113,16.88545279773392,BC
7kg_10bpm,2BC,R,Vertical,preRiCTO,13.862392902799838,12.447263205277658,1.7521718013840366,1.3348551168529195,24.348512826565315,BC
7kg_10bpm,3BC,L,AP,preRiCTO,6.625773096976584,10.014640216251898,1.0816347325762337,4.648227601482793,7.225125704583055,BC
7kg_10bpm,3BC,L,ML,preRiCTO,8.402494239336228,10.345513254247948,4.430780552891974,8.735737147707514,8.893447773418016,BC
7kg_10bpm,3BC,L,Resultant,preRiCTO,9.750134913753826,10.180086456201296,2.2813788767188483,2.753512193306402,16.042085556001123,BC
7kg_10bpm,3BC,L,Vertical,preRiCTO,10.098783182704604,11.021446426613828,1.2470147518352082,1.072678689057217,16.636473405303622,BC
7kg_10bpm,3BC,R,AP,preRiCTO,7.241285642631794,10.037137548442512,0.864001985017935,7.21768046167832,7.484392664566045,BC
7kg_10bpm,3BC,R,ML,preRiCTO,7.01791814349412,9.77785726754788,5.041077061491088,6.396480561626114,5.967929757832207,BC
7kg_10bpm,3BC,R,Resultant,preRiCTO,11.461046592777388,11.621417524860556,2.8335677253654694,0.9781328117365415,19.28115322388292,BC
7kg_10bpm,3BC,R,Vertical,preRiCTO,12.896435224198092,12.992153035643561,1.855279797731865,1.431863855959217,21.87456702639572,BC
7kg_10bpm,4BC,L,AP,preRiCTO,8.34906692161028,11.80275835760604,1.7335262742157018,6.526372062116493,9.643261901250757,BC
7kg_10bpm,4BC,L,ML,preRiCTO,8.53073911217452,10.911796131610814,5.513748887834618,8.570450563082659,8.267384662366718,BC
7kg_10bpm,4BC,L,Resultant,preRiCTO,9.053978398254108,9.76513397841275,2.73712179924745,3.6823378459261145,14.370368516962643,BC
7kg_10bpm,4BC,L,Vertical,preRiCTO,9.781791901823457,10.96568750194981,1.5099647641782619,0.5814078742944828,15.923398912961906,BC
7kg_10bpm,4BC,R,AP,preRiCTO,8.682554242305635,11.899941095697695,1.322948659117361,8.617271647903234,9.14342453517455,BC
7kg_10bpm,4BC,R,ML,preRiCTO,9.033614014163025,10.15245741614701,5.839434039578462,9.754705734843515,9.675668852409691,BC
7kg_10bpm,4BC,R,Resultant,preRiCTO,10.517791061422969,10.978649082618695,3.2453335168744477,1.2505717036852337,17.384061485982983,BC
7kg_10bpm,4BC,R,Vertical,preRiCTO,11.766314369644354,12.434755284753455,2.0701884736674883,1.2226098100398808,19.585092139548617,BC
7kg_10bpm,5BC,L,AP,preRiCTO,6.187938390537117,9.991132633382644,1.9068154910180903,2.4953231861117398,6.578566226737827,BC
7kg_10bpm,5BC,L,ML,preRiCTO,8.142293084963722,11.606917212811991,5.453207390796937,6.437193050132905,7.717622927446455,BC
7kg_10bpm,5BC,L,Resultant,preRiCTO,7.870972865244345,10.811773225058566,2.277370082310758,2.0731226310787405,10.915243915756575,BC
7kg_10bpm,5BC,L,Vertical,preRiCTO,8.461455268384103,11.646041419334129,1.345764302067346,0.873616364086874,12.051339783347808,BC
7kg_10bpm,5BC,R,AP,preRiCTO,7.045785548756624,10.648921918315903,1.5971485463484723,5.288861726036851,7.379520772016247,BC
7kg_10bpm,5BC,R,ML,preRiCTO,6.275293297549508,8.642155100686209,4.581244899865224,5.319820009960031,5.810903342710826,BC
7kg_10bpm,5BC,R,Resultant,preRiCTO,10.163691742054295,11.15553564402016,2.7420397748043897,0.9895292126840537,16.536399792135192,BC
7kg_10bpm,5BC,R,Vertical,preRiCTO,11.172008455414227,12.10602947996172,1.7453282932993044,1.4126054249376243,18.414304324900343,BC
7kg_10bpm,6BC,L,AP,preRiCTO,8.391825590051685,11.718409884732184,1.5059320438467325,5.638012102384648,10.429788809298456,BC
7kg_10bpm,6BC,L,ML,preRiCTO,7.199887673879982,10.24080331372307,5.443300080568384,6.249420193843497,5.8727077631256295,BC
7kg_10bpm,6BC,L,Resultant,preRiCTO,8.832889782333398,9.878654866456056,2.3432344276509713,2.1954975212985355,14.118379537114034,BC
7kg_10bpm,6BC,L,Vertical,preRiCTO,9.724137969070062,11.160466875611668,1.0361532831490938,1.1360761671821136,15.661610579149832,BC
7kg_10bpm,6BC,R,AP,preRiCTO,8.302162650854394,13.040627080276403,1.3860965364030122,6.786110547847302,7.622722881265112,BC
7kg_10bpm,6BC,R,ML,preRiCTO,8.807093189036735,10.302568369227288,5.493784731064878,9.195605542839573,9.429822292443044,BC
7kg_10bpm,6BC,R,Resultant,preRiCTO,10.234271196512827,10.91958268072278,2.993184887375286,0.7802328150686328,16.823336442937986,BC
7kg_10bpm,6BC,R,Vertical,preRiCTO,11.415375395903375,12.62332084836029,2.042245304798929,0.6887891708481717,18.668726108306977,BC
7kg_10bpm,7BC,L,AP,preRiCTO,7.3119816339590775,10.818978428608117,2.2238059724877814,4.615543912434381,8.360854979540504,BC
7kg_10bpm,7BC,L,ML,preRiCTO,8.191617149794745,10.504559907911444,7.854190955701994,7.137614515204348,6.801783871021424,BC
7kg_10bpm,7BC,L,Resultant,preRiCTO,7.169104639306253,10.460188721675186,3.585785739684232,2.26674392993656,8.783099607428703,BC
7kg_10bpm,7BC,L,Vertical,preRiCTO,7.619256133086652,11.831146928658075,1.2201838903692759,0.47362088497923993,9.448502910040057,BC
7kg_10bpm,7BC,R,AP,preRiCTO,7.61311916959287,11.470679752468365,2.2464736452373453,6.063381578373246,7.64406401889205,BC
7kg_10bpm,7BC,R,ML,preRiCTO,8.432422794512865,9.340862040651631,8.439053191989045,7.563697487080381,8.296686363179319,BC
7kg_10bpm,7BC,R,Resultant,preRiCTO,8.24638420390423,12.301085096626384,2.9776775224428422,1.263906215899055,10.421446403490009,BC
7kg_10bpm,7BC,R,Vertical,preRiCTO,10.061747275278261,15.525978499941639,1.294659963150587,1.5172098918194974,12.556430493164989,BC
7kg_10bpm,8BC,L,AP,preRiCTO,9.492692038414111,11.252683833318095,1.7937912810488867,8.00712515495692,12.788765456236012,BC
7kg_10bpm,8BC,L,ML,preRiCTO,11.071942943992381,9.43747671486255,5.250427254192075,13.973109448529126,13.278614178683286,BC
7kg_10bpm,8BC,L,Resultant,preRiCTO,9.191982861612132,9.945192119304053,2.593751483084327,4.544024145985367,14.38038692324228,BC
7kg_10bpm,8BC,L,Vertical,preRiCTO,9.76892508850475,11.709504809808667,1.227755502783797,1.3229516962347772,15.353989013712868,BC
7kg_10bpm,8BC,R,AP,preRiCTO,10.778020999992094,12.042428616166172,0.9144824465851334,11.251031290141043,13.75847661652732,BC
7kg_10bpm,8BC,R,ML,preRiCTO,8.933367761500723,9.691282282829022,5.957086416358653,9.241544566178009,10.171531907791802,BC
7kg_10bpm,8BC,R,Resultant,preRiCTO,11.19920449802768,11.322258966872418,2.0284144465046077,1.8940876734797356,18.88248148762142,BC
7kg_10bpm,8BC,R,Vertical,preRiCTO,13.64546210472289,15.375015505544045,1.087844736404373,0.6487467948167733,22.23664485270929,BC
7kg_10bpm,9BC,L,AP,preRiCTO,8.361184999119445,9.687742650347861,2.2677095922499557,7.875129757608775,10.805158213888717,BC
7kg_10bpm,9BC,L,ML,preRiCTO,7.115746958512515,7.091797911284641,6.346660787148986,8.27161593197722,6.619278546387211,BC
7kg_10bpm,9BC,L,Resultant,preRiCTO,10.382298268966464,10.035090784078825,2.714258026482056,3.025591492959953,17.493287353122437,BC
7kg_10bpm,9BC,L,Vertical,preRiCTO,10.946588136346648,11.483024213385974,1.298932022969886,0.6125704428802157,18.34975285275027,BC
7kg_10bpm,9BC,R,AP,preRiCTO,8.459423108485506,9.416998787893665,1.3833966286537098,8.543253664983967,10.986398728350181,BC
7kg_10bpm,9BC,R,ML,preRiCTO,7.87404607052942,9.157513619641133,6.721766804682613,7.708958825218326,7.721858292233866,BC
7kg_10bpm,9BC,R,Resultant,preRiCTO,10.57165535549524,9.068282142286531,2.0256597119834803,1.2474597491190358,18.69843652434511,BC
7kg_10bpm,9BC,R,Vertical,preRiCTO,11.606378705071036,10.071221544243057,0.6411988170947663,1.092697186195292,20.59653166263069,BC
7kg_10bpm,10CA,L,AP,preRiCTO,6.419784598426971,11.274798079367619,4.675247252441153,1.995462322901992,3.6085107795957274,CA
7kg_10bpm,10CA,L,ML,preRiCTO,9.06724179454913,6.121723059280198,8.65144279460873,9.030010023456988,11.531063953140087,CA
7kg_10bpm,10CA,L,Resultant,preRiCTO,8.582950834558716,8.944368519976802,3.658998676840193,2.0647953395055136,13.866169490145955,CA
7kg_10bpm,10CA,L,Vertical,preRiCTO,9.090458352035098,9.351207960226297,1.0233766651723863,2.4270867404872054,15.17424593748953,CA
7kg_10bpm,10CA,R,AP,preRiCTO,7.735556003162197,12.776928028340366,7.7560273279136,3.037107515218816,2.961124391372157,CA
7kg_10bpm,10CA,R,ML,preRiCTO,9.5151859076524,10.615289712711803,8.788239674829406,6.361612240526297,11.40971917747397,CA
7kg_10bpm,10CA,R,Resultant,preRiCTO,9.608056189596631,10.962843105513086,3.0770272842272557,2.625558872555967,15.07691751621084,CA
7kg_10bpm,10CA,R,Vertical,preRiCTO,11.082916725776885,12.884839300458106,2.9164854720727633,2.280596985972249,17.445280395705367,CA
7kg_10bpm,11CA,L,AP,preRiCTO,5.914189105910972,10.213540181161518,4.078286183941317,2.6581090953073754,3.5754600618769032,CA
7kg_10bpm,11CA,L,ML,preRiCTO,11.544671354948226,7.148353732929233,9.14679788125523,12.420782918744708,15.486042206693748,CA
7kg_10bpm,11CA,L,Resultant,preRiCTO,8.126778943835376,10.23838075139392,3.368411833909438,1.1971568031915862,11.978189407578558,CA
7kg_10bpm,11CA,L,Vertical,preRiCTO,8.985386246994441,11.063078952346837,0.9585019171871983,0.9416270366130526,13.93601612879869,CA
7kg_10bpm,11CA,R,AP,preRiCTO,6.860770358164217,9.84068028377159,8.690439493953058,3.6019612466700903,2.1542968150826933,CA
7kg_10bpm,11CA,R,ML,preRiCTO,10.473010674594448,9.31561685173583,7.050481408176886,8.867737662274534,14.806326344153893,CA
7kg_10bpm,11CA,R,Resultant,preRiCTO,9.037961159082183,9.361480076504854,3.0130426826073435,3.959957554329048,14.465122445795698,CA
7kg_10bpm,11CA,R,Vertical,preRiCTO,11.02482779733759,10.266204896235392,3.1366779468811954,4.142060444386647,18.570520702367375,CA
7kg_10bpm,12CA,L,AP,preRiCTO,6.525139637520059,11.60696474501455,3.9753601037871102,2.39335510398498,3.8927471819574526,CA
7kg_10bpm,12CA,L,ML,preRiCTO,9.93308243215094,7.064232979214884,8.78620783201072,9.440270235367466,13.2429812219639,CA
7kg_10bpm,12CA,L,Resultant,preRiCTO,8.904234093424588,10.984510034669475,3.791872627860005,0.7178084572098283,13.328683169878737,CA
7kg_10bpm,12CA,L,Vertical,preRiCTO,9.514005017077245,11.456388098165325,0.8671323804359433,0.8389140615354225,14.967313549829186,CA
7kg_10bpm,12CA,R,AP,preRiCTO,7.857869635990353,11.564102713305042,9.805917717388818,3.232139007376989,2.961790172417912,CA
7kg_10bpm,12CA,R,ML,preRiCTO,9.696094647721138,10.144986931886828,6.521418488423375,6.555614239433004,13.565788372048237,CA
7kg_10bpm,12CA,R,Resultant,preRiCTO,9.702318181396272,10.48257236481539,2.4989287574955887,3.8448366846803954,15.485525935699757,CA
7kg_10bpm,12CA,R,Vertical,preRiCTO,10.996478170356148,11.624840711863696,3.3731206455430227,2.2564614644601293,17.99894620538018,CA
7kg_10bpm,13CA,L,AP,preRiCTO,6.131047513510947,11.119320390099226,3.97878099783043,1.1457958970387345,3.2639834959324965,CA
7kg_10bpm,13CA,L,ML,preRiCTO,10.888209346429065,8.573825222865498,9.953075406789448,11.803962282418098,12.67367124833458,CA
7kg_10bpm,13CA,L,Resultant,preRiCTO,8.390586733988261,9.482650144411755,3.523582229680594,1.6142745486216852,13.136915579586198,CA
7kg_10bpm,13CA,L,Vertical,preRiCTO,9.618988422232976,10.010440710125605,0.8080004287700197,1.0255579395564423,16.168796920412145,CA
7kg_10bpm,13CA,R,AP,preRiCTO,7.377257822289282,12.334634293645824,7.332132418408504,2.214209764223943,2.952605659239091,CA
7kg_10bpm,13CA,R,ML,preRiCTO,9.976810083834465,8.747379836779395,7.518978405072802,9.119983161250477,13.369837042589785,CA
7kg_10bpm,13CA,R,Resultant,preRiCTO,9.812286205784956,9.637065064439893,3.1967232210525407,4.068719159603752,16.092537172443336,CA
7kg_10bpm,13CA,R,Vertical,preRiCTO,12.75319789710955,11.904605147005999,3.0730238752622934,4.094039696699822,21.6874150007925,CA
7kg_10bpm,1CA,L,AP,preRiCTO,8.88488994545247,16.099464804695334,7.237025794842808,2.1415280177551668,1.63179836531522,CA
7kg_10bpm,1CA,L,ML,preRiCTO,10.817928158544534,10.684444723450861,11.861390294161094,11.661208156353467,8.877243320746054,CA
7kg_10bpm,1CA,L,Resultant,preRiCTO,8.578127610038345,9.852360011663325,7.107157506394521,1.900098289153652,11.852028590547665,CA
7kg_10bpm,1CA,L,Vertical,preRiCTO,8.62777594016141,11.067286029136694,2.0528128658454254,0.6740705420363646,12.919066842079086,CA
7kg_10bpm,1CA,R,AP,preRiCTO,10.163905663752672,16.788551184825934,11.14954807033372,2.4621828681825146,2.219211347647186,CA
7kg_10bpm,1CA,R,ML,preRiCTO,12.175295133924466,15.863658173667595,14.158222995763303,9.333629188740833,7.573562060457122,CA
7kg_10bpm,1CA,R,Resultant,preRiCTO,8.601047825702022,10.413582726741375,4.810225568239139,3.3545935342949815,12.248898802297921,CA
7kg_10bpm,1CA,R,Vertical,preRiCTO,9.178606170961407,12.053716354182024,2.494055889711175,1.2291458026091568,13.421206142202639,CA
7kg_10bpm,3CA,L,AP,preRiCTO,9.032338015990257,16.491048220651034,6.7244933069074655,2.939362745526752,1.907099676094971,CA
7kg_10bpm,3CA,L,ML,preRiCTO,10.883329630808186,12.091149316350082,12.34981926229812,10.428049758651385,8.26642773482055,CA
7kg_10bpm,3CA,L,Resultant,preRiCTO,8.769992272738751,10.728502364481782,6.511079224911506,1.7292682784015587,12.019306744283032,CA
7kg_10bpm,3CA,L,Vertical,preRiCTO,8.954323827562876,12.032658115299654,1.8840978301941742,0.4263964002221966,12.98706300072692,CA
7kg_10bpm,3CA,R,AP,preRiCTO,10.964183644490216,17.98680735638924,12.060961778676482,2.8110984241011576,2.9034979943784727,CA
7kg_10bpm,3CA,R,ML,preRiCTO,10.033466851783793,13.46692579973049,10.465009581772275,7.866246674720938,7.202850247566261,CA
7kg_10bpm,3CA,R,Resultant,preRiCTO,9.380722084822285,11.241788432755552,4.175017001813656,3.5815340551266286,13.828473443326434,CA
7kg_10bpm,3CA,R,Vertical,preRiCTO,10.10992251900331,12.322841079979005,3.525932706913935,1.676165184463878,15.374692343166348,CA
7kg_10bpm,5CA,L,AP,preRiCTO,7.785278759608635,13.952287071317048,5.7373994162566975,2.5260500442829548,3.237652382146033,CA
7kg_10bpm,5CA,L,ML,preRiCTO,12.610131697917693,10.649592570487279,12.416238811521659,15.342502892361502,11.57970287701019,CA
7kg_10bpm,5CA,L,Resultant,preRiCTO,9.707167598846652,9.609404116672419,4.745626816446233,2.3003093038034526,15.827572431228562,CA
7kg_10bpm,5CA,L,Vertical,preRiCTO,9.55105760082803,9.890553442795863,0.711191811251316,0.9943715716626166,16.08935676659807,CA
7kg_10bpm,5CA,R,AP,preRiCTO,9.003656366360964,14.991153653938776,8.934260715924507,3.111662979385729,3.571763739494223,CA
7kg_10bpm,5CA,R,ML,preRiCTO,11.424950131426773,11.325276414466074,10.488707520238595,12.74716703726214,11.03203302004355,CA
7kg_10bpm,5CA,R,Resultant,preRiCTO,10.703008780278715,11.265675780361748,4.441067708364596,5.384614000040813,16.61692726423231,CA
7kg_10bpm,5CA,R,Vertical,preRiCTO,10.986477589627748,12.932144262706958,3.040708607942361,1.8422500183605701,17.20237901991594,CA
7kg_10bpm,6CA,L,AP,preRiCTO,8.554756485581438,14.521861262251758,8.004101197922814,2.4820206203224173,3.7406642233482685,CA
7kg_10bpm,6CA,L,ML,preRiCTO,13.116254560228677,11.774264375241659,14.754992299805505,12.954005418012228,12.818129603264616,CA
7kg_10bpm,6CA,L,Resultant,preRiCTO,9.163381433628773,10.966050629338715,7.513952513491641,1.8443962562535954,12.36906008315426,CA
7kg_10bpm,6CA,L,Vertical,preRiCTO,9.406031492464804,12.216983189080892,0.5554598834395282,0.9093886953363044,14.109545635533381,CA
7kg_10bpm,6CA,R,AP,preRiCTO,10.561525783367637,16.521631864059916,12.595205734681477,2.836372554225446,3.251716166567132,CA
7kg_10bpm,6CA,R,ML,preRiCTO,11.695982620852831,10.97778028747576,12.867459919060396,9.744910570111154,12.845584822887453,CA
7kg_10bpm,6CA,R,Resultant,preRiCTO,9.226855294727347,10.160258702035474,5.180316703214604,4.208823781763432,13.73387492244284,CA
7kg_10bpm,6CA,R,Vertical,preRiCTO,10.294272257816075,11.286013725328873,4.055120882648387,1.638403912629044,16.45578482464354,CA
7kg_10bpm,7CA,L,AP,preRiCTO,7.0827210328282115,12.686349963226307,5.54550343058708,1.943799390222806,2.6296948212613342,CA
7kg_10bpm,7CA,L,ML,preRiCTO,9.967490243426598,8.449232853186887,10.427059987404602,10.400893608672378,10.42767111298021,CA
7kg_10bpm,7CA,L,Resultant,preRiCTO,9.091882596826105,8.760670444706285,4.418658415833448,1.198192244339749,15.071823440456136,CA
7kg_10bpm,7CA,L,Vertical,preRiCTO,9.414893361275041,9.356637930606396,0.6427868982452414,0.9170676812374426,16.09185219068424,CA
7kg_10bpm,7CA,R,AP,preRiCTO,8.739281422967172,14.044289739013351,9.836491241519834,2.608055356139409,2.73062647650007,CA
7kg_10bpm,7CA,R,ML,preRiCTO,9.736660528935772,11.691617247907304,9.576493650865219,7.466127159723331,9.74956291285513,CA
7kg_10bpm,7CA,R,Resultant,preRiCTO,10.339279365718813,10.676417523331954,3.636240293340379,3.31725687137625,16.803916993216188,CA
7kg_10bpm,7CA,R,Vertical,preRiCTO,11.162258280232217,12.013158343695043,3.5660703453320908,1.7371489226115806,18.16900791545545,CA
7kg_10bpm,8CA,L,AP,preRiCTO,7.443071939333705,13.320535816777468,5.904862027434375,1.9348992205577948,2.7325226738006783,CA
7kg_10bpm,8CA,L,ML,preRiCTO,15.47178342329064,10.172784186724675,14.173230522781209,16.188894850630085,19.627126402056682,CA
7kg_10bpm,8CA,L,Resultant,preRiCTO,9.257779112324606,10.379728530969137,5.392608727103242,3.186496556097162,13.84256957623472,CA
7kg_10bpm,8CA,L,Vertical,preRiCTO,9.679016008961835,11.341285681961216,1.451100597081582,1.1346564232557252,15.39426836962515,CA
7kg_10bpm,8CA,R,AP,preRiCTO,9.854839324194051,14.37018578889386,12.777168066705906,3.72898915866809,2.89105437069925,CA
7kg_10bpm,8CA,R,ML,preRiCTO,13.812312697322392,11.609375289626742,8.2655218739132,13.20803802305648,19.44425989538277,CA
7kg_10bpm,8CA,R,Resultant,preRiCTO,9.915802597252217,13.079505271668134,3.8134831911004556,4.227166873607612,13.64876855035748,CA
7kg_10bpm,8CA,R,Vertical,preRiCTO,12.533823995941486,15.81413921394796,3.866516779051073,2.344121953473358,18.71185830280026,CA
7kg_10bpm,9CA,L,AP,preRiCTO,6.159091413785634,11.469461472258379,3.7665365156461,1.0355720245234457,2.489835345559262,CA
7kg_10bpm,9CA,L,ML,preRiCTO,14.352237440450203,8.967256991263561,12.253545133523444,12.263913223342552,20.829475074024565,CA
7kg_10bpm,9CA,L,Resultant,preRiCTO,7.240498555745509,7.5019045277882785,4.163988248073655,2.3450799623645175,11.294974223265951,CA
7kg_10bpm,9CA,L,Vertical,preRiCTO,9.291368663995152,7.948888886628422,0.7900409246763715,3.012600508563053,16.28728110568632,CA
7kg_10bpm,9CA,R,AP,preRiCTO,8.265913643309238,13.634706483032717,8.2854062826659,2.538873858617434,3.8022346607043627,CA
7kg_10bpm,9CA,R,ML,preRiCTO,13.589334357824374,10.069737786531007,6.558625518435641,10.459941523121488,21.755663918560455,CA
7kg_10bpm,9CA,R,Resultant,preRiCTO,9.026980871029918,9.535282467213007,3.266913047695848,2.6589413634311696,14.562223525427262,CA
7kg_10bpm,9CA,R,Vertical,preRiCTO,12.984365622735362,13.157819574785501,3.0522595500529093,4.257003186304536,21.495799501852094,CA
7kg_16bpm,10AB,L,AP,preRiCTO,9.256993266132636,6.518944962072568,12.26174919726915,9.399712176603936,7.905307886514429,AB
7kg_16bpm,10AB,L,ML,preRiCTO,13.419818384301424,18.188079817190633,8.44900501653278,12.722490200403072,12.539018823717278,AB
7kg_16bpm,10AB,L,Resultant,preRiCTO,11.073249716799623,11.574636513157962,3.28588251283613,1.8272871554899652,18.273138621546,AB
7kg_16bpm,10AB,L,Vertical,preRiCTO,11.929287029824323,11.281026196035317,3.2576746977425017,2.4053371948043853,20.363623020660576,AB
7kg_16bpm,10AB,R,AP,preRiCTO,10.049519421323701,5.211036489970961,6.894088272383635,13.241944372565499,12.32487442785484,AB
7kg_16bpm,10AB,R,ML,preRiCTO,12.478001738482543,17.873879755371068,14.951335176112444,6.24165139591861,6.7263772847321315,AB
7kg_16bpm,10AB,R,Resultant,preRiCTO,13.420757661016843,11.626122128703688,7.743340594615799,2.765651627779258,22.46571631630333,AB
7kg_16bpm,10AB,R,Vertical,preRiCTO,12.709662314347504,12.130459495341906,2.8455469428601203,1.9353973024926865,21.785945927057128,AB
7kg_16bpm,1AB,L,AP,preRiCTO,8.70949409257119,6.750567396205241,8.882551637017015,9.732106844368355,9.16051169542436,AB
7kg_16bpm,1AB,L,ML,preRiCTO,13.544552531198757,15.05682498370796,8.729817194872961,15.935793793400807,13.311742883516388,AB
7kg_16bpm,1AB,L,Resultant,preRiCTO,7.831137526430791,10.868150030786213,2.6338293032118303,3.543266630471627,10.291494253333662,AB
7kg_16bpm,1AB,L,Vertical,preRiCTO,9.155461074006109,12.247362542619044,3.6095235452074217,1.7408449770406336,12.882071542003473,AB
7kg_16bpm,1AB,R,AP,preRiCTO,9.812792101341552,3.1097342058393167,5.903269737750892,14.73941802558797,11.061267605796747,AB
7kg_16bpm,1AB,R,ML,preRiCTO,9.584494636814778,15.598740549843543,9.245436956558628,3.6437720551653934,5.285026491929516,AB
7kg_16bpm,1AB,R,Resultant,preRiCTO,9.200456483587786,10.090362190513895,4.337466649371504,2.099814556903598,14.442901063068184,AB
7kg_16bpm,1AB,R,Vertical,preRiCTO,9.693817619574208,10.78355862955701,2.0554414043440317,2.9844915515890413,15.51122540981458,AB
7kg_16bpm,2AB,L,AP,preRiCTO,10.849279413991749,7.4255926469350655,12.64235607337453,12.522060636603777,9.988701979880691,AB
7kg_16bpm,2AB,L,ML,preRiCTO,15.584567025717647,19.021492236939064,15.06236742077968,12.641171831953354,14.959521092448808,AB
7kg_16bpm,2AB,L,Resultant,preRiCTO,9.35774725083945,10.955989561472272,4.239003278170865,3.1839048130239673,14.061414944975345,AB
7kg_16bpm,2AB,L,Vertical,preRiCTO,10.768601641597252,11.999982937008323,2.765966818534167,1.8833673041658245,17.35634447239287,AB
7kg_16bpm,2AB,R,AP,preRiCTO,11.819718481403635,4.921662696501751,11.774749589011266,15.603329756738772,12.328820933633224,AB
7kg_16bpm,2AB,R,ML,preRiCTO,11.678269280688806,18.118748547250366,10.372733720546863,9.497499039396534,4.8928942537598585,AB
7kg_16bpm,2AB,R,Resultant,preRiCTO,10.910990410635941,9.421136256150845,8.235984821877672,3.810463291445284,17.260781207112103,AB
7kg_16bpm,2AB,R,Vertical,preRiCTO,10.472892403697353,10.417092758486879,1.2636319320967364,1.9712831550227545,17.78922036746857,AB
7kg_16bpm,3AB,L,AP,preRiCTO,11.983850121712683,7.730339902279038,9.57138415896859,13.767164566099291,15.168628797965818,AB
7kg_16bpm,3AB,L,ML,preRiCTO,17.104676367608764,18.57667858245837,12.52085108409343,21.252147719557865,14.821506300884343,AB
7kg_16bpm,3AB,L,Resultant,preRiCTO,8.778653552502776,12.24440862186214,3.0527670826013122,6.24847887325425,10.426169253651643,AB
7kg_16bpm,3AB,L,Vertical,preRiCTO,8.116950511168561,12.133774769424251,3.5201081498542983,2.495943026168869,9.821755419211376,AB
7kg_16bpm,3AB,R,AP,preRiCTO,13.108410585778284,7.08383562765285,7.215762564332834,18.37225614847734,15.640405540651871,AB
7kg_16bpm,3AB,R,ML,preRiCTO,10.246323931654782,16.905272133014186,7.3335332733616925,5.60455409231219,7.150049749536437,AB
7kg_16bpm,3AB,R,Resultant,preRiCTO,8.198723888033078,11.40359049194083,5.303596355226128,3.3097469344680976,9.924746718684142,AB
7kg_16bpm,3AB,R,Vertical,preRiCTO,8.547991312199924,12.690207269510354,1.7941291989467403,3.3609056659846273,10.725571577535241,AB
7kg_16bpm,4AB,L,AP,preRiCTO,10.76242702509683,6.349846727901453,11.734505488093077,10.22078814720834,13.354229106603343,AB
7kg_16bpm,4AB,L,ML,preRiCTO,14.649496838439402,16.344572696500745,10.96327766482519,16.9879631010158,13.554942920241142,AB
7kg_16bpm,4AB,L,Resultant,preRiCTO,7.877019046394412,12.291116092087737,3.731651371119441,2.467892496548987,8.747766927800951,AB
7kg_16bpm,4AB,L,Vertical,preRiCTO,7.39250715210345,12.30827443816217,3.2088970442406772,3.4151006912421664,6.746014623919634,AB
7kg_16bpm,4AB,R,AP,preRiCTO,11.766289135088364,6.558094361804393,8.845022979666636,15.734227826317202,13.53453929136908,AB
7kg_16bpm,4AB,R,ML,preRiCTO,10.674294925535902,14.769311616827885,12.434821402170797,4.842169584167362,7.851748720881034,AB
7kg_16bpm,4AB,R,Resultant,preRiCTO,8.837847803393824,12.057998097100791,7.438006522049583,3.6801107012453835,9.868951089464442,AB
7kg_16bpm,4AB,R,Vertical,preRiCTO,8.490109284189723,13.018837635002539,1.6127050071599418,2.341732597621043,10.45302856789137,AB
7kg_16bpm,5AB,L,AP,preRiCTO,10.969995171366316,4.854095202018058,11.517124264565428,10.874094527086111,14.268189627693475,AB
7kg_16bpm,5AB,L,ML,preRiCTO,13.133400163826984,15.730454149431072,8.579944198325101,14.97852977996822,12.066532820648163,AB
7kg_16bpm,5AB,L,Resultant,preRiCTO,8.311353838521082,12.59815078857409,3.4346350303193796,2.748020265994567,9.855485496963716,AB
7kg_16bpm,5AB,L,Vertical,preRiCTO,7.998746970622568,13.12279857647189,3.124125939239231,2.649349673584019,8.17430022107143,AB
7kg_16bpm,5AB,R,AP,preRiCTO,11.245238384024997,3.6411175582007016,7.953655377088849,16.029191780267436,13.061481857561096,AB
7kg_16bpm,5AB,R,ML,preRiCTO,10.911636863104562,15.052382186250847,12.032437891169407,5.634374886082794,8.655693848982628,AB
7kg_16bpm,5AB,R,Resultant,preRiCTO,8.428092660380706,10.670365383159092,6.2524223120365106,4.2275332960332275,10.568038418536482,AB
7kg_16bpm,5AB,R,Vertical,preRiCTO,8.142862071940584,11.327172188822779,2.580635106740831,2.6989466326926013,10.990740802532622,AB
7kg_16bpm,6AB,L,AP,preRiCTO,10.78097172501398,4.634155258765514,11.622622247231822,10.489107550965585,13.970589276284823,AB
7kg_16bpm,6AB,L,ML,preRiCTO,10.852856307235497,16.05889673861431,6.580129700261924,10.837699933348873,7.416673557442185,AB
7kg_16bpm,6AB,L,Resultant,preRiCTO,8.153284499113758,12.051630737840147,3.4551873644329945,2.002440461846114,10.160885762185194,AB
7kg_16bpm,6AB,L,Vertical,preRiCTO,8.478404308559751,13.544476444576722,3.5180292088408924,1.8785420190300637,9.356733500593895,AB
7kg_16bpm,6AB,R,AP,preRiCTO,9.13068244346592,4.30501699723344,5.750930770327207,12.594767796247949,11.032193715180306,AB
7kg_16bpm,6AB,R,ML,preRiCTO,11.205904981738975,14.657180514599675,11.984893608728095,6.395612047312532,10.187551282910984,AB
7kg_16bpm,6AB,R,Resultant,preRiCTO,8.863223434459792,9.73219570824894,5.927988091396194,3.2229856570001596,13.050378535696707,AB
7kg_16bpm,6AB,R,Vertical,preRiCTO,9.047978371659955,10.566568037583636,1.9582717772071683,1.8695186042049332,14.269251459496196,AB
7kg_16bpm,7AB,L,AP,preRiCTO,11.089465572054205,5.267519241870173,12.215393842574214,10.520247988729771,14.182390663350517,AB
7kg_16bpm,7AB,L,ML,preRiCTO,16.697305206750297,17.294025954567548,11.015169969830822,16.878799172458407,20.120809167818404,AB
7kg_16bpm,7AB,L,Resultant,preRiCTO,10.967110566508751,12.495840716269443,3.260308773381529,2.294813977887131,17.372594952029186,AB
7kg_16bpm,7AB,L,Vertical,preRiCTO,11.363550084524977,11.439288227066195,3.0643441057700076,3.4602819448872646,18.848210021021465,AB
7kg_16bpm,7AB,R,AP,preRiCTO,12.879685968640649,4.972342023501291,9.157700026352517,14.734230676545343,18.200155494587325,AB
7kg_16bpm,7AB,R,ML,preRiCTO,11.526496371900823,17.864610874013913,12.765485526059537,3.732515582917238,6.257400558349453,AB
7kg_16bpm,7AB,R,Resultant,preRiCTO,12.577307144574027,9.951673305681338,8.486076308282861,3.629261376754726,20.913313191747296,AB
7kg_16bpm,7AB,R,Vertical,preRiCTO,12.249345221694377,10.638069858006295,1.3855545008833923,1.8397841669091626,21.655399806617947,AB
7kg_16bpm,8AB,L,AP,preRiCTO,10.419011384943449,3.8113356197588875,12.701154187462494,9.511919359940459,12.869284320463287,AB
7kg_16bpm,8AB,L,ML,preRiCTO,14.66595192425805,16.90930618361755,7.769128940113269,19.268770587075327,12.065313807947078,AB
7kg_16bpm,8AB,L,Resultant,preRiCTO,7.47712130595608,10.499176788473186,3.3154644325037648,3.1848616533135257,9.532197685664446,AB
7kg_16bpm,8AB,L,Vertical,preRiCTO,6.914238069517651,8.97019894457615,3.6660885423967895,4.734295853286212,8.594541442925827,AB
7kg_16bpm,8AB,R,AP,preRiCTO,11.63329762177124,4.541414231832024,7.231611711552756,17.191695973588683,13.092596893379916,AB
7kg_16bpm,8AB,R,ML,preRiCTO,11.84052376467023,18.178635725381298,13.024856485415368,3.5515782161288407,7.184153306509858,AB
7kg_16bpm,8AB,R,Resultant,preRiCTO,7.60251440348725,8.024217140162222,7.115564699647197,3.6348911553528476,10.061019342211724,AB
7kg_16bpm,8AB,R,Vertical,preRiCTO,7.6417630350084265,8.55557673068771,2.403610855551206,3.7277346737818813,11.728121475854246,AB
7kg_16bpm,9AB,L,AP,preRiCTO,8.775402455439892,4.506291065356887,11.732426293349658,7.682841042915277,9.513579776210706,AB
7kg_16bpm,9AB,L,ML,preRiCTO,12.530805682659361,17.49583539963921,7.597770254245338,10.535229209247793,12.385777521694282,AB
7kg_16bpm,9AB,L,Resultant,preRiCTO,13.23212114920776,11.79744086261497,2.639561811583102,0.9102213737937105,23.212734428213547,AB
7kg_16bpm,9AB,L,Vertical,preRiCTO,13.402040024080572,12.003824997075842,3.117096338733673,1.8345307065666017,23.379595131262164,AB
7kg_16bpm,9AB,R,AP,preRiCTO,9.740649113080964,4.394945792759651,7.282134590083666,12.573982440589228,12.123805383528895,AB
7kg_16bpm,9AB,R,ML,preRiCTO,12.335583027190985,17.759494083962615,13.440623361298785,5.42470253182679,9.265097596434597,AB
7kg_16bpm,9AB,R,Resultant,preRiCTO,15.134587396937546,11.821855660574306,6.812051367626846,2.69816995901866,26.529097521306575,AB
7kg_16bpm,9AB,R,Vertical,preRiCTO,14.528246827367521,12.108400154461734,2.5671285466924085,1.8175138368814228,25.873504451756517,AB
7kg_16bpm,10BC,L,AP,preRiCTO,6.010177186266005,10.128689589055666,1.1920879130467914,1.0829875169055325,6.2595711397712765,BC
7kg_16bpm,10BC,L,ML,preRiCTO,5.109952109380662,8.863086395749304,2.0352186086009145,2.555326710618568,3.9546463448987046,BC
7kg_16bpm,10BC,L,Resultant,preRiCTO,7.68271663157721,11.033767852864104,0.5164463741751091,0.38578145189759905,10.574730744943375,BC
7kg_16bpm,10BC,L,Vertical,preRiCTO,8.041020590732572,11.901013466218062,0.8419410191525725,0.8872099482506396,10.655814652864683,BC
7kg_16bpm,10BC,R,AP,preRiCTO,5.335729777508979,8.024877560739291,1.0675421509336374,2.2429242753691074,6.5376008677915545,BC
7kg_16bpm,10BC,R,ML,preRiCTO,7.6374319899448535,12.863211553439925,2.445200091872102,2.9828318050993414,7.293054108904126,BC
7kg_16bpm,10BC,R,Resultant,preRiCTO,8.65527992205522,12.221531871473951,2.2326555927438396,0.8307584036763381,11.913602646165536,BC
7kg_16bpm,10BC,R,Vertical,preRiCTO,9.306717623235185,13.702132899995012,1.730293922560315,0.6361919520258768,12.35599621345121,BC
7kg_16bpm,1BC,L,AP,preRiCTO,5.964099693644163,9.064419693001698,2.1611595446907086,4.533688593203412,5.909258773356238,BC
7kg_16bpm,1BC,L,ML,preRiCTO,5.864397796774544,9.322753194754759,4.9128774613311545,4.730894443388311,2.3015125087731816,BC
7kg_16bpm,1BC,L,Resultant,preRiCTO,9.794930405011833,10.576406311859985,4.571081499543272,3.0543370977836757,15.36467418631709,BC
7kg_16bpm,1BC,L,Vertical,preRiCTO,10.417735252818588,12.635309036522333,3.3370867122537846,1.4790435954924646,15.97724485769041,BC
7kg_16bpm,1BC,R,AP,preRiCTO,7.042208595363119,11.719147042935367,3.092450422214609,3.9899123000393923,6.007483993436155,BC
7kg_16bpm,1BC,R,ML,preRiCTO,9.002441897258711,8.416147335944723,7.33880350228,9.293330762121542,10.577644667438587,BC
7kg_16bpm,1BC,R,Resultant,preRiCTO,11.19277128257492,12.206364039525287,0.7752363517769048,1.51987970387228,18.45517678871207,BC
7kg_16bpm,1BC,R,Vertical,preRiCTO,12.466298421506663,16.686075206489587,1.9075432143285238,1.5446636785662,18.171218694539192,BC
7kg_16bpm,2BC,L,AP,preRiCTO,5.247359735324242,9.74437462616386,1.7184033030741268,2.1025572770612273,2.9276589270595563,BC
7kg_16bpm,2BC,L,ML,preRiCTO,6.200871762301047,11.022361203259411,1.6288709367095797,4.217117675714037,3.5910581202742176,BC
7kg_16bpm,2BC,L,Resultant,preRiCTO,6.99525071696562,10.65107962540104,1.161773133695064,1.8106099394747062,8.749612591579027,BC
7kg_16bpm,2BC,L,Vertical,preRiCTO,7.237752405889566,11.594485339750786,1.4597347983345923,1.2777605791682203,8.403299139129254,BC
7kg_16bpm,2BC,R,AP,preRiCTO,5.485972135283644,9.102742655857297,0.8178833405818453,1.6984950863230632,5.815567148690878,BC
7kg_16bpm,2BC,R,ML,preRiCTO,5.913485259523713,10.519281717011319,2.660624759721405,3.7393029484765195,3.031787597946508,BC
7kg_16bpm,2BC,R,Resultant,preRiCTO,8.075922816747546,10.516132194719669,1.4028265942094758,2.1833326025903936,11.855177321539978,BC
7kg_16bpm,2BC,R,Vertical,preRiCTO,8.82037617135109,12.239111171978006,0.7344776262200339,1.668083653355223,12.449525087894243,BC
7kg_16bpm,3BC,L,AP,preRiCTO,6.082496426420718,11.478402804801144,2.133093511439313,1.4046218315312637,3.280205823360804,BC
7kg_16bpm,3BC,L,ML,preRiCTO,6.188065582230701,11.02270664268803,2.0208248021226654,3.6754321947410076,3.873940599126204,BC
7kg_16bpm,3BC,L,Resultant,preRiCTO,7.5755353673647425,11.466394474804142,1.219049327349039,1.0045909230246601,9.70116009200364,BC
7kg_16bpm,3BC,L,Vertical,preRiCTO,7.811199530839401,12.246808735394596,1.3526764597296246,0.9824951465162622,9.49294228967956,BC
7kg_16bpm,3BC,R,AP,preRiCTO,6.331616540014554,9.239761266684704,1.1177966125657253,2.3996174679027886,8.179490370790012,BC
7kg_16bpm,3BC,R,ML,preRiCTO,6.789801522828687,12.510294467123208,3.9428303141350094,2.086859105112882,3.076167008322464,BC
7kg_16bpm,3BC,R,Resultant,preRiCTO,8.130962693112872,11.355755920932644,1.8736034553124676,1.7184795415722038,11.25226323651103,BC
7kg_16bpm,3BC,R,Vertical,preRiCTO,8.866167085287724,12.803387190611344,0.8691655572336022,1.396029665557436,12.047540474440725,BC
7kg_16bpm,4BC,L,AP,preRiCTO,5.784859950361684,10.746659314521121,1.3071321024845683,2.1981470482150165,3.5580179721435834,BC
7kg_16bpm,4BC,L,ML,preRiCTO,5.546684301998714,9.721883535592529,3.219005269365965,2.2827827120613167,3.6958063473868674,BC
7kg_16bpm,4BC,L,Resultant,preRiCTO,9.287092691122956,12.915198917629679,0.9344844035805173,1.0941822333151867,13.140421610215874,BC
7kg_16bpm,4BC,L,Vertical,preRiCTO,9.563051792463321,13.592884944039518,1.6305683637649506,1.5214625916661493,13.145845863885263,BC
7kg_16bpm,4BC,R,AP,preRiCTO,4.194903005163127,7.310943770828896,2.1211293375131235,2.0047414984946945,2.962044573456395,BC
7kg_16bpm,4BC,R,ML,preRiCTO,7.440081256870766,13.352737974843324,2.968852430562839,1.0261425672198943,5.840077387870564,BC
7kg_16bpm,4BC,R,Resultant,preRiCTO,10.13186603499477,13.122871986429981,1.936910973306279,2.4043209509480854,14.967364280726779,BC
7kg_16bpm,4BC,R,Vertical,preRiCTO,10.435073303592157,13.355864726164995,1.983475722126702,2.1745120396336315,15.593293937836048,BC
7kg_16bpm,5BC,L,AP,preRiCTO,6.23792970540358,11.684343304552835,2.4021207571061405,1.932947209864949,3.2777207154624133,BC
7kg_16bpm,5BC,L,ML,preRiCTO,5.22333679953508,8.525284652653445,4.346724565468589,2.493683921606011,3.4573454162939803,BC
7kg_16bpm,5BC,L,Resultant,preRiCTO,8.474173471433774,12.770635523601948,1.1221825886233938,0.7832507325650199,10.97010893237973,BC
7kg_16bpm,5BC,L,Vertical,preRiCTO,8.604373815885165,13.587463707965524,0.9556346983651693,1.4015321514719965,10.359207393800927,BC
7kg_16bpm,5BC,R,AP,preRiCTO,5.099742618068502,9.142414978359731,1.7639866251538594,2.2490034816048516,3.578296887872681,BC
7kg_16bpm,5BC,R,ML,preRiCTO,6.267600270550488,11.924922629207318,3.2579578912121407,1.1955419162940384,2.0697397004134244,BC
7kg_16bpm,5BC,R,Resultant,preRiCTO,7.033915722998504,11.189241749728543,2.208114545278694,1.1635751851370482,8.113030379634413,BC
7kg_16bpm,5BC,R,Vertical,preRiCTO,7.727602559864271,12.988118010976478,2.206548052634419,0.680376567937376,8.040105176310337,BC
7kg_16bpm,6BC,L,AP,preRiCTO,6.5717691500504465,9.533706059880151,1.658371487281928,3.172298348303831,8.249411459194018,BC
7kg_16bpm,6BC,L,ML,preRiCTO,6.794367654467637,11.27384973106525,1.4288237391354803,4.763157552183625,5.773894305254991,BC
7kg_16bpm,6BC,L,Resultant,preRiCTO,7.855626635590969,12.110066632897777,1.2056896358586173,2.156086587258938,9.635461518513196,BC
7kg_16bpm,6BC,L,Vertical,preRiCTO,7.563156631948451,12.888650390766848,1.0777641379617473,1.3586876028276464,7.719137684287718,BC
7kg_16bpm,6BC,R,AP,preRiCTO,9.206579532879076,15.655712956298439,0.8399157140368516,3.530327406814501,8.995984834738467,BC
7kg_16bpm,6BC,R,ML,preRiCTO,6.561060968193688,10.000775243441623,2.4820876387603126,6.002529361217604,5.5214060453168505,BC
7kg_16bpm,6BC,R,Resultant,preRiCTO,8.813942635285827,13.433285961892087,2.441894902937918,0.9291018714255985,11.031881672483902,BC
7kg_16bpm,6BC,R,Vertical,preRiCTO,9.375309311911538,14.586820396248015,1.862126772346566,0.6634214152249223,11.536671563763502,BC
7kg_16bpm,7BC,L,AP,preRiCTO,5.882523285425916,9.293670357399765,1.537003801032329,1.3034219098487376,6.889714041108878,BC
7kg_16bpm,7BC,L,ML,preRiCTO,4.653312981323069,8.143961470826977,3.8478372353464776,1.3250784153570898,2.101653891262861,BC
7kg_16bpm,7BC,L,Resultant,preRiCTO,8.114617193242287,11.233056501161162,0.5914708534711763,0.28960024657233097,11.577774830532327,BC
7kg_16bpm,7BC,L,Vertical,preRiCTO,8.372159878547718,11.516385643584705,0.9732886013246468,0.8303476785608656,11.965979833413757,BC
7kg_16bpm,7BC,R,AP,preRiCTO,5.847697485446293,11.109642358891563,1.5674935410161677,2.132612354011633,2.7246844143904867,BC
7kg_16bpm,7BC,R,ML,preRiCTO,7.412180500526209,9.480531530416474,1.9801103209320359,5.36822722704207,9.773399797064007,BC
7kg_16bpm,7BC,R,Resultant,preRiCTO,9.966966353704091,12.530501818716482,1.9761227285912388,1.3943644846687837,15.142670883069991,BC
7kg_16bpm,7BC,R,Vertical,preRiCTO,10.557747739038138,14.83340683503694,2.2287237908018054,0.5334157431944857,14.710053154253833,BC
7kg_16bpm,8BC,L,AP,preRiCTO,6.0746875927931,9.79272403022638,0.6548828469595886,4.079691884813483,5.892726059084575,BC
7kg_16bpm,8BC,L,ML,preRiCTO,6.262636085919759,9.604449004765605,1.9373020656396227,4.917819747506131,6.065962441932109,BC
7kg_16bpm,8BC,L,Resultant,preRiCTO,7.407650802303436,12.401007120915077,1.1046501793660222,2.857977710283651,7.500950390270019,BC
7kg_16bpm,8BC,L,Vertical,preRiCTO,7.481103920556937,13.030441920566576,1.36085794346512,1.0761055933784738,7.159178205406968,BC
7kg_16bpm,8BC,R,AP,preRiCTO,5.749940006972244,9.014985252730867,0.930514511699746,4.584307745874457,5.408150798896382,BC
7kg_16bpm,8BC,R,ML,preRiCTO,6.171798504903839,9.729195648770578,2.0756206309930425,6.396966475210323,3.6691806294396434,BC
7kg_16bpm,8BC,R,Resultant,preRiCTO,7.200227288801881,12.268404920487763,1.9411322198033247,0.18369549239575075,7.280857761987933,BC
7kg_16bpm,8BC,R,Vertical,preRiCTO,7.991367329871741,14.000114188315624,1.8176645493433221,0.2527560843374015,7.508411817230892,BC
7kg_16bpm,9BC,L,AP,preRiCTO,4.7785803386515715,8.712977946977015,1.0689772151297525,1.683330264158474,3.447465016933735,BC
7kg_16bpm,9BC,L,ML,preRiCTO,4.510764623591893,8.127818247386696,3.088703147742288,1.9423965282377469,1.6488483705520471,BC
7kg_16bpm,9BC,L,Resultant,preRiCTO,6.872294013099274,11.474812774483519,0.7079999883365232,1.2105707354462425,7.413913849567826,BC
7kg_16bpm,9BC,L,Vertical,preRiCTO,7.04774937422042,12.046806482964758,1.2026319440462276,1.5436516580135415,7.051676379035982,BC
7kg_16bpm,9BC,R,AP,preRiCTO,3.8418620243903296,6.832444658286985,1.1965317120965289,1.4184134349305928,3.023008974672698,BC
7kg_16bpm,9BC,R,ML,preRiCTO,7.137923840008555,9.842526478850631,1.8412349429295893,5.235562573056568,8.669200355422115,BC
7kg_16bpm,9BC,R,Resultant,preRiCTO,8.116430609465509,11.64550996806242,1.7552986531936194,2.0601592947859477,10.883898176124136,BC
7kg_16bpm,9BC,R,Vertical,preRiCTO,8.449723485655914,12.917894434561015,1.704608934591836,1.1769692184959177,10.61947939075525,BC
7kg_16bpm,10CA,L,AP,preRiCTO,4.530491178406358,8.310449282121315,1.728502172149156,2.7466374754960854,1.788615394747659,CA
7kg_16bpm,10CA,L,ML,preRiCTO,5.913654326469919,6.2771202102713275,4.342736548811603,6.262019180988137,6.490347802549421,CA
7kg_16bpm,10CA,L,Resultant,preRiCTO,9.226497784721213,9.976718866280992,3.046783006128482,0.8171675599935406,15.013859209473704,CA
7kg_16bpm,10CA,L,Vertical,preRiCTO,9.41441980520184,10.156263408427137,2.242984844173281,1.0203389119124882,15.46860014790943,CA
7kg_16bpm,10CA,R,AP,preRiCTO,6.26120766720642,9.559607759719704,7.40607392904052,0.8006448749999229,3.3255900123776048,CA
7kg_16bpm,10CA,R,ML,preRiCTO,8.408004850572361,13.121994552811767,6.405393308929957,3.210053141246062,7.726435542241758,CA
7kg_16bpm,10CA,R,Resultant,preRiCTO,11.34675678397152,15.447943651375185,1.9146817480561285,2.1226448429628157,16.21178711905323,CA
7kg_16bpm,10CA,R,Vertical,preRiCTO,13.37016266014837,20.45406661606697,3.3813394084215633,1.579671932078093,16.695744145509597,CA
7kg_16bpm,1CA,L,AP,preRiCTO,6.50540274945307,11.926172751782165,3.2590936706933262,1.1088020837296304,4.029833481848243,CA
7kg_16bpm,1CA,L,ML,preRiCTO,7.190261243162421,4.278867962050512,7.313829997454537,7.288785759242242,8.983970936373654,CA
7kg_16bpm,1CA,L,Resultant,preRiCTO,9.397312911573756,9.463028371311234,3.13687347246621,2.83480703814232,15.4840279788698,CA
7kg_16bpm,1CA,L,Vertical,preRiCTO,9.500536278567154,9.58690586642108,1.5287304978913558,3.0291522049424766,15.848732714357377,CA
7kg_16bpm,1CA,R,AP,preRiCTO,7.747436762580053,13.368689812147203,6.186536248524862,2.1515077006266683,4.479433040912385,CA
7kg_16bpm,1CA,R,ML,preRiCTO,9.163049544000872,14.211990038922139,4.1825171351407535,4.903934478718162,9.591747406242295,CA
7kg_16bpm,1CA,R,Resultant,preRiCTO,10.8986257011428,10.529698707532512,2.552622197259084,2.8618837635959573,18.457085275758867,CA
7kg_16bpm,1CA,R,Vertical,preRiCTO,11.997586050753787,12.903754601838697,3.6464362276656708,3.334090933763292,19.379966477139885,CA
7kg_16bpm,2CA,L,AP,preRiCTO,7.098306435069432,11.6440139659561,5.799744756511526,4.46615318884813,3.720089738386748,CA
7kg_16bpm,2CA,L,ML,preRiCTO,9.004785023130244,7.952732720326673,7.227250567925275,9.844863793119375,10.524130138824521,CA
7kg_16bpm,2CA,L,Resultant,preRiCTO,10.025032355716993,8.637902110080683,6.374770377620552,2.317670810457994,16.565792420667876,CA
7kg_16bpm,2CA,L,Vertical,preRiCTO,9.501035161580146,8.577748110012795,2.4708235610051275,1.3481870360678767,16.501431270654066,CA
7kg_16bpm,2CA,R,AP,preRiCTO,10.359135115815263,16.629408700089378,10.975414203044416,1.4584194143041374,5.752528772849471,CA
7kg_16bpm,2CA,R,ML,preRiCTO,11.095457399068456,15.120441087646785,9.458605881672355,7.136383952864975,11.108733862174216,CA
7kg_16bpm,2CA,R,Resultant,preRiCTO,10.503588325655878,11.504666216436265,3.608502751039337,3.3309988224768445,16.67680031674592,CA
7kg_16bpm,2CA,R,Vertical,preRiCTO,12.164557532865919,15.291635019343966,5.243412854031485,2.1728606555837473,17.861004336079883,CA
7kg_16bpm,3CA,L,AP,preRiCTO,8.028340336576045,13.580698294054566,6.521334414564078,4.518044790236102,3.5381528691750312,CA
7kg_16bpm,3CA,L,ML,preRiCTO,9.401840424663163,10.080882914690557,7.740623223328244,9.239514368884521,10.2939547055963,CA
7kg_16bpm,3CA,L,Resultant,preRiCTO,9.96690228846102,10.335438300169878,5.911467584832873,2.2713251241506147,15.640322606268548,CA
7kg_16bpm,3CA,L,Vertical,preRiCTO,9.829343158514574,10.837002112904855,2.000672434064836,0.9637336955572433,16.05149464550848,CA
7kg_16bpm,3CA,R,AP,preRiCTO,9.743540134422416,14.94616074444916,11.939597579302873,1.8622221483403003,3.6865370573297724,CA
7kg_16bpm,3CA,R,ML,preRiCTO,10.42369362230123,11.687751221252071,9.845158670875229,6.881432014674181,12.328629362589401,CA
7kg_16bpm,3CA,R,Resultant,preRiCTO,10.759003287318432,12.675155338252734,3.614802669885412,2.761063705936135,16.591964547180524,CA
7kg_16bpm,3CA,R,Vertical,preRiCTO,11.867357580903512,16.17940561402563,4.4655104162188595,1.7585536303380984,16.529798578247636,CA
7kg_16bpm,4CA,L,AP,preRiCTO,6.212891626801947,10.459309303839342,4.35979776011962,3.4361456225960874,3.8893352702253776,CA
7kg_16bpm,4CA,L,ML,preRiCTO,6.547524551337333,7.248675414758765,5.6498982459319596,7.153844513436717,6.009045851810974,CA
7kg_16bpm,4CA,L,Resultant,preRiCTO,10.274491029129264,8.136559920648702,4.678827351437852,1.3598774086487226,17.988751051632512,CA
7kg_16bpm,4CA,L,Vertical,preRiCTO,10.05225782312672,8.072323648419577,1.9598534479326273,0.7619852181645266,18.045066680644037,CA
7kg_16bpm,4CA,R,AP,preRiCTO,8.623391566463852,13.827619649388293,9.530413317469975,1.3253424746565665,3.999719686511561,CA
7kg_16bpm,4CA,R,ML,preRiCTO,9.561836962913675,13.280283266424778,10.703413784248367,4.291309194055644,7.597300165271018,CA
7kg_16bpm,4CA,R,Resultant,preRiCTO,10.665489627716358,10.936675808065345,3.6827832022274185,2.8883137680072264,17.487486088625563,CA
7kg_16bpm,4CA,R,Vertical,preRiCTO,11.049717194349821,12.53183539307666,4.705200458266505,2.2514135001535927,17.237430701682833,CA
7kg_16bpm,5CA,L,AP,preRiCTO,8.555980826642728,13.896188016130678,8.486943430442524,4.582017274584507,3.041427338244018,CA
7kg_16bpm,5CA,L,ML,preRiCTO,7.541896650424592,6.779901068550257,5.200195950712124,9.518417028978575,7.977532717159791,CA
7kg_16bpm,5CA,L,Resultant,preRiCTO,10.825765237698725,10.417754604896478,7.443509481323511,0.8300374002317565,17.23291386679965,CA
7kg_16bpm,5CA,L,Vertical,preRiCTO,10.182151388006194,9.980230946298068,2.371367818292347,0.7729047061278297,17.34896635894629,CA
7kg_16bpm,5CA,R,AP,preRiCTO,10.22744145081194,15.65806551890096,12.211439510732419,2.5855971124772217,4.558031132582368,CA
7kg_16bpm,5CA,R,ML,preRiCTO,13.088241579711566,18.281171140180398,15.046155210444653,6.9714636545098685,8.926572418154064,CA
7kg_16bpm,5CA,R,Resultant,preRiCTO,11.80314795420614,13.605489609523902,4.190590484100599,3.349085068651448,18.31726307610781,CA
7kg_16bpm,5CA,R,Vertical,preRiCTO,13.127927587672684,17.745311950775175,4.421737972814944,1.414272441231644,18.600444598439758,CA
7kg_16bpm,6CA,L,AP,preRiCTO,7.5485760957715335,12.975644653174507,5.7372882915467684,3.4418743993566547,4.051698818781173,CA
7kg_16bpm,6CA,L,ML,preRiCTO,9.61436727533795,9.64832677102146,10.350128771175214,9.955902670649666,8.441330423804036,CA
7kg_16bpm,6CA,L,Resultant,preRiCTO,9.441027924724716,9.596127189652462,6.6242606474279295,1.5061080338392483,14.605797908908144,CA
7kg_16bpm,6CA,L,Vertical,preRiCTO,9.052860077498687,9.914778475552344,2.6390045425052278,0.8288041545811954,14.713324018918083,CA
7kg_16bpm,6CA,R,AP,preRiCTO,11.231103990388652,17.902874172454492,12.674061412670087,2.5498375849373742,4.594089765978414,CA
7kg_16bpm,6CA,R,ML,preRiCTO,11.118767692434501,16.40204879405723,9.331893990848585,6.3821827222219385,9.932916983557538,CA
7kg_16bpm,6CA,R,Resultant,preRiCTO,10.940675835082764,12.82342541704197,3.4907465528661583,3.572379258264345,16.819003730182484,CA
7kg_16bpm,6CA,R,Vertical,preRiCTO,11.825338492578192,15.427719773014724,4.820609233645621,2.054964557252645,16.96921355338001,CA
7kg_16bpm,7CA,L,AP,preRiCTO,8.04166048403965,14.05377280991618,6.085917733751574,3.2750309083447084,3.9207526247836104,CA
7kg_16bpm,7CA,L,ML,preRiCTO,9.095093197061345,11.036954955382539,8.069770113444868,9.062443756718801,7.913490103855563,CA
7kg_16bpm,7CA,L,Resultant,preRiCTO,9.713059299066053,10.363608936559755,6.262555270731022,0.8785028523672616,14.992051376545582,CA
7kg_16bpm,7CA,L,Vertical,preRiCTO,9.155562004605622,10.012408475996903,2.226094076990414,0.37591634847823296,14.977711122076851,CA
7kg_16bpm,7CA,R,AP,preRiCTO,10.673783385483583,17.256233931436974,11.666644858240362,1.9882684534101074,4.644513918810112,CA
7kg_16bpm,7CA,R,ML,preRiCTO,9.293183982776982,12.49435901975873,9.279051353030978,5.561438353391089,8.535458113020832,CA
7kg_16bpm,7CA,R,Resultant,preRiCTO,9.658111599482982,9.092967784582324,3.0283058317368603,2.5561499869089817,16.36309876854236,CA
7kg_16bpm,7CA,R,Vertical,preRiCTO,10.530796676971299,11.827695410376355,4.429614897877205,1.2736061870868958,16.60886817593436,CA
7kg_16bpm,8CA,L,AP,preRiCTO,6.784252634840026,12.09443014624491,4.587753668162616,3.3690273209973407,2.6443534243351845,CA
7kg_16bpm,8CA,L,ML,preRiCTO,6.391833587526739,6.012177466824862,4.73233468321864,7.221880555216725,7.229715636135477,CA
7kg_16bpm,8CA,L,Resultant,preRiCTO,10.00773617890571,10.749335762322954,4.311438398991223,0.6548905999789588,16.11436658776834,CA
7kg_16bpm,8CA,L,Vertical,preRiCTO,9.963402174146236,10.980307337737992,1.8670199430307874,0.3783944877648337,16.315760778227794,CA
7kg_16bpm,8CA,R,AP,preRiCTO,8.244502651487826,13.862662333565012,8.298572507948816,1.3594221850819816,3.356742285047608,CA
7kg_16bpm,8CA,R,ML,preRiCTO,10.713307108636531,16.098674869805023,10.277358264212472,4.881294515219139,8.496171829408611,CA
7kg_16bpm,8CA,R,Resultant,preRiCTO,10.25218665731381,11.958536183662847,3.075134554935645,2.7019018338055187,15.958790216144171,CA
7kg_16bpm,8CA,R,Vertical,preRiCTO,11.150947589380685,14.762762461749382,3.423486808292715,1.5140120448992072,16.12441483581693,CA
7kg_16bpm,9CA,L,AP,preRiCTO,5.9198650577068594,9.744941015432609,4.2367490263012435,4.136508493778081,3.3334523961752867,CA
7kg_16bpm,9CA,L,ML,preRiCTO,7.135978702883697,7.160299787535359,4.431409320910832,7.850535401233274,8.388835768397323,CA
7kg_16bpm,9CA,L,Resultant,preRiCTO,9.216013213374538,8.684956390798526,3.7116042997934717,1.4845087556704182,15.557855854604588,CA
7kg_16bpm,9CA,L,Vertical,preRiCTO,9.211886307077714,8.454501755100843,2.092206496663309,1.4151878891636989,15.961825451025499,CA
7kg_16bpm,9CA,R,AP,preRiCTO,7.694507173432535,12.048607865863172,8.644807688110909,1.847012877647502,3.9072014568936635,CA
7kg_16bpm,9CA,R,ML,preRiCTO,10.088215408440352,14.547818434662851,8.944749398738558,6.274444759150037,8.778416717223683,CA
7kg_16bpm,9CA,R,Resultant,preRiCTO,10.917134114051692,12.957001746413829,3.6703650845959435,2.5533694086727223,16.802800027061505,CA
7kg_16bpm,9CA,R,Vertical,preRiCTO,12.331909006360853,16.584081398348882,4.455233303106754,1.3556371668941645,17.47713743981703,CA
