cond,seg,p000,p001,p002,p003,p004,p005,p006,p007,p008,p009,p010,p011,p012,p013,p014,p015,p016,p017,p018,p019,p020,p021,p022,p023,p024,p025,p026,p027,p028,p029,p030,p031,p032,p033,p034,p035,p036,p037,p038,p039,p040,p041,p042,p043,p044,p045,p046,p047,p048,p049,p050,p051,p052,p053,p054,p055,p056,p057,p058,p059,p060,p061,p062,p063,p064,p065,p066,p067,p068,p069,p070,p071,p072,p073,p074,p075,p076,p077,p078,p079,p080,p081,p082,p083,p084,p085,p086,p087,p088,p089,p090,p091,p092,p093,p094,p095,p096,p097,p098,p099,p100
15kg_10bpm,10AB,12.704102169180514,15.450070005746587,23.05673114092285,36.98888627327226,55.16655858853371,72.52019356380113,83.88451871214818,87.75303339127083,86.67636645880997,84.25625218862116,82.6430428855282,82.20513956439481,82.42116773055696,82.62832791029737,82.21634895393565,80.71264810515564,78.12036553905978,74.98381764258716,71.87192922509459,69.0631145604608,66.71722386701059,64.92719591873859,63.517852125484524,62.16059325332562,60.927610055454785,60.54165289576203,61.750229642596345,64.50879879863842,67.96149629088015,71.12782956320105,73.4116761536728,74.69958626965432,75.25889926885537,75.41760875825686,75.329837820748,75.07208159898636,74.69690642415692,74.23923499410473,73.83328955675651,73.6816030827189,73.87568037457625,74.3093231938974,74.74416022547007,74.99128749769302,74.99826433289445,74.86434182943599,74.87592499666061,75.2654587651274,75.92190685388508,76.58191259809475,77.20393563902898,78.02054397997148,79.21798617530634,80.57946837696979,81.67485368972636,82.33580810947237,82.65078618491843,82.79458097328275,83.06485399727093,83.77074050953247,84.83963465322861,85.77198688791663,86.2380234482676,86.51279469864052,87.0577827421288,87.86462284705975,88.52693359881421,88.92914104693496,89.4554492382025,90.26673385810429,90.80312271483437,90.38626468717752,89.18701613812448,88.18768270140136,87.95135226090473,87.82485334839615,86.85806775318113,85.10114289816225,83.47369470215672,82.65948593854971,82.58463772702258,82.8235587689944,82.9998627416993,82.84091225586752,82.11083120886641,80.58590774659112,78.1735029532774,74.74167074164362,69.84941603263596,63.131437044499044,55.09628117807084,47.126159579041605,40.12763400657616,33.78874994106155,27.09247715301698,20.02103247431264,13.93480633070877,9.955646993861809,8.04876789269326,7.195998436472734,6.156079730693559
15kg_10bpm,10BC,9.71086457857612,10.369955812820255,16.751337528514007,27.789275797421755,41.62117877774559,56.523831940890474,70.53693727582018,81.83160259615191,89.37607110645824,93.19384775448242,94.0002139211852,92.7257118243898,90.30752670763658,87.61968989257649,85.36487847214102,83.92952556100495,83.28177872702122,83.00880540473598,82.56484942888979,81.64592640221748,80.40892718714505,79.29836483318806,78.63086265954816,78.36996195728233,78.27147494529655,78.14875475660423,77.95304357228493,77.67729772521645,77.27447610201345,76.6692156441886,75.82618016134786,74.8253549925659,73.85912558846911,73.11376529927603,72.6408410511913,72.36313128918334,72.22757827144342,72.31191373459045,72.74332834106116,73.51449901371265,74.4056103740241,75.11172150483192,75.42697480977877,75.3218209934592,74.92554549546895,74.46564307018144,74.17716371727383,74.1962697921882,74.45775185011877,74.67228440764988,74.49737900448284,73.84124363225709,73.00690708529423,72.48223108730922,72.55439536526895,73.11407680774755,73.79295306156034,74.25387387613783,74.37635098497226,74.23463373643837,73.95587007600656,73.60643232440249,73.19541644935,72.76093348889071,72.4043067012216,72.19432428730191,72.06153149141642,71.85792533908504,71.5466209347457,71.31206383204352,71.44837095234239,72.11413875506837,73.18271789155293,74.31315282252342,75.17126663625346,75.6232130539846,75.75856127699802,75.75360447115631,75.6968577460212,75.54724857698528,75.2780257837535,75.05419774776152,75.2181210457774,76.00916549266304,77.15473704462457,77.59919802381944,75.68336898501575,69.91300931005803,60.01610511914466,47.63272675178867,35.89261468096714,27.478012856812622,22.66108062485108,19.99874825360716,17.981405462702313,15.699992003953831,13.185005415020445,10.86854542849003,8.77254777388352,6.548356847878109,4.1199229210693815
15kg_10bpm,10CA,7.3616950267430505,11.989092758660124,22.093472695392194,36.66137238051764,53.96384485030198,72.01707532571501,88.71538581993114,101.67744179433872,108.4723630267188,108.62635525373229,104.94315417325572,101.11379596217144,98.88487641940296,97.99363809309055,97.34978490381508,96.15768764972759,94.48253539016856,92.87039302653466,91.5937310727411,90.57551416580588,89.79489432557615,89.20108393659434,88.45096783056799,87.04837536445244,84.85166830757565,82.31689405843719,79.99603841113321,78.06302330304776,76.44119148101426,74.7948512965072,72.73029045033451,70.5330489703529,68.74732635659785,67.3509823815194,66.19925795339815,65.47787010449223,65.46960762854646,66.22496449187211,67.34218368067447,67.96346200482323,67.07852183064168,64.46402127802601,61.566232340161235,60.33112728459316,61.33277156081866,63.73490785414551,66.26822865437914,67.96475621691863,68.66100633551066,68.94802305301495,69.14686782878877,68.78544711530448,67.62126780271375,66.35922797070182,65.789662081527,65.98477793944161,66.5545077023459,67.2583331064974,68.28656674905362,69.84957754103364,71.81939924769432,73.80815609039496,75.46179251333488,76.89069761830716,78.33026516225961,79.32012054846302,79.22328660879123,78.41222799745644,78.15235243797774,78.99899037525131,79.92022843667087,79.75794783691143,78.90578216520815,78.53954699026902,78.84028748465501,79.19024165762144,79.47782892322537,80.00969516299946,80.73385986379787,81.09579620293351,80.33668502897441,78.5549339552595,76.47699466026614,74.1763209203992,71.48215024162617,68.9680921041232,67.58342041010543,67.17075432873624,66.47388302071089,64.60052226828756,61.71248163156873,58.36338506337427,53.989378211567,46.45527479302581,35.50987370732544,25.243917934755125,18.923913937307073,15.237540853146847,11.3945417921065,6.640363913433611,3.649635293902486
15kg_10bpm,11AB,10.764967011819005,13.141856246993905,16.725316278585495,23.888332795413778,36.80279985014189,54.12930181006312,71.40790079345182,83.97989248549322,89.87948528012168,90.44762358154657,88.5858652985883,86.66337054667335,85.51498303933577,84.74329734960082,83.62879926481432,81.80410138355738,79.4072510037764,76.8407182444413,74.49144623287218,72.60153865584581,71.18126031816477,69.85194183282513,68.00005494412493,65.47733939907874,62.9172318457149,61.0351188761524,59.93457692543166,59.25664714786042,58.82444968980634,58.84401737598936,59.47454449621186,60.77120187222045,62.95828660701492,66.07003969128361,69.49956884487605,72.3409807300496,74.08377080072397,74.90113617477053,75.38637208484417,76.06950827606899,77.06320809112447,78.07979255439896,78.7214841390168,78.82928480012278,78.62398397645524,78.49836898991806,78.56574693154002,78.55980579270643,78.27744546273675,77.84881676377641,77.57639239993172,77.7525966331777,78.47872326473319,79.48649562244901,80.27875642061161,80.56139629310874,80.54172616507176,80.65224813779545,81.01599150152511,81.41758058302067,81.68329514989979,81.82873671881357,81.8949758478709,81.82779021054226,81.62870966483385,81.50009039334495,81.65145408881682,82.13057534890696,82.92796935647166,84.04063288965025,85.47375097883962,87.15560045415332,88.73811778424451,89.68151465226961,89.78131703838251,89.27100336216691,88.39134726931275,87.29275769556939,86.19491276975023,85.26237423994839,84.4327492125021,83.59241444120455,82.7980673899849,82.20266288934764,81.87603375861713,81.74716115555515,81.36128081461663,79.39062211618713,73.97934850694728,64.79636942367243,54.73280522782346,47.452185359461836,43.54811656338294,40.6501215172975,35.20347463144996,27.079371104813454,19.614301250429232,14.406049855960964,11.400556385363277,9.369270263525554,7.071492504357554
15kg_10bpm,11BC,9.913809307554098,13.276154987888788,21.854398252610398,35.55834162630528,52.323208102170334,68.90420757183763,82.02982819716279,89.97920778452897,93.19156458245651,93.34485999919514,91.97390730990743,89.86864957089969,87.35506533871991,84.77466242261221,82.56172318435458,80.94525746422681,79.75423022200798,78.62096918696335,77.39800836966782,76.3391388400303,75.82847606521953,75.95076473482382,76.39007279081422,76.73128546396234,76.77954401793262,76.5872906069232,76.28146857283716,75.96339262709283,75.66993214836444,75.28277244711995,74.53992232111558,73.30493389670916,71.84439547805971,70.73868415975227,70.44347682665527,70.93282463539701,71.7874471756593,72.58979797945858,73.15665996570091,73.46174995158728,73.50062880138906,73.27528727484282,72.82293718515756,72.19914138605442,71.44742360159243,70.62166781725594,69.85138272375671,69.35569428519685,69.32771498958073,69.77462700378044,70.49186812224403,71.22067269094504,71.81856715182047,72.27573116227748,72.642588466878,72.97573660967004,73.31597900399977,73.66697659308277,73.96745290620885,74.11906516264287,74.08080371106932,73.92632074930832,73.77848643504588,73.69132303848025,73.62306635288766,73.52372153462771,73.40345983286804,73.29905550711307,73.20946784732222,73.11710611875267,73.04779369947974,73.05348452292046,73.16181981881296,73.3764161165831,73.69862296592055,74.11007798079564,74.53734598592749,74.86882562097786,75.03727698280039,75.0613650496016,74.95242467311206,74.61065299986853,73.90998377921902,72.97684434375194,72.40004436788028,72.973227728883,74.78408902763667,76.17714392365279,73.93888835491701,65.64915063017762,52.72438256360332,40.3537020449388,32.955457884637056,30.75918765691021,30.88724755818769,29.620457962945142,25.318665959161898,19.08596452232226,12.871785766684647,7.781738209498385,3.943202240190825
15kg_10bpm,11CA,5.475519246655244,8.15069300784864,12.218626349517592,17.59183489500277,24.211099658825976,32.29703444151483,42.55702147045251,55.662522068343065,71.06144358221019,86.33957345377081,98.38855481676573,105.23197824197666,106.90998810842409,105.1985990280997,102.38181673581927,99.92960647853741,98.20623007413434,96.95118416439813,95.75363435899389,94.31374412924292,92.5510192830763,90.56939209592512,88.66902048077111,87.28805077715906,86.67622985526216,86.59370901265095,86.40119298166422,85.57787410700865,84.38037781774176,83.55754100227858,83.24969993330411,82.74205834752262,81.40816746243038,79.4686805069321,77.61769896869818,76.15597366707321,74.85956661626403,73.53926291931617,72.20524230926615,70.77898668547846,69.14736658275143,67.56901241826,66.55846071515775,66.33736739028457,66.64356956898838,66.9507983694628,66.85701120009638,66.33275384414534,65.65060254794459,65.03187802033165,64.47151452899226,63.99160445739773,63.71226301401462,63.688122209657955,63.90123596600998,64.40094165993804,65.34554198670848,66.70787915706481,68.03462233319699,68.7024293419895,68.53512745160677,68.08251571907866,67.97729253101716,68.20263092941742,68.48427339235197,69.18065000259183,71.055983086365,74.06100174557746,76.95301975091324,78.43017576833414,78.36371969031646,77.81843437403644,77.99386592413005,79.01758972231796,79.92690812789624,80.00359491268547,79.53287391745286,79.12334587678698,79.13147659673342,79.83849391651079,81.37116350632442,83.1719516010698,84.2105841402647,84.06440895676661,83.11765767670074,81.95839860439197,80.8221626683013,79.45413709147988,77.88793342042563,76.48131020435595,74.54714621532332,70.16802994375107,62.46063742410462,53.299080191852,45.527502605734085,39.628001434856344,33.36210210962496,25.17412441126984,16.582971880578537,9.844243240054517,5.252433709221417
15kg_10bpm,12AB,10.800554261740823,15.071364001531057,24.914774367620318,40.57895582088424,58.25589461990565,71.86474521674869,78.4812571287563,80.50828698693289,81.07189006390017,80.97324677717835,80.15656988591937,78.92811680616796,77.80505098573568,77.10469738109731,76.6119712443438,75.58294882033904,73.55761901491886,71.25536206358773,69.90059204352276,69.84851995189996,70.45901430857657,70.82985612065382,70.2355161207587,68.67096982804543,67.17455568078093,66.80959669405387,67.55847696770982,68.61304998980887,69.62771750942711,70.93854421194442,72.52113928842584,73.77783033268378,74.28015674911022,74.4464154117959,75.12585874307729,76.33620772242051,77.14288892523689,76.77870818690563,75.49661877339075,74.32693612680781,73.84772675568625,73.6616094725488,73.46501514170005,73.62224441826281,74.3417400800994,75.13586589830678,75.61755453411278,76.20153302810525,77.37196228714711,78.84310606317744,80.0162145819436,80.6963115007229,80.93735530767061,80.74313298332387,80.28493605825751,79.99138415499387,80.26858551633609,81.04294927215389,81.76790413678829,82.19212015506787,82.59329515177642,83.32137993256188,84.59209818053868,86.49275312788042,88.77961191820319,90.79330054706652,91.89713089160091,91.85735626801583,90.96345025062969,89.9693362040121,89.56416224554418,89.73175915608962,89.74769830426388,88.84242768392178,86.84245379734504,84.28825812590804,81.93265837506404,80.19402464270843,79.28918452781801,79.41934811348885,80.37183854762871,81.57609215007533,82.67220954191946,82.90917904147173,80.60111118811396,75.25921865103054,69.24879297377696,64.97080060036322,62.13143635189178,58.855506080761174,54.21191833186632,47.974894156674196,40.15305474395211,31.99872651473219,24.520197316544632,18.21728860938261,13.756412922622605,10.925258992981304,9.037976523934216,7.799073851339786,6.755117144567213
15kg_10bpm,12BC,8.071134288338715,9.129100557001973,9.885243886468524,10.390609694753696,10.489265044333864,10.368842513186669,11.695711292390062,17.28634367404355,27.78312200051324,41.82497508336412,57.3099329022536,71.86120709771008,83.5697701859242,91.50178559238503,95.55963556282565,96.12458314484455,93.98215304653829,90.35666019594935,86.61979248071196,83.73303180647153,81.94223544298788,80.9404761360682,80.25437370180441,79.54575445483918,78.68156776240306,77.66746370394115,76.61352596636608,75.71969419610662,75.17029377685235,74.9831890601971,74.9950716683931,74.97484905660676,74.72659861413017,74.16767509224901,73.39556608834432,72.6485666993413,72.12225230061624,71.80232065141078,71.5187794175706,71.149166777285,70.7161068844008,70.29098022601818,69.88002011697907,69.48255202867426,69.17153582257066,69.00067935529437,68.89636652557991,68.71534818393951,68.42384392799664,68.18573253234894,68.22998358196568,68.62977598423404,69.2053241132723,69.65162434222263,69.80832454382465,69.80885148534972,69.94962580540609,70.36482129819704,70.81706527842401,70.87508557754418,70.33125057386769,69.42533330679092,68.6465435790612,68.32447986997951,68.41613748125218,68.65485906310927,68.8335664956255,68.93982311971861,69.12262074398373,69.5976624103086,70.49263010361317,71.67022276457233,72.72558630737439,73.2462537879318,73.10860537408648,72.52239562439011,71.84411134500911,71.4133381139825,71.50211311856691,72.25781583468796,73.5347300870844,74.77450717441624,75.27562662888187,74.812140676084,73.96003460996467,73.52137719757678,73.2253052890208,70.83341566169041,63.17196627656935,49.33051144347261,33.28348143455062,21.75815462201184,17.2318323517502,16.217745429580326,15.216045953180759,12.668705103073316,9.507176762390607,7.282623544161908,6.357704017346289,5.674391167894896,4.040222504264817
15kg_10bpm,13AB,10.841059171297516,14.195672343434333,19.084840976002024,27.424893919290493,38.58631339528993,50.63344437297088,61.571966542210895,69.99251412285389,75.79707785088817,79.84109337349187,82.65714016131453,84.03630299323089,83.91158903623665,82.8434035362128,81.52580278528616,80.33989833122058,79.36951399447442,78.47362847202811,77.10631351695467,74.51701878126636,70.92755615186134,68.03298528253059,67.36475006818561,68.39526395723688,69.04714324581235,68.30277927389791,67.12725194385837,66.96390016433247,68.23301870174487,70.26243756613806,72.49536719113354,74.68104515710974,76.16284611637195,76.55602943592875,76.31767766802263,75.84348351039645,74.98344160849398,73.72984322787546,72.54638508586628,71.83982049716637,71.66619109918314,71.85195802412754,72.09102500152443,72.22151289591997,72.43489762567386,72.9804296669513,73.8494149812313,74.87689550801079,75.89812347220065,76.79970374388857,77.76036529543195,79.1771432431846,81.00947292505087,82.6432935703493,83.5881487980843,83.9369855923511,84.05441039577751,84.1505606259084,84.32899036159111,84.64825316729404,84.91235363187567,84.65218353432118,83.72729662688627,82.84129568645048,82.76471994786283,83.28037314457248,83.62960135032839,83.62638323424366,83.85003454323916,84.85207190492066,86.27018279456365,86.92163817655992,86.0107586094835,84.07637692065599,82.4949624171547,82.04174220302886,82.15789946559458,81.86085509891991,81.01066922275469,80.20362505644702,79.95242428192262,80.40337833885872,81.31087809462943,82.05189372301749,82.0147264685536,81.34324101177504,80.99421186825028,81.08313130551929,79.01138078235897,71.06251031909045,58.286183451032386,47.54407471625843,42.526118898990504,40.80195557162526,37.14234358364839,29.87569222958636,22.47045588779281,17.52020215089855,14.358611173305777,10.620736095522592,6.573468916691088
15kg_10bpm,13BC,8.244060258124984,11.290615404233025,19.08883264314561,31.41977319805687,45.97617015863498,59.8841875769792,71.04324978810955,78.86493333865445,83.89277687175687,86.95414533032194,88.68847527648789,89.55225646413777,89.94863633357028,90.19309249887945,90.37269687838777,90.34871487464837,89.97789440287188,89.32010684501259,88.60585968744293,88.06990380444066,87.80005239602366,87.62354018481882,87.14102892516243,85.97668257572673,84.08567869139068,81.83102243207337,79.7166689728139,78.04143384720597,76.79446625841713,75.78981502566708,74.84749821602465,73.87831837117125,72.86303991306185,71.81474588457517,70.77212415519139,69.79311890382976,68.95739963320464,68.38605052741744,68.22318878782126,68.53900090994577,69.22159783839317,69.99988047089172,70.59955329967693,70.89214768283337,70.90743304449781,70.7244127860589,70.40271446391752,69.99908480319411,69.56671885912722,69.12280335295577,68.68004391425661,68.33057904340427,68.24611187363432,68.57013681989834,69.31054324957776,70.33330869100652,71.4472090082605,72.48287158810348,73.30223080096023,73.80031672975531,73.96039439028175,73.90906366143042,73.88079770669816,74.09031516178233,74.62466999589275,75.43360829967575,76.34860965392754,77.09165424485134,77.40011287646243,77.25334403527104,76.89485685227825,76.558970379372,76.27167207529122,75.98496483625681,75.75824288006685,75.69189715056771,75.78559467975408,75.94424185313055,76.01584699271191,75.80640710368347,75.24450538642272,74.59879936393108,74.38664271664348,74.9063681384351,75.68986864853667,75.32649988116287,72.03361316141768,64.84714028980456,54.67655951794682,44.326243861092486,36.66095724707729,31.975205947534132,28.477768314864406,24.694293043259492,20.380140611791333,16.246398130518664,12.924982636871245,10.238462527324474,7.600821164186889,4.9087070518366485,2.679211763530839
15kg_10bpm,13CA,8.949429309759532,13.83121828494735,27.391158870146068,46.5875662572527,67.98572960116441,88.14553651256828,103.49380683781897,111.44745177690952,112.0417383001465,108.11279274688212,103.35862959628065,99.92094662139027,97.80647391073461,96.2020655690373,94.82850991028188,93.94856356274202,93.42753129205506,92.56351594482683,90.98550935005213,89.00534052919647,87.14712602178953,85.71729443959309,84.64840550105849,83.51075336148908,81.7183915748562,79.00883778398065,75.933598178903,73.32863810476564,71.28497596199718,69.26557384705666,67.11346037880749,65.28774414328785,64.00943996896353,62.783778366104286,61.26918902724068,60.04632437976508,59.97442674440534,61.22761965214602,63.08665142929901,64.54507807464415,65.37051506783666,66.05199857454126,66.5468222691631,66.18230852970395,64.94189789248479,63.83786974549442,63.87050958898069,65.10565458147926,66.71953297581325,67.74161508339745,67.86789750199841,67.56756730158304,67.35683739949424,67.30091011717047,67.24111637545764,67.0705253658451,66.8397331787879,66.81511075471101,67.22106268002877,67.93631949469088,68.74388262189045,69.69423445014236,70.87963826256802,72.13671535496793,73.23373768093013,74.09527806511234,74.7756381921361,75.30872450525393,75.59995396998241,75.64520996204377,75.74406195590952,76.17270847141205,76.70749408717937,76.8238348026613,76.48063173439141,76.34533832438201,76.96233527170256,78.08606426089369,79.15833034046103,80.03460335895043,80.98930052845719,82.43893286501812,84.4635570192603,85.86742373811971,84.65598414299437,80.76801250674362,76.25591842444179,72.37984719919314,68.69300714665631,64.74500716816691,61.06325079256316,57.32626278318178,51.676778403808804,43.75915451001922,35.9547767239532,30.20799932236291,25.7487720669876,20.462789036318746,13.943142431000293,8.189246926949588,4.489880361451386
15kg_10bpm,1AB,9.61974487737946,14.27317772078327,21.69303772120932,32.20392619252443,45.38540612507885,58.90822859464951,69.91567961251104,76.90236886648368,80.17985199261379,81.33178681627689,82.16504570163578,83.45545740979405,84.69012687496969,85.10631825815639,84.61284610406375,83.68158890986034,82.5927925490131,80.99083545357422,78.38246495883533,75.1201108403174,72.14909464467571,69.70452741851965,67.19746187599759,64.4205405026225,62.11767319945152,61.044021345750025,61.01107945575175,61.25073570043331,61.498287252814926,62.164562693483305,63.57521456504296,65.62048221385372,68.17091944245388,71.07518253413961,73.61535283970385,74.93387279088948,75.00702182835413,74.63295138633572,74.60648678103941,75.04825667779326,75.46075859122504,75.36096453675387,74.8373169570725,74.417038531343,74.2850013408502,74.05300262245962,73.64997100408416,73.73445437850079,74.68899827636235,76.0488109849038,77.45714173554094,79.1821350601745,81.36936664416774,83.57169943499713,85.18660543972442,85.96133022482904,86.05456180482224,86.01234869740387,86.41352537046787,86.96851302893431,86.66304485498172,85.2830254950064,83.93194160519381,83.7506293475052,84.92081371326348,86.84681629788072,88.66218473461626,89.61346429147548,89.47249714909518,88.55884655564141,87.41487039593363,86.62347072707128,86.55482225047646,86.96569670373293,86.86399087922298,85.39695176303988,82.95516114864188,80.81621777659414,79.97037497207225,80.46739774708419,81.52790291455696,82.23789248079466,82.3553406261047,82.39968807834644,83.13049388158143,84.93720974639267,86.87928221712808,86.41681062950305,81.48689735536786,72.56403115960705,62.33508102726153,53.97845429712837,48.27822838530673,42.92656328086511,36.08363539342173,28.677204916223648,22.622894626588874,17.970242059288868,13.28718099859803,8.280233111336816,4.121024339109294
15kg_10bpm,1BC,11.502405944222447,13.061294363698384,19.984159177451712,33.123892007997,49.339581870230795,64.60247364506509,75.81315831846676,82.35431284751508,85.90918196935601,88.40525233661955,90.30142822402898,90.91659858595548,89.84453769308672,87.62351638284065,85.22760931552413,83.31939782080448,81.98006483475609,80.80687080692597,79.27835676350007,77.3966140792907,75.92357690609735,75.60533932209843,76.260192280795,76.99833124946544,77.18332264884687,76.82110135046777,76.1643576314846,75.37773245409313,74.62436387875441,74.06785156123186,73.59895814026144,72.89088666073395,71.94305748657261,71.26752396151002,71.35620398679164,72.1228100059551,72.97124482306988,73.37796232519483,73.33689718737065,73.26208170827032,73.52142484557072,74.09014101837538,74.60565295555692,74.70599172177322,74.30079775077932,73.57526978395671,72.84739859462066,72.45562295474635,72.64531530730122,73.42568211292762,74.53804635372917,75.61455656716689,76.3688918062892,76.67244662431676,76.55451262662898,76.14509824177212,75.6107731956637,75.14697433487214,74.94989020974245,75.08849672177955,75.4144230000689,75.62468233083682,75.49488981250398,75.05061054169363,74.46248999322255,73.88271470882442,73.39394383110162,72.9642272311319,72.48537578825922,72.01494625834749,71.85429767775682,72.17152529696877,72.72370313474129,73.14587734654359,73.29619700663906,73.21784418477468,72.98364424016746,72.73108162033124,72.78454509489734,73.49164892499878,74.82414368651614,76.26024925034643,77.1633492196673,77.33052212098939,77.26075470031948,77.85930708094685,79.42236074749148,80.60742257523671,78.9220402388006,72.76272863097012,63.06283858921822,52.79341395521989,44.3777142878989,37.57440722770374,30.5301777797695,22.82981944134137,16.384857588084106,12.856759103512921,11.197234840660855,8.869251652020234,5.16273777609976
15kg_10bpm,1CA,3.5299242859281748,4.4544063217889835,5.893905061202357,7.612095440883613,9.800723002787635,13.714680365958236,21.796403413749605,36.14885853230395,55.95433419326305,77.15188876836497,94.72784519500159,105.71941826980421,110.41980656995624,110.90991880182251,109.18389136299048,106.7352880464209,104.56381502324179,102.97116711532705,101.67186880911213,100.19029397438418,98.31770224451165,96.36757191275622,94.86367867974378,93.92788071811785,93.17510239468574,92.12999324652326,90.60466356103552,88.66860768646148,86.42033002013626,83.94021911554631,81.4184311643408,79.0792609807767,76.85249794260238,74.30499207753336,71.2859830356175,68.43525658170776,66.48502197600483,65.4117195795331,64.85207702599806,64.75667344749482,65.01882848476255,65.10075060528868,64.63348235468827,63.92116525080002,63.42741555582616,63.23730363513916,63.12909373774717,62.9498842271449,62.86606783039989,63.310161305469855,64.59242635741194,66.43131442006768,68.09898053074164,69.16094533123696,69.88981322176346,70.66177691595172,71.176287115699,70.91966594253944,70.12475463725238,69.51953322548574,69.36431860722222,69.3550836416772,69.37297404451009,69.7717148130166,70.69375301228891,71.72954992311315,72.56783163613733,73.2917066909086,74.0807941928565,75.0099266547003,75.91297285588503,76.43566979224448,76.45256071482989,76.39585025931075,76.99567780262858,78.65258871034078,81.05327285145825,83.2390254699906,83.83470912908157,81.94360462755725,78.3098375490192,74.73431588781656,72.4072276928608,71.13381258479654,70.05789991350632,68.94167593493123,67.85732331093655,66.19488705845102,63.516764587001745,60.09682620888117,55.81244949040568,49.58428193167835,40.79160335485026,31.304412032626963,24.491554286041765,21.519294401051372,20.342243577635042,17.872045374706474,13.195225881582296,8.50076879174804,6.185169280422899
15kg_10bpm,2AB,12.178371748164649,16.150216836279448,23.815055904538703,36.10498363783532,51.8620965327244,67.81310886425238,80.1909529502692,87.20103032642415,89.62652940501441,89.46421195641902,88.53047447115244,87.71567562418164,87.10875708208657,86.56028103608222,85.78424072236251,84.3796942133181,82.24969566861061,79.7161618050317,76.98047999939459,73.9146550548735,70.4934078099757,66.93424949426394,63.47877277055646,60.50570962300907,58.668082547567316,58.4596566140895,59.727684345771046,61.6810464855451,63.46407856095818,64.7942679672386,65.85750810752002,66.84337196854702,67.91387949386161,69.33352145120602,71.21989482453671,73.31352480267644,75.1912263468897,76.57168059791717,77.32027898006989,77.40242012903356,77.12556217961146,77.09510565524748,77.58758267084097,78.32635426560427,79.07386368460048,80.03448213509678,81.35016569002948,82.52946730578891,82.89187385189227,82.4690375013084,82.11907510767249,82.68930984930974,84.2453454476396,86.11807000817063,87.55446323696364,88.22380460162046,88.17828050074232,87.64011475009659,86.95867471627375,86.51437364460965,86.34947787360774,86.06711478262828,85.42315506776691,84.77261997224163,84.64781250737732,85.19324738274051,86.06489523111918,86.68246921166941,86.7246571331482,86.46590081391815,86.40220149101211,86.64122752023216,86.99272966562084,87.377792353484,87.63730581066935,87.35325940491569,86.33468028652256,84.9975576104487,83.99250326944117,83.58932742755722,83.59890716981363,83.68826931970803,83.70567302510513,83.94945068401891,84.96704427430576,86.50907508185098,87.04702961106445,84.74224205848012,78.45645335897667,68.81259438782257,58.650082528213204,50.80422255685933,45.281959189487495,39.57373150045205,32.14940822442889,24.421138127340598,18.593279419395213,15.010148797545604,12.212962611722052,8.952469594216481,5.331451356275862
15kg_10bpm,2BC,14.198795963169873,21.397046914552217,35.140239230576796,52.98600471026318,71.08358407839052,85.75695025664439,94.82308085259795,98.11600904599791,97.11880034300484,94.0934170542116,91.03707035504031,88.93887617618454,87.76038714316135,86.97122054427436,86.00439561769105,84.46163778444212,82.31633156973133,80.05300060835015,78.43155632684928,77.89307236811555,78.08774014337016,78.09806302852131,77.3152517901964,76.03097244165704,75.03670473825349,74.76415987840656,74.93965363350038,75.01310181772911,74.73188308031672,74.18725623793985,73.50025778131673,72.67668828028542,71.72897522023383,70.79658851277621,70.12694954592642,69.93066596119756,70.21280996180413,70.77534668507471,71.40972075774548,72.02909054171239,72.59763841756171,73.00792910620626,73.09381747329499,72.75261901776814,72.06030141130113,71.28678723958592,70.78660711076739,70.82946914096482,71.48423951116068,72.5811065027581,73.78925492260153,74.8175279322554,75.55165474529122,76.02954426112505,76.35486749301378,76.63318076315673,76.94036153505061,77.29092206940437,77.6478490026231,77.94378439654486,78.05088872458391,77.80831009596443,77.17297876138512,76.35462904481919,75.71474328968374,75.48267226533613,75.61561894167193,75.90280011089212,76.15427291735689,76.29369796955531,76.29763982224566,76.13779119871607,75.84262480806662,75.58603949761735,75.63292805947944,76.11243019045149,76.85594682769074,77.55205272816187,78.09001341305694,78.66718148037869,79.49044224476981,80.36200478807534,80.70156924321735,80.13751606582727,78.89058627221819,77.27140114691092,74.84326353235338,70.39007144067233,63.140026429381926,54.19289195094214,46.15783821388902,40.62068003002003,36.46075662140566,31.567466316094098,25.631351660618993,20.65777987793366,18.670495384848955,18.61583119248442,17.058800440073306,12.255193139231594,5.8708296446330115
15kg_10bpm,2CA,8.160310219482117,10.619364674897275,15.056822824001525,24.591221020219663,40.86179946307463,62.12882396939795,83.5995983576455,99.83532185726122,108.45681560060304,111.17303265767718,111.10581431126478,109.93457585991992,107.84343430611489,105.03234894761754,102.1232158599039,99.60009101515013,97.58584079587534,96.0131122584057,94.79035737208967,93.78125676169637,92.75840049480237,91.5392489653554,89.85795944476382,87.18322827367253,83.41415585295242,79.49990893994247,76.64379311612105,75.24250258657528,74.7601284741536,74.16817288424332,72.70422489229256,70.68560593534401,69.32339295188702,69.28786025203982,69.85784597978883,69.94485456733746,69.39895569792115,68.9856345322217,69.31083614885709,70.20634950200797,71.10791556476771,71.65230675370678,71.9950624829445,72.23493775290989,71.74114793678105,69.9816599401058,67.69558743692325,66.25830826361033,65.97914148675396,66.02570944295601,65.96442935970941,66.17979237197903,66.83256620167981,67.4522145080285,67.46699750399642,66.7501293223255,65.93080753824609,65.78619219110188,66.24222998218568,66.8957414304764,67.95050525896518,69.56364354864233,71.2099025018925,72.53882358886402,73.82159775402089,75.12326793813683,75.98215243711965,76.19350549431476,76.23292911061445,76.68792123878286,77.7103662546362,79.07239737045965,80.4074341933992,81.34276541655534,81.65021093846089,81.34863802602916,80.72129267106213,80.22102950199731,80.35131220335558,81.3727273938459,82.53309189744958,82.40028269965873,80.85939256433385,79.33912793678708,78.53885666252796,77.27331244307537,74.25671795666679,70.1372103547864,66.24346302053769,63.23044886290054,61.23432265474328,59.250901421825475,55.00822292541138,47.10995819895933,38.21487363764861,32.57450669856049,30.191140066197846,28.027892641231336,23.124955988860794,16.387772533669306,11.457784220900475
15kg_10bpm,3BC,7.977368979309533,8.621646386597893,11.35952782769307,18.134479336848216,29.312045157269996,43.62247382319389,58.712426548886505,71.99664464996641,81.73791650974447,87.63273591069704,90.44454212354057,91.25184402692265,91.11868336791423,90.94891583631008,91.17792532016179,91.6094214924376,91.61384480980907,90.51483334846908,88.01065768893127,84.50743085574999,81.00160146095797,78.37590530071023,76.7975401253722,75.90142687228817,75.46114926835428,75.63743373716308,76.52875452470509,77.7370684833173,78.51124887677791,78.32132548095606,77.25737038210667,75.81911129865448,74.39795117766454,73.044756234863,71.64053390585677,70.12545654729254,68.59174412240064,67.2347496415345,66.19923056253265,65.49811448855056,65.08942646477165,64.98825704603912,65.26558071682886,65.91515389758884,66.78536655821704,67.6756157611829,68.44431510020951,68.99937110029714,69.29275655202463,69.40710275408537,69.58138227130696,70.09402781591022,71.08330257160432,72.42488023675266,73.75816680225051,74.68330558249507,74.99186788189087,74.81421038895905,74.63023544286115,74.97638178677144,75.9681809087386,77.17687827286812,78.10533987590125,78.65203751597745,78.99949534304262,79.27444361326306,79.47438191069611,79.58790045352899,79.5686341378107,79.28421634101989,78.69629912295154,77.96920450862036,77.32263386891297,76.93909551577553,77.02090564915108,77.67336276222977,78.64946116812581,79.41471002150425,79.57826353694645,79.18500402949813,78.63254183633791,78.43139919136873,78.87763379983954,79.79640100593501,80.6969646444227,80.842263328966,78.77501227944326,72.83807787572675,63.379615603997095,53.736028032119286,47.461421130875316,44.93771138363648,43.387114335926455,39.68773883749989,33.22352354154495,25.852270173552938,19.592840891098906,14.917651647751352,10.923265893801164,7.004685268366545,3.66710907805438
15kg_10bpm,3CA,7.265687222626916,8.714400791173478,16.254855547493083,34.91609084307093,62.05247354631386,88.32310177549016,105.61761934243516,112.85066415067757,113.64647924406512,111.01863555702475,106.7134904138679,102.72761707195315,100.34486802380964,99.00309343430146,97.4841726678237,95.44226969322689,92.9934247279812,90.17690126024736,87.60886959808523,85.47275017795107,83.04791223528161,80.52422027532315,78.3862260914857,76.13996109478764,73.72877146100733,71.73412448134437,70.09093812454518,68.67385744380191,67.8445613260835,67.691901779787,67.75378563000878,67.49990609074466,66.95241054990616,66.50834927916769,66.30056147727132,66.05376553954758,65.50270148775442,64.47658600902733,63.75743961806114,64.7625213366577,66.96039574335232,68.25331724899247,68.1651112536579,67.96593480908135,68.35370348136134,68.81841950834894,68.75702998307239,68.59176187361025,68.85372880971407,69.53950069348085,70.54558611833559,71.25411094475066,71.4531192710195,72.2905313483982,74.0788118288002,75.84108769867187,76.95668996124085,77.37299697943297,77.76421395297142,79.1349768982391,81.3664441516494,83.10301660101777,83.1677407668662,82.18515403641847,81.83136662296286,82.26935348645924,82.79127553972853,83.03074189509563,82.44117794076207,81.2125416224894,80.53720689667671,80.85985226135604,81.17878774642229,80.33214613703048,78.18710375468338,75.75061868464759,74.17026176447106,73.51197683454657,72.86975690549018,71.99150545874329,70.81860863695505,68.79802981179381,67.06246373512003,66.7268430400546,66.32671905801367,65.1402939973467,63.78808569933932,61.72799525987084,59.08842017620313,57.14398669951906,55.913343562508025,54.02021172573014,49.700661873499804,43.243633637064804,37.89098956654846,34.12359359402729,28.5298133921201,19.97582248956729,12.225459788560148,8.711929196373,6.547910947317749
15kg_10bpm,4AB,11.431064465021855,15.080354531111555,22.750109221825536,36.30484472657021,53.57650190239433,70.32998440039988,82.79107434418442,89.13742444626281,90.08605735615504,88.29039947166805,86.41638544811538,85.5168817903653,85.24533226527753,84.85359549148778,83.54451770680375,80.87695146089024,77.601357474763,75.07760606039936,73.43200118186553,71.44080170508494,68.33696552292498,64.6465946487121,61.384347611531624,59.30743934630985,58.77519832236686,59.60140199510856,61.10391638382919,62.912124739607755,65.03375142493316,67.18719322879379,69.12942541616906,70.96607134680661,72.8236470945251,74.70522131547872,76.50040981554704,77.99392648041415,78.76995074494313,78.54850044164084,77.68387289195152,76.80881956560125,76.33666241692899,76.3950986258716,76.79412842530803,77.22037325893534,77.57781729932908,77.93016515751617,78.22274740323846,78.47808199747998,79.08185509833493,80.31476611293414,81.81585100941373,83.02597935982196,83.8214214841695,84.32264694704652,84.57200338453883,84.72015347468776,85.17320000239212,86.12867336992356,87.28317027536366,88.32659783432332,89.26558966187133,90.08543958653132,90.6126500743824,90.60694987479684,89.85669848856014,88.81371883471992,88.5355069077998,89.08901153677148,89.2015008673054,88.22636793809755,86.76892958315617,85.37478439722801,84.0781698266151,82.94025915615885,82.13127905636026,81.83059539098211,82.16933637243024,82.74535301818256,82.7192522203887,82.07498111217116,82.02472864513672,83.20169796318173,83.94224561225262,81.86187429753825,76.32364117609022,68.4652699886065,60.8019227433252,55.95941526203004,53.28019113661325,49.73747928136605,44.93640009356404,40.352291836539685,35.98247164553631,30.240300288141306,22.990395532150934,16.788789294725753,13.304212723013947,11.990002029868581,11.529320196040727,10.386070497538702,8.157223190911479
15kg_10bpm,4BC,12.600248482569263,15.868828004121513,26.561930731154703,42.590702152948644,60.488727720475865,76.85604117375696,89.1547026437938,96.54873334702968,99.72142702488854,99.85599013684646,97.94907793732486,94.82135516662743,91.2825276335289,88.05199469138039,85.52185616425051,83.62125125925374,82.0036750525444,80.46338232151197,79.12645479775658,78.2135400491176,77.7306306230908,77.43614562592121,77.06457923665621,76.57252626949122,76.13454324372566,75.85204312108398,75.52662559860443,74.82221763853083,73.64798789537092,72.31601579869024,71.30146332063131,70.8599409200059,70.88871051327403,71.1021716318905,71.24336639249658,71.16536405081274,70.85047007931304,70.38511492798534,69.87899761109185,69.4361023030427,69.18927320322459,69.24386299589939,69.53685224775518,69.84831608343634,70.00672981171908,70.00993029261831,69.96823340110967,70.04353545875135,70.41185072011612,71.15036120547887,72.12149367524889,73.0297161625112,73.63637543297175,73.9084608990815,73.98648968522322,74.03003675351951,74.09388249683593,74.17781527154632,74.38746690584875,74.90591436549882,75.74959685283018,76.64989409537709,77.2281047694511,77.32177539740047,77.14057496125545,77.03042750006327,77.13793084898076,77.39848389626864,77.72891060985849,78.09312870008961,78.4381817081245,78.6817353118239,78.72788776709884,78.47215930806131,77.87161690855663,77.05183538494668,76.28376882295682,75.78547503391836,75.55709041139943,75.48473702790812,75.60791024448204,76.15997939559813,77.29087734911471,78.79984039045331,80.24363376500172,81.24759272777911,81.24519679344043,78.84725448669897,72.46386014579933,62.3538848178657,51.58645883264103,43.722342640979065,39.48715354417646,36.65548292272623,32.70051372228593,27.10056113415848,21.28076738837587,16.476520100688873,12.263413308129119,7.89499009495963,3.8666705478226127
15kg_10bpm,4CA,10.17967607286637,16.882826938589773,31.430051298195693,51.32336095508112,71.90655162479673,88.93136901401677,99.92567872917456,104.63232278523869,104.72849699395482,102.80286166808175,100.98109890698605,100.08533292810625,99.69552102098477,98.93219120521472,97.33083188605491,95.1573962445527,93.01069846542656,91.21671120304977,89.62782820809193,87.95690170751847,86.21134108455408,84.67692191989073,83.4838112330913,82.28723363965078,80.63664091102547,78.75135261221222,77.3523273825522,76.55547821303253,75.52028683430382,73.61502752060315,71.4871093992885,70.17338271496965,69.59644992036621,68.82508782570946,67.41073648357086,65.77715671803784,64.68606401266972,64.65907642695748,65.54108168395679,66.71592890117779,67.76388882532369,68.51633688101033,68.80318415585818,68.59006197549289,67.95997360838118,67.02014957194643,66.05155956479304,65.49215640456457,65.72102192132306,66.77303571185857,68.01059158044411,68.39840104394708,67.67023693842478,66.75209228248701,66.41671947572681,66.33590579125482,66.0156833574956,65.7621479328582,66.2366628647054,67.59085219934418,69.40321632567895,71.11416431922305,72.34959428853915,73.01309091958242,73.24348297104696,73.52890251465358,74.38667742827101,75.6388862546961,76.6097465483003,77.0120946931529,77.1122415193374,77.31016424709124,77.90102177201591,78.89341771940785,79.83845350098366,80.09284203181255,79.49221745950022,78.52737475912076,77.71795489708987,77.16622061274647,76.82699890986669,76.92458108538739,77.67831549303601,78.41089929541417,77.79515412870042,75.78745249192085,73.72717208861891,71.67674712991888,67.98048478441783,61.647730752618415,53.9180777484421,47.08448572432482,41.60760443804591,35.76431063378152,28.27009056281948,20.029930547463064,13.561429384733731,10.396711013388797,9.291989027457698,7.9839239586487265,5.717823239951343
15kg_10bpm,5AB,13.95318535590265,18.13009624196033,26.515092960391062,40.52433612845159,58.57350269394024,76.29445811435184,88.81252269169752,93.85567340259485,92.97504019388845,89.74960692292333,86.94414140595558,85.31552566945302,84.27974584879122,82.98766875214497,81.03686837491871,78.45888536094644,75.27854897529069,71.54053531003642,67.64747720260749,64.25933539931101,61.7365889450834,59.838278567164494,58.2578456090384,57.19736487045968,57.14942980119305,58.44339273733424,61.05085566928339,64.34828719492005,67.03916321370404,68.23214582789225,68.5784474692164,69.41377561742877,71.20219575859089,73.45254119499056,75.46923383196864,76.77890143961946,77.2533290270277,77.08613751085915,76.72233067012509,76.653004754304,77.00414095228295,77.54661129280865,78.13317997483142,78.7990494459025,79.52310782062568,80.04129265034895,80.04207810466833,79.63637318462345,79.28516122798409,79.19278190365662,79.24455348673341,79.48734684035693,80.08429557326045,80.89226512197286,81.59273624416244,82.23614098256705,83.36364024778416,85.2796174430112,87.40131295931829,88.78181639032636,89.17590088770035,89.10164214297235,88.95018736840568,88.67160223240784,88.2369045373549,87.81197371584425,87.52838140738758,87.56162705865549,88.25766183825533,89.75133962086038,91.5386711948989,92.5446792091251,91.7767785675999,89.24972296283576,86.0047222743236,83.11268590196728,81.03938838585668,79.80480784213432,79.29175331733222,79.29900032370078,79.65612538614462,80.4256151470879,81.59841261516574,82.26870399559378,80.72370709765104,76.36973233970987,71.06086846945905,66.69051639836846,62.217686409756894,55.688273596686074,47.78546607952743,40.46571493548883,34.71035390626519,30.183499184976323,25.464411297214554,20.129827631372,15.15899556254058,11.475903359434609,8.920242163048073,6.727794729440034,4.741659583449199
15kg_10bpm,5BC,8.039039637117538,14.483333617237236,25.69911551940508,39.66109823601705,54.42104352885133,67.89221051191265,78.31815408159373,84.86477921335157,87.92066036480642,88.74149071359403,88.67926529839855,88.65615469296095,89.04629837296967,89.70856901327492,90.13379531415329,89.75534430372979,88.26208307845295,85.7750390052492,82.88756380316734,80.45937753656372,79.08448407679529,78.62743898654433,78.37144582846072,77.69957751341535,76.61891488826116,75.64103116795133,75.26477563711452,75.60688126372473,76.33334584016939,76.83981604603099,76.62873115994152,75.61325383564231,74.0766828775095,72.38563934908511,70.777859892454,69.36804861550054,68.22138652332985,67.35087897538858,66.69633999499084,66.19468673651059,65.85302783405365,65.71564827793547,65.8009480419634,66.08785408507062,66.51231441178209,66.93592510970365,67.17120062191348,67.10572226327915,66.81660464336508,66.51721645201788,66.3528832186656,66.28747612539956,66.22950460072855,66.2330039743774,66.50224223470688,67.17342615882733,68.1241059461959,69.03381412783779,69.64319988361378,69.96573417210774,70.24884141721334,70.71083682073379,71.34090196605189,71.97864747766475,72.52424845377728,73.01305807880333,73.5217372087287,74.05747536555421,74.54316310000473,74.87873491989887,74.99793113124207,74.8889129790542,74.62773590312466,74.40658636083971,74.43139698211064,74.72704919524617,75.07809934120583,75.22399889938228,75.10452595238992,74.88537656477308,74.78410063113965,74.92142079282286,75.22604178209015,75.27965904706096,74.24247627723892,71.04237852337998,64.85828343713196,56.00472124743253,46.574167780697806,39.171884490235506,34.52731902280297,31.304442056756315,27.48524789238723,22.032814756292424,15.978179663142445,11.429336824800243,9.616104811456172,9.699349810746094,9.620215411675055,8.163023466563818,5.605200077947498
15kg_10bpm,5CA,13.87550561902053,22.145802016286183,41.17268506093852,65.78673215817584,89.09023320716862,105.92820126160811,114.2606769288233,115.14291396871111,111.52483771735743,106.71091989534096,103.01325826737914,101.06965584418036,100.15061948690914,99.13189352177457,97.50894315108283,95.70655973531476,94.36999736616227,93.43479861244944,92.23468150211073,90.53379335089605,88.89174077347099,87.75964057553817,86.82796111126243,85.47839355881152,83.36747471042042,80.49045061454102,77.14473807030048,74.00768662995073,71.72902795282461,70.15916494946983,68.42552261196762,66.00324601000315,63.22664688133783,60.75533070810969,58.92817141500861,57.69106038121719,56.94827727937669,56.797327298659795,57.28872776405721,58.180100512172146,59.138163823205105,60.04077558328019,60.951793078947354,61.911252245330694,62.94556826101984,64.11519219890044,65.3412835530884,66.35235711731991,66.99356397850153,67.45082988694857,67.98195602018927,68.58014562832565,69.09942289803578,69.47610099370094,69.70265212559951,69.85503324733845,70.11416972788962,70.61079356193763,71.41409424712391,72.51357184800051,73.7116140077308,74.73612481092717,75.39740625157899,75.6491974654175,75.64559563285252,75.63411409674227,75.73447653686225,75.94621508641364,76.22554907797192,76.3640343441421,76.1694350362001,75.83837833033532,75.76777378447422,76.06513543482329,76.58838962221306,77.37879060723844,78.629975165348,80.09605858095063,80.77804129943226,79.6542548183169,77.01409866121718,74.38276695128407,72.91864405678749,72.41328698403194,71.73913039791817,70.02564699719618,67.11736356348872,62.93770720185138,57.498834808305226,51.658536498485155,46.328985131621764,41.225644172857265,35.33820267824539,28.263005652002796,20.9811537865097,15.015060670212733,10.863059100913281,8.102533054717826,6.5553944359715945,6.272766876902206,6.577811441074524
15kg_10bpm,6AB,11.718057718985738,15.44356078169513,22.350982006300114,34.10580071494752,49.81149217131672,66.13473776724841,79.30170321758077,86.95610442952724,89.06625529774065,87.54989948805027,84.87356840310613,82.62140949007075,81.08197415645803,79.82472967507529,78.40142360717961,76.64017116745781,74.62912543726996,72.55827851265715,70.58032820108762,68.83618256378749,67.52668629256142,66.75350528960558,66.41153892691369,66.39767040062507,66.64825242291195,67.12502816025685,67.96896530277667,69.34831747846978,71.09843613054495,72.71795752293997,73.61598864774258,73.37141056003934,72.18800856070517,71.09884244855438,71.3675126946313,73.45087680038672,76.22707532910559,77.62405819037785,76.65694464104403,74.24092490121835,71.98354329911957,70.85548869242567,70.69010599570815,70.65651582618688,70.3216390392194,70.03672594982058,70.28009176805266,71.11501783497779,72.33396306196592,73.69715541756872,74.9944620278036,76.06295809163429,76.91836993827215,77.90872346809056,79.49061793290328,81.59585794683576,83.43569951558251,84.2689657129285,84.26420674068085,84.28281672006806,84.8886720474699,85.87820795698029,86.73456245654695,87.23196551986503,87.54657469008542,88.00465329269768,88.83851218579528,90.03905225649414,91.2616809356663,92.02573793390128,92.03551984661823,91.34744551424367,90.53783103290678,90.39279208995613,90.94524779882897,91.12382230461877,89.74388880468261,86.77591023442803,83.54938023020681,81.73962701244696,82.10485819649827,83.92381039943045,85.63988615312726,86.26319730281568,86.00644501482536,85.36494816215702,83.94273770680373,80.55531222700756,74.7582939984546,67.9515718876662,61.53441095218025,55.568146268556,50.15178391787928,44.45741277510143,37.344592960391566,29.35636437998421,21.90332897322256,16.03738981891031,12.015676763413717,9.248439193211532,7.005161407104029
15kg_10bpm,6BC,7.440232627081216,10.576025901792194,20.211746903017318,34.81727669615445,51.980105691446404,68.62556585551081,81.90450295800356,90.41094155124757,94.52623687568662,95.61710902664879,94.9481412811529,93.22025889158559,90.79355943534352,88.01549759285598,85.26063434491681,82.81058958782883,80.78365355686918,79.14999917423924,77.82503751927683,76.81295777266767,76.24639165336804,76.21838814424555,76.57835717015212,76.9287127751837,76.85009154272625,76.1609240340567,75.01958767806106,73.81664897973064,72.91847775480362,72.46111416663828,72.34886153946009,72.3775959390246,72.33991658435714,72.09539877701985,71.62578585354963,71.05917012576845,70.61910080887017,70.46947343453273,70.56008778018581,70.6528720213685,70.54068383332404,70.21634521582224,69.82525141240329,69.51485728334919,69.34206878916966,69.2933803484561,69.35845373151457,69.57584517393475,70.03858554672708,70.8288572072392,71.86384244768803,72.82354244639964,73.35665305667679,73.38906387086045,73.16515941335147,72.97865329449279,72.91845665948098,72.87044078761248,72.6943249933973,72.4145619488888,72.29948315839728,72.75039702048129,74.02926771757281,75.94974719703565,77.81033529022407,78.79324413410045,78.57348346164605,77.5047440874422,76.19873448179801,75.02921091990594,74.03644584557193,73.12891110077513,72.27074176859148,71.5564152766258,71.19812274042923,71.41608308991206,72.26913934376488,73.55638754075359,74.85675855677954,75.69551406861655,75.79249748643818,75.26296414962397,74.60217688652787,74.29109114043223,73.96762135411454,71.77310430079211,65.24809131310538,53.93987924416115,41.16926459775792,31.790096202553006,27.53439797094378,26.236574879418505,24.399082356197848,20.109199635936385,14.596927282621783,10.525593061283079,9.18371115598908,9.646217078509117,9.943525481334797,8.702829819163233,6.050284687963829
15kg_10bpm,6CA,12.04935647697426,18.93640346856181,34.662097752135345,55.42471517961531,76.21154998452542,93.04075241423587,104.05449733251906,109.57189245339755,110.87944799807029,109.2133398323529,105.81347996004483,102.0372577431741,98.9188774229512,96.85950738749536,95.73591176711125,95.07833299016826,94.25221132090282,92.81893495518693,90.86359105376593,88.86848311117606,87.18452278122786,85.69640352385193,84.11060572402698,82.4719102636593,81.10052805855781,79.97993121584457,78.46283608246553,75.8451991794191,72.28663181882358,68.82837813051562,66.43070316346578,65.2237571684294,64.67726868980941,64.26662312253987,63.89995175881522,63.826362359612276,64.26690766974394,65.10668013693265,65.96097862802299,66.61149230685142,67.11966602631364,67.43504833662675,67.3555598211615,66.88573157662879,66.3260335321247,65.98244704804027,65.84374253650077,65.70284309597398,65.46715488644966,65.09669146739311,64.51009956695147,63.86050823883705,63.614919962335065,64.06145440826575,64.96296312615702,65.90241278289075,66.6878983389076,67.28463102811759,67.65023862068219,67.91541809833579,68.50714843422975,69.70405892675058,71.30978770332533,72.95072038460653,74.4670022964228,75.90093626473471,77.17816295851895,78.03557336048189,78.20211921745401,77.59830076817587,76.69869222178613,76.40125876264759,77.08794895054994,78.12058636776882,78.49283464024829,77.93075874154165,77.28276839920254,77.55204963108002,78.54262946179304,78.95830584858271,77.81665495642527,75.28877578627205,72.36409517295561,69.97935914410719,68.65042774021924,68.37789388136184,68.3712513314295,67.76630072992464,66.36601292605101,63.95333466914145,59.497005166399134,52.428794504166774,44.41943697170619,37.98362485147332,33.476080866555904,28.894297547085323,22.554019716686692,15.31251224017993,9.303275345855564,5.411730363583832,3.743951075136342
15kg_10bpm,7AB,11.487651482615297,14.043379944244894,19.45250982754582,29.572053460124714,44.69821814706277,62.362908294878665,78.12669054419203,88.2182244042309,91.87265618029168,91.34954481422085,89.67979651731095,88.35800507188829,87.10937637667202,85.21048581071456,82.58159912887142,79.79663181670968,77.22528483144467,74.60189159441876,71.63130946075621,68.52934077354166,65.89353558505529,64.15953262648607,63.075421222863504,62.14740025518366,61.454836622840084,61.55803090830284,62.730839720572945,64.58360568917728,66.40842109573008,67.84576256122281,69.13775521226978,70.76636116055424,72.96919450058228,75.51134057167995,77.81075336301083,79.26714317398152,79.74585428076304,79.66995347224021,79.40988249495246,78.9461778022291,78.25264519374313,77.55317841747757,77.055970714384,76.74651539285827,76.53238374781216,76.39398078627825,76.45272280728007,76.94601858475372,77.89024538837685,78.84075671341438,79.36460554942019,79.59211226931261,79.92755762963372,80.52050548529368,81.28556373309574,82.13984554003703,83.02588684215519,83.9109126861428,84.91232836350876,86.12494472723714,87.35347558179811,88.34714642198979,89.04744003740302,89.36376431764732,89.14443394142158,88.56335708576805,88.13045242950353,88.2578012916552,88.8955051033721,89.61783157642579,90.1419886167642,90.47039507932595,90.48902388966793,89.96588618406294,88.83720729570534,87.18407945964393,85.22220308623723,83.2988138391403,81.69012989169718,80.53083247106842,80.06381690619085,80.63713414485494,82.17111323396243,83.90531059390572,84.92737354757898,84.75772510394837,83.27613320329553,80.38533114201705,75.97033077800734,70.42166302190013,64.40353031370003,57.820899543480216,50.65178022538221,43.279749792163344,35.28149264682181,26.908990050418026,19.877751963017534,15.220788739694013,12.190615879806495,9.475191113106023,6.649157063714551
15kg_10bpm,7BC,11.172799489301969,15.722105076981663,29.31013677350782,47.89795835772035,66.95698014703912,82.55947311443155,92.63936432804006,97.52799988938,98.88398217212101,98.14820174266008,95.94779148849608,92.5530686439897,88.48795627555305,84.57543320841638,81.48097275400819,79.26588280199195,77.41963381705725,75.4160331385629,73.31750507044545,71.76022587091911,71.26365719866266,71.71535750358443,72.57920692398451,73.43749738735131,74.21573806910277,74.96661436836203,75.62519934434766,76.03228078303069,76.06482690402476,75.72025229581146,75.17566974687458,74.74649044682666,74.67323607460757,74.94759250486022,75.39156084653737,75.83274887958308,76.13563773619721,76.15206010794311,75.7690211294845,74.98402646278802,73.88638383487296,72.63473195369548,71.47195023696109,70.65492568912452,70.27612278106913,70.17515147586778,70.10655069469108,70.01667473258385,70.10026139173958,70.55970552351914,71.35296696501271,72.20672890177356,72.84320974136733,73.1803072033624,73.3524158406496,73.56482401205191,73.89443189518019,74.20070131486197,74.25697206707835,73.9980445991986,73.62459756270307,73.45425281016446,73.67705135504812,74.21368161474041,74.78958462176585,75.16640884126289,75.33924769466172,75.50183063475886,75.79221300195564,76.11930416408023,76.27683977782097,76.15871554147215,75.82309667428294,75.42202881907157,75.11812362897874,75.0335821960701,75.23267052563097,75.69694688246652,76.27145266600297,76.72578527323877,76.9813093243133,77.21914650291998,77.6964162781206,78.43870164532464,79.05615527418304,78.7632008536368,76.49972145816503,71.274046163865,62.9042531873664,52.69973483282281,43.138517528818795,36.130975281638094,31.38542342239035,27.147682078417006,22.270474224620518,17.16671642614207,13.042099806722634,10.64074564908809,9.397325281831613,7.743375427116455,5.136253533788006
15kg_10bpm,7CA,9.785252796228542,16.99075105003045,33.65576817832348,54.68976680577309,76.0067642542747,93.76556315748607,104.44041613577868,107.35516326492517,105.55568526925559,102.99898472802253,101.4586843322959,100.38181647404866,98.9037315960211,96.79857736794752,94.21985986532229,91.65199841007146,89.52618346862329,87.75900749352027,86.14551400623856,84.58938238484872,82.92780549053145,81.27740996991642,80.00670694140895,78.91113813293515,77.1928673327333,74.40718631284162,71.06110649659034,68.19180488468209,66.35815904154883,65.28425695643527,64.5248456265824,64.11353363816197,64.58873444891803,66.14872190475886,67.72421424117522,68.25277813499403,68.10485881492184,67.89268784818941,67.50068025948028,66.74086547062622,66.07757555369585,65.9949889558851,65.99839328335477,65.51663241345447,65.08017683752702,65.56914115661013,67.05416220203682,68.74564322529024,69.698827832896,69.70535238546215,69.46946956921103,69.92900627545316,71.23682189455307,72.47353870448387,72.85163921131071,72.91791516896137,73.63717157063276,74.86566805419402,75.67682082227125,75.62923407172826,74.98238246248172,74.16889382775996,73.44235305822242,72.99753288912515,73.30671352895057,74.76636015619523,76.96653587471182,79.03455652612605,80.55595501023707,81.15080584462443,80.13933779334538,78.1811264113201,76.63695977724016,75.62453665330304,74.32463451799325,72.65214946051654,71.89983968823977,72.17035275592596,71.94277405433176,71.00265265430575,70.52055879349739,70.51422592969485,70.38547573190445,69.80430254435679,68.4514626099135,66.42701033006021,64.59522759411809,63.659816357591744,63.21192674454164,62.091080512191205,59.32666954265098,55.29491406534972,51.415278302061274,48.089620057705424,43.444593195687716,35.37005198979153,24.87438578466904,15.623858664978345,10.333930560250383,8.023454429161184,6.075544942086306
15kg_10bpm,8AB,11.847932017545876,15.051420216808669,22.98366661515187,35.75106652003089,51.687794062446606,67.6728238525376,80.0621127628166,86.83459249886924,88.70895284822534,87.9448911332808,86.40469085286793,84.85398926125622,83.4517969887428,82.14421982608425,80.6076398299516,78.46325255741739,75.86940111120707,73.4450937905613,71.32813802759101,68.87652117521915,65.70407932080175,62.47164032054335,60.237835002228906,59.342641483021865,59.19735127939479,59.19443101084843,59.52691714901066,60.84571576723964,63.24552782491364,66.07694416975934,68.62527058072594,70.67399479834185,72.53673855055199,74.38131435461639,75.78984947468457,76.34010394816443,76.35193053619984,76.69619178370665,77.80366746374703,79.14770242522394,79.9292004577593,79.85989486000504,79.12436960923375,78.07867614807456,77.12247501702358,76.66867663717863,77.06024380935352,78.20636565098435,79.32991094350798,79.520300045042,78.65484627552674,77.485138965917,76.80563817010612,76.82399146821241,77.32887122226967,78.14609397598845,79.20992149361983,80.31078330561235,81.16039445720598,81.82588538865947,82.7087656827228,83.8937136836103,84.93103193620806,85.48588806945551,85.84244797107606,86.48026476967922,87.44935107679308,88.43986199795349,89.13250462457317,89.35161658994451,89.33283376550435,89.71764654200936,90.698926032013,91.49210724383782,91.1528240402783,89.60747575980663,87.54980630570955,85.63926839669573,84.04557796421653,82.67531390770641,81.61853745344806,81.08292700714215,80.91732920721999,80.7014200347341,80.60362495860421,81.34903425103772,82.0268827313876,78.77161052539901,69.24650391332304,57.42010767744907,48.305163210348915,42.45712499611796,38.83390493729289,34.41696915302158,27.973073654267765,21.927736876859154,17.814424889324727,15.275895579648928,13.276683176338931,10.906051247419134,8.183440944312718
15kg_10bpm,8BC,9.498103268451535,12.926074486415576,22.903724481200637,37.084910347812,53.10134089202061,68.7424935098942,82.14767886635705,91.99672768638727,97.55815033353046,98.89346137807098,97.09008190738366,94.0020683273182,91.36884144656342,89.91645333075793,89.20416177234942,88.2953996346742,86.62036129099693,84.31888858213212,81.8894759901128,79.65815406964727,77.64323124065609,75.80971124053173,74.31344142378761,73.41402675383208,73.17778673980017,73.36036901460429,73.60022128740088,73.67568068023877,73.53642638891941,73.1766549712086,72.63058025327723,72.04390653611223,71.57088694120641,71.19823872980785,70.80756047545128,70.40851460334119,70.15400194593765,70.11427000458981,70.18206825824848,70.21134438235445,70.14266028766949,69.97121937073146,69.68082618487341,69.2824424720269,68.85782450474738,68.51561439936633,68.37155838060225,68.58430409828637,69.28588228981411,70.3918768886553,71.53862927993117,72.32060002087198,72.62374688247155,72.6855485371234,72.8615167364391,73.39099695442333,74.30354448446671,75.40457341687166,76.38280242224928,77.08561726507648,77.71803792527598,78.6761552997419,80.10516714842221,81.64474494543506,82.70481393590954,82.95917630326547,82.49251874787957,81.59597266693625,80.55375436929536,79.55738644968113,78.70645382646627,78.04856250184953,77.61268363146388,77.40477752624173,77.35794761679102,77.31407452387609,77.13378568121803,76.87629100055332,76.82656738619542,77.27295823895975,78.25996700591871,79.5388799719385,80.65109562905795,81.06591496025406,80.42476811291186,78.81288382328377,76.71216266460661,74.35943070510797,70.90452116906097,64.5712145920525,54.438037639131515,42.304188156524454,31.731227515008655,24.448146623346886,19.886132010093046,17.414825047916228,15.748417497520483,13.547351020633661,10.67410305508745,7.516214663595343,4.4398663378569605
15kg_10bpm,8CA,9.594077236736478,17.505549911810583,35.80931444605957,60.267932356108204,84.6244695015609,103.11702629622003,112.60774167998241,113.40962476901446,108.71960212669438,102.64590148110058,98.04026491749812,95.81012783072444,95.36848275977712,95.44652199331377,94.9932872615299,93.70104133524956,91.97001438350503,90.45540181564861,89.56236901885701,89.29920456184097,89.28733368399358,88.772577493636,87.19857942832971,84.9494593507857,83.01711289818189,81.8557439560583,80.99974087178205,79.78075927188735,77.90672153788738,75.43466027867987,72.61980482645879,69.91733080921436,67.78647768423069,66.39413122639527,65.66031132726455,65.67571415309592,66.64203425391358,68.26206258150577,69.60450303862746,69.83090565969633,69.0900042126305,68.37744934792684,68.23001646606572,68.1273230908768,67.50976008742188,66.59832092093636,65.87189938012196,65.44088598896447,65.19796644150867,65.0970874974849,65.06844839819124,64.9679529481676,64.89806063520372,65.30102127746338,66.37866639648267,67.71095263874867,68.74645394935158,69.23240536274841,69.26264013964816,69.28631344962797,69.7525162727743,70.7297797374953,72.03988743857796,73.55768508175213,75.32916493418963,77.40969355705963,79.63344935608825,81.57034653731492,82.78219499606242,83.10168252670717,82.6027618482511,81.6336111920454,80.76141970606069,80.37454515964183,80.6008594822868,81.44013177434691,82.27196671408342,81.75710648582407,79.63013524734684,77.59523986878565,76.68353184182679,76.08835609247322,74.89774603531745,73.46498342867756,73.00955613720907,73.57376206880114,73.86661359688792,73.09623585975096,71.66114950269208,70.29209433305198,68.94467437208094,66.00509647068651,59.85380639014342,51.822041229383714,44.92013932817241,39.60255994269796,33.48918137366718,25.102163959525132,16.295463910442052,9.645739567238932,5.647553110586899
15kg_10bpm,9BC,9.307630484405697,15.310702177026979,27.26104534785749,43.45449649555027,60.56506378028103,75.27095162797089,85.73933180927914,91.8555706201606,94.34724156832524,94.05494289562866,91.89622562573791,88.96384108573325,86.26873849320239,84.33309377961632,83.08362958843969,82.12216741882571,81.07625962822826,79.80148749351645,78.4018598754966,77.10959113258966,76.12812063275442,75.5386283315737,75.2891171369559,75.2393368449234,75.22814837825943,75.1663340928685,75.0968541965442,75.10753606217517,75.15681554056695,75.05155407811587,74.6364851762919,73.95302866634322,73.17062448222018,72.42933914491965,71.79866275127583,71.33168603569442,71.08315340511176,71.04649565504053,71.11753665900883,71.17616623102631,71.18542262128008,71.19441841493938,71.26330830799957,71.39938801960939,71.57324114029666,71.78096495543898,72.04136230896633,72.3038885506408,72.42461354768739,72.29118031916936,71.94185338489825,71.55181689214896,71.32002630384349,71.35973144920925,71.66582241222547,72.1591424672844,72.74953773674795,73.36805693081526,73.96109660550785,74.43230704192574,74.62388392121142,74.43360661114947,73.94807035454423,73.41549700802227,73.0755172721567,73.00340540619243,73.09655929118772,73.19793234833904,73.23608801531357,73.25362304991452,73.30537354565473,73.36058142587503,73.34837515127941,73.29329014708567,73.32453689076138,73.52829550369201,73.87099470674885,74.29524327961101,74.805747125104,75.43621876992108,76.2048845576122,77.08642659400104,77.91967413208252,78.22507853355104,77.1028520521122,73.50389566014778,67.02108536789981,58.80871334630094,51.32163481996068,46.119436993011426,42.48511420244764,38.609975684103595,33.20451489602379,26.725523689825597,20.72753233012605,16.19710568102697,13.369688378216644,11.50227608534311,9.314704906377091,6.585629378490947,3.9160714081145365
15kg_10bpm,9CA,9.063372742443068,13.458602876778889,23.85777226617776,38.86579209322965,57.37755284369352,77.53759377340538,95.60483467715866,107.50767221971105,111.75344490565703,110.4171453776042,107.22517591498811,104.6496181266335,102.83036693340762,100.94053432839783,98.72690367752094,96.58100637997025,94.8814069111274,93.63637860786777,92.58868084508327,91.4997750788326,90.16246691541357,88.31471099704807,85.91240942933884,83.32818097096697,81.0176545621955,79.01405604377483,76.89542693594262,74.35460694968047,71.42514012684394,68.2304072505647,65.10706027385935,62.73783824293912,61.6884236761028,61.723342304815944,61.99068896301106,62.101487591557586,62.56754241007662,63.84492172342354,65.48663568675374,66.53888126679733,66.68535400180888,66.78977404177913,67.71105338004672,69.10780635018631,70.00944312136731,70.01852930550135,69.52052691943373,68.98514731775961,68.53871053666661,68.17409919204174,67.87069493806554,67.6407939935149,67.719981795997,68.54004459566988,70.144313940229,71.68120604669586,72.31371167061735,72.45357143840205,73.04362349075532,74.14630801947789,75.0439558221872,75.39429192088461,75.4902120071154,75.59321756767233,75.80674472014138,76.20708039204975,76.7511781432365,77.39023644837863,78.15757790968827,78.96343699463301,79.56841405132977,79.88700669831762,80.18816504878993,80.83465350612708,81.89491157229963,83.23902348475642,84.72002034308912,85.81259892464853,85.75835942611717,84.79649806023144,83.91798512245087,83.55619941849622,83.44269906895111,83.00568442922355,81.92921042771012,80.5051022859865,79.30994416193406,78.55184328257404,77.76343823908311,76.16034055903548,73.16762997524765,68.59968270436697,63.20349623806227,58.45200412771981,54.68955166010775,50.23554427947325,43.032917496224606,33.21938943296168,23.076685298233635,14.586247362521087,8.499878889460133
15kg_16bpm,10AB,19.761573130799583,25.825636152490237,35.01395852661214,48.21544682204551,64.03402888021783,78.960830424237,89.5928059454491,94.5164922957999,94.53486759821544,91.6372658080804,87.81203669110137,84.3313690311336,81.5604278509255,79.17376621581363,76.67224783476479,73.91226096629158,71.20420283621067,68.92167094659317,67.09454641496583,65.39379964825004,63.45660065226945,61.20538299993031,58.8971809017149,56.93947322775146,55.656365912420554,55.18180497628444,55.52070178169581,56.60065361184404,58.227559627282204,60.09612760243405,61.932466824450344,63.63101796091383,65.26029787012813,66.93923899035656,68.71008245450605,70.53635026910385,72.36502629817615,74.13010075178487,75.69578625498634,76.85903962567592,77.46570807089581,77.51951756855131,77.19985234987894,76.82019096578496,76.6899709677051,76.89684130426474,77.24860651121809,77.48542859999512,77.53712362203696,77.61326899924515,78.08530547737664,79.23550758600217,81.03169191351715,83.09127746490219,84.88807687850583,86.08504800794458,86.71522845282699,87.0504293838251,87.32979171577978,87.62618872357874,87.9110493826541,88.10719810249859,88.03067684455817,87.44282752544508,86.29004465925675,84.8363604723726,83.47788094270415,82.46219595307558,81.83602976341989,81.5978150120861,81.74752323098315,82.11391164177677,82.25990859472006,81.74041776224647,80.50304374074301,78.95785819590695,77.61912153683,76.74025774780269,76.29316436749228,76.12775869587524,76.04601722091853,75.87432362634163,75.60476093549933,75.4408104820359,75.61887846404898,76.13050287219849,76.59050981922381,76.34533209478816,74.67373167370351,70.93721076468526,64.83359989163549,56.914206822401724,48.76010540807535,41.73002235654601,35.64116721038266,30.09304599151587,25.519747994876308,21.57859076320352,17.006003515964952,11.503906971173729,6.1054489654399635
15kg_16bpm,10BC,14.43917101521993,17.079271157699377,26.78323427532019,40.73339904214083,56.09389399617554,70.64401887330555,82.62811090545227,90.96740151552825,95.45869400683578,96.74102357051953,95.98222884836386,94.41673646583865,92.95084180967453,91.98561643317822,91.46435781479985,91.059187993806,90.39713927192565,89.24922713748406,87.62332019150315,85.73113239623514,83.86728493204772,82.2812023062745,81.10041071753065,80.31626196544913,79.8150157354212,79.43554964192023,79.03442548620579,78.5339524853658,77.93281620114887,77.274427441837,76.59706251449137,75.9024404982847,75.16195591780837,74.35319898269145,73.49742742516679,72.6629126190183,71.92936969690608,71.34195764071934,70.89287538669163,70.54872496038998,70.29835358766209,70.16797072081496,70.18249306850193,70.31698937806812,70.49044490142714,70.60086663911417,70.56609775548073,70.34833760849881,69.96129272351261,69.46466014461109,68.95022196851959,68.51754820390825,68.23799930846731,68.1201407130884,68.09911731331968,68.06698734120374,67.9363348883524,67.69731626278116,67.42722413559059,67.2473563148043,67.26120537423692,67.51380168856646,67.98083493124193,68.57404312872677,69.16137417988828,69.60980094854222,69.83807630545908,69.84189864818539,69.67010896356453,69.38133665099024,69.03376557146541,68.72125883750218,68.60603454714999,68.88227207833665,69.66227641469888,70.86553355610161,72.2171654953704,73.38706011922172,74.189351144946,74.71529758605766,75.31473823643626,76.4078451441994,78.16090102308232,80.12367454740078,81.02082585745838,78.95670911244164,72.20246268679348,60.376914793737065,45.32513847014423,30.800200431472344,20.605893502694975,16.186971288654334,16.49364732108901,19.287756630917006,21.343108587546183,20.364767692578013,16.292014058448647,10.781847028983453,5.795837086114993,2.461440689552381,0.9522370245097073
15kg_16bpm,10CA,7.185632941450064,9.83777937705135,10.699162609901517,10.250553515919997,9.485985306446688,9.088881034965237,10.842839207923515,18.36851846545105,33.038642065248766,53.72396365631821,77.41117284887652,99.55048833414654,115.64824715425262,123.38009750268482,123.50124971902243,118.89515755739824,112.83761516474402,107.6290507565061,104.09733619499781,101.91438861808392,100.25775182782012,98.38332906579427,96.02350323274604,93.46197186355411,91.17174111529714,89.3562475338732,87.84252903137995,86.33111971323062,84.67783707818242,82.9492524587857,81.2409738841247,79.51272258459267,77.63917626695276,75.62335239232094,73.68831071633272,72.0334705472202,70.53199848756545,68.8503341322435,66.935419669566,65.2478799567421,64.38160859048043,64.46997058535077,65.06859840933969,65.58219890300612,65.71529438769859,65.55303857546535,65.30769828247303,65.03102943286798,64.51771715759254,63.385130483026344,61.31414579138054,58.403756055326795,55.2881743286411,52.80765670212001,51.545020940984294,51.58099049870509,52.60145473773665,54.20244974389362,56.06335511235841,57.94552093720502,59.67751354442018,61.12694006652309,62.194907406563544,62.95341004109684,63.690068079918866,64.63995192478122,65.7787625363626,66.9665429490602,68.15831655865138,69.34838378868245,70.39129387436809,71.10121800092489,71.6097478995643,72.41811018049582,73.91505838748566,75.85460115893399,77.36081897093064,77.5883436186177,76.57296077094644,75.33793641935888,74.96395657895832,75.6489977510477,76.71103815388203,77.12395754599423,76.01889964384256,73.40966233134394,70.4273254314457,67.97674101809527,65.72136692557001,62.79570712941839,58.48943214569758,52.149817236516476,43.30295954643581,32.48236024992138,21.850684678874046,13.935749057842996,9.31896905560865,7.355819121903818,7.013274777705883,6.325044723179049,4.721099601800229
15kg_16bpm,1AB,12.169335548380003,18.02725914173636,26.24052381139675,36.76421395210691,49.36230704338012,62.68025313735864,74.35158291964999,82.35925068223563,86.17835971945189,86.77377217793524,85.77537822141427,84.58354113282856,83.87472809301003,83.6653185526847,83.70499686879792,83.76343114993144,83.73627881217047,83.61719699962272,83.29760320034747,82.44039821943998,80.82485563653901,78.810456673055,77.0482231311262,75.75133157352018,74.49915718949617,72.61405579000115,69.69095864845798,65.91234049412343,62.04112489063327,59.13449140947886,57.99319777014627,58.635027505968885,60.259833210469594,61.86081133412985,62.97486274966926,63.811276969010365,64.80043505817031,66.27081335230818,68.3263384280202,70.69028743558152,72.80239004568548,74.21697044212429,74.80723279300194,74.71910154819197,74.32005578074725,74.02838030511094,74.07507317700563,74.45229833463439,74.99949890650693,75.50903590592179,75.84406528787096,76.03230218438091,76.3564544327412,77.25917309166043,78.95844552279902,81.17584504603806,83.32592746701428,85.00583882219367,86.33522371007385,87.77472850736814,89.59083575736017,91.6111536303518,93.46239811427624,94.7656545038249,95.19804149157997,94.81194076719918,94.3069420448014,94.46639875584653,95.13726714797508,95.19577346196041,93.81498238815175,91.4145796965138,89.11456983860673,87.68084117583021,87.15144335743587,87.10652074078877,87.01899086741005,86.41016934916551,85.16252086147594,83.81122348345214,82.96761203338077,82.48426597036107,81.73869908811777,80.53985620512226,79.2668205029097,78.30145875023504,77.77990962488671,77.89801381478496,78.87178058443511,79.92059385970941,78.42673465533989,71.25404731564026,58.08720817624862,43.10189837820771,31.707498931036298,25.5980322188773,23.27628748627525,21.48077267750666,17.18088996199457,10.763825447418922,4.704469586096945
15kg_16bpm,1BC,11.125015282206716,14.411600545674444,23.601159161793362,36.55040630329872,51.11730865654719,65.41829495292255,77.88154164674802,87.49892877510545,93.96113513013908,97.56168017250083,98.93131310697983,98.77854792129382,97.74549508562168,96.34691101761076,94.92371141933964,93.59857273572563,92.2795019992734,90.74170006270901,88.76937379673528,86.3009499875602,83.49707848068562,80.68484528192667,78.2083257634796,76.28136677572903,74.9313720556817,74.0464537781366,73.47322456722449,73.10278323502271,72.90202393202806,72.86643693606018,72.92954233823755,72.92020825750461,72.62460302544237,71.9148362541574,70.85737642679292,69.72783056689131,68.89135718404835,68.58690720685823,68.7655694670464,69.1407873589389,69.4260592963134,69.53318885092436,69.56044568077313,69.62769648723565,69.73604939433153,69.76562533745923,69.59536438866853,69.23129706662988,68.82261097519854,68.5528940655258,68.5128284383942,68.66484575679091,68.90990206449428,69.17862635563664,69.46601089652368,69.79884852252319,70.18286424198686,70.57188842200226,70.87866605749817,71.01778874504944,70.94879207996178,70.6930015993096,70.32158200340155,69.93473524816312,69.64154727950284,69.54306181334056,69.72186407495207,70.21873917785688,70.98858264959861,71.87763929298373,72.6665099371948,73.17524567432545,73.36428855642458,73.35390439142394,73.34807794529317,73.51780326608521,73.9132679049219,74.44272394103425,74.91604537346124,75.13831585802134,75.04750201177585,74.84760987254978,75.02164034702771,76.12392052348876,78.36600419779882,81.17796149548522,83.03776523729336,81.82321904923008,75.72627716356257,64.41927044412517,49.79507126513113,35.47401541742799,24.838031861905126,19.168650848237668,18.106830635404464,19.799940208138274,21.023684245550395,19.68557641096938,15.781692463473169,10.609118628418987,5.640756120396321
15kg_16bpm,1CA,8.2948657312415,11.40261977932422,18.20902215011376,29.95394103674114,46.48656342768771,65.8901897973978,85.11591961069104,101.23904028345628,112.56254435855723,118.94786144700956,121.36652370816829,121.12098573384058,119.26509710375575,116.47370293624299,113.2063887145319,109.847707315651,106.71116970177383,104.02679238649142,101.92778929681633,100.37664394600112,99.1551361148661,98.00433649500759,96.7654085151496,95.39310383141923,93.89051715911003,92.26157477605578,90.51164209703975,88.66584366377968,86.77295074706542,84.89726872282658,83.0814371095546,81.29467376122872,79.41798836421528,77.29549582844777,74.85114819237201,72.18687763477504,69.55529422733841,67.24167247314996,65.4941555102258,64.5036481588389,64.30006872716892,64.60328027055142,64.85163573255078,64.47866945639349,63.27038167315541,61.4709226216417,59.51392956336939,57.71174688379183,56.17674309553061,54.896276338263974,53.82767009852047,52.96169836579063,52.30459526268464,51.822463376794126,51.49358715581481,51.43530620665106,51.89353404278512,53.044204189326194,54.82794330836677,56.99004386673839,59.226800177064256,61.31678794152764,63.205118611417916,64.99915941799426,66.82071171809228,68.58983035077868,70.02210769798711,70.89943370726448,71.27624604713658,71.41772015931971,71.56927875610064,71.7805050161294,72.00134185966267,72.3123397688566,72.90019694555626,73.79535153781492,74.7616722136378,75.52276310283874,76.09587561231142,76.80094598244482,77.75022787825088,78.24447443117491,76.89163139118178,72.79941779046219,66.95572197315397,62.035879600722346,60.018445531685266,59.7978388887382,57.67618744399732,50.77055997015366,40.02151621882265,29.34460291747198,21.564651836925663,16.45271287159542,13.236507006291426,11.724201077399396,11.088828290798167,10.34903744331974,9.109753244448282,7.338880542122423,5.180212317663052
15kg_16bpm,2AB,15.319744599335525,20.13539876165792,28.223211356266763,40.58705262859375,56.25403808636777,72.5117464556462,86.23657723340541,95.27475409942377,99.15221367575123,98.92763674765332,96.47850241884156,93.6000450499447,91.30212440006103,89.66940856885071,88.3119953884428,86.90388113782846,85.3558550498063,83.71099461925049,81.99805414024802,80.15128453413575,78.05285452717546,75.60651391663107,72.75489817706017,69.52596800439066,66.14605324034818,63.06947567832358,60.794784591246,59.6035427694094,59.46780633466835,60.14550682219295,61.33016468902663,62.79832819816763,64.50693707909673,66.45999429448182,68.46095231608976,70.18227147279165,71.50196062505196,72.64020565323824,73.95105494028226,75.57888177223731,77.29738919502083,78.70028111113211,79.52618263458746,79.79314595009933,79.69210532173267,79.4115054171607,79.05593454912375,78.69007601951422,78.39934153186206,78.26538553290847,78.29969610779105,78.45159694187818,78.69610583442643,79.06133337321357,79.58023714071622,80.26340837723147,81.06479923119873,81.82647434896083,82.3389479679993,82.55278475062252,82.70637175017559,83.14547871682558,83.99436665999339,85.02087810653711,85.82351049361239,86.17822105578006,86.18463560921428,86.04418534172034,85.78324396530172,85.31392704508245,84.71284542351836,84.30823889302549,84.44075357092774,85.14530261662146,86.11682892334409,86.95171553360362,87.38537641506808,87.40131895602879,87.14953470158504,86.69232233037522,85.8708277835513,84.49655230428222,82.66861499121997,80.87745634502194,79.85914337471155,80.33026033698108,82.48140548631366,85.18747596107674,85.65383021913794,80.63431202689083,69.25476054281376,54.89723795547174,42.68276216515995,34.81331196983809,31.204469495528695,30.374468979469338,28.287421997421006,22.758742111546503,15.404852026379636,9.019602405535933,4.974865696558511
15kg_16bpm,2BC,11.290271436873013,12.991759092992867,18.33819530570685,28.674341164215377,43.203253895739365,59.999444983148905,76.55276186956975,90.38383906231816,99.81337645809316,104.46674248171149,105.18947019034445,103.46151505808139,100.72795114058036,97.98350437223041,95.66525950025901,93.76398996737876,92.04221873331579,90.25022843234643,88.2539716178996,86.04673162710272,83.69581115258833,81.30450560583077,79.00264525237137,76.92627907299608,75.1825777922783,73.83050269293598,72.8830125157877,72.30327524018989,71.9875771919612,71.77235264133023,71.4875724283287,71.02735651236496,70.38532183822873,69.6329988594295,68.86470703327956,68.14907210632998,67.51228942962136,66.95311791764382,66.47132211954367,66.08666388053715,65.84311868737946,65.80334578229787,66.02677120092021,66.52663878705607,67.22878983009151,67.97459089762322,68.58835005881964,68.96341150874288,69.09900753248591,69.07131508701586,68.97681331261401,68.89417076355946,68.87680924624854,68.95544282476322,69.13584294005668,69.401177370513,69.72753410772624,70.10128542486395,70.52458956802782,71.00639551906708,71.54488964630822,72.11422216262072,72.67221078462435,73.18573017809581,73.64559191178444,74.05587424639397,74.4128462258142,74.70076277795404,74.91777407921509,75.10350802141156,75.32541659836365,75.62442447917047,75.97846278436357,76.32989727895459,76.64310739058313,76.92364689426071,77.17698357213972,77.35839665790363,77.3858038585814,77.22487291768941,76.9848319601356,76.95029693833887,77.50281527084579,78.9195574787785,81.06850537282554,83.09432034244423,83.34163323801293,79.8521756835611,71.4763866838515,58.99790143384268,45.28415177489766,33.86702414834108,26.736256610375555,23.755717530238872,23.756316725504234,24.50381126806623,23.544805060911507,19.939852547655494,14.527812757016665,8.965026523026404,4.625447745894132
15kg_16bpm,2CA,10.047880660710089,13.205240220377489,21.090418478647553,34.10151697734613,51.05303785672398,69.63497041985386,87.075451431026,101.07834869109584,110.48948048121464,115.37627508216741,116.65639718756063,115.60985390686814,113.45361057215848,111.03425749293511,108.74824572985908,106.72656037387598,105.05638344247436,103.80682016034068,102.93969070792836,102.29734468373628,101.67660300715896,100.9246908899479,99.99528010917902,98.9152318502114,97.71025958519454,96.37532676983446,94.91064832235794,93.35865491816486,91.74529280838925,90.0002422706125,88.03776703105969,85.90989818002008,83.7556866316633,81.57150173016997,79.15759535465497,76.38389352485635,73.47479059636701,70.92886632832095,69.07755642924124,67.74630299003302,66.4097882237815,64.69328793151881,62.74256288854539,61.1105847180426,60.295681922653586,60.34844889869308,60.803085343930206,60.94158084733731,60.16855804807571,58.2773851605831,55.56418727235191,52.73410584673853,50.534384504728294,49.363851632929155,49.199101314464706,49.80219966210116,50.9256918169486,52.38471370523674,54.05250333644594,55.834890842514874,57.635036097561425,59.329321231589056,60.80176376368998,61.9950331964105,62.902579580569785,63.5479885744504,64.00960289837306,64.44135486889819,65.03947939602818,65.96380732881039,67.23339553323723,68.66457996012386,69.9610556405514,70.9410708468068,71.72597606683765,72.70265242957963,74.26393715471663,76.53608855008248,79.24727590734582,81.7145682059561,82.95576623845871,82.07406585184987,78.92179534658266,74.58632602217767,70.99023977323112,69.5175054571975,69.83248920568916,70.11655700783749,68.38536612791852,63.64648466232296,56.33187789399728,47.96619675473594,40.0462220421446,33.090325064698455,27.12259323802356,22.20729613500808,18.08055666829527,14.128978189368084,10.064678028353745,6.310483281665563,3.670200695215922
15kg_16bpm,3AB,14.085067779415244,20.187550240051092,30.25553703350397,44.668104422164156,61.73458019174842,78.07828701495015,90.3431512855253,96.96432595619444,98.66119552220087,97.51993439374402,95.63566752127348,94.19919622468069,93.33510967485479,92.545457917468,91.30209023713843,89.37394558045806,86.82281168064254,83.86215808675006,80.76079676615306,77.79756834218794,75.13273242549751,72.61448079555747,69.80853957310487,66.37605987387202,62.49921128358931,58.92156246865076,56.47144991911139,55.52773947921516,55.95306102957745,57.33675214153989,59.199604513704756,61.15456778259722,63.06808071515613,65.04602113498692,67.13361343704568,69.01103236868475,70.13592835201928,70.29869509662578,69.91062239161157,69.66437698804415,70.01168511387628,70.94701814798874,72.12872277234415,73.10312270530686,73.51712829493222,73.31953347876333,72.8420680337755,72.67088178033411,73.3267828589742,74.886737166359,76.83754092081769,78.38241839272831,79.06092316403081,79.15302471669452,79.41267857059324,80.36886815485369,81.89829864927488,83.36997739495541,84.13266189475638,83.94410648071411,83.05475263125366,81.98031125774293,81.15275774456849,80.70640098734133,80.57822913560102,80.74069785557387,81.270289531592,82.2522926447372,83.69919875944935,85.54553470335291,87.60779345900019,89.50242263830076,90.78461414784323,91.323825029938,91.43313223842844,91.50752890732274,91.674233175776,91.94121227438826,92.52823728852027,93.7419211942225,95.49552092009532,97.2028291624585,98.23674800009823,98.32105474662605,97.3632515555545,94.98793719934207,90.29368851420612,82.34076315634297,71.5300793380256,60.423302380407854,51.66822488916717,45.48481997307821,41.205427246206234,38.21548209147779,34.99098799476062,30.344163077529362,24.546071544865,18.663349953184337,13.477637566405601,9.096261190163617,5.352670773781747
15kg_16bpm,3BC,12.137115648464505,14.00966469041822,21.008260793865453,32.46315596634507,46.6550822643466,61.729843236809046,75.7685604487679,87.14745167826604,94.94047193082662,99.09100506188211,100.26953855224164,99.52309056485885,97.89561236301503,96.1551320038069,94.6802484144747,93.49924271814632,92.44046274303435,91.31955446475527,90.06397435471159,88.70417505681556,87.28058379391189,85.7937557580251,84.2448025390661,82.69273531650228,81.24235064557449,79.96607937326011,78.84817785281645,77.82034141893338,76.84802471372257,75.97204687116367,75.27186964124893,74.79635514740298,74.51629063908392,74.31799395410457,74.04021418859124,73.54684363062462,72.80272840536574,71.90266358075608,71.02394895290129,70.32913878338546,69.88519795889434,69.6427203525338,69.47548253538905,69.25222601555997,68.9009110221283,68.43705954032906,67.95286466277588,67.57696048075606,67.41365595478524,67.48572254473758,67.72283795169571,68.01500572935406,68.29197734574318,68.56411477795814,68.89667331755625,69.3439574464959,69.89694801393836,70.48356579867308,71.01813318578472,71.4588963910152,71.82768371626823,72.17636974058692,72.5275000207454,72.84140979991602,73.04670639894628,73.10946165543568,73.0785933872751,73.07510775894968,73.23785403359268,73.65621701201742,74.324567080681,75.14881508070523,76.0059148451198,76.81248841361267,77.54935157639981,78.22464894647686,78.81263027508056,79.22462807051117,79.3460256000849,79.13438704075213,78.72058298187818,78.42132120199837,78.60008751303468,79.37946138496535,80.28688160758364,80.04643717140836,76.84521295760206,69.22728035146488,57.22704424139432,42.906173929707634,29.621086793044466,20.187280157737064,15.329926378203092,14.254804465601794,15.4944693927862,16.824749735393237,16.617467384526133,14.597922908146453,11.450958495077227,8.115503338251884,5.259583415638686
15kg_16bpm,3CA,9.498184422735594,12.752078719492484,18.99598798302805,30.836867983354974,49.00910712314563,71.19921383235007,93.15341604778926,110.67817033231108,121.38181612385704,125.25914147951477,124.08142826080882,120.22616954771402,115.63361754665408,111.35425563452759,107.71919207219788,104.74362574181764,102.35594102254827,100.41613212925559,98.74056608916389,97.1905918920687,95.70365661050782,94.2422961809193,92.76126138306796,91.23013535124261,89.65490206861666,88.06628014982333,86.52577657865082,85.12359077851616,83.88682136494845,82.65896758340863,81.1491202673387,79.15335593093344,76.72870462463915,74.16099192098208,71.75436443504867,69.6567862319293,67.90519377632532,66.5527105050843,65.66518562119741,65.20926101426784,65.03765856252075,65.02462145233225,65.1276515155097,65.27586288359898,65.26600914944844,64.83699668021224,63.87328575197131,62.50290798285527,60.95406924570713,59.36498188328449,57.74684655196093,56.081981160053054,54.465154026411604,53.16603234612847,52.52582295194348,52.74976162414977,53.77736189356756,55.3095944137285,56.933368104900076,58.27894739774082,59.148898824080135,59.59822266206527,59.915944603805436,60.431639328795356,61.29299872887009,62.46707891697444,63.923977512841674,65.71188013067781,67.83102842232331,70.06164810118001,71.94426323365566,73.02237456529893,73.19626519618718,72.87291583982781,72.74581985121551,73.32705338212149,74.5943165918001,76.08287342180239,77.33975295543353,78.31003116671958,79.3189261496762,80.61610078886682,81.799578323039,81.78874460730457,79.73980586210125,76.12257616807422,72.51610281872448,70.09557266544081,68.52654758566938,66.18345275307321,61.17548744059925,52.69938471439388,42.080661534639866,32.07519639151029,24.49788213494287,19.318193062777855,15.819284253882769,13.01199532984151,9.995598825078915,6.7759593108005465,4.169718710947105
15kg_16bpm,4AB,11.515282093042899,12.950860193755375,17.693370832323467,26.107294725925918,37.717221512653104,51.40692058670022,65.45710535424827,77.86101606485533,86.97498548790338,92.18271683282565,94.05979420996663,93.91852674178975,93.14041557933082,92.6527800592288,92.64598828624831,92.62651542454971,91.84847650458352,89.92190680797916,87.13231318323916,84.12769070506036,81.33138187283323,78.74301406560545,76.20475692282838,73.68256531655607,71.29622705402639,69.19999581298455,67.45643192026755,65.99634347127606,64.72067970262282,63.626039806769796,62.77714535184115,62.18936864541543,61.82771498079793,61.721160452215415,61.993208809953714,62.746832189331386,63.94281789912084,65.42317946532053,67.07423531742853,68.9038174381686,70.88023712842461,72.78721695990927,74.35634471098113,75.50187659632581,76.33742843292539,76.9425389028504,77.18777549937471,76.88789964351301,76.11422306157823,75.29108261127459,74.92775698819003,75.2209667087959,75.89713248494809,76.46526173452027,76.66098777439257,76.63410890834753,76.75205424003603,77.29293169696325,78.29629859231565,79.62562137411442,81.11048658719962,82.6235861359771,84.09132831827908,85.4674476300185,86.63284447469223,87.33694040163557,87.38185583872472,86.9268447132633,86.49363050789158,86.60473251482638,87.41452467959934,88.61279567748002,89.65694160619105,90.10833988082533,89.8995666019292,89.47767343037127,89.54271567086526,90.38508293330052,91.47894292337071,91.9018281414081,91.2059523260769,89.77968200588991,88.38594335640767,87.5281311834815,87.29809839818188,87.65519135972673,88.63744201544812,90.05585631265527,90.63037960387295,87.64549087408392,78.56502011554336,64.06843611941575,49.06871126284601,38.56008361063097,33.42249428541862,32.44229827265212,32.15043251319773,28.31909006297066,20.712232330990688,12.548561184228694,6.674776132375622
15kg_16bpm,4BC,8.275792459138849,11.147183389776263,12.50891265898088,12.357328558431186,11.409330477661412,10.490832659847442,10.008475907403117,10.237802364840332,12.392807464723933,18.651009166215225,29.945886596857566,45.35650021156634,62.73457961341526,79.2771694024105,92.35500253572897,100.3608898030341,103.16191350603104,101.9478736795753,98.58145091589674,94.8143340563198,91.75481385309098,89.76199324877949,88.66487780154314,88.04096841452733,87.40446015395655,86.34087670987407,84.6457302571834,82.42327402790772,80.05339583293244,78.0043979342054,76.57808998975472,75.74940099044323,75.21702743100552,74.62145381295238,73.76576029792692,72.69717473915166,71.62739827244955,70.77962122161652,70.2717340587117,70.07459552592015,70.03303798078683,69.93811877811935,69.62031204888399,69.01328472888821,68.16695567576586,67.23162429283212,66.4135647791911,65.88127936769607,65.66558107072366,65.66731198948969,65.77904440748965,65.96622211979842,66.22257524179422,66.49654079103973,66.69859072752703,66.76989177079412,66.71523880408431,66.5746498994168,66.39735708319338,66.25726157870425,66.26903782439133,66.55579964463706,67.16569865385608,67.9990165568012,68.82205974113103,69.37798906088713,69.52329541733052,69.29507301036475,68.87443763664238,68.50138726808906,68.3940645923499,68.68076957468998,69.34407365490644,70.19882228725218,70.96007883111896,71.40801390600105,71.53677585639483,71.54934901674044,71.68654487690156,72.04453334055603,72.55647140482948,73.12620219188504,73.74158608325276,74.4434102846679,75.1872670434665,75.74657166451826,75.7634063374098,74.85818842665854,72.58229223751783,68.25368245855718,61.123834096069984,51.10506033273987,39.47959813281779,28.62773914070311,20.519015494203792,15.571297254323433,13.419785854192037,12.937174966133302,12.020544600729988,9.572345094785266,6.11108423698118
15kg_16bpm,4CA,15.771501248196548,16.91264187702099,24.051119471950337,42.81141481587923,68.73620697663961,94.5694984098267,113.99400620279589,124.01054192240001,125.57547581584886,122.1341455470569,117.36796303204636,113.51925661569177,111.04371222469616,109.39983913947717,108.01072534153047,106.63886445797593,105.21534203163635,103.58209138744932,101.49908069099718,98.93440742400506,96.29552023854038,94.2204382352442,93.04723600437241,92.51273548947262,91.98224243159243,90.96257164868146,89.42863459582634,87.73735350070794,86.28119260240925,85.1558472650698,84.063905333915,82.54689635169258,80.37640094537586,77.7560683228421,75.15153887369951,72.93122138866428,71.15354071424382,69.6170381046389,68.0688545095636,66.45702479726874,65.01888768058605,64.03878224009533,63.50295850788668,63.04546332548625,62.25857027618127,60.98457280484098,59.29723926546827,57.3766178175876,55.48489700015628,53.9499943604278,53.047849813800156,52.85686306269162,53.21857349264861,53.838898590861234,54.45346142318311,54.96215789227327,55.4352417036317,55.99860278434136,56.74869117893458,57.7617670204973,59.102803210032704,60.7640774758814,62.623715234365775,64.55986938948399,66.60926039021767,68.91724801727807,71.47791631649208,73.92711620320462,75.66502683400597,76.32395415617493,76.1782314500396,75.99387692395592,76.37749272758958,77.26062797974734,78.01581734827573,78.04097814419939,77.28246569297505,76.3449165955051,76.13029810844118,77.23414570025014,79.43453415540723,81.51037858478492,81.75472234203028,79.28488677404536,75.02197414940134,70.9751640078556,68.52897535081667,67.66141757307089,67.1635971798521,64.99087970939573,59.17442443221892,49.53912018853681,38.565516860443175,29.47650532732772,23.14251038723255,18.4983882026336,14.936516954123535,12.125323403467814,9.496580987903707,7.001550105165231,5.102059662450541
15kg_16bpm,5AB,17.130761773352006,22.53847143582002,31.352580716949312,44.04555197654251,59.28408643239928,74.26587940061201,85.95371132952373,92.50875676813611,94.07421600867384,92.40890237231034,89.71416338272269,87.49176725339473,86.12648255192714,85.25729603768907,84.4105417108831,83.3635804834828,82.0874212383977,80.55222035361888,78.7067938072573,76.60837461359775,74.47638108433614,72.5564169586982,70.95254644728112,69.52876947092393,67.91036885264063,65.7332048408716,63.012819794111216,60.23812091626977,58.11570136247687,57.22609227761158,57.76819122112539,59.48020977194433,61.798482248046575,64.13823356357582,66.1323830636027,67.72702852663052,69.0679081123987,70.28632400149071,71.41388207359266,72.42917721459243,73.26969226291327,73.82252701343562,73.99908675117007,73.84538886296701,73.55638841897802,73.37809716032788,73.48987238873993,73.89628060655363,74.35103385159071,74.48738066790392,74.16376750971511,73.63266245265044,73.25531454171494,73.10864520783919,72.9954876228324,72.81328605081029,72.79124942486101,73.30056031345262,74.46772856403945,76.01820457503814,77.50326145911455,78.64768117068354,79.45662057654158,80.08051104366486,80.68654227102866,81.41995623501063,82.35603243472863,83.42139249846197,84.39338325687868,85.01850673023078,85.16737505256047,84.92339449433615,84.53752306519922,84.22790328418216,84.03177371617902,83.92024022394347,83.98315502169714,84.42998559920132,85.39493820061787,86.72766557853419,88.09123666525798,89.3056223764178,90.49319878376434,91.86317489974186,93.22295921512895,93.48569274742832,90.7341159834943,83.24436562830931,71.1686834419817,57.44550518786629,46.02487929276792,38.71689720301458,35.69683201101177,36.34834619551402,37.313409947845265,34.98874870909281,28.81146931991134,20.899658766200215,13.767073678146565,8.607041578368603,5.163897567542337
15kg_16bpm,5BC,13.198308188816172,14.573242382689976,21.05540354630619,31.54954714381979,44.22075989068389,57.65238244679483,70.62507990711354,82.06497219842714,91.14220992144193,97.39655508548657,100.79894826042187,101.71368924145503,100.78892201712449,98.81027822928625,96.52009436114054,94.43308780664621,92.7412522602409,91.35698184611024,90.03345848338068,88.47965815995767,86.45396055874298,83.85661124455379,80.8018942572248,77.6148752063101,74.73026547952334,72.53576485726272,71.23526657412012,70.78889539305466,70.9397639578823,71.3114770769105,71.55104517729315,71.45451261373596,71.00251993631987,70.30192969442024,69.49459911183015,68.69207385828201,67.95457689982297,67.30168960377429,66.72941853763768,66.21881791076068,65.74293240578048,65.28138098860215,64.83674192643889,64.4421507106443,64.1582301296129,64.05661883464504,64.18881109017939,64.5591903386332,65.12184399009361,65.79456834802558,66.4727934620442,67.04910926596817,67.45224388082983,67.68671193982625,67.83482426639496,68.01015478992889,68.29436118337493,68.69781365230696,69.16367842713068,69.60526659450386,69.94717119291067,70.14697800896033,70.19451169214126,70.10332523589226,69.90932036997113,69.67391412318898,69.47901363152235,69.40578108508855,69.50197056830118,69.75740844040683,70.11141281198223,70.49632422196478,70.89182125580469,71.34991008351791,71.96368524987952,72.79226467155193,73.79492911261013,74.82956104771351,75.7231501939261,76.36199040668386,76.73761362173721,76.91981962037949,76.9748025456921,76.8742528184516,76.43205953191556,75.276413883345,72.86079987627281,68.56247031003409,61.96454493233545,53.29175726913452,43.658323361162026,34.71739892241481,27.770579067157026,23.104267763820598,20.21480978986324,18.304107602595842,16.482341516810187,14.130580005682024,11.220356282638392,8.131474920589458,5.246283813414191
15kg_16bpm,5CA,16.715974513382474,18.909205273725092,28.654522811852324,46.069066809233206,67.93834536431261,90.01917057633754,108.03005819701431,119.20812829953096,123.3919050551271,122.64836851563321,119.76328627330406,116.79566827162294,114.54376184368576,112.85223436432686,111.24882534767289,109.46866731851976,107.58571632712717,105.77209361486402,104.03445271615398,102.26927431868226,100.51222654857953,98.94100703149205,97.60374893775736,96.3598813086199,95.14760202875881,94.0815636110645,93.17485119123731,92.15082957636741,90.67657116033364,88.68829807143369,86.37326721278316,83.88256582002212,81.22594653819222,78.44122303921714,75.7181226223793,73.2543695324096,71.03704031263617,68.90544409301549,66.7919468974192,64.77961876465946,62.97595274856437,61.421168020574335,60.07675334020274,58.84304498703351,57.64494437144544,56.553841555382235,55.80732089461382,55.68847790125034,56.37142149378128,57.82917844478792,59.8068079702668,61.88880143897373,63.689186695112454,65.04467310873335,66.0596569654422,66.972769640286,67.90431796328983,68.67537267227098,68.89920026985504,68.29106640382523,66.953369809393,65.41479965552122,64.38321620983554,64.36185981443383,65.33217248333442,66.74198790044804,67.923706862409,68.60374439172733,68.99445463931737,69.44539582817306,70.08681633020134,70.8096724265084,71.47310480160372,72.10175682824959,72.92372268198743,74.1607834253163,75.78249478882103,77.52316657859303,79.03974998215499,79.91896095986566,79.66063567831661,77.94572485089793,75.10553249922361,72.22790594049032,70.32031227445496,69.33567613296135,68.62905307299224,67.95334317697726,67.3910781998707,66.63321852687858,64.82813360122908,61.179959953653196,55.52647105192705,48.32753746874231,40.31734342048569,32.36158164046692,25.312802554111318,19.519335643353465,14.533377900347531,9.68941734659867,5.215871701998718
15kg_16bpm,6AB,16.88806248705671,23.633547231018376,34.798888791438394,49.34316746494118,65.08577296936215,79.17012471862678,89.18958414726163,94.15604678226923,94.62785337792293,92.30071129768832,89.22306898967197,86.81974672122283,85.39860025624543,84.44905518599056,83.30196638872603,81.62745999504341,79.51954492825502,77.24622204364144,74.98569396425921,72.77822495553119,70.58685343869003,68.31607704584542,65.84829084985259,63.19716291850202,60.66794481099035,58.69967231028878,57.515967449277504,57.04725788370132,57.12916480116964,57.67723292083116,58.68740369308194,60.17287395960011,62.22242093504996,65.03294853135642,68.6750154511491,72.72004581700176,76.22426636029599,78.30666368862525,78.75016444970566,78.00639155744234,76.77915002891494,75.64410423259189,74.88852896799422,74.54810409888914,74.54372596074673,74.75664738910564,74.9825308595239,74.91061279062835,74.28955169169146,73.19957657738514,72.11749851146124,71.60204588278947,71.88031996784264,72.74379024023386,73.79970484630368,74.81831941788487,75.88660715438995,77.22942387619605,78.87622606725787,80.56726344024985,82.01561336061859,83.16296846467505,84.12763675000262,85.00470507305604,85.79927739862953,86.4623840962633,86.88590418942276,86.94662428690658,86.6578113756742,86.23875693402387,85.97274749700698,85.95820081474388,85.97513015932961,85.63309596021351,84.72136574374149,83.50101787674146,82.65981227282045,82.81022889720718,83.92529941194017,85.33164769402421,86.21305922523302,86.10043892838752,85.03150487273561,83.35785978960884,81.5000926213428,79.97815379641766,79.51041127411087,80.6098375900773,82.59539183434998,82.9161705932573,78.28014822268595,67.62690524369575,54.03424266143203,42.329168251582196,34.840997444234056,31.43983893973867,30.02718678211737,26.874811266910008,20.602472073050553,13.00903850814141,6.57921576549267
15kg_16bpm,6BC,13.630038265207022,17.57404770195261,27.165160207693635,39.6637259379172,52.70948743740165,64.68933871344987,74.67184765819307,82.3595678464549,87.89287196313603,91.57670545935231,93.67320093044455,94.36102005581836,93.84782032395543,92.49844632497167,90.83239764098717,89.35769294481646,88.34888236670747,87.73543290760487,87.18872801000057,86.35244413296007,85.06514860919924,83.43418436104912,81.73072933496898,80.21048538908526,78.99623894757487,78.07820885071055,77.39401739243301,76.9016710604303,76.58904522255389,76.44123664940797,76.41549683058851,76.44616176784174,76.4663034063558,76.41896540619372,76.25192830556409,75.90784719499395,75.32823139085434,74.47948204899271,73.38051103261053,72.10823922100023,70.7804223905944,69.5233501565042,68.43215472190249,67.54324511333361,66.83827954414339,66.27285413463436,65.80568192205646,65.41635282355726,65.11003647683332,64.90945977893301,64.83824294636275,64.90944912838393,65.12604486806178,65.47858226512452,65.93430304740643,66.43415275324793,66.90561778298868,67.2783349918552,67.49422099898929,67.52260135035806,67.38349119992641,67.16590088317875,67.02776285820771,67.15953294142163,67.70384609290475,68.66398511307607,69.86490096421404,71.01051563392089,71.80788714717508,72.08417459600568,71.84805684855502,71.2890053429055,70.71447639244894,70.43372678773399,70.63508260180642,71.31850569969703,72.3034986171974,73.29591145918053,73.99451394983606,74.22238831467978,74.04831039025969,73.81623826530353,73.98384581242247,74.76085414225145,75.71389657460892,75.63608370296183,72.91754861226389,66.37003577660096,56.0994835228342,43.85102100459281,32.363522726911036,23.787477224514745,18.456904879866784,15.725226427801168,15.043652113776218,15.209360382172925,14.720958564786246,12.945754289632124,10.152846966277107,6.964302536999532,3.9644520770520724
15kg_16bpm,6CA,13.59832316439269,21.673391331633365,39.8219220585552,65.5472540827696,92.94734326723437,115.2300968042565,127.68993799069423,129.78300401945037,124.716764971892,117.0721541916947,110.32755370561335,105.81015026124666,103.20229775528523,101.60276989163091,100.21843738081714,98.60643857074821,96.76298379412673,95.03976598384851,93.77525828293898,92.9012442803758,91.93234451284047,90.42771185039909,88.45142249718005,86.52224673056233,85.14115547316254,84.41098320280922,84.0534307187422,83.65348576406042,82.88078399312566,81.57700942689364,79.75559755976747,77.5444469199982,75.06328484506506,72.36118365851041,69.50909070602853,66.70225641946445,64.22866481395577,62.3592238285213,61.24731522301687,60.84165419287828,60.83825878157209,60.81729654775222,60.570017554152166,60.25303282798968,60.139248186486256,60.33639332881659,60.82909221141798,61.55352538042431,62.29876615762345,62.731076772107876,62.66434404468367,62.23114501083904,61.72014569583119,61.33575399582004,61.153898148133365,61.16429183646446,61.279070104262004,61.41058016312938,61.57812326645927,61.85991463583899,62.22057190668011,62.51092738627766,62.70642190319272,63.02043411238767,63.702827170587845,64.77558742049712,65.99833742022072,67.07608242591999,67.86446508295857,68.40237838370403,68.86976474943263,69.5713424943039,70.83847577593016,72.77486781765562,75.0661641056965,77.13513325803376,78.54303426128047,79.20476652249043,79.25536075389493,78.85539740416068,78.19254258471952,77.52035232119488,76.88294115076232,75.77189253700209,73.63412410668228,70.8160180832978,68.40193979783257,67.1435836341998,66.5385605325864,64.59769273470597,58.85103266386801,48.78444396890512,37.37770827191181,28.65721903325418,23.470936792253784,20.156636629154047,17.377011830644896,14.283931050410956,10.747428954541997,7.516700854136011,5.32217843748087
15kg_16bpm,7AB,18.255753637992953,24.138500555840398,34.74103158290344,49.37927242990683,64.68189218079756,77.02878865137824,84.38084014871605,87.0105533840381,86.76342133197211,85.55612324128185,84.4088288157104,83.48354674877069,82.61052500638814,81.64707360313885,80.51752585581706,79.16614026244017,77.61426218248201,76.03572994922912,74.67667450418021,73.64159136273831,72.76367891694161,71.77532130216764,70.64646874958692,69.63135089637301,68.93075493800308,68.50023359685265,68.1754221083778,67.80449673376204,67.32627898167615,66.87598198953816,66.81555617019406,67.51122054644598,68.96576966538264,70.69216178069303,72.03411645098596,72.63416171161003,72.64405025549762,72.52681486778276,72.64299223082311,73.02175711154143,73.4336513897974,73.62021520134944,73.52066996126467,73.32229212886473,73.27886176908508,73.46563600951949,73.7061912945276,73.73795886249624,73.45212248010596,72.99674365502999,72.65373787079598,72.60707403753061,72.82680335717484,73.14728018367812,73.40430057439745,73.5204099647539,73.53305072029458,73.54729092534032,73.67602784054513,74.05503131315265,74.8405177313819,76.09443992418193,77.67166364492036,79.22392086959309,80.38472215273788,81.06973648576005,81.60046279472415,82.45562734204833,83.82857964992033,85.4013572151286,86.55868342179238,86.8300748592437,86.16915487870861,84.95304290757659,83.79114467889423,83.2317089884516,83.47092272591027,84.27654528622382,85.23890403083962,86.104761055132,86.82250753691467,87.27351200651051,87.13402915827785,86.17619210872724,84.67204126601696,83.36224400472243,82.85827559998962,82.73684278905363,80.92508756006418,74.5158648537469,62.44322059009344,47.86656329746476,36.211647737798465,30.0070985447001,29.025828984548458,30.282858340900788,28.54731251317578,22.42584830646179,14.835859930493253,8.892921928626269,5.326033712191209
15kg_16bpm,7BC,4.844658906031169,8.89418669757834,12.469319489423299,14.481314596900862,14.459810440298812,12.665432925920571,10.245429721485033,10.065651532567653,14.81989937211406,23.331414878991886,34.12692022658871,46.237920775271554,58.61499054340739,70.05498906773182,79.41507603107205,85.91333628764117,89.35200035330985,90.13715382775361,89.08295249887709,87.11367105152699,85.00718795663373,83.26586532197884,82.11112835052842,81.537814269882,81.38387182829001,81.4109188819207,81.38769830536698,81.15933526903025,80.68008114990327,79.99666586747247,79.20036414475545,78.3757847079289,77.57045652296286,76.7973354069567,76.05456610512854,75.34638429507535,74.6921740813873,74.09521293634866,73.48411247652528,72.70332286297679,71.59698777906834,70.12822250428293,68.42221992605647,66.69256094562395,65.13028873079122,63.854756037735314,62.93284561940924,62.41186798219253,62.32361594382213,62.64766203168963,63.27174067055263,64.01991478252829,64.75022964264576,65.42734172009331,66.09570105933938,66.79209105556234,67.49027257056852,68.12630110838074,68.6590889437051,69.08595212384054,69.4114280180851,69.6260070881098,69.72342173287937,69.73034782670541,69.69583917999759,69.64594327740755,69.5698398055111,69.4633666940319,69.37532257317038,69.40286587623208,69.63901496948704,70.11710080636773,70.79196877016204,71.55995905743511,72.29802867642363,72.90861179441626,73.36280531238415,73.72269228455063,74.10836841998982,74.59696189414714,75.11094968478643,75.40783843007988,75.2374612767625,74.56982943237239,73.6713743332697,72.89970357505959,72.32411656735573,71.40451797097006,68.95086858373482,63.55714851603962,54.492048899985406,42.581399768139505,30.335683520050626,20.780912781769008,15.308910614845166,12.952814225317356,12.388589828180361,12.271896903156021,11.201621506172035,8.805507637416987,5.711985389416357
15kg_16bpm,7CA,16.789890734341785,22.86999342564971,38.42658352430909,61.49215117869882,86.71185373062707,108.41928663665013,122.32905075546667,126.98880621621366,124.12859646605811,117.51107672236729,110.90935400701918,106.48481902386503,104.45101861243921,103.82043678741712,103.41036030225297,102.46426956786783,100.73849000600592,98.35521561359073,95.73462738499241,93.48904552972112,92.08408268945732,91.50896569866921,91.29614228587097,90.84263856803429,89.77020446961863,88.08015553982622,86.00933567461718,83.75532743791432,81.34992501465763,78.79527248804237,76.2627094223045,74.02360668238623,72.14964513843825,70.39653270399951,68.47402932168777,66.40116628506905,64.52079166302767,63.22397218180548,62.69551668872754,62.764093317485916,62.93999386783478,62.69471911452553,61.75778467249078,60.22270034002697,58.364913493034564,56.32043746166432,54.076656517300464,51.831348199226476,50.154611746719745,49.608417874338386,50.26236004938008,51.658526347441416,53.192388527742246,54.47477163695755,55.41327164650056,56.08423464619113,56.57047677804812,56.913267029210274,57.20638533182706,57.674838366190244,58.57227051631954,60.02374512458136,62.00129804539342,64.35465231719962,66.8073441488034,69.03002629407659,70.84693665481475,72.36738111768119,73.80155456584136,75.13510703119391,76.10803993172946,76.526354794836,76.47291734668902,76.15888898277771,75.67117625616078,75.04807307013039,74.58860181257334,74.8128319411699,75.91304566644742,77.38321345251524,78.40141129046104,78.58172055682712,78.22893123715578,77.80901580338046,77.31252694023702,76.29594055161589,74.47938523315463,72.02832108141996,68.96853381951004,64.4162638614291,57.18647314026759,47.44426298044189,36.85162247321999,26.94495516446291,18.71577601530985,13.492484637001532,11.610498635310059,10.791489455606364,9.075608785409411,6.340443244711232,3.5203353425430466
15kg_16bpm,8AB,16.880976785964386,21.13344599321382,29.434561856704285,42.4395746130016,58.22376571910659,73.18237388707023,83.76746146263656,88.27043523844051,87.54434057578028,84.15786989470038,80.75825141008742,78.83031418456241,78.45443054054364,78.84040560263708,79.01739977946588,78.29910317308989,76.55112000513545,74.24613387677513,72.15780546523285,70.79853291922036,70.00750588268363,69.07069930661044,67.34953955606167,64.83438182367317,62.083636659856666,59.73750933384528,58.1455521999679,57.320734335230796,57.09883416751067,57.32884369453805,57.97228781583071,59.05104521676336,60.51512105502482,62.24264169245094,64.17505853896795,66.33810499444574,68.72428469990219,71.25285610285616,73.83242374452398,76.34706615025561,78.55833323044453,80.12966600692948,80.87503915203354,80.97191388874431,80.80739907780799,80.5926375394523,80.2303762267164,79.56823646590749,78.64639626336871,77.65673712116417,76.76570209749191,76.02780417739524,75.40003070863365,74.82362332602008,74.33302271805238,74.04055683846666,73.96536026614193,73.9604851234366,73.91005733396166,73.95011798908781,74.37188809414309,75.296066767321,76.57732489971184,78.03762362094591,79.64302465705693,81.41910162488995,83.28714323062782,85.05853240797326,86.54091906861001,87.52989246644478,87.75783461702692,87.06670119540968,85.68886209383395,84.23930892028261,83.3673430940591,83.43164003389077,84.42158422504332,85.97080429628483,87.40706333588673,88.0522689749048,87.68186512089481,86.64216662404685,85.45104318299136,84.36587457764595,83.40661939496033,82.63942968609213,82.08614024968809,81.09450083486817,77.9168238721608,70.66166608994573,59.49683615489625,47.62755111941942,38.47714545270956,32.305340281881435,28.663124000355857,27.437357040631774,25.94086045871411,21.7355032827558,15.406687831549453,9.157758644948087,4.609428084077218
15kg_16bpm,8BC,8.897185687846427,11.52876812332603,12.699130075548737,12.168732694615272,10.224897975246941,8.618021630097148,12.181206674971826,21.811430069960895,35.0215552919532,49.970017890642346,64.90193251007962,78.1709352582945,88.54607447042278,95.46054633602485,99.07140890403235,100.08297540730892,99.42523578995227,97.96177940028839,96.31329382332204,94.78649466568287,93.40665100021167,92.05150410834223,90.61181406444187,89.06058887590798,87.40851972933781,85.64531339841105,83.75550121559557,81.795424815133,79.93125706597037,78.36400792779763,77.18703139615104,76.30238290958049,75.4778775944102,74.49512505195116,73.25954104982995,71.8015916999309,70.22196373948785,68.66187823471238,67.29240044104314,66.26627003555068,65.64778043786207,65.38797379933247,65.35033555866228,65.35056945353146,65.20473669588446,64.79934418936848,64.16170670473676,63.47088102398352,62.970977853951965,62.83819156849764,63.10138111164256,63.662369982312775,64.37910568033321,65.14009098762568,65.88340800430844,66.56225059404039,67.10315485166,67.41458720813333,67.45893871109352,67.33504546014646,67.28581182482472,67.59058194009248,68.40107845354798,69.63989465379517,71.0455025237082,72.32891620746094,73.31861272286343,74.00037384944382,74.46972332510401,74.86738028967991,75.32404070207483,75.90484905040522,76.56849914864608,77.18590540105748,77.63016558867609,77.86790508422632,77.97221568138896,78.05959102324249,78.22804144399801,78.55358637627091,79.10650708661872,79.88917986377156,80.66760593534252,80.79606630104067,79.19719614973657,74.643582965987,66.37376505461813,54.78896494586591,41.71532351767136,29.770822663371497,20.901882152215087,15.368799251936096,12.650182462573225,11.997153007926732,11.647735758950777,10.186613288051491,7.607281083620358,4.723839973867326,2.324467848417515,0.8976247329670854,0.8369102914359272
15kg_16bpm,8CA,9.748826074373142,12.490701328138421,19.31699609042387,30.381681281287754,45.225842779576034,62.52003771382963,80.04351860092319,95.32035694387805,106.51633052871694,112.96790218707685,115.10683330657018,114.07357842708504,111.29332196195412,108.08033125334296,105.31748543108702,103.29518697524102,101.82445344923934,100.54902454360008,99.21548827932078,97.7796371372045,96.35952773645428,95.08426722568719,93.96759596834298,92.9039929023315,91.73201655029138,90.31624474509458,88.63815434646547,86.84038636420033,85.12712132504267,83.58644452946234,82.14502711258464,80.64804529652355,78.90933998573412,76.7611369919926,74.18661940724932,71.42491043572113,68.88510973033742,66.88578100157841,65.44006022356363,64.30011456965892,63.25638525135324,62.3909816533947,61.99265032391626,62.21441457679772,62.8086552357142,63.21971596966289,62.96198990713644,61.90414103586767,60.29408365426199,58.61060747818628,57.28807902346111,56.47342753501756,56.02876137292948,55.69395680105265,55.263451853682156,54.7392931837861,54.34733063530353,54.31848962561117,54.6317782274257,55.04040278043327,55.37088606453309,55.73778613386431,56.397653791208135,57.47038020027317,58.91212619866136,60.672039508438424,62.74207662179803,65.07952812441583,67.52030160650862,69.77646692692088,71.5711118264166,72.78654895318816,73.44124188647042,73.59958468300732,73.42720774985641,73.25712242407486,73.46932416538021,74.27190981958755,75.5910773928988,77.1211673402544,78.41332195579555,78.91673924711489,78.12068180999522,75.97679827676444,73.2599523711561,71.236697738632,70.492937973554,69.90038789905056,67.42747398164643,62.24661708781807,55.38498724572026,48.25238053009727,41.66121354357217,36.042889257583724,30.86324074510308,24.997581418667483,18.462565286412083,12.283938312432664,7.282497387428825,4.154574825032388,3.3624071375757176
15kg_16bpm,9AB,17.95461180750123,23.85616150787826,33.136226066534256,45.69580272391952,59.870655372258646,73.18727474123729,83.41169454897478,89.3806186332201,91.24735730440811,90.15050517914186,87.59848590131416,84.9034522162648,82.87915202242102,81.79491675660044,81.42509355091381,81.19439532916853,80.52261143450957,79.19729787529606,77.46570940543086,75.77082189973464,74.36851513230643,73.1777997510854,71.90984106074815,70.25722111123721,68.06438654067088,65.49553533025372,63.070613524794005,61.445527368818965,61.05766119395843,61.886825198058155,63.480360328888715,65.25559107226064,66.84455959218214,68.14754496341395,69.15933879382754,69.89755513140643,70.48442464801212,71.13684928698578,72.00410558313473,73.06437010477902,74.1564766563705,75.05524790770781,75.56889973582322,75.66538376907864,75.50522679765173,75.2977795526385,75.13642321057853,74.97629439674778,74.70652131407199,74.2222269183337,73.4905498060827,72.60608738720113,71.78626302204131,71.27472224918775,71.21233059204913,71.57291172954204,72.20737475376639,72.98997663334856,73.96435411541367,75.3278059118164,77.22491421429815,79.52999114377491,81.85777965327355,83.8128521006923,85.19867100971831,85.99635962137023,86.2743840025285,86.25666145818866,86.40016500989972,87.18110801226148,88.69932994782513,90.5178224298403,91.89631607090966,92.22061141137334,91.36422620121033,89.79608623059892,88.34078644651292,87.68157684582403,87.92720022690237,88.55635194021922,88.74821401669014,87.86650417282054,85.85937128504257,83.38177911597703,81.49533243849967,80.90062587948665,80.93103456960404,79.07743620305214,72.16701360804973,59.311003659167945,44.148968949485266,32.16768635162842,24.669806865656604,21.47216701926427,23.300869842628188,25.136272368385306,22.82054970177861,17.137186568234377,10.938891903267788,6.282009107958663,3.5023481882722654
15kg_16bpm,9BC,9.309233202028837,13.633328337159274,21.489029427137393,33.201369438159446,47.94675968392692,63.92456638190585,78.82055832208158,90.52025224320262,97.80427813670833,100.69022784256515,100.26747282829061,98.15739448395304,95.8829293041757,94.40049189673975,93.9342830480243,94.10947579712456,94.2639025729883,93.78951039804218,92.38871757160318,90.16351094231773,87.5099959787967,84.89282521500908,82.64071415881908,80.8668168239021,79.50944094038626,78.41781804879761,77.424442750138,76.39284410235565,75.24764479107645,73.98801505092491,72.67875682314039,71.41408763470211,70.26272760199916,69.22478774738366,68.23020087041083,67.18373948437868,66.03444526452483,64.82930318827792,63.7097051205636,62.84032771713855,62.31559744751265,62.11325065832896,62.12558850311369,62.23447576758417,62.36892375196376,62.51685785263668,62.70407726088636,62.962454043505495,63.303646551775664,63.70744145888947,64.12262069872887,64.47555234432826,64.69110587838048,64.7310948921758,64.6359250931326,64.53838965110519,64.6282435511834,65.07088622213953,65.91465985756008,67.04184259870877,68.20013350336907,69.10689739651734,69.5759177897817,69.59403975356183,69.30243826827754,68.90593544909896,68.58133716175227,68.44065653392693,68.54284578684673,68.90737710428778,69.51262978570635,70.30491687565006,71.22944923693619,72.24838562119358,73.31321459361652,74.31888898605993,75.09690191712957,75.46309958043501,75.29135787466565,74.58942157174697,73.57570335546411,72.72929588531863,72.72173538120725,74.13233762639491,76.9539467382542,80.09545571484925,81.30727710662609,77.94795104438134,68.52159816901614,54.137638596486546,38.60410063121751,26.336777950264626,19.03921153297893,15.594700001392404,15.497945220161146,17.064045515143217,17.214737606531592,14.69897269193237,10.291112937755457,5.5844556136230885,2.0050723024959853
15kg_16bpm,9CA,10.249850332022339,13.537722774076242,19.747715981051616,29.559317468302773,43.70167446172469,61.75141283013358,81.5623236933104,99.89583581531345,113.80211512479393,121.74841391487446,123.94292023144502,121.94759611273435,117.87204116944902,113.49231912726597,109.75404362817912,106.85431736786504,104.60514743886141,102.73834797892417,101.05200843783305,99.4207310276707,97.74999716251844,95.95148889393563,93.94780068547507,91.71913302509648,89.36942150479501,87.08691493461028,84.99147279980399,83.0524570118123,81.16332146687819,79.2547062156466,77.31400008775104,75.31819815708282,73.20452713149041,70.93996718595207,68.61799731493043,66.45067335905928,64.62108920096902,63.16921219154878,62.049538434544296,61.23193112276848,60.70250921840504,60.4133885917221,60.30341106848974,60.3654462762359,60.58377910514036,60.78435397520883,60.671691499040605,60.04132185689874,58.90551756487796,57.46363534471837,56.04172065893354,55.01956311097171,54.67981598992026,55.05917644614602,55.95774665827947,57.0907514426304,58.21496593551926,59.15960691785799,59.838654684358154,60.25595424064375,60.4565466802423,60.502534131175594,60.53246099719018,60.78403016906509,61.48682288862618,62.707149930678945,64.30614155132132,66.05584426615968,67.80595386688161,69.57480012560286,71.47398981256804,73.49377994471253,75.38284895219196,76.80081805236345,77.58544452109362,77.85063287535374,77.87444004785796,77.9069786584035,77.99080499179675,77.8774533882804,77.19630488896463,75.88212221113238,74.43593478413193,73.49470745302415,73.01986285327662,72.27106387821581,70.637132073222,68.086933568694,64.8430818708766,60.834947120731556,55.43835504196045,47.87914630735938,38.29137172007049,28.421857441101512,20.57728497175882,15.634441986238794,12.860980078901635,10.94674726153453,8.836714051627737,6.444763114638954,4.408054783927978
7kg_10bpm,10AB,14.781782362898594,20.962880663155442,29.795263112018777,40.153036202119324,48.91955263597717,53.72883707582267,54.73882584113694,53.83002145387786,52.512181098347156,51.01488486567523,48.87678916821574,45.87356390159147,42.40978493988685,39.25340431863282,37.01514159393842,35.65218944063074,34.58352510416996,33.440379718770735,32.377031250732756,31.66346370967521,31.42814306661537,31.70051842435445,32.465720389402755,33.632904496995124,34.993688139825466,36.364938715696766,37.66403356379292,38.72769058952932,39.25857145957071,39.055028932550755,38.23471976074659,37.165606934057635,36.20770159187664,35.50643012372598,34.94833578921704,34.364771473588036,33.78695518131603,33.41756565586683,33.34491210096477,33.41421202906339,33.38494176806257,33.09589201096423,32.577086961711984,32.077804122860755,31.879352063590854,32.01462447880907,32.29767495306595,32.70353190507736,33.42359135841935,34.41926264793462,35.290477295909994,35.86297125197961,36.616628856760975,38.029007166514134,39.739451788232685,40.94461258619225,41.33105330220457,41.18663807707682,40.90180264558575,40.66565127457176,40.50335292622801,40.507767693114246,40.8660166884255,41.46723865858157,41.78669896116594,41.42233273772875,40.58608911995789,40.005181165578165,40.260228160674714,41.146470260991606,41.878255427942335,41.94947471948727,41.65842863204526,41.560522801689594,41.601825399429934,41.33799313287143,40.850875347737016,40.78607368804618,41.09458135193799,40.19047041614424,36.47819213163323,31.00556933263675,26.7378011716345,25.276339361660227,25.808783488319445,26.236044108905812,25.618515874528306,24.177383727725626,22.082985597547925,19.2834580826282,15.776865680414677,11.99654414458179,9.02203373860484,7.525063328381437,6.909565828749439,6.071167503127229,4.783654618232398,3.8813561993165044,3.993723147385945,4.866064705704205,5.130016893595034
7kg_10bpm,10BC,11.650961181327997,17.516289943517602,28.376464427214,39.92984613283014,48.25341251237944,51.56400181275519,50.65187220359167,47.7330552073053,44.821081054975764,42.88593053671061,41.86333307345612,41.13770257571256,40.18862180296373,38.96118772291632,37.741943625274246,36.8125509101451,36.25184966958806,35.96966289781072,35.850038545993506,35.83864699795401,35.92241709805026,36.08137619332189,36.26705730188772,36.40377954999393,36.407368625927454,36.221686947327676,35.861370503176424,35.413082225631854,34.96905321697725,34.556498604631095,34.140470803264904,33.69100209428804,33.24051931292853,32.85629248629362,32.55658620674921,32.29346289396599,32.02169536870346,31.758013573750485,31.559605115022215,31.447164968827476,31.366874814641857,31.252141133872605,31.097407038368967,30.948959075690123,30.85452044428478,30.8517177608203,30.988410058278344,31.311105428020134,31.80815906107893,32.371888840949275,32.84605296787609,33.14090868072007,33.310897604712764,33.51886183344222,33.90307767194281,34.45894389577417,35.05663913280166,35.564478342490155,35.94485940625955,36.256554666814225,36.59609546733055,37.02218436883988,37.491684142938254,37.852005497066614,37.92285025716585,37.625638764619104,37.061553446099865,36.47816459739694,36.147935562749865,36.22326605980801,36.655737094001715,37.2463688290672,37.77645373473334,38.109173347348516,38.21997303669489,38.171388113110424,38.048889014057096,37.90659124103393,37.74093864313765,37.48949395031724,37.07728277932371,36.51763149347833,35.99218915478026,35.79492752002626,36.09078697726201,36.6120175130318,36.56050347321375,34.97716042082571,31.495766048391882,26.77021695170507,21.91362003607938,17.727774767820705,14.814824915384428,13.428784419680081,12.84641500495112,12.316607239201856,11.720088116090118,10.912616442239761,9.515312575579392,7.425462548533765,5.072978063527743
7kg_10bpm,10CA,7.654569967591636,14.902487163419098,27.84273313765591,41.99751872019463,52.25682908161524,56.42968173273549,56.022264665134664,53.829294300396924,51.69200266678743,50.09628349548183,48.78283928461782,47.447958599967556,46.11902563192111,45.082480062846095,44.53174657200559,44.22574403130845,43.63830382466718,42.59145329326306,41.47381724719682,40.72218520052629,40.27620219446989,39.71866097513589,38.84272478741106,37.8693621316889,37.05074544078745,36.277700936056355,35.311308388954785,34.20726387893676,33.226131749129976,32.39174657862319,31.464493926319935,30.398449927560225,29.517009696260413,29.109093583765432,29.126147300449226,29.35376164136641,29.58216412613907,29.567912400808726,29.13503807965265,28.4274891919172,27.880955819450143,27.856601949072886,28.403630196876904,29.317926360371843,30.311446954360676,31.12417797745691,31.556067204962076,31.59156634009031,31.520002978085046,31.67236965070407,32.04292147565944,32.32511303328854,32.29155187168364,32.031566573287286,31.83854993339811,32.00606214113529,32.67651387847666,33.669373188822235,34.600955420508086,35.29338797006165,35.85918819761632,36.43394835606225,36.88882229678343,36.911849772524086,36.436543606081884,35.82282350941168,35.426977610495534,35.21394637286449,35.03556588858179,35.01317606013419,35.28620763402536,35.48624162258552,34.88290349648019,33.391191457674,32.08336447999653,31.964330646701054,32.75777779715544,33.587875132885976,34.002266761236676,33.92604899126162,33.296214827568285,32.31236559443488,31.62948090815119,31.693325955576675,32.11372691149464,32.21801353869141,31.888508145805822,31.438029445659616,30.931344241284073,29.977892618467692,28.2359920142673,26.12740154194227,24.522047014699805,23.392469231067643,21.693012407246723,18.591455637764906,14.430924641373771,10.127721983207444,6.547797266298713,4.606622653042913,3.861987391567034
7kg_10bpm,11AB,12.78460442796628,18.252617228805523,29.11634064940195,41.890638008677065,50.558642709423765,53.21177525259679,52.057042504206834,49.66111530577559,47.16685616058571,44.81605249739815,42.60259645863188,40.33691332387112,37.727372692188496,34.81278378540269,32.223195558856915,30.552812732807432,29.824108463071205,29.65488549127638,29.687760732977363,29.780356666416615,29.836910476505103,29.681547310670766,29.31613762325764,29.11274099628204,29.418105369867696,30.241065584066607,31.351123509785403,32.49804884423451,33.522611350743844,34.254749362711976,34.49675291207619,34.294856166846046,33.92465201983143,33.51114555454804,32.98428415921593,32.30299230778153,31.547417907380634,30.91693187285582,30.598887717271943,30.5484391500295,30.57789714965597,30.669431924350757,31.049846081569203,31.904020897944836,33.10001598793498,34.355768975441826,35.53423815009402,36.648605032008795,37.68364950276504,38.547043553711646,39.16936085217727,39.59298170738173,39.96358011071179,40.30467426986579,40.428570497198045,40.3047897688663,40.212348127009726,40.322519968179954,40.45187153572384,40.383823571790685,40.144207949171395,39.85998644293493,39.60641443775196,39.42816062546746,39.424101528903414,39.640644444543454,39.749383789424854,39.333834957617434,38.48294334076879,37.75334560521278,37.628363826542845,38.04446843409532,38.54797163487372,38.766568378895585,38.651414879828344,38.463869233914906,38.393344368919145,38.30792639003478,38.13833779803315,38.14672552418139,38.28840507444853,37.522642020063365,34.58044074591549,29.89627241869739,25.926028197776304,24.421483574015692,24.580309745246435,24.676294912166462,24.050688233759693,22.65538252518802,20.44524771755816,17.92129897336029,15.631527058127752,13.445125789402292,11.31628805645231,9.61878178487985,8.581120797536588,7.737774739195798,6.471791330458129,4.895016886845609,3.4012766739061417
7kg_10bpm,11BC,7.927418190159372,12.02530401694101,21.79246886211567,33.61201275874973,43.05859970078226,47.43726949698394,47.22526840577479,45.0398064373773,43.14227134420104,42.19808807239616,41.71942186517528,41.06220469595516,40.01163338678648,38.728735509274024,37.50035349728351,36.56236176945882,36.0097090609529,35.77115714199512,35.649985740910275,35.42484222889552,34.98114010694174,34.384952939189226,33.799410432309514,33.35741375567179,33.14181600370428,33.19295688810166,33.496586869267446,33.97422383076536,34.49675841506512,34.91901664353266,35.129206591401,35.124582560874465,35.04968611261897,35.083556572708325,35.24394853503749,35.3503427393649,35.2118980409957,34.82652941666182,34.333733828546706,33.81949716462275,33.26798540713409,32.67063109172814,32.11108033102491,31.726255448872088,31.59777138470999,31.703720816768353,31.981780388023985,32.40937102084096,33.0061905934023,33.778147823495836,34.652016527921496,35.437792593220976,35.911437456865,35.99101511709267,35.79524183106012,35.5086410079514,35.23918521435725,34.98732804714718,34.758514415634615,34.665294904817195,34.844517992119926,35.309545228640715,35.933388667958205,36.52215793478695,36.89369243231468,36.97334109138606,36.82477656573387,36.5603482823989,36.26898110964251,36.06961436644861,36.11131015841934,36.4184801894506,36.79785791127154,36.96638765232592,36.7806221455219,36.36567757026404,36.04855223529924,36.106519732347,36.509847213030476,36.93854291349308,37.11701401420871,37.07437356174429,37.00145900416947,36.93001999854059,36.64961249331197,35.905577635312454,34.54244827773207,32.41979141699021,29.364219420469276,25.517808363545637,21.741950164154265,18.9676536703272,16.864812941897352,14.381982085255192,11.388693254888354,8.700122719189455,7.051032206536452,6.660505792244986,6.673960052158577,5.681619306989269,3.550082090557988
7kg_10bpm,11CA,7.9468144254501585,11.995183504970033,23.516893561820375,37.19219120881958,48.134186030503024,54.01959203458259,55.49719722804121,54.60835430667937,52.99557339719975,51.42055496407895,50.06960628842303,48.91046096768104,47.877771835748895,46.930447580928245,46.06944303586487,45.31034831102111,44.63430077465432,43.9789690635402,43.31661752766724,42.75464441980209,42.40658521944238,42.07556471607674,41.283317183556285,39.75706685794113,37.785801952772864,36.00191535441314,34.846880307290945,34.254441260010516,33.79043662672051,33.081142363634264,32.145870797585225,31.357732302220555,31.07686668440625,31.29166000951703,31.598670956528522,31.534901987696685,30.979584201701666,30.207724560028918,29.5461580355027,29.084117213717686,28.705555901849944,28.30939132374209,27.969581633012332,27.88296105757256,28.199742560075347,28.911454916548244,29.86550409057747,30.84850296514798,31.66844119070125,32.228642093795735,32.53631595543258,32.61971683817307,32.478533179369066,32.119558554177836,31.655194632678906,31.36723349698671,31.584773774286003,32.43691162205509,33.696459544459685,34.839045839794366,35.3488342736112,35.117587928998425,34.5143154032978,33.9681764638533,33.6070215287324,33.34615722578345,33.142718111811895,33.04806115309884,33.1319504789154,33.47544807786682,34.11809759687933,34.919856790305836,35.58922697363269,35.95230997166177,36.116276826605585,36.32057572463097,36.71068418008534,37.211775439677595,37.5120472994808,37.32131728121162,36.75261158052677,36.2916482996037,36.27670453121783,36.47417601025949,36.30545860431066,35.565372813119744,34.74412932342061,34.428504098686226,34.54781818521731,34.350104033699644,32.994674007525184,30.344414983462453,27.299377302050157,24.963055591541142,23.34367546125633,21.38145919188108,18.14365800082397,13.95598763477015,9.856660645526366,6.362869780523748,3.8345889846662504
7kg_10bpm,12AB,14.64297288837324,20.216541797115756,29.50478190499808,39.18069138600272,46.03961640057372,49.50717681821382,50.65268065715783,50.362061280083104,49.102112852581804,47.24799661520317,45.19191984760792,43.22396606156286,41.350893892274755,39.40094511277404,37.38005630599274,35.62630442350579,34.51578633515018,34.064378367198955,33.97054024605046,33.92517260587874,33.725822461609134,33.312444413530926,32.82320514478979,32.47036377301326,32.38847949728181,32.62628775946766,33.11855271217556,33.63516065016855,33.92450174797354,33.96422618337486,33.97093138459676,34.10594930117816,34.32452440871236,34.51507658412158,34.59505710523261,34.47137290871602,34.07631029900677,33.537960947835906,33.17413016530921,33.18987592175902,33.43439004688223,33.558452393143405,33.42225237050358,33.20139802002474,33.109036500562986,33.20790313897714,33.475687402912364,33.90693191991975,34.53674319761796,35.369848030510184,36.29402464301837,37.073018036757155,37.48583751590492,37.53733351309439,37.49545722357072,37.66159373399278,38.13492845145964,38.79858083762207,39.44907390254771,39.89921991238277,40.03686338945776,39.90332762580379,39.74170730383976,39.86691259455718,40.34355511319809,40.8535499704636,41.03368174836011,40.946722282039865,41.13112820416129,42.102544591491565,43.70028266994928,45.10641341258775,45.641568742759794,45.239421470274955,44.20774426696513,42.916825848338114,41.62187624641703,40.408818747125196,39.29367791779823,38.33102918413352,37.637397109036364,37.296554738658415,37.17809518960566,36.985953556211506,36.70620100425224,36.70352389384887,36.751717949493816,35.45515239295479,31.94700230667589,27.79098652432155,25.136656172221414,24.27731523304222,24.311085486020875,23.076459295778115,19.884616846096737,16.112761349522405,12.69585395225641,9.70475673645619,7.139768809773128,5.128921639095014,3.7354810539278644
7kg_10bpm,12BC,8.673466053963018,16.229665363312158,27.605117965323807,38.49061633488332,46.020371724508024,49.11058778578153,48.62609698939202,46.45644326071674,44.23397589645498,42.69126144484149,41.793895676694355,41.185458655213004,40.56108547771706,39.8081991286571,38.95627151476148,38.09134255870667,37.31082146219792,36.68600095175413,36.220959701334536,35.84349279561115,35.465268397038336,35.06111519810533,34.67957004497178,34.38541777705759,34.2038661783501,34.09900106505072,33.99065176612887,33.820619967009776,33.6058915796504,33.39834446538913,33.199932030560014,32.95414760963012,32.62070565254917,32.24012313210901,31.907309571380434,31.681302329630235,31.539357050380946,31.42849064319678,31.333742345838886,31.26823230876383,31.217526049883283,31.134128260008044,30.979305851566913,30.750553465224012,30.494247817611576,30.310883839010916,30.32215289660873,30.604441605340643,31.134062284073774,31.80120038779718,32.46464922127988,32.99948784358251,33.34980098866165,33.550867997089725,33.67783437860951,33.77676596746778,33.85994392042357,33.95910397255517,34.14858775890471,34.495400086050175,34.99643148585969,35.57399314896527,36.119585519101406,36.53014201912224,36.72816055407644,36.7006466963244,36.53426834622091,36.37086198776447,36.30525385319076,36.34180482319046,36.45746003768547,36.660887481038735,36.94838424570742,37.24905027365809,37.45126912525516,37.46828108441723,37.285521982196684,36.967171828894344,36.625088460392575,36.36210852621338,36.21718906327075,36.15780995319976,36.141791893369025,36.15797914879345,36.158392041495496,35.957400254873,35.24567353998292,33.79892650419569,31.72556314706695,29.455476075554188,27.36508292034452,25.34143219385796,22.8104145580358,19.322462095640642,15.166142495195304,11.385038704230999,8.869630658628605,7.2860049097884545,5.80133101485937,4.32845042619199,3.1544026768447733
7kg_10bpm,12CA,7.333206890851468,11.101842246769413,21.433580097310266,35.59974860908127,48.55138268358586,56.35437974047656,58.117856880470505,55.828761436374364,52.45858655406866,50.03111092188267,48.88497530681555,48.32246350182898,47.749264953444616,47.11657519692787,46.60865654563288,46.265034177673606,45.91359308720391,45.39995582073166,44.80629586946362,44.32201641072405,43.938661277538685,43.37462370452685,42.31974896848579,40.760128775923995,39.03216443321633,37.543307305709476,36.42581157065051,35.46661643224712,34.40313802594693,33.26073206771029,32.3503514947769,31.944552566998723,32.009946787947605,32.23245491771131,32.271375765777336,32.01191327273726,31.58356743215015,31.16104391251111,30.786484285334286,30.358320936160577,29.754931297876492,28.957599080574916,28.07194932633482,27.269973432085706,26.729590065230674,26.588440703872525,26.876993550085107,27.49539365330576,28.299125583590826,29.19465299955605,30.118199323939827,30.95318896806679,31.551115920802907,31.84898436246062,31.9300397716943,31.979952334146745,32.172980667376486,32.569043469035556,33.11090339137019,33.70508196492081,34.27162910800291,34.71991133984574,34.95695040072401,34.9718818991059,34.87120437515974,34.80013990757727,34.82105809136505,34.860819663809735,34.797097608782515,34.62297950905621,34.5045062513487,34.61350177279126,34.90486575620529,35.154699872884365,35.22735854120072,35.20190897281792,35.22682095052081,35.33539621345688,35.41082421587383,35.31340716403469,35.06548562987475,34.87671644737062,34.94439512289264,35.23302823008992,35.39527402634237,35.03195083547043,34.206059182743495,33.61218078819774,33.94944517820516,34.99966150716425,35.50380850927832,34.03624579009941,30.334049047861676,25.868904621495872,22.21188108768167,19.201844343640975,16.057274293369638,12.478933851941623,8.753051918560391,5.584577355338568,3.9383441692712857
7kg_10bpm,13AB,13.86954643427615,19.606222934655953,29.1888359003403,39.07104715894536,46.31881000621877,50.053520045838795,51.0269236505603,50.48608414027609,49.294140596067045,47.70290909000177,45.67227396906633,43.2361878600728,40.602798794476655,38.246515088063006,36.61231958888706,35.60168413805874,34.88056483815884,34.29122316891612,33.7363119215315,33.1508356525432,32.543922203767146,31.941496138272345,31.41088857254295,31.041104454656153,30.853457764379407,30.81834938278876,30.91425639040709,31.133116017794183,31.46236370939243,31.856979391587647,32.197809262677374,32.34202146679718,32.270338301521825,32.126580061922915,32.06965373838559,32.10984277777416,32.133829326408836,32.07033013394383,31.95172563901657,31.86369991699192,31.90741559189288,32.16712413303756,32.60072308174282,32.95636309245023,33.01814980623808,32.920977625343674,33.0102976984297,33.483554698397285,34.32154676710999,35.39180831835979,36.49746487973675,37.4705743918476,38.2472362925286,38.821507992844026,39.251699891033695,39.665521406341796,40.13569166539963,40.631589135092234,41.07070734745748,41.40651153933468,41.65909973894814,41.83634737984182,41.889393673199805,41.757379162649045,41.4610452778288,41.148270708198055,41.01162526484225,41.19708064867834,41.742212414095825,42.44646456679218,42.938060343962654,43.019050771181526,42.82295847045464,42.5504222286685,42.17527149420249,41.51512259170606,40.52861924943169,39.43817201057407,38.48153352600335,37.636355923324295,36.78190183793445,36.11422410945957,36.15757617822724,37.07465174190009,37.684937560130706,35.55761662686902,29.64541495746056,23.24083817581654,20.26432777037806,20.449793995153446,22.42775060623862,23.23851722453367,22.210550544084597,20.021270681354803,16.92607370369172,13.702866433080539,10.34627577648036,6.609070209252245,3.3993856307530876,1.5005406317426198,0.8051831644726791
7kg_10bpm,13BC,9.10425287891409,13.932227724714346,22.751044092866014,32.53365501376874,40.66365075741381,45.51699894524777,46.974561087283,46.16307341840762,44.53219402615676,43.070145234214195,42.07662982196741,41.344074767582654,40.51877740900916,39.447601345108005,38.290881141564235,37.32702374232858,36.686618702696315,36.2904887170804,35.984939367457976,35.69271854503039,35.430792455446074,35.21971255660776,35.02918052157754,34.817507180881464,34.57837493334556,34.329770418452895,34.09763452044215,33.904374439637614,33.75433463811623,33.62204826662227,33.4746573951122,33.32223576875045,33.20677915185298,33.12252044342644,33.012183467145945,32.84063958029574,32.64767332949175,32.52004684419842,32.50782641923753,32.585705322994926,32.67916156553594,32.71977974932162,32.685765771751846,32.61134488815702,32.56731483507017,32.61881895105239,32.78948693068973,33.0643101374955,33.418778597603364,33.829514818472795,34.25898947462729,34.62751734408035,34.82510977486823,34.78921854908366,34.58171891578679,34.366945964071476,34.30477908442346,34.464157539421144,34.79706179021096,35.18416198748029,35.536389777542794,35.850866391722946,36.14980457650962,36.40155673858189,36.53725699332328,36.53149720077507,36.45693303492191,36.43329133866438,36.504325418269524,36.597434640281016,36.61051459984288,36.50838641555518,36.33135662139061,36.15708829468082,36.07996023350934,36.19824409755292,36.57285976116032,37.14543645713149,37.68614423819862,37.90873348205097,37.681805344205834,37.1172874108552,36.49217117250538,36.12776839481831,36.2454101317508,36.71013387011868,36.7768456788757,35.23987039819534,31.31620165187112,25.745572199613257,20.61298367898937,17.44582195354941,15.916373300333317,14.72292816964255,13.085047746039859,11.146888833320642,9.559008822958567,8.607077496536593,7.522993990583502,5.581085436165173,3.116856889612162
7kg_10bpm,13CA,7.127820519909122,13.033698194822945,24.257233672875024,37.758494136721126,49.372133451591495,55.85610457082644,57.00698880092617,55.18641881321145,52.913972651234225,51.307646072027836,50.203064213986366,49.167540036018764,48.214069586110796,47.55828739944618,47.094461690726625,46.43784870246172,45.37535848419878,44.08037362524511,42.86275967397503,41.82544178311261,40.84809921729555,39.81464427267557,38.78967802713123,37.91192836958287,37.09000789344467,36.0633259380162,34.738864510289154,33.247555182364074,31.801711210099302,30.598742759326868,29.730955154957833,29.16600257433793,28.761385438415527,28.36373654121772,27.992901131522736,27.770337756546553,27.699986445334087,27.681544597549816,27.734174938394798,28.077831959586888,28.908401022933226,30.10071494208283,31.203462018039183,31.828910696050322,31.98381497548305,32.028730822250616,32.36304769497716,32.99014026882685,33.41386394096634,33.20499898653102,32.60915731460591,32.28890552117487,32.51804020740425,32.97426835716866,33.31293175589531,33.53994375180354,33.833261846486636,34.32912172063894,35.04342938412698,35.81242356567942,36.323160748064836,36.32752612745974,35.889514893849594,35.3491114038011,35.03024658841595,35.03713124778579,35.2698410415844,35.587086214911494,35.9339981167018,36.27623119554501,36.47479960045384,36.37697466146111,35.97868218349164,35.438056719337226,35.048005022535065,35.08356975895284,35.4845173522276,35.71867250245276,35.288759405849696,34.46970120443231,34.051448900700876,34.13292571385289,33.93266093222298,33.02078661636336,31.906999299015983,31.02418094936911,30.07122701220865,28.87816904227421,27.87749372586625,27.282137725614884,26.549672655307777,24.846215613134536,21.99240145470786,19.16813657489542,17.6866528467947,17.09756531229287,16.22139485433455,14.607750230610884,12.320380072532581,9.267235075326878,6.048106858576196
7kg_10bpm,1AB,9.269661862600499,14.007798013032716,19.47038312052881,26.55041162127985,34.06127825086428,39.976875127680024,43.953342377256696,46.65100390164301,48.44604614855241,49.32516315814889,49.26942167014343,48.42195266591862,47.034336410350775,45.35546212680875,43.50405362603936,41.50543249010685,39.48123919132784,37.56699924985316,35.73723059602404,33.96727159326736,32.350624916894965,30.996341386556807,29.972878806670828,29.34810361307174,29.176289575916247,29.369439590273323,29.63659447130518,29.697153631626065,29.59840583489927,29.571939483058454,29.613681850341084,29.440578914031118,28.925732509568036,28.348268037794547,28.028240433443123,27.990210668436518,28.131408581660008,28.42498930274933,28.799599626664655,29.119128672426704,29.382258282265862,29.743354090745616,30.27112124789032,30.82059326038073,31.230375941965075,31.49027814496205,31.611531840370994,31.601512402811675,31.642714593986984,32.01563889353859,32.800422533656125,33.75787069770115,34.59299107405592,35.34540389116526,36.34721186165515,37.73918971322435,39.19886858727538,40.21215056617604,40.54501430381581,40.38924924927179,40.09822493231193,39.94540693191101,39.9927765207048,40.03871474815901,39.891908429779605,39.66122606378023,39.56607095548181,39.64022560946341,39.68911898458591,39.492707384387835,39.08357003003182,38.72507879444371,38.64466500588365,38.88501930322066,39.281233999663904,39.486948557472346,39.16575718781462,38.316883394150665,37.440260506581424,37.16706825661055,37.56577456211919,37.93139508597424,37.55288829962476,36.577902059010256,35.682653744886075,35.175457452866965,34.925584463777184,34.913660866990284,35.330961975114604,36.0287536560356,36.10274189706778,34.3943179110041,30.769911080508624,26.420640378396612,22.42806643476158,19.20150091058037,16.963340346156617,15.081110886313809,12.211155109462215,8.095649803360061,3.9257938678976796
7kg_10bpm,1BC,11.130213849919972,13.566307465435779,21.257817863133738,31.253044478784524,39.8042387544876,44.82384548103318,46.36727838922423,45.911506823660496,44.970133492065145,44.270514558845264,43.78417972587532,43.1385465640382,42.06266602682826,40.591608752622165,38.951841465370805,37.34829742450194,35.90706894194838,34.74342653388298,33.97516735583463,33.66173376736665,33.748187488153725,34.06311718496306,34.39463325391896,34.619361230172885,34.75967131650666,34.89321106974998,35.02171380961951,35.05508902066702,34.92641132707121,34.71123000239822,34.60304391162521,34.73948973497415,35.055513969668425,35.33808864911463,35.432317608912726,35.370556029617724,35.28668788447208,35.237806841908345,35.175667651017875,35.0679196123091,34.96959497914208,34.967531376242654,35.069681404630465,35.166068827999496,35.13342342706614,34.97021330545747,34.80628884510925,34.775434286091325,34.88528012364199,35.01318954596301,35.037490163999315,34.96382016379267,34.91502982977622,35.03131094872518,35.39436644515063,35.99611584666899,36.729677058803176,37.43571852287901,37.986103801819965,38.32173518658948,38.44530177612697,38.417326592134266,38.34987108100009,38.34728175212429,38.42736434096649,38.530652507553526,38.603271638092664,38.63262939486962,38.61356296497026,38.531182082024344,38.40269913320737,38.29525929773609,38.265567914587535,38.28414806345384,38.245587641819284,38.04933142839358,37.667207750159015,37.18310040868894,36.803921121080094,36.795531224047,37.292138091286795,38.089757712094254,38.7027154777629,38.73702625210919,38.217364047440945,37.53790873726989,37.15892568176909,37.30651148669926,37.71251355636925,37.47331450405114,35.44253785086304,31.3275902264448,26.479034497023253,22.91812439665121,21.421215372508104,20.966933503183384,19.483216239696187,15.812733206011183,11.26147911735086,8.288905100748352,6.847323733152557
7kg_10bpm,1CA,14.97886120037521,20.285074875889503,31.203670372934248,44.37363812029582,55.08770593599483,60.582979292168304,61.10236183110798,58.91032716242607,56.38254224795385,54.748219894245295,53.99955333023884,53.525861153445156,52.82918888431621,51.893378671786664,51.08242091963148,50.736458913792895,50.84294032378365,51.05246816349685,50.97978478696754,50.50151546978136,49.76805373603824,48.94728856989922,48.01569754867304,46.83946664152075,45.43284761065052,44.01957316926565,42.81966958483961,41.86897365234994,41.02643190995005,40.131949964475936,39.14161372927786,38.09635921123492,37.06220154396192,36.10997253105,35.246341853258045,34.37130215096113,33.37620806834965,32.27697479238459,31.201132014875355,30.25139606903146,29.423548028581337,28.655120557467384,27.91617181906667,27.242538051862628,26.7090658442515,26.37525648332739,26.251143669751976,26.3288873809184,26.616964880222724,27.114763011104625,27.76485176307027,28.430182960473804,28.91900551658997,29.09906335575555,29.090268387599338,29.283401074691444,30.01585404591974,31.222825677386258,32.47199902873415,33.3352936132252,33.720028640538956,33.87490746902699,34.09810354278228,34.426611894571515,34.63649420103484,34.586156865778285,34.45822461520348,34.596683287039944,35.15723259106956,35.94265929242954,36.58244386425395,36.841469658211366,36.7582450220458,36.54641681890746,36.39779987125064,36.383485500367385,36.500633643022674,36.74547386432353,37.110096837966125,37.520323906297115,37.79751864159354,37.65729728638084,36.741890296709876,34.80623145528205,32.12323637612695,29.699457478388855,28.70075338829625,29.34236642966343,30.33051882959763,29.52030219393997,25.542716312937138,19.236314618089352,13.454983923265019,10.416715087084617,9.287364171545018,8.649318056223047,8.147143818730674,7.560993971828039,6.493848658197858,4.773100337327148,2.766528488203407
7kg_10bpm,2AB,14.062702377537638,15.473426981554894,19.739797671966365,27.19699366450762,35.333367023918015,42.01330045174582,46.53294397716436,49.120243362655316,50.18777735681597,50.05898347319982,49.084287486308355,47.679283884982745,46.13177952985888,44.47219427556597,42.58848297450811,40.42305919010159,38.05916424094885,35.69623696625907,33.5719292447776,31.906745802726018,30.872678109370323,30.402914288811303,30.148890054774732,29.833323342034348,29.502046113015286,29.34856295475485,29.350548689479016,29.258645708695095,28.94729044624548,28.582753808245574,28.49724306206816,28.913292606840237,29.69324019152616,30.405623033809025,30.6974837851587,30.586665225692308,30.392407704298037,30.415608524381316,30.712071296294823,31.164797962141105,31.684534545349443,32.23734686703931,32.73039726689507,33.04638905238698,33.20876354505145,33.36240339865547,33.57761541047452,33.80030636591188,33.966795408071064,34.07074840426822,34.137816600470465,34.201419770264835,34.30405618608094,34.50102091983648,34.8595374917417,35.409270868441936,36.07294061367772,36.703024495852425,37.20069078510156,37.595336951026304,38.00389257924727,38.48962002772211,39.00361360336206,39.47523662844802,39.90776205421654,40.35416447549152,40.8010962184744,41.111219807284016,41.131461999556024,40.85486422763595,40.45385559501228,40.163834343900135,40.121778383905124,40.261953643779044,40.35632268993944,40.17787848469899,39.65944402454892,38.92701867078931,38.23184714950142,37.82550996305525,37.80122707535782,37.99880897330265,38.07686155652866,37.788171743980016,37.2632884074229,36.969731934940135,37.241955070548144,37.649620263279374,36.88329417459031,33.78390566175518,28.78213959192839,23.754873980316535,19.622793330280317,15.768200035130043,12.735981665484651,11.535235912445065,10.783047047632772,8.9671226777861,6.324955881354662,3.78144546616172,1.919138850961877
7kg_10bpm,2BC,10.656646573785709,14.13809449346603,21.796428097523272,31.649500677777645,40.8459564049843,47.343236530694284,50.58495242965859,51.2674486361156,50.502683494654356,49.15320884969504,47.681418095274566,46.260838595242376,44.9110122699886,43.609121083168304,42.359108376546985,41.18854479403902,40.108011124801756,39.113169783507146,38.22258932284904,37.48265857398556,36.936421685021486,36.59928096049817,36.45553848794994,36.45849636794116,36.525997768812275,36.55028751835597,36.43371023548,36.133726339823234,35.6867976697274,35.19350925797835,34.7676367118909,34.47677414759166,34.3199582335636,34.2572409332455,34.24840168098156,34.25424615907849,34.219649203813,34.09846233155653,33.919733949073816,33.81003892031843,33.91027225712886,34.251635069120994,34.72292264582609,35.159355434373424,35.45654090644351,35.612413703637365,35.68800410576027,35.74716237000779,35.83111243257474,35.9703540633967,36.198891866541715,36.54528594376292,37.00891673147808,37.54670730599279,38.08558982083635,38.548952673445235,38.875442389505885,39.035962412979444,39.04587636815244,38.95388078307225,38.81655708721287,38.68514888224948,38.61755550119338,38.68283331394891,38.93579308950199,39.38239109682871,39.96161862450188,40.561044719746405,41.062933044052905,41.389704443793164,41.512086163404504,41.42884801381884,41.15554657818387,40.73319015219241,40.241508702957816,39.784070183494805,39.4366812237311,39.21371394030346,39.101798673207306,39.11732202189464,39.29872709316334,39.63640398549468,40.04762091408066,40.43650145538897,40.71168127604067,40.62162437336763,39.545787910804584,36.67742518280401,31.81942370056371,26.21178942549557,21.99651161907975,19.911844495722587,18.81935064974618,17.809558758933843,16.49351920683318,14.55599269304039,12.085516598174513,9.628193092058476,7.59469909651553,5.84912590257488,4.271094196472371
7kg_10bpm,3AB,15.730699057372163,18.23930719422858,23.301134258358722,30.990264217177906,39.52596523609284,46.91344122664783,51.94285254701676,54.357580802520424,54.58242521014533,53.32958247879548,51.26876721809399,48.87275120474649,46.45188605998635,44.21949950609273,42.279649127138725,40.605869430733556,39.07465963076806,37.55381013783114,35.986293771647766,34.41524620134997,32.959403403800984,31.761332697570804,30.9344186080354,30.521414567322854,30.486575489278877,30.74409250093019,31.166327007461863,31.570988635571954,31.77300701651238,31.70448919126773,31.44041590777849,31.10039887547219,30.793532009838096,30.627132345442167,30.695728471232705,31.032232332348393,31.551356295229354,32.060240478884275,32.38347255150742,32.517905954367436,32.63512198833976,32.8947462839976,33.26412959155309,33.551598660495664,33.59753267672019,33.405846406643256,33.108934024304155,32.857373498191464,32.761693539089826,32.873803948230254,33.14931160229573,33.4615871948496,33.732230535752805,34.02523731247143,34.48250852099321,35.17732683285757,36.049273438118085,36.974343459315534,37.824636599703865,38.4624724232369,38.7701308665154,38.75289519521722,38.605159565950736,38.603038590066596,38.889359888662035,39.3651879839346,39.780748973055054,39.91981484698184,39.746482113717384,39.439285545113385,39.27754868934748,39.46076864923248,39.991342687146556,40.666923692960445,41.207296448188046,41.4599954786713,41.49492846518015,41.49246264022159,41.54906574600035,41.59926739932316,41.51369113207703,41.250944035933365,40.92641193427991,40.78716203005118,41.10490144822876,41.89375793635153,42.550682600753305,41.89779106039892,39.07432558057291,34.62259364020102,30.071058332639108,26.1542941942023,22.542138078925724,19.02234282900607,15.669613535245142,12.594726656649701,10.024454550765762,8.172518375485955,6.924413677167908,5.798883866468693,4.367597089794556
7kg_10bpm,3BC,10.215155094847482,14.49090275329564,23.16585454467804,33.33271485569444,41.925695073515904,47.21356488676735,49.23949491894981,49.20932990010993,48.35386953516538,47.27453578427067,46.03889789101644,44.57234866037935,42.931997090023145,41.327723643866825,39.988066587674176,39.033114706394514,38.44142867706408,38.102855477802905,37.90008111910567,37.75086282452759,37.59750640197055,37.38564514234243,37.05989910278622,36.57756863135762,35.940786600027735,35.22306082282087,34.54482172674402,34.002237871080865,33.61131646420674,33.314335845643896,33.03293822091318,32.719086443973175,32.37341510174157,32.038316724467116,31.772547426612046,31.61355338414386,31.562174932739268,31.60354296765526,31.724826230218664,31.901557796378945,32.08099525980463,32.20368367288138,32.250631650129854,32.253222555691394,32.248174246207476,32.245556264661545,32.25290090035555,32.30427173218763,32.44677909308936,32.70888494670468,33.08778765963431,33.55993799731493,34.09435299764213,34.652881493538096,35.18177350714493,35.613618576005514,35.89999610264818,36.05098149571622,36.13040263828398,36.20298879069177,36.291225624809925,36.38395977848439,36.47137259168886,36.55555858582975,36.631680799402844,36.69078985629867,36.747796558275,36.843403364890925,36.998962956383046,37.17274150824573,37.27410806018594,37.22552659922432,37.02056981908252,36.735920246961236,36.490849072970015,36.36448989673545,36.33722739356298,36.327673843218,36.29788256481511,36.32067044189995,36.534451599327575,36.997652270443496,37.52853350626138,37.66933066902846,36.902819906377154,35.07731383753626,32.67007501074216,30.444887774145663,28.690921300439,26.85393040456151,24.0282692141546,19.931310342150176,15.35750654580899,11.461254689318356,8.657149334836685,6.7230261544764,5.848227607485384,6.220318342828374,6.795724092033152,6.441497669946042,4.962714803563168
7kg_10bpm,3CA,12.49119054816752,17.885325324082952,28.685264207094065,42.471147519713526,54.801229596327516,62.50667811771107,65.13914078817669,64.28027038962489,61.87051334491507,59.229610217261815,56.9695186392254,55.21247743430552,53.848341619936384,52.76064424081926,51.91764593203455,51.31686292469684,50.892140494266,50.488653650484174,49.930906345676206,49.13524167205523,48.16757912359463,47.18133663662508,46.29957210309897,45.540061658964206,44.80413449945268,43.928756208795974,42.78775737878608,41.38113378655011,39.84221017606013,38.364675095127886,37.10789270897853,36.13918693858663,35.43960555744619,34.962504377435216,34.675156843323315,34.53664178906866,34.472714406763565,34.39413570171024,34.22570420763188,33.91710143576613,33.44064067462399,32.79560289166761,32.01892319505296,31.18763946503913,30.398027864434123,29.73122984707707,29.235508704304745,28.920351204936942,28.744281839312663,28.62692373390616,28.503060546141775,28.379857825286724,28.33608811979376,28.434988854516632,28.63422263710789,28.81590450755062,28.917235333578255,28.990592049236962,29.109262679431367,29.269482825688478,29.443172406736622,29.694367229049163,30.152092014843554,30.845574425796897,31.6231304881367,32.27391033974812,32.72574106722331,33.0942633087718,33.522138331488506,34.013186483504164,34.46364217887946,34.811653860448075,35.10491661985121,35.44336806772071,35.871853331545,36.303548156139,36.55135663798845,36.474126585745964,36.11778247572181,35.70206866339308,35.44963151451376,35.406312268262646,35.38740013328434,35.08715128054235,34.269926353461365,32.92192167886979,31.343275197957087,30.1194958125477,29.767325098612158,30.172423926237194,30.38249419463919,29.064188509857274,25.415363184024475,19.99487159117355,14.660142726560787,11.021381563203287,8.836471133734761,7.116457264266086,5.677098507044132,4.7537921777617,4.235529466934043
7kg_10bpm,4AB,12.015684902035568,16.48058280828296,23.036660293395187,31.510802960172477,40.49951852243452,48.085513348222285,52.934602419356196,54.78998079448846,54.35560308048834,52.86277681462811,51.46697386250449,50.72981238321876,50.48134697191866,50.09724290958873,48.98755834119976,46.98350582722702,44.35440577909397,41.51392499051273,38.780731687910134,36.39452328800773,34.560951636602624,33.33966106263389,32.60873369144666,32.20704307887261,31.959417141854658,31.66456347424357,31.274904405620646,30.921852166655444,30.719266610547173,30.737282984694765,30.999531066956997,31.361485365115374,31.584033111366427,31.565025296068796,31.422126840388884,31.36364861456407,31.508503812516665,31.8458554882833,32.32754420550993,32.92210184678532,33.548771580355954,34.02995353386156,34.18159259668081,33.952963579783244,33.4725886981643,32.98012919192667,32.70026786783216,32.71467972849136,32.928837067214786,33.175822320254134,33.34214390552933,33.421959070354916,33.536181318016,33.896136318506926,34.632708352656444,35.630345615944016,36.6046782090504,37.36866299362501,37.97247568947337,38.572710405102576,39.25699718230859,40.03047309292588,40.8597610554241,41.6752243974275,42.34860426420497,42.686227802539406,42.52684377936199,41.9079488869203,41.16463736430752,40.77318107011248,40.994881601997996,41.69176567265376,42.47268218693017,42.94003389627308,42.88239699580272,42.336543822951775,41.477740819710256,40.5054108448775,39.5954022077565,38.82945697075988,38.15296932753234,37.50649705634783,37.00989155240984,36.927623066476905,37.37364786628379,37.97974989292241,37.9289011288342,36.45782610589011,33.27121858806061,28.699279036983757,23.784767616455643,19.728894275565047,17.047402532991807,15.602912108985452,14.888272928034572,14.200484964869212,12.885394822728852,10.677628465324446,7.925557047290554,5.268238867049461,3.1640085426717817
7kg_10bpm,4BC,8.208788225299203,13.66464736260955,22.62289625226312,32.77334456929103,41.71504171066599,47.69509468483615,50.33158211648944,50.49901787653462,49.44735699019607,48.04838288522613,46.66724577398731,45.35863441466177,44.06300144886832,42.73895938430799,41.426270047510364,40.218449427474305,39.18970759314756,38.36379979378513,37.73325398464149,37.27738575543749,36.962980371094446,36.7454578645057,36.5742882477919,36.39418745030485,36.151482498423235,35.82119679476386,35.426313900696854,35.02069219762676,34.64721598240505,34.30656232425186,33.968394578602975,33.61046663159522,33.235829169485925,32.866509136636914,32.54261620666094,32.31659590340357,32.23687017217905,32.332895199336804,32.6025989748017,32.999661991490264,33.4315431103116,33.777850576177705,33.92366423379948,33.79923137049444,33.41731302505211,32.87953142038136,32.34219396554218,31.960892333564743,31.828292724596178,31.935076075590906,32.20341804606877,32.57396075213908,33.043116997135705,33.60770143743744,34.20278866738119,34.72158940272424,35.09416121688727,35.339405603066275,35.54711836927111,35.81402075003363,36.18938733151304,36.66590469796765,37.206950978356694,37.77399647743258,38.32185044772114,38.779849877929976,39.07226140602707,39.183916194717504,39.19239896902882,39.19927388748217,39.20832869113442,39.098652810647486,38.752656953195334,38.212911366845006,37.697514321377255,37.448654528377965,37.543019144911014,37.814125401944835,37.96217803585766,37.77193480895468,37.28801308451595,36.839031252095005,36.86632018070362,37.59399048531321,38.69632765682292,39.25952767744948,38.28488525859309,35.52495622435298,31.89532413009627,28.803429145767605,26.884962040549752,25.49190766879208,23.396800492821768,20.08457289386787,16.33159348608064,13.185695707636242,10.64660711568914,8.247833791950589,6.18163722236937,4.832645727284893,3.8700265527967344
7kg_10bpm,5AB,16.813539110093437,18.895707593900784,24.128011420905445,32.213212848123845,40.72047814906699,47.48998833653747,51.49538473679877,52.851724094374546,52.39590725101543,51.14027780728263,49.83727937599526,48.79311505520006,47.974050526772494,47.18544420157011,46.177528882267964,44.77363119866641,43.01706253861638,41.19275757930316,39.64646972047137,38.53172142418781,37.718559903914446,36.949189005223985,36.07454604299582,35.145586393855815,34.32055914607893,33.70564958709147,33.260395922118846,32.84871211053733,32.38012908663073,31.894836235077626,31.512973027717642,31.3213228977189,31.310353173635676,31.3879533352948,31.437706325654506,31.383034085683892,31.245889059686508,31.16268246372252,31.299156543069785,31.71634251627723,32.31520152658276,32.91900136453859,33.41597023396963,33.79751426472097,34.06056968184307,34.14437918642982,33.995580732356615,33.65233154796949,33.24625759364343,32.94353410603656,32.8668262027645,33.0399942343105,33.39440770446564,33.8372911854976,34.31774379956067,34.817238737192255,35.307762504648586,35.743954736411276,36.08928416638881,36.35871272531475,36.63590338049672,37.02429233817931,37.57393700016176,38.256614824394,38.9870790103188,39.62957017658961,40.01372288423445,40.03487111797196,39.77958052907205,39.510514395687224,39.49810106144098,39.8259349586146,40.31785693550204,40.66981478347042,40.67982139854262,40.3493035418153,39.800541004288796,39.17849978875916,38.62596540876557,38.25916346014357,38.10649209458103,38.09366373352917,38.14341696813536,38.27305205351732,38.50294182067087,38.62688960798354,38.18802446556,36.812063703328946,34.527773111110285,31.586123314380796,28.09147504114417,24.14214169975591,20.239701536305887,17.163544866336593,15.274595766302347,14.12356582064488,12.747871227178555,10.526399977832988,7.7120407465212715,4.970766822265493,2.7405281391883047
7kg_10bpm,5BC,8.088654662544617,11.949302790916374,20.48874017482448,30.542999067691106,39.38080737063352,45.307028471385394,48.06553479810507,48.47600631461704,47.60343884729173,46.21240400975121,44.70553073256935,43.26763073946256,41.985344339255214,40.89009178506203,39.97747285297658,39.2408337368021,38.68360493384942,38.28018756595904,37.94598313417882,37.59023437384185,37.20752374427432,36.8850880458004,36.695498326628694,36.601874031730134,36.49276406976151,36.29801738591871,36.04012147793047,35.76527581002609,35.46189940600851,35.08341555574265,34.64155157729717,34.24205030565594,34.00055869382347,33.91454131512632,33.835930461023395,33.60439920884026,33.20346930751869,32.76820341725334,32.452737117633646,32.31822766822281,32.32442055746233,32.38057881123116,32.406132978640194,32.370291400894,32.29546080831069,32.238454469325305,32.25333459717219,32.340849509375666,32.42978148528493,32.4249199040445,32.287882697879304,32.08597356446354,31.96274986382233,32.045205620952025,32.36423891123992,32.8489329181724,33.38430663858064,33.8661134090073,34.212413513229386,34.3638796046231,34.31023138681511,34.116128201975584,33.9026805706275,33.78945629989192,33.838527899307174,34.03418780060679,34.310655077412704,34.599553400027645,34.856449519145606,35.06143709750409,35.216877690918714,35.35271178092278,35.516606417575666,35.73642537928397,35.97991314786122,36.17145436312639,36.268491840029846,36.31901659269369,36.423259245948415,36.625245246465795,36.860189374619665,37.02450731061226,37.093213194522605,37.17217157778702,37.45092810457651,38.07472269556721,38.94014694539439,39.48980341694638,38.75326256811933,35.85627269310127,30.780871593269328,24.6802276593154,19.2666509799202,15.696534968456728,13.929147831835909,13.055246677823398,12.133925122894414,10.735486768871896,8.965204603563178,7.1281614824843595,5.363790810969159
7kg_10bpm,5CA,8.406665214832016,13.845290347158679,23.94199428330113,36.372574021420974,47.905388202015985,55.92663244380792,59.519593214318704,59.43759777300876,57.311240193144165,54.753172579539516,52.71337628629447,51.35893835549711,50.4228133593664,49.610013710263075,48.78336398659242,47.918643045033555,46.98810155000785,45.923868477400696,44.68018930040068,43.33780016484087,42.08776449749915,41.01096213144518,39.99005212396378,38.897960860623066,37.758949732240374,36.739580197708875,36.00599466175854,35.56174487001901,35.23863024258189,34.875032414802014,34.49192664047836,34.24916584899754,34.231195457219556,34.32388696973315,34.293138389514766,33.94996393113836,33.24272982861366,32.22620383603026,31.04899527797755,29.955227123329927,29.149378027152693,28.67908649146839,28.477870435096918,28.447785622640154,28.486014315405434,28.529573970541428,28.60279696293421,28.75674825979461,28.987847951359804,29.288727639466185,29.734157301285,30.39830749495984,31.15826972569822,31.7567389015389,32.12622385616345,32.478394162958296,33.012080805415785,33.65497641311865,34.14286184826748,34.314143556033194,34.29455769663415,34.33344898914016,34.556471216388516,35.00496778148835,35.692587666486226,36.44649331384008,36.942303024882854,37.04187709683401,36.94758695675096,36.933638764619964,36.98124110511073,36.86452430530828,36.58863339608974,36.461737236572404,36.693521827891765,37.123238907209945,37.40444280419834,37.38229794121032,37.18953374090222,36.98852139228549,36.808766551223364,36.615961775680624,36.37028188331237,36.0503476447257,35.68250436138492,35.36211453136392,35.195567618971054,35.106831242284436,34.81032965222048,34.06030418891281,32.842903672594595,31.152083180883867,28.548348596476597,24.374149874102237,18.92699125825631,13.943529793920959,10.638698770619587,8.376427389604013,6.286318116671794,4.126497538346144,2.1880094184836985
7kg_10bpm,6AB,20.942389665156913,26.15667549680375,33.20608741818066,41.41342806815843,48.82047189880863,53.91163781991919,56.438331066231335,57.03849157902208,56.524025830172974,55.506533019181866,54.306651012608945,52.94405395506831,51.2395351916101,49.023663514932004,46.320018122300056,43.39517626348979,40.65645829137406,38.4603020346789,36.94847616854952,36.00705630465163,35.37636336157079,34.850865703714554,34.39019766898948,34.04034544042543,33.80262222875134,33.61191172273314,33.398816949518135,33.138244716079804,32.842818128243906,32.53059751214111,32.22136349176964,31.953404116101627,31.772253035631383,31.69237466076447,31.685740370850716,31.719945796122378,31.79196188573507,31.919581920890412,32.11200276409989,32.350081991289095,32.58758208255758,32.767301419484376,32.851884483665785,32.8556399514814,32.84366212697949,32.88464621183967,33.000139270099446,33.16733878570702,33.35592056740225,33.53109094311102,33.64168134487879,33.64429306699121,33.54749189670805,33.426994392797496,33.410025271082645,33.62002724473257,34.097026511126735,34.78193451076956,35.582565466780416,36.42831244503921,37.26890624485782,38.043536753919334,38.67579426138883,39.108267682303754,39.32598085986063,39.34005058293696,39.168745854824415,38.83882986246891,38.419657737277596,38.04708216290541,37.87456612567789,37.98271151398789,38.33753787272226,38.83189281010985,39.34733851495753,39.78973733374295,40.12323980796078,40.3923715117659,40.65577381648594,40.86419094579577,40.88484264984702,40.720885132224836,40.664472114608174,41.08897449274572,41.956762022823725,42.53853123284317,41.822951277694834,39.417352749138644,35.916015076431755,32.13426756653765,28.46019910260004,25.081541418886328,22.007360160413274,19.112772766893187,16.535498236945845,14.45022290843755,12.602163443863443,10.566667412071524,8.229027749267477,5.904078648624602,4.13435894238617
7kg_10bpm,6BC,9.31686043008663,14.919240573731507,24.424773857899687,35.33872624033732,44.544686020967426,49.94220764343015,51.367060477816395,50.201996919929805,48.14367798456782,46.28379511284874,44.94535311211549,43.946041655828154,42.991225691619356,41.95535817736134,40.90174873277559,39.95780785400679,39.227940445497666,38.76490979323467,38.53280418960636,38.40579067947519,38.24958947715719,38.00090196475739,37.66531777730824,37.27350433750277,36.857779424995854,36.4342829465731,35.98329797716667,35.467456291378916,34.8917214444169,34.33654917323737,33.90853650796041,33.64924935883606,33.4921587814779,33.3150891338777,33.03794692599877,32.679690575816046,32.33408721723627,32.09335208509367,31.981245137879462,31.93655975727094,31.86260475802256,31.71215540749341,31.538908744134897,31.458236640100306,31.535868460557243,31.71006763302136,31.827966854296978,31.7743939709808,31.57784093917325,31.3922218643972,31.373408875977628,31.568660343896525,31.915620799480934,32.3256160550028,32.74466624793127,33.14041833682591,33.4764945158696,33.72458339306095,33.89276474274768,34.03187659374831,34.21140080859229,34.49433110613551,34.9328409796821,35.55809126440113,36.33877088314328,37.14369489940429,37.779044932471095,38.11861030979458,38.19902952568083,38.16153993811849,38.127329806846554,38.13308154748669,38.147788795911225,38.12796588062649,38.0627039426207,37.980224390750976,37.93051936407969,37.952925362965544,38.02667978843671,38.061205847824965,37.99029605533708,37.91533775964078,38.0917523297342,38.609104003109245,38.953388498168124,37.9661038086721,34.60626894708615,29.150297524245122,23.536645874781406,19.87147016443337,18.644216109949472,18.772349840562605,18.635389225514338,17.365517108525644,15.267497492293368,13.077091687552235,11.386512444298736,10.373499816327374,9.345361251040902,7.459922444716239,4.844179870005577
7kg_10bpm,6CA,10.717336424830647,15.038829584284121,25.741437354548893,40.09320870030268,52.79500059677474,59.958327247352756,61.17469589786749,58.801481625391546,55.57808750347235,53.128285955634155,51.83482326355972,51.291647099584694,50.92383657842096,50.42812511628714,49.81045454770912,49.18168540778013,48.57263866628232,47.91139964873429,47.14217587920698,46.283231842326224,45.351941410576856,44.33949140282821,43.29453745192255,42.35083605793709,41.61551151282791,41.05922273255971,40.52620700799914,39.857388162327325,39.02515949416037,38.17496888359497,37.55716884043454,37.36438676799414,37.53773609724983,37.756498139104295,37.68475767876123,37.18746442406871,36.29941647029772,35.09394669160391,33.66817833451668,32.20051052740408,30.924984766507443,30.033871608567924,29.59062163608553,29.503275003361995,29.577329506558804,29.62547490251095,29.59657950680149,29.605056494040088,29.761371750391433,30.01163624861261,30.237929674113985,30.425184101808703,30.61021777952165,30.75130956689781,30.779626674435267,30.748048381067548,30.82933040550443,31.16918031345427,31.788282615323183,32.581020139785274,33.39497594367807,34.15403775935708,34.86865847192334,35.532388645231634,36.0977532140701,36.55456734966057,36.964321631272746,37.39353683615253,37.79134398719401,37.98260063881396,37.88150160723705,37.65226304934432,37.53112706443532,37.533767555718995,37.40122719581747,36.79925038036127,35.63757254768147,34.279462834033,33.350875791461895,33.224190739130954,33.78379875249072,34.658830989369775,35.44985211261503,35.78608855829073,35.39812732289196,34.36556268543056,33.25378286961079,32.686264685317205,32.60834576395329,32.09936289454942,30.181617648074656,27.03104370959674,24.05492799295704,22.242468542157514,21.25801914230247,20.22223636595504,18.31897644361739,15.269667712379105,11.312053853029006,6.970542127104375,3.273117687069765
7kg_10bpm,7AB,14.89974032840274,19.376213848427863,25.72935477247355,34.0758856654554,42.3899967353396,48.50009156261694,51.71150819336092,52.7175097729326,52.60104590675657,51.99427758272328,50.95319990255163,49.42109652983229,47.5930309879317,45.69684252451337,43.6330137533607,41.14727649572086,38.37740035085451,35.950862995762876,34.42502207514733,33.747905472966465,33.30067480466465,32.52676618896073,31.468340386974177,30.617606943594765,30.389605262976445,30.70521313824863,31.084107115245857,31.15506465341158,30.95890173445289,30.85156961779791,31.19635025670211,32.069039724246515,33.224432144008354,34.297176236886735,35.01773768922769,35.329003293655276,35.36357001372994,35.29925091943716,35.20415613800204,34.9992049217575,34.55748686354817,33.85639230287863,33.042483636069925,32.31935677003557,31.82105956872146,31.613910930095493,31.72047298105482,32.072883160619334,32.49068635607909,32.81240869265818,33.060775614855814,33.402723431418636,33.96377508857304,34.70784901455859,35.464104835229186,36.09821553959405,36.64679942634061,37.25108917327263,37.99763817274601,38.83368151623323,39.60498469243612,40.1651020599434,40.45703905360703,40.53212480204509,40.52124502349566,40.62146726655605,41.08721438175759,42.11989512464241,43.68509014080616,45.41505878005255,46.77838923332731,47.45496262347167,47.53408891823054,47.381035845667064,47.29911494177654,47.23638795694081,46.888760309008234,46.10976166458052,45.11345152334008,44.253281666130974,43.67504066105959,43.26691280656877,42.88781541337241,42.533223267789786,42.281640308221256,42.09093645029259,41.611151096558665,40.25753476354174,37.58133222418918,33.73753701552959,29.63211894960258,26.23504029437263,23.90013826077586,22.243718837239847,20.38280754519806,17.709320230979664,14.1847953518482,10.301558325027168,7.045580118112438,5.167877314622978,4.026129395053835
7kg_10bpm,7BC,9.526117987539958,13.108073704982168,21.995258520146354,33.85440738357469,44.66807902226818,51.17431892921196,52.49219470439366,50.229687008071245,46.88994939181692,44.19051429231299,42.56852730646317,41.63104512803171,40.8324254924592,39.9167102812666,38.96946120639417,38.195365520271814,37.70386333695189,37.45638738622177,37.326445067469116,37.17260775188557,36.89521104568516,36.4701106983575,35.96255587181821,35.51092344590535,35.249314843469506,35.19469069464022,35.21422231951204,35.14052884163585,34.9240243253968,34.664687567358584,34.49867228275946,34.464819933086204,34.4904639724224,34.49192577706963,34.46154927877456,34.45594622140427,34.520269530708035,34.62757595265368,34.70034336062255,34.68389742359572,34.576680759792566,34.411121731418895,34.23591587411771,34.113400352525844,34.09136776149883,34.15590860208078,34.238534302074186,34.289758258897905,34.32898240501132,34.41311281615222,34.560371273929995,34.707325061039114,34.759127513364554,34.713289926144355,34.72509059015147,34.9873163325981,35.53346197152365,36.192484221814325,36.72147971398332,36.95007276546166,36.859764872781206,36.60036214808381,36.39535140836184,36.37900731560459,36.50157252674476,36.59335447308934,36.537878396866326,36.37572062189967,36.23643964103283,36.22846388829698,36.40196360046456,36.734723089898395,37.1312793323398,37.489654212047114,37.77721006923085,38.00860216209273,38.16719899793475,38.190237613396036,38.03353080797281,37.73286150281199,37.39937704023589,37.18439231017355,37.24587926374296,37.65176917962849,38.24076611820564,38.54813539062645,37.89956965446953,35.79941423604435,32.467576163567735,28.851584860923197,25.837292805026628,23.571183087615978,21.57881545353699,19.299930677244006,16.48895567088495,13.433882445560844,10.984609416095836,9.860823128021915,9.278734023563622,7.725513706886653,4.971814129628929
7kg_10bpm,7CA,6.48229821093881,9.637753545900686,17.271480570645537,28.604429427410103,41.158570010270424,51.506471314588,57.114274315708386,57.84092249396369,55.652008240680296,52.914166578613845,50.967089446919346,49.907781403848105,49.25093091098166,48.565147260934715,47.583517891816406,46.19257047001396,44.57664817411326,43.15856172132525,42.20410930223074,41.54821169583425,40.788572190835986,39.73881508334951,38.62332232556466,37.805425936298185,37.45701261421228,37.4990626528307,37.72368835974522,37.88566753861576,37.79139168523433,37.43819999548865,37.00283548864118,36.6600432206279,36.40571587173809,36.064915230723436,35.474964019777296,34.55974105878542,33.348624120830124,32.00182111030408,30.720294421284454,29.631633882793334,28.758966378222556,28.07443862859093,27.586714492918688,27.36529414663525,27.468839950068883,27.875664839824942,28.49227638310467,29.16936640094244,29.69712576644162,29.914535510247227,29.845557829119777,29.66023925056771,29.525600071465703,29.52790608599362,29.709693432840513,30.089718170848254,30.611716029362825,31.14488868797712,31.5968902541364,32.02730519445846,32.59630861544118,33.37476649031482,34.27534059495568,35.194710873247786,36.07969517104396,36.79129237633977,37.11806230028268,37.036653200286466,36.786879302239484,36.60363242678466,36.48127808806736,36.26432189662677,35.894494856761476,35.47478586799592,35.1637877310977,35.08255078962998,35.2325519424913,35.486203644309704,35.63864847058728,35.41903577432111,34.56569667759064,33.152303963105965,31.839411875119186,31.34996263307247,31.57481240347492,31.673537516681144,31.060615997978648,30.012013452060646,29.177301066958535,28.68643897079798,28.034805079825052,26.606703483385793,23.90972646355993,19.690839186018042,14.633923971254493,10.633017676843203,8.775333084253791,7.98207408884804,6.985275934317103,5.405223367731645,3.731134632599184
7kg_10bpm,8AB,16.45413583169213,19.929200081777232,26.624047586987015,35.45717174049931,43.89635124472225,50.10951079320204,53.74438553172442,55.3692765951003,55.66522697581554,55.123533028268,54.05660543225061,52.6437725364856,50.94772872850721,48.99428767930653,46.90003086266138,44.85723801756357,43.042356661446114,41.60956106004406,40.61075928093757,39.85127737683178,38.97382310884647,37.73280206445576,36.19370491448313,34.693647513825056,33.58632127556614,32.98337946002395,32.72149013114827,32.53393096319643,32.227830565467265,31.769270610296214,31.286652102306693,30.98023281891605,30.983608845742836,31.291102042696316,31.791762888029506,32.35297389417775,32.88810176532527,33.378541775434314,33.82822920605938,34.17591366653805,34.29354623973937,34.09960583604465,33.655858992228644,33.13669626023915,32.71270670104548,32.49647222335818,32.55666502845666,32.878068227675264,33.30934959636432,33.625533428198196,33.69663449486771,33.61063904059365,33.64931757426044,34.13185076331052,35.19199485074065,36.6210644571314,37.94864353859458,38.771044819867875,39.02688789075015,38.93531036883493,38.750860730944076,38.66919679748273,38.84571368408238,39.32200058033913,39.9410952617742,40.45208389574882,40.74338763464214,40.92861735998613,41.212045705498674,41.706456610767674,42.31994629437538,42.80130025836998,42.96000233898364,42.85988724066776,42.78542406947805,42.97893356349787,43.40212507647251,43.762621865741856,43.77101553958835,43.3684819170328,42.7146591835151,42.01882534739219,41.42874775835867,41.02778041679693,40.8131824274518,40.640339809958625,40.230172427075615,39.258083859120205,37.43901143542619,34.62345196221428,31.005662214283326,27.237941058182958,24.041679484268332,21.647366664385164,19.74656583626323,17.847368197876747,15.596810196339405,12.811820349131299,9.50045224222149,6.076843475172808,3.3470429930785874
7kg_10bpm,8BC,10.149066741191945,12.990684664158582,22.193368385179156,33.8688713207386,43.35947273179382,48.26808860488227,49.175639730705186,48.193910590586924,46.92350591868502,45.802886832405875,44.61912409878504,43.15101129016486,41.493801474533186,40.00193417287806,38.97811798598049,38.39956409711731,37.95657962249436,37.36989576618443,36.641144054422554,35.989582930347225,35.61649453359675,35.55554215650138,35.692719978688245,35.858309342533765,35.884061954457195,35.632678128713266,35.05884909409212,34.27000354262977,33.48294818359342,32.899594691437805,32.618807595171816,32.63403289139814,32.862455244436525,33.16771278953023,33.41875387868745,33.562874065322916,33.63268493875751,33.688020189286746,33.76286208033387,33.84329202058077,33.87265088697717,33.807004558121584,33.68355639647001,33.60378171905069,33.64254407644751,33.80388377972291,34.05466758149168,34.369792106969776,34.728198231415405,35.07901779081306,35.3333608576111,35.404449287266914,35.27994266128776,35.04578417979299,34.82920264195399,34.7361149714181,34.82484877608491,35.10395665408002,35.55957712658972,36.19983470715021,37.057490358503756,38.122894564092526,39.2822778064023,40.330679301134936,41.06356356199869,41.39698047224148,41.40810052206466,41.24916536221653,41.037160960830896,40.82706604603933,40.640426961308954,40.4828873210951,40.355856323444456,40.274605579898,40.25639090159386,40.28899618428278,40.35263477823471,40.422532215728985,40.414645488742885,40.21274035109368,39.79178679093025,39.325054875411205,39.17047070391932,39.63343904902326,40.60421375410816,41.406980432016354,41.135492772514866,39.38870227137652,36.773027953942155,34.463377469273425,33.120969701340485,32.24896945141844,30.658476925846525,27.690928779665686,23.754903145668763,19.65171728009882,15.835893850918083,12.323727365147953,8.948279334201008,5.762749858143593,3.197598444911774
7kg_10bpm,8CA,6.746819886096379,7.161205130423491,8.249082449151071,10.768797035923289,15.701395784704111,23.899677581270936,35.03572634278064,46.50492886178202,54.59362581104407,57.41143197863968,56.095364017874616,53.205756274900565,50.81302886025653,49.642095035953396,49.17432615651562,48.53241424601401,47.342297351634066,45.934124148877906,44.93938678768689,44.63132834117981,44.689642465341635,44.55956896617116,43.872049930950055,42.696846860155425,41.446114282748376,40.44962196974729,39.786790443366876,39.417858230783395,39.209327279203976,38.85235880799386,38.16672334265191,37.38456286401177,36.86866591960774,36.59424926681691,36.232523962800244,35.573541307346794,34.69429954916338,33.78790376708128,32.909597274219074,31.947966350439206,30.815390747673113,29.71786110484329,29.166456500692295,29.48706774290042,30.45235455399562,31.493817621692514,32.07895151724664,31.993657642224708,31.477734242217473,30.989991382811255,30.88928164031703,31.18929604289699,31.61540383575721,32.02014421744082,32.52455703577385,33.18782902909979,33.7782347759708,34.099550417314106,34.4180278864556,35.14520106717023,36.23566139443283,37.30213714020531,38.13363204891411,38.842416928031234,39.48443836677036,39.71979699977482,39.20900381688284,38.27254734806619,37.68967402697867,37.85757296195117,38.53886599500582,39.35620849668065,40.11795226709083,40.726385733274505,41.06688493793317,41.11237313380721,40.93604462015765,40.56928062668852,40.08710617248016,39.6716684655784,39.42969836529718,39.39403910992177,39.60218507872642,39.99200832282531,40.3296966020958,40.30267057336586,39.76867416065225,38.822838334647486,37.75177252811847,36.92454512274258,36.30079568693959,35.38630063538528,33.889011679367336,31.593149126326384,27.722073865485946,21.866633444514086,15.809118739052536,11.5217593532913,8.204230774906305,5.0370457481828845,2.477118246636204
7kg_10bpm,9BC,8.708233839899696,12.50860610085705,22.211592551259216,33.56401476523122,42.27774937220445,46.1138615242278,45.7991481157162,43.78155743884668,42.05242232690882,41.22368000748444,40.9282169990977,40.59774678639941,39.96083528821339,39.13240257038829,38.40713941775643,37.94329979369306,37.63198255174822,37.25930222898674,36.713160401932676,36.02835208087002,35.34103973589437,34.81551465613971,34.56169910179741,34.58087391725417,34.76935544000276,34.98980386063396,35.15445025361466,35.24039112691648,35.24600376556729,35.17602915367099,35.04022863338409,34.83769046791386,34.588120755958535,34.379993842762154,34.3289758332775,34.45540279668549,34.6169056040664,34.61237385204908,34.38838661187952,34.108520263919544,33.96386161553731,33.97530619787618,34.02048608554641,33.983780137963535,33.87185487536342,33.81146716468726,33.907817748553484,34.149663310172095,34.46066830861298,34.768688550045376,35.026568212073975,35.21066595582636,35.32022112001261,35.39476788400434,35.497453143851274,35.65679610827572,35.86221944221748,36.09539305206576,36.311477855791466,36.429378742801205,36.39499581782658,36.264611975001195,36.21362515171617,36.434745896402475,36.97899752477191,37.66329922768084,38.17032465032099,38.29710022291998,38.13859814087978,37.9852946959321,38.009855570459585,38.122856859200446,38.1659363780779,38.15471042521483,38.22470871865091,38.39947561256377,38.54610182445558,38.54334495779626,38.37287972409805,38.076153582424816,37.74438519519609,37.579363800690544,37.854651918525086,38.61642707734928,39.32690473158093,38.875318348398835,36.29249418491693,31.915873978772076,27.52985870252678,24.63216309696422,23.032434982991443,21.46691358743878,19.110089048210906,16.07537158374291,12.872722510069492,9.996568938318331,8.033706939263325,7.285935729011434,6.677361259844479,5.118784101431258,2.9579051274946515
7kg_10bpm,9CA,9.031739763681022,10.423115458126661,17.74490275801047,30.02435464255928,42.78318991364753,51.96205871946524,55.461421140025514,54.32790099373022,51.76358837443717,49.97148358128611,49.09316620336808,48.66380877397754,48.51100982367548,48.48127628231075,48.19672169877612,47.533862921167426,46.72010631565453,45.71520351915635,44.30658404627861,42.76573665524478,41.527123089118234,40.67197640209903,39.94673516931626,38.942017092011696,37.4434109252347,35.758329193124524,34.38671861088966,33.39953151121854,32.41889629344409,31.119266930184335,29.699055034931206,28.596382975541587,28.01946746608183,27.892642675264067,27.939451389306388,27.787499938673676,27.35244306422984,27.047651425238758,27.296921892161457,28.033474568977088,28.884783099815145,29.756801215580392,30.777965611319395,31.72036735482126,32.18131851758248,32.22177957139365,32.39196503745844,32.9996456852847,33.685612365366815,34.05945939161502,34.20639423279002,34.38779714515948,34.75612495141792,35.3021346193526,35.825058431714595,36.161881149477125,36.473869319325225,36.887033795419164,37.210456479555425,37.26284591903466,37.185472843769816,37.163970272232085,36.999741403312576,36.510742763191715,36.19643150941782,36.68150174966562,37.53552578110085,37.22016259035042,34.968637021019155,32.573204546490224,32.18154221071332,33.458723545621694,34.80325062578212,35.32048255774022,34.844146944631596,33.68295783283516,32.79406191791178,32.800681879155476,33.4044321031558,34.21287080506677,34.86462243859136,34.942823199243506,34.680462515131346,34.727395240483936,35.1610083433834,35.55981777925785,35.612386983467346,35.22017823198753,34.46973061479172,33.59776486498771,32.62923935452736,31.10847142720587,28.76225860860219,26.29678672093636,24.37431542962847,22.48968816258163,19.75674418191078,15.762692989164893,11.16557260960277,7.834720064422029,5.531794992799548
7kg_16bpm,10AB,16.252759808885923,18.31536127452306,21.827768824569226,28.71077358807794,37.572923666565096,45.89969572906876,52.081452181867085,55.629741705435244,56.77197267218704,56.080070762122915,54.25811370121686,51.974187285745906,49.70642563483494,47.670664960629956,45.84501341178158,44.05918903991274,42.14118384303715,40.06477350402183,37.9811601745349,36.1062679014574,34.57598311492304,33.40464202068967,32.528375188417805,31.842438808303477,31.245137505137755,30.693045446788975,30.204615460903213,29.81558006811623,29.54575795232991,29.40081535080712,29.38474563153354,29.493513963942235,29.702973428827068,29.97779069915809,30.29450226433538,30.658003393476797,31.091406051141316,31.588246649848283,32.064393089154535,32.38362136143195,32.4688923601466,32.393569820194074,32.33441240718596,32.42052623268243,32.635611661327445,32.862845611168204,33.006761385794825,33.06647657288353,33.104955466859785,33.1679089199986,33.23776211083529,33.26087807201696,33.217605666290005,33.173649354398236,33.26087659156759,33.58978260504932,34.16640471458872,34.88443761320909,35.59375457780601,36.18784597704321,36.64458457934415,37.01043227335248,37.363458751521236,37.79145202338908,38.38412933446559,39.19677350807737,40.20047514898803,41.28742314884568,42.33953245778066,43.29630289545663,44.15347369655621,44.88933670725961,45.40343764900449,45.55749847726235,45.310636695158436,44.81958156689674,44.38139405488233,44.2444362253942,44.44297113214601,44.78915900459026,45.03597245991595,45.09538995049738,45.10263374750257,45.20332642398362,45.15426131818177,44.03962960315822,40.64859736492188,34.78994176552318,28.5021436496812,24.42956848663992,21.91018174908362,19.224513677698678,17.41504523105478,17.039835997314555,16.238821511856433,14.01035383110258,11.0091984201756,8.162704631564669,5.892645704365275,4.2570580106012015,3.1330069460594694
7kg_16bpm,10BC,12.572201752813418,13.422495390978145,19.86998016981295,28.713792295945147,36.96032977115915,43.110026333057284,46.79301072217697,48.394704674365634,48.6005879341179,48.036391545523514,47.114161068494205,46.02949942683932,44.828597736817024,43.51240639928457,42.130689314412635,40.806763045215746,39.68481982485669,38.847462358312825,38.270408816915776,37.847098666014354,37.45818219766039,37.03428085772247,36.57248759656752,36.10767012984072,35.67302647979297,35.2809467765513,34.927068567752855,34.60330604085031,34.30167509229381,34.00629278599459,33.68464147829202,33.29186436335691,32.79345814113194,32.187987019168865,31.509454143522426,30.816391851820132,30.176119951108884,29.645095486404085,29.25166517748556,28.993618085980536,28.85568372488381,28.834464541750485,28.944323791851986,29.19183551817229,29.54104931456306,29.90254842249154,30.16273023245017,30.239879573608913,30.129625276720887,29.913544120765064,29.727637110798042,29.703426528884087,29.90866751228489,30.319922434774345,30.844313576440353,31.376300580294924,31.85217808614136,32.26954447537737,32.665055513835334,33.073290159144314,33.49813397415099,33.91199606983736,34.27924079066246,34.578172685707266,34.8041613694287,34.96482685018499,35.07408748574551,35.14559308737338,35.184660400687164,35.189889290625,35.173349784315654,35.17843971136119,35.263921133023935,35.45731067174851,35.725417495672886,35.99560487519005,36.20577637447133,36.33317709036718,36.38036428367304,36.34700110481611,36.23094741030264,36.0706128233639,35.99053987256959,36.183553429744364,36.79009507855976,37.705740757959376,38.42519372869072,38.07975950055375,35.793104326684094,31.29820883074328,25.438690428056766,19.937918672364216,16.21327567471098,14.464919618183247,14.292846654554529,15.008952736402067,15.419505539512544,14.547935116600629,12.226777102732298,9.022953532804452,5.837874044908972
7kg_16bpm,10CA,5.272876483657698,6.220705679143978,11.511158002497867,19.431246921055973,28.722663054179815,38.23895571650896,46.748104298242865,53.15410475441426,56.86013091251392,57.96204442459654,57.12903886806833,55.27496611592617,53.21124129760041,51.44135509063504,50.11852787276474,49.10395691490032,48.094696603464236,46.80349480445575,45.14480428918354,43.311181788308744,41.65763705046598,40.48394764333236,39.87163482431422,39.66976103414017,39.62312118749264,39.5305646378335,39.31759733042398,39.00048293358082,38.62440673155138,38.23789056215837,37.85857493795609,37.42240775735151,36.79801203229607,35.89236744989616,34.75207805090735,33.56147016864726,32.5257133971401,31.73135543693452,31.1042937661949,30.482300092702655,29.734309026949983,28.841101234970857,27.886412450504356,26.975101221139695,26.163838608882592,25.461896433338413,24.863212764499245,24.355789139706722,23.930383202801956,23.63405583632476,23.61365779551268,24.040191280015744,24.943608745520013,26.129629820423744,27.28675217193973,28.198958388286854,28.871133009158925,29.481361164083747,30.242404583047158,31.25970126202355,32.414696259627924,33.360270563344166,33.73455991757441,33.46560869572223,32.87660135802289,32.470428735357586,32.56754702912474,33.08047741236493,33.597075353819456,33.70809797857636,33.323276907562494,32.74103420159659,32.42007596681281,32.62815564755233,33.27089556574571,34.04074296922748,34.70370992933263,35.23575001481908,35.71588955077313,36.15953433013188,36.494922406803376,36.658794920329306,36.673001787486506,36.64380093132207,36.710592235311594,36.94798503558785,37.19973964791977,36.93616201399863,35.39341093402142,32.12830027753974,27.67720224231539,23.612786088344116,21.411274863610483,21.11419018745894,21.371721011910612,20.408687913749578,17.305008715945448,12.764036159043487,8.452016842109286,5.605899294710709,4.6111064457850235
7kg_16bpm,1AB,12.382182942789488,15.68002391253671,19.571540205490543,24.893623145757942,31.8572424629846,39.34881448282536,45.82711619746135,50.28842886002953,52.504869571184955,52.815386499715686,51.80403521075115,50.08072281715521,48.16817349530147,46.40613754957448,44.88285192530203,43.45234551698026,41.87340714531414,40.02265879009357,38.015365058913396,36.11023889348345,34.49635719504923,33.17552282027904,32.03520244999827,31.033195932637188,30.282198867310257,29.91938968432754,29.926618416672156,30.118095185063993,30.28621306982917,30.341639782617502,30.339258001236402,30.387863482480718,30.526802441471833,30.692627116343335,30.810413858257398,30.890697490704216,31.002638310189717,31.159835866622743,31.26566881250434,31.183151787545448,30.85296430729496,30.347166952372525,29.828686947493075,29.468473512827796,29.37669719132398,29.56152776114617,29.920381554099254,30.300967305195282,30.61315570915507,30.898725199597745,31.304978733351536,31.973835210115087,32.909366081903585,33.94423937926992,34.867324342998735,35.59528815183708,36.21445226423591,36.87911998424915,37.66269755245771,38.490813243496994,39.22893604439434,39.840515005628504,40.45143174362799,41.2593841517564,42.369358355029064,43.682375023287385,44.92884198329204,45.80991038099891,46.13830322618991,45.92209470799282,45.34902327286477,44.65517964511812,44.00929452299634,43.54680579222613,43.41502305819504,43.65938364501644,44.09735505492441,44.405418751687435,44.37023998233637,44.03808996257983,43.60838768591904,43.224469991429885,42.915602930089875,42.7321972462084,42.804792237806005,43.034343191492766,42.65332916279788,40.39283899501689,35.70720599353858,30.118354716446184,26.080156504835927,23.530231943457824,21.052970150728086,18.905047564149196,17.15837313873988,14.639804726135573,11.056192910331019,7.502048570950803,4.919489090145065,3.1018214248628633,1.747692834601908
7kg_16bpm,1BC,10.889197016909478,12.837576297660744,19.007310947405223,27.148542998928843,34.701918326626036,40.314657552383174,43.78023717608444,45.54982893782752,46.21322253764869,46.24649871907399,45.95257103376645,45.456380752751286,44.756155882422455,43.84163288487199,42.79780821658208,41.79934058778676,40.99926799319998,40.42246702085992,39.95762191967384,39.45938380609589,38.887505402868484,38.35380847891904,38.010760843127585,37.89175694378563,37.88201179567653,37.84452163276093,37.75732140855042,37.725176653088354,37.871570821473185,38.22567832458521,38.6898765190519,39.08703380299172,39.24568940480303,39.08091327116317,38.634674105871404,38.06045357389476,37.55210619262286,37.24871374514321,37.182299810719805,37.29086310976347,37.456893209546585,37.54485006743199,37.44676613353359,37.127925313719444,36.64674080497664,36.132254808829906,35.720217998699965,35.48660706975528,35.42849960411313,35.49524667229958,35.63242769531704,35.802310630695025,35.98234197235357,36.1591124916562,36.31790141236593,36.43895210833973,36.50852626418168,36.525745923191046,36.49577048545717,36.4159246743187,36.27167315704162,36.05290881892627,35.77079998776394,35.45648711146496,35.15197645500385,34.90304974435814,34.747095915313544,34.69802331612823,34.74501691732016,34.861627960224624,35.01694335434691,35.18739781898411,35.36854015919346,35.57583787001941,35.8254482903501,36.110297615123926,36.396212449115566,36.63767421256006,36.801658796884254,36.90156185960888,37.03165013444768,37.356452334210424,37.993956555437435,38.80567156014005,39.23905922481893,38.452367214496405,35.84027098420089,31.667147825588643,27.113420866738032,23.32880628371133,20.51318082195095,18.356057189319436,16.680569505798406,15.244580426718048,13.703710001049659,11.963720633933473,10.251136805257168,8.873415804860217,7.885979325252649,6.906152650162403,5.466412923228675
7kg_16bpm,1CA,8.675387859947474,15.2562905210271,26.865739686744956,38.93990742220663,48.16350666734731,53.3226714832727,55.01857804492131,54.532189339703066,53.079496057521126,51.557823615878696,50.45278867569532,49.83238100445508,49.485541066931916,49.13776141810661,48.64078982957438,48.068693817386276,47.66843803004814,47.55975585484444,47.44626050089414,46.88937689671131,45.85629764952016,44.69853749089921,43.62131338641127,42.40684768541626,40.749431641960435,38.708187470960475,36.665507697458736,34.951131426428994,33.59904646295015,32.498230160254415,31.56608497907755,30.707010200678138,29.823065902940712,28.905145571167065,28.103018452983452,27.656557850249705,27.68880200907356,28.043727041911758,28.365246266396042,28.397467631500923,28.16472936212103,27.825561887475075,27.48614477478877,27.22884890136568,27.183128303613714,27.529346122905466,28.36858330021569,29.455870661280688,30.236395739754975,30.394691298341243,30.256052071941607,30.36882956638693,30.802829531304305,31.16923321556161,31.224547929831868,31.15281899611523,31.274540270760006,31.70264154677557,32.3323581242041,33.01241322093995,33.666909764101135,34.36385193983534,35.21022695632649,36.133212113199235,36.903881994123005,37.34894257083974,37.44489107451149,37.3157358163308,37.15425344280709,37.065473186309816,36.887005665229154,36.100589592827234,34.233013116631156,31.66799653679907,29.713969467538657,29.3508033116335,30.3345922824041,31.655560167408133,32.476643777099035,32.520076666501026,31.817138644947647,30.606794004449686,29.43815038412533,28.75005360578107,28.40527793608508,28.091281825814534,27.715077276069128,27.266577753785427,26.81369562853232,26.50221757327523,26.105021614404034,24.712004484386263,21.6337300271557,17.88022240340709,15.414414540680717,14.40066820033126,13.59947147181623,12.236711310501827,10.215597230090165,7.703242188547919,5.0280982122334255
7kg_16bpm,2AB,14.77257286738446,19.440587966403932,24.088182496218405,31.63512217502312,41.28684680184962,49.090083842681715,52.78837795664652,53.05175321710057,51.75305733233054,50.317684747624604,49.33478331028935,48.67181843847846,47.89746347735567,46.79066789120406,45.38292585036538,43.70961855160539,41.73160504250551,39.491183583855005,37.263241089424525,35.4629311951665,34.38546914854471,34.016108557467106,34.042527055609376,34.096302020736225,34.02642890535398,33.91223240305991,33.858666260072006,33.8333056063036,33.669760329852686,33.24366137968301,32.646319319923194,32.12764977217035,31.877919370839113,31.871514758015895,31.893705833009392,31.73490492691438,31.3932764450572,31.094475765305212,31.11363399343736,31.541629041638735,32.17950068950206,32.690137699275994,32.9065502202969,32.94705964421577,33.01746350990456,33.18433075309198,33.37112962381656,33.51881526461391,33.672338507537354,33.891456788977884,34.128167710749885,34.271951911408834,34.320196045804884,34.42175186768594,34.67972307578397,34.97204886803623,35.08191808902253,34.99308151583648,34.96112560661845,35.281489825285846,36.038438144285735,37.12141276967721,38.41267743803129,39.79139325675877,41.03626031827646,41.95174298249382,42.61776686892849,43.37340532780498,44.413774480264046,45.46588473281767,46.026407012792056,45.86935494184767,45.21567934689098,44.46687298100051,43.90911705769939,43.67321353856319,43.76261724626331,44.01674067848634,44.178704070171534,44.07668133904365,43.72430131572425,43.25360160860254,42.85267128712342,42.73456501956623,42.978196701144,43.37079732074545,43.447550232765416,42.658010881611276,40.58340419696768,37.16419213276256,32.67116560637176,27.454683390575276,22.028366358542122,17.15293264361268,13.422244512717285,11.016068477337889,9.877040402144578,9.453603570175513,8.697932240063338,6.983309146643565,4.673787418399892
7kg_16bpm,2BC,14.55336896532648,14.922621676734765,20.166902096132,28.998391591088065,37.96326089109769,44.78000893712819,48.57072177847732,49.616784644142626,48.84178018324673,47.22431043043708,45.4641162455234,43.94583562119857,42.81041161011168,42.02976272755896,41.49272439461663,41.08507397848601,40.726899499253655,40.367577137594985,39.96907374450331,39.505367205673274,38.9764227635446,38.41045654767822,37.842639098452246,37.29291374161722,36.765815280288066,36.26005324909214,35.77441181840525,35.31486257599831,34.89987381370976,34.55346589078809,34.28665975678965,34.0850181887527,33.91385485738691,33.73696241335248,33.536938986758514,33.323528251525666,33.129760155718536,32.999845253758956,32.97165231615188,33.05842740587583,33.23479266764091,33.43283265143378,33.56317590005812,33.561544354116094,33.43185897197412,33.24389793742841,33.07822503585352,32.96913057430944,32.89653463733951,32.82239123365612,32.73820516362759,32.689687340411794,32.760729437225926,33.02787510100536,33.51159237614381,34.15269502034687,34.82508160115166,35.377662934003695,35.68818367419484,35.70423827437021,35.45602260279561,35.039745137256695,34.581883339991904,34.19894516109846,33.966052082474185,33.9018374755817,33.97178337390589,34.106493975106645,34.23133690196686,34.297644712542834,34.298766684824486,34.26009712532649,34.2154177110848,34.19190124741763,34.21155322439834,34.29740319152635,34.46505632096373,34.698091805854155,34.94285980379919,35.15252730693979,35.35579629431276,35.68500474870412,36.312234669020604,37.2931947632289,38.38043725957375,38.92097812534197,37.98109288545722,34.77301676166333,29.25807499320292,22.530264027605625,16.49798341898409,12.728290107873814,11.212220542706165,10.760757413304798,10.346825610499604,9.462751943914707,8.042045016088293,6.305233226923879,4.615426243197848,3.4006745042818944,2.8474364703265564
7kg_16bpm,2CA,9.42835487267706,14.535992845169938,24.58982625260253,35.86590272406633,45.72420344856973,52.59301777427846,56.161557369184465,57.1623488881836,56.723609135666834,55.76856215382023,54.791892911267226,53.93932305044214,53.18378229428783,52.482946593308476,51.862612822426286,51.40299086214558,51.16579662471539,51.12974875343725,51.18137921415748,51.16549277669223,50.95738257922073,50.51743160234143,49.902351750768275,49.224202926626596,48.58130673105272,48.00001878348158,47.4180534378289,46.71533008433373,45.77685788937303,44.55591826357186,43.101013314988066,41.5289936734332,39.95900335524432,38.46056065400738,37.05748187395047,35.77063850643245,34.655700349487056,33.793970234873406,33.22080099369877,32.844089211346976,32.44164190488504,31.773892767867878,30.7456681249691,29.497256534693644,28.338905315027542,27.554440842689804,27.216738986157747,27.157806766027527,27.10180635543099,26.840162040573166,26.325211671830232,25.653180956670713,24.99090978124464,24.498559120301728,24.261825994813147,24.252449299696327,24.35248966143235,24.446888175413644,24.519827378335506,24.667342378687827,25.008511775573787,25.57748822851163,26.29793193189341,27.053194940374055,27.772730875718576,28.457848104464322,29.14708279553074,29.871730307698975,30.64257762275776,31.475387692503297,32.4245835131985,33.56380415607413,34.90490370405019,36.326046519331584,37.584015673083464,38.43084207455904,38.761031562611635,38.66118268738122,38.321512764740966,37.91259084247659,37.546375021857266,37.322517769893274,37.352723515137136,37.675417106729505,38.097614544232414,38.11485473816739,37.06431369740378,34.526791667423026,30.76061684224949,26.798162346328272,23.929069692811257,22.761023316376594,22.74037971828477,22.647408939346555,21.385090980072775,18.519120407704765,14.437530771717965,10.054526543294985,6.224332137828544,3.371824180702211,1.7792670920078977
7kg_16bpm,3AB,8.381242631341326,14.61683919429292,19.533490235214654,23.007597886413613,27.01816179003355,33.16648829520549,40.547418421706105,47.14265249477098,51.67037077375106,53.898178920435484,54.18833719042766,53.03960663426346,50.86660887444033,47.99948166842667,44.78609241622986,41.61786508730666,38.799360929433895,36.45773639953778,34.632837880881944,33.33509551044292,32.48826479398687,31.943419920635193,31.57147111203728,31.293420618912137,31.06747869285703,30.89975537265135,30.830874265619443,30.889479401023944,31.064116443469278,31.285112560461293,31.436939569370605,31.4628691262548,31.45258961080852,31.560203035706955,31.84832969810638,32.23622459841011,32.565327483147996,32.68403029567655,32.509778183460824,32.08517486721748,31.59120935324031,31.254316326522403,31.17953211887663,31.293159478465235,31.477142052114615,31.723574052652495,32.127898984705155,32.743294182755356,33.465576159580166,34.074470574223156,34.40380783944871,34.49833825227845,34.59828844326626,34.93577394541526,35.533506245171324,36.21848937569331,36.82641452900018,37.34271726921393,37.840824585703004,38.34843432607186,38.850451430499916,39.41290382062051,40.22274544730632,41.45472852045698,43.08772385044983,44.862451350771586,46.447048306747725,47.6676071707367,48.60747533220048,49.48304848415859,50.399566378685414,51.22813983931219,51.762960789563245,51.97815178663134,52.066637122972665,52.22185685681376,52.41595263937426,52.42521376753262,52.06620840741382,51.36339535021318,50.48264029323627,49.55152844252378,48.54957651597333,47.324973076864914,45.74818435245233,43.92500086696925,42.22090475140076,40.95063765020003,39.87467000667698,37.930712623480225,33.93895436376344,28.16131702743921,22.651165068019168,18.640618200107298,15.176653972006758,12.065209432372844,10.227834039209183,9.000916558168546,7.07915121478007,4.551992610600889,2.2645739563452354
7kg_16bpm,3BC,14.319085500828978,13.61110900128839,17.105609196122757,24.921251527127858,33.87387115911184,41.574122570792404,46.84349079238356,49.50279099602857,50.059264422151124,49.30959387631751,47.993312280242726,46.59656624527878,45.318156513971935,44.157972696947496,43.053957166213834,41.98210106560078,40.981964276122646,40.12539149975597,39.463438700186515,38.99218527379093,38.663559662430316,38.41982217799603,38.21388324614305,38.00712266252129,37.7622026474593,37.4427738066902,37.01780951787243,36.471350552490016,35.81954515347161,35.12259641053232,34.471748753222755,33.95138665552129,33.601261239763815,33.40159210017268,33.28557226614589,33.17181714123704,33.002150719048544,32.76247681185528,32.4785512467911,32.197597244066024,31.969121983170897,31.830525316358894,31.797498760256452,31.858843416195096,31.97646557405844,32.09122412844405,32.13406464131267,32.04372814281153,31.78887032113191,31.38569127151637,30.90143338803493,30.438347567905083,30.10117287310371,29.959571044055764,30.02078754865441,30.23159314723953,30.514961651229083,30.8169053210596,31.129439153320703,31.479345589676075,31.89847960342914,32.40086815189511,32.97720719972913,33.59882659343729,34.221791695930406,34.794248486381726,35.27088965887058,35.629257242922,35.87824671335182,36.04755314978449,36.15823373101819,36.197618581620645,36.127738540245204,35.93134462298179,35.65962450724603,35.42960354464451,35.35728009526626,35.473746800185296,35.696656909901805,35.88604942385028,35.94298462651743,35.88654412160102,35.866276411552754,36.09105695827812,36.67432092725235,37.44127264949258,37.810676319776164,36.88398656555611,33.808109221962845,28.33002743627659,21.265857697870842,14.481963872174,10.056033375654668,8.474725377384685,8.240763094761606,8.272014350339457,8.096953734708352,7.34530361771917,5.972820480840485,4.323206403428334,2.925072319748676
7kg_16bpm,3CA,6.963431378617652,7.68904121336753,8.409347371622585,8.961836264502015,11.017653391051814,17.619344059926277,28.156132390599975,39.52922754309545,48.85328001691263,54.591209111453416,56.72524645274385,56.21350095916359,54.32711869309404,52.16745349767873,50.38622756744624,49.183294209788535,48.53262405827571,48.35591860551905,48.51078014289426,48.77570789844633,48.98483039621025,49.18744883707357,49.58889206519249,50.26107158358194,50.927131869845304,51.066402073797285,50.25759175751615,48.47528892260408,46.13888049496449,43.911960868915706,42.33226257647051,41.4839323892756,40.99653542643945,40.36995671410287,39.322608798527355,37.910723085529305,36.371243736316345,34.881067575756234,33.504891592227864,32.28878372962317,31.29680119684319,30.584885151237962,30.16310675698282,29.98381152110942,29.955030292273733,29.94066072962728,29.79894654369025,29.442707637782178,28.83121683584729,27.95470184558194,26.901084908507546,25.902651663845635,25.219890874162914,24.935814911101048,24.898660594238518,24.896394895837126,24.86867276033758,24.913903913031987,25.130700300313705,25.551707942212964,26.194250096017647,27.033874063493993,27.933627707573077,28.697736066616166,29.216287855260525,29.570666586577467,30.005694344272403,30.757911080863202,31.894846937453075,33.33397715920444,34.96316304958294,36.66669490033342,38.25615503074924,39.45514396220166,40.00493345508257,39.847901600466216,39.22932651982748,38.57687525091366,38.25300568592649,38.3890476365295,38.870518440755944,39.35206576933163,39.24529058132987,37.90632465209498,35.19623209495625,32.01083951228409,29.91718792149321,29.801495023985655,31.06414742335974,32.12126731618961,31.374829126400716,28.207119177621188,23.475597578311763,18.849125614047757,15.403116128443209,13.14043223374665,11.696714679901145,10.631768280793548,9.297359829206396,7.254022496203189,4.713286092713092
7kg_16bpm,4AB,11.128935305056082,14.201345298888176,16.040189426575957,19.21847103973611,25.633003197993176,34.01050925953872,42.03408966759967,48.16431062767258,51.91791726048279,53.56728413776572,53.67520264517012,52.70717368261123,50.922635949266265,48.50277585322478,45.669021635778876,42.667372354782685,39.70112270999366,36.94573200636473,34.61038508196151,32.90483426431098,31.90696491982491,31.480148756193632,31.348294674215726,31.265977592330255,31.127006236153637,30.951948372899533,30.80972976735311,30.749940097869345,30.774610030074957,30.844519837105693,30.914781290679528,30.965801743524146,30.99975239390047,31.034347868361287,31.116052881088052,31.310016402366607,31.65184204213997,32.10714551919632,32.57097998246839,32.91947380126036,33.07847968089252,33.051819290862824,32.90439728633904,32.7316779421843,32.607604026829144,32.51636086861092,32.355677413963186,32.05512221124483,31.695491453557377,31.482092478271966,31.57926509145062,31.980310031503596,32.553017383040405,33.182401507491434,33.820818882387755,34.417173775424374,34.87186798441171,35.089657334400684,35.07828794541206,35.00776499582015,35.1456075515882,35.67213830394605,36.54654744099024,37.573098427805945,38.572524553943104,39.4712508980493,40.26047082562988,40.92240741894695,41.42961242090178,41.81320847287043,42.209810303407735,42.81597710125653,43.75429890199665,44.94162072849752,46.1058502492828,46.984507472938695,47.522808101876294,47.866323454781494,48.17536090611651,48.495920349964514,48.79830877282949,49.04520968601785,49.15715214086798,48.95773848228051,48.24506994281354,46.97160252734175,45.3590734530524,43.77881344645976,42.42168422505498,40.95696411855112,38.5810007860914,34.77783496113362,30.101752167026902,25.58987056914335,21.307971683899098,16.787988243461605,12.539059104837662,9.66078683584391,8.050275669517681,6.4161054455032,4.204798925538496
7kg_16bpm,4BC,11.034189660251913,10.694157504083629,13.741503092900416,20.472443950404923,28.66913325465507,36.51776796190051,42.90558379001218,47.29074165437056,49.57152573454072,49.99676812449436,49.08945021235264,47.49573398238592,45.77097613758685,44.22734984256463,42.94226615050225,41.876616456330545,40.96791259784703,40.15741646691094,39.40392295113182,38.70275065705104,38.07896803190994,37.5503875852337,37.092499964446766,36.635177866416875,36.09722630666806,35.4426872902773,34.719807760049655,34.04272776873922,33.52006906194319,33.181650114237286,32.957429876158905,32.72122689390595,32.36599989134072,31.86173638485465,31.266908578692487,30.692990332713826,30.246906558812086,29.984955744412773,29.899649042096907,29.93962402305791,30.042448706990307,30.155037938279502,30.23974321011284,30.277015966242733,30.264986222059466,30.212443327125715,30.132243165179105,30.03831540733483,29.943911981051734,29.862919171960087,29.80999104575529,29.80284635477193,29.870126534159766,30.047667216161038,30.356008992244593,30.783444025771868,31.294014086979757,31.849880107349545,32.42501696090839,32.99942410546013,33.5417221982837,33.997912338860225,34.31493963943742,34.49208254668854,34.612785452249476,34.82434345159163,35.273499903781435,36.02672562296663,37.01188693442559,38.027053906040045,38.82830869635774,39.24510512260118,39.25169740922886,38.95849254231517,38.53929182516395,38.137304992039795,37.80406045294444,37.51274498762759,37.23110291750838,36.98977939216791,36.89426202503751,37.07121491403767,37.55396979712658,38.132988765393854,38.2618929792892,37.165960764422685,34.224779007387816,29.487205996797826,23.939821583155442,19.053359043433662,15.686854422301,13.735663090130533,12.969798356193296,13.12424265029138,13.561616491318437,13.701012074781486,13.291747054305608,12.241304456505743,10.48954273945119,8.096240588694188,5.356859084978433
7kg_16bpm,4CA,4.924056590442379,8.83234427171223,15.928728539332035,24.519183167066938,33.757151023435384,42.770394168604675,50.65357850335359,56.6216309821973,60.1745476550839,61.24365957520705,60.24992194870641,57.981513229281774,55.309182680537226,52.8953733064581,51.06370479122596,49.8541289076178,49.15033752477757,48.781311397130374,48.57444793300179,48.36084365162969,47.97498172624819,47.31060842030255,46.39815145448149,45.3938074223313,44.46548298690125,43.67312479849558,42.94389067129037,42.16344283228202,41.2870500878812,40.351078648188846,39.39407458653125,38.40355304764952,37.349783231156906,36.24916830507829,35.18936728814023,34.30024228991736,33.68850231976332,33.38615648247064,33.343909061442126,33.43725126264863,33.471050973520164,33.235152789430934,32.61146230137923,31.64507929220675,30.516808315616853,29.433012473422675,28.50698727153446,27.711283899768574,26.936139468560455,26.10249729635891,25.228439647647328,24.40843028180029,23.748057954625942,23.30981741341502,23.09133388403525,23.03106030877931,23.03991849947356,23.059746482824792,23.117531812081324,23.318965977166336,23.768140908536516,24.4775475700118,25.34477250095146,26.20876800433878,26.9389416483868,27.49604398834813,27.93682887734189,28.37504147993976,28.926936189197484,29.66234489694863,30.577852060982337,31.594746183027272,32.58531329890012,33.43326799613869,34.10753133306129,34.69070509024552,35.32916468241651,36.13981185548207,37.14210498164732,38.223340514411476,39.0890765172543,39.257116220421224,38.261585669048756,36.07914785332529,33.42730528284744,31.457382506837018,30.88889356104921,31.372766701177916,31.658083059720596,30.39970641319453,27.11041956004786,22.562133353255135,18.09850728117619,14.389100357335721,11.328379482786497,9.012835436450338,7.695830202050914,6.9860876830833485,6.235590756124844,5.175593731189586,3.870371601514873
7kg_16bpm,5AB,11.26145979070398,12.838065180130771,15.726817798815285,21.55838770726795,29.65761163786646,38.09971216643444,45.16749648750946,49.957583238870086,52.42455247925025,53.05731119760803,52.46168715760899,51.09632903995386,49.252010644748616,47.17329283833398,45.120389994236334,43.26843678944938,41.59191101854916,39.939952635534006,38.24397475884677,36.61404903923979,35.22552531642886,34.167038243262965,33.41718197647746,32.901710907871234,32.525202109494714,32.171344869960464,31.738858841781443,31.21387984217547,30.684927684066796,30.264233191312456,29.99221593678393,29.820146529277494,29.678742063390953,29.570145053893487,29.599660651165713,29.909981352072588,30.574129453239436,31.522932392459246,32.543548745529364,33.36079747203163,33.772346863582634,33.75228220788617,33.434483955319166,33.006309924042576,32.618434892086476,32.354239213018225,32.240518324917,32.267926705269424,32.40879592050243,32.64054184321354,32.952881303741016,33.32773171052539,33.714874871247716,34.032320146771546,34.21161957787925,34.25583886156579,34.24102090024237,34.26275166953545,34.41581723355614,34.81743093523203,35.583376436638424,36.730407962141086,38.10626904631989,39.438738029440906,40.47208054176684,41.07753536039781,41.256336922718695,41.0934659698017,40.751291756726,40.4682927162923,40.484963607773686,40.92664343155461,41.72530654232644,42.633820396668945,43.34991055110193,43.688370360501516,43.68596092822867,43.56549152494639,43.58882969192201,43.911615140930344,44.52721942150282,45.29992726758195,46.02976322939184,46.517367342649784,46.65006406354029,46.491382793967055,46.267971199063886,46.16417834404738,45.932237649256976,44.593667574717486,40.90564939038931,34.802763970554636,28.3343820489322,23.522508214835703,19.2485694620157,14.008068913770531,9.254894091131437,7.223995109778977,6.337287138532998,4.4407657858729745,1.8483481165422124
7kg_16bpm,5BC,11.621725337062289,11.57402224762672,16.37382331533767,24.564340974231104,33.488293624593524,41.38204403018561,47.193542765634774,50.52507412635987,51.57341170574017,50.95271465363072,49.43096037988191,47.67950526600676,46.1213630631571,44.906551937088295,43.99330430107239,43.27283381192396,42.661195864641385,42.12069854577511,41.63382790686792,41.17430358832066,40.70029609195711,40.1684372629467,39.55443203272243,38.868221541411934,38.1552634884266,37.47957781424862,36.89508830971773,36.42163267764363,36.03842984865703,35.69570775440876,35.33456198925451,34.90442744099765,34.374994340962814,33.7431246409692,33.03333744605294,32.29249197358534,31.580297048234385,30.955490874449364,30.46035251160468,30.112538649783147,29.908177673505797,29.829778223833596,29.852436558591823,29.947702895349952,30.08720081954185,30.24645858688658,30.407437944442908,30.55604110999839,30.676604612636506,30.750221906660947,30.75833309944072,30.69110319318337,30.558906315259197,30.400357381991427,30.280752489541705,30.27820850783361,30.458958133518795,30.848410296044918,31.411720305673846,32.05685952286577,32.66093782242022,33.10934894298091,33.33235926705167,33.32596553054659,33.15228810034536,32.920131922993,32.747879421798146,32.71928921679307,32.851791642490205,33.09802388879481,33.38221562634929,33.645884092490206,33.873520377385496,34.08885301593464,34.330446219519764,34.6248459948928,34.9689542656539,35.32507751655492,35.62907906532197,35.80876993587417,35.80816543881155,35.61590606153294,35.29482423318078,34.99637770595898,34.92891941994353,35.25522703220223,35.92631946608261,36.52256571172701,36.24140334918752,34.158700463167136,29.741995181552685,23.36961019160804,16.476477795471187,11.035100788320628,8.19176044321894,6.995061328653735,6.1325567541831765,5.417919796436399,4.878863768502348,4.295991571915263,3.5095465745858285
7kg_16bpm,5CA,7.595865720325726,9.367345301410387,17.426520692048346,27.663606836202927,37.7285083153531,46.33409346730181,52.95436705937972,57.555087593688484,60.270426637141505,61.286625616773755,60.8972494352967,59.52932835634735,57.66569138199339,55.7326407400824,54.022077381625515,52.65712322503773,51.60506166000642,50.742253009099024,49.91977531436622,48.99197896573039,47.860234413567234,46.566304118949695,45.33093664197927,44.42466718430446,43.96559122940189,43.83651057823119,43.776335297373755,43.54926881523279,43.061361777041256,42.35980966814816,41.550384039779345,40.724224803607214,39.91794473361984,39.09603621508331,38.183856580461395,37.13774488087734,35.97528642557072,34.747557387406324,33.512077924615284,32.325183736639836,31.229096794727038,30.226742160810147,29.26610246959758,28.270474060039135,27.21140864755502,26.16196379551299,25.280739949598548,24.741176756531353,24.650395914237457,24.99202209081782,25.622856021125312,26.34175420276395,26.99469322175407,27.539213218044196,28.024150755201017,28.522356919883947,29.088561782665437,29.764268220657645,30.564992920364677,31.408727905433725,32.08325216415519,32.357259042595736,32.178267015021476,31.760413709303215,31.459079289224686,31.548332029249906,32.07390607589999,32.86263924453774,33.66517600874913,34.33091779237835,34.875583775458956,35.39567357335159,35.936809064517846,36.44507955977128,36.823601120144964,37.00484810924617,36.96918236503874,36.72805713322216,36.319102334143736,35.825019563536806,35.388012143696905,35.17112165982933,35.24964236587113,35.50160116716564,35.59710625966119,35.11531523858261,33.75470764295699,31.558942130731737,28.977571503777146,26.590297734924018,24.71115325652149,23.294201555229144,22.042794797912318,20.473087690525603,18.1263120680536,14.940463623537303,11.395198131580495,8.234262461338629,5.90151283182789,4.327278801774954,3.390388152960691
7kg_16bpm,6AB,11.207002187695137,14.036128540085544,16.469139121964094,20.145862078827125,26.29734978782969,34.09319507018254,41.51002001456509,46.94549988459011,49.90389895981919,50.82371876120416,50.53424804537243,49.740349756412854,48.74332573851122,47.484658576263186,45.83636316397315,43.872459754220124,41.889408440187005,40.21608356117335,39.01116360773745,38.18631373807678,37.486675297607306,36.6600934110711,35.59338291175004,34.34179545794287,33.04839289799315,31.834290939892206,30.756235455067042,29.832685702460985,29.078260743402986,28.5115425508568,28.139144264263507,27.944919984532184,27.90146924745329,27.989279167087236,28.202417208802057,28.53252566436041,28.950602510409322,29.40258628700118,29.82153823164515,30.157419257110593,30.4109863152087,30.638207839294992,30.907563198020767,31.240106628308403,31.593715928402858,31.910533888502062,32.1703477536169,32.39809886727546,32.635416427937386,32.90680535794532,33.19657850354681,33.45898519532684,33.668956807838775,33.86804228173049,34.16190803046128,34.66344723878767,35.408939280621865,36.3118472733154,37.21309066455165,37.97856977965619,38.54537777223588,38.90545175823179,39.08464880581096,39.145701929581506,39.18340593188217,39.290503532735414,39.5243508171357,39.89221938708414,40.357578451377606,40.86729451246473,41.38392635081007,41.90173854328833,42.43280921281288,42.966078114577,43.444319415018,43.810659865474356,44.09016149169533,44.40329235986262,44.87061531071196,45.50021533939541,46.16579638787528,46.65729195238236,46.74298137482175,46.26512250146328,45.29608363096855,44.21310837240105,43.50257213363218,43.367496908358135,43.43103275820539,42.76949412335194,40.37969276095426,35.954835800070285,30.40156310327251,25.313281440272995,21.52414193340106,18.629771017752404,15.938082327031479,12.973254976345178,9.569205022946951,6.029545374267797,3.0882857511819175
7kg_16bpm,6BC,13.297051960207284,13.333045155981699,19.92464164414293,30.56855640235396,40.98605999314024,48.57363989196512,52.33154106064358,52.706963198167806,51.02494818976804,48.69211920368188,46.638565026443636,45.19814160456205,44.273656602526266,43.5875263958939,42.90396361386688,42.140555939837576,41.34511913215149,40.595454072070815,39.912221532867775,39.24293650623538,38.51019595326478,37.674033825720365,36.763015003171574,35.85954861887296,35.06146325077116,34.451889683504746,34.08130567866547,33.94997490927993,33.99522610997247,34.10269988218404,34.146051391377334,34.03176229008686,33.72023351141985,33.22304696574748,32.59362579862248,31.91587824901896,31.28577456673409,30.788359713019428,30.478021111998324,30.37152996092407,30.456600079753674,30.7030157695864,31.06583615019722,31.486166106074553,31.896266126484505,32.23222164825,32.45351964796126,32.55997168059453,32.59302053838077,32.61344721754891,32.66846321806515,32.772591805031496,32.91232975484333,33.06530452784771,33.21698698309822,33.36661878505821,33.522013785448536,33.68530678825177,33.83803120981295,33.93841981688298,33.93970130696458,33.82125883779212,33.612465629839576,33.38907376163845,33.235601952083016,33.19722025289198,33.260737423415264,33.37845487911558,33.509051293446674,33.64242342493309,33.792718932939685,33.9682949044326,34.15517855305167,34.342901838652814,34.570554097383564,34.93921327935728,35.55859370665011,36.45227735526059,37.49105717201441,38.42107622136638,38.99619206928271,39.14379274730428,39.0499637252543,39.08370294790512,39.57134045919129,40.51401214141845,41.38203753972967,41.1608346640803,38.79018477465589,33.89048465501114,27.343533174238928,21.11782083410205,16.813170092394092,13.983632784963671,11.351468402042961,9.106312797203381,8.3669622287935,8.680592222782897,8.511955416814416,7.2269829533091965,5.113512095386836
7kg_16bpm,6CA,10.763961790213159,16.811736812148368,28.103441928163868,39.60316577443757,48.49069022944076,54.00643717831545,56.85418979528768,58.05824004241946,58.21219658545068,57.56540599310417,56.368768451026554,54.960292030136216,53.65078516053059,52.634286157347134,51.96528899571565,51.555669158567774,51.2126681939531,50.74277159040394,50.07188086187327,49.28752340165176,48.55653938720083,47.98934404567702,47.55747934733241,47.09318116567058,46.389514686113046,45.38049426275418,44.20807017953029,43.06465659138911,42.01032049575001,40.9590049449207,39.7734615249619,38.36768672461628,36.79258082156788,35.25436510397774,34.00117298468438,33.14597368713988,32.61526029247773,32.250103997819785,31.91912338391825,31.57012499421822,31.220197898588932,30.910172477167254,30.668979256290633,30.496331001862043,30.341712169019758,30.10709671652252,29.716713306080827,29.211262961355555,28.76909308447677,28.616369904432496,28.878189364565827,29.480828152530364,30.189771498074705,30.758980777372848,31.049056583982594,31.016869214551257,30.663173370628744,30.05908671809929,29.400249760178376,28.9451093501196,28.849455032562876,29.065325592442115,29.4064656715547,29.71713338051341,29.98777767845676,30.313846121276352,30.759432250954436,31.28810501378101,31.818701209812293,32.30963442250281,32.784948863693515,33.308548643867766,33.940878815779016,34.70150784872205,35.54408098884123,36.35959331106043,37.03146631905075,37.49552359265888,37.74109068218867,37.7694643585132,37.57380978340269,37.170467157060045,36.64121978901546,36.12364179439223,35.735448629927305,35.47679867275381,35.168602965675134,34.48346010916015,33.10900338225005,31.018173456212686,28.63492712238184,26.618726147764097,25.375147881078792,24.670419209160947,23.667536260717768,21.475848966845714,17.77959736490292,13.115362851850632,8.601385046780164,5.213322717593532,3.219516835237723
7kg_16bpm,7AB,10.547870157488914,15.021383754134618,22.575821898403007,32.04110077637468,41.682494704255674,49.75151434366499,55.06603971087083,57.406224392639544,57.38695456924558,55.947617694008976,53.89532141897564,51.715102238918774,49.55663897659076,47.347173691795895,45.02499862133141,42.6983875554534,40.57203952618044,38.78674667918937,37.352774349536695,36.166348850916805,35.07874556046314,34.01118034105546,33.02374325014874,32.24941644046011,31.737507198282024,31.37587898554785,30.99189018312997,30.507494714685098,29.978073184321875,29.508872522777818,29.159616154315053,28.924731411605944,28.7851004665653,28.759444911529915,28.902498635485944,29.25244571442334,29.77589159848645,30.365180064816997,30.900472638715915,31.32790778626703,31.68153438611331,32.03266506018564,32.41339094894987,32.7722672272338,32.99656009182792,32.979679954056145,32.67569634501433,32.11719836660677,31.419950427224087,30.780367398202056,30.434095795538873,30.55172189726991,31.119657929156432,31.916777413232236,32.64491621297477,33.12694748121007,33.40641731524695,33.669810446042455,34.08244591180169,34.68990197569965,35.440918358589116,36.26493678902271,37.11741510971966,37.972064984560156,38.81316708251557,39.66606444261103,40.6146280738077,41.74496934308815,43.04365890216955,44.336681341223844,45.35124160523786,45.89101042929408,45.989572996938925,45.93531112626779,46.164223273660845,47.04785204714596,48.660364762013735,50.686437680854965,52.567405079402995,53.825557708716396,54.3435610360807,54.353607687063594,54.1497281086444,53.77659726739556,52.91755210507807,51.08149204863066,48.02200277890234,44.00820761597472,39.5617155922403,35.08149984030565,30.956413833445904,27.378064949384697,23.93254254519255,20.303658524480788,16.786752905451976,13.72714771617268,11.464791093805122,10.375597644101797,9.865809147536362,8.742045533375816,6.634432834832955
7kg_16bpm,7BC,10.747944639322233,12.101337807378385,17.943507345956412,26.15249054539625,34.42044956280959,41.3164948354989,46.181408739685864,49.00667556172773,50.191982954861736,50.25788405284578,49.64180006812932,48.627004871125514,47.371845753976736,45.97948313983378,44.55744823626044,43.232162530176346,42.11573892739308,41.25584908752024,40.60851996074731,40.060033994593084,39.487634120612825,38.818213559621086,38.05127561962877,37.24218246991021,36.46845637445852,35.800804590022636,35.282085490076064,34.913950131437346,34.65314729744819,34.42142691666973,34.134595713945004,33.74053510449539,33.24083402064208,32.68073181736212,32.11536625201648,31.576175152201436,31.058232264766637,30.536610292222274,30.001256619096587,29.48498623293792,29.0620576750054,28.81334231183133,28.780953925114495,28.94407479442935,29.229087647250708,29.54167551674172,29.79884624988255,29.949376953257943,29.982819378879476,29.926820124673284,29.831600633046335,29.74790497031626,29.70885052136491,29.725506019753748,29.797984553921985,29.930529221579423,30.135797480786668,30.426968714473322,30.810086617005073,31.283025571094672,31.83620763604755,32.44616873344742,33.0664285896603,33.63620566344397,34.11144453781624,34.49031609464997,34.80392619829385,35.082538174754625,35.33317366745926,35.54896733293693,35.73895382311071,35.945740825887796,36.2306575519238,36.63744631773047,37.163184472527306,37.7560918187611,38.33373121057232,38.80829990515935,39.11074919580293,39.21078513682933,39.13256429559635,38.95628469542127,38.78326239377669,38.649940909574774,38.4181952345415,37.72282854996254,36.07672581693996,33.15191737785912,29.085682168546008,24.542439920101767,20.351815417280832,16.956493489245265,14.3069495089544,12.326073577418862,11.1160788750686,10.52100071365026,9.92838114336505,8.778602326758401,6.982015510825727,4.883847126943484,3.0036428073748693
7kg_16bpm,7CA,10.360206214620316,14.389980233927366,25.328690593594676,37.830939989081514,48.10830555463869,54.71779457993345,58.255027787683936,59.9201927557279,60.40148207809219,59.913927186424374,58.619006711070405,56.819174355214294,54.9537449933091,53.43427856818549,52.4181914995916,51.75333526615574,51.14415909431006,50.372311943825565,49.41717556189661,48.43469087829589,47.623014588395506,47.049703114753456,46.583999445558135,46.026533984557226,45.28928654208244,44.41085014377707,43.42171331492084,42.27552708919,40.941766464813455,39.49374966861878,38.05512990827095,36.705239573287095,35.466109280782135,34.347647727082546,33.38926431569902,32.656961646674965,32.17619012318834,31.860032472660563,31.51283313823295,30.94302318444271,30.123538003014176,29.232706698675585,28.501852943658616,28.01757935234137,27.68995754534198,27.398141242760733,27.126631315190444,26.96553404412904,27.025884260892767,27.376316722092362,28.01566778134519,28.841213058255615,29.635940738143912,30.149678547414787,30.281002726158963,30.195137680676346,30.2016191012163,30.490149751738166,30.986713938057655,31.450538051231277,31.696406451759515,31.735985819956294,31.734602011487027,31.860468571122517,32.18375311012149,32.67607191922866,33.25083374917199,33.802179162127636,34.27194286130219,34.712537923751896,35.234943912199185,35.8653362959544,36.487196086004396,36.93447371906742,37.13346747930697,37.16664423415853,37.19831747825148,37.3386419345043,37.568048223928905,37.75357516520741,37.734437335778324,37.4398791404235,36.96619277665271,36.55708218834629,36.44752403211587,36.60356381081699,36.53896926098349,35.45902002202314,32.82243718414073,29.03670434278949,25.528930780600803,23.591243824830936,23.105838833845254,22.842574413239205,21.496395647261018,18.48800907537194,14.337563210538486,10.184325579991711,6.913715553398408,4.977240059282991,4.1510048969089555
7kg_16bpm,8AB,13.322339945777822,17.547511409811293,24.94569904784727,33.90599962420134,42.6538957942897,49.80366405687782,54.62436794627816,57.08631967230127,57.652141174833865,56.92533894028504,55.37982967026371,53.29198562533993,50.81186386741851,48.06547233201393,45.21071721368126,42.422376889782406,39.843809247831665,37.56883709219054,35.66455312332996,34.18262078067887,33.127135139140904,32.418381390454655,31.914077081816302,31.483347441087727,31.073180729872774,30.722136490543203,30.50838060957489,30.464520981404362,30.533220642699728,30.60685714496064,30.607031478897532,30.532699815212037,30.446726302437792,30.427323885893856,30.53145162854158,30.785036809896887,31.183333845656918,31.68655867715632,32.220735497580165,32.701741489324824,33.07397498798782,33.336638941724146,33.53385340193142,33.70595710943194,33.846164288799756,33.90623791015554,33.842982512289204,33.66847200997808,33.46265482115739,33.32122016264121,33.27275760200202,33.25067683503374,33.167410330211844,33.0291937887942,32.96609403280383,33.13866576903087,33.613455856055126,34.32466614278302,35.146844555495,35.999432625502536,36.886225150849334,37.837298467357435,38.822854020472015,39.7300956714455,40.42693658541817,40.86613223806301,41.13724371419452,41.40607764471972,41.791108778722155,42.29098578317688,42.81442542251492,43.26380063578268,43.593765960001086,43.81434938819512,43.953449804657915,44.027970401358886,44.06876980737418,44.16715209383029,44.46249272524998,45.04263037608657,45.82879662069552,46.570764332858836,46.99662018882107,47.00915542302731,46.77034375133868,46.6124659109892,46.795304294073055,47.12855347941233,46.666899348777086,44.008303449247855,38.4193188298598,31.04491585662627,24.582024591828056,20.413561755293497,17.30713889818057,14.716578818068001,13.377004793866812,12.629221867878517,10.998238920680569,8.1154377458641,4.655967521943394
7kg_16bpm,8BC,12.227467557118302,13.060819732288005,19.229859265054,28.14345430072163,36.76928931040498,43.38473094086397,47.35079888441439,48.88402885517201,48.70829803053456,47.661054071427124,46.40593117531122,45.312872384213506,44.4608807162373,43.7198879718273,42.89559539090809,41.87815290445182,40.70700447212741,39.52654868663352,38.48918236716986,37.681260474414536,37.10534145835985,36.70160005567814,36.381671714311324,36.06151319108843,35.685745875500636,35.23672666002827,34.730298556770215,34.2070040596816,33.72219023421722,33.33534382044196,33.097512073349286,33.03602394900226,33.14179162518828,33.36937491713251,33.65269793663213,33.927404355618926,34.14787517147646,34.29453868607994,34.37445533211153,34.4149121905157,34.4469559459203,34.483267668157346,34.50688328942078,34.483207133139295,34.383223415175685,34.19847255299156,33.945114759146094,33.661930349377876,33.401444201152714,33.215651753152144,33.145500962167674,33.21603905421169,33.43336978901213,33.78401585942557,34.23723278574173,34.747753876360214,35.259576170224236,35.715069045362206,36.067922533406815,36.2904937971013,36.37475446969684,36.33137983784441,36.1841449413913,35.95884102939699,35.676046348091795,35.35678806753511,35.03943952644028,34.791387322149525,34.69640790731198,34.81689558350541,35.15314956549442,35.62841826701823,36.11195033808891,36.46812872604996,36.61135323191967,36.5418721249931,36.34272827547365,36.13447517255797,36.00538474643151,35.9559242056447,35.89856435909325,35.72245551202013,35.38672742847577,34.98023909925145,34.696221187527634,34.71429387399213,35.031118881991056,35.31854667848559,34.91813674774372,33.053641602719196,29.228499655553048,23.628564530809474,17.258329070076417,11.579530713799267,7.684841090283334,5.7176621904777845,5.276514779643579,5.47439295183738,5.214742420138375,4.142102047724088,2.6682369565094195
7kg_16bpm,8CA,8.84128953716599,14.453309462212554,25.04790332121577,37.032138414180736,47.72750388097588,55.41972637987923,59.54548842196011,60.50003205243288,59.23854988569271,56.88293856832752,54.35694018720859,52.13599910650269,50.275389942661185,48.65955852085555,47.226947648240824,46.040043465343224,45.216871758075726,44.79262831819439,44.6272686967483,44.47403327487636,44.149195285130055,43.62474384972323,43.00309772319512,42.43138302656544,42.01378290649783,41.76814090918307,41.619508182070675,41.40097866518977,40.89936812258726,39.98200484447393,38.721545485386,37.37780428104716,36.21577874607562,35.31161924746652,34.52755291058985,33.66739685643267,32.651482952276154,31.56243516254954,30.55596794395862,29.751490840610174,29.20906234784473,28.965808937250063,29.01519488773352,29.23992162515666,29.434248615764655,29.39699536247441,28.977181323163883,28.114392333377427,26.921628473167015,25.691652778940337,24.758903304771763,24.33200465377558,24.424510993805097,24.894899125629287,25.546191167499508,26.243873623719608,26.980128100056426,27.815014031745,28.733741102477147,29.568091551443576,30.08998326927413,30.207527043776192,30.054706298747824,29.887862988725313,29.921345337965715,30.251848881980695,30.88128006588776,31.748717721837732,32.73340030665422,33.68295586118004,34.499378696515976,35.197349080489865,35.84467211670497,36.45526056336491,36.964069738424584,37.28122279525686,37.34992702396204,37.17628947394307,36.826268568367894,36.3769712814697,35.8651134011169,35.31887554752144,34.86233530416175,34.747813139475774,35.185737265397194,36.014466824533514,36.46144381905431,35.364242866142604,32.05842400660265,27.42182566425732,23.633884631367767,22.07999747180298,22.358555935750594,23.25685897733713,23.017243773115407,20.248418388337573,15.253814854604002,9.862820448122207,5.876493361266867,3.7963944429019625,3.227864778292921
7kg_16bpm,9AB,13.960464060754235,15.831015186814446,20.40528663701029,28.128889567778273,37.11931859519573,45.359869750293015,51.6088482766952,55.408556454259845,56.884697678475106,56.52565964730493,54.96201563261375,52.77152929828901,50.34846710039791,47.86681158401304,45.34533106187582,42.775328130346,40.22937218906995,37.866029735444755,35.82835324288598,34.16561090821208,32.867327500021766,31.926784566339386,31.322002601718435,30.959604378813772,30.706178113596934,30.487134505391353,30.30744840686602,30.18044651338443,30.092931302119045,30.039282581968788,30.043027773036105,30.13770227873133,30.344893635846326,30.672913087231446,31.118359863650287,31.64549479654189,32.1581397329537,32.510559232750055,32.581910829363984,32.37009147850507,32.01502642419776,31.714350735102244,31.59507263880485,31.642889215651433,31.743887514192494,31.799437417586674,31.809735987878227,31.865267349953815,32.067498330071686,32.445340057185945,32.94312405624241,33.473015789568635,33.957698283838106,34.35086602351767,34.66628459349547,34.977651852809196,35.35033697477236,35.7747904021916,36.156051930809475,36.3517688617904,36.26606091672631,35.952130369491336,35.615757665525265,35.484016777162765,35.654384732014144,36.06227198682422,36.56814674205873,37.07040334884854,37.54785964150226,38.01745369102654,38.47865071459226,38.909916527867054,39.29350739918531,39.636169135423124,40.008742267558226,40.54126124245204,41.28406910433547,42.07505977403661,42.62050072313848,42.74017431384175,42.552017249968735,42.45365611638409,42.906357071095485,44.08822029745353,45.5063881392041,45.82025641474118,43.37508393906803,37.63411244287961,30.450774337566052,24.932957543457036,22.012247103552102,20.888879624290464,21.450939730125388,22.49188165789171,22.09847960532326,19.706081241194077,15.92741982986949,11.649483112318705,7.742613673567717,4.980561304909181,3.549929008762087
7kg_16bpm,9BC,9.718631191520988,10.934865197771753,16.66511814263816,24.770760207944566,32.987637498242975,39.954019214478365,45.01429018203209,48.08601192083807,49.471623088465144,49.63414188250508,49.01368093877947,47.933415732839876,46.58988244973806,45.097393834838336,43.55194840645938,42.07075772668007,40.777736437477714,39.7535806099417,38.99580729713218,38.41871913101026,37.89328802541698,37.3098271017608,36.633343566030625,35.91687804871801,35.261391445233514,34.75033774531677,34.40222285823711,34.16687517490945,33.96070587989819,33.712499927369436,33.39273655913765,33.015959167739545,32.62168801982779,32.249875119868236,31.921915354704133,31.633896327905198,31.367546706802116,31.115416812673292,30.898929621005685,30.76160892782167,30.7466765745152,30.876908631302292,31.142661662998428,31.500598365685985,31.882612359463334,32.208299549676035,32.40036906909786,32.4070313845632,32.228282377137,31.92748516970873,31.609355095737563,31.37454072397009,31.28110671952055,31.333673130505836,31.50024284268236,31.739726017222964,32.02000410022087,32.31771360455161,32.60722123539476,32.856278467239505,33.03618424478191,33.13606020850283,33.17056164650908,33.18237822081456,33.241407627527906,33.43240826836739,33.82671200896495,34.44575157696929,35.23445240180901,36.067239409362216,36.794076008330066,37.306195445559645,37.57994987636617,37.666074949108975,37.634829736831406,37.52183078007719,37.311933179146614,36.96607181065537,36.46747365441878,35.85790749845991,35.245757827878585,34.78398655637318,34.624287837619505,34.8511858056088,35.40449600933386,36.015278508734966,36.199443142385654,35.35961157849628,33.01579137677288,29.096730589673918,24.10187959581865,18.92554471132161,14.366036321302946,10.743757976863327,8.086873684400544,6.570182082779269,6.272055337614673,6.560113105142038,6.612934543136646,6.035366941477859,4.867771512498427
7kg_16bpm,9CA,8.546041201739971,10.816494267532022,19.809512985614397,30.64993790052064,40.16141862628966,46.91674899216463,50.99730301392488,53.299979464020964,54.61772952474614,55.21891751449583,55.04148974660101,54.06548474756081,52.52570726542632,50.87791848134027,49.57216341183221,48.78173404038474,48.29111267711503,47.67417058677258,46.64051408492795,45.236898559522494,43.755056306203194,42.50397435628014,41.652849400089934,41.207825389068994,41.073568186743785,41.14114165451124,41.341538488710086,41.60916796361387,41.80833096504795,41.74140750936898,41.278047380070426,40.48012277724841,39.5501343667409,38.641003828642404,37.74516604438276,36.7717019897386,35.6894349821198,34.56105952058472,33.464579346216745,32.42992487489431,31.454674522700778,30.55045774620729,29.765626973751008,29.176280710557275,28.85313883222144,28.805395544099596,28.92778768325195,29.018042556761497,28.89170268852647,28.49188065344334,27.878090626925278,27.140157179587092,26.367266502369084,25.672453162886242,25.1726447550193,24.924871027937947,24.905110770369536,25.05317619469195,25.31395597211202,25.628060098527254,25.92921301402875,26.19927031715681,26.507026676440834,26.93668981526781,27.48155084605635,28.04475132845224,28.534112598002718,28.934357164798595,29.30598131838217,29.725986619711737,30.205050229029563,30.650465811908212,30.948251292394186,31.10835226080751,31.3158821377129,31.82539603361443,32.78979024089978,34.15996239312875,35.71409106083901,37.17422912853077,38.343248530258265,39.19963930181306,39.87475201592857,40.48307864196603,40.89350260889232,40.62434610621334,39.011260016212226,35.69689289189564,31.23491235258167,27.140542847359104,24.778804779794434,24.101484643716997,24.015262409159075,23.339242031748295,21.236134978821593,17.60038816333266,13.183837581263555,9.080198056496295,5.974592320453815,4.163778315092768,4.041269852376286
