cond,seg,p000,p001,p002,p003,p004,p005,p006,p007,p008,p009,p010,p011,p012,p013,p014,p015,p016,p017,p018,p019,p020,p021,p022,p023,p024,p025,p026,p027,p028,p029,p030,p031,p032,p033,p034,p035,p036,p037,p038,p039,p040,p041,p042,p043,p044,p045,p046,p047,p048,p049,p050,p051,p052,p053,p054,p055,p056,p057,p058,p059,p060,p061,p062,p063,p064,p065,p066,p067,p068,p069,p070,p071,p072,p073,p074,p075,p076,p077,p078,p079,p080,p081,p082,p083,p084,p085,p086,p087,p088,p089,p090,p091,p092,p093,p094,p095,p096,p097,p098,p099,p100
15kg_10bpm,10AB,-5.09435939,-13.55328307902045,-25.069874671103832,-38.34195894611794,-51.42055848311366,-62.62746115764561,-71.19518134013266,-77.17523129642724,-80.94525137128976,-82.84831616860393,-83.32636884543017,-83.07076415924789,-82.71422391203205,-82.44558834876655,-82.01760700018491,-80.97368526021106,-78.93196655869572,-75.93352474165395,-72.3911340307497,-68.67261059255688,-64.94179633738625,-61.47747250739753,-58.897779865058176,-57.66431876731434,-57.29616377656865,-56.8082015355592,-56.0309606804662,-55.649698885588776,-56.204562561601186,-57.42583360540683,-58.33205149825529,-58.118846569799395,-56.93054939975269,-55.45622713541112,-54.146647567120816,-53.10749737636665,-52.3092467703904,-51.64414508987333,-51.03554925595914,-50.5601883551238,-50.29372340571375,-50.18674374331877,-50.293322135688484,-50.81147609704047,-51.69793081588643,-52.56053201524117,-53.17897598208499,-53.86950322470919,-55.04363726942562,-56.665923534579264,-58.39698785116706,-60.12115695192484,-62.10476213845009,-64.49475408881447,-66.88821049404369,-68.74852356796367,-70.05669262298416,-71.26002922519747,-72.74072013326888,-74.54720589365529,-76.48165730949573,-78.26707162283883,-79.73358098282057,-80.9243483305868,-82.01811268441203,-83.16181508434047,-84.29237497893624,-85.16741376570064,-85.66934768956793,-85.86644038577835,-85.76966912698076,-85.28202588794892,-84.38213915593857,-83.24625019549923,-82.10892325508341,-81.04890725712518,-79.98862075622908,-78.8355144527534,-77.62550783986978,-76.56465507860946,-75.9031747965799,-75.73316344348652,-75.80949863703154,-75.47670143054138,-73.81601059205653,-70.36342525802657,-65.97766195913003,-62.18317778693963,-58.75281869524051,-52.999752145877345,-43.109122371521735,-31.3996818533146,-22.449637070411573,-18.059254834335903,-15.912181178313253,-13.157784283694047,-9.411030158954496,-5.834574734288107,-3.1107775539565417,-1.2464077028565486,-0.21321024
15kg_10bpm,10BC,4.16223512,2.0794445758422193,-4.7207849306579455,-17.062524642256086,-33.78701856769279,-51.8556108,-67.6247510697238,-78.47822233110384,-83.68755728415707,-84.14792136368416,-81.54978658,-77.62260208739782,-73.68023758976621,-70.44595615122131,-68.10316389109614,-66.47906765000002,-65.25753849855126,-64.15439807775212,-63.01500245286638,-61.839226951916515,-60.755255610000006,-59.93708771776791,-59.49983696865386,-59.43240078564482,-59.62406387978496,-59.97195536000001,-60.44242047300275,-61.01512248246105,-61.616339826862884,-62.14319259919841,-62.53131785000001,-62.795953319386214,-63.021413749409284,-63.293381741799024,-63.650162601357465,-64.12716834,-64.82045994979156,-65.84579500044214,-67.20278444057983,-68.69016375909787,-69.99867453,-70.91966029791095,-71.45806328734112,-71.75574358775259,-71.94789439747366,-72.09422978000002,-72.1860818130699,-72.17536553542232,-72.00801095513162,-71.6684167796335,-71.24442421,-70.9497327271249,-71.01481635916794,-71.48133539945849,-72.10415527240248,-72.51303509000002,-72.49040511105765,-72.07753710162818,-71.46635347680355,-70.86331326589249,-70.4002116,-70.07251051830724,-69.74641186478698,-69.25928449679886,-68.54619513713669,-67.68792361,-66.86173022071401,-66.2561537530779,-66.00056157797005,-66.11557364489103,-66.49154314,-66.92680316891821,-67.2299017670135,-67.31733480537542,-67.22691134021048,-67.05524985,-66.89077120179633,-66.79237334749584,-66.7859055543376,-66.84503808261475,-66.85814610000001,-66.578803576115,-65.62649358304311,-63.66591968573425,-60.72395585737934,-57.27971406,-53.76207383147292,-49.807542728748544,-44.3515445962901,-36.90496818258903,-28.69894877,-22.04436484956298,-18.239993626458045,-16.430742064166186,-14.743316267321212,-12.21529641,-9.353105134468734,-7.013560846259292,-5.2751430276462905,-3.651279919815657,-1.99770188
15kg_10bpm,10CA,1.83223844,-0.2614830804705204,-9.289088445783971,-26.605807511228793,-48.961247684671115,-70.71343692447292,-87.50184370789663,-97.67009213706142,-101.62792409464268,-101.09219485430626,-98.43365435775449,-95.85512297374677,-94.29602618775505,-93.25650333508007,-92.09658206693827,-90.84314631901168,-89.77457184501728,-89.18436229173868,-89.2804464588705,-89.9406506968729,-90.79875745939829,-91.39647800140558,-91.28870757924663,-90.1616784024244,-87.91647221293013,-85.00336189794527,-82.36514241526292,-80.38694462912298,-78.50137012432376,-76.27952098833623,-73.84807602976761,-71.38213399794522,-69.12190947443477,-67.34569226430969,-65.89795429570151,-64.55321414931066,-63.78833261886281,-64.03577617237585,-64.6366935904593,-64.6786863226838,-64.1601009325392,-63.55082152220245,-63.0335135566779,-62.675647877588645,-62.735231253550346,-63.21564807202611,-63.62217049874908,-63.52598538297322,-63.00890918310581,-62.57605597099496,-62.603979590703375,-62.7836995550299,-62.493022929353735,-61.77040092568356,-61.194821735969484,-60.91000544355549,-60.626130935343916,-60.46430234503093,-60.93558287309068,-62.22338966066685,-63.99477374907588,-65.63854246105629,-66.694842612013,-67.26341210228192,-67.59542121715135,-67.65753168416512,-67.65044544087516,-67.92106450446758,-68.39824940655458,-68.83597472002614,-68.9385202593946,-68.44286413977437,-67.74927224988015,-67.76566016855449,-68.8696893741236,-70.54130184659458,-71.7564811903882,-71.26920383453557,-68.45557761093544,-64.64867596009451,-62.44596137198441,-62.57865181370425,-62.90851166668481,-61.17005698692498,-57.67883390577051,-54.619790076902795,-52.83380113991522,-51.23671484280902,-49.07704296847901,-46.800167896549894,-44.98524497836676,-43.191553585268515,-40.017441508845216,-34.16114121362301,-25.831869255298777,-17.489944728878513,-12.224030105822674,-10.444243575575806,-8.892853425618547,-5.446193563517182,-1.96762208
15kg_10bpm,11AB,-2.00094947,-8.87271508355728,-19.40675399392805,-32.11559949028428,-45.37893644529742,-58.03959147175665,-69.14433217238083,-77.78208700613045,-83.43094728961749,-86.50275933445688,-88.1219666200344,-89.09590042043075,-89.3671419466427,-88.57570386947944,-86.81813734900533,-84.52286607863387,-81.82182747039774,-78.52370804176408,-74.72803236508015,-71.07765802708369,-68.28727872000002,-66.46648909155257,-64.94418859437786,-62.96076861069319,-60.4766610992297,-58.09249582260712,-56.31607821815759,-55.12536303158243,-54.32652952538008,-54.01636646845376,-54.32039398194339,-54.92314020273106,-55.2419642764459,-55.00952981239597,-54.53884521667892,-54.348026108343035,-54.60047808432578,-55.02511110033879,-55.284397425959384,-55.228939636256726,-54.832274160000004,-54.12247693483931,-53.28564869609653,-52.683247674071445,-52.63469267732414,-53.196735271014845,-54.18320471728289,-55.38731478497468,-56.7152005275511,-58.067006872932964,-59.35344354456795,-60.73927155075687,-62.46742206723886,-64.42034950066618,-66.21859261242474,-67.68127569993489,-68.93345949547405,-70.20216216221814,-71.59882194464888,-73.0258538634912,-74.33502885,-75.4664920202515,-76.3409813490532,-76.88588098037842,-77.29458610345156,-77.9331277588392,-78.89189653741265,-79.8358099643407,-80.45412789935648,-80.92049337714083,-81.7057056513806,-82.90963160383296,-84.02896700203932,-84.46781281384185,-84.06550974776866,-83.08133775381079,-81.85794414906925,-80.576086521271,-79.3592672993924,-78.54039551431624,-78.39700372000001,-78.60160675382387,-78.28693330305495,-76.7836526812863,-74.38185914189016,-72.24612107869072,-70.88040996242746,-68.42010605771367,-61.88729166473441,-51.36994753226004,-41.17170274887611,-35.1735726013567,-32.495732360956445,-29.027558082420754,-22.428278476258633,-14.359966132198714,-7.904522345536766,-4.291807216773776,-2.604601365783122,-1.6306881277134277,-0.99088061
15kg_10bpm,11BC,-1.56637599,-7.489088380664129,-18.599102638199106,-34.15813343911696,-51.512948154588386,-67.34695291177783,-79.13122466100442,-85.84966705304006,-87.85365791805519,-86.25099088958908,-82.37840988741145,-77.61005926721138,-73.21895013434408,-70.01814906742501,-68.08166652397325,-66.92591122910483,-65.99383807115115,-64.9880132142723,-63.891729535425675,-62.862928867361376,-62.13895912596418,-61.92739498028974,-62.26493237833064,-62.95178327715337,-63.678450527546445,-64.24256786686618,-64.63978180433067,-64.97079130180683,-65.29171896323535,-65.5549349140575,-65.6697212248729,-65.62701539591255,-65.57925080635829,-65.78074607884801,-66.42670709446692,-67.5080891434574,-68.78986410891301,-69.96371871210175,-70.8652407873241,-71.54360524304033,-72.15260577533591,-72.7868122008147,-73.38184004336688,-73.74840136520866,-73.72999266372345,-73.37804161307763,-72.96644550999048,-72.78153578888137,-72.90369630775334,-73.22013282163964,-73.60645756394548,-74.03042678933492,-74.50736993159344,-75.05265877909484,-75.68080487961753,-76.36250791548062,-76.9633623917705,-77.28266414404003,-77.21481774970395,-76.87710144385973,-76.53083573132473,-76.3561248529174,-76.30840763674396,-76.20751015374647,-75.92785024276566,-75.46881735423531,-74.90750165490826,-74.3481792773674,-73.90827467932631,-73.6819587768916,-73.65374829911742,-73.65887455674991,-73.50281984202584,-73.13692756470523,-72.69571399162847,-72.38011457736498,-72.31853479689993,-72.50841144666602,-72.8322610228669,-73.11006361096129,-73.18147540286617,-73.00476302968295,-72.70775124450077,-72.48480848980881,-72.33980653576216,-71.80509252125084,-69.88191123820346,-65.4943409638292,-58.34285423407338,-49.399482301738146,-40.51264177966358,-33.55380491440463,-29.653635773557134,-28.556036935747404,-28.564611302279484,-27.573207162677708,-24.361404580901095,-19.03450834746296,-12.594829195616096,-6.4013721822111584,-1.74868268
15kg_10bpm,11CA,-0.55615611,-0.8181973426475324,-0.8263010369141738,-1.8693457440805548,-6.380931178510621,-16.365608689703574,-31.538042701978846,-49.21715136142319,-66.10347363118828,-79.98222230280064,-89.98369752598553,-95.88627009300457,-97.7860728507988,-96.46242024120767,-93.55940920431536,-90.84331200778551,-89.24805897249404,-88.76867025219646,-88.80778577052364,-88.49472027688594,-87.38532473797038,-86.0406387705919,-85.40865989436726,-85.67521609839943,-86.16683025204338,-86.22197730000002,-85.85357333420866,-85.59750863048937,-85.75498945926795,-86.03768476886528,-85.96366611314373,-85.2600923681036,-83.93944269342882,-82.22372763707173,-80.29361508872087,-78.01079935110013,-75.21217627108418,-72.3596618957598,-70.34140946119076,-69.40610512279228,-68.87395768691425,-68.15056259575368,-67.38938896293207,-66.87510401179867,-66.427659120784,-65.71638147573461,-64.66592162785956,-63.35978124031968,-61.924023299994424,-60.50110119778139,-59.200439320000015,-58.25781276988657,-57.85379658003535,-57.73857969676671,-57.57230340440498,-57.490534356480566,-57.85294655162183,-58.65892551558149,-59.54857177745926,-60.1829527056559,-60.37851717586641,-60.06379321399183,-59.385470825151565,-58.77318209555139,-58.705779435364256,-59.49256169269683,-61.15752806675456,-63.311913576631085,-65.27162072550666,-66.43252352978797,-66.65237235994391,-66.36851976378198,-66.22233853467826,-66.44945404301633,-66.77544434571672,-66.94983692,-67.13268848157387,-67.435656636925,-67.24623390929285,-65.64345620651234,-62.720329670792786,-60.15461584077103,-59.546503152873996,-60.13544232441431,-59.6052133120779,-57.16233463960249,-54.45889124102144,-53.06089609300575,-52.23962392027598,-50.45879565459429,-47.39933400507282,-43.18871933084669,-37.76610527629906,-31.836320743886585,-26.452926064132388,-21.494765008422913,-15.640395214551628,-8.555514748109209,-2.0225323902853103,1.8465295973161424,2.9065654
15kg_10bpm,12AB,-2.88153338,-10.501562789704852,-22.565025069880832,-37.74704156686593,-53.66394776933189,-67.48332118385805,-76.80060328664885,-81.40121185531103,-83.1883100463368,-83.78366656951118,-83.55660288854929,-82.6427967598632,-81.47780851003753,-80.21864001371969,-78.2690512713158,-75.02592526166309,-71.10345170489848,-68.12990456372313,-67.1136066565734,-67.43531903729101,-67.79329816150698,-67.60011149023575,-66.85363701391117,-65.51704351668161,-63.74422239099059,-62.01505848735206,-60.78090529570552,-60.20232726767665,-60.09598732410878,-60.022813064311386,-59.537572444337584,-58.38664616857927,-56.67449987986074,-54.959930085234674,-53.91589916490964,-53.734833063844896,-53.964661678850376,-53.891784497694985,-53.155223743289774,-52.092053361754026,-51.31650931671323,-51.064608690386855,-51.226005390747794,-51.71529750729224,-52.42804935803402,-53.13444744058477,-53.719924118599955,-54.290632832979384,-55.113206395305866,-56.56986677542057,-58.75735948,-61.18913011111487,-63.26238096765055,-64.8900226104147,-66.49116227749619,-68.49477547802667,-70.82985326462456,-72.9752233410343,-74.60350842264674,-75.87734690940356,-77.10416725439516,-78.39668322846266,-79.73471455851352,-81.1438530866055,-82.63109545479155,-83.97675918529646,-84.8461655191122,-85.17786799986882,-85.21198296173196,-85.13094563894334,-84.87962188094714,-84.22683974391919,-83.00023974816278,-81.38918077041693,-79.67373334410499,-77.859355894468,-75.98161673398502,-74.51696834705498,-74.07619128864887,-74.58669390465931,-75.18720686821047,-75.17332554936456,-74.79580525356327,-74.88421244081823,-75.51700824582974,-75.06713122486717,-71.04038517202395,-62.96289436209952,-54.16818574415673,-48.69459577937283,-46.57572080191892,-43.85743105400354,-37.07298567396598,-26.939155428095987,-17.186032986972467,-10.2626164458194,-5.840193989844451,-2.8581572409203972,-0.960233388641462,-0.046492285120371506,0.18824572
15kg_10bpm,12BC,1.82573215,1.2092950361759676,1.0864372606999797,2.0235692428607153,3.8307599024476016,5.363219725697126,4.6024065961913205,-0.8022013688213486,-12.29143383510276,-29.0936828162921,-48.070709017485825,-65.15622878369963,-77.40315478250163,-83.90860560540793,-85.28803000144447,-82.89552817739379,-78.45337193772777,-73.71753358772868,-69.9167383103479,-67.38849854348209,-65.77121185130773,-64.53741734998255,-63.405619512927444,-62.39738644552126,-61.670801097121284,-61.35903018,-61.495510703012684,-62.0133712166867,-62.80398998570122,-63.77077118229157,-64.82425239103043,-65.86378522004601,-66.80776853788282,-67.64124854045477,-68.4025053229717,-69.12576609676297,-69.80903069382033,-70.41451035416353,-70.87934673726976,-71.15647663653385,-71.26941531400598,-71.3054655649806,-71.37237554705162,-71.59119277991937,-72.04699379807587,-72.66606977918421,-73.21084647795915,-73.45490346710271,-73.36470007027883,-73.11755477676051,-72.97146759,-73.10836388536899,-73.54981392853263,-74.18198181037107,-74.85527024275358,-75.4668479977512,-75.98595003284059,-76.39135372893833,-76.5758877621629,-76.3881703666227,-75.80571232701799,-75.0217303256692,-74.33916190947035,-73.96810027047053,-73.91192092091252,-74.04718133739388,-74.26233257782295,-74.4694923911233,-74.5623011810692,-74.49185734249143,-74.37426622103645,-74.38024069296415,-74.47783053080005,-74.37404166385325,-73.78954851643704,-72.76749330000001,-71.68427030741589,-70.97822967364202,-70.860753784655,-71.22929743667528,-71.7385438503637,-71.94224499761108,-71.53586476066167,-70.6286230256525,-69.75198587994284,-69.33245315931119,-68.78894479918127,-66.00098325958251,-58.29177728938993,-45.158549853880146,-30.45324562322474,-20.485689227898906,-18.557369836413933,-21.939729750445224,-24.714935927548975,-23.020821539820112,-17.573818944273025,-11.574996025066719,-7.021713910535618,-3.871170727359202,-1.66997561
15kg_10bpm,13AB,-4.17596212,-9.525194781701527,-17.603068548050043,-27.29240451040807,-37.068230536941435,-46.154801747511904,-54.82991253097997,-63.447101268317255,-71.41199790334824,-77.51588724652846,-81.22905227184225,-83.16624081219207,-84.1339131553115,-84.3929698375064,-83.94810410204633,-82.79876792248605,-80.93865041902265,-78.4746709732403,-75.64830031388142,-72.64222166890137,-69.65124980466982,-67.19795967645508,-65.9909839605413,-66.21184081312566,-67.13731250913862,-67.85401037380716,-68.16494456549552,-68.31018724413128,-68.1039272426191,-67.12479638968516,-65.56905311489353,-64.15970914860947,-63.25125044759331,-62.574273377714434,-61.61678674745287,-59.933464684304376,-57.59237668387023,-55.27880688230515,-53.51490463356724,-52.164151118799296,-50.96210622752752,-49.93013425954315,-49.18118453350722,-48.86696248095062,-49.18557676642192,-50.17841804470192,-51.74804359853171,-53.75087751250292,-55.91946920071117,-57.907890432422924,-59.61738913549294,-61.33981185259247,-63.355356928981124,-65.49673248395007,-67.36925079670647,-68.92280994798273,-70.50432143687567,-72.38724850966817,-74.52522884272018,-76.69287875220053,-78.5934765891247,-79.80722690298006,-79.94951254123792,-79.15244305829748,-78.22235589884629,-77.99055111986766,-78.57131994309056,-79.49388642587763,-80.3207926882532,-80.83495419658827,-80.84636162607082,-80.32215276495305,-79.6970265078456,-79.56088582729797,-79.96338808457341,-80.32123401995881,-80.04417352654741,-79.08609123320618,-77.85635941815045,-76.68971368086034,-75.70272492170098,-75.02574792745533,-74.73245744043005,-74.71673099250683,-74.84355586312378,-74.94991973727589,-74.52066078359823,-72.34927827572464,-66.49611391834438,-55.9936993339473,-43.65632371979275,-34.548438436289835,-30.413282668282438,-27.65098306133487,-22.243020905504927,-14.661240525583056,-8.116584418786099,-4.162178678143434,-2.0196778099039916,-0.7416566263934236,-0.22901192
15kg_10bpm,13BC,-3.91105313,-10.243361559491957,-18.990482149800783,-29.80978083551842,-41.66604950389246,-53.20861819960223,-63.31551449203247,-71.28697309655007,-76.76253834133473,-79.67252228533329,-80.2234585160056,-78.86775343680945,-76.30933090036868,-73.44065081256015,-71.05334149441676,-69.49804875797848,-68.62857711633276,-68.07260408982799,-67.52300857381783,-66.82986123981213,-65.98605846283981,-65.11464131399967,-64.37919290244169,-63.83122559672585,-63.36390392972221,-62.83385682862801,-62.21779769344179,-61.655922548817074,-61.346397108697765,-61.36929821544631,-61.61116010683232,-61.86863115536537,-62.03034262209557,-62.16290979634592,-62.45211448909242,-63.075316894420645,-64.09858158732435,-65.44891213840731,-66.9561553343768,-68.41696198348146,-69.64305775853691,-70.50829209880187,-70.98655586154233,-71.13286286933742,-71.0093533468094,-70.65706710497545,-70.1526173508526,-69.65103216736877,-69.34438347851257,-69.37066073890438,-69.74030198893023,-70.31310899248015,-70.84893783985281,-71.15686523748818,-71.26383703045715,-71.41965817768313,-71.8893062622737,-72.70002158426686,-73.56929474436524,-74.11181935285516,-74.13227484068473,-73.75716612790812,-73.33223357118814,-73.15879322097805,-73.2850378956428,-73.56457413825915,-73.87542170970028,-74.1909981776504,-74.46109722409552,-74.5503267708501,-74.36214317430355,-73.94958657442164,-73.45050894698204,-72.96516070867582,-72.54262060847496,-72.23663831264574,-72.08243666259837,-71.99463985758533,-71.75319690895488,-71.17485805470378,-70.32414746862511,-69.52865921209953,-69.18242755975568,-69.46944181246849,-70.0658692788387,-69.9170923219358,-67.44705447263254,-61.5197069317392,-52.674631973862446,-43.370785718411064,-36.434734953881105,-32.68407246271172,-30.284016425862703,-26.842043011387087,-21.832895297364782,-16.72380673410292,-12.987752333706315,-10.532918340478469,-8.248369862864191,-5.526896947836963,-2.79639757
15kg_10bpm,13CA,3.47663186,-1.750954931488638,-14.886047722585108,-35.37223228262262,-58.69949654179361,-79.02703565395169,-92.53434415918636,-98.70568106767548,-99.35975267936871,-97.19811234617231,-94.59222689890315,-92.87077135698058,-92.22217750738145,-92.13521781181396,-92.25742140263634,-92.68387372725874,-93.24688839752457,-93.30478430993499,-92.64827683861238,-91.91366576860662,-91.6908829423182,-91.7218846886817,-91.26557618960682,-89.98721928922964,-88.29122509861374,-86.70408526010618,-85.10470745367523,-82.85291960620937,-79.69078815086242,-76.20243871810266,-73.16116555131028,-70.70251384272095,-68.45555503561513,-66.24694558334393,-64.26235165812606,-62.72213090298475,-61.8110153864661,-61.70345264082824,-62.26038065800256,-62.98172405099625,-63.49996682446451,-63.77602774249534,-63.86703660321127,-63.628216731501084,-62.6959482515151,-60.96148889324285,-58.933175596857126,-57.47666504560608,-57.13456276791258,-57.648196884686335,-58.29474575181222,-58.60813391216717,-58.62969083953649,-58.58700883514542,-58.56958868458476,-58.564625167285904,-58.67457439753784,-59.05456697387678,-59.62710428940679,-60.08625969850278,-60.33375357561538,-60.84630855889241,-62.21837232578577,-64.34602529784499,-66.33028911049392,-67.33665232722839,-67.50540473742662,-67.66660834770344,-68.18088970401705,-68.60202817506033,-68.53211280038371,-68.32111655141577,-68.5677970128044,-69.30356183101634,-69.97803183131495,-70.10531490496062,-69.74179814383234,-69.47354477405838,-70.01344652471839,-71.35679166785764,-72.17744054518101,-70.71961723923312,-66.92730759385367,-63.32849662333434,-62.342611676435986,-63.07486220393944,-62.55252899607176,-59.32957397044071,-54.80678097120374,-51.13531773669702,-48.2746417101647,-44.45156979530721,-38.673856181301005,-31.796530783111738,-25.75625548117462,-21.387132840660612,-17.37776960090423,-12.191239108155743,-6.506065807178232,-2.509738226465169,-1.18086158
15kg_10bpm,1AB,-2.34876289,-8.717621230771185,-18.67852709473373,-31.221809512278984,-44.34889233135912,-56.06297798681749,-65.11171494118175,-71.3504540236312,-75.53842834141292,-78.58046841924556,-80.92773381865328,-82.65378372502904,-83.82361883824352,-84.5558041030146,-84.79236841154948,-84.23981590283427,-82.72462926308697,-80.47309090926535,-77.86145173683433,-75.19135187312692,-72.67567879000002,-70.16406999066582,-67.22540739349621,-63.93691313180189,-61.06990650345598,-59.24722729006,-58.31386299005183,-57.614053267465216,-56.739164679283256,-55.935301265241534,-55.731079286180936,-56.26609509444638,-57.30976867741808,-58.61724373544217,-59.66535167025929,-59.656392065870115,-58.392526406580515,-56.57062469104072,-55.05251322985147,-54.17804653819568,-53.711372180000005,-53.26580799042928,-52.69853749238557,-52.13729976945799,-51.834515731061096,-52.002401731757026,-52.71248149890192,-53.94034437764277,-55.60652134116426,-57.50662760354832,-59.52869337320106,-61.914516589798794,-64.87856318507966,-68.11082655469222,-70.99559425247378,-73.22060077351203,-74.86648511656361,-76.11763933546473,-77.11288554811253,-77.81936497844404,-77.96927046000002,-77.492671357876,-77.01015932769481,-77.3753382895317,-78.65140050820179,-79.95645254977916,-80.50420194513238,-80.40568894032683,-80.16726805624236,-79.88745489704205,-79.3492949344427,-78.64444270049468,-78.25596336674853,-78.38140822026422,-78.52436266604066,-78.10371388530005,-77.16249318324891,-76.03815758797987,-74.89066000504317,-73.92227374289367,-73.51500359000002,-73.91914995095337,-75.07826033255894,-76.46074011823244,-76.53832040223602,-73.13274299013575,-65.66970218979637,-56.58181876545294,-48.86925638714003,-43.43122468082003,-39.40806925468221,-35.1867467123881,-29.670014767391606,-23.599857315998317,-18.58037358050004,-15.050234746157123,-12.285306642966573,-9.612720832397173,-6.809063674660563,-3.955816229775939,-1.53053221
15kg_10bpm,1BC,4.62359724,0.3522354697591998,-9.085560383436508,-23.884122385232235,-41.63130642199403,-58.16252502727325,-70.06004595836714,-76.55339648444432,-79.13522504714902,-79.68137602465393,-79.08202664733203,-77.34010136149266,-74.47517254121743,-71.0591056562963,-67.94221599289072,-65.65873485142944,-64.16825316926086,-63.07445315417414,-62.05755111792323,-61.1245582765363,-60.51056577293979,-60.4851476873848,-61.17378161600711,-62.36012335505446,-63.5364885722966,-64.33243736968616,-64.83397564841519,-65.34281771556783,-65.92907886948349,-66.38009996851115,-66.49747132126276,-66.30836087293315,-66.06647732519036,-66.11421786169285,-66.6573570185399,-67.5979969343224,-68.59994546870772,-69.37531888315674,-69.9461368821476,-70.5946419540118,-71.51510346191301,-72.57131851403808,-73.4294861026701,-73.83863011218914,-73.76729425992033,-73.39237255742881,-72.98202026158228,-72.79097957346136,-72.98975234894468,-73.55479013725075,-74.26718966883814,-74.88862255191623,-75.34968727137645,-75.71713940546802,-75.98431328350155,-75.99980905810193,-75.68772956701848,-75.22170058953702,-74.83454740851111,-74.51674263424928,-74.10387182762211,-73.56947481911607,-73.02985286872406,-72.57434931781056,-72.21520317770238,-71.9007521569306,-71.49559007461244,-70.81893627892569,-69.83438885854889,-68.80915355480751,-68.14706905239628,-68.01454242879781,-68.17859106686475,-68.23014851300134,-67.95897814391725,-67.51773481704655,-67.22996497831666,-67.25175642176737,-67.44416576900036,-67.56458071537756,-67.51230771976931,-67.45057572025219,-67.68678593407601,-68.1325970916072,-67.81767422601483,-65.45117566681434,-61.015519496350684,-56.3794047105818,-53.18463817078645,-50.27594392418628,-44.73727992547658,-35.91038105247548,-26.992915138847824,-21.438670069922022,-19.166795902199418,-17.585742196107113,-14.807695698604821,-10.737838040738032,-6.242548167205644,-2.4784155225449465,-0.37264872
15kg_10bpm,1CA,-3.01289122,-4.21286703433768,-5.191406164820726,-5.51143859207798,-5.2824518336479604,-6.395993563416885,-12.410361056825474,-25.99872450878864,-45.86704376423066,-66.75014271862895,-83.23387404935141,-93.25037037369897,-97.71823811904522,-98.4052703114224,-96.93114602666114,-94.77245927119168,-93.12999102693901,-92.40267987828145,-92.07599667920826,-91.54280850197729,-90.93696362894761,-90.8094808703742,-91.25181062355345,-91.80277623602367,-92.00421371948472,-91.7520725512655,-91.14504057715725,-90.05713672733235,-88.16121547607959,-85.50272885802146,-82.50645437582314,-79.41384135466281,-76.36648471605523,-73.6889053873643,-71.44214392604843,-69.23017263707013,-66.869759378199,-64.68218245671558,-62.914726222272364,-61.37463305778385,-59.86784275204967,-58.62236314342014,-58.07422303454516,-58.34521946563572,-58.92814109478161,-59.015159959347855,-58.33081162492261,-57.434842515586425,-57.09366468054011,-57.587475253933704,-58.65388801172372,-59.8954052368602,-61.054908256289885,-61.91922855526458,-62.24990689799398,-61.98226024449601,-61.341113135620496,-60.74173619253164,-60.40223061117682,-60.06963826254349,-59.45135425601512,-58.74021131691646,-58.55101661600792,-59.2898028954554,-60.65387628784468,-61.98210677542911,-62.99004219106917,-63.84635759584489,-64.7975034258989,-65.86879052297775,-66.77341304879812,-67.26238969401317,-67.60632539257826,-68.43746937095372,-69.88510654378968,-70.99014910826871,-70.30279558294333,-67.50683102440811,-64.29277068931641,-62.62655407834237,-62.37716741746884,-61.8241906521628,-59.96270384829798,-57.52290166323499,-55.68448006365448,-54.090146974564746,-51.45654861044965,-47.787836128023784,-44.24852611835922,-41.54089644560371,-39.058023934042254,-35.12243312643027,-28.659463525895926,-21.047764792634435,-15.519091464575174,-13.950528568982655,-14.521064297520295,-13.570009681686859,-9.747338106100315,-4.945089477028141,-1.77916248
15kg_10bpm,2AB,-4.89790653,-12.604926868773516,-24.012617866211123,-37.761483508791294,-51.41056586607287,-62.77282725195478,-71.06479207662306,-76.79598395814693,-80.86456397689486,-83.80448216607954,-85.63549285317436,-86.3558788745332,-86.28517535137014,-85.78620095814235,-84.90242043246877,-83.27623756873129,-80.48564755513353,-76.6366101188285,-72.43984294684698,-68.65808880292579,-65.57487279079965,-62.88632572323532,-60.14714426199117,-57.444003386353785,-55.364277349765885,-54.24019424589278,-53.83699564933587,-53.77755210710995,-53.813909685415425,-53.75701509087504,-53.5863877905336,-53.5203697891257,-53.67164246948444,-53.85362956335689,-53.911052424492524,-53.927832678591834,-54.011193347624754,-54.166187690638544,-54.44752616955603,-54.921457260616116,-55.43468833095307,-55.72104684958774,-55.70270794429156,-55.542501829346875,-55.593024177456584,-56.282704255179574,-57.75206194538992,-59.61547506476295,-61.300917347211204,-62.63690405837248,-63.93953205294029,-65.51318477224055,-67.26690961394364,-68.91095454578682,-70.3087733666304,-71.47319427900491,-72.44381385949393,-73.34655178755553,-74.32237757715784,-75.28639930360335,-75.90669332759333,-75.88878998075289,-75.37356821593413,-74.9426325079106,-75.0036136843332,-75.34990939531347,-75.54261016162913,-75.52694015140658,-75.63290507111681,-76.05622026394761,-76.53928897514972,-76.68992115305838,-76.47963732413616,-76.12233508281747,-75.7576683606722,-75.53410219495129,-75.49088571376929,-75.27925545779792,-74.47890685311083,-73.32860253640816,-72.71360004698592,-73.01670702523423,-73.08528428729284,-70.92664352031096,-65.97525420858933,-60.260292056838395,-56.00039901728192,-52.23785702143617,-46.25398252216458,-38.176879130956834,-31.150121508039554,-26.877934913346998,-24.024500652892527,-20.804019501392315,-17.00482276520743,-13.55557582065571,-11.03389252119848,-8.94065542593642,-6.4630586304277475,-3.6128349843958,-1.23556065
15kg_10bpm,2BC,-0.29980584,-10.206392114786839,-26.34978711983841,-46.488847841067994,-65.96282987901358,-80.01968340291458,-86.3117991066998,-85.71656811090412,-81.23020645235374,-76.02004641353581,-71.96134380769284,-69.39955821768913,-67.8288216437266,-66.60719293422876,-65.30754398900399,-63.81279026629755,-62.247253480097456,-60.81791278937126,-59.70377293776017,-59.03659006197245,-58.881419058613865,-59.19243672847849,-59.82283621041709,-60.602409709072596,-61.38635828367746,-62.09388469242332,-62.774336044986924,-63.59090839708303,-64.64163506737184,-65.81556741252156,-66.87351714078676,-67.62257005150074,-67.9934856109944,-68.03337515459668,-67.92073189162863,-67.98035738117797,-68.52896442466158,-69.61654636135806,-70.94748644976546,-72.10648296546525,-72.87179738954512,-73.2623749994827,-73.32613132780902,-73.03965061213572,-72.45149772134513,-71.79717498246303,-71.38113390307878,-71.36380267476383,-71.68918461161354,-72.21484885629191,-72.86052794236596,-73.60394696144321,-74.3761736154532,-75.04883113318445,-75.53216852748193,-75.83374224487223,-76.0041875391768,-76.07030239306896,-76.03923419988617,-75.90067283740422,-75.61676193232675,-75.13341463709553,-74.40498043843446,-73.45553185625518,-72.42407115526935,-71.49535877802869,-70.78630164161306,-70.32629614740986,-70.07193081439392,-69.90682139909097,-69.67382323300514,-69.23618413229835,-68.5497893761599,-67.73268833474337,-67.07525663098967,-66.91195108921295,-67.39824172397428,-68.32740754948927,-69.0664021023496,-68.70486960477393,-66.54268248789566,-62.76638522255863,-58.60327441625647,-55.43349238643271,-53.598210762631766,-52.12521557281193,-49.46821717522228,-44.47611753424781,-37.18362480099239,-29.199265375043886,-22.959911396206937,-19.77015897952644,-18.611073400181233,-17.406796907277766,-15.154877715679179,-12.342054439754103,-9.682997693490634,-7.169636870026456,-4.524727055149353,-2.0626817715148764,-0.48224581
15kg_10bpm,2CA,-2.67133,-6.74687244838431,-14.339974502461857,-27.081723907193364,-44.38216145148803,-62.91754817705176,-78.8167003555857,-90.25971814371252,-97.4631489170702,-101.08031534930485,-101.64304738080624,-100.00699634255973,-97.42513668914651,-95.07628462119135,-93.6355779939753,-93.13130127957933,-93.12431346911865,-93.2048797147728,-93.49377000668892,-94.39793062971519,-95.58873756186313,-95.80160564001686,-94.21093044901816,-91.42341226450628,-88.49730924639913,-85.48433910304517,-81.82277827352988,-77.85311561199072,-74.57037006287432,-72.17311748973695,-70.18199925009255,-68.49941482347714,-67.15726650244783,-65.64926208858428,-63.76680632263358,-62.35365085092948,-62.26037472415718,-63.25757439249953,-64.50596843225344,-65.51436887795819,-66.25919570125211,-66.61102183125065,-66.28912203510095,-65.30026062480775,-63.80921795860869,-61.9643888684867,-60.03782591598494,-58.36672052797656,-57.2315871277414,-56.777328296247,-56.861235071909874,-57.13825967409425,-57.35343560558127,-57.35224294043582,-57.000312934324455,-56.35082305717178,-55.80389291358111,-55.970244057136014,-57.269168444020515,-59.47048142857002,-61.719145776873766,-63.14560959997895,-63.699941803124204,-64.18062372361173,-65.16907272537806,-66.34610719560663,-67.00964801726312,-66.96620186540791,-66.7610195540834,-67.03804082927988,-67.88159787247488,-68.82528706833851,-69.32315981338559,-69.19201302429313,-68.90188518385969,-69.26886621059242,-70.32014049567056,-70.66868227133882,-68.71140196621657,-64.67589648021381,-61.010726819989586,-59.63735181475827,-59.26574964097374,-57.27573579302977,-53.26396865552425,-48.969435768067314,-45.45077671376837,-42.278245391891545,-39.517905519616555,-37.76779565669811,-36.61223374473884,-34.7329638287214,-30.522688454010115,-23.456926158807637,-15.755416376126645,-10.995667563474198,-9.977922440454517,-9.37693677792426,-6.027327195241396,-0.8311687841474928,3.09558564
15kg_10bpm,3BC,-4.4163721,-8.200571831304243,-13.030554846569402,-19.98331710931905,-30.060499972372785,-42.950338642795884,-56.563055239691856,-68.11723171625793,-75.88747742777619,-79.9203555125187,-81.26896233416147,-80.97116001651588,-79.75470701089611,-78.1681103513275,-76.56315157200936,-74.94903595438451,-73.1023647415574,-70.93048052479323,-68.65208985659739,-66.60479119330626,-64.96599545669328,-63.68363347735006,-62.59707662925037,-61.61396148885129,-60.82299665816591,-60.46560576290242,-60.733637375170304,-61.5227469919518,-62.43408376737911,-63.066128835680146,-63.30874472447459,-63.36613494787918,-63.519526669440424,-63.861665527930874,-64.2229231337243,-64.3464022118142,-64.15493496312315,-63.84584636415113,-63.70714215905007,-63.866682970217106,-64.24046704071283,-64.68421499744838,-65.14798213294213,-65.71208710865056,-66.49528888141279,-67.5206134444674,-68.66888335044544,-69.72881824832595,-70.49620745243816,-70.8884026602658,-71.01170786666015,-71.1294953030746,-71.49635033867445,-72.17269244286942,-73.01316571278187,-73.82212963247754,-74.46521739647916,-74.90181250911338,-75.22562857649591,-75.6287246107439,-76.22635529101542,-76.91880545478068,-77.50177533048766,-77.87402014933869,-78.04671722520098,-78.0238393592207,-77.78795799049705,-77.35642207395117,-76.76428987195618,-76.02037415493596,-75.13373511000626,-74.17709401390631,-73.30124819515669,-72.66762505178632,-72.3350444556734,-72.20329210197633,-72.08332444691388,-71.82141304117383,-71.29512409407627,-70.30213041485686,-68.54491398350636,-65.85212728610499,-62.60555305220489,-59.870102730331865,-58.515115490287656,-57.83643898213105,-55.56662401507679,-49.979836725669365,-42.00067647949241,-34.66614252204331,-30.224901245155856,-28.089091007556316,-25.853495634285164,-21.98566145024984,-17.13120083928325,-12.987293154104098,-10.420667027799048,-8.833307291370804,-7.100561098474626,-4.768973346821994,-2.30773888
15kg_10bpm,3CA,-3.91793911,-8.240429304035606,-16.814459058981043,-33.81931024530075,-57.41387483775347,-80.20008522610755,-96.55294852387644,-104.68120702466013,-105.42120768432386,-101.88076144665757,-97.41993007000002,-94.08330887088279,-92.73467161758677,-93.4669569614809,-95.19281296111498,-95.8926088372734,-94.75635741690007,-92.50734784771164,-89.87020008845482,-87.34193927585167,-85.32669778000002,-83.45940839580662,-80.68162488989445,-77.00443017977392,-73.63262441025205,-70.99868319491802,-68.44547292591317,-65.51377167722049,-62.887959212871124,-61.78710961719946,-61.970180580000005,-61.75229804149875,-61.093845021873186,-61.40969051889275,-61.77974373678388,-60.781024183515406,-59.55075787286206,-59.534341545008,-60.446653751146336,-61.336113692306654,-61.75891859000001,-61.68336244405038,-61.157234859235274,-60.559297094146615,-60.112472782403934,-59.95559515934795,-60.4079873950071,-61.07006325564666,-61.047810296543936,-60.63724532990293,-60.75090594000001,-61.0102426791075,-60.92790894758713,-61.50482010967194,-63.49548407429184,-66.00879422724446,-67.74211990296251,-68.28561769994042,-68.16148572432022,-68.20533070409508,-69.13604582000002,-70.62636653208037,-71.47305350569961,-71.5346800275702,-71.6954507993889,-72.16931112193426,-72.5492461474106,-72.86528334824722,-73.23668023058042,-72.47991537536083,-69.50270955,-66.4652919474685,-66.02137810272782,-66.31327281925736,-64.49989261788497,-61.524492955184066,-59.372547791731854,-58.121621973757705,-57.4752665715023,-56.61518466493392,-54.87817790000001,-53.54923425552951,-53.09090593709815,-52.497021753051776,-52.0086536478167,-51.99909269930608,-51.52705694061311,-50.24301352011052,-48.63407990908269,-46.92681535655889,-45.48066120000001,-43.89980435128922,-40.26495610129855,-34.58310331506196,-30.07662769202693,-27.39060075016946,-22.680583298758364,-14.816111123921047,-7.543186496284793,-3.3818158368972977,-1.25027657
15kg_10bpm,4AB,-4.50413697,-13.885716014422679,-26.45474346638749,-40.295571870477154,-53.65587969652048,-65.54767212000432,-75.2769729650253,-82.21812458732714,-86.3478007749837,-88.35829672764196,-88.96966581226307,-88.59912620555542,-87.42181703375398,-85.47725578046287,-83.06944104421463,-80.67686706481754,-78.30949228710298,-75.70869904456298,-72.91846121548573,-69.95529466832689,-66.35884051655056,-61.730763169250885,-56.803722530732735,-52.99710641016173,-50.85559683922817,-49.78668991028614,-49.247134908871935,-49.51843061422743,-50.87804294446431,-52.666768408183906,-53.86171423316936,-54.10639050235794,-53.81577505548338,-53.41595967974515,-52.839788887587005,-51.980921496958096,-51.232534672917026,-51.105441392453855,-51.52907743098104,-51.91902010765763,-52.00195090466492,-52.19214943526839,-52.9319774334292,-54.116029588474724,-55.30798432180037,-56.183391754342814,-56.803687687626244,-57.57804742625873,-58.966575792133156,-61.20792293700775,-64.01016776000002,-66.59807630812115,-68.48332868332619,-70.00369492614585,-71.75884322721376,-73.77086861508907,-75.61123406095918,-77.04577161156917,-78.18111344083171,-79.11087773855459,-79.74204626556075,-80.13053591417656,-80.57912326753552,-81.01078215342818,-80.92583398221501,-80.35389392480391,-80.08917998219214,-80.63473167879586,-81.45605812772042,-81.47332872809037,-80.0951495609945,-77.80651623214027,-75.58159335070896,-73.96557496328985,-72.93680461615828,-72.37078731387095,-72.28582363689078,-72.55930031697582,-72.47392787909746,-70.7869699617051,-66.87077052650727,-61.996822001299265,-58.20429798836474,-54.95856742353443,-49.68169652153489,-42.98301072548388,-38.581406225488585,-36.942823788333996,-34.43758476656821,-29.039750199241634,-22.790024318813416,-18.2228523344493,-15.253818169469525,-12.412658195764807,-9.372717078048462,-7.043258719311658,-5.815290771347945,-5.060634559660069,-4.1988310365987,-3.181716445985703,-2.16261661
15kg_10bpm,4BC,3.03034174,0.2871808015604237,-9.013457366473135,-25.162376540660542,-45.32962913910568,-64.82641540513755,-79.50703611031153,-87.48050562968989,-89.27292738004444,-86.93191828249273,-82.85127267345919,-78.8339550885534,-75.65210969216318,-73.17824239030028,-70.9184458159357,-68.55456289355854,-66.18644229142718,-64.19627228846771,-62.90306823264485,-62.35633847638778,-62.375737238829736,-62.69602307877482,-63.06854661557387,-63.315182387596415,-63.356099789304615,-63.170415120000015,-62.771093139929185,-62.26414903521811,-61.859908688308174,-61.76056907204699,-62.030946235846606,-62.55169565395287,-63.097922598241574,-63.49149766591775,-63.713769602519164,-63.911619637550686,-64.29332704943776,-64.98595377933007,-65.94777204139687,-67.00383113284,-67.97095214842709,-68.75732079112493,-69.33430477775299,-69.66180176370267,-69.72040196496165,-69.60915753585994,-69.54842167752578,-69.76576171098063,-70.38342641091114,-71.36996321858285,-72.55138147,-73.67101244971417,-74.49375618015202,-74.91243189467893,-74.96835472243694,-74.7975117612022,-74.57643536790464,-74.47573175036861,-74.5916596024111,-74.90674298273369,-75.32618485570413,-75.72843852984973,-75.97268525662761,-75.93099942746557,-75.59795305961791,-75.14241397204633,-74.77699720254415,-74.57937898805812,-74.47632753875423,-74.34146258366533,-74.04572118833741,-73.48694354621948,-72.66971132267369,-71.73108115437138,-70.81077047658295,-69.94462824,-69.142120145879,-68.50399221540376,-68.17052029020311,-68.09760588228308,-67.86948915464997,-66.7939214349777,-64.40560426881265,-61.081334613728785,-58.021770149456465,-56.198557809479155,-55.07889087537585,-52.6534231443735,-47.191543534016745,-39.16778458385461,-31.206311759649548,-25.758002681447692,-22.899778126621854,-20.75765159192779,-17.90139040071214,-14.692936781670078,-12.189855409523357,-10.406150173019196,-8.286760110405728,-5.27906629905851,-2.21040459
15kg_10bpm,4CA,-1.22322387,-13.931940191231408,-33.67663869204885,-55.60794681677546,-74.38710103216992,-87.25332783748439,-94.32705886870251,-97.04971095353916,-96.9355728315013,-95.34077015623636,-93.69304963835786,-93.30740535949637,-94.58206624553813,-96.49523956279998,-97.39870253298258,-96.44461871414386,-94.18952285201317,-91.98934011313366,-90.78907193340278,-90.42291789823578,-90.0805805625989,-89.2577167710758,-88.05672782488689,-86.70115779801971,-85.10581474643742,-83.06221324,-80.64290696876061,-78.13077573334687,-75.67505368919714,-73.3420842335673,-71.33313305490871,-69.83458638848366,-68.716325033169,-67.45485111447809,-65.48705201762245,-62.970935501224574,-61.12473287642504,-61.23257399663552,-63.161148608103005,-65.32061569527437,-66.23318536362765,-65.66891761056846,-64.21050221939291,-62.309215148482934,-60.014690165329746,-57.45573651973282,-55.268208139952996,-54.2600665239891,-54.71903245225119,-56.04524699903297,-57.09550482,-57.08915301959554,-56.198280716103255,-55.22835702250771,-54.84206671940916,-55.22055350762628,-56.227663854632894,-57.60434200470353,-59.18699852686425,-60.89600840814559,-62.41451697194984,-63.31633904058559,-63.64730004908915,-63.960139194031655,-64.69888099900285,-65.84157316415416,-67.06887167993149,-68.12245938572349,-69.05709756181142,-69.97021983178443,-70.57322704098112,-70.53248423947366,-70.20268642370986,-70.43202106357766,-71.51073590967151,-72.73795802000001,-73.22340647790239,-72.79370230975292,-72.06034819700808,-71.785733304182,-71.95663838392242,-71.5715589652527,-69.75288784884233,-66.97375126351336,-64.51069611712603,-62.57089256925832,-60.36347246210747,-57.913007912582664,-55.46221697502131,-51.51241865576537,-44.53149618716878,-36.038765307947315,-29.044074648888937,-24.045782379268502,-19.292280786044184,-14.020999987207071,-9.428175250158667,-6.5680308613856635,-4.85551969511138,-3.159992157709944,-1.36593224
15kg_10bpm,5AB,-2.81472887,-10.823705452901732,-23.77642849821585,-40.391089210555755,-57.541329012498835,-71.98557943771917,-82.05042238765522,-87.85685885314398,-90.42791278037002,-90.94328960465691,-90.42666467880233,-89.55485453743378,-88.4110663801604,-86.52240845718637,-83.46317395433265,-79.48235182148946,-75.29538207269268,-71.34488858800187,-67.63239850783418,-64.17937436348028,-61.17660149033126,-58.55528976020099,-56.082400399542266,-54.043805740798355,-53.16802894149167,-53.79994583572951,-55.5003572559975,-57.47017542888209,-59.05911846390192,-59.882775200619704,-59.808802734692875,-59.004165052188036,-57.866864870271705,-56.76538476257673,-55.8221803335934,-54.93467819885523,-53.98534802089427,-53.00040206493897,-52.09068397957479,-51.450110049654064,-51.33484814862893,-51.792581754774176,-52.62059697049003,-53.58647517067357,-54.55220860426059,-55.49246361749263,-56.454003516143985,-57.55253487283743,-58.99743218618565,-60.8371708998621,-62.81024959,-64.73676837663221,-66.70645875803041,-68.72899845958891,-70.62064721471054,-72.30954135439367,-73.92333153001462,-75.52849110811731,-77.04750345854694,-78.53223624835049,-80.28344003960308,-82.4058056736093,-84.39802203817221,-85.52000501388608,-85.56287794847103,-85.0677705117043,-84.75921953127065,-84.86864716038245,-85.01578536981319,-84.66001892230517,-83.59071049413946,-81.9894912310532,-80.11169531342989,-78.12391468982743,-76.28780554903263,-74.91973293075549,-74.1328447152958,-73.76384911968397,-73.44986325512832,-72.77503774510521,-71.58773100528758,-70.21997144646143,-69.24565406011776,-68.99015901636177,-69.18085564230512,-69.07900475622927,-67.95691529253736,-65.28849885542888,-60.51205421680821,-53.31331141221741,-44.63503417051293,-36.57521036010698,-30.57401657240236,-26.121683917686845,-21.769845359970045,-17.082763213102265,-12.777686906154432,-9.266512314560496,-6.309454033966414,-3.761700116577051,-1.8149498
15kg_10bpm,5BC,0.27461712,-0.6136904093398062,-5.510687352901045,-16.328473178535383,-32.58297631835263,-50.94969488193494,-66.99231743652346,-77.70963383550792,-82.65658459998143,-83.14011257615785,-80.96218489,-77.7519560554266,-74.6684923674025,-72.22838004663684,-70.3702609675289,-68.73643983055418,-66.99552171823314,-65.06077922801487,-63.14031099878215,-61.62848176349019,-60.88950383000001,-61.03898742133068,-61.88180347201552,-63.029371990715376,-64.09299372278007,-64.86900165832954,-65.42021468725298,-65.97610594812359,-66.71545415166679,-67.58704113299805,-68.29647395,-68.49691091025356,-68.04071956670437,-67.09716674252296,-66.05589985751504,-65.30961076096192,-65.09848625863104,-65.46869074705087,-66.28061091471827,-67.2571541548248,-68.10843133000002,-68.68805625689434,-69.0581083329335,-69.38456362805209,-69.77012057897937,-70.17984378016101,-70.48464707190804,-70.58617129757823,-70.53783055617606,-70.52168445311099,-70.67255092,-70.95142409705075,-71.20429013171366,-71.33417855856759,-71.39791779105659,-71.51829857575706,-71.74045734442208,-72.02307291477858,-72.32785429622152,-72.65759690563299,-73.02847863000001,-73.45920281837527,-73.98469888917535,-74.62590158693884,-75.32432360320159,-75.93381947167194,-76.30474189700004,-76.37442409415289,-76.16884372429072,-75.76422424719372,-75.24744387,-74.64248857091252,-73.8795817820834,-72.91738659055352,-71.87886382086363,-70.98702907733067,-70.38693840846213,-70.07238383197787,-69.90657278674902,-69.62448092538602,-68.84849695,-67.26667242876934,-64.97436853114456,-62.555240554452766,-60.465689562801536,-58.20487879808462,-54.46192652548112,-48.47297142472643,-41.181108712291085,-34.67751665214818,-30.19002937,-26.914279581728284,-23.206557005316327,-18.64180193885398,-14.449300604863472,-11.870487421555538,-10.547138274662874,-8.975774281617358,-6.312623597840009,-3.194809483514444,-0.8049599
15kg_10bpm,5CA,-0.88238501,-15.284539756850643,-37.44678528406113,-62.354711896550256,-84.26067986858389,-99.17540599231799,-105.82408927280797,-105.49760234962866,-101.21910523272679,-96.45666682707927,-93.59585300681832,-92.94901748583636,-93.26820453045208,-93.25302105600916,-92.52395524849807,-91.4991802740226,-90.80398913450402,-90.77915008145172,-91.16524090123468,-91.26488063500015,-90.78080999262137,-90.22377546397989,-89.98836252582419,-89.44589563405927,-87.69007397317493,-84.80975396404187,-81.5429317043843,-78.10485912354616,-74.37541147762411,-70.8021131392407,-68.04687338592058,-66.00891592053966,-63.9850609733414,-61.652850506771536,-59.39503151910254,-57.80250072922189,-57.16979546493737,-57.33467385835287,-57.830361007135416,-58.21585017339036,-58.455707108294604,-58.92990916557147,-59.72574406235857,-60.20371807821254,-59.80114626323572,-58.9471056942015,-58.58923017581128,-59.040068547113854,-59.68737419117396,-59.80121551935063,-59.40976435657183,-59.2233928520268,-59.71690021056811,-60.54063276502888,-60.95437038438619,-60.72954959050626,-60.42983089065819,-60.78730274356698,-62.01749990129774,-63.72980093028062,-65.2499093850887,-66.08004814343255,-66.27328786540288,-66.34558211549142,-66.79083771092584,-67.64490299653573,-68.4942340673237,-68.97039498230971,-69.0839875826768,-68.93855169357427,-68.4668875766594,-67.7238444155863,-67.22764702484241,-67.67893842616347,-69.15290510156616,-70.56461902988384,-70.24895947887704,-67.67122493714842,-64.54019817660054,-63.165887780129744,-63.727861501601375,-64.29029448512456,-63.18794832572318,-60.66038552234666,-58.16394211793143,-56.19993839169953,-53.63771414123358,-49.58063674253756,-44.73023227093352,-40.380943144121225,-36.92906965032083,-33.467563628699075,-28.682415471489374,-22.425782686848866,-16.085138642291035,-11.218485790758008,-8.173081054656114,-6.1127578403439795,-4.210672298255197,-2.4625953363453634,-1.29353298
15kg_10bpm,6AB,-3.30557804,-10.701428445993198,-21.34901684868307,-34.1872178707364,-47.6459592506978,-59.90759515613091,-69.26232645036607,-75.00317593959467,-77.81166567366039,-79.05992606134154,-79.96228929920713,-81.01708934504818,-81.69131599571787,-81.0445354937972,-78.98610682918311,-76.51680675754659,-74.59205419083642,-73.13128746140471,-71.44669701114611,-69.23479614322285,-66.75435843598152,-64.33033735388244,-62.28748625065113,-61.265132188219084,-61.788624240957894,-63.525400170000005,-65.5486966336356,-67.14773404396693,-67.94032662282224,-67.59085732833046,-65.95518234077274,-63.35609936948493,-60.44080775655626,-57.78163646276027,-55.63321717310983,-53.95313843080743,-52.56165083549058,-51.238824613539556,-49.82110211696585,-48.2836009564971,-46.72150302679855,-45.380285805256946,-44.597187291958996,-44.61737872488501,-45.4207822849203,-46.67907450673154,-47.99593031673631,-49.202815073431914,-50.431117051714416,-51.94984001150601,-53.95363204000001,-56.47726320479069,-59.41681998676899,-62.60025493573516,-65.85049947107305,-68.92048121258901,-71.46914844956541,-73.37339928935683,-75.015167943647,-76.86423481205456,-78.88911933033798,-80.75621585052787,-82.29529853100026,-83.448063130953,-84.14092190587971,-84.41490115083623,-84.32397976612563,-83.76085793779787,-82.72062604215006,-81.50442685973084,-80.37730834823626,-79.30020025124358,-78.24726785258363,-77.45660578266423,-77.08744639396294,-76.82936299000002,-76.16388876716852,-74.9708488365733,-73.68969372421445,-72.92708590249948,-72.98088832951008,-73.75196524632275,-74.96369811538172,-76.1750123469002,-76.59914463311446,-75.35508896822029,-72.20093406816946,-67.71163933999013,-62.261497274199094,-55.585572388851034,-48.31536253036851,-42.10531106467966,-37.32180983666955,-32.48956347772739,-26.509236650699815,-20.126852303993555,-14.711140382306972,-10.460260514371331,-6.721012024320124,-3.4107028903695182,-1.09727529
15kg_10bpm,6BC,-3.950007,-10.217455581632287,-20.226481268512117,-33.88058983477079,-49.56602389108856,-64.65569311215965,-76.7023417760676,-84.37156280264414,-87.59012634255193,-87.18536718262841,-84.3756538030324,-80.33785997570135,-76.00817229471467,-72.04461653384125,-68.80136482661428,-66.32065039970568,-64.40920715537992,-62.78775072488775,-61.255250718287336,-59.81953850248525,-58.706820965640475,-58.177767750728165,-58.28129821889455,-58.79063372208847,-59.38436308170145,-59.89734954,-60.3951593593586,-61.0192640612956,-61.79392681559138,-62.59340016340072,-63.2699479384078,-63.77108332404034,-64.15079379567145,-64.51585600281955,-64.97808770112633,-65.62369384097273,-66.47995574805158,-67.48807885181935,-68.49846061295003,-69.31573306413813,-69.80043242306616,-69.96276468453338,-69.96391297451594,-70.00992373893459,-70.21822773667581,-70.56639790945934,-70.95989511896825,-71.35443408473378,-71.8070837060196,-72.39910704016619,-73.11203444,-73.78856753911526,-74.23573144559934,-74.38322933599798,-74.33273290711178,-74.24510790789047,-74.18368269575419,-74.0871822237841,-73.89308819151756,-73.68748452331806,-73.74286243886412,-74.36113932604101,-75.58050966949853,-76.98584859479676,-77.84941698317914,-77.57845956491978,-76.13559830640835,-74.0257277437001,-71.88604323773848,-70.10200001351235,-68.7391262245294,-67.71289686253773,-66.94622697299782,-66.42337765773985,-66.20627158973141,-66.39357259000002,-66.99848768042277,-67.81023598214247,-68.30887907719017,-67.76561925862872,-65.65257580140941,-62.18594298183378,-58.447126574534195,-55.62855015660467,-53.81073957049511,-51.50444662313296,-46.76171963521884,-39.091469861360274,-30.335779849921888,-23.34076227415296,-19.4338425919839,-17.336552633576062,-14.819793240731073,-11.202480205721573,-7.850528779896076,-6.26942797461253,-6.225356211348662,-6.095714334299185,-4.749657437315385,-2.574971985834568,-0.69805019
15kg_10bpm,6CA,-1.01051854,-10.785841306419995,-27.676538770416236,-48.82336822990749,-69.13095711885869,-84.4442049235214,-93.76317109913819,-98.52431984273481,-100.4926960165936,-100.62826764909788,-99.40987070000001,-97.53034203038315,-95.91682185497602,-95.1068960983989,-94.84223871878741,-94.49723179395957,-93.77723330071946,-92.80777038551928,-91.8536881432794,-91.20337305023905,-90.97549245,-90.84493893890574,-90.23200375145625,-88.76095919392488,-86.41151433854013,-83.40282481068994,-80.14835157811882,-77.1200983336314,-74.525539804714,-72.17740181419742,-69.74525030000001,-67.11753078911437,-64.57481929449044,-62.56438731618682,-61.356619351157875,-61.03348872990163,-61.59745232307471,-62.78128887664315,-63.85787978601454,-64.08310523620314,-63.377714610000005,-62.35220975127823,-61.617356172970304,-61.171454131054176,-60.58067974003359,-59.671697949848955,-58.746291368357504,-58.140341135325336,-57.84935027409456,-57.50928584651091,-56.71522131000002,-55.48263655155051,-54.2858828043843,-53.64577148918902,-53.88689616642577,-55.066383695132956,-56.89644735570944,-58.84579750372368,-60.36793533262555,-61.325636946515374,-62.180523980000004,-63.469789284163824,-65.23308800418003,-67.0043639655588,-68.26464066490449,-68.89179468843358,-69.1652727633638,-69.29884567583562,-69.25181030418261,-69.05231271923309,-68.84562069,-68.62540863373803,-68.3649209241625,-68.23308022587608,-68.14875042077414,-67.35658087122356,-65.1355921616141,-62.14486483836894,-60.35880200039059,-60.796081089252404,-61.99832368,-61.70173445047292,-59.32791697041491,-56.22461163824076,-53.72208580045073,-51.84877069129565,-50.35029783008817,-49.376400050545186,-48.63005293896986,-46.870557049309454,-42.92058491000007,-36.932551650727945,-30.475858031053672,-25.112869107433262,-20.90039646131149,-16.67218777029383,-11.778426169689357,-7.0151253613245945,-3.689059136473639,-2.101326106345964,-1.3799836
15kg_10bpm,7AB,-4.26781684,-10.891928205765382,-20.80152190923304,-33.799967768909276,-48.52215257502843,-62.46076457203485,-73.27835350161403,-80.22371710104896,-84.1006890618692,-86.19034262377912,-87.40875030799731,-87.97885786147924,-87.49882602292347,-85.43551686259832,-81.80740761646709,-77.52960139451697,-73.91385540161312,-71.54141231190098,-69.79305497250641,-67.59459926698548,-64.62022760187796,-61.70291964543253,-59.82546084039842,-58.878367841491716,-57.93526190637329,-56.68513681410098,-55.907616709932604,-56.34166096267171,-57.59310677695205,-58.51743960982542,-58.30811134892934,-57.0305411455155,-55.46341484651655,-54.39902847386303,-53.99864353980224,-53.90502636039869,-53.760999316065735,-53.37515311527911,-52.582889403290295,-51.3951233530017,-50.25157643055325,-49.74056129141805,-50.06317078192307,-50.92097082428062,-51.77147313804474,-52.185105546690494,-52.316333152350765,-52.93765078195231,-54.71346513239736,-57.498044455712474,-60.48175304800086,-62.97162516988032,-64.86917869638843,-66.54662520524475,-68.42661679424135,-70.50176357178312,-72.27262716846556,-73.47497286452568,-74.60176306253302,-76.22914240479606,-78.16697487940004,-79.78658416000485,-80.83210616646228,-81.4488637883554,-81.65721050003047,-81.23305256619314,-80.09543944383795,-78.61778598885233,-77.42089788052175,-76.83738446707416,-76.6611535757189,-76.47801612866897,-76.1527376909097,-75.79732386782963,-75.3576108482518,-74.58428392933662,-73.42495579481,-72.18593992026226,-71.27584703051777,-70.91920927965903,-71.12658227144415,-71.8096718960183,-72.77122337893206,-73.64948067389152,-73.97007318706619,-73.37865227424571,-71.86627732952886,-69.5805135737671,-66.10751229687578,-60.25528592326873,-51.56242384844211,-41.687008091800244,-33.06333482855215,-26.482130004858078,-20.873452213729113,-15.14990934614494,-9.607335458585897,-5.2805423067123725,-2.5093546098128265,-0.9024127929313052,-0.08554545
15kg_10bpm,7BC,3.31675181,-5.932662640467634,-22.679264624814962,-44.18204874931513,-65.15381700615627,-80.62208032803568,-88.5358183592313,-89.90610052762709,-87.15966290889578,-82.60761800872149,-77.74944629868729,-73.23722889267304,-69.20658596116517,-65.63153938937707,-62.50104235781821,-59.86608357636875,-57.820041200445786,-56.44651103715954,-55.77068171622705,-55.71489763909087,-56.102932100000004,-56.74086687321618,-57.53198853174604,-58.51092572441118,-59.713208256549976,-61.02646542254786,-62.22467027730113,-63.15603276960762,-63.870080634799876,-64.54661479670187,-65.33392805946234,-66.25164462884757,-67.21461287685878,-68.15318646213278,-69.09832566817894,-70.13214908392243,-71.27135696609083,-72.39833279715765,-73.28458592287119,-73.69539051838304,-73.53382491,-72.93118175152668,-72.19440992350175,-71.64134526831315,-71.44492151521565,-71.57231780627112,-71.83828540054519,-72.03874130523289,-72.09012717998627,-72.09246728878082,-72.28387395012237,-72.89136347361972,-73.93161698965054,-75.09381888468907,-75.83563618496088,-75.7078316349378,-74.67751314895682,-73.16545152069425,-71.76859390504815,-70.89439949694395,-70.58137737000001,-70.5961545705293,-70.65621302467979,-70.60245709780764,-70.39633588113966,-70.01693121129978,-69.45389153108408,-68.75040806688678,-68.00248949329416,-67.3464802727696,-66.91949347082935,-66.7435211240033,-66.6730786969083,-66.53213151897752,-66.25886250490764,-65.91892221531894,-65.64583611079424,-65.57867383371963,-65.81888154095256,-66.34676877481627,-66.82865415000002,-66.5414468429341,-64.78044140659057,-61.640604213535305,-58.29154992844131,-55.989678829888135,-54.55600598558661,-52.09803755592542,-46.67871578734595,-38.50644251988805,-30.269056970244655,-24.76810207855421,-22.186431628450947,-20.246266262217873,-16.929511870834236,-12.389060171497784,-8.179394598274333,-5.2812050499455525,-3.4358607297107526,-2.0617186056117496,-1.04457805
15kg_10bpm,7CA,-1.03897664,-9.042160836551616,-26.348084316617673,-49.60009153275155,-71.78118252558788,-87.81497357168814,-96.36915886635528,-98.57750539613133,-97.37364233087322,-96.11224700329038,-96.17740704041478,-96.47630589307543,-95.58544819666818,-93.38016667439136,-90.64769878976621,-88.43242094590113,-87.6960464242744,-88.39686879515914,-89.21239734306194,-88.85579559941336,-87.21789225906718,-85.08640711597991,-83.19289232669354,-81.51898877334504,-79.34357388772185,-75.92411946589762,-71.26949913795269,-66.1533184119595,-61.9697971851912,-60.697015735299146,-63.336636493429644,-68.13954048876299,-71.73798509620585,-72.19522458926332,-70.36075046980896,-68.54290072701983,-68.0610047766142,-68.15697879658943,-67.41483963830082,-65.50948736729718,-63.172463758309306,-61.25916310533411,-60.07225153354569,-59.43208270605985,-59.30241166927368,-59.9884201579866,-61.45795763014285,-62.85999542298528,-63.254872257372426,-62.80987690620385,-62.615132608748446,-63.31665666704115,-64.20177919365244,-63.99721725378749,-62.719864392875195,-61.90724019185975,-62.584707889670945,-63.81128480495995,-64.23998652426685,-64.00841341235564,-63.946452128764705,-64.10398376266191,-63.76115927428698,-62.82607896179996,-62.49386462064954,-64.06205935264909,-66.91539939061141,-67.8882605237215,-64.52065520482003,-59.28385600591909,-57.075607028063864,-57.96267348639734,-57.62723751656121,-54.453658706137695,-51.53577746375045,-51.03675663710252,-50.60220393342945,-48.42447418389107,-46.21949083478111,-45.19403463164529,-44.40047261588749,-43.264903416965154,-42.23345904429367,-41.52736775976455,-40.59847404268901,-39.32508555127107,-38.597522259373534,-38.80072096414004,-38.94934811167724,-37.56283033008547,-34.05580903509046,-30.050361281592856,-28.045687048610215,-27.863583434093165,-26.62314639084976,-22.66276454893595,-17.18796673890866,-12.014075959687998,-7.639894183774184,-3.9953449752103674,-1.49195846
15kg_10bpm,8AB,-2.88051586,-11.413230172744115,-23.77864277847569,-38.81016444466187,-54.61103062954094,-68.61429811463577,-78.50794349818037,-83.72152119660868,-85.65262972138594,-86.2513987772652,-86.6821010798228,-87.09175126611154,-86.92217824265396,-85.60797767805353,-83.21407824694681,-80.2085405825662,-76.7816932235815,-72.90881864156876,-68.9534501037209,-65.4626768248355,-62.54954017413721,-60.075556796177466,-58.1356469212539,-56.89912885705931,-56.11134285556127,-55.22263332115595,-54.15231726397065,-53.45244718764009,-53.53692753244531,-54.17173649941242,-54.769270701290516,-54.88246893746269,-54.502945237482606,-54.046857000256956,-53.92642198506506,-54.09920211325613,-54.187399188769234,-53.99300486730537,-53.675843874437646,-53.36874138622085,-52.90891843171315,-52.194663170358844,-51.58042266956814,-51.54167532748667,-52.06626064619994,-52.76120882945572,-53.42717208715588,-54.22013123110922,-55.30219544371818,-56.55921150819763,-57.79650302619537,-59.07768979614875,-60.593001891161826,-62.29788004981877,-63.95643344529124,-65.55771538158109,-67.44833351078705,-69.79795025452786,-72.14187362606619,-73.89003908982065,-75.11689985428131,-76.38534157554908,-77.95536682004825,-79.51950719713143,-80.69164649925926,-81.49010882292828,-82.14159396613546,-82.56787282411631,-82.45217878044446,-81.89611610396902,-81.634018809919,-82.26640472396792,-83.46914200067977,-84.20058447483481,-83.64042548308781,-81.95027381769752,-80.14703122660396,-79.08857529469654,-78.68927136600834,-78.28304862281928,-77.46942972466734,-76.31474547260535,-74.87484294095174,-72.82277520081658,-69.57276730797545,-64.6838516506081,-58.29298559358654,-51.206907933607525,-44.00311455163722,-36.58294450083765,-29.450356821463686,-23.557688535913716,-18.74406616375909,-14.002968470270664,-9.201255153822537,-5.418820608225145,-3.393364394762615,-2.4914719470691296,-1.7077125156189097,-0.8799892900518271,-0.36850217
15kg_10bpm,8BC,-3.59982721,-10.286669140736814,-20.958957145659124,-35.13847449794562,-51.000233592650424,-66.1821713522222,-78.65967823343377,-87.03923691444228,-90.60169941918684,-89.61741845397086,-85.50029167309155,-80.26341263211758,-75.59777597464416,-72.24463942571468,-70.01882615003072,-68.31473272392526,-66.62938032236875,-64.79852038710482,-62.94581920102772,-61.30244518569618,-60.06284609028871,-59.32298984196071,-59.06812723149292,-59.1855069408539,-59.50444653528639,-59.892145744283354,-60.325469737431725,-60.83998418690905,-61.43542522330859,-62.074278525519574,-62.75734237941414,-63.523727613167246,-64.34289043454598,-65.07129874629634,-65.56514730978003,-65.83855648776469,-66.089344904121,-66.53265112930147,-67.23253098043716,-68.09200610589814,-68.94017166229506,-69.62034538881824,-70.0378381383396,-70.16350051693006,-70.03824800029223,-69.8012307244915,-69.68897903522036,-69.94014714701713,-70.63429277681887,-71.61174635479841,-72.55952504504856,-73.2065429309904,-73.48008240104959,-73.50717322656243,-73.47668111149179,-73.50046155390795,-73.60363112421696,-73.80919550143679,-74.16039826417527,-74.6460587401762,-75.178333745108,-75.66983662230277,-76.10099817563986,-76.49109923985904,-76.80199598664748,-76.89132536861327,-76.58859636600467,-75.84249477541309,-74.78456953231944,-73.62570367177621,-72.5191893706933,-71.53335325876542,-70.67681754918138,-69.88963978424752,-69.06143817023809,-68.12508705448917,-67.14930634153674,-66.3230293582204,-65.84469672604526,-65.8283066545186,-66.28471160655798,-67.08847735477822,-67.86424870052781,-67.98496829851102,-66.91291856959674,-64.72110946407344,-62.16734653449353,-59.85455171090638,-57.11749672186397,-52.088495334161095,-43.420458153784054,-32.261825621622954,-22.122451459063505,-16.007545578391102,-13.84432461325901,-13.156927251495855,-11.704598027226208,-9.003916910383246,-5.833156399061102,-3.060097302087705,-1.11966329
15kg_10bpm,8CA,-2.00450548,-15.10451695440989,-35.19735151639712,-57.914731843919235,-78.19584528,-92.85237965173225,-100.34608568144607,-100.79000051088623,-96.52160010999998,-91.09336291252232,-87.22364615654314,-85.7074479218077,-85.94995221,-87.32110422894715,-89.65151979288278,-92.32663068422634,-94.05496581000001,-94.24979179990552,-93.79300082493614,-93.8350748359952,-94.24246431000002,-93.67690098239383,-91.18472940029665,-87.38237928514134,-83.74204283,-80.94251798106605,-78.65513863197408,-76.61781194915758,-74.84975058,-73.41036214437987,-72.67352625100789,-72.90443860134688,-73.41776533000001,-73.1676608700161,-72.12881187280084,-71.07499061569641,-70.26580534,-69.38433125092453,-68.38464176326347,-67.49899243998073,-66.55194877,-65.17263886439122,-63.47761483610189,-61.90991487713875,-60.74015775000001,-59.83999189851524,-58.7673589943433,-57.39832962415637,-56.207493760000006,-55.67677535283324,-55.82826853794673,-56.40635616665703,-57.16749233000001,-57.92217661407888,-58.37796835725196,-58.2019352235349,-57.53421998,-57.0415280854448,-57.17990061711912,-57.772892617154476,-58.55656082000001,-59.63540949302295,-61.02530483837218,-62.414739945475766,-63.60513353000001,-64.71901624229245,-66.00077058631693,-67.49965558456918,-68.69265982000002,-68.74354657181559,-67.5753432566035,-66.2457821770387,-65.82886422000001,-66.22779620821412,-66.17859575052081,-64.46484079456893,-61.59314192,-59.65484518314101,-59.34177061880925,-58.54360569311241,-55.321385310000004,-50.6156424621586,-47.171994187141884,-46.03719464081655,-45.54448038000001,-44.28522790877685,-42.55421444518513,-40.96908302632797,-39.971774020000005,-39.634788573770486,-38.77346868382253,-35.67668147842156,-30.188782710000005,-24.405238661498927,-20.559978577696093,-18.343227603099926,-15.217330550000002,-9.791092035970467,-3.6734537864575554,0.435360021215975,1.72305744
15kg_10bpm,9BC,-0.450559,-9.445673647643229,-23.645043362168813,-40.75064957345985,-57.4444282239091,-70.96470870013448,-79.90448090181374,-84.08052915661578,-84.14483312883972,-81.30269981745963,-77.0225289286814,-72.66300552934203,-69.11111147129945,-66.61033320823842,-64.91773920083102,-63.684981387320974,-62.745982741886934,-62.14173060019381,-61.955309828366154,-62.13932878942457,-62.5047772084485,-62.85593100534544,-63.106577811680914,-63.28303401352599,-63.4641841246376,-63.71675373000002,-64.04584234645569,-64.41654080198612,-64.81231966792355,-65.2225675458474,-65.59893923102888,-65.89647671225642,-66.15022964279275,-66.47073985183536,-66.95452389459525,-67.61043441479845,-68.38009333400808,-69.22045087355202,-70.14748889657693,-71.16137881097899,-72.13905332797997,-72.87288231868021,-73.24096881787037,-73.31423872400428,-73.28510351370959,-73.3295258140428,-73.52738178854158,-73.84699793802028,-74.17329899517914,-74.38324546145243,-74.43977209000002,-74.41079636989177,-74.39912918871332,-74.47516860921144,-74.66197634956944,-74.9465968657006,-75.2942317230165,-75.68111201109488,-76.09343100992064,-76.47820105892282,-76.72966120772169,-76.74974691498305,-76.52755327468995,-76.15332179063071,-75.73965151940403,-75.34495178577869,-74.98664433088766,-74.67652443935575,-74.41274348603083,-74.15961178287621,-73.8776671432909,-73.57522737888203,-73.2906483213383,-72.99282343560252,-72.54382375547549,-71.84080086,-70.99095186886622,-70.26052163501265,-69.82916883065614,-69.65272359888583,-69.6105524856069,-69.7123829892885,-69.99853899643652,-70.12460803957963,-69.076598074179,-65.57030892907814,-59.137422738606595,-51.01039555272015,-43.73603330443674,-39.373520402869545,-37.67290105032831,-36.27704656564625,-32.94740116007977,-27.54917137870145,-21.922810599403313,-17.82377008183777,-15.21670177685679,-12.734576923368106,-9.399484719720231,-5.535479847535701,-2.21950878
15kg_10bpm,9CA,-1.31082526,-7.22927684007789,-20.362223310613484,-38.82796976368305,-58.49510098169651,-76.59317230986217,-91.57692167985081,-101.32528213352417,-104.2752029221509,-101.92171421181605,-98.39152542425313,-96.86467875026706,-97.13355454780422,-97.22248120739194,-96.19441246086708,-94.59776217342844,-93.3938308082298,-93.07001356894767,-93.27440843819652,-93.32547648282542,-93.03742977863517,-92.60285093300132,-91.81255922039306,-89.87470958659607,-86.36110951860613,-82.06568366000002,-78.14364382302985,-74.57991409076071,-70.62128952190668,-66.66203998651801,-64.22600137699652,-63.7587579283154,-63.93238534920363,-63.42265647188946,-62.22506009542149,-61.11321584309222,-60.674294419341514,-61.03606165472898,-62.091873592630044,-63.605777986350134,-64.96813514772013,-65.6078897937925,-65.69054920037134,-65.75539539390459,-65.75212129317104,-65.06435884360357,-63.49052996866187,-61.74079893891728,-60.76126824012331,-60.51350388922878,-60.009592780000006,-58.81563579225496,-57.73705211861947,-57.72831155685605,-58.739171440999165,-59.91353639091287,-60.56531819974912,-60.71877936517699,-60.86750270348735,-61.30501214046122,-61.75862780020595,-61.85597532768857,-61.68090942855666,-61.73326470437982,-62.622480710320225,-64.2579785160474,-65.64335012794507,-66.1119385532714,-66.09231798459568,-66.22329643247949,-66.44349117124212,-66.51534879797971,-66.76795804341741,-67.64003172517364,-68.53072106125897,-67.72620577,-64.29815695045588,-59.98645100287314,-57.73478906116463,-57.82511404288932,-57.62757411219263,-55.38463483781654,-52.20142319248439,-49.82224507165352,-48.162016621561555,-46.518637956377766,-45.16689608900489,-44.29616548456877,-43.390941570084365,-42.11164151175775,-40.17413467051295,-37.13977497033469,-33.38940659461963,-30.18086590354006,-28.13006036741839,-26.073111992560072,-22.383007604506957,-16.89383233380953,-10.815634007224824,-5.291202161823665,-0.74819426
15kg_16bpm,10AB,-1.34415071,-9.11657314817187,-20.680004778476352,-34.5901977636606,-48.57783162615906,-60.608214102724716,-69.63858757147932,-75.64900799614591,-79.2492581663535,-81.25957401911262,-82.43396924705068,-83.33804466936742,-84.27439747209402,-85.21900708731947,-85.84680526291878,-85.71551389281865,-84.52217788247904,-82.22738977960847,-78.96616349906186,-74.91334060741796,-70.29104893060048,-65.48532801674912,-61.063844450802016,-57.57049430725737,-55.249419909355964,-53.985696019438215,-53.49973740845751,-53.541276923545695,-53.883021764816775,-54.20413880711064,-54.12130338787369,-53.40939339941394,-52.16555104338887,-50.71865406760171,-49.38248691606075,-48.294748470131225,-47.43720231269034,-46.7539721858091,-46.23186289249957,-45.90071978344527,-45.81136748989326,-46.02286945383874,-46.57779578860241,-47.456765230543816,-48.535350144689694,-49.598720877324325,-50.449946997650635,-51.072122314410905,-51.69750054246022,-52.65109192722581,-54.09371871104889,-55.94150314003692,-58.02856171713648,-60.296555660630624,-62.805529486142035,-65.60275885533756,-68.61052701114966,-71.62170526548036,-74.38910758668104,-76.76586488468598,-78.79285035106099,-80.62522496856303,-82.35656781938172,-83.92519348309705,-85.2058823689553,-86.15856250573933,-86.80743135653061,-87.09120184331152,-86.90044129884677,-86.3764862414205,-86.03558349206847,-86.35165326034766,-87.19452880458965,-87.8421254645373,-87.59454796562488,-86.31686723185001,-84.40961637551392,-82.41517538252272,-80.71320641755086,-79.42580640132518,-78.42706500703139,-77.4629917276124,-76.38209738432789,-75.30155989604461,-74.51744012075687,-74.18516016604521,-73.98942268103232,-73.05559472634765,-70.23326765938519,-64.63819906200106,-56.1316257196223,-45.463649632462555,-34.1587704170509,-24.205046835708565,-17.2304644212527,-13.48946867533633,-11.699745623791404,-10.052584158558156,-7.544236064108035,-4.493173586556205,-1.89086107
15kg_16bpm,10BC,-2.87424819,-11.99645818993669,-24.615914449702245,-39.87004230433456,-55.98146460703945,-70.67324258,-81.87789039286875,-88.38841244759341,-90.14202676980352,-88.06271057857997,-83.62149736,-78.34678515760713,-73.44457091009735,-69.58801043083197,-66.89119408558591,-65.05641552,-63.622438913439375,-62.19819967453362,-60.59213885494674,-58.81990630582537,-57.03907923,-55.469679988209265,-54.32373060221857,-53.7464486409834,-53.775699653947356,-54.333535280000014,-55.25495879666692,-56.33996870535186,-57.407765406107885,-58.338043922481965,-59.086656800000014,-59.670929907094326,-60.13788677454268,-60.53985718637839,-60.93434954517938,-61.39965912000001,-62.03460346478056,-62.920662677437335,-64.06807536737067,-65.3943498406691,-66.76040659000002,-68.03785234113579,-69.1564411198735,-70.10837433002773,-70.92409840074049,-71.63919499,-72.26670826339108,-72.79014687876222,-73.1806204547923,-73.421608886008,-73.52251161000001,-73.51572402829933,-73.43871506659818,-73.31076479583578,-73.12767443945228,-72.88580065000001,-72.60651108365529,-72.3282076017831,-72.07605398174744,-71.84500323874995,-71.61540952000001,-71.38520844218668,-71.18507032524442,-71.05696542205902,-71.00855181669722,-70.98043923,-70.86571829278923,-70.57926176070997,-70.11878031102474,-69.56861412216875,-69.04717389000001,-68.64028995512335,-68.36719806260542,-68.19128756878058,-68.05884178100975,-67.94331846,-67.87693755544016,-67.95729961955118,-68.31283096552109,-69.01846889500158,-69.97273971,-70.76457350950993,-70.60985479581552,-68.48022843271262,-63.489270997850625,-55.42594566,-45.12748500068021,-34.36448779127423,-25.227350293632533,-19.381788176904106,-17.52490718,-19.11409207954498,-22.448864571427215,-25.244648259253285,-25.58680121883596,-22.810197290000005,-17.75973027349129,-12.216795221941105,-7.8509588581077585,-5.3615475396619345,-4.34072565
15kg_16bpm,10CA,0.86941988,2.5875904385659934,4.347754586431594,5.656249378113786,6.295452910126449,5.632734580657371,1.9054466941581105,-7.429040678495796,-24.030481831268986,-46.678027262504585,-70.86509381410785,-91.08606966165765,-104.00690980817939,-109.62746969137913,-110.11093863153731,-108.10357499440379,-105.63993723247688,-103.77156368106682,-102.78111618777265,-102.53590559104693,-102.70881297879009,-102.92154421958216,-102.86185443918804,-102.3282618647003,-101.24107383916332,-99.65504871728037,-97.72931953461787,-95.61314769314991,-93.32492744824641,-90.76141689767569,-87.8547866213651,-84.70513250462209,-81.51511431889057,-78.418194977037,-75.4196281183992,-72.50347378331493,-69.74584513858473,-67.29432848220812,-65.25462998902945,-63.6478440639797,-62.51545197351033,-61.96076346290937,-61.90228002278248,-61.849686563918986,-61.20689066981697,-59.85535256596758,-58.27784523772044,-57.02975380670564,-56.155253917402014,-55.16349351192518,-53.542490900000004,-51.30910583930484,-49.025060469801296,-47.301693320186374,-46.376685899472925,-46.126556115420854,-46.359856920187575,-46.993078447308726,-47.96521914899978,-49.132321161743725,-50.32834423337914,-51.461741790461666,-52.53689932520368,-53.668963227039214,-55.045816465616916,-56.74407631496251,-58.59121882671648,-60.309665918185054,-61.79186031235006,-63.178531437299156,-64.67953582277023,-66.38512672175969,-68.23894846393188,-70.06624617900933,-71.62420372069003,-72.70596847028455,-73.21753135041926,-73.23465231090266,-72.98831602597355,-72.6195035807237,-71.89717307152192,-70.35448203564502,-67.93251198414463,-65.48494092265064,-64.26573916444947,-64.53302981957361,-65.02446541064853,-64.1278569191297,-61.169203088708684,-56.58899772618233,-51.247964728984556,-45.45929895907133,-38.67361999589914,-30.43935853550543,-21.519577586180127,-13.678404944247129,-8.405713808415458,-5.7452061210422745,-4.388737855053133,-3.0370544221001237,-1.4469128
15kg_16bpm,1AB,-1.36079159,-6.330087596809985,-14.843936572641494,-26.52379031959322,-39.906543852012426,-52.835989715081965,-63.24048320328715,-70.09260094910366,-73.86154479306506,-75.9362700086875,-77.57239941686382,-79.31503053102455,-81.10783815752873,-82.65523581768741,-83.7329169849228,-84.39751794438702,-84.88717208090655,-85.20738063052701,-84.93770249797464,-83.64348763738599,-81.4020451831092,-78.73782776454938,-76.09459778121371,-73.53816785078929,-70.92522899754732,-68.16526991,-65.22225953677541,-61.99539688554871,-58.408242419472444,-54.59917139055719,-51.00194103797155,-48.270411252690465,-46.933549082517736,-46.9693245394046,-47.78884754595007,-48.65132673222114,-49.110426785033404,-49.18389053511596,-49.14852243122328,-49.156721739938476,-49.13384303458636,-49.000842086925026,-48.74156896466417,-48.32638853889223,-47.800680399196935,-47.377197048721676,-47.32743937545448,-47.78799821831576,-48.629406960782006,-49.52110646202182,-50.228715339999994,-50.877745481471116,-51.926101491444626,-53.845076287173896,-56.73310116346358,-60.22309888748952,-63.7844359218567,-67.08318207917524,-70.06728442373019,-72.82800826262981,-75.42722585910366,-77.83706276215256,-80.02228417424922,-81.91774010913427,-83.37708979358644,-84.39781906609846,-85.29045092822638,-86.2691032731648,-86.94374708923806,-86.6550471718059,-85.33527350850477,-83.74201482183406,-82.7498414885953,-82.47390835655109,-82.16984443643136,-81.05727710000001,-79.20043168125935,-77.43799852757223,-76.43521037720735,-76.02243304437536,-75.54470285935164,-74.60168179423054,-73.23147314373558,-71.6551538268878,-70.20338408302639,-69.31823826203825,-69.14448856243597,-68.84859502534823,-66.5179664742163,-60.357690998957466,-50.500218774899146,-39.252492141081994,-29.16192037007555,-21.55029652798211,-16.806120089194003,-14.563064773030968,-13.446929811577402,-11.636110782357584,-8.259420452141825,-4.225916823235284,-1.2253684
15kg_16bpm,1BC,-2.03077003,-8.470404114701282,-18.071616111738678,-30.348690144716155,-44.250562530713744,-58.28802646968507,-70.81961879380546,-80.43272218728254,-86.27268460465048,-88.21759487224037,-86.86838187040983,-83.35456886669301,-79.00174174049414,-74.94008496097408,-71.7825900232378,-69.53207116185057,-67.77688287008637,-66.04714664739512,-64.10923199716596,-62.040494797508025,-60.08002554693085,-58.40759549668224,-57.03648401215328,-55.870434710942114,-54.838425386235045,-53.995959590000005,-53.51902982041171,-53.591744478755395,-54.276314879923966,-55.46231045615929,-56.91134035447224,-58.35281935659681,-59.57350902692635,-60.46547223295673,-61.033204376720015,-61.37613092533201,-61.652961291205074,-62.02281281231915,-62.58876149156238,-63.38186769759243,-64.38007896029256,-65.53094699016543,-66.76416283631102,-67.99925310905029,-69.1506391566492,-70.13702853037339,-70.90261813676922,-71.44164894500577,-71.80866344901018,-72.10078583041465,-72.41489584,-72.80416021990841,-73.26479839926041,-73.75798140723519,-74.24273330162248,-74.69684050553009,-75.11978059602177,-75.51976392077499,-75.88842057772398,-76.17812201006362,-76.30303993348048,-76.1758447475872,-75.76615216375706,-75.13714079610381,-74.4271384110873,-73.78681672290854,-73.32030512411181,-73.06302394591279,-72.98463734813353,-72.99602345758768,-72.97687723566959,-72.83821924408184,-72.57537175389483,-72.26168160819596,-71.98931996292039,-71.80848106,-71.71827330914176,-71.70941780992044,-71.79751486850634,-71.9832501217837,-72.14291111974353,-71.93885513194688,-70.8692342040934,-68.51746142597763,-64.89883603376867,-60.614345374610316,-56.51927922746618,-52.98619831633409,-49.40534862595159,-44.59678052932437,-37.94843820209667,-30.234706122212263,-23.25938883166579,-18.571376053580796,-16.366556311268138,-15.45677051263752,-14.219333793159699,-11.71435581238542,-8.146995531786391,-4.460653634459157,-1.56483014
15kg_16bpm,1CA,2.32551695,0.7892128380571495,-3.7397557226449063,-13.289108805473225,-28.85659741272072,-49.086371007460706,-70.23900203680918,-87.93051602804753,-99.4224879828487,-104.64687789611648,-105.50606256124226,-104.4248803598695,-103.18012990265973,-102.43139169065417,-101.95761029090042,-101.28607693509372,-100.21450606842478,-98.92089440509451,-97.77530873881261,-97.1092070013092,-97.07467361498382,-97.61234248963129,-98.45806417301422,-99.14976977368468,-99.14609443316128,-98.09995024624865,-96.08262647729696,-93.53548425724662,-90.9750860262972,-88.65946375378472,-86.43677606476581,-83.88893138599478,-80.66278514645262,-76.78846293523588,-72.7734703574053,-69.3292783632269,-66.9341191407125,-65.58960631237817,-64.92498428121948,-64.50663640798845,-64.05095415597552,-63.39670644872487,-62.367684563356256,-60.76034866398103,-58.501801612311795,-55.75733299605829,-52.84158456372426,-50.08706197795426,-47.78911183519744,-46.150425865119054,-45.214358330920234,-44.86191078487992,-44.88411308668008,-45.089312055573245,-45.37776761178348,-45.74027187450147,-46.235930437517865,-47.02203283576173,-48.31897901733239,-50.21751816808265,-52.51553046826599,-54.8050773726308,-56.726433426288125,-58.11930340357239,-59.03350459541347,-59.67027660048749,-60.260747574361595,-60.94886641131752,-61.72324604595055,-62.41837606279856,-62.830201883253494,-62.8804652264388,-62.72023076258543,-62.67336879368193,-63.05015602225788,-64.00330532284083,-65.48540702897353,-67.25043535306354,-68.92719243648403,-70.19849780338924,-70.98106706468269,-71.47847250974728,-71.9973450751317,-72.53535542223689,-72.45894588930189,-70.72908592846966,-66.73987216447831,-60.981972027803614,-54.53057723890453,-47.80857241640129,-40.438513026154354,-32.37837426168782,-24.61987346939897,-18.460294550277386,-14.36757534370581,-11.778241425424635,-9.746038154802154,-7.6397628018190415,-5.379310536570554,-3.219039843792514,-1.46088224
15kg_16bpm,2AB,-4.99846014,-11.131295178098144,-19.958232914568704,-30.997663510931492,-43.11593290277375,-54.96694487416956,-65.50210183167117,-74.12766529312188,-80.56096810389137,-84.71393657073233,-86.72418202000001,-87.03113692774774,-86.3310806818725,-85.369978068722,-84.65371910876209,-84.19493215107921,-83.52255582153073,-82.08643559994569,-79.77734751962853,-77.04449178195814,-74.43669889,-72.052332112042,-69.48745626982902,-66.29105707227647,-62.47275483860027,-58.628960120570724,-55.5495396684677,-53.62621353377089,-52.625978046640235,-51.97964427681778,-51.24875124,-50.381176673416874,-49.60393389774742,-49.096455887392054,-48.781044365632795,-48.45476981331852,-48.07700914725385,-47.82194638843455,-47.84886158643302,-48.10618625972701,-48.36154096,-48.38489619664974,-48.12937489060165,-47.76008712522036,-47.51292837961176,-47.554925716550976,-47.944949762902546,-48.634629756008295,-49.507689723133076,-50.46889859967111,-51.50406988,-52.67215903141148,-54.05074695535293,-55.661133752573406,-57.437887968845835,-59.3234088403632,-61.357878319942,-63.59183373265486,-65.96461844122321,-68.3603716718572,-70.75184662000001,-73.22647908922819,-75.83111366282147,-78.35904301964226,-80.36606637639693,-81.5320070726084,-82.00178376316221,-82.28656147244573,-82.81769657163201,-83.61498970059058,-84.34089653000001,-84.64470863200583,-84.49449358355194,-84.18580314696952,-84.03255308638761,-84.08296379165756,-84.13841205261807,-83.99445485269405,-83.5794462251006,-82.8836097147413,-81.86476554000001,-80.50337795007373,-78.97789100489602,-77.71945945352395,-77.08920584553299,-76.73925630206514,-75.19377834400248,-70.41220804111488,-61.39516292518117,-49.46954139955492,-37.60856781,-28.360955199389583,-22.639797464950796,-19.860406108487755,-18.550109907851994,-17.10328620114131,-14.548548535003626,-10.925370569633174,-7.022419803520143,-3.7254825090670716,-1.47364557
15kg_16bpm,2BC,4.04362173,1.3914871413486267,-6.210682977728924,-19.345909262917818,-36.83831325212971,-55.85823621320023,-72.85742512413735,-84.9377404603913,-90.89055634137152,-91.34792137751444,-88.13536459772283,-83.35862442233363,-78.68321559545396,-74.99117243028837,-72.40571173547372,-70.57430523493072,-69.02597149476938,-67.4124431361061,-65.5680142080419,-63.4715267881429,-61.22021409986196,-59.027885118421416,-57.176787337282335,-55.89569028111863,-55.2430231170211,-55.09416037248474,-55.23989636207683,-55.513102565867044,-55.852029643745915,-56.273123584310305,-56.79347597392648,-57.36893107479922,-57.89938290071489,-58.29461983340486,-58.542218349839565,-58.71925033539151,-58.938727604636775,-59.281076119818536,-59.76788995746685,-60.390247402264414,-61.15636653104754,-62.108375479093596,-63.28923993713138,-64.68748573535242,-66.20762110092011,-67.69650770464533,-69.01062365269365,-70.07468719861691,-70.88882271828456,-71.48640650867209,-71.89177805000001,-72.12365970924472,-72.2336232942586,-72.32679889670638,-72.53182914602831,-72.93641296518719,-73.53713860922326,-74.23984383250347,-74.9067948051841,-75.41564079239184,-75.69830712770917,-75.75669018106845,-75.66179471881703,-75.5320404935708,-75.48220993293533,-75.55502028069667,-75.68393342486688,-75.73078493942435,-75.58576843428824,-75.25741438594727,-74.878828365894,-74.61639531562444,-74.55063697641498,-74.61997258083743,-74.6509951804435,-74.44955064317752,-73.9139850690606,-73.12253195010251,-72.33896122511315,-71.90091717584716,-72.00561354242785,-72.47560712661954,-72.64364178764149,-71.49471289247562,-68.08042645008022,-62.03144845917599,-53.85844531762277,-44.76348212394346,-36.043006333218045,-28.59686408068256,-22.915765904255377,-19.280968046042535,-17.679727766119903,-17.470742544790575,-17.35443483849402,-15.963289213230828,-12.710941608652249,-8.191296337290689,-3.747922416365855,-0.5727975186854494,0.92155932
15kg_16bpm,2CA,3.9234202,2.3434100217131433,-3.2336903166296724,-14.763184297362326,-32.43222452265202,-53.76721729362988,-74.34654489470316,-90.03678491496554,-99.08149251221238,-102.38719858120136,-102.19139051231413,-100.59150519319104,-98.88227662541014,-97.6273315362493,-97.0231914461514,-97.13799890755848,-97.89816361327328,-99.04831839677814,-100.25918706107134,-101.29476858716419,-102.06543668013283,-102.56005884605192,-102.775859235847,-102.70461906337042,-102.32647226281082,-101.5878054582529,-100.42003787281224,-98.82413944134997,-96.92107308405734,-94.85828963227651,-92.6356938186063,-90.04479697616178,-86.84162562071472,-83.04060849258249,-79.04289841806123,-75.43562815286076,-72.60118044994775,-70.50678696852312,-68.88240775754632,-67.54227918001017,-66.45933125280612,-65.55006931624882,-64.50370537981716,-62.91265279994868,-60.59396642081029,-57.80394263014117,-55.12293639802827,-53.06764723112598,-51.721919920273784,-50.67779548950043,-49.38807342,-47.67774271876801,-45.93839186227094,-44.81038208527811,-44.68432729531222,-45.47785601035621,-46.79233392165588,-48.21798747681798,-49.520516804524775,-50.63980273443932,-51.62578073443901,-52.57222101856329,-53.51707603614968,-54.3713697246913,-54.9539929555543,-55.15102416748448,-55.10274799057116,-55.192740967407765,-55.80850122226527,-57.10083610660458,-58.8927603279958,-60.768345318264984,-62.31614962321641,-63.38926032913918,-64.17142994451198,-65.00971881097573,-66.16637215669107,-67.66471189387217,-69.35002284126472,-71.13643782067163,-73.14130157454495,-75.42207813406942,-77.51970168749399,-78.38126668212092,-77.01633320110916,-73.5145946597513,-69.30350203831607,-65.93956221454471,-63.54655239121131,-60.593837690602,-55.12760851304673,-46.45735374655104,-36.05649223009082,-26.66983411532839,-20.18788006981002,-16.506905030675654,-14.13570489656577,-11.548920769014137,-8.201676455812379,-4.656035974545401,-1.94374811
15kg_16bpm,3AB,-2.83728649,-10.06200852301974,-21.334731034449973,-35.519685946570554,-50.57733765667387,-64.43536777884044,-75.6554122974654,-83.63374097759956,-88.48654696495794,-90.83462780748023,-91.55511798297485,-91.52397957540819,-91.42730300613727,-91.6288005051769,-92.03003138913952,-92.0684049609559,-91.04471346992119,-88.62863361182048,-85.10908291002472,-81.12061316089074,-77.09485217957324,-73.01106968567511,-68.6379493774803,-63.90223420116632,-59.04352486945997,-54.5310986,-50.86785852396967,-48.42545370290612,-47.349969515873255,-47.45356849150855,-48.170497905321604,-48.795728586133905,-48.940182027915206,-48.76861563518166,-48.707710631689245,-48.94513708034253,-49.277282990268034,-49.34850144364087,-48.94750844779866,-48.13304370005542,-47.18546308825649,-46.47847654012713,-46.33288490924998,-46.86127085439124,-47.85317406628897,-48.86322052639383,-49.54903811395897,-49.95959232588875,-50.449825497444394,-51.31529930826008,-52.52743205,-53.81939691252669,-55.023259387281314,-56.32834207254063,-58.15923771008652,-60.70839793967609,-63.58519600942698,-66.00697744807782,-67.3865981940116,-67.75955783660817,-67.69658056195928,-67.90093194166003,-68.87468300301431,-70.73225276900618,-73.11644789066997,-75.37157549737084,-77.03233757055361,-78.23217467843067,-79.58125429323358,-81.58365723314321,-84.11946586996615,-86.49324730804146,-88.03067211509013,-88.61931933846738,-88.6834298448873,-88.72939087000002,-88.98275784614893,-89.42855869216184,-90.07869457365564,-91.05325974393354,-92.38792294602877,-93.88017228352267,-95.08964009271763,-95.28483279784382,-93.32470881969886,-87.84770247046032,-78.09132026736503,-64.99343527227589,-51.4562798388983,-40.9516027136759,-35.424014952078025,-34.31792547630594,-35.133979831873475,-34.915156220779195,-31.88675108624039,-26.264280743043464,-19.64538746982976,-13.550452674829774,-8.540524985649698,-4.554595289586198,-1.54633988
15kg_16bpm,3BC,-4.64725917,-12.452130807736523,-23.636772640666173,-37.529454410901295,-52.498923496916035,-66.31370219258115,-76.86319024334539,-82.91992849802081,-84.50891707569428,-82.70409360171912,-79.06757374215162,-75.0800271059174,-71.7543725634079,-69.46734244094056,-68.00976358701315,-66.84409432453825,-65.47383259728471,-63.73341876292483,-61.82828345566012,-60.121836283141555,-58.8505131462283,-57.99175159150458,-57.35723764183999,-56.78631462551247,-56.26861360739079,-55.926993936649126,-55.91424865631435,-56.31462254445998,-57.098664531404665,-58.13116456329295,-59.220146237968486,-60.18833157283531,-60.93064374014232,-61.42723640404464,-61.713146885137704,-61.835680022999924,-61.83555996578214,-61.760808992723575,-61.684255752763214,-61.69259777821209,-61.853625224568574,-62.19224863664445,-62.69088657421297,-63.30474129515437,-63.9791679560911,-64.66747746286356,-65.34621232568179,-66.01429123645813,-66.6723365830328,-67.30191966869957,-67.87222694735291,-68.37558145586964,-68.85557514734946,-69.39219061566864,-70.05088856525177,-70.83744274167985,-71.6930618023941,-72.52830118214206,-73.26381558410395,-73.85242752901515,-74.28594524101122,-74.59620480012813,-74.8483003039122,-75.12007429426806,-75.46730660698192,-75.88826579038745,-76.32038261445719,-76.6773819648947,-76.89229063200898,-76.93422818647167,-76.7988470344426,-76.49795448587253,-76.06374081005367,-75.55568580917482,-75.05198923403466,-74.6205346542612,-74.293042033061,-74.0744027334327,-73.97502765612039,-74.0016971475732,-74.05929403317921,-73.80093679251893,-72.56424655539186,-69.55057939186335,-64.2506888086188,-56.85426498760119,-48.274070218294895,-39.684639513852744,-31.98237110646553,-25.66118827189439,-21.02566839611627,-18.241229659550324,-17.057233575172262,-16.600772980076698,-15.652477414464444,-13.329588174706851,-9.664568227870005,-5.565636663264483,-2.1572208079426947,-0.07353911205672767,0.7499712
15kg_16bpm,3CA,-2.91096132,-10.446298731979105,-21.772424541066968,-37.19207297053552,-55.43951834459976,-73.76159265008626,-89.11748790043212,-99.6163253939401,-105.12844878085218,-106.86622515553346,-106.47968247845881,-105.29316789668032,-104.01813959227955,-102.88366139711168,-101.89021959711395,-100.98590057262734,-100.14523849413246,-99.39574717517642,-98.80386671413638,-98.40407447441771,-98.09465397607352,-97.61422661783564,-96.69372208823445,-95.27517888878381,-93.59123529647329,-92.04129611023691,-90.93483322913524,-90.24296807130608,-89.54016168230355,-88.21867712206077,-85.86063539342344,-82.5093956581054,-78.64599531041907,-74.89042537712459,-71.6641988504454,-69.05052053117976,-66.88681572064856,-64.976020481344,-63.27041989441774,-61.92143559981908,-61.17312925830951,-61.14015340879039,-61.57388712095143,-61.84176907343075,-61.28950048108608,-59.748749519540965,-57.69312261381459,-55.864627884429474,-54.727121021664765,-54.2348993941136,-53.981861917619895,-53.47956704756013,-52.44865521213406,-51.04962015209021,-49.8254324077361,-49.291767932467735,-49.52909870937967,-50.16890847675841,-50.735085871942395,-51.01010626037585,-51.156673253445284,-51.51947629274166,-52.24524150312497,-53.09602864159248,-53.72964790194358,-54.143295947114204,-54.73700670659594,-55.966467541381824,-57.99897728285067,-60.63819566967076,-63.442570809829654,-65.88292441777764,-67.53196729661886,-68.2651432901453,-68.35132619555414,-68.35115995921413,-68.85912372413931,-70.17419170494249,-72.00158998531644,-73.3706221292975,-73.0594888453031,-70.53858456327585,-66.74718327148221,-63.73766204866227,-63.0798423451764,-64.42043238739235,-65.68731371421525,-64.67473079883072,-60.46760785630274,-53.738992975825965,-46.013465958191645,-38.559622942065005,-31.796075997885694,-25.651168573622908,-20.25304598011132,-15.912164608992429,-12.511404971666849,-9.461109728927136,-6.340921609400048,-3.3249897405472675,-0.98669056
15kg_16bpm,4AB,-3.91536886,-7.811752035808351,-13.631930977893083,-21.566741840861052,-31.330409339821845,-42.16071792100166,-52.98754287255817,-62.722471021752554,-70.63028247388289,-76.61435158921346,-81.1360663551842,-84.78172076920772,-87.84361410523267,-90.23358514223226,-91.67968407684927,-91.98840828081485,-91.1716666458895,-89.35792516153704,-86.68470535105097,-83.40525707628738,-80.01063654685844,-77.02657938655518,-74.64031432454598,-72.56409305817505,-70.23133780300147,-67.15613027686844,-63.26147505390758,-59.019027896932876,-55.29027955914622,-52.900026393250286,-52.19581819642259,-52.8870305069952,-54.23812893201149,-55.4586462966171,-55.980371581653515,-55.534362944316065,-54.18261082860175,-52.29386882469303,-50.37131624050574,-48.81298774570594,-47.73746256832572,-46.96476970801026,-46.23456988466479,-45.49708168530015,-44.93560637326929,-44.71602689318422,-44.801798443270584,-45.04344236719873,-45.4038078219855,-46.002814211800704,-46.94258525000001,-48.16660340439739,-49.52253940101717,-50.93739686048741,-52.483772991005296,-54.243043883222356,-56.150184903106236,-58.06283471546244,-59.97143197295277,-62.036598847864425,-64.39224880135623,-66.97747062553684,-69.59633566720103,-72.08402176953996,-74.33252072136457,-76.20662728538007,-77.59333366629345,-78.60032438168739,-79.63068317370657,-81.12325119923759,-83.1170823145697,-85.09630153486458,-86.39665633246355,-86.80461271689316,-86.6710291875882,-86.46781191730551,-86.34641735907553,-86.0822020982049,-85.32111838264912,-83.9023726176344,-82.05547586362879,-80.30553572053945,-79.10779745313611,-78.59115217481148,-78.704162523146,-79.39639238378174,-80.21883131588031,-79.58540371181083,-74.90990295325754,-64.32861946888328,-48.89201588542843,-32.84547742858697,-21.016434336008135,-15.64371832424272,-15.40613653097365,-16.8349403656493,-16.64377465581476,-13.50469668183874,-8.399847407474276,-3.5210956245432556,-0.56107379
15kg_16bpm,4BC,-0.94687576,-1.3167133620424514,-1.3456463689583942,-0.6968589302223207,0.9046297737290239,3.4109881911516777,6.132170317698503,7.548124826045652,5.486581545992052,-2.1835695191538185,-16.472641778017504,-36.310320502981156,-58.381259152452024,-78.14993668041595,-91.75599889191392,-97.64199716358812,-96.8061751595515,-91.75776634884956,-85.18005683097296,-79.07571724908848,-74.47389132000002,-71.49166983391667,-69.62714581005656,-68.18087921556715,-66.6223209451807,-64.75339750561392,-62.65783818114437,-60.55157630769405,-58.659347348430764,-57.15323502071417,-56.13284702825638,-55.62868432772854,-55.61715900137489,-56.027224824582675,-56.73274279071638,-57.562704663380465,-58.36215699547217,-59.076445790579015,-59.771036526596546,-60.53666723992385,-61.37221498000001,-62.16791346102647,-62.79725843385081,-63.229886418634415,-63.577529139194375,-64.04708102143472,-64.83163559449345,-65.99224846975747,-67.39783686760894,-68.77637055850224,-69.86107143219569,-70.53875350214089,-70.88889878829853,-71.08839433633968,-71.26751445417355,-71.44451762375932,-71.58564129494252,-71.70351036169379,-71.88651264256701,-72.23955340002313,-72.79433050000002,-73.46458089057722,-74.07580417630928,-74.43972017999084,-74.42296878700593,-73.98677523034296,-73.20637058755504,-72.26939856828758,-71.42654141584077,-70.88036753159574,-70.67827783774172,-70.70184428053257,-70.76203822197951,-70.7167450248288,-70.51136687484403,-70.13713501729133,-69.60075543504819,-68.94504090297589,-68.26926353282097,-67.70729182570723,-67.37763420000002,-67.32828645589856,-67.48082104828273,-67.5954946055359,-67.3141440903065,-66.3278456543959,-64.60388234829792,-62.43404515345706,-60.06227962852821,-57.05807987740399,-52.224460245918586,-44.605707873641656,-34.821317020248586,-25.22395084208353,-18.35726198895836,-14.992544953415898,-13.639897896104166,-11.968364990759865,-8.75620830223028,-4.63365140848463,-1.15565215
15kg_16bpm,4CA,-1.06401584,-12.421657911605072,-30.030031369990255,-51.850550429043736,-73.9199789401361,-91.98164787064347,-103.39897964756668,-108.05214126056482,-107.82243115967698,-105.33672582546181,-102.75758155963148,-101.11261173060193,-100.38441046270194,-100.08694415572272,-99.76026348597235,-99.16216679637371,-98.31328963876112,-97.45625281975047,-96.86783130079398,-96.63119815246792,-96.59735751725779,-96.5429089708277,-96.29963848367599,-95.76369982361564,-94.89042336674632,-93.73016249000001,-92.4293623007294,-91.1013104122063,-89.65262715189617,-87.78359491988067,-85.24477576618348,-82.15215051730989,-78.9700630214665,-76.08692902163905,-73.49954765120168,-71.02066711007267,-68.69922299817844,-66.85053213594297,-65.61715057411486,-64.65323092042249,-63.424353510660275,-61.80288806301948,-60.21877891125076,-59.16728839611915,-58.658692287339946,-58.180172693405844,-57.14420497096134,-55.383408540524826,-53.27808100138927,-51.44751232222765,-50.30208424000001,-49.83517460400679,-49.76759212836872,-49.83936521303002,-49.94208321444982,-50.01714406103712,-49.98449321421727,-49.87182037697202,-49.93170295358819,-50.51476418317105,-51.79401775289698,-53.60415545253132,-55.55227920654177,-57.33251610673129,-58.94925012106737,-60.61085323630823,-62.418834890844764,-64.20385893726072,-65.66523818159257,-66.61735516176016,-67.08740896968105,-67.2479796104372,-67.31067622621406,-67.4174729475529,-67.60933826604256,-67.92897395,-68.46879757037777,-69.17893665146808,-69.59493915210149,-68.92493933896233,-66.71942407549822,-63.64043626938619,-61.3047076216817,-60.86549393125577,-61.741517090984495,-62.019885146411866,-60.04019766594789,-55.496209946271655,-49.378482519952954,-43.132370216668704,-37.60534977080512,-32.558218344071086,-27.314377849163908,-21.90815407671196,-17.181116916858887,-13.700098330522815,-11.073695167721322,-8.469200685344234,-5.585157282288776,-2.9114149097246873,-1.16834097
15kg_16bpm,5AB,-2.95499561,-10.459919695247903,-20.638306931171176,-32.77371081692879,-45.870403979414945,-58.67907982358904,-69.8625891058577,-78.39945746326627,-83.96263340178355,-86.99163756927514,-88.38436072913899,-88.991180076329,-89.2922367134033,-89.42943267502899,-89.38444990760169,-89.073876870012,-88.36663890609937,-87.12043672291907,-85.2683736113435,-82.89109479381406,-80.18379653687671,-77.33680234103278,-74.41334588573994,-71.32890238739394,-67.99599711398221,-64.50375953000001,-61.12699820336887,-58.1488875936839,-55.69236786258248,-53.73750331181343,-52.268992629850175,-51.32026996495922,-50.86956595175071,-50.7866803283618,-50.90478843956537,-51.05529244411951,-51.019829162084896,-50.587777136376815,-49.74894989521259,-48.74323063313964,-47.83455839022548,-47.06376472847751,-46.278189946632416,-45.40083653294191,-44.61063397750378,-44.240387191885645,-44.51154398687764,-45.33425068162583,-46.32154344566399,-47.0338545028509,-47.30121937,-47.36893910399407,-47.72753607680213,-48.75776368702063,-50.51193504748234,-52.80763267515959,-55.445110745646076,-58.29168338970073,-61.24514659621764,-64.20451674568517,-67.07168528583007,-69.74238316597224,-72.10914736158973,-74.13038902011945,-75.90058183843676,-77.59877472342174,-79.3105006074218,-80.87910570031733,-81.96833295450207,-82.32139921936212,-81.9876891614913,-81.30762924840809,-80.67120893603067,-80.26834631964596,-80.06394886674963,-79.98121738,-80.06136849343606,-80.42666190488202,-81.10238364071894,-81.98406948609158,-83.06525106161777,-84.59475431769329,-86.80264591088107,-89.29231400406078,-90.56175961581076,-88.20634635940763,-80.15216853055989,-66.49103075923678,-50.40101842553019,-36.722258584925626,-29.011722268099014,-27.567284259426355,-29.692778116560625,-31.580960688971974,-30.470101016148373,-25.85273118846218,-19.131036068194543,-12.26742325235792,-6.668935908002247,-2.8790156881704747,-0.74017266
15kg_16bpm,5BC,3.40673774,3.2569108385364576,-0.42825927054566926,-8.891445582885131,-22.23095978982091,-39.076642060804666,-56.86977513571514,-72.6770694692648,-84.15937199833462,-90.24566636020526,-91.25586550314642,-88.5210359835768,-83.77750986678087,-78.61213976376749,-74.1109115229567,-70.74938792401885,-68.48471553478338,-66.95576374663567,-65.68850004351286,-64.25811146139189,-62.4095363750769,-60.12923245575253,-57.637975304015534,-55.293855203761176,-53.44827317119052,-52.32496704535663,-51.971033674416915,-52.285207174696616,-53.09101077446404,-54.20880775929623,-55.49495786791221,-56.84121734596348,-58.1524644210759,-59.336512195710334,-60.32067570497232,-61.07528648452974,-61.61952215080652,-62.00623968605733,-62.30006425705568,-62.5647486822603,-62.86040689171118,-63.242937254299875,-63.760516769389945,-64.44590601320269,-65.30583702586564,-66.31146892252869,-67.39937860253066,-68.49087964848256,-69.51949528858232,-70.44946474018545,-71.27553365622936,-72.00649073367802,-72.64783996984222,-73.19757354318268,-73.65987304468982,-74.06078343780004,-74.4413536350264,-74.82610639495316,-75.19302168653863,-75.47736223515696,-75.61607287524386,-75.60646053913,-75.53476522666303,-75.5440716885353,-75.75406780190886,-76.18388709205848,-76.72960588353128,-77.21096330349286,-77.46075692566038,-77.40433771974553,-77.07784170467893,-76.57717731213505,-75.98171171870511,-75.31569043530106,-74.5763178260919,-73.78906993155103,-73.03169910748393,-72.41110180995244,-72.01248325871667,-71.84177838409269,-71.77849010317169,-71.56355842116524,-70.84851393803822,-69.31449207630851,-66.80393482470194,-63.35883909624678,-59.09630529491351,-53.989276533415236,-47.828249236594296,-40.594023825123415,-32.95823781277817,-26.271098213212444,-21.82047755081532,-19.930530812426642,-19.661943162675353,-19.346597331566297,-17.574154859687276,-13.979325266848228,-9.331342945064575,-4.917464295102004,-1.73334899
15kg_16bpm,5CA,-4.19368386,-10.109486803229878,-20.582725423006703,-35.81912104788313,-54.19143416815667,-72.57806489768393,-87.71607832696901,-97.65570323496456,-102.3766535789071,-103.36828442895315,-102.54312834094961,-101.21570290468992,-99.89425324260057,-98.76741791433197,-98.03049328059718,-97.75231447883587,-97.79648134665096,-98.06295997558057,-98.6366624594773,-99.54942400662442,-100.5070473198939,-101.00490499749357,-100.71878098389013,-99.7492530315398,-98.46499640766152,-97.12428768159359,-95.69886756615742,-94.00887861071644,-91.88452298853156,-89.15794927230947,-85.69206343422216,-81.6321189431633,-77.54251727759528,-74.04941612111293,-71.28507854033,-68.78826989027455,-65.97693144764382,-62.68105956561611,-59.28813238828424,-56.463837782212174,-54.731319195938056,-54.195334654708105,-54.53836333419881,-55.22190483463829,-55.75211793147085,-55.91605157248161,-55.8185726825344,-55.67864956473841,-55.666017436574016,-55.93406739690772,-56.620044410000006,-57.67473054934575,-58.75820373360411,-59.452968457920306,-59.62330028888413,-59.4979521617815,-59.36112138497647,-59.23425919023119,-58.91330921856822,-58.25872113689397,-57.37299503931681,-56.524958303034595,-55.98738003333546,-55.95724853112953,-56.51763916160269,-57.58621243124334,-58.93103950824749,-60.292733875238596,-61.496431664306236,-62.50310618004043,-63.409966486769825,-64.39861752734095,-65.65149614697798,-67.25074399177034,-69.1151619002677,-71.05151664904767,-72.82412738851464,-74.13621362258058,-74.59097095704001,-73.81561376333774,-71.8303211154091,-69.33397375675368,-67.32110349658329,-66.10586563316167,-64.9512123137627,-62.82995226982658,-59.24887060251688,-54.55416674997233,-49.81737081047949,-46.295323116085164,-44.43452820206335,-43.02226750934952,-39.72466816714567,-33.16709178298272,-24.510559026430776,-16.444330164860474,-10.840265765134868,-7.634908012204131,-5.386012451787396,-2.9059220418937994,-0.37308016
15kg_16bpm,6AB,-3.33420282,-11.812221386083841,-24.32631697985737,-39.638958055104276,-55.45353234220242,-69.11461558142472,-78.65946669873453,-83.79720683358515,-85.92580967191131,-87.00075731038875,-88.24459708087295,-89.7324785268704,-90.88272031724323,-91.16461661012514,-90.44933038521853,-88.90989656722536,-86.74946121131678,-84.089063640528,-81.01441761497601,-77.57612081860375,-73.73591128930677,-69.43012696591246,-64.75689698848402,-60.11226789324843,-56.11601126163092,-53.308578860475485,-51.87761544651072,-51.614032817905795,-52.04331977579959,-52.64204757460518,-53.03939829090121,-53.11463607696198,-52.99319999484424,-52.93014870453186,-53.08197039711456,-53.361440331336055,-53.523688638943064,-53.381301444478545,-52.93241259771972,-52.284057062704605,-51.49422084791533,-50.52884587093207,-49.37960280673618,-48.22744867172874,-47.4285599493627,-47.27126119898712,-47.73889141186618,-48.51865353258345,-49.23450377707689,-49.710365619838676,-50.07301867000001,-50.65291758867547,-51.78206490116534,-53.59180928576422,-55.91665433511978,-58.382604407040624,-60.63851376681751,-62.55638838768372,-64.27332410285612,-66.10243547376206,-68.34611978348391,-71.05459125626777,-73.9360278273642,-76.58548088591397,-78.81100817042011,-80.68760257280493,-82.33131024167622,-83.7017329916959,-84.65539955941424,-85.16633436595461,-85.40728440452621,-85.55768410956568,-85.551798789186,-85.10276007699173,-84.04398049506834,-82.64887976878742,-81.53514295947369,-81.14797339429424,-81.30529671784429,-81.3088524863192,-80.57749333138004,-79.14631115586035,-77.50941689946872,-76.13399819056892,-75.24912562303038,-74.82154480232086,-74.38185925506568,-72.84716584394678,-68.89580994704815,-62.002361232034026,-53.19974687317897,-44.44128335081509,-37.153172236106194,-31.701348170231952,-27.64083752355515,-23.917786124055343,-19.387606416374346,-13.703782313285485,-7.763339900235803,-3.0884547930483346,-0.55626289
15kg_16bpm,6BC,-1.06933739,-4.470045018187711,-11.475590120864975,-22.276428559443556,-35.79241984736989,-50.0153634592929,-62.827387671514785,-72.77543251253661,-79.3610096738995,-82.80791208654533,-83.63467457893537,-82.37970400881342,-79.57510238708805,-75.84309760074215,-71.9322777620528,-68.57997573763357,-66.24330947128588,-64.91343272638113,-64.19936110969466,-63.62676200372463,-62.925875876821095,-62.12045301318653,-61.40449562183048,-60.95566973173799,-60.8315202088019,-60.97101359999956,-61.24643699098767,-61.52384939059868,-61.71953947602396,-61.839618189258644,-61.97527480705318,-62.2484870409764,-62.73813211430672,-63.43033595763884,-64.22135394797343,-64.96691321506741,-65.5500443195399,-65.93344587472946,-66.16918683912687,-66.35940713455999,-66.5978302156264,-66.93380291085226,-67.36897662842203,-67.87332807202161,-68.40816154671798,-68.94425615130437,-69.4658637603287,-69.95945339824057,-70.399688526868,-70.74930059710753,-70.97883968364934,-71.09875537073349,-71.1723283354818,-71.280388455459,-71.46789624845123,-71.73558703486982,-72.08059925326744,-72.5237189839963,-73.07718678651851,-73.686581303485,-74.22281779023326,-74.5536605533976,-74.64341500365737,-74.59419581481443,-74.58266431577223,-74.73368153687962,-75.03203041863776,-75.336721163875,-75.47508786574694,-75.34130278734688,-74.94205752812053,-74.38346479159549,-73.81823513962851,-73.37808122426472,-73.13062367569852,-73.08060233877376,-73.19380050770333,-73.41908980007616,-73.71384787558107,-74.07380787059783,-74.52462838147254,-75.04166826796077,-75.43192710047374,-75.25440990626825,-73.85647925731628,-70.56550905896835,-64.98261785831939,-57.22802766251372,-48.02080852418998,-38.638969851862946,-30.71688344210904,-25.647210332512493,-23.75001715684104,-23.914065646188195,-24.150335936270736,-22.725352129401116,-19.103359423844918,-14.081775821081214,-9.098954111078282,-5.3066201134283375,-3.07371285
15kg_16bpm,6CA,-1.64233398,-15.80653844,-37.36050272,-63.29742721000001,-88.14345863,-106.31139148,-114.91258229,-114.89925194,-109.92208562000002,-104.05612782,-99.94590126,-98.1800993,-97.77261497,-97.26903029000002,-95.90644233000003,-94.11214436000002,-93.00069222000002,-93.34408531,-94.92294330000001,-96.71875664000001,-97.62487438,-97.04974253,-95.09632621000002,-92.44417939000002,-90.02262138000003,-88.49535100000001,-87.85016992000001,-87.46019452000002,-86.59868975000002,-84.94547925000002,-82.66550155,-80.11879377000001,-77.56704903,-75.11245779000001,-72.79889231,-70.64297113,-68.58347885,-66.57427151000002,-64.76213212,-63.41258749000001,-62.56163475,-61.84907011000001,-60.87063066,-59.68751771,-58.789386500000006,-58.570438360000004,-59.03686982000001,-59.89034622,-60.63892852000001,-60.789616470000006,-60.20851369,-59.25379696,-58.43677228,-57.98431189,-57.76831715,-57.54485442000001,-57.1662642,-56.66330429,-56.227055350000015,-56.05155441000001,-56.1423351,-56.316142479999996,-56.40430829,-56.4644558,-56.77341571000001,-57.57750217000001,-58.82496853000001,-60.13875967000001,-61.12153107000001,-61.7544463,-62.45140805,-63.64868552000001,-65.34126235,-67.04963393,-68.25322503000001,-68.85385784000002,-69.24862134,-69.94853964000002,-71.04052630000001,-71.96495367,-71.84782511000002,-70.21221983000001,-67.58447066,-65.27316481,-64.04797146000001,-63.22991531000001,-61.564858740000005,-58.480994630000005,-54.25272830000001,-49.35314697,-43.92259417,-37.77383165,-30.922261220000003,-24.202704290000003,-18.83530595,-15.120921000000001,-12.15770621,-8.999332500000001,-5.68446243,-2.9640414300000004,-1.39409035
15kg_16bpm,7AB,-2.21158466,-9.99456568191679,-21.006563720815798,-34.158724088976804,-47.763057947972904,-60.02401386386876,-69.59659999599761,-76.01536787337001,-79.72132978629385,-81.67831978313944,-82.87490337216121,-83.9523754465853,-85.06173080469236,-85.96010264706574,-86.27357796891405,-85.73431020692253,-84.26520430378011,-81.97211041181181,-79.1205259726268,-76.10422064235192,-73.36765689898813,-71.27023290919989,-69.91650082786087,-69.01104634454313,-67.90347927007313,-65.94786301949158,-62.978719815437096,-59.54270121829309,-56.64485621384871,-55.12463369556686,-55.169427604931926,-56.285671218662856,-57.588560762869484,-58.214938853643076,-57.72523494218273,-56.249463664032945,-54.269805547445166,-52.28742769278605,-50.61855980303512,-49.36741778328729,-48.487356585662965,-47.85279125802545,-47.33875171540083,-46.90815559528895,-46.65066964476716,-46.72466982737961,-47.23550937141371,-48.129725087729945,-49.19417117660212,-50.21531869384238,-51.163677616025204,-52.18245656826928,-53.430238168379994,-54.98571674229647,-56.84693259899534,-58.951258922742085,-61.16774618414738,-63.324897149561444,-65.32802704591367,-67.23619099935345,-69.14870023222758,-71.03947050374106,-72.82380159648314,-74.56993528676871,-76.48526447487745,-78.60873103140649,-80.57173911092647,-81.81038217258134,-82.09110214833174,-81.75514212433404,-81.37354490213973,-81.20748876823147,-81.07986136762449,-80.75510132422338,-80.32405149386086,-80.09653613125028,-80.2057093859642,-80.51061922035015,-80.8629477229632,-81.19081532199581,-81.2632138125338,-80.70665970257694,-79.46738579742572,-78.10750842178919,-77.47780990229602,-77.8760179423102,-78.2379121305,-76.16933817245443,-69.28546659860899,-57.27218856341877,-42.89241711948916,-30.482679751249346,-23.154932574226173,-21.132791092886382,-21.920649437338025,-21.957707897343386,-18.96002564257597,-13.31808143868526,-7.30685564550044,-3.0033998735242524,-0.93391615
15kg_16bpm,7BC,3.41173756,3.5645878896631156,3.16319154966261,2.7665382379989256,3.0079206873655746,4.087827427071283,5.434476833508619,5.727240082682341,3.2551983706444725,-3.510803172481689,-15.248637931455729,-31.268600980046685,-49.47491474825829,-66.90363606212318,-80.63734452719336,-88.74918969411773,-90.89786059535392,-88.29070067613372,-83.03225168874079,-77.23165267236818,-72.33342503273585,-68.9009659929243,-66.78726340613619,-65.49472036827228,-64.53091963343235,-63.622355634905546,-62.73259547013965,-61.94707215443216,-61.35636004396269,-61.01681491514446,-60.97021012304533,-61.2518109850137,-61.85026809961144,-62.659184274452336,-63.48850957428904,-64.15234085531004,-64.55449613299861,-64.68753569570718,-64.56958292932332,-64.21227658826874,-63.65603645330798,-63.020750861254264,-62.49648539292463,-62.263544149329725,-62.40895047947511,-62.897270968360054,-63.602764623639416,-64.38501567348058,-65.16682516954403,-65.94971527236237,-66.76434381777611,-67.62404809050787,-68.52860325640401,-69.49603501775024,-70.56486077081048,-71.74596744062585,-72.96424645457857,-74.06252967657387,-74.88585999526458,-75.37215303067423,-75.57106903031693,-75.59707422648614,-75.563586321899,-75.52380583084305,-75.44236895076816,-75.22838488720339,-74.81343246861316,-74.222260046541,-73.58845577043455,-73.07164318979669,-72.73031403333835,-72.47222343746039,-72.12181912590903,-71.55071961867871,-70.77124530995506,-69.92462354963205,-69.1868418097057,-68.67257797014587,-68.39916253096487,-68.31859363046775,-68.3708370772452,-68.48911218906443,-68.53832122266581,-68.24797480608987,-67.25196867853879,-65.27282339306583,-62.31425211601977,-58.63837877918921,-54.40168713949116,-49.24686877512852,-42.50188261028662,-34.13348176604032,-25.513144458518273,-18.850941798910018,-15.494776030591213,-14.723638438133836,-14.29047385637647,-12.243773925015049,-8.385859118179724,-4.111558576937305,-1.00511982
15kg_16bpm,7CA,-2.84183647,-17.03291731204306,-38.03397853524326,-62.03122190134417,-83.75156613539414,-99.14124322936891,-107.06541571320768,-108.9403634866922,-107.19777551604804,-104.04860839885112,-101.01603301032046,-98.97264784244489,-98.2985505208588,-98.9191954410824,-100.30787240040276,-101.65900288696602,-102.27543255434554,-102.01340567850153,-101.39795888988672,-101.1035407219202,-101.22318979315392,-101.13788096785008,-100.13168563313333,-98.06610341923239,-95.41171871525161,-92.70750774618108,-90.10854233873917,-87.44390024949745,-84.54598186014191,-81.42219970400934,-78.1821730880358,-74.92153723252063,-71.72339524223702,-68.72489968786786,-66.16356298304324,-64.36297842506158,-63.570196776833946,-63.71288282691991,-64.30710909285465,-64.63129343701083,-64.09038425904046,-62.5155929087841,-60.17389073480967,-57.55747889062913,-55.09396136283114,-52.91434259776703,-50.93431894910978,-49.186769241971156,-47.94900352142936,-47.49281013518387,-47.80035308797643,-48.56177051724845,-49.40529483601879,-50.1034585355261,-50.63104252855964,-51.088202989393814,-51.533622789137205,-51.901662294735004,-52.14934277915343,-52.476548152887794,-53.28740663250543,-54.88537857402753,-57.27032806010678,-60.1985047644344,-63.25804446812759,-65.92693196026693,-67.80413633728996,-68.83858904342209,-69.27044694574313,-69.41478380964031,-69.5462978090993,-69.86184999750799,-70.41758950557974,-71.07930331411347,-71.58195354342195,-71.72085941752175,-71.54227436722596,-71.35337192463113,-71.4962051211332,-72.04827701172137,-72.74354241398044,-73.22170879353956,-73.36955206666033,-73.39257411698246,-73.49595098617256,-73.46346289095497,-72.60130744636939,-70.19304440548893,-66.08283373235102,-60.676467526211034,-54.21070301391655,-46.592484764859975,-38.223300854933576,-30.169900472520816,-23.39386123451024,-18.21455904157654,-14.308405977346304,-11.036049346741073,-7.913133796894612,-4.914576166487399,-2.40361641
15kg_16bpm,8AB,-4.51161442,-14.165292255928538,-27.373343028946852,-42.441076881115826,-57.01708138259674,-69.05406219970831,-77.50976616155675,-82.46982511013032,-84.81893926031692,-85.77825353521305,-86.42146827779176,-87.29183136870859,-88.33134926476095,-89.10886957258121,-89.14991083579838,-88.20361059290839,-86.32277426955305,-83.74276472781233,-80.727227992207,-77.53241678117516,-74.3928799126728,-71.3843060259359,-68.29352589677532,-64.76157433982628,-60.67956048071152,-56.477219500000004,-52.96144731724339,-50.75512926552434,-49.82045375527519,-49.54693052742463,-49.32036278263541,-48.96710845507988,-48.6801521745616,-48.649623683407484,-48.843039952310306,-49.09056727100516,-49.2964168715238,-49.54306358436777,-49.985980531364376,-50.64066479002861,-51.29881115541915,-51.68045853514823,-51.674932249368176,-51.448202813267685,-51.31842002422814,-51.50672745545286,-52.00596403022165,-52.66536708369977,-53.32484734769068,-53.87207955211362,-54.284321150000004,-54.68839819548346,-55.33156477261629,-56.3965318635547,-57.819798662629005,-59.33690237966967,-60.704003105807274,-61.87833971599793,-63.040705347777866,-64.46157806467728,-66.3188783064484,-68.6117383926347,-71.21306669593649,-73.95891344869901,-76.64524607182389,-78.98742191464962,-80.72295254594654,-81.84115171556016,-82.63152893987697,-83.36801123900547,-83.98996342442946,-84.14011408882169,-83.45969161701223,-81.88019585709225,-79.77067817484438,-77.83203453000002,-76.70022309133107,-76.50908172259541,-76.79095568196053,-76.8273585703117,-76.19221939336893,-75.04166959964098,-73.90945023212299,-73.2199798408043,-72.911199443564,-72.35468025237239,-70.5805423823276,-66.78121210712673,-60.88132697451435,-53.61513591412693,-45.86531519965456,-38.23222848654925,-31.469263108929727,-26.4864626398735,-23.40295592960378,-21.11365409749167,-18.18420202941175,-14.080254285790607,-9.413825143958467,-5.198568560388022,-2.0902975
15kg_16bpm,8BC,2.52186129,3.540590736847697,4.631958150803207,5.620987174219954,5.881097803859932,4.213509966651633,-0.8910455921507245,-10.604068189257292,-24.99276548402004,-42.56263599434409,-60.485938410975116,-75.57914989139387,-85.57096716553299,-89.90179828798863,-89.60696750506249,-86.51768102927213,-82.4006470315058,-78.45559058487248,-75.21092251832239,-72.68070717139501,-70.63104720771163,-68.81605501783365,-67.08804110412854,-65.38525972454165,-63.67897437100086,-61.96214636101195,-60.28485838928019,-58.77578613736116,-57.598053190253296,-56.851108145419225,-56.49316958812117,-56.36049005794046,-56.2714812778459,-56.12739700624875,-55.93853857580771,-55.77873717503783,-55.72962915552603,-55.85323354860712,-56.17764004006482,-56.67800683676259,-57.273441980558125,-57.87074495464287,-58.43316321555483,-59.0133451874149,-59.72218138093523,-60.65600940249663,-61.82829643118317,-63.14486003494468,-64.43422840242667,-65.51291488008161,-66.25399765935866,-66.64054822013055,-66.78825786876665,-66.91342928696409,-67.24201028495465,-67.89857381142647,-68.83579333592537,-69.85362220674908,-70.70160744697687,-71.1995445195848,-71.3144838429267,-71.16212727100391,-70.93519084458852,-70.8026720492353,-70.84345911277325,-71.04314563352551,-71.33465301165666,-71.65106530815045,-71.96614990729881,-72.289238660918,-72.60855729591947,-72.84101364294341,-72.85734957324274,-72.58650005965971,-72.11421845432156,-71.67064598394384,-71.48896373004166,-71.61866322457499,-71.804191319086,-71.507690688224,-70.11319020916702,-67.27823203106938,-63.25141415110716,-58.82947574167866,-54.76550255619362,-50.99666701674606,-46.54309659513807,-40.48187600569236,-33.212461756798675,-26.65818672731793,-22.944374200626825,-22.666330988752403,-24.336839528093364,-25.453780888605213,-24.225698684968624,-20.58784338263632,-15.850595316066343,-11.501136922796752,-8.246521952802794,-5.949149498427925,-4.20444441
15kg_16bpm,8CA,-1.85198728,-6.799798210564907,-14.54619544563965,-25.835768868815162,-40.34317742318999,-56.40382203779735,-71.5827370215412,-83.7715159422656,-92.04161729812212,-96.70269480856416,-98.75662530929422,-99.33033980869726,-99.37786054752208,-99.50609615312554,-99.83964680012909,-100.12112222863523,-100.08109517450949,-99.73247679486796,-99.32056008443192,-99.07187945365081,-99.05566586082777,-99.23105696498648,-99.50670479107336,-99.72396724139692,-99.66424810639087,-99.14772072388291,-98.14051357470984,-96.76427744474613,-95.15922878545936,-93.30963984015581,-91.03418648326343,-88.18517617969319,-84.84119587076094,-81.26271164853104,-77.69170747961275,-74.26533071444392,-71.12589543286049,-68.49643470613994,-66.52041342047119,-65.04090032244224,-63.68517413715515,-62.236694335630965,-60.8596505858062,-59.91423705579937,-59.55468404918635,-59.553244004584734,-59.53882601334032,-59.28353185450617,-58.666144320184884,-57.55908604684708,-55.99681509196074,-54.34589140841632,-53.038379746324075,-52.13314568232957,-51.316917941430155,-50.339415247385105,-49.3068537858363,-48.52636386518551,-48.16765682102736,-48.15610820737452,-48.343127859173244,-48.69715937798615,-49.34818663436062,-50.50701549359203,-52.29732725087524,-54.57637399286706,-56.96881675587652,-59.184110222645145,-61.240982991069714,-63.30890306239279,-65.44341367150118,-67.53501657060175,-69.37022436585328,-70.6674489433703,-71.17800630638195,-70.9265403958613,-70.32512475371026,-69.91561077680143,-70.03169006073145,-70.7361670748457,-71.91290999608988,-73.29139774099922,-74.4311108601381,-74.78951953210534,-73.94643462967431,-71.909477420673,-69.22483159226337,-66.4996572374196,-63.514757584462046,-59.313797964044426,-53.60709250254622,-47.4117785076755,-41.86251240939191,-37.00285573359998,-31.97962667278362,-26.05743476827961,-19.405249203686324,-12.990745349287698,-7.859201681801112,-4.4562423547506915,-2.5027287
15kg_16bpm,9AB,-3.70251003,-10.174715017948769,-19.705884042647725,-31.64013836992839,-44.492855207383556,-56.41707509645208,-65.83739077127919,-72.01588686596182,-75.29227381259031,-76.82532147746709,-77.96873012392953,-79.60716614651695,-81.80176662742224,-83.93451268051687,-85.24100787225842,-85.34458486692085,-84.4205624222154,-82.95374424391444,-81.34717375327112,-79.69449905826066,-77.84029711022166,-75.58502841334857,-72.86800490259452,-69.82608200774604,-66.70747004516524,-63.75683564437143,-61.16137839618487,-59.01855530749037,-57.32131520857191,-55.9908990162526,-54.92080250932379,-53.992725889424065,-53.103495948559406,-52.210485670616656,-51.32160935896389,-50.44538351518408,-49.59652872967303,-48.833323446500856,-48.23054912729219,-47.812138218752075,-47.528915503190255,-47.282090941553136,-46.968298596388934,-46.54998547080373,-46.10982854132362,-45.82206668840005,-45.874926177500754,-46.40347748810556,-47.42666639736013,-48.791203698682885,-50.21294538000001,-51.4618701013844,-52.53595134327992,-53.64851020953142,-55.070526328317875,-56.98572281500431,-59.409564954813966,-62.17357184381729,-65.01702375756803,-67.74487529017394,-70.31540672391205,-72.79891990563844,-75.28037118793985,-77.78464220811286,-80.23504596240228,-82.42142254785759,-84.0355980903499,-84.91342033171176,-85.3276971591522,-85.89786138693938,-87.06824220792303,-88.68357988297421,-90.09453829109992,-90.63082042849273,-90.04673041722029,-88.69765258806262,-87.34614552850617,-86.67629195227383,-86.78551376094556,-87.04247291912085,-86.56022505774145,-84.98732503105813,-82.94295200138684,-81.6005707878728,-81.52415477084219,-81.57235871503688,-78.95856513973064,-70.85925538487257,-56.84000915541262,-40.18620069352594,-26.20319698951322,-18.400496426738577,-16.327022077999374,-16.773604189325578,-16.50873550996322,-14.204697168749444,-10.565350818451778,-7.079159566506619,-4.629185672921062,-3.0786704786066705,-1.86832371
15kg_16bpm,9BC,-0.78109596,-6.086401274304285,-15.152621010878335,-28.034859220180053,-43.72478803507193,-60.19191954933718,-74.90079727838842,-85.6488270318382,-91.2977285636126,-92.02929644590206,-89.0862530085112,-84.22304614826355,-79.11379447171889,-74.89803478268983,-71.98722567844845,-70.16299590325005,-68.8789873873341,-67.5991783594806,-66.0276033942186,-64.16987603279588,-62.23773969400043,-60.47230094762461,-59.006273405670505,-57.84656206949323,-56.949845778572936,-56.30093851744131,-55.93346935442643,-55.8900616213134,-56.16117423489993,-56.65758959680104,-57.241716926302985,-57.79444016018785,-58.26922072648461,-58.69459659843439,-59.13165960825103,-59.625280307305566,-60.181154005309885,-60.77213033432872,-61.35923277093447,-61.91264626707105,-62.42537904981045,-62.91862402298452,-63.43998499065632,-64.05100070794926,-64.79819272365519,-65.67790393443644,-66.61924135810818,-67.50089169745914,-68.1991418068036,-68.64739460556665,-68.87840909429602,-69.02375705198942,-69.26517596484601,-69.7573118504517,-70.55628504608369,-71.58606089888436,-72.6646231390619,-73.58956140422988,-74.23889353669435,-74.62195209161838,-74.8509390369445,-75.05949694041098,-75.32529164411676,-75.64336562098154,-75.95263367486805,-76.18890666480203,-76.33514888850716,-76.4368593021134,-76.56783728707845,-76.77246535657363,-77.03873527949163,-77.32312592564385,-77.58826733472492,-77.80415331880305,-77.91761483278651,-77.83822755550575,-77.4740326153204,-76.80961651031696,-75.97592990362249,-75.24370101070735,-74.89640298262722,-74.99741607642352,-75.15142418749336,-74.42852319577794,-71.60292446176064,-65.71787678186719,-56.7397799603192,-45.8640895321414,-35.15796132796337,-26.705960236080486,-21.794320190216666,-20.546711139886945,-22.01415626672991,-24.530107980676163,-26.245475149296567,-25.77680752146048,-22.739464623591253,-17.847521761770768,-12.453004757446232,-7.813855001372163,-4.56663201
15kg_16bpm,9CA,-0.09170846,-6.996982610258947,-17.870896834213585,-32.656577079459744,-50.37709073672386,-69.04191570890346,-86.12994066089102,-99.53022236470959,-108.26479478223672,-112.53473631270664,-113.34816710477166,-112.10813907234463,-110.20138747084582,-108.57437475537891,-107.49664810786919,-106.72464852890562,-105.91061133181766,-104.90906473313608,-103.81394661463325,-102.79157559186066,-101.92874810159854,-101.19290493469484,-100.42266506929148,-99.33567432380362,-97.63794145434824,-95.23244483050121,-92.34745304991851,-89.41182899379105,-86.73482599717715,-84.25346101048426,-81.61426605880013,-78.566721099256,-75.27769459439999,-72.2198836590406,-69.73351391524507,-67.70089829152354,-65.67264744426203,-63.3330579843562,-60.85754466338908,-58.7828303355511,-57.4854282999258,-56.81489766908453,-56.269244994392764,-55.49995126828011,-54.56760602116123,-53.703561078675136,-52.97712145226851,-52.266131952839174,-51.42206070270072,-50.40720093248235,-49.368107120000005,-48.60133388867623,-48.3746426332706,-48.760684197040035,-49.650377895974565,-50.863148038392,-52.20309969380769,-53.48782112839573,-54.59855771287909,-55.45742679878073,-55.955186354253726,-56.01844465317915,-55.77820341944359,-55.596175994801115,-55.88476481483718,-56.87298750907424,-58.498235812549034,-60.49500821383086,-62.55585462645058,-64.41043137733249,-65.85809793072154,-66.82653433523726,-67.41234244012325,-67.82345936063783,-68.23747652422517,-68.71746962189164,-69.29498456974008,-70.0968560163833,-71.26547722362916,-72.64062003642958,-73.55398645948993,-73.11042189294197,-70.86572041263209,-67.37198306635699,-64.00027745595801,-61.925610432758184,-61.20448822589232,-60.88090960932041,-59.66622553319426,-56.45701598339696,-50.70926584020304,-42.852830282308645,-34.36323688607019,-26.938463631140564,-21.424119334744198,-17.61848655411732,-14.65580475018176,-11.58986249270304,-8.07210231182933,-4.570507358236712,-1.90129276
7kg_10bpm,10AB,1.15320114,-1.6820934276115036,-7.548455808211096,-16.766683019951124,-27.543655992884705,-36.683613388711564,-42.08921094105064,-44.061561004052116,-44.08483153670851,-43.09669486292706,-41.21831480520936,-38.65209393791187,-36.135494697061496,-34.30797853602362,-33.15481304853703,-32.253812349935906,-31.307008150843448,-30.323785675384823,-29.434865540502308,-28.7692887878258,-28.513444689850115,-28.888336689871256,-29.916668825868108,-31.215411132637566,-32.184127067863535,-32.53097475,-32.40455305566803,-31.96678792558318,-31.1836750401134,-30.074047310247018,-28.85711549800605,-27.730644157238565,-26.712419096016028,-25.816606189722773,-25.199917720692376,-24.974720869886553,-25.04094811670423,-25.236306190130325,-25.49874856935985,-25.74334932172703,-25.75026863093863,-25.37237507835671,-24.771105601264097,-24.247002686593277,-24.002204719255943,-24.154760518365503,-24.717058948113316,-25.5378096377309,-26.413039276086586,-27.234519203193205,-28.085923110000003,-29.22805294923591,-30.828453447102618,-32.60546585919848,-34.0180702559468,-34.972368726012185,-35.94947534001059,-37.29932638027924,-38.791280820225246,-39.93762792789257,-40.471552793382486,-40.442906440116246,-40.113388078906425,-39.82338794848602,-39.77374354874247,-39.83141292409282,-39.66470327597653,-39.11785153370455,-38.34677675559303,-37.62535801449364,-37.272339159212585,-37.57466952311075,-38.407064217262594,-38.94072827854128,-38.20188337455125,-36.246230440000005,-34.40523778865719,-33.90198799591842,-34.62393207861501,-35.70885623318146,-36.30587375062589,-35.512623205701786,-32.84958121290186,-29.211235355582094,-26.374171751823663,-25.280699624530953,-25.298323878510388,-25.002108637729158,-23.407563176417693,-20.695685478606887,-17.923811000361106,-15.957218616222102,-14.82954992620986,-14.094519341972415,-13.342981547342077,-12.162967047792408,-10.004895225532813,-6.777363070358397,-3.4341737560576817,-1.1635394430169568,-0.17488427
7kg_10bpm,10BC,1.34886848,-7.459122354481912,-20.473462057687907,-34.340113673052976,-44.74855943920922,-49.09953071356664,-48.03074348839656,-44.367176590242885,-40.82534123590867,-38.621594459802296,-37.56500657744125,-36.891864525081644,-36.00511961924375,-34.756160239324885,-33.333973900028155,-32.01442119498056,-30.984998094338003,-30.308325127561783,-29.955881299648954,-29.851617317487534,-29.90586698355042,-30.04091255470875,-30.208699882681117,-30.376091716283106,-30.484117460819675,-30.452438890000003,-30.24135804451935,-29.89706647440446,-29.526221888327022,-29.232513368758234,-29.079563294678575,-29.10577577698198,-29.33914551767818,-29.77784670203374,-30.372408168989836,-31.045140326352303,-31.73436974118905,-32.410864858878426,-33.051979691236745,-33.610092699898416,-34.00499781799619,-34.15423846116169,-34.02429805020509,-33.67678317047534,-33.28981464464177,-33.09605699189786,-33.23885426027149,-33.65829913739332,-34.13051241342825,-34.43496386674604,-34.49738609,-34.383989934677345,-34.187302812543436,-33.95850652987106,-33.741296151807695,-33.60836331314921,-33.619476950491844,-33.756318128385885,-33.92718353991593,-34.06278375544484,-34.20223146214004,-34.4404175902774,-34.792886233375306,-35.15599157677989,-35.38157859181279,-35.344196723071605,-34.972771009857766,-34.310673293538144,-33.55620512674179,-32.96438915295418,-32.67541258299812,-32.65410627425041,-32.765624542624835,-32.88140354221217,-32.95066663531265,-32.99113032000001,-32.99207993061029,-32.859270004343685,-32.49169067760141,-31.87049202109228,-31.06196722356142,-30.200825122571857,-29.494678131113755,-29.164515020182805,-29.252270454458504,-29.39415871570692,-28.80371842785798,-26.669311461250775,-22.821379137352213,-18.053094370310507,-13.587714903094788,-10.24251825680061,-8.256705681319561,-7.556325234736844,-7.727078601413399,-7.992619713913179,-7.61248994213901,-6.29224526031356,-4.261782049587811,-2.1291252902756552,-0.58066336
7kg_10bpm,10CA,-0.32990119,-7.776237700047693,-20.660350595874103,-36.11487715840028,-48.437784115070926,-53.87283646147738,-53.4493478265528,-50.753584309502315,-48.50207438608265,-47.42497895029086,-47.033468296457386,-46.710055536505536,-46.18398764945891,-45.43033008861948,-44.60316115166612,-44.015390468685204,-43.85169455023789,-43.89223372818179,-43.705396219662305,-43.097307758567254,-42.21020403515309,-41.15703891354605,-39.76867331464271,-37.88225707213729,-35.81322454040031,-34.184065609523756,-33.18385980935831,-32.40024559595777,-31.462900846369667,-30.497718109833478,-29.867438346887162,-29.681205672257327,-29.740651352978386,-29.803034885892476,-29.74530723091487,-29.56760180943239,-29.282503064340258,-28.827701280258527,-28.124922668213973,-27.240720820235172,-26.498845173466176,-26.338478553722215,-26.921087047567955,-27.88590120829189,-28.64287978437773,-28.958241630512404,-29.110651219927327,-29.437164987547828,-29.932772749438712,-30.36198962153286,-30.535365624228472,-30.38702688388794,-30.06314721827481,-29.98767029149812,-30.530922443964958,-31.600338739909084,-32.74840191868745,-33.614946069894835,-34.2042970823226,-34.73872381089954,-35.257710265581665,-35.537833105599944,-35.43616440333244,-35.062372244567285,-34.62989073397327,-34.305791078305624,-34.12229120522101,-34.001448728037246,-33.954877521072234,-34.09672866226213,-34.187873035144506,-33.48576288755335,-31.69792453710377,-30.00366009042574,-29.942343609264828,-31.127585605163624,-31.61459863792887,-30.28817196126147,-28.062905790110964,-26.733234339762728,-26.75586127424515,-26.897970951493736,-26.208976002150596,-25.109931732211656,-24.392254131199607,-24.205423939461852,-24.277705345600637,-24.285271060652857,-23.813747487073247,-22.45515794896097,-20.253229865420508,-17.969904831008307,-16.435654335194965,-15.675281782208469,-14.951511145472152,-13.489703999842725,-11.191395127263638,-8.500639042005796,-5.870561013855295,-3.587063777351856,-1.83763286
7kg_10bpm,11AB,-5.05763799,-15.689616782510011,-27.9149449436028,-37.67680600447612,-42.81508015440268,-44.14398237986942,-43.858346676626276,-43.38518313497894,-42.87176656709181,-42.02162203034709,-40.62158189849433,-38.485644141514044,-35.64147602212373,-32.69610568437814,-30.60097649633684,-29.817891929057694,-29.890867479404548,-29.987650703843286,-29.769831975761107,-29.476910755066946,-29.373760268652916,-29.403134346395326,-29.306733397852604,-28.99723391736772,-28.676514427107005,-28.594184071504927,-28.777022866162405,-28.969334002536197,-28.895837045723315,-28.51059266414163,-27.952675876396086,-27.42213278895672,-27.083771026353013,-26.93821190832913,-26.783070016965144,-26.416877460024164,-25.881193799462853,-25.426155700473824,-25.237053440342258,-25.29233705829445,-25.461136664866128,-25.663235407534025,-26.01339934474985,-26.743641238332337,-27.885357022610304,-29.155297013839917,-30.307148760867776,-31.4080249915864,-32.5592480768185,-33.65135769856791,-34.5784638943649,-35.368082520520666,-36.12276321336564,-37.03862929183581,-38.250135635716234,-39.59099257853773,-40.71379813324941,-41.40863417018213,-41.64706247515063,-41.49121835482702,-41.05718897403877,-40.39891143501714,-39.56599557234961,-38.930229933027924,-38.82498450105124,-38.745416102657195,-38.03690917345855,-37.015864579512396,-36.52439182016015,-37.03223750464661,-38.11107368584934,-38.66252819432753,-38.12104749298718,-36.80281146757728,-35.5455453854207,-35.15486804834467,-35.529162101338514,-35.73749837514934,-35.00965182888034,-33.49692830490361,-32.170151876023986,-31.848987749469092,-32.14799423795175,-31.679004225903036,-29.78105186002177,-27.40443131212092,-25.78186709596725,-25.177595413469938,-25.291243565988314,-25.764961896588186,-25.915122724028937,-24.870467723659164,-22.38597585375062,-19.223327136606628,-16.581729297626158,-14.941370304229476,-13.603311717920496,-11.615121939949283,-8.894431024641085,-6.153586234637705,-4.05254948
7kg_10bpm,11BC,-3.58335699,-10.254083267033874,-20.080346716327334,-30.976278709980416,-39.868711715305764,-44.51143656961066,-44.83550021133497,-42.706347538295674,-40.23927815510581,-38.394074513241335,-37.033588891602925,-35.76974120097469,-34.49734515984472,-33.36151378565543,-32.50185654011366,-31.89564134430342,-31.398235289587067,-30.904766380511195,-30.422651856667343,-30.001755505395444,-29.654283867701487,-29.381069068890078,-29.191844964548547,-29.052863694183348,-28.895406257192406,-28.709840761319548,-28.583808858771945,-28.625257758406367,-28.85744771655406,-29.211505247501364,-29.60088473073865,-29.982981669934045,-30.41256870668767,-31.04102798245794,-31.979829769176845,-33.13390713392886,-34.20059602002046,-34.87030177524382,-35.079096600439826,-35.03843092618274,-35.00220262846711,-35.04064769935158,-35.04259440252357,-34.892464834573325,-34.60058801201338,-34.25674914471619,-33.92830811128386,-33.66257959739905,-33.539141697736405,-33.63545160654263,-33.919146533927965,-34.21284005628051,-34.30336486893039,-34.105947992927334,-33.75170769677651,-33.49048940089814,-33.45129154486814,-33.53388925040764,-33.588226697771056,-33.616596743786765,-33.72306331977415,-33.95407770506008,-34.24540179637696,-34.48646858177634,-34.60055198562939,-34.55854573369531,-34.35476405349236,-34.03465319429902,-33.72719089557651,-33.57642298810514,-33.61457573453524,-33.71120008774119,-33.68292791581226,-33.44284448972846,-33.072971665286765,-32.75634039024652,-32.61833707787779,-32.630380303003164,-32.66325667872172,-32.57717467862523,-32.26769817969174,-31.6860590177625,-30.746522368718974,-29.15817584880238,-26.59904489481803,-23.320589517752268,-20.2776196890477,-18.165487367908703,-16.577602965074135,-14.692969568962322,-12.59179372735045,-11.1226599164403,-10.504101818329092,-9.970299454839916,-8.889184517049724,-7.4920649246148585,-6.333309323876725,-5.551236314929677,-4.800203133827628,-3.6586979419772043,-2.12827807
7kg_10bpm,11CA,-3.47367471,-11.92088705615204,-23.021161901207535,-34.46272238248264,-43.43810858887264,-48.31592762785668,-49.562135637975935,-48.89967467233867,-47.80150291599098,-46.94327561854514,-46.50629453164497,-46.46227079064263,-46.66195968856199,-46.92882672293646,-47.123950960196325,-47.11900924947159,-46.828096900606425,-46.293237766418926,-45.661543533328434,-45.04545626686795,-44.42363124876236,-43.654713219567,-42.583871715967994,-41.21745712226606,-39.77144070590181,-38.463910438544936,-37.30542401916369,-36.142803709601104,-34.841730331301434,-33.41652899845009,-32.0274570172336,-30.885767708498545,-30.181188445551534,-29.986120528163546,-30.12969290255532,-30.238405923716662,-29.982039044366,-29.316878719127974,-28.53505971837185,-28.0587178348054,-28.104873143051055,-28.499472439749656,-28.836378653596523,-28.852356118590517,-28.635221398690415,-28.473211895245484,-28.553607107293548,-28.81644318844543,-29.059091688487705,-29.174519839230676,-29.26182347487259,-29.470538192983724,-29.777153154882633,-30.016742845893926,-30.156338497549307,-30.395651880695027,-30.917243681740192,-31.634941292529717,-32.28011510242794,-32.658273580975255,-32.749238665797805,-32.65693417564163,-32.48815886643063,-32.235542769780565,-31.854655395031816,-31.456799332863916,-31.325810591089304,-31.707390541518087,-32.526116388367036,-33.215124523125276,-32.918674951123485,-31.27115843765658,-29.16237187849064,-28.142887730775573,-28.670626638936557,-29.58308666596748,-29.479246213689947,-28.17092271669606,-26.76498153746453,-26.373745892244205,-26.783050003950812,-26.834615001521925,-25.96602126923439,-24.69188897643508,-23.653875631122887,-22.911950901163433,-22.215922837749556,-21.451940569168617,-20.689060923134402,-19.899676422328863,-18.783621415423426,-17.1572400257643,-15.453890457957892,-14.26794495772212,-13.468254005384912,-12.260997238004379,-10.067663630157876,-7.239248663479882,-4.6376388133688,-2.7227350191882884,-1.4289477
7kg_10bpm,12AB,-1.98116052,-10.21950433092554,-20.61105567004926,-30.426103543278426,-37.270387869576226,-40.63049914038021,-41.69889471847878,-41.84507885709991,-41.63058353201254,-41.01063817882658,-39.869219507617345,-38.24943638145625,-36.356609436854,-34.5317157067488,-33.13271001399416,-32.30623344178354,-31.882674435134543,-31.573688287289283,-31.309091699002014,-31.224674061490518,-31.34190146805975,-31.445961070806558,-31.33413525561392,-31.0957686474295,-30.986933850515946,-31.080801217902092,-31.21556073350838,-31.171406966189902,-30.80398372069598,-30.093774300951765,-29.146167394993565,-28.143306294016405,-27.277686412251725,-26.65896260591904,-26.243330935766956,-25.911273045520737,-25.65483182237116,-25.57336725915901,-25.668519632213698,-25.831813373742612,-26.025883909957578,-26.28511610320265,-26.603201713100486,-26.9311245934753,-27.22822587130664,-27.482026662890277,-27.716204804820332,-28.007504477129885,-28.46445988722012,-29.162718443285094,-30.09241540831591,-31.133444867718712,-32.1277964419808,-32.994970489710845,-33.75982557493801,-34.495729078600235,-35.29931153987329,-36.279996123793985,-37.37624989072511,-38.22190619433722,-38.480795249858765,-38.27716567918021,-38.015319300578184,-37.864956556690785,-37.699974514656624,-37.41734294716376,-37.04988480420669,-36.663277994356456,-36.453314938266494,-36.78161119410486,-37.63618536580192,-38.335484552262145,-38.28788909260869,-37.747157092813396,-37.39434583612127,-37.332719176521024,-37.04262379598562,-36.19479267485704,-34.85655216760339,-33.26456186118667,-31.843427535082547,-31.158555665293715,-31.436908339444834,-32.09080368292152,-31.805362912334516,-29.374321648524315,-24.899824037684752,-20.085108184853638,-16.6670884872547,-15.069000543370395,-14.789600506163577,-14.83299182687156,-14.305185071315172,-13.273590882533934,-12.421850501197136,-11.959498335006625,-11.39869509063911,-10.156936284232025,-8.169174944081785,-6.007855537128469,-4.26195357
7kg_10bpm,12BC,0.27896419,-7.741024322289019,-19.739061945480053,-32.753513277696136,-42.851105446186345,-47.54621392726544,-47.23212217106739,-44.337644821917785,-41.257265217692066,-39.0761079939272,-37.730631162896486,-36.755464598469146,-35.797602701376654,-34.75129358152923,-33.67315736549163,-32.65682677362883,-31.780572402368932,-31.10924203790534,-30.685576032102876,-30.490052632911645,-30.41585097071621,-30.311154323645344,-30.070953272760395,-29.701921516054615,-29.302919710534763,-28.99351229419232,-28.85058297958117,-28.879328656015964,-29.038191222245374,-29.284763327467306,-29.594140688343796,-29.94980683352809,-30.34147968767606,-30.77746883166079,-31.267213224821333,-31.782521199775108,-32.24960880559479,-32.574764866875064,-32.68927000296559,-32.60701184056075,-32.44137074689004,-32.330284385406586,-32.33496482273092,-32.4055128783963,-32.44586905772401,-32.42241992215283,-32.403887483319835,-32.48564804926439,-32.68668043804412,-32.923522463220685,-33.0834477,-33.129591453524505,-33.125159065405796,-33.15150916619758,-33.23750725671266,-33.36502878630352,-33.49530293896717,-33.586214940054695,-33.62046559079881,-33.62701151796115,-33.65520383478258,-33.72988775890093,-33.82998647291874,-33.9129985473227,-33.943986277046356,-33.898300260724604,-33.75664784505096,-33.52039888437434,-33.24635370196559,-33.03544001163636,-32.953611774137016,-32.97879968066511,-33.04203807440609,-33.09290606962836,-33.09569435122577,-32.98481709987092,-32.67339740238851,-32.143203079211126,-31.509400458382984,-30.953368616532966,-30.600256190818452,-30.450230437847626,-30.346311564069822,-29.93539865876757,-28.70194225930934,-26.24824530552905,-22.782770873832828,-19.28157447788221,-16.873148683756515,-15.921821334357515,-15.725025340728145,-15.059755059889719,-13.065500940304297,-9.854683991449614,-6.500168990296872,-4.325280352678989,-3.8521511294621638,-4.3488545829029945,-4.546512340409547,-3.771272147982684,-2.31562648
7kg_10bpm,12CA,-2.58898533,-12.261342061760775,-24.92331156362987,-37.313325727640574,-46.08234812703299,-49.96024381840776,-50.12519776225466,-48.72893492149764,-47.38518795243967,-46.73432417037313,-46.68383431743098,-46.85431841658,-46.996186085975864,-47.07962052358978,-47.103886309174364,-47.020790349028076,-46.86278531707975,-46.775282019696746,-46.80911475763222,-46.74836349377519,-46.27375869551068,-45.28161136973432,-43.943859908461604,-42.47818483742264,-40.940292994311854,-39.266381599257855,-37.48269542706701,-35.78206003489147,-34.397045839097245,-33.45566575557663,-32.88251634831444,-32.41815676849071,-31.836440901200078,-31.124897446885065,-30.43879827225031,-29.956648989336337,-29.783707791120804,-29.906466841377032,-30.175639882541617,-30.357258560394985,-30.27355096939895,-29.912525760958047,-29.406315028225592,-28.920125832427846,-28.55892100311924,-28.34574118969108,-28.230480440337175,-28.1331556400429,-28.04153510488938,-28.045866514734453,-28.218688044959833,-28.513966661080733,-28.841566418615006,-29.14912621523172,-29.35297560437031,-29.33131145039511,-29.105222646986647,-28.899508309743343,-28.94838689445125,-29.32160714104117,-29.915625907577393,-30.51671248391778,-30.90864658154156,-31.01950994539429,-30.97615893358532,-31.018397601721922,-31.339645837339727,-31.978864227666698,-32.86138876333193,-33.90690764529457,-35.03892458449591,-36.09122528987726,-36.79121161249019,-36.978811761048064,-36.82719048986726,-36.71845689389556,-36.88727565916206,-37.15012793908451,-36.906195414298686,-35.5154075194263,-33.01411177957589,-30.53655068000495,-29.46825632738665,-29.8947037199485,-30.48539747177752,-30.085986631256446,-28.893090602787076,-27.827226756470317,-27.14328917002385,-26.173229684503934,-24.241229879528458,-21.34593022092976,-18.054445539734303,-15.065394908778147,-12.723605330278414,-10.852005180353617,-8.985229365445182,-6.846814900518911,-4.686406543305076,-2.8769422895190364,-1.48969591
7kg_10bpm,13AB,-3.58068123,-12.403301907971535,-23.41418432055329,-34.0125807086293,-41.58024656805499,-45.24769339283392,-46.10087288672757,-45.73244902919992,-44.992692647021784,-43.93902911870352,-42.41171245524033,-40.431830142454515,-38.216728698825555,-36.029196024461065,-34.07798449350732,-32.48504104813749,-31.22546349993716,-30.128088872717022,-29.049949424675884,-28.03975309879956,-27.274999925691343,-26.874927520497515,-26.79404264445745,-26.842707863526236,-26.83243500600306,-26.725946260000008,-26.668012659395675,-26.831116397994283,-27.137209568226154,-27.23633470134505,-26.888722585496026,-26.253418697436928,-25.680837671211982,-25.34545868050872,-25.20363549945099,-25.144433742324843,-25.06039213792371,-24.939320254591475,-24.927308932622108,-25.133449160881646,-25.446530705537327,-25.68412211908615,-25.797674214901082,-25.81791580508817,-25.773032103405384,-25.74724620899912,-25.92277073235558,-26.517865940545484,-27.632429430667734,-29.102258647613652,-30.545516629999998,-31.632095133953815,-32.32706299065084,-32.82318948641132,-33.33483170291823,-34.07002928632819,-35.20317946179113,-36.708470787372356,-38.36583982421402,-39.9737607246745,-41.40727215826667,-42.4897870734673,-42.98738398284113,-42.761015689209515,-41.90852320717161,-40.76358264641352,-39.6174138019922,-38.4499851601226,-37.16873781524284,-36.0333084544091,-35.58796781083482,-36.22665318215513,-37.789752388292236,-39.420287454553055,-39.946260231963024,-38.71261609000003,-36.123250447773884,-33.37320822281229,-31.607256700641564,-31.114374904597717,-31.217332828564484,-31.229923533475226,-31.369566180874187,-32.055910993393205,-32.145550303348365,-28.89548686937992,-21.243476913676652,-12.924757675486285,-9.58837578574233,-12.266684362661962,-16.747338994707487,-18.87625377724762,-18.21523087352695,-16.840976200426308,-16.184059963591384,-15.866589237312287,-14.972633892225566,-13.267847832950189,-10.89439718237416,-7.83616170805746,-4.39718873
7kg_10bpm,13BC,0.0058679,-6.181063119690035,-16.018820781295656,-27.328284557228645,-37.04965435670347,-42.931881329418374,-44.75439997525634,-43.99021325774964,-42.38598552761913,-40.908439914918816,-39.70108188667336,-38.562166969148265,-37.3469153952064,-36.079699725394654,-34.853265735842534,-33.73098763372515,-32.75115867259312,-31.95584838037053,-31.366725963268873,-30.962245758520478,-30.6964076619243,-30.518033868601012,-30.365267058416705,-30.16555761574906,-29.881869304901663,-29.563797647112462,-29.320854760629494,-29.24053892576347,-29.337083658067396,-29.560316080860435,-29.8308140863691,-30.08387718879179,-30.30470292569973,-30.522301784027956,-30.77223996542702,-31.072380068300404,-31.436902029468605,-31.876815642417565,-32.35997118383837,-32.80563659805998,-33.12953527705245,-33.2845444384334,-33.26787667386518,-33.10699481456296,-32.877935100921725,-32.7146012123387,-32.728143504304015,-32.90529113434951,-33.13160818291425,-33.344505212824316,-33.63826165058878,-34.143377350462586,-34.80753554283958,-35.38509057381722,-35.680628495477194,-35.73105289901895,-35.71235606141663,-35.724203745851604,-35.720109737647334,-35.6291872895489,-35.48061448187726,-35.353131053508015,-35.24241371386145,-35.06293309790684,-34.77801498841346,-34.44012488242792,-34.09252119605154,-33.71667135156689,-33.28952679638078,-32.848703739944256,-32.486763936345696,-32.26717114583134,-32.16071602985838,-32.08025715263231,-31.96500686216704,-31.825400157762722,-31.720813504253506,-31.696472541513383,-31.71763923353508,-31.653574457764826,-31.372672421640015,-30.858726922425586,-30.198226222255993,-29.46734951375521,-28.67909464353439,-27.8374116417032,-26.94051976272214,-25.852817633649824,-24.228068618050255,-21.74299025692896,-18.524443770670626,-15.2150493657074,-12.474842720339865,-10.536677818715562,-9.211629982446292,-8.094667786655187,-6.868077169495583,-5.567713745914785,-4.422436806482324,-3.4561168072420623,-2.48770189
7kg_10bpm,13CA,-1.39065641,-8.222275093460055,-19.163901855288294,-32.11718073484887,-43.26167463508891,-49.75048680524075,-51.66820728898631,-51.079844995803086,-49.90392681581537,-49.07603931691756,-48.76347029802744,-48.79212512320938,-48.98311583572316,-49.229719452059555,-49.41861312869029,-49.39268816364956,-49.00258771637607,-48.183065783335884,-46.96937811290956,-45.469712309483945,-43.817214941612846,-42.03737169413676,-40.02107344069518,-37.76597156076025,-35.517354494007215,-33.54149333182567,-31.887223597085363,-30.42752374439014,-29.059054136208832,-27.82067863713207,-26.81745078411602,-26.12662473395954,-25.805831458938087,-25.882313221648676,-26.31721903555602,-26.95260584576263,-27.520081004022945,-27.815303283404806,-27.8586266808999,-27.86956567428839,-28.072909312756625,-28.51589230876985,-29.097689391724845,-29.722117194999935,-30.317859504579236,-30.751807259746144,-30.960921617089465,-31.16542311891956,-31.659268390307105,-32.386643293492256,-32.93638349144899,-32.9989850992804,-32.65092951613029,-32.16978053221052,-31.760250036947177,-31.47149703706396,-31.264936449302915,-31.15503645838196,-31.268917379891484,-31.674582192226676,-32.22196801049763,-32.70175926378373,-33.05629683033521,-33.255875788421,-33.20291809118435,-32.970484167965765,-32.9463818646415,-33.48037354458735,-34.294968098094174,-34.307898937152096,-32.52879744301281,-29.62493590367851,-27.844992058816267,-28.291289697092694,-29.35119346802551,-28.86701066277869,-26.887483581624977,-25.410829305674763,-25.486692951466534,-25.846476616422613,-25.035628899179915,-23.340953619770556,-21.861839444127032,-20.986961738126574,-20.296004986749306,-19.284708276696243,-17.961129319090183,-16.808282491022684,-16.282458782080973,-16.274183672275466,-15.947441714499215,-14.25685063979535,-11.027252479511764,-7.588618160674394,-5.630744959243204,-5.328484033222585,-5.295786453542405,-4.356814491132334,-2.7704870761354825,-1.3088595604267086,-0.22042369
7kg_10bpm,1AB,-3.39296664,-7.95837952324029,-14.732580687434398,-22.590357967642852,-29.972465925620252,-35.71541687637255,-39.4510917083235,-41.61703815478321,-42.97961865099743,-43.98584349914492,-44.51291536981859,-44.14387938588604,-42.70739073123232,-40.564850013205024,-38.3446551332791,-36.45865592161256,-34.97757461047789,-33.78153038731729,-32.649537456881575,-31.4355382712306,-30.25812352640042,-29.369112212185424,-28.886973213519934,-28.71483918658156,-28.61594898249725,-28.40844395,-28.109267507339915,-27.817010626019005,-27.561340259584327,-27.34869414804738,-27.170123812987352,-26.927363798838666,-26.509317012205372,-25.958882203934465,-25.46719747200074,-25.198182324598587,-25.14254866384583,-25.152844189918262,-25.116332379547075,-25.066472294468202,-25.14100897541571,-25.483543126269716,-26.13601214805647,-26.929649318076105,-27.561722557738715,-27.852951023189313,-27.880192480715394,-27.90478231877463,-28.22696386976179,-28.97888026615478,-29.99770652,-30.93504036456187,-31.593538425022935,-32.14376952405434,-32.9298627496976,-34.05449677702473,-35.190011363624606,-35.87774552154448,-36.039436545648066,-36.11422952118866,-36.60671165746871,-37.54487764007343,-38.45356036383759,-38.84018057387579,-38.699424349310384,-38.4422424998927,-38.40774860504712,-38.6062897093668,-38.847839768505075,-38.92451103695229,-38.76522992379909,-38.53791522252432,-38.41544268230676,-38.302749963600895,-38.02646948039205,-37.62482017,-37.238822253731094,-36.87890386064854,-36.44315730931656,-35.88329462433759,-35.24131095841945,-34.56290347202368,-33.895755031695074,-33.27986569607854,-32.75739933040798,-32.52764060580479,-32.82206229385457,-33.140061867759485,-31.77834910053753,-27.134129781676826,-20.12889566011984,-14.197766394275904,-11.585327071485654,-11.080023391364051,-10.27674010771465,-8.461543392628336,-6.511858468849096,-5.149646054581946,-4.149218965889474,-2.865411231501151,-1.26529961
7kg_10bpm,1BC,2.75052354,-2.9599536370432906,-12.665753818252378,-24.813749137727815,-36.261842110885404,-43.84920505884512,-46.37133484801249,-45.158953563993535,-42.726701680119675,-40.9176375991188,-40.15402881392458,-39.898095821317604,-39.446054536711294,-38.41739491906097,-36.841879765051715,-35.01490429754338,-33.30422987230496,-31.985948702545013,-31.143504795140352,-30.691105382641247,-30.506632162885534,-30.52152568401327,-30.67109658608835,-30.84198005344008,-30.91637909627218,-30.83352636324341,-30.620516836194966,-30.381317133426503,-30.24632346908129,-30.319170093011284,-30.627585096518914,-31.109238163967188,-31.655429337880214,-32.16703629113534,-32.56673577872822,-32.80229727776876,-32.88152916075569,-32.88149603164259,-32.897098534200424,-32.97356582722538,-33.10036797222166,-33.274125098689225,-33.538540137909656,-33.93223240342601,-34.40618871826351,-34.826042182627944,-35.072871183538155,-35.12580206765787,-35.03825767163699,-34.873113953665026,-34.68178296868688,-34.51775026961823,-34.43269268216995,-34.437766785529625,-34.47430276027855,-34.443121919325705,-34.28122813305389,-34.00795863460923,-33.69943581058296,-33.4353359480794,-33.27153642692856,-33.24745330527631,-33.38687972001946,-33.65816000637849,-33.94160873835968,-34.0771161643632,-33.95759708889625,-33.5785046746976,-33.02289701435346,-32.440674795393534,-32.01835698207967,-31.88171068653122,-31.97540153718927,-32.056332568372476,-31.838355358348327,-31.179487517678037,-30.190318876641896,-29.18135621955057,-28.469512732159984,-28.18509701625117,-28.218707544578482,-28.338119430835096,-28.363883050721192,-28.24939310424432,-28.043718012127275,-27.83672735183259,-27.73909606125214,-27.820836408419435,-27.88831034828701,-27.274468699803478,-25.093438428120972,-21.069951870309744,-16.212341823678234,-12.311328389888663,-10.417568378130081,-9.927980171560728,-9.314608771039476,-7.624348956962138,-5.200427472485634,-3.057611947916951,-1.80266801
7kg_10bpm,1CA,-2.37797987,-10.743190307253482,-22.55408784096617,-35.21599611839578,-45.343164355113935,-50.835292189064674,-51.950761078111434,-50.52690471374753,-48.475304758983,-46.91437557041258,-46.146660652074395,-46.01443486371622,-46.23841094704494,-46.57195870656392,-46.803431615205525,-46.782959533394234,-46.55063526757039,-46.37650292499078,-46.51060097607044,-46.85443515940314,-46.967380302672304,-46.436879874570856,-45.2034633559577,-43.50680867644411,-41.59714929853284,-39.60078096000001,-37.625424067840484,-35.85636605019265,-34.46732979935985,-33.437052361489926,-32.52291356007285,-31.469456759672436,-30.22647826404056,-28.953227859039792,-27.836509069395717,-26.927035486928798,-26.138108177664787,-25.369390415062444,-24.62228815670519,-23.99461232450083,-23.55268861317588,-23.250411399514523,-23.00329581904555,-22.801952037951185,-22.72100043399425,-22.82377568118667,-23.08333012331395,-23.421351214208446,-23.81446299189355,-24.30601312552528,-24.89315584,-25.467876399989375,-25.928647655646923,-26.30801206036419,-26.743863341475382,-27.3503345189133,-28.11878317941483,-28.914404266089353,-29.565921544623883,-29.996002129096492,-30.291033987913107,-30.628545941567268,-31.09716884733909,-31.574432291401326,-31.818249986732905,-31.733168431153704,-31.534161932774193,-31.58482600866674,-32.09462782518804,-32.98815318705069,-34.00040911074622,-34.87144427376665,-35.47769368239923,-35.8436485556203,-36.1159842650996,-36.50937538,-37.126016103644105,-37.70160377271249,-37.56919131085757,-36.099574973920994,-33.43282774444073,-30.729545490567716,-29.326195825826005,-29.511977873434237,-30.322540972378402,-30.448597594387262,-29.210881765048644,-26.839640301005694,-23.995257104738556,-21.039632749544655,-17.874523696814798,-14.435863083648558,-11.029816214748463,-8.150916570924897,-6.180001751778926,-5.149695007630154,-4.78805426298414,-4.711924021979281,-4.505038270352,-3.804151144168255,-2.56144091
7kg_10bpm,2AB,-5.02825297,-11.30432417548781,-18.897150034267653,-26.467612268719215,-32.791609271658224,-37.26937915758917,-40.01030029841089,-41.48984245587643,-42.13960574498876,-42.20764631214727,-41.841564480851304,-41.17503762205165,-40.29787835992039,-39.19340632036458,-37.784656655371016,-36.076783093669825,-34.27192265968452,-32.708287552779396,-31.595491562966043,-30.827693259169294,-30.158281015053227,-29.54076773244047,-29.181975036464472,-29.239010645817963,-29.58630801630803,-29.930976750000006,-30.02510500148061,-29.735465378448545,-29.06981893332563,-28.210155005336972,-27.43965060710716,-26.96378469297502,-26.79139245828837,-26.804478305813788,-26.885597651803884,-26.90956375113298,-26.71501991916666,-26.23249780927936,-25.597499596163246,-25.064440249928374,-24.826917719616706,-24.899693122720446,-25.15135092901384,-25.43782232878128,-25.697584361394256,-25.96729420037094,-26.354830250965918,-26.97674511047282,-27.8625297597576,-28.880334202844622,-29.79060963,-30.446603626124194,-30.950808777609982,-31.565506912897213,-32.451876187144435,-33.52893126652134,-34.58175766826845,-35.450894856020795,-36.11831447679381,-36.65336032496414,-37.1039191734991,-37.458735277415464,-37.70072278553576,-37.84740425854461,-37.91543514890236,-37.878050354498576,-37.6988657093665,-37.38977338843596,-37.01212985913605,-36.6512307553437,-36.390387233189806,-36.280734665512725,-36.30408678623582,-36.38391443587048,-36.44520398333967,-36.41853591000001,-36.198196031348864,-35.67336375658688,-34.84231697475008,-33.87396757585941,-33.03086589920765,-32.52988075423715,-32.4607975824095,-32.67806028412149,-32.5499256622585,-30.982245076743354,-27.216255443430786,-21.879116633274116,-16.816356719306327,-13.40528723567677,-11.555198125022327,-10.481361064179781,-9.460944073042404,-7.984520027101449,-6.124400256999747,-4.5837548223865525,-3.9463173719306006,-4.083162378843205,-4.348090069912547,-4.149718835077117,-3.33335679
7kg_10bpm,2BC,-1.93640595,-7.035901948695532,-14.559369837320137,-23.683312085957105,-32.736129207774106,-39.84978866193974,-43.88638011458241,-44.952739717921084,-44.08893465690466,-42.48882447137316,-40.928410559042256,-39.67400984431254,-38.67980623744241,-37.814548165650045,-36.98706129586008,-36.15122451865425,-35.24865394340805,-34.20869217759193,-33.0466037713396,-31.940147296880937,-31.162916134062733,-30.895400263091837,-31.07570107222874,-31.426649479570326,-31.636107849708598,-31.55318449229651,-31.25125221319493,-30.915822227074024,-30.67335795874791,-30.517549001374,-30.372790553574777,-30.201958237029555,-30.046236107655016,-29.977012068296386,-30.025339267395985,-30.155537098105665,-30.31044205208162,-30.47957048635583,-30.71716189261688,-31.0918384939465,-31.61585381995818,-32.21128924699632,-32.73201107567803,-33.022995641222025,-32.98067470493827,-32.60272075268652,-32.019638676975006,-31.46764081838013,-31.184581661991103,-31.28827740473058,-31.724802815810104,-32.31449821172852,-32.85320502224497,-33.20441232359294,-33.3366442737753,-33.30468422554832,-33.1954529927854,-33.08225080713371,-33.02342891243629,-33.078135401425165,-33.29463485397858,-33.67054820378518,-34.12919133704171,-34.54124125330004,-34.78057343128981,-34.78715298046873,-34.5966828049141,-34.30293714026653,-33.99505641667811,-33.732093311181714,-33.546283083646,-33.43641135442814,-33.34759369571362,-33.17989822437221,-32.84512762270168,-32.33722867774732,-31.758972715071007,-31.267922408980606,-30.94982632226434,-30.69135844797565,-30.148719573348686,-28.876637777947042,-26.60769852524336,-23.53460272040324,-20.31392993602378,-17.597894785154462,-15.401500105856345,-13.052291179109538,-9.995890887675372,-6.661164416285136,-4.257845318703024,-3.5466863825626165,-4.007527667585004,-4.321234545900389,-3.5551290590161306,-1.91769427593049,-0.4380862673787521,0.06286596951388503,-0.3539182703637339,-0.9923219019786026,-1.21946262
7kg_10bpm,3AB,-4.2808805,-10.117939927192781,-17.44871881976503,-25.120166065536672,-31.932859398196527,-37.166189741456705,-40.68319825658273,-42.73396218317503,-43.68844751010738,-43.825566561674364,-43.27254044363024,-42.11943206982249,-40.54591501611678,-38.79838636046874,-37.06087202246375,-35.37665263168454,-33.70273509471703,-32.030122158882904,-30.447860624683607,-29.10020080654062,-28.105401650000005,-27.504767729709098,-27.25540750860432,-27.27578291047607,-27.489699980443845,-27.813176770285644,-28.114349167964154,-28.220927866533877,-27.99852360600255,-27.45020931821395,-26.75247231837315,-26.163875236599345,-25.864624286093974,-25.865349937093033,-26.04096813948408,-26.22774201918875,-26.295937899066164,-26.179388164658615,-25.879583558674454,-25.45493586322953,-25.001855800000005,-24.62941105600134,-24.421108580554595,-24.395134003478944,-24.49864667754547,-24.650718013609783,-24.808455842378283,-25.015470480756093,-25.390748704646683,-26.02791980395733,-26.892754702259207,-27.869340819313603,-28.903628038657093,-30.04347766623339,-31.34580838426161,-32.783242597880026,-34.2301438051469,-35.51092881771701,-36.48154388195411,-37.10388432241876,-37.445112510000016,-37.62886076224655,-37.79774581115368,-38.05611374097915,-38.397351807147714,-38.69766721249677,-38.79681880320059,-38.59774499844636,-38.12289310906952,-37.51153406073465,-36.9600759960767,-36.62451193398757,-36.53701926394153,-36.589967305712015,-36.61795296878738,-36.54108357964432,-36.432277630604126,-36.408197809832615,-36.46737486619105,-36.49302145373382,-36.40894473000001,-36.26365708783581,-36.09984787818189,-35.63828973370871,-34.053725548407876,-30.341951996252256,-24.3680542691855,-17.602583031260817,-12.265342221014414,-9.47785319153715,-8.572933351623886,-8.048245118973455,-6.879871038613849,-5.072039749363608,-3.2637741783704644,-2.0317451405024487,-1.542767365917831,-1.5951333338580056,-1.8188477044285436,-1.881145589906097,-1.65355684
7kg_10bpm,3BC,-1.23527409,-7.807829161547413,-17.09122259823176,-27.421370101567017,-36.444925157987086,-42.33177018285779,-44.72198393245121,-44.62742502894596,-43.47922690502544,-42.230840835329374,-41.139374189987244,-40.08346493763901,-38.92488797013116,-37.64034993618142,-36.28608121998223,-34.944261742039984,-33.704542861388724,-32.650909233460396,-31.832989486159622,-31.23823124351629,-30.80023312,-30.457650078638572,-30.203374830817005,-30.056706463104767,-29.998143754374862,-29.954463582588595,-29.851483653426357,-29.671414631287952,-29.464986546942995,-29.32135416570656,-29.313626359579,-29.452615142199463,-29.6831993827081,-29.923778607570263,-30.11952243851434,-30.271628692043613,-30.417069946249065,-30.58815073570443,-30.805135719049222,-31.09786051465114,-31.499419560000007,-32.00144716046461,-32.51839470073481,-32.91451973536554,-33.08391536460132,-33.01250838556116,-32.775975535321706,-32.49421571955763,-32.28468078329866,-32.244073009973555,-32.44660947864831,-32.9169991980041,-33.587007958820095,-34.29360883365337,-34.85153438104314,-35.14757406221816,-35.182362771340046,-35.05165429198881,-34.88298484540494,-34.76135655609646,-34.69867006,-34.65849645667265,-34.59255747597318,-34.46677950054868,-34.26802650716297,-33.991169139080355,-33.63658044017959,-33.218778026156635,-32.75967364655702,-32.28279872516323,-31.833121610536594,-31.4807900569886,-31.27111742511729,-31.167573386224902,-31.059477874802493,-30.828351274004696,-30.418397267195285,-29.881351441665046,-29.38305705681017,-29.12498197071198,-29.14431377,-29.104031203033248,-28.314859021476703,-26.14059286555027,-22.603740983023442,-18.659522243330688,-15.664143425345245,-14.320530760574432,-14.095607214814452,-13.686929980744445,-12.069397055882755,-9.227048324268807,-6.045777018279557,-3.5260156267602385,-2.081299006433241,-1.5320951192405734,-1.5271965567068224,-1.7825741495579108,-2.0321983326352853,-2.0278126062837862,-1.68511632
7kg_10bpm,3CA,-3.12831478,-11.778210172441478,-23.51779774206191,-36.143824117889345,-46.88803696281396,-53.797610796224724,-56.535863751359464,-56.13210351019768,-54.15021322405261,-51.964998496080604,-50.390212164506146,-49.59216808541835,-49.254598244979476,-48.92884883182647,-48.36209960739457,-47.60638945543757,-46.89446925167194,-46.42475655572495,-46.222423742901256,-46.153680010948534,-46.039040392142816,-45.755352887776546,-45.258792407285654,-44.53820142405064,-43.56134044274101,-42.264517670000004,-40.60412927075871,-38.622780199660156,-36.466037099161674,-34.33980424754018,-32.433507324597215,-30.852696693427966,-29.599422774198818,-28.615098512840184,-27.849525504952766,-27.301990036733514,-27.009323547660788,-26.98975560516284,-27.18030664175055,-27.43542551466221,-27.600690722675054,-27.587414054612694,-27.367869698677758,-26.92474123371624,-26.251526180523694,-25.411938696981373,-24.566327897179107,-23.90420324489253,-23.531170990441638,-23.412104735558746,-23.436863240000005,-23.552007415335662,-23.803777001222677,-24.22959939178813,-24.742087140406294,-25.178723927693454,-25.473694800064123,-25.726556734055748,-26.0779727465286,-26.569117931764985,-27.159474797941222,-27.83312077251115,-28.609569037109235,-29.452792442884917,-30.248187996505848,-30.904492900255406,-31.441768479838956,-31.955187798097594,-32.50264846018312,-33.05236937100596,-33.54118250010007,-33.952418912564106,-34.331691969908476,-34.756410501926524,-35.29519580115881,-35.96324594000001,-36.67181104319709,-37.1801329950342,-37.102016531985356,-36.062580071829366,-34.0246843940548,-31.554667203026842,-29.637672793609983,-28.98991101382047,-29.497811855358197,-30.349394102585965,-30.637990872251265,-29.86164829454361,-28.03578266432547,-25.476217130986555,-22.446744568914703,-18.991863909733496,-15.205305981506283,-11.551943374936675,-8.644103830841695,-6.72459159476951,-5.563937167744895,-4.654337410175283,-3.5586615392030825,-2.2521427863266004,-1.05217684
7kg_10bpm,4AB,-3.50172941,-9.435854106639328,-17.62499123084322,-26.609002459615343,-34.53066217672988,-40.137120663523234,-43.31302283775531,-44.74799252961909,-45.20252767492813,-45.092733945140694,-44.542747752436064,-43.59136580603942,-42.312755632460366,-40.790885464960375,-39.048131918412686,-37.07682323372586,-34.972666578701265,-33.007528674787046,-31.51471046161479,-30.64623591062356,-30.224587480275776,-29.876379120748496,-29.354523668054135,-28.750296619348756,-28.370090862129715,-28.399524360000008,-28.713137491506966,-28.975508237057166,-28.886101261885305,-28.38442762576603,-27.690958182452096,-27.1299413713345,-26.8801035334331,-26.8977650344697,-27.060833843138315,-27.319158119118153,-27.66902568433107,-28.04725548802024,-28.31318719216576,-28.34233389198156,-28.123658708904898,-27.757627135027835,-27.377599647026464,-27.079464867278027,-26.898223091522404,-26.819493593221452,-26.799300153646303,-26.793887490889674,-26.808569118992718,-26.906407941739896,-27.144157470000007,-27.509217077806777,-27.955620405579936,-28.50321998367377,-29.23706389183147,-30.15948075839094,-31.112420821310266,-31.94451645061032,-32.72521045189971,-33.706635049707195,-35.06286322602795,-36.69109314648475,-38.27931373003841,-39.53475242861996,-40.32703279097495,-40.70158308760083,-40.83873502181301,-40.96632318343306,-41.23737454546039,-41.663960704954185,-42.11028009395412,-42.31877532552354,-42.045996964553986,-41.312545559564946,-40.52768358924949,-40.17680424000001,-40.273949898041536,-40.32983240365063,-39.9080212368918,-39.07142839267614,-38.32808102099208,-38.10803785133799,-38.0973703081301,-37.037063200108655,-33.50027409409687,-27.362153599538328,-20.517974167896934,-15.513297763709136,-13.283044491697382,-12.712143379348047,-12.245186465932823,-11.335266539334832,-10.290130190064595,-9.274009454661712,-8.006578309722235,-6.359241862066035,-4.7847784964265445,-3.895913629026114,-3.7038718712309997,-3.549721455532994,-2.84583656
7kg_10bpm,4BC,-1.59467922,-8.949102228660992,-18.74574426163753,-29.294917316895248,-38.37505944266289,-44.280641641968096,-46.636815920682615,-46.315334515796,-44.641571504986025,-42.665155018477,-40.936193522907836,-39.623705187181464,-38.669940554933326,-37.888607111848145,-37.071312298723704,-36.10604215984587,-35.01933549715806,-33.91769561062824,-32.90423590861468,-32.042942162106414,-31.364545963802485,-30.875767123441147,-30.556082385719733,-30.355993985043575,-30.213517446638214,-30.081828490000003,-29.94542204294725,-29.818532482218348,-29.738027438077218,-29.74308958336213,-29.83901451809857,-29.975664339549613,-30.07087436623474,-30.065294241823523,-29.975466401827273,-29.910700048773663,-30.031094535074352,-30.464205684874226,-31.225965229399435,-32.181711483925774,-33.07967158005195,-33.66326517404355,-33.804641852554745,-33.55914526625042,-33.09902831778999,-32.58978966951657,-32.110222899375714,-31.65766194423899,-31.21687888666575,-30.818199398333363,-30.531256230000004,-30.417851637320666,-30.486550291567774,-30.692082918052712,-30.992202691446003,-31.41084511791405,-32.03443212831834,-32.92654847691817,-34.0344769561189,-35.19011452747202,-36.20801004675956,-36.98141409031645,-37.48933046631509,-37.73732472946733,-37.720137501043574,-37.44002861629878,-36.93792218726692,-36.299149368387845,-35.63290642463936,-35.037123865407935,-34.565551832933444,-34.21937259974367,-33.96813215247341,-33.77191198211622,-33.580349947230175,-33.31693406,-32.87621855141877,-32.14997565108109,-31.084081815014713,-29.74804102304246,-28.368818040635926,-27.281271025412163,-26.77201082668692,-26.85290582468394,-27.108365893267855,-26.793589110950165,-25.22819608911037,-22.30013132319099,-18.70498931133671,-15.571279352930258,-13.606519572382803,-12.570044832955475,-11.633491252683502,-10.196658248191309,-8.321972260083538,-6.477682826399025,-5.032529791624139,-4.04296843848973,-3.3383759101429678,-2.668969146948956,-1.8610961
7kg_10bpm,5AB,-2.86674107,-8.405404609194948,-15.563150814721487,-22.927211291461912,-29.244832828983316,-33.89821830266451,-36.86520104932585,-38.49564205968942,-39.286106501779244,-39.64292806286897,-39.72732981888198,-39.51589274141575,-38.994962436855815,-38.2615921662943,-37.46673272530759,-36.71200195117442,-36.0043899680751,-35.29682319031386,-34.561611234115475,-33.81266844940077,-33.04921204817991,-32.20135378513088,-31.183938431738657,-30.05091986189252,-29.079480696766893,-28.61454761062553,-28.782457630061074,-29.357992087960614,-29.914390935239396,-30.109766976144112,-29.87362633028597,-29.391970233331726,-28.93940192191165,-28.68137985448069,-28.57270005902265,-28.424953031368485,-28.099014805856008,-27.625060926816285,-27.120913413479986,-26.66961800440171,-26.328555921397076,-26.18511867930411,-26.31968414918855,-26.712969673315133,-27.20901630334683,-27.58498805322879,-27.68064456076294,-27.50282530527846,-27.240472591635243,-27.175195428633224,-27.51348894548255,-28.24191063817137,-29.153724841814924,-30.037704965196426,-30.820354557395607,-31.528634580078673,-32.18749438071178,-32.81796909388645,-33.49048304892983,-34.28927465525252,-35.20162935990595,-36.11117265822273,-36.93753735210252,-37.726225958593545,-38.55730782263478,-39.39500177922508,-40.07897236721404,-40.464071533439416,-40.539049872646004,-40.40747490331001,-40.17397147778233,-39.88972998628698,-39.6145153247485,-39.46112139149899,-39.51208376582562,-39.69591225847925,-39.76371967270802,-39.45703985230827,-38.75161322953585,-37.93105800458573,-37.4459134110871,-37.66515645786444,-38.54109283114566,-39.244683022138325,-38.17857701887519,-33.842270275444136,-26.27575078874478,-17.743795953787146,-11.342773825957254,-8.47288579188723,-8.043084290091144,-8.137276579716476,-7.864732202132073,-7.414254652527701,-6.967554637157094,-6.342201930417543,-5.501252993404818,-4.7292645545539305,-4.160306334418937,-3.509262557908358,-2.47397857
7kg_10bpm,5BC,-2.15261504,-9.23722634929115,-18.273287770055337,-27.811870005973955,-36.160134755046805,-42.04446436882327,-45.09976883997826,-45.81461809279781,-45.03462930245604,-43.50028523349671,-41.72520821299365,-40.07543195140833,-38.78848926210423,-37.91055140929035,-37.29173650161966,-36.70325451668378,-35.994335916148216,-35.16769685155098,-34.333138169828054,-33.609321698776384,-33.068891544841755,-32.729497218850796,-32.5498648271149,-32.44007989197925,-32.290120081571935,-32.007153217497155,-31.563621147079427,-31.023877711421157,-30.512202856088262,-30.13531572027743,-29.920290804931977,-29.817714744501533,-29.75182126397851,-29.673277315865647,-29.595358119614577,-29.587815279249178,-29.719757048349194,-30.0050379871455,-30.398240183639807,-30.831576456090353,-31.252166593895875,-31.628670344823576,-31.941789586256707,-32.185030720523145,-32.365660087364866,-32.491445185869814,-32.561278793688786,-32.57018173668204,-32.50454877743903,-32.337851326104335,-32.05683031062712,-31.70163120149673,-31.37234951054996,-31.185331493584552,-31.219223210313242,-31.486067242647337,-31.936254226476066,-32.483537392462466,-33.02444026573082,-33.464052585753436,-33.74690796233672,-33.86182591152026,-33.829340021449035,-33.69270359089014,-33.497719252391796,-33.257457435446526,-32.95261398233988,-32.592187593863,-32.26443995569582,-32.09258588138187,-32.12287355153126,-32.26404573504121,-32.346151252088724,-32.25081582139757,-31.98818676706453,-31.65858899321846,-31.346482236406967,-31.05006389531448,-30.707927869761235,-30.2807449451526,-29.819291599185622,-29.48246754822205,-29.47163276100572,-29.84859664780202,-30.30042067801791,-30.038513119335306,-28.044819411999303,-23.722366391356235,-17.59498314778769,-11.299888036453366,-6.586334923260437,-4.232091374118376,-3.93314042939619,-4.9331123876858305,-6.434757920656582,-7.614527088751561,-7.735696290754432,-6.505428126220533,-4.308427707307689,-1.989593498740808,-0.31742369
7kg_10bpm,5CA,-0.63075967,-8.613586475528873,-20.85971580484644,-34.707454268693986,-46.265361406195204,-53.070892665825006,-55.31128777280655,-54.686653206846195,-52.83753508958785,-50.87641020325679,-49.50503210810206,-48.95780702117209,-48.93082299960668,-48.870542698912814,-48.46916293937602,-47.83487257332315,-47.217211843200715,-46.70234245783801,-46.18657898312987,-45.50136836957607,-44.49457329713015,-43.06100518067229,-41.208802391238684,-39.10504807338565,-36.953256711131516,-34.859080193032064,-32.89352732608303,-31.217799477744382,-30.042093776907002,-29.482804451590674,-29.474113330016436,-29.76777396794043,-30.039520533773302,-30.078379757237386,-29.902855645196745,-29.660129509458468,-29.438471907042942,-29.20749303495753,-28.926017564516112,-28.653874051538658,-28.46192258928603,-28.27998341213305,-27.936193662964516,-27.34143512068797,-26.603679746055338,-25.94955724677901,-25.5661903838457,-25.534455541686928,-25.847557176634812,-26.412913050256464,-27.097362540272904,-27.85242340754036,-28.681826191866875,-29.474721132212622,-30.066290771544864,-30.453755121198164,-30.782305846693205,-31.141681042003924,-31.44860218918649,-31.54476447858659,-31.419161551912357,-31.325358192310123,-31.622452490267808,-32.41201312079975,-33.407823151768135,-34.275597242125905,-34.971703088563,-35.65035876648237,-36.395746764672815,-37.12380140779076,-37.673130857224265,-37.94243104642084,-37.95444736509611,-37.80782121993596,-37.60974889290141,-37.47247236140248,-37.4965073843078,-37.65094724077066,-37.588786203564446,-36.70873101218856,-34.75863268532395,-32.48333435940018,-31.18360748577163,-31.26652184013622,-31.725188400984955,-31.298330452704906,-29.76811638700291,-27.932051277087215,-26.533974290530377,-25.612786074781106,-24.772083456176123,-23.459187233656753,-21.044787726540527,-17.348286553568947,-13.1474855121352,-9.681349398683395,-7.588300346349862,-6.532437395814085,-5.666208389010789,-4.454180440345854,-2.95081627
7kg_10bpm,6AB,-2.06310925,-8.553857524999945,-17.1616922525465,-26.376873678553434,-34.42403491687937,-40.07186144840459,-43.131528234261694,-44.26781802501109,-44.338583807822516,-43.87967698204872,-43.05840871931217,-41.906278489299176,-40.504976007217756,-38.99781363223179,-37.50082973993997,-36.04735761009811,-34.624779117071256,-33.256506025063985,-32.03904394212861,-31.088607480321823,-30.44513670607653,-30.02730203490155,-29.69113554078282,-29.345798214684105,-29.008873620108623,-28.750283337618324,-28.596051634382842,-28.49822784335702,-28.380281984160465,-28.198496603711313,-27.96560104359768,-27.709191516374922,-27.413560951714896,-27.040397889879863,-26.60417280371933,-26.180959070318917,-25.83367452924953,-25.559400082614417,-25.31477148746708,-25.072139775775973,-24.86506315719046,-24.781020967624865,-24.875970460955244,-25.106934594868253,-25.382356139503507,-25.667417972143355,-26.02396323931742,-26.55278639367516,-27.304109171925415,-28.226495886089207,-29.16860949579072,-29.946222172098647,-30.462029022466982,-30.79276469139058,-31.153142524656374,-31.742826437557866,-32.613213552963344,-33.68023852652607,-34.831348485271896,-35.978879381700736,-37.03818499397765,-37.93498094052207,-38.65027931277014,-39.20683841978967,-39.61571332287565,-39.86009190365507,-39.92353653677481,-39.8267879096953,-39.645911449327926,-39.48492529891363,-39.39907015105787,-39.32721451361133,-39.117537619738954,-38.6501674841346,-37.95791167540653,-37.254982081391276,-36.82447518614944,-36.788376412741954,-36.981952862704986,-37.16385506899517,-37.36639121246911,-37.923367779094264,-39.02044914997265,-40.10223253822196,-39.71706570681598,-36.25460910558477,-29.377424644519692,-20.963367732634588,-14.142644714337425,-10.884717523620154,-10.680918500178093,-11.471679364031338,-11.444101444400648,-10.097410479494291,-8.088433329275128,-6.315729489246936,-5.16143299289426,-4.4419257306838595,-3.8069160356272636,-3.07903906207515,-2.28561333
7kg_10bpm,6BC,-1.37357061,-9.899519023813488,-21.442656741138652,-32.841529721247234,-41.01272830690002,-44.70947459970493,-44.86493550868617,-43.391354500443235,-41.73564772227707,-40.37683121677973,-39.219395560530195,-38.13935108393639,-37.18892580420417,-36.45202047570725,-35.84479639656169,-35.152696725612344,-34.26232201675983,-33.30449954868745,-32.5499224277267,-32.1656378114476,-32.082377995056895,-32.077163408739345,-31.950770668169778,-31.644028706416215,-31.24017725172098,-30.88062351122121,-30.663096458603807,-30.583596647661896,-30.55674933259392,-30.490135086720358,-30.346847181131952,-30.1677577545853,-30.05313787035315,-30.104011058591116,-30.357935591461153,-30.773666553050518,-31.266111454849188,-31.749249824450832,-32.16067804220625,-32.461501688156254,-32.61984941890839,-32.611115469627194,-32.44507075190431,-32.19546184767191,-31.984428863128564,-31.910009508236058,-31.968775724122885,-32.0451630600764,-31.999201401320708,-31.785380410799213,-31.492643339193133,-31.277721880044165,-31.257579637323623,-31.447421324763763,-31.783924783142442,-32.19516897133789,-32.64262259774928,-33.112375363815076,-33.611637238318096,-34.17892544746176,-34.867128857649554,-35.68374419676082,-36.53391546975304,-37.23662575955707,-37.60782865896688,-37.55348091557295,-37.13448583334791,-36.55025860144821,-36.01068266185744,-35.59942025165132,-35.27087482871021,-34.95440371522824,-34.62642895590472,-34.27713945197752,-33.85450556901444,-33.30481405990265,-32.66994754590634,-32.097447902684074,-31.71449685069048,-31.483731529361123,-31.205936785533957,-30.66819020051872,-29.798629485848856,-28.679890627284717,-27.391565619132283,-25.845815626712564,-23.81969695769709,-21.18801795824097,-18.163860337512766,-15.280037533792077,-13.006477757006344,-11.380357857476726,-10.11130472320993,-8.990166216544976,-8.050507760677352,-7.3358806533164085,-6.675929293414642,-5.79100685097713,-4.540179689369597,-3.0315210782552526,-1.56478489
7kg_10bpm,6CA,-4.02145774,-12.910797169347171,-24.89009286244895,-37.27512392358498,-46.98604280448223,-52.30301570856465,-53.53665973821086,-52.26934181885822,-50.21116884094549,-48.564429458676585,-47.84825682799881,-47.95829001848591,-48.42352610892214,-48.769772085461106,-48.801797811507335,-48.64465666540285,-48.52895031877349,-48.54161985496185,-48.579249607293,-48.447419000493824,-47.92685175637564,-46.83828879819488,-45.18299559483131,-43.22800919506806,-41.33092363543497,-39.64600273990892,-38.05676582558277,-36.368597683694674,-34.54603595651734,-32.80596904474537,-31.50106860930971,-30.814017595068158,-30.515909318977247,-30.141682962974006,-29.447979938204128,-28.625334810378856,-28.034781522950432,-27.805257079786585,-27.771344672665013,-27.73270471908169,-27.619019599584462,-27.40684208432126,-27.031102305241568,-26.466495491436877,-25.842537580675472,-25.389502304370602,-25.264704713933334,-25.465338405024337,-25.858149033739135,-26.24976216214808,-26.47773856,-26.49874368784619,-26.44155936325287,-26.565710410821627,-27.10615869787584,-28.089429836106895,-29.25280971888015,-30.21211118568269,-30.780994141766143,-31.070939753447583,-31.28838596943036,-31.54480739979778,-31.849475197044296,-32.157020143542134,-32.40930491692138,-32.63930913083917,-33.022703346805514,-33.70542957735997,-34.5917306793919,-35.43218841286595,-36.1110318334972,-36.700232041639275,-37.17677975429895,-37.20817670487278,-36.36602826894377,-34.62779581030983,-32.67461132753318,-31.512299035149834,-31.544333275020318,-32.160544711746894,-32.35986497544462,-31.595900667787205,-30.13328966810866,-28.7979527545043,-28.27201883305116,-28.4630813642366,-28.6451565545704,-28.174641283745643,-26.86862240221497,-24.79480798463321,-22.113577043929574,-19.253925557176395,-16.841712247857206,-15.171477108608798,-13.961144670773455,-12.652465511697695,-10.883970437436107,-8.714125701388525,-6.408623455847339,-4.176110078923115,-2.1971369
7kg_10bpm,7AB,-3.11249623,-9.140827150465974,-16.734942866856905,-24.76192310945709,-31.98635642445732,-37.47568210230838,-40.86957251595332,-42.427192144742854,-42.79859928660422,-42.641274365565195,-42.29138988010869,-41.705998521750715,-40.7205826375447,-39.35490836200435,-37.836675039541674,-36.33809910780352,-34.83641605794311,-33.319706970382676,-31.98664547864752,-31.038132415003187,-30.380938810391726,-29.766795022115023,-29.16296808522637,-28.848563758161735,-29.114075986938403,-29.87256968221328,-30.608588452119466,-30.768188021587,-30.231256298301272,-29.372135769277453,-28.68289519616962,-28.40025163411695,-28.45122982955738,-28.641758839569743,-28.8225213279786,-28.91327073806486,-28.91257693704097,-28.908237843178554,-28.965592081564786,-28.996157978546456,-28.847044728219288,-28.511830848017365,-28.123948753337334,-27.750637350334298,-27.362759134097814,-27.05865318651561,-27.11240616399603,-27.6795063988187,-28.56042497269688,-29.37561994360332,-29.936165756725007,-30.354224345203107,-30.842638750084582,-31.504264897382964,-32.28902225043105,-33.08739897856902,-33.849057255160794,-34.622792613050095,-35.497380705186046,-36.50099069860224,-37.53415579666902,-38.40394391166156,-38.95339055113536,-39.185983964045576,-39.25516510722913,-39.310058733292884,-39.377969640245716,-39.41444764635262,-39.42713356030964,-39.53599610734642,-39.89833254733327,-40.50894407028549,-41.125640337456744,-41.47393134424577,-41.457936442153795,-41.136713527374816,-40.620452445910594,-39.98877398665525,-39.254281850250756,-38.44158239167839,-37.69298489446086,-37.200150130960935,-36.889664116272385,-36.11615590962493,-33.854863837559364,-29.57961916399487,-24.091015074340923,-19.069401578338613,-15.571223956164449,-13.480053680598962,-12.381269029900446,-12.09484597884033,-12.20961005097118,-11.928834789185968,-10.786879262391281,-9.161738100257471,-7.810978693238964,-6.966424206661769,-6.12592208692297,-4.760039664176885,-2.97535347
7kg_10bpm,7BC,3.23940254,-2.9438971141768318,-14.18926237,-28.19102629624374,-40.60218864000001,-47.62719001583776,-48.52682116,-45.58159714882579,-41.814785740000005,-39.02383944542652,-37.47736742000001,-36.62840590791554,-35.87799127000001,-34.96456439775714,-33.93335224,-32.922834453971305,-32.04531445,-31.385424730247692,-30.985855220000005,-30.789769235816003,-30.642423020000003,-30.3940697988974,-30.00184015,-29.52688063414854,-29.057111850000002,-28.6531300313108,-28.35026876,-28.18730366969204,-28.213721780000004,-28.445169059408762,-28.82663453,-29.277762560799037,-29.779707940000005,-30.39190757042099,-31.173951119999998,-32.09304250089213,-33.00452096,-33.73345345666405,-34.19392863,-34.42621009544537,-34.52715594,-34.57579824994332,-34.60037891,-34.57949544218761,-34.469322260000006,-34.23228902144604,-33.88588885000001,-33.53503972303029,-33.30144782,-33.19889001610669,-33.10266553,-32.89244112975996,-32.60963581,-32.427179798336155,-32.49314575,-32.83236217637053,-33.34705973,-33.85936173686567,-34.17279836,-34.16686523688536,-33.886333320000006,-33.53772485638695,-33.368634310000004,-33.47820868377174,-33.70995819,-33.786095606619924,-33.57628347,-33.200688880025,-32.8747721,-32.70535287201719,-32.63471008,-32.53395492112628,-32.32153844,-32.00628355703192,-31.67344525,-31.442942579356153,-31.38947326,-31.460184933821367,-31.4714175,-31.214789245757807,-30.594075840000002,-29.669656721180342,-28.60227868,-27.55404284027152,-26.542234520000004,-25.32607086435853,-23.53040969,-21.0129827727385,-18.14152834,-15.576001715506719,-13.659851720000002,-12.196323586262427,-10.928969810000002,-9.968873905585722,-9.51686486,-9.356044914165647,-8.866375810000001,-7.540410760187818,-5.422791430000001,-3.0726864521031363,-1.17014353
7kg_10bpm,7CA,2.70892626,-1.6228705038848523,-11.573640400619752,-25.67938499854301,-39.81967674312701,-49.78927256,-54.05626908816034,-54.05581936394545,-52.26688516805013,-50.48029999222763,-49.37274235000001,-48.836263054165784,-48.46962688807378,-47.959847420872556,-47.21926316155932,-46.31065284000002,-45.35181122277739,-44.4431820438743,-43.612350523583906,-42.817309581989214,-41.994142890000006,-41.08455646058209,-40.088881676941966,-39.138826338726254,-38.40340775135084,-37.896597140000004,-37.440410422367094,-36.85567902319755,-36.16408953191327,-35.514461792492675,-34.91987608000001,-34.175283989851565,-33.13494996461919,-31.99885489922301,-31.18744911995966,-30.92204043,-30.996349507328087,-30.973767084292874,-30.60707968888618,-30.019587879017983,-29.46693982,-29.031895724310964,-28.613804024797975,-28.113637120517566,-27.53884977512348,-27.01282337,-26.72838569551719,-26.79632609251402,-27.12421674497821,-27.525766710554898,-27.93330941,-28.41810241408507,-29.00840268422475,-29.586142498498475,-29.961340127147544,-30.022796250000006,-29.853337609223377,-29.691981587946827,-29.755021424750694,-30.114252494978473,-30.733206660000008,-31.524969768980835,-32.333704199263764,-32.987707271181954,-33.426685093224016,-33.739061850000006,-34.09778460725494,-34.60769904649795,-35.19807149098172,-35.74335035722179,-36.23837044,-36.76454166264659,-37.33768261805077,-37.75736311096962,-37.509933224093885,-36.03912118000001,-33.46349589827888,-30.980443621577763,-29.96715778390815,-30.51236246358504,-31.332828950000007,-31.09470320751937,-29.585097350007846,-27.749552989882233,-26.571303878891637,-25.974156790000002,-25.24462429154131,-24.06267691301333,-22.664751821776935,-21.461105651957986,-20.59687525,-19.654991836298493,-17.79028250672729,-14.428355688035102,-10.172251562648997,-6.74644545,-5.3552742052825995,-5.382587548048765,-5.163057694374733,-3.7840172457716594,-1.84064167
7kg_10bpm,8AB,-2.95999648,-9.06778992760787,-16.96579987831862,-25.44154081206568,-32.9704209941288,-38.477161743675794,-41.78176520156201,-43.39312025687893,-43.95509876946426,-43.829161446961464,-43.026334849324485,-41.42093000191406,-39.055717771821726,-36.301493001477546,-33.724893228732405,-31.81645132340463,-30.816995613302407,-30.706647091634977,-31.23648974761266,-31.990885183266677,-32.5803285698619,-32.831239456738956,-32.771720041029745,-32.48603701804068,-32.0157848141971,-31.376635200000003,-30.621983600788617,-29.86455578477316,-29.24785208624531,-28.87311331654222,-28.725529985161348,-28.690828259727624,-28.659936113060567,-28.604335956574598,-28.533405092262377,-28.406071657051484,-28.14262962861347,-27.75018148326307,-27.382451747490208,-27.21336049127438,-27.2554615720926,-27.349029997661756,-27.329485221511618,-27.164171180973273,-26.96220586932735,-26.892766478416934,-27.084415640837204,-27.56920955244682,-28.283887603695607,-29.100882050017052,-29.88047093,-30.570637693819194,-31.28784353499694,-32.24464418927736,-33.54779760376812,-35.072891969083415,-36.553809047308526,-37.77730778988169,-38.66239954060949,-39.21073582660925,-39.47664702815656,-39.57259214382873,-39.635383195235356,-39.74702615452824,-39.86465538369844,-39.85675984353948,-39.64171773728044,-39.29254173673679,-39.0049283407954,-38.95156370745128,-39.1109751137866,-39.222556597870465,-39.016639775791674,-38.54724087459599,-38.17436260189893,-38.12233912000001,-38.23237684174131,-38.237884490697176,-38.04952534318959,-37.73096146275283,-37.39959903144766,-37.20627144124154,-37.24823346927713,-37.30030005705996,-36.59784803525173,-34.13857055293324,-29.582241591045545,-23.93034439571466,-18.960641405317606,-15.843032785709104,-14.504972022508964,-14.115250074233643,-13.735766689204327,-12.700249435928844,-10.921724635071264,-8.975828180539608,-7.596950098218216,-6.929681114461317,-6.352939412102074,-5.146156714251422,-3.28086837
7kg_10bpm,8BC,4.31208896,-1.147785964143983,-11.849568984011258,-26.029794807112935,-39.4192604857734,-47.57341533478081,-49.107553957195975,-46.382465249924834,-42.87205107342171,-40.46150392272825,-39.10487044155851,-38.04459447251207,-36.86548214259948,-35.685296482858966,-34.72123560482585,-33.90237347717125,-32.97170759008061,-31.863095560325252,-30.829595168818834,-30.148746420620505,-29.826191309587546,-29.67810652465586,-29.592203195935735,-29.574931298227547,-29.599937809200807,-29.546917417538733,-29.316000822554983,-28.964527292762213,-28.689512699066942,-28.659998989831188,-28.8714278012154,-29.167153580789194,-29.391338927972615,-29.51353104508048,-29.62698262765999,-29.86029727833129,-30.286724929288447,-30.8882499988638,-31.579053823022008,-32.26669646956889,-32.90233704603281,-33.46550901582948,-33.893084994026175,-34.073360434476875,-33.95491401787522,-33.648469582550746,-33.385190140707294,-33.34835212122763,-33.53835702780935,-33.81343518997163,-34.03674840000001,-34.14580227334327,-34.12941133377346,-34.0081660309297,-33.82953673427141,-33.65784172768347,-33.5515063589302,-33.51008646342145,-33.47405554035564,-33.45660444919144,-33.61368579613232,-34.09403073719017,-34.839245080185954,-35.597367337499286,-36.1379407816483,-36.40854431746775,-36.48629266429698,-36.447187164058235,-36.311469072059644,-36.05658849965316,-35.63818621334383,-35.02144258326906,-34.24702746669854,-33.45317851023145,-32.78978256832753,-32.316922341682115,-31.99051427478696,-31.72164611117442,-31.40044335431848,-30.901139945788405,-30.182726931628228,-29.41721389587727,-28.917965949243374,-28.816684784358706,-28.752891023713847,-27.943047437021416,-25.756406140990165,-22.405688624902886,-19.033891891807233,-16.833133530414223,-15.911512209076976,-15.16906357346624,-13.411678729147301,-10.557964715520267,-7.706091454876278,-6.018920676864592,-5.632352682443599,-5.693685071594385,-5.2968757853880195,-4.167595552408863,-2.60706376
7kg_10bpm,8CA,-3.24760269,-4.045105907633117,-2.798375188326663,-0.3296149633413432,0.03403406002132771,-6.06879915196745,-19.832916792018356,-36.33368823919422,-47.705328216317156,-50.43214399174129,-47.720945500000006,-44.494057138206735,-43.13197660767971,-43.51579043086102,-44.536537845832214,-45.298527882918485,-45.531995576206285,-45.46940538654169,-45.65217136759315,-46.367209664837596,-47.133610360000006,-47.13528542297686,-46.101302406696426,-44.46740069874654,-42.85705247983669,-41.55821288089221,-40.40706573251487,-39.05271350123538,-37.249185708998084,-35.1827949397641,-33.532982360000005,-32.772074416976174,-32.62797527850569,-32.5423680653993,-32.25821166232617,-31.748376133633247,-31.005633141942507,-30.23816390483779,-29.919935129871966,-30.19979168044211,-30.525801300000005,-30.255096124113575,-29.418886828248986,-28.571679818666052,-28.0758130124997,-27.839905164712782,-27.656823569124967,-27.561333044609693,-27.723905077560847,-28.100173677901928,-28.435948030000002,-28.575191157405083,-28.523935922443933,-28.35026317754472,-28.179435391951035,-28.137190332777383,-28.33733137230922,-28.901668599453053,-29.860958793791156,-31.083106178557422,-32.27226025,-33.15261343612592,-33.77790679898324,-34.44076248179152,-35.17278108719321,-35.64978914968595,-35.629346139842426,-35.31858035084165,-35.15005566234966,-35.26823299770786,-35.501291800000004,-35.629050591783795,-35.22630889967076,-33.75724728497632,-31.630225579444065,-30.379147993297952,-30.556144450897023,-30.790148884929323,-29.817756766688156,-28.1343738299026,-26.950832050000002,-26.23973016387985,-25.283376468348933,-24.264475915449434,-23.525162848372215,-22.72093563667941,-21.716458250566554,-20.817011833594186,-20.061967544165718,-19.328545698820847,-18.79009352,-18.553754193097152,-18.327057466516816,-17.461396240290547,-15.072681216188304,-11.136966271514632,-7.443038307257877,-5.689407196855652,-5.26817839434466,-4.421657984044525,-2.74144301
7kg_10bpm,9BC,-3.72090792,-11.598936757794608,-21.775810626736146,-31.89486103426912,-39.35599673673028,-42.864446846900044,-43.03388984771853,-41.54300649693472,-39.84655681158241,-38.57426288692885,-37.699554209345116,-36.90942012725225,-35.904091358003086,-34.6320965930757,-33.333959375381596,-32.326835221757214,-31.73491420843087,-31.423502026326304,-31.147211801832345,-30.73791071482903,-30.232621026406406,-29.830071491811864,-29.69251144149515,-29.78745046418542,-29.932841959909123,-29.993474465174664,-30.008120382688283,-30.117408750563325,-30.385706521492853,-30.740453449100098,-31.075079033840446,-31.36177055341139,-31.652049624243194,-32.012962788195765,-32.44430939778272,-32.82449474346738,-32.99628170960784,-32.92450616220255,-32.746734557386084,-32.668666037907165,-32.822877135840024,-33.17977763029983,-33.57211094279543,-33.814755828382786,-33.81679934096048,-33.61237802009851,-33.31331599528327,-33.024860118995896,-32.80184169955785,-32.68044978621155,-32.709948714951246,-32.9270113104382,-33.32404043788068,-33.82707952075157,-34.2942557570027,-34.58621589419844,-34.658996800249504,-34.55721285405733,-34.34827746656299,-34.13814766893571,-34.08020613140035,-34.23939025404833,-34.51465302716901,-34.77503930670092,-34.959466440043286,-34.99427281088558,-34.77767433086433,-34.30766699000028,-33.745742119927726,-33.32913386761667,-33.21141477699185,-33.347488424129246,-33.55559715869688,-33.670717858887414,-33.61104802318443,-33.37452036274096,-33.00253947809675,-32.534559004844134,-31.984851219748,-31.358848388468328,-30.652506698706777,-29.841662395760835,-28.950059722038592,-28.087738491054935,-27.315797287856856,-26.48542514457985,-25.284295450069095,-23.51792599780471,-21.33357438789956,-18.994770978730543,-16.50014086294494,-13.789246621331799,-11.246147779884092,-9.572022310902339,-9.142465519100744,-9.671559557176856,-10.350561165204567,-10.222615776672408,-8.72225460754384,-6.038331858915842,-3.0296605
7kg_10bpm,9CA,4.19181192,2.784615981343373,-4.264868280254153,-18.061175912619316,-34.26164254914109,-45.62464979274416,-49.02102135863499,-47.638196500559886,-45.908814272775054,-45.39883984520917,-45.617201325942865,-46.12139807032981,-47.032289680442965,-48.37888035949068,-49.55991928119022,-49.86795795429541,-49.43226781031176,-48.85246742347161,-47.99540828573603,-46.191099688235056,-43.49601382625536,-40.93687001351106,-39.22623016473254,-37.865769997007774,-36.030852632210866,-33.75291372328908,-31.68619785152703,-30.241157957022274,-29.4121577267834,-28.926314414167674,-28.43099310992462,-27.884518136609724,-27.559563959713202,-27.565461790060134,-27.662984304993298,-27.57840735794892,-27.324225115531746,-27.19147442879999,-27.440526932036562,-28.01024728804198,-28.589043287072172,-28.99417610064778,-29.301333065796612,-29.69211599777003,-30.26262136157695,-30.886170105071383,-31.274989052644756,-31.182030994068434,-30.656399128492204,-30.138562955512757,-29.994917892317552,-30.193959053106326,-30.57262245021454,-30.994874766225244,-31.362454763766465,-31.74282284634321,-32.3356534400395,-33.17741423058962,-34.02514396419542,-34.58163693194884,-34.85699755913272,-35.082924457537075,-35.2434466385064,-35.25917658700447,-35.42683933779047,-35.90903335448296,-35.746191855628595,-33.64821836183295,-30.445837812322235,-28.6331733365571,-28.578083884816188,-28.246176301177034,-26.65672801773337,-25.147086711623754,-24.63931754560452,-24.114669717045622,-22.876659380211414,-21.716958395295826,-21.19752386603762,-20.83730039356088,-20.162111264927983,-19.38276326410193,-18.933546950741704,-18.777916078511613,-18.583334602628636,-18.347019181311826,-18.237373812898717,-18.167898977354724,-18.1544726321537,-18.330629699387817,-18.164296359534177,-16.70166342821241,-13.941897946052649,-11.30282251632155,-9.98954845719873,-9.577470215208548,-8.70918124323099,-6.990536585993396,-5.049834923582733,-3.1834091752358016,-1.51960531
7kg_16bpm,10AB,-1.38901663,-5.430115100803574,-11.28270562199236,-18.341636818957262,-25.659544935676678,-32.246225038059414,-37.36993625940619,-40.71853775554049,-42.36133690718123,-42.60943433752276,-41.90234573004137,-40.71844156225013,-39.45393464855967,-38.30304984729461,-37.23693594200264,-36.119306077709304,-34.8811594447682,-33.61796465769679,-32.53329538101922,-31.782615725009514,-31.352336070379017,-31.072118440901896,-30.748439592148667,-30.308252993565887,-29.82846171939068,-29.44222134018285,-29.219321959980107,-29.11432442455404,-29.004591379980127,-28.768623017052064,-28.341168977351483,-27.72150929251402,-26.950139498981823,-26.07145412991335,-25.106132497194874,-24.061968262825708,-22.97029900243005,-21.902750305958335,-20.94394425608362,-20.151014214769496,-19.543825979326687,-19.126275983690174,-18.896389098049692,-18.833927716274538,-18.904019238467182,-19.091488076650016,-19.432861574896094,-20.00746971528288,-20.87356321945709,-21.98578232030528,-23.183232230000005,-24.289804317976895,-25.236479687106176,-26.08864958029293,-26.962937731062123,-27.92015280759816,-28.946139314489074,-30.025177234354885,-31.19285370765632,-32.493323013830704,-33.89206271680045,-35.263796999419874,-36.49044376930637,-37.56140707383057,-38.56322849051206,-39.573871928239654,-40.59209280557709,-41.56667684154032,-42.459053169326154,-43.263182800142744,-43.97136623548715,-44.52071885447385,-44.77343173551482,-44.58395694041893,-43.92784254941251,-42.967679259901864,-41.97041563941364,-41.142337609214295,-40.522528524344665,-40.00018816931114,-39.45047989572934,-38.934989015946634,-38.74488173933719,-39.06065868473817,-39.397776941784535,-38.3982683159677,-34.46297918460183,-27.086026881136554,-17.888410228906874,-10.04248596625847,-6.078399687833363,-6.152408461387183,-8.389487023232386,-10.54777628935051,-11.3916569566196,-10.9618959076765,-9.894481943616013,-8.571424310365423,-6.9234073126123095,-4.864109161244136,-2.67655492
7kg_16bpm,10BC,-1.81621305,-7.067124690268139,-14.411270547234755,-22.88160641365753,-31.078525479404203,-37.662474892307706,-41.84685568891942,-43.61194145127917,-43.53889948590033,-42.42178937816907,-40.9170180078896,-39.389866334145715,-37.951430272232244,-36.58603842310552,-35.27020776836408,-34.02826942110413,-32.92339945199643,-32.013777314325736,-31.30954353324101,-30.76488534976716,-30.311422436283294,-29.900773435206236,-29.52235821478314,-29.194844307725713,-28.948736189835753,-28.811880890000005,-28.799320413423864,-28.90805897942524,-29.113016861314964,-29.36239131746933,-29.58413721321428,-29.711316209556557,-29.715933585486944,-29.627968466974625,-29.520629515154354,-29.46937984360052,-29.513639066686476,-29.644718911770394,-29.821650831839033,-29.999368554184393,-30.153415962670547,-30.2878778650531,-30.42211043016334,-30.567185620516145,-30.71196281697046,-30.83232319761232,-30.915960612165502,-30.983292566408206,-31.08443282589467,-31.269612794287518,-31.555673250000005,-31.911218380432622,-32.270274636671076,-32.567661895705996,-32.776654110373705,-32.92306105927853,-33.06930939627815,-33.282577744903236,-33.59994452148024,-34.004657873953484,-34.43140633725628,-34.80090317640441,-35.060102527926105,-35.204444010111686,-35.27342044924357,-35.32713282231374,-35.42164884178555,-35.59418818554922,-35.85270237575846,-36.16552211678727,-36.463594989608936,-36.66622660115526,-36.717829510131445,-36.61380475291823,-36.39170777810985,-36.09345977000001,-35.73409214562629,-35.30225604069349,-34.79592566615783,-34.271241416843736,-33.85754669213839,-33.710311820355706,-33.912897946173196,-34.356374799449334,-34.648571176974606,-34.12840844670666,-32.05667020028332,-27.98756941813262,-22.181190661748026,-15.75903215148575,-10.331086278262932,-7.197413858683764,-6.651080372893151,-7.875224312922951,-9.466608089500738,-10.188818783044741,-9.476579913913824,-7.482307944552131,-4.8109447164436885,-2.1984185248209624,-0.24429132
7kg_16bpm,10CA,4.55030961,6.086713666795527,5.10767622081398,-0.06632429851409377,-10.10144580700788,-23.672424021667812,-37.58397206299965,-48.393703122608166,-54.30165007334508,-55.719506037132085,-54.34374765910715,-51.88672001782956,-49.44028069481899,-47.48534762601375,-46.119055565219654,-45.2451767679854,-44.692848137835895,-44.28993395232873,-43.90440592712402,-43.472106824297505,-43.00484849546582,-42.559796656498655,-42.20253345642896,-41.97960183920604,-41.89032837226727,-41.87963443482264,-41.87370618815486,-41.83161741221824,-41.739660893161485,-41.55604059900859,-41.20531176424341,-40.628109945477085,-39.80469046424491,-38.72812409373218,-37.37640259199352,-35.736531913911364,-33.880712467987934,-31.99916945378358,-30.31097871786743,-28.9457689853738,-27.92441601665751,-27.21338122001318,-26.754747715224614,-26.457783682600585,-26.22412064273546,-26.00574777692243,-25.79453205814632,-25.542762351205273,-25.155021625372726,-24.615546091456668,-24.090253556449106,-23.827221054969556,-23.934552559788006,-24.282594164436926,-24.63982649052484,-24.884499213471756,-25.05826803243768,-25.260457101467342,-25.561724229604316,-26.00245293899077,-26.591799552370457,-27.2759327606401,-27.947415176177174,-28.519177754282985,-28.97689753043642,-29.35034707884593,-29.666301922668286,-29.941737898382293,-30.189325099135257,-30.423624834659805,-30.678043663746127,-31.003964846082816,-31.441072705610274,-32.007714355585996,-32.71436641311931,-33.539976020683326,-34.380042311099245,-35.03739459706072,-35.35570521702402,-35.4312728717255,-35.638306175257746,-36.35078955390693,-37.51195659960634,-38.37252514520619,-37.747248119589685,-34.84532817260831,-30.170236682389575,-25.61771104965887,-23.277667998338895,-23.764430023626083,-25.68348261252467,-26.784325945485328,-25.567858004293438,-22.07087268162427,-17.502277236890407,-13.119987724982431,-9.415841214875124,-6.336906202764382,-3.876167808168874,-2.125806731272923,-1.01621203
7kg_16bpm,1AB,-2.79551624,-7.00915383365453,-12.684799859955232,-19.135861324700052,-25.561790349497098,-31.278415334035937,-35.84483834467644,-39.089448795928725,-41.07715846540941,-42.05437110396839,-42.366517342530464,-42.32973155026872,-42.100450314417664,-41.63497362506671,-40.798566733713436,-39.541289053872255,-37.98788181148496,-36.38326186542124,-34.95490789554806,-33.807841086565574,-32.91823481013729,-32.193248848189995,-31.535443053403316,-30.88488307475981,-30.236682842661747,-29.62554168173282,-29.08983186345592,-28.623685063895074,-28.150055098833107,-27.56700322883082,-26.854753758985364,-26.14607952651338,-25.660118358583578,-25.523906690939025,-25.64267829107676,-25.760133685350585,-25.65346162645103,-25.283983933037042,-24.776827344545005,-24.267794673951684,-23.784946391168678,-23.271725646979768,-22.68849063933907,-22.073507844572298,-21.532824905551735,-21.191832361847727,-21.124382221895967,-21.296064902710576,-21.59969072810417,-21.969075844603125,-22.448228535248905,-23.141316339574274,-24.10455543864747,-25.29216626739032,-26.58509720140573,-27.85858905726925,-29.047572371589332,-30.181420652971944,-31.364640481751824,-32.69639811590853,-34.19056126214642,-35.78360131231115,-37.37218648015208,-38.80751679201243,-39.91046952713367,-40.57002594681614,-40.83550694318334,-40.866837247105366,-40.77246358358393,-40.533687811286605,-40.11116151710797,-39.58652423997266,-39.14917307597803,-38.946894026186925,-38.95320329003372,-38.96354734909833,-38.75241412243808,-38.28473710920169,-37.755254207709974,-37.38719867746901,-37.22963182949855,-37.1831687809421,-37.21400814870709,-37.50679884180128,-38.28519890041577,-39.268754634285486,-39.19708374735535,-36.17025400646438,-29.138861906366124,-19.583937024709495,-11.311554202253081,-7.604012171820434,-8.527749106672083,-11.365909477541841,-13.208786922345569,-12.957805858980022,-11.392258715909666,-9.736113472624034,-8.294745808914731,-6.507035440330781,-4.099677
7kg_16bpm,1BC,2.5127389,-0.8636190036848366,-7.776343494748581,-17.663497329823343,-28.644488260000006,-38.159686005499815,-44.100692186810214,-45.78804696712493,-44.13732921,-40.921859442652696,-37.73789910585813,-35.39884931486358,-33.97693818,-33.1876381093608,-32.714342915616896,-32.309674087361344,-31.773021860000004,-30.956407313102652,-29.82913582221918,-28.52734876107991,-27.31259976,-26.443245374014552,-26.0392602662511,-26.028749150985774,-26.206822600000002,-26.35236207844433,-26.32496919769804,-26.101923125963616,-25.758924,-25.423960468343942,-25.22551800485135,-25.25221003048761,-25.526335710000005,-25.997045420501518,-26.568121490045254,-27.151203129602504,-27.708141820000005,-28.257724311880228,-28.850521543696427,-29.52461937222055,-30.262007250000003,-30.979644491400123,-31.56991932058224,-31.961424690802342,-32.14927671000001,-32.17601873117872,-32.098084075719136,-31.97310661909648,-31.860042470000003,-31.80766594142877,-31.837559363222617,-31.938064771480363,-32.07030660000001,-32.18922626282975,-32.269858345397004,-32.31919705390047,-32.37429659000001,-32.49502091893291,-32.741002393208625,-33.12613458294672,-33.58809822,-34.00475938909016,-34.23957797856539,-34.197865432612964,-33.87832312,-33.38650116210817,-32.88908370384355,-32.53677294850495,-32.397472920000006,-32.43343906330109,-32.55267197881482,-32.696195914361134,-32.86760102,-33.083288722263184,-33.3121696449505,-33.474033404173184,-33.51004546000001,-33.467620377656,-33.508806332402905,-33.786511511771764,-34.23246964,-34.41894309974734,-33.65031026197825,-31.307209029069934,-27.294257280000004,-22.285189998966818,-17.50101145576656,-14.123912275610474,-12.735755870000002,-13.0684178274968,-14.180106994614215,-14.995558648042083,-14.876940290000002,-13.81910345036203,-12.154721051483882,-10.128921678989009,-7.8180404900000005,-5.3637429390166576,-3.0988808908667727,-1.3806168390076927,-0.36387483
7kg_16bpm,1CA,0.73931986,-7.320216978167619,-19.255168734879927,-32.18888473690155,-42.495955262379525,-48.05783907127445,-49.283770582954816,-48.09972332030427,-46.34174788728275,-45.084081165218784,-44.74375256740644,-45.19847843131316,-45.92549266947455,-46.42435524799178,-46.610069555042244,-46.722621396064845,-46.91394281142868,-47.007211765192366,-46.69593387351209,-45.91566068555184,-44.87479446615258,-43.776524083898614,-42.680966248091444,-41.59690157262856,-40.50683012538575,-39.24720067050868,-37.52074414386717,-35.23068233124186,-32.748560084142795,-30.620588409728736,-29.089773232886085,-28.065490840931428,-27.39701950445257,-27.01187629880228,-26.868277767730042,-26.936254103686625,-27.188573661341348,-27.49896983631019,-27.61939167616987,-27.34772452416412,-26.661333292245452,-25.72725896722771,-24.887801250990385,-24.531422605309693,-24.834436874829876,-25.653557717455282,-26.676648114014345,-27.618341918333584,-28.3115686232841,-28.704777701639852,-28.865121255482137,-28.972800744882136,-29.166433658834702,-29.378948908814888,-29.415727034857817,-29.255908961670848,-29.137938400513946,-29.312958156733213,-29.822408976757185,-30.461432273005723,-31.000352833061775,-31.505308036415254,-32.282448236804136,-33.39930326234417,-34.49457557091035,-35.18815669609877,-35.41352859270325,-35.328640822469275,-35.15339845184343,-35.0890516172134,-35.09008175383728,-34.57236718957609,-32.73170657317033,-29.647226529138948,-26.934961821987315,-26.432728588536175,-27.998292978210078,-29.666163219818028,-29.720281864041475,-28.011263082292587,-25.806691593283013,-24.421318737132886,-23.853343709819796,-23.264300883935228,-22.4204094808002,-21.743051131437092,-21.45286852560283,-21.360706881759533,-21.194925107609834,-20.781475091297608,-19.826763283654866,-17.880519332634943,-14.963570553090028,-12.059988323126797,-10.178960845003335,-9.179097299828765,-8.15491517781474,-6.518398198776209,-4.4796575786988955,-2.557655625405682,-1.10332415
7kg_16bpm,2AB,-2.87935323,-10.223392981922935,-19.908412452635773,-29.611704906724633,-36.95875728261216,-40.92324702342665,-42.06989648882998,-41.706665562849885,-40.92664483648186,-40.232447628029924,-39.68489304905973,-39.17055904375545,-38.556057369445526,-37.74375005004113,-36.70899891276162,-35.520950268128374,-34.29216217545947,-33.12107581471561,-32.118056984025166,-31.43418830552988,-31.159274011692585,-31.17650167384476,-31.20679208921472,-31.076435920216465,-30.91892208484984,-31.014176241820852,-31.41230184608033,-31.78917940399394,-31.709600835223902,-31.00107855106318,-29.848318489393307,-28.592851738961343,-27.505406504119392,-26.68386285989893,-26.06721643829173,-25.53933242504041,-25.044377577963523,-24.60918182717339,-24.278538445639185,-24.044665377166414,-23.834532778744595,-23.573482487441527,-23.26703580031958,-23.014086149688442,-22.93723914232618,-23.093422139164456,-23.46019762993605,-24.017013875252914,-24.80862248876601,-25.876090540088335,-27.12232448582871,-28.319246477381522,-29.30675227433941,-30.148478342446662,-31.03207509043534,-32.026187295427725,-32.994401419194645,-33.78078115805048,-34.44203461702855,-35.23019596772,-36.31637394007316,-37.55358902075127,-38.56648094830485,-39.09576035874499,-39.20184873554429,-39.118679178432124,-39.007293063087786,-38.92105051284311,-38.9226651673044,-39.09113819037707,-39.40077095822945,-39.68524153811572,-39.771793941690504,-39.62624564462262,-39.35304300025984,-39.095014691923545,-38.95140698570314,-38.97630323874457,-39.21029846339227,-39.63359013517916,-40.074092707602766,-40.2238580832585,-39.824035753126346,-38.918600770780536,-37.93295740344832,-37.30855902165508,-36.82691786796773,-35.34785371907438,-31.53063456222918,-25.144866468500794,-17.682106872388683,-11.4734600548179,-8.172417750711874,-7.866199289200159,-9.233138663590589,-10.468437305203853,-10.355235379974378,-8.736223741247292,-6.216092965279379,-3.599797946782707,-1.53223255
7kg_16bpm,2BC,-2.51342974,-9.960305447650729,-19.315176570171875,-28.71196857500865,-36.28368860655984,-40.95363580144331,-42.757445254497085,-42.55308841157198,-41.39692227413985,-40.027009309709904,-38.71194737021074,-37.41701292092653,-36.066303873506236,-34.70360120257846,-33.48238041720329,-32.54685509296998,-31.921942271605374,-31.494075375654806,-31.084942047411868,-30.561692006187123,-29.915194227576084,-29.258652155551555,-28.74762343698443,-28.481110666382406,-28.450213570335404,-28.55712116,-28.67696647356641,-28.71883174672256,-28.660692955410862,-28.54499368758389,-28.434848572813465,-28.368119502463188,-28.35249906588801,-28.391275011054308,-28.4982032197438,-28.68717932376303,-28.952395072916453,-29.26527079970076,-29.596651632212026,-29.94038278613594,-30.31318544112512,-30.72944951664312,-31.169215060212473,-31.56636739296644,-31.834794012159996,-31.92111974211587,-31.844419230996618,-31.689347528398546,-31.557572719382204,-31.517480783527027,-31.5871146,-31.752690361744047,-32.00023994091833,-32.331130028832696,-32.7504584569268,-33.24128159699847,-33.75123048247414,-34.20732671253972,-34.54424138973145,-34.721628890590594,-34.72661457290333,-34.57151357818172,-34.29791082377603,-33.98052737871001,-33.70668926265574,-33.529650005763045,-33.428222518133,-33.30976139496948,-33.0628276789679,-32.628310816832965,-32.04431259652335,-31.436684362821943,-30.959514437088455,-30.71956344051857,-30.728510723554606,-30.90941033,-31.138687945645152,-31.295797523737853,-31.311127899969197,-31.211024158923045,-31.141817899636028,-31.338075510801865,-32.00177526702302,-33.088135366100765,-34.085819529286525,-33.99482842077895,-31.69444828788353,-26.661872107616535,-19.64119726783819,-12.641027908238877,-7.944849830076993,-6.7253229750179235,-8.393126677338547,-11.140872427928414,-13.114198656028865,-13.338607491846071,-11.903422387059106,-9.503104193064887,-6.861572207179992,-4.4745487599913565,-2.61911065
7kg_16bpm,2CA,1.05928513,-3.20691171716107,-11.41697564348697,-22.957906698544903,-35.66239510714006,-46.59415340981499,-53.45888255043353,-55.68152714060824,-54.42533002099287,-51.65106367409477,-49.005700258201415,-47.26724342403994,-46.45476408917647,-46.25427510925478,-46.385640941841935,-46.74609418524122,-47.35948759799192,-48.23940874045128,-49.27761740533823,-50.23225194020034,-50.817615516102094,-50.83420135615889,-50.26063919497863,-49.2546585910251,-48.07167879424513,-46.95446677,-46.04066950285669,-45.31948437095291,-44.65079535900511,-43.838232332676114,-42.7279677409879,-41.28441127025557,-39.59588701696086,-37.80997931364241,-36.056508561710345,-34.423735825427066,-32.9815765204552,-31.779182709862397,-30.79832364975273,-29.9391424724198,-29.09055060061371,-28.226842644025325,-27.431837410368587,-26.829408997626878,-26.484957639450986,-26.34468989677647,-26.239039959246572,-25.948777427786386,-25.310050180181694,-24.30149441329437,-23.05655790000001,-21.800371534667885,-20.75753220381073,-20.07827504156204,-19.800477794737056,-19.849129266623947,-20.077163487372978,-20.339528269065212,-20.56776052545127,-20.791628745402527,-21.085118733758762,-21.491883715324267,-22.00628878909347,-22.616875695238495,-23.347290416354753,-24.246731278604273,-25.350797025682564,-26.654701619259555,-28.10011968003219,-29.55528261584152,-30.814519504256666,-31.670689105615445,-32.048498867593715,-32.09262533632594,-32.10647202570085,-32.37514271,-33.01267100301444,-33.91971590076647,-34.812124299143775,-35.26293616420587,-34.820936493759255,-33.28153110475676,-30.98315686798347,-28.815044354788952,-27.741680122723135,-28.1248572503121,-29.416027173863213,-30.444107231005745,-30.034484002501706,-27.586164175631925,-23.389441579033626,-18.54198850885012,-14.398794955360122,-11.801592118284864,-10.681357199737903,-10.30728336873669,-9.848036210606606,-8.807297572874434,-7.163665515026757,-5.239837203214918,-3.44341776
7kg_16bpm,3AB,-2.51341619,-3.705944224116533,-6.936967558794776,-12.761613722845764,-20.35417636,-27.98321196609005,-34.13481358391725,-38.275479663910545,-40.768393550000006,-42.23946398839381,-43.0186354132697,-43.06207173002137,-42.23649328,-40.59583818001181,-38.437869941927495,-36.179512750172215,-34.190726100000006,-32.68827920358101,-31.699881403532245,-31.11296460266766,-30.80380103,-30.717227124887124,-30.801255618109302,-30.919391785652827,-30.881598930000003,-30.545704325406852,-29.876492216148986,-28.948006820124135,-27.94589735,-27.145141099086086,-26.799398696914864,-27.0019256714213,-27.6092748,-28.264321778246977,-28.555876879427835,-28.238051179689915,-27.33782922,-26.069680986786945,-24.652561039323214,-23.224142713105184,-21.898989320000002,-20.83618230305461,-20.205594197735866,-20.08121560860241,-20.362937930000005,-20.816715473663763,-21.22545813146879,-21.54320274613433,-21.910240780000002,-22.499717496846444,-23.36194913188016,-24.424793753227245,-25.62018771,-26.95608808052132,-28.4206082529877,-29.869290401164786,-31.0915779,-32.00781305776417,-32.763185347868315,-33.58144323373777,-34.5378386,-35.50573201636477,-36.307323901587694,-36.8973734716175,-37.38673630000001,-37.89548696712519,-38.435056324309215,-38.944130256459054,-39.40651019,-39.89857629049669,-40.49743074781338,-41.163233719717745,-41.728532470000005,-41.99075862613521,-41.82805541851571,-41.26876552375672,-40.45615679,-39.54698979242363,-38.671958162724586,-37.95609542131824,-37.46562329,-37.12041129548378,-36.70997266113274,-36.03952202974228,-35.13541933,-34.34645160457258,-34.17678026058827,-34.813864125917725,-35.55530743,-34.67931741217225,-30.346180559553897,-22.343038997277024,-13.13859131,-6.462927661531455,-4.2501670068866835,-5.3599210255665755,-7.16189062,-7.7566316620164155,-6.853269456322623,-5.112112649442487,-3.14519805
7kg_16bpm,3BC,-2.40930799,-8.669382281469007,-16.620628773213927,-25.073546343660443,-32.66265640838245,-38.32125155857507,-41.621489863276324,-42.81630390913275,-42.58401675491904,-41.65113281146299,-40.51516271268831,-39.377061177918726,-38.236888399962965,-37.03676374164188,-35.76038187291227,-34.45207958743772,-33.178032870635505,-31.98590483271336,-30.897557011950685,-29.927809370675313,-29.10443875796532,-28.471982764354898,-28.07366245336948,-27.91802908583004,-27.95348107053538,-28.07318540244133,-28.15244388511206,-28.10390357074771,-27.91923274869144,-27.666641590772294,-27.44434409877762,-27.322586061208526,-27.31523461971277,-27.39519996416737,-27.533192005393737,-27.72535497905695,-27.99179874325596,-28.35556518596169,-28.819075137474186,-29.354148444378055,-29.913419910094845,-30.449650413063505,-30.927256704750004,-31.322123823303862,-31.612241307962876,-31.76951579126769,-31.762801245400844,-31.574207847940027,-31.223887470653384,-30.786162059731005,-30.379757530000006,-30.133380804492763,-30.137918417908473,-30.403095442121796,-30.844300024378136,-31.316673573050437,-31.684550825600105,-31.885886687627647,-31.95102521782705,-31.970512765913497,-32.0445579928549,-32.24513919622538,-32.601113055886124,-33.099722185927284,-33.69127512677422,-34.29407571698573,-34.807181289831014,-35.133608372466284,-35.208115571909225,-35.01618581734571,-34.59628487658349,-34.030437494130965,-33.425618087756746,-32.88488642919434,-32.48225842455205,-32.25123721731167,-32.18205582400917,-32.22369168078862,-32.29929714872989,-32.33866437321885,-32.3173993744592,-32.290788950224524,-32.3950056180186,-32.780062547609184,-33.460438258037094,-34.128971724451425,-34.066268287740854,-32.31586448988657,-28.19297509465343,-21.925726278386712,-14.949951530257412,-9.401546790294837,-6.922368641600701,-7.643333873111578,-10.16456233023999,-12.480767431121059,-13.101598797567346,-11.65736746725779,-8.762283026126257,-5.426049853024152,-2.52464137
7kg_16bpm,3CA,2.27392541,4.642465052176959,6.361608508341311,5.604071935248837,0.6686138059092348,-8.97606687215006,-21.866420947870388,-34.75229672683081,-44.25152713691366,-48.874239661824646,-49.52537086793618,-48.227512776171814,-46.606746148841744,-45.38195494242589,-44.68799783626674,-44.477281769786046,-44.67442487894747,-45.18270962469654,-45.8702093750472,-46.60413354095606,-47.30378599992707,-47.947728172516435,-48.538379268183085,-49.04866405190017,-49.38828552589171,-49.43209533862131,-49.07098892535238,-48.22766797434408,-46.85238498778782,-44.94324959809069,-42.623481736882404,-40.21857951928518,-38.17407585233774,-36.79006735861076,-36.01125438606218,-35.508091323632044,-34.95466143601016,-34.20975531428792,-33.301667691580484,-32.29531441365753,-31.18350561891402,-29.939210919558892,-28.662700295115844,-27.599078548756825,-26.940251049416037,-26.637802414843463,-26.486789681325988,-26.353463925831427,-26.18747939298741,-25.844016972396506,-25.094490340000004,-23.893610365942074,-22.533829357334074,-21.45941872602735,-20.952780371482756,-21.0170981004353,-21.483561203267847,-22.149132468279415,-22.861247106314543,-23.571386028256246,-24.30726198548909,-25.068452110555924,-25.789964930751655,-26.41309077877364,-26.951993843615593,-27.508598147518804,-28.22151994385132,-29.121468294902964,-30.066822104892296,-30.910473536793834,-31.68770614562333,-32.56667490018763,-33.638688958489325,-34.78403078730773,-35.726725412770975,-36.24271376469221,-36.371311493397116,-36.39541363008069,-36.54299623589708,-36.74266674170733,-36.73707668530146,-36.41920904447794,-36.02225045164719,-35.944043125168186,-36.275827530609774,-36.46263642077242,-35.545926128588846,-32.94124654548804,-29.13728812387739,-25.58717460631654,-23.685065004853563,-23.612602525414225,-24.055423068726263,-23.19183090951233,-20.220716138541267,-15.91350822578999,-11.663190655077955,-8.243318159962714,-5.596338972707021,-3.444276702875636,-1.76353699
7kg_16bpm,4AB,-1.64817239,-2.5472630614120906,-5.266594965230908,-10.446181363422825,-17.621702704049078,-25.422974900834088,-32.385713369958886,-37.6848741240391,-41.27882545178264,-43.50774192597773,-44.626406606440575,-44.70108086253408,-43.80301643865073,-42.14905706852412,-40.05148643403192,-37.80406906203699,-35.632834788616236,-33.73017686949465,-32.28073159932714,-31.389568945081894,-30.995728059526712,-30.898464078252413,-30.873595258992086,-30.768665413102156,-30.538730459718632,-30.25042232986431,-30.037404145309523,-29.984567868653823,-30.013535121985967,-29.898452831254293,-29.43248339665407,-28.594012443839972,-27.54549171097001,-26.49128573155968,-25.570108557162317,-24.86044878399155,-24.400940665205425,-24.159557225698403,-24.019605540476636,-23.83629594489752,-23.517505469831832,-23.066114817349057,-22.56739029751895,-22.136465338436555,-21.84514868644113,-21.6717906339132,-21.53266350027751,-21.387723676863523,-21.32543472904841,-21.527576393190365,-22.118748660547705,-23.031265419990547,-24.03469658167237,-24.927198471472558,-25.70741509296,-26.55596655014047,-27.65158412736314,-29.01099576479509,-30.487904299883546,-31.8917760855262,-33.101833305507924,-34.11433402028218,-35.040627009140316,-36.05846930679702,-37.294316936928475,-38.701620972633926,-40.057497571870705,-41.092158843359584,-41.64724008975068,-41.76456388272072,-41.65635435157174,-41.57120415699741,-41.647143789181065,-41.85108045394001,-42.029843873783456,-42.028939194927524,-41.78945644179595,-41.34491321608177,-40.756245704363444,-40.077936201898325,-39.37453122741136,-38.72700075978649,-38.16379794075934,-37.62429019592737,-37.095849523186814,-36.757882167197685,-36.86709121609371,-37.34106403445199,-37.34064049199813,-35.37062111062157,-30.20687338286735,-22.20611279689148,-13.73506443619309,-7.70109995018258,-5.275368068227751,-5.311496100570977,-5.83344396118789,-5.651558562110395,-4.663839885074884,-3.2126384311469787,-1.64475172
7kg_16bpm,4BC,-2.49035953,-8.756144419669829,-16.559103292275196,-24.900387839437812,-32.61365832340222,-38.76703140586316,-42.91256829272079,-45.08310933263798,-45.62333989528458,-44.99881894974859,-43.663327455341836,-41.98949087487434,-40.241244469672566,-38.5628226031992,-36.98571300474041,-35.47429254896715,-33.996748000230795,-32.57727957860569,-31.30037812014537,-30.26944308550449,-29.552261805759663,-29.148904668931117,-28.994309798474447,-28.987281468855546,-29.02762308965722,-29.04177669,-28.992869943843637,-28.878409934171007,-28.716482684458704,-28.528278747776056,-28.326376364687547,-28.11578590600963,-27.902473218417118,-27.696805472139033,-27.508424734294508,-27.34316117590041,-27.20732617542774,-27.115431048684115,-27.096723237027774,-27.193433488795318,-27.450070579649484,-27.89342685239471,-28.50361263747029,-29.20050210479206,-29.866227953489698,-30.390607171591135,-30.71236990427328,-30.839845469123947,-30.842195453754535,-30.817028153716624,-30.852996430000005,-31.000897004273224,-31.26017078757668,-31.579784411152495,-31.877730445130513,-32.07809569759173,-32.154084373352475,-32.160476592367374,-32.21970277800476,-32.44639106125567,-32.861626684852595,-33.36413370545388,-33.78405485240804,-33.98956711635566,-33.97752870425642,-33.88352910236264,-33.898646897092966,-34.145577279660145,-34.59823176140398,-35.08854340793011,-35.388183988306785,-35.32365183463172,-34.87499193388568,-34.19981568400732,-33.55771979819407,-33.184905410000006,-33.179158990034324,-33.42681105205622,-33.597830942862274,-33.24437181199217,-32.013219527921606,-29.899935171214825,-27.36165572414067,-25.093164491358813,-23.506758985219108,-22.328389085507858,-20.7789742039345,-18.29537334197079,-15.131542067561876,-12.202168028635192,-10.294652413907757,-9.470181371913457,-9.20647198696906,-8.964986758584335,-8.529699294966209,-7.889383112386833,-6.994500490682152,-5.750351798136415,-4.192507726068017,-2.555065716353742,-1.13844786
7kg_16bpm,4CA,2.682144,0.959102449033567,-4.178831022291276,-12.990618212897086,-24.257358292224872,-35.63671038787055,-44.80685296223251,-50.56994214933396,-53.10880271908168,-53.42783839105185,-52.620945688558564,-51.44755672081096,-50.27417638906022,-49.22747656141966,-48.37195259998382,-47.790736630884105,-47.556201995262136,-47.66257974588349,-47.995539638832064,-48.36471311873858,-48.57910925906396,-48.519452355240425,-48.161971970699035,-47.53551017950629,-46.65718270968576,-45.51988474735855,-44.133180905860705,-42.562541994499675,-40.93828313961716,-39.430875526040154,-38.192759275119435,-37.29314396390146,-36.69293388782974,-36.27264207998934,-35.88617049697255,-35.41653169239816,-34.82804516945908,-34.183969929439655,-33.580248069731134,-33.037709528472135,-32.46857549857801,-31.76115607244185,-30.88951000759203,-29.936613945729455,-29.026684749244872,-28.23838636069656,-27.551144857889746,-26.856537478267054,-26.036636227682244,-25.046217964941416,-23.934705865746686,-22.809983338490408,-21.78616331664058,-20.939875897370385,-20.290917134037617,-19.82334562333014,-19.53767864394274,-19.490989396104396,-19.780731483366033,-20.478565111724254,-21.56271188396487,-22.89289840242027,-24.251225309093062,-25.437761373330325,-26.365871243218194,-27.092626377391287,-27.75481651783996,-28.45642600941064,-29.202938614985985,-29.92878932166123,-30.58208333980985,-31.182218223567535,-31.796240615102494,-32.48584477264244,-33.28766437086986,-34.21140936373665,-35.2281413905196,-36.26131178608276,-37.18889677957789,-37.84820542062186,-38.04440793191269,-37.60374916340523,-36.5056729798222,-35.009146310854774,-33.58077909935949,-32.56811516636573,-31.905656889242277,-31.149604759581994,-29.80445976119625,-27.716699917132168,-25.185101454922012,-22.59767629524946,-19.949996038275444,-16.92527751806576,-13.458345847931447,-9.99547851185566,-7.144400465393003,-5.177030673736022,-3.897757634964261,-2.9263097576566124,-2.02772891
7kg_16bpm,5AB,-2.20530735,-6.437157138814554,-12.067379897638489,-18.475535702507862,-24.8885684641256,-30.633449737952134,-35.29845640627387,-38.748336943607626,-41.03341670242662,-42.28284666116913,-42.66327127146584,-42.39229401466826,-41.717987577398404,-40.842236316906884,-39.85515242911663,-38.73378077031382,-37.427306435279675,-35.982565294118615,-34.5818048470342,-33.44209122386555,-32.67797795427884,-32.24979839529433,-32.00938743000709,-31.78147829561035,-31.42070847957832,-30.842066201105215,-30.036690413567143,-29.067155281684894,-28.036212561457077,-27.04803695906696,-26.187362260157332,-25.518972083425087,-25.09798045697203,-24.96857579593586,-25.113304254166582,-25.385156998855038,-25.536982037137914,-25.377702272759596,-24.907429027358006,-24.287592317323803,-23.687870232152136,-23.19204596374175,-22.831060641451824,-22.63476960631697,-22.617561594378273,-22.739446605822547,-22.913151771701727,-23.052294758411406,-23.1240512621418,-23.16856266661488,-23.26844876555796,-23.4916739597322,-23.843681403444855,-24.27183712546516,-24.722521363790353,-25.19713375392532,-25.758103270075573,-26.486965088641433,-27.440369848582378,-28.63397904387239,-30.042421655997536,-31.592468069058825,-33.1557599827865,-34.58148774683211,-35.76394561968165,-36.68111146287836,-37.366324116952896,-37.837508272668316,-38.06560640401352,-38.036985807983534,-37.842445553062525,-37.67819793974442,-37.72085352512575,-37.96325389144058,-38.17498396569578,-38.071569752620874,-37.56279040060165,-36.85142838630228,-36.281268195183955,-36.06766182722074,-36.151462658550614,-36.284675633077654,-36.26206244143684,-36.11920383572135,-36.14734999474841,-36.71765204023884,-38.02266596387952,-39.76373387981788,-40.863237221107084,-39.570127105285195,-34.35004016158062,-25.322115834174962,-15.02259411517127,-7.142440133604426,-3.8709691753829834,-4.543682161494319,-6.719785388076853,-8.14334865507536,-7.8939292836467345,-6.284502645694855,-4.08906871
7kg_16bpm,5BC,-3.83894818,-10.941367670268605,-19.399646286429018,-27.9805380219657,-35.430204251559665,-40.841168344965034,-43.872842950534405,-44.75268657624209,-44.084643976612206,-42.577814181123,-40.81995912035351,-39.16235774377143,-37.71888976629365,-36.44558238937435,-35.24964765255278,-34.07631724304663,-32.93990295082193,-31.897538044135906,-30.995482774145156,-30.230330889670515,-29.552791003430915,-28.907551671963997,-28.27657720719387,-27.693721824606932,-27.22446271514238,-26.92800271450522,-26.825695326816074,-26.891982021964175,-27.067806614643803,-27.28373303279636,-27.479736276938155,-27.61678051201659,-27.6796852966285,-27.674721400316756,-27.62304266092773,-27.551255059774604,-27.480544572735653,-27.41920437371699,-27.367881389005365,-27.336528429030007,-27.356819794079673,-27.477252186364858,-27.741963921352646,-28.165039780976272,-28.71543941932462,-29.320351625811842,-29.88734209618265,-30.339960080198537,-30.65160193447149,-30.855827319151764,-31.024034555005287,-31.223578675497922,-31.481320185413608,-31.77709837418825,-32.07053448931428,-32.33762610434431,-32.588617451360896,-32.857671488601625,-33.17605875165845,-33.54723217698593,-33.938630258827104,-34.292065162826084,-34.5443276047395,-34.651630036290044,-34.610591182234224,-34.46527661535513,-34.291891153125896,-34.16539327472161,-34.12731071332212,-34.17332872948756,-34.26191215837863,-34.33326079486372,-34.33032639785432,-34.21634220585963,-33.984674441695816,-33.65994627765165,-33.29145721406054,-32.93822583073122,-32.65291127424192,-32.48040745242414,-32.46906611471667,-32.669222940825875,-33.09006070261523,-33.61292362596419,-33.9053735196684,-33.41269436547139,-31.498161265265153,-27.734596296076422,-22.228093532317406,-15.758772735893736,-9.574939146190296,-4.9082337283112345,-2.4854868634177754,-2.280779606235441,-3.5765464669675473,-5.282716864014839,-6.391317590632747,-6.364946676319842,-5.267113965055001,-3.5785866834055167,-1.85135958
7kg_16bpm,5CA,4.09083993,4.041838925510401,0.3453520008232111,-7.804613010282347,-19.638023380066006,-32.940741779966416,-44.95014339358815,-53.53904532512309,-57.97647765530721,-58.85991300400009,-57.45441981526118,-55.03048883998473,-52.540678531884915,-50.5631268160559,-49.33781741574899,-48.82125099432343,-48.76408131501759,-48.81880535746098,-48.6675205915402,-48.14718045852024,-47.30674126867081,-46.32617714278166,-45.34270735633201,-44.34074057063541,-43.21007156982783,-41.90942549877122,-40.566336546859176,-39.39431817820506,-38.498155607934024,-37.77476911699823,-37.00789327793607,-36.040385349029506,-34.85986126177113,-33.561095780248465,-32.26084725230847,-31.04300675336421,-29.942292658350688,-28.94954807101171,-28.04809695477728,-27.249548142887026,-26.5848858644948,-26.06283957363631,-25.63319400442645,-25.19182273393055,-24.641566738958282,-23.98043358831851,-23.357076259213116,-23.013338906003867,-23.118848844265923,-23.630142211858256,-24.307651168067277,-24.88759202422061,-25.266053107799035,-25.539615082389627,-25.87774309623097,-26.364902841148282,-26.961117583483187,-27.591313468714855,-28.23663043379613,-28.902387901409604,-29.5058853522108,-29.875426129082705,-29.912426050930854,-29.720451699119273,-29.5414810287772,-29.579437577503032,-29.888200933559123,-30.38537663924969,-30.925856951235936,-31.373673438881678,-31.666655981191333,-31.85443074870217,-32.066343091823086,-32.42233911382773,-32.94352935952817,-33.52167049960253,-33.99204559570458,-34.270487694064435,-34.44659351994781,-34.741296462340884,-35.30083995258135,-35.935736059919535,-36.04816185584591,-34.92244454786123,-32.299086574105374,-28.85755914812455,-26.059010652114647,-25.153389005721774,-26.096866450671122,-27.4500751965631,-27.389195822050347,-24.948534998592063,-20.57633617582108,-15.666957928099084,-11.476025225736077,-8.441411079379431,-6.366680745452131,-4.8918995735628545,-3.7344918219714125,-2.7183499115768863,-1.77535028
7kg_16bpm,6AB,-2.78100086,-7.267702917046741,-13.244427015802076,-19.73554903567467,-25.69226033434332,-30.53407023236168,-34.27567373033721,-37.22511758080862,-39.610843821127936,-41.41754221321196,-42.46780667378822,-42.62974778331575,-41.96545005689297,-40.70310105867775,-39.0978458947113,-37.34079408470934,-35.57674223772283,-33.96632245522982,-32.701015779259116,-31.92268774284526,-31.60797668674213,-31.56020808293115,-31.547428070777357,-31.444915671355705,-31.244518112664903,-30.960441820693404,-30.57609723566987,-30.09334182635801,-29.586218234387573,-29.157342954096826,-28.83989485954939,-28.560874475856302,-28.194098035325204,-27.634179677208657,-26.834941599339814,-25.814603228906698,-24.635861860643292,-23.374982931502174,-22.106111189504134,-20.9049306963318,-19.84820553298333,-18.99751455795374,-18.38604799526158,-18.02590479299485,-17.935324515033354,-18.161065037890474,-18.752245467454628,-19.693835005516025,-20.873934904641388,-22.12726965097731,-23.316145103975447,-24.382757423011448,-25.34828655319426,-26.27204596770436,-27.211911404324113,-28.210042144447296,-29.287527630537628,-30.436157123561458,-31.617459297784585,-32.78453723050171,-33.91705097642328,-35.021057734809375,-36.08176477665624,-37.03496306067046,-37.800693165305034,-38.354277315895715,-38.765083682099586,-39.15547213689883,-39.611082447520126,-40.12410270367375,-40.6155228789763,-41.005784354268336,-41.249935058675064,-41.307771838526236,-41.11534052961816,-40.621324119811256,-39.85548352382017,-38.949475377737535,-38.08561115178188,-37.40539898136023,-36.93075944295088,-36.55383607935867,-36.128407569180304,-35.63300667109333,-35.28053148930767,-35.43009610861677,-36.25398442762249,-37.306675817933694,-37.34651767704537,-34.81184920886703,-28.95875093991563,-20.893691864650705,-13.364478958820499,-9.045205800812546,-8.679410648079545,-10.74590190623398,-12.745434054241843,-12.825381142447924,-10.599537701020024,-6.945799845882021,-3.24485388
7kg_16bpm,6BC,-3.32228133,-8.535709788796165,-16.39472898795087,-26.20913726373089,-36.264280009701274,-44.367078923285305,-48.88444210379907,-49.54998003872059,-47.447343613663676,-44.25879590097244,-41.38351389613128,-39.458306317770194,-38.397798221346974,-37.74767203726612,-37.070123418314736,-36.16930748082307,-35.108946337119065,-34.0847710438731,-33.25645970169651,-32.638496025259954,-32.10605369486255,-31.494466424635593,-30.712776597369583,-29.79872762763484,-28.891986058404026,-28.153170584831255,-27.682537016554193,-27.48658681289327,-27.499735957267923,-27.6281541961409,-27.783105811615705,-27.89595172101123,-27.92541446151238,-27.864061502608735,-27.741342747685092,-27.617692500761695,-27.566062667535657,-27.64586920585222,-27.87950914913691,-28.242092394408164,-28.672140298097524,-29.101901163595482,-29.490913565730917,-29.840637204812268,-30.18263125396946,-30.549145559367773,-30.944759792588822,-31.33890655579254,-31.683855867582448,-31.94353480686999,-32.10962858160828,-32.197789676658424,-32.23888392741606,-32.27629864533396,-32.36136912214149,-32.53607902205773,-32.80945010361652,-33.146950854345135,-33.48460920617656,-33.761876787344434,-33.95358471670864,-34.078224910704186,-34.17380623625358,-34.262769814621265,-34.33926506291019,-34.38786550465551,-34.411071432492996,-34.43653699160419,-34.495752322009025,-34.59653135720173,-34.71463111380949,-34.80691463601256,-34.829895787678154,-34.749190587578475,-34.54230953154268,-34.208325881899135,-33.784330775867375,-33.354713519732485,-33.041363170662784,-32.96922451617782,-33.2102786286032,-33.71191092897492,-34.225093507325816,-34.27825530052872,-33.26404780471532,-30.67686295362837,-26.433056633112443,-21.07386306896338,-15.639591344418028,-11.229924945013531,-8.533138678870326,-7.588033079988325,-7.837063391575409,-8.422746685297593,-8.610431501407842,-8.095138988032843,-6.989950754865979,-5.5592051607918895,-3.989288691720735,-2.397845966558888,-0.96948926
7kg_16bpm,6CA,-1.43867824,-5.055546817612949,-11.915178128372617,-22.038677438598807,-33.9703371855441,-45.11318930313607,-52.93155337352538,-56.257800075713114,-55.82793393147207,-53.58861348988519,-51.3252740732201,-49.795125616883986,-48.875280350732965,-48.223515175977454,-47.74052857701124,-47.5749759982025,-47.85446998586219,-48.458138553640396,-49.015389359442004,-49.103048401330284,-48.485057195616605,-47.2393686889792,-45.68441181634863,-44.15364890006036,-42.80947072986264,-41.64584178656096,-40.611896359638834,-39.689585285371855,-38.86960480317844,-38.095103317057344,-37.24867388118021,-36.20249997514882,-34.90105301830448,-33.41466278713823,-31.91217585879579,-30.582678484612135,-29.576292148070834,-28.967595910250328,-28.71411975843101,-28.643145903558803,-28.535616723327582,-28.28233637441305,-27.967696422398124,-27.79007192870638,-27.889664382845105,-28.22924832256908,-28.606410552467295,-28.769021790041275,-28.555145675418846,-27.97713974848006,-27.206838780000005,-26.48164659807944,-25.980113876484904,-25.739094448871732,-25.679986067080204,-25.717814814033165,-25.829242804850928,-26.015028743142533,-26.231803797455488,-26.397434939342162,-26.46559971958549,-26.469301406904904,-26.49735098977001,-26.65159036163761,-27.009608622961167,-27.590222345254748,-28.329775101404667,-29.101081684638746,-29.789467083989834,-30.36646683004026,-30.888521663419766,-31.429617220980557,-32.01992980117182,-32.63021465506694,-33.20219310708336,-33.708536668090275,-34.1994256682426,-34.79400052776186,-35.61766933373305,-36.70020391397331,-37.867079944956174,-38.68186872925435,-38.52980820367937,-36.93845481800821,-34.065637448231016,-30.943062949962457,-28.993061356857186,-28.98854201745499,-30.396414746664433,-31.698966954976044,-31.341438507073374,-28.61375283283354,-24.01940394323219,-18.914776785413657,-14.55035878157117,-11.301588892110868,-8.804318885646904,-6.635467053294934,-4.700121901889906,-3.133988705009818,-2.03949814
7kg_16bpm,7AB,-2.86379924,-8.110798491763072,-15.052268184252476,-22.721954658110768,-29.943479773300258,-35.7619011085868,-39.72421760465246,-41.915067588753686,-42.76237544747714,-42.76088015467139,-42.29117750626202,-41.5844122463239,-40.75216825069197,-39.81137527845018,-38.70170519267104,-37.33768422721183,-35.715207106363266,-34.00048815796949,-32.48584271787696,-31.407123568429142,-30.785655617341877,-30.45062360272153,-30.19221001788094,-29.87841986920674,-29.467059101798462,-28.97511198598618,-28.455041979886907,-27.9710857900221,-27.56536603483988,-27.230338828030888,-26.91876110552861,-26.587526819316782,-26.23206726589696,-25.883003703443624,-25.565172760965496,-25.248685037591574,-24.846653698524506,-24.29035936427025,-23.622138783171494,-22.999450506176984,-22.5857475265319,-22.43254532086864,-22.45958152245548,-22.53468316401726,-22.566110678385694,-22.536051767544258,-22.47770249899602,-22.444947880358175,-22.505819189188365,-22.73877280884825,-23.207892088176727,-23.925600552510282,-24.826269261248044,-25.779054443126846,-26.6665551953675,-27.491169943280077,-28.397280364078505,-29.560428777378934,-31.03377008146765,-32.68368641144367,-34.26206263962004,-35.54672634232431,-36.44025976067138,-36.97671495247425,-37.275191518908166,-37.49995935761919,-37.83479899221242,-38.42996712160119,-39.30897390945086,-40.30663174341396,-41.13311782377608,-41.55494026892661,-41.55699731269803,-41.36010184192538,-41.28283159944711,-41.54983300151407,-42.16309025099768,-42.88520363196488,-43.356884423796004,-43.344860619068214,-42.98474484146242,-42.76718603671554,-43.144408592717376,-43.973641668892434,-44.2677855436789,-42.603766676882465,-38.050394571453054,-31.021670514393136,-23.331852543318952,-17.159515723821414,-13.655953540888845,-12.377377617013407,-11.926023343313215,-11.134229447910503,-9.752305097365154,-8.159181273205562,-6.614084614599561,-5.023941724090932,-3.336566395335816,-1.7929798805513897,-0.70134781
7kg_16bpm,7BC,-0.7485822,-4.172107409611947,-9.95379545579177,-17.580272690685646,-25.908150550020995,-33.554661119512474,-39.39392716969678,-42.913423830278255,-44.265422488432726,-44.04010847206954,-42.936906124944464,-41.51507110854463,-40.100728133106,-38.8133259919338,-37.639592438591215,-36.51147825192225,-35.372632945592905,-34.22027657456616,-33.106976353965734,-32.103960515609884,-31.254949732895593,-30.55491099346377,-29.963724494306078,-29.43829143244845,-28.959922712678516,-28.542912917018334,-28.22381830426071,-28.0394393906925,-28.003436842459053,-28.09175917499988,-28.24502097049594,-28.38990340625945,-28.4693536882717,-28.462578915263542,-28.38501653281303,-28.275279226136718,-28.180659152925553,-28.146777148312115,-28.208383170254486,-28.380219218192003,-28.65368655207912,-29.00208219231497,-29.389310807729682,-29.778129926065642,-30.13728620712936,-30.44331899536726,-30.677062685582108,-30.822633158946424,-30.87377819283651,-30.84233169460786,-30.75887804094318,-30.660384703831905,-30.571739322685954,-30.50077273810003,-30.454114721913104,-30.458188300954806,-30.562305320573145,-30.818218198769276,-31.252611779324443,-31.85525615676458,-32.58938421866637,-33.4072144168487,-34.25386027038651,-35.06412692109499,-35.768451333040325,-36.31376567633993,-36.6854471178505,-36.91094331885945,-37.042272202508116,-37.131208507922565,-37.21156285518094,-37.2961724828037,-37.38627696076838,-37.48069978852761,-37.57030727160155,-37.625248303335425,-37.60333041350884,-37.482446326342675,-37.28551840973992,-37.07205946116823,-36.89471522874487,-36.735755228976544,-36.448887632163824,-35.7393474951419,-34.21985931808617,-31.558891303120117,-27.679618242433172,-22.905784955907162,-17.92691908537927,-13.5290648706161,-10.234979397048193,-8.126552795293538,-6.967942102847177,-6.474589887357045,-6.477769272950189,-6.862744127216779,-7.387320289092954,-7.615874566555271,-7.102465940059241,-5.7034559278357175,-3.72625356
7kg_16bpm,7CA,-1.98109696,-10.17642597086685,-21.097609133460207,-32.338003761388485,-41.411776048171795,-47.1108033921843,-49.83881851870603,-50.72935136047294,-50.620223804821244,-49.86102105903102,-48.73032114878653,-47.66696231069751,-47.0779392121516,-47.06825869846518,-47.433113483050384,-47.87225925097674,-48.17541115577942,-48.25520201777447,-48.087436597289575,-47.660570610064354,-46.96642987570693,-46.01374182297631,-44.84249211216572,-43.53885538342707,-42.241361057722486,-41.091973933180796,-40.126701887975074,-39.215949288614866,-38.152239685750196,-36.81567949151342,-35.256752983559004,-33.651826968192694,-32.18954782224257,-30.958608259548566,-29.92268962284224,-29.01109677542991,-28.24008030327326,-27.719645962976045,-27.5273782581944,-27.601271629261838,-27.78753145814876,-27.975819674579277,-28.131982659454636,-28.207220171979376,-28.088596015044015,-27.67671769027781,-26.988604845354818,-26.16621572305141,-25.412906636315295,-24.93182181484538,-24.866411803980306,-25.213427802767534,-25.78814368122346,-26.342505295873195,-26.764469977529085,-27.141495533803628,-27.59383812716809,-28.091248546603545,-28.48731243132608,-28.680093152611313,-28.697173131956184,-28.679022669533516,-28.79451081152565,-29.115354390328868,-29.546805745667324,-29.910883545565454,-30.120563766601517,-30.268347715900376,-30.549554754310968,-31.09700199615263,-31.844301161926285,-32.53242104429137,-32.91920988855516,-33.037641533394066,-33.21091288683498,-33.7446870891042,-34.61121480051257,-35.498709848364996,-36.155853398141325,-36.621119989076085,-37.09326585633419,-37.553876547821446,-37.497839007190485,-36.15746307160893,-33.23641977325836,-29.56340139498197,-26.81819854381661,-26.194090481084245,-27.249405952008296,-28.221686266094636,-27.49363146831062,-24.805085702927226,-21.188109481434207,-17.786929538134114,-14.930019321405227,-12.322559581702727,-9.690441506857567,-7.078809264788197,-4.7755371943703455,-3.031866187317723,-1.86450506
7kg_16bpm,8AB,-3.10881387,-8.17319447025321,-15.041035292636257,-22.759088267611023,-30.169530816247686,-36.3042081833073,-40.63779394769388,-43.14759933544231,-44.177454524926446,-44.18441327727134,-43.531717189724276,-42.43073081112134,-40.99339524018684,-39.30998610144787,-37.49685687702217,-35.70369376812638,-34.08190100055478,-32.73589816662702,-31.692962914951856,-30.900154468418123,-30.254556373346762,-29.66488777249525,-29.104451927576562,-28.61543953448667,-28.255787628231413,-28.036449294701526,-27.900406463713495,-27.746267407045583,-27.472766566594732,-27.01937475479779,-26.394422021440324,-25.676612144356618,-24.971682261676722,-24.346104111573567,-23.797191262724883,-23.28877964086192,-22.80935944739843,-22.38802046415692,-22.06068350805077,-21.830892422178074,-21.66446228784523,-21.512824169570823,-21.332115737366426,-21.094090117315197,-20.80562766373556,-20.526793730442,-20.364359349507215,-20.428772928212066,-20.769271521896595,-21.331770687119505,-21.974043278668145,-22.540920564786877,-22.96740219868872,-23.33761545105186,-23.84028359632921,-24.631322680594746,-25.70572504713495,-26.902677686025108,-28.050322522182128,-29.108559595615034,-30.172086407049846,-31.349155292233878,-32.649822865480154,-33.986158174120284,-35.25521764267989,-36.41122337201989,-37.46432703136383,-38.41962320089971,-39.23680497411808,-39.8634773544952,-40.30211699409975,-40.63224581774976,-40.95409632985279,-41.29957393003524,-41.599330834862265,-41.73964099246433,-41.645730393228014,-41.31890354248609,-40.81059833476306,-40.16139028926915,-39.36827140264466,-38.433901568653695,-37.48247619752442,-36.831116388588455,-36.88496387725966,-37.82104977002341,-39.20538056312352,-39.82839195181042,-38.03344765156356,-32.61757726831628,-23.9466638781527,-14.377434273659821,-7.1253818622330956,-4.081613341583508,-4.611277733566267,-6.421429071239808,-7.40164921743328,-6.81898529207679,-5.184099386957828,-3.3212877054961125,-1.71103106
7kg_16bpm,8BC,-2.2303187,-8.149290578111318,-15.676085827748658,-23.940026606326047,-31.79163988726748,-38.11834790409881,-42.20188967375565,-43.94286445772923,-43.81743053336447,-42.598168603553795,-41.01480469887636,-39.53257755884619,-38.31243409813802,-37.305336141947656,-36.38892802166352,-35.472328619037064,-34.538172615411355,-33.6245881676135,-32.7743952602304,-31.994617075985538,-31.25665523065167,-30.53138967332849,-29.824323427861483,-29.180455850181332,-28.66043475585781,-28.31274862838548,-28.157358421913507,-28.178925029201135,-28.32851364713202,-28.537340201286554,-28.742193107030445,-28.91074646628342,-29.048805821059865,-29.18494946650663,-29.34521341428339,-29.535634301387027,-29.74309251103771,-29.952497362181298,-30.167744975500387,-30.41686011323901,-30.734250460341652,-31.137215590600622,-31.61538959062206,-32.13763417682641,-32.66693158826876,-33.17091817638803,-33.62341319672987,-34.001542564592704,-34.28470169944323,-34.45670347382014,-34.51151118,-34.45973410168081,-34.32962032544862,-34.160083097031126,-33.9899258296478,-33.85028797632937,-33.75943574320927,-33.71844640748582,-33.70946828974245,-33.701808356032316,-33.66558139419417,-33.58481624935395,-33.463859651448686,-33.32676866359048,-33.21172285807699,-33.159922745675495,-33.200839989011136,-33.33985229985511,-33.5537229066959,-33.79393548763093,-33.994133557895,-34.08310166370412,-34.00647336123943,-33.75255988007709,-33.36673715153208,-32.93844828522744,-32.558767127558994,-32.26717419713339,-32.02607343307373,-31.752401359316494,-31.392413035760242,-30.988493048483807,-30.68927739291666,-30.684959526181387,-31.0776384082613,-31.729194777763396,-32.167410078110414,-31.640229540648164,-29.36803532090049,-24.942541323498034,-18.688784098165126,-11.73639161312889,-5.652139530082551,-1.7711203107199007,-0.5919252551608073,-1.5726200392396614,-3.4397042867215077,-4.849255612685084,-5.029591434230056,-4.037395846714605,-2.50046268
7kg_16bpm,8CA,0.55577351,-5.390304313993455,-15.753411777200212,-28.691124459433752,-40.89716189936739,-49.462603961483154,-53.41502633282818,-53.679672731546276,-51.92917696413155,-49.60035888974707,-47.57352572907724,-46.23187819126344,-45.613429213697444,-45.56358487722204,-45.85173480730271,-46.230918566281076,-46.48154604720154,-46.470861777694296,-46.182810535108224,-45.694153820493256,-45.11259143253837,-44.49910481574509,-43.826618507942854,-43.023210566530885,-42.05854115771584,-40.98021885306929,-39.88284151432891,-38.86974184946674,-38.00515097522448,-37.2577020672504,-36.51260858508671,-35.671910174768854,-34.75252788474853,-33.888536905360496,-33.222467873242834,-32.77925518109377,-32.44371054895272,-32.068514660677785,-31.626002939177894,-31.25838079635225,-31.14063135406535,-31.261787347767246,-31.365371881765384,-31.14539750369163,-30.482031931022963,-29.453164698791145,-28.15801591667119,-26.614992463508695,-24.85409241244265,-23.053650012747053,-21.529422420000003,-20.577208018082246,-20.320731086840468,-20.687974799084028,-21.49459565522236,-22.519937181181934,-23.53497663492382,-24.35383739756111,-24.916986211344103,-25.29936633816721,-25.625328490211984,-25.983326290582728,-26.403439409843028,-26.90383797555049,-27.54872024182765,-28.418593367236667,-29.50460786704375,-30.662358148908446,-31.70004010002998,-32.51495822248993,-33.149901631100796,-33.72400997903752,-34.31826079331992,-34.94319616957016,-35.58080607319368,-36.20658528734198,-36.77652819991152,-37.21180206331955,-37.41031568818972,-37.308611389692125,-36.96797829312042,-36.60720390914094,-36.49019607083382,-36.67114814078334,-36.7593425861405,-35.966770823239656,-33.60322204911063,-29.80166051425482,-25.812974082791314,-23.22816568871127,-22.568773575447462,-22.822086353671896,-22.47320741689469,-20.749656092196595,-17.91435748318668,-14.657852431747433,-11.454943344080245,-8.517554318624352,-5.990045035297972,-3.95879392583678,-2.42024245
7kg_16bpm,9AB,-2.67950113,-6.218509997770289,-11.466500934324504,-18.173319783871733,-25.523400894240996,-32.43610473979137,-37.96902529056325,-41.58953863268209,-43.2706085147853,-43.4159770964996,-42.64392575694067,-41.51153716469079,-40.319791282653824,-39.1124034158192,-37.825304636784566,-36.45289928521033,-35.11276678165488,-33.96982680988893,-33.10481321351262,-32.462808468943315,-31.91751588188188,-31.374782161622118,-30.823919166786418,-30.31346142732458,-29.890756353035922,-29.548081658536326,-29.212942048800013,-28.79626975852772,-28.254930530127822,-27.608620094543262,-26.913689733531076,-26.226253977412394,-25.571683287357775,-24.940758842673656,-24.31687382055007,-23.698629584373347,-23.100313319116736,-22.541566930729374,-22.03182041074322,-21.56407074336069,-21.1421925605375,-20.829131461603232,-20.736519891381505,-20.920605437366927,-21.299339037629714,-21.709870252167974,-22.056646285430357,-22.396759186236203,-22.884509682503587,-23.63368567929848,-24.628229950183716,-25.751512895673496,-26.876145719210424,-27.92554071542229,-28.887927876369623,-29.804703611197347,-30.735069079825983,-31.704756896948762,-32.682023628030194,-33.61155188572573,-34.47770600002346,-35.33041775002446,-36.23825629397217,-37.20764339332697,-38.14848523772486,-38.92389050569268,-39.43227405356469,-39.66154895187495,-39.68798273363936,-39.61851217086686,-39.51016555551836,-39.33716368267366,-39.04754296705957,-38.66495066967765,-38.32037267539713,-38.15399639288522,-38.16306043398895,-38.14870063506279,-37.86911259209091,-37.31121798996122,-36.83314446266624,-36.977445680433455,-37.97440218301131,-39.21161340071166,-39.14437086068797,-36.02751611154296,-29.293461556262894,-20.60103643467778,-13.259021211303029,-9.97558724829058,-10.904024462508671,-13.827018702900459,-16.049637719304936,-16.154861860937903,-14.408188204942379,-11.956646618644974,-9.755555901795185,-8.026620207489936,-6.432880250549125,-4.646987364738834,-2.7636485
7kg_16bpm,9BC,-2.62819939,-9.468933775382409,-17.80644952156525,-26.53891397291745,-34.420915291053106,-40.47323629752604,-44.264832926386255,-45.93133422432344,-45.973430143693996,-44.99296802283801,-43.4982151939554,-41.81837054946347,-40.11068004067404,-38.42684568147083,-36.793692642529344,-35.260040877057314,-33.890283886292195,-32.72891546439779,-31.776332581499485,-30.994779919376715,-30.334147069711605,-29.75759874095845,-29.254386882967232,-28.83685968691538,-28.524868565020178,-28.32574817379096,-28.2201097971224,-28.163786137222807,-28.10784365708155,-28.02166500153279,-27.903675640082756,-27.774598045108057,-27.660056761564057,-27.576281060160582,-27.527128735390104,-27.509728997629622,-27.52306119557529,-27.57470381144507,-27.68164648021341,-27.865039670981382,-28.140732414136814,-28.507696026099563,-28.940475077477682,-29.395543952155872,-29.83246163070128,-30.233064198871784,-30.603438581891396,-30.95966052700044,-31.30945351282207,-31.64122605660052,-31.92446132,-32.121845606403845,-32.21025608861621,-32.20043795479984,-32.14371857279904,-32.119356103093374,-32.204894370272484,-32.442870847193035,-32.824472225567284,-33.297580984631146,-33.78802262388873,-34.219315124524925,-34.52652290650921,-34.66908591092985,-34.648215044213735,-34.52353169858737,-34.40904051877698,-34.434509969406726,-34.68511472987947,-35.154828691883274,-35.743496522482964,-36.298049216939674,-36.67028264337789,-36.755391502201505,-36.49722312261934,-35.88028554178017,-34.93235354657676,-33.738596427474064,-32.45260432632834,-31.291133601715252,-30.50141224158917,-30.28928734241954,-30.709749922660635,-31.542206190594246,-32.21245365801666,-31.858208668205943,-29.60048057852798,-24.972261128552734,-18.30696772069572,-10.799199371968465,-4.068652856309493,0.5807681397577321,2.7075157041169695,2.7413358422210172,1.5680571596915511,0.05923152306948539,-1.1851266746294533,-1.8688515869970945,-1.9397843171316318,-1.5267572169133805,-0.8709465
7kg_16bpm,9CA,3.77828948,2.765457750268134,-2.281211662931052,-11.85455691203124,-24.443646935997393,-36.96028614953104,-46.39794897927239,-51.48668591807327,-52.97032008624758,-52.51953740763368,-51.47569769297711,-50.39763459215765,-49.37095078845698,-48.446732971049386,-47.78132089829179,-47.50549200663082,-47.57635353499482,-47.78195804012518,-47.86738420654315,-47.66145103681988,-47.135410037107505,-46.39182462293464,-45.60748651377671,-44.9433549200965,-44.453910583618615,-44.067104483888436,-43.663722569748984,-43.1836127005735,-42.66054668688408,-42.163571979913826,-41.70134406053621,-41.17509631712955,-40.43057012965561,-39.36660383069388,-38.009504356232185,-36.500721377284485,-35.02003602602551,-33.704991247323925,-32.59663007698303,-31.640785970543327,-30.757672418305226,-29.908040785021075,-29.098606286760077,-28.363648208291377,-27.745769448037024,-27.25779090911388,-26.841177365161094,-26.378438323936724,-25.764322180547538,-24.986346436594335,-24.14926351560821,-23.40455097067481,-22.843175668595983,-22.46296075826812,-22.228988147718628,-22.138626157466994,-22.22576128976132,-22.51261964293619,-22.957982882094086,-23.456378242877584,-23.898810283567485,-24.250507706011074,-24.57883722250435,-25.00147077817504,-25.582399903017592,-26.258326226651697,-26.86872303768982,-27.28472398920993,-27.533652813290317,-27.795641650717393,-28.26066790452103,-28.971634021597144,-29.80471515817067,-30.60145263538813,-31.312018793095092,-32.0138329320677,-32.81713985271794,-33.78077358380074,-34.90997767637954,-36.19029185965745,-37.570117007699906,-38.85006908804253,-39.560115271093885,-39.032974799524204,-36.80641846250292,-33.15906836795681,-29.2516136633789,-26.460853762237143,-25.313840347661227,-25.107339789811757,-24.61733849667766,-23.089417539249254,-20.560737307133696,-17.559079717995054,-14.6160080410484,-11.890098866138633,-9.249351754871597,-6.663697652754292,-4.360006163164253,-2.645924690180826,-1.63431517
