cond,seg,p000,p001,p002,p003,p004,p005,p006,p007,p008,p009,p010,p011,p012,p013,p014,p015,p016,p017,p018,p019,p020,p021,p022,p023,p024,p025,p026,p027,p028,p029,p030,p031,p032,p033,p034,p035,p036,p037,p038,p039,p040,p041,p042,p043,p044,p045,p046,p047,p048,p049,p050,p051,p052,p053,p054,p055,p056,p057,p058,p059,p060,p061,p062,p063,p064,p065,p066,p067,p068,p069,p070,p071,p072,p073,p074,p075,p076,p077,p078,p079,p080,p081,p082,p083,p084,p085,p086,p087,p088,p089,p090,p091,p092,p093,p094,p095,p096,p097,p098,p099,p100
15kg_10bpm,10AB,5.13382895,2.615629947842127,-2.043999029850546,-8.504232838358774,-14.504508750629409,-16.767296369947097,-12.88402268026083,-3.1322123274808327,9.525007535005187,20.844962968061253,27.299805230000004,27.50449406173952,22.384405352469752,14.636742191633875,7.504147761908919,2.8450761081060354,0.6015245197053308,-0.5111653334407262,-1.866292772144832,-4.219202698685901,-6.91100441,-8.403509797975218,-8.327297385401979,-8.736182493366806,-12.376256866812817,-19.448489021333685,-27.241430957863315,-32.60649084968086,-34.07933057493858,-31.78292734973357,-26.7640041,-20.16701866707137,-13.108896950722695,-6.996240124549606,-3.3739934006170063,-3.2373953487370457,-5.88248062738878,-8.917713161216884,-9.668998759356013,-6.835667798285424,-1.4676444000000002,3.562819734827421,5.787703701290621,4.947673651733417,2.527660396717966,0.3503259899989481,-0.1312110473704839,1.8018544541547348,5.599788339840382,9.087770272683118,9.52933735,6.086875744741736,0.9586197278305838,-2.6952690528437424,-3.3253053611050385,-1.1164171816470316,2.7051650199787574,5.6579788388246115,5.62858580702876,2.905177595351327,-0.15950761,-1.1790461549687004,0.0822436831625425,1.9389654245032673,3.015646431574204,3.130353956527608,2.8779026338104403,3.236912451078767,4.756731669721009,6.672401190140269,7.245746740000001,5.251509513420913,1.218540550310559,-3.0093383851777094,-5.8508830080683945,-6.576789105280541,-5.416736555991155,-3.338051001491923,-1.4242469679491123,-0.45496635471591607,-0.89643854,-2.6432007880103203,-4.5554632444142555,-4.790249793064196,-2.472598785654838,0.9648913834155619,2.924501241193678,1.8513846453897467,-1.3711711579810881,-3.946058459546433,-3.18712569,1.7392569347916562,9.310484961608436,16.384605374541415,20.183382665468578,19.593027056896165,14.446906811983453,4.516621514431138,-9.663217987127732,-25.09363782210202,-35.78369442
15kg_10bpm,10BC,8.67595409,7.048632071321958,3.632169806373824,-0.532461120742658,-4.456705018604668,-7.410215728098295,-8.849237669432243,-8.472614572989963,-6.454277848804531,-3.598846783864011,-1.0289270390689806,0.5168901746731406,1.0996908507253715,1.294050255025162,1.536692174661447,1.7562537806400564,1.522384726859152,0.3148932710940668,-1.960526087657119,-4.310777567523621,-5.10217656,-3.6688051876325973,-1.0493052323831056,0.8696250029184535,0.6435317415488165,-1.919926283777792,-5.682856106559948,-8.835005102521212,-9.966811079323167,-8.798428951413552,-6.134741750057872,-3.176098859359958,-0.8486045228945365,0.5733409437850404,1.420474578015673,2.2832226759212784,3.6661374471777766,5.62489299564517,7.450229451220866,7.928532691377421,6.30648265,3.0479080903691425,-0.3492648177216314,-2.2089519935636046,-1.5852350307328174,1.1871560933926282,4.5610955403093,6.644889146935459,6.380092252281528,3.988011761202112,0.49043487319304874,-2.9370250529141937,-5.414172432150493,-6.556845699457107,-6.448143223962304,-5.470970092458637,-4.088414805046627,-2.7524420215954413,-1.8860269047635125,-1.784349344893671,-2.5780537600000004,-4.217704830666578,-6.387445372159334,-8.47319919762966,-9.595658094895208,-8.860276675620339,-5.963831177406175,-1.6980169522386566,2.2806369971980485,4.2836971392251515,3.477544646601024,0.383862064345879,-3.378820432743032,-5.950687246035107,-6.233718226060992,-4.412015642803802,-1.4893507370923957,1.566508954960571,4.20879601467183,6.181856995666025,7.280075929999999,7.264073341194056,5.702002522169476,2.0497704755614197,-3.6907664028062865,-10.496013146692869,-16.507374569614985,-19.75511315586952,-18.99226929924461,-14.0641238518941,-5.789411027351481,4.2740612605048875,14.093584237935096,21.579672043790968,25.299362798510966,25.12317411372267,22.364246157092932,19.286536193572882,17.915239219809347,19.10211885393328,22.64182779
15kg_10bpm,10CA,3.96936174,-2.453816982125886,-6.0398335244775865,-6.473984591027772,-7.404515168699436,-11.708141478771498,-16.585211330902503,-16.880878155414297,-11.976641176613645,-6.418681171435965,-4.222943940000001,-4.475717843325194,-3.7775507119675034,-0.5193463797617472,3.380854264156926,5.319438984020354,5.646074559491902,6.1466088673626205,6.270796811758373,3.7045419749126385,-1.61804031,-6.49112432108252,-7.606806887498256,-4.374393021663678,1.221616644721094,5.997954107053351,7.356495223149899,5.162187941629345,1.9900529642750393,1.2335438625832849,4.225381400000001,9.390120893507614,13.98926646514423,16.47342755382348,16.889451785562432,15.154541603683153,10.962071100476468,5.065895163777815,-0.20942121590225662,-3.456639189135889,-5.58631281,-7.586610708886657,-9.487950402615274,-11.797583167534833,-14.703741218035152,-17.57833544854601,-19.522507817309894,-19.589139454366144,-18.350374070347787,-17.802392254451988,-18.44489456,-17.513353303301216,-13.074207612947012,-7.164972747684907,-2.696288996620074,-1.4449735696084214,-3.482136518155648,-7.033073694237491,-9.870764284532214,-9.939081326716442,-6.732562639999999,-2.531103511546402,0.09791345889777264,0.7907024109754651,1.0101544566693008,2.150947454770143,4.756586809168344,8.022903837656974,9.772645814720288,8.189121467999623,4.31095736,1.1102500836916565,0.6156170128629496,1.8559866770057065,1.7874799031130049,-1.209144409330076,-4.958207233160216,-5.9574946947842635,-3.4631515905050656,0.8439389319622782,5.180386960000001,8.433757776714911,9.934367233255214,9.437506455997564,7.69176277765563,6.2311493905376905,5.960845941836813,5.708422403248764,3.655510724979482,-0.08232391613563511,-3.535726660000001,-5.387104345122426,-5.6579655222197305,-3.7931381409723866,2.2647747849156548,13.260596751563059,25.93426884841282,34.35969173000889,34.77637430359333,29.475191341381457,24.88008398
15kg_10bpm,11AB,-3.04211106,4.339483197286208,10.055092814164858,9.843807965283228,3.601001613028907,-4.367658575514009,-8.32477871569523,-5.156765479033587,3.6065481357555194,13.317471483353655,19.860744889528043,21.73695091831883,19.824916590471307,16.290370086237683,12.96486645202133,10.497084952447226,8.819755067824163,7.599585129868482,6.47735146148483,4.984445824818028,2.5110779911760552,-1.2369179000996768,-5.419361102791791,-8.460084431889621,-9.850672603428642,-11.037254940000002,-13.614903576033733,-17.81580201690228,-22.252469374585036,-25.55253524250697,-27.157877429558162,-26.74566376909118,-24.62955723707634,-21.813718621857557,-19.10683099219203,-16.64744698205518,-13.99060108131267,-10.85457020860633,-7.8093695088397,-5.640545878519257,-4.272844924090357,-2.7563822098164494,-0.35869355982263784,2.3999897439288436,4.247016872313312,4.476096137567409,3.515945928083955,2.523824903066384,2.422120007996561,2.8742304354996047,2.7294925200000004,1.5974879714194101,0.5182547275054576,0.8792677557447226,2.929155999624322,5.4438011141219365,6.928052724910662,7.221823822853686,7.508096211962382,8.543410283532811,9.215078498306386,7.696569703542228,3.8689349535650415,-0.2659425285719647,-2.6205523378972413,-2.7220954996241966,-1.6726230539587352,-0.9796347907581374,-1.47810793994261,-2.7427292641489527,-3.4081058086607023,-2.754482149658044,-1.4717694993780135,-0.4577552712468925,0.4056686572355823,1.59856516,2.7051379157372826,2.738349301904041,1.2637652708050093,-1.0814516799829041,-2.7989737443863834,-2.5102216661540164,0.3512092487177591,5.183723211006438,10.132714962852814,12.65264476807718,10.558485282591702,3.668357702718742,-5.361598384141363,-12.31306770326853,-13.877721780741282,-9.516497432135983,-1.6351765148386617,5.810819646003061,9.202686615041625,7.4564260294473925,2.5715199900264754,-2.632003222289705,-6.2240975444483775,-6.564106151331926,-1.56529539
15kg_10bpm,11BC,0.33165355,1.0130376950643216,1.3156817459036576,0.7500337206710749,-0.5261778756530784,-1.9157923972204414,-2.9358395088636473,-3.55341242152703,-4.144160269842655,-4.984349732753423,-5.591478438459519,-4.917865623027664,-2.628219494400031,0.3303174664384838,2.5421480002899495,3.19733665431771,2.403646836988269,0.7316253295335311,-1.0263007158062638,-2.0579549235718835,-1.9043548225309106,-0.8328125866309536,0.27574927984038866,0.6102997600398927,-0.09140459938271805,-1.654470449628242,-3.718821015813111,-5.676303792146966,-6.603939474877583,-5.709270134656168,-2.808367487892638,1.5756042172819904,6.213875775830075,9.476428744325895,10.088081511087607,7.738216964139031,3.2099615561645676,-1.9872010710120975,-6.200281212821773,-8.123683619208084,-7.167926372617071,-3.7144546660360325,0.9685917480399362,5.332725401050016,8.286953822640072,9.46945755611946,9.010672672201723,7.145495524439729,3.978341953131156,-0.34670083197584667,-5.050257539665648,-8.534908219484977,-9.188586805914358,-6.923772126779106,-3.6277304539453183,-1.7083943688024417,-2.3375910939126205,-4.751792542691304,-6.9792705060934725,-7.325809893914007,-5.3058507252391545,-1.6823943575744298,2.0097284720312643,4.168280946357641,4.029011662182374,2.1083837648016934,-0.2968377843923772,-2.04074601633028,-2.8054787080923322,-3.1238621121171843,-3.5914380753478885,-4.063095958967634,-3.6900450360306882,-1.7352940070502425,1.4887599084097123,4.460652870463825,5.397201211441151,3.5496441168881656,-0.34875798630328636,-4.468515968673451,-6.8671677253234416,-6.680418846804076,-4.495325828083772,-1.8254126325609024,-0.28532433274562474,-0.8028267441529471,-3.1330492930115406,-5.97930119817893,-7.588297176204733,-6.622306021839826,-3.02236737077417,1.8294857113375085,5.740497302164772,6.536478258068631,3.0510670542952765,-4.003911861267088,-12.180247408100993,-18.080875463466278,-18.17151124895344,-9.929073754790254,6.73476721
15kg_10bpm,11CA,2.16788931,3.1620316402628443,4.6867784533972525,4.465288795719002,2.2803141336037367,-0.7818536107835313,-3.6434307164542106,-5.748122355492145,-7.214496703939887,-8.67009966731682,-10.116366233152595,-10.962540120859513,-10.623783440328937,-8.811353082525105,-5.7607169491197,-2.0847225400664025,0.8647016282344281,1.4917894890391963,-0.4238916493564333,-2.734201531117299,-2.603667083765885,0.8904567346465397,5.714926129365399,8.239129675279022,6.413646029729806,1.7292942793392767,-2.4312623619086158,-3.7343936814897005,-2.2782887980360633,0.2377714286210366,2.1003173741466616,2.4229070135437545,1.3706180935821772,0.10127676228803377,0.22375570715764376,2.6675380627745517,6.8679215550410415,11.180777769112137,13.959682624475915,14.548261166141897,13.331595580801944,11.045928408278957,8.639203653924705,6.978027803924192,6.271222197133954,5.772560930449388,4.222429826890967,1.0952138214861302,-3.052989223659824,-7.61826419817859,-12.275497830000003,-16.31395721960174,-18.69214321515257,-19.53903317691364,-20.300602059326597,-21.762572368592817,-23.11468958372546,-22.56508258105759,-18.644862355874025,-11.696200557252995,-4.5100207575044955,-0.23742765221145157,0.5009816042665651,-1.069667062068428,-3.4759635135841638,-5.38721004532041,-5.969499326656417,-5.193312878210229,-3.150385672208133,0.07397822239843516,3.3625624903105176,4.651595546958937,2.5772311265796928,-1.7846354858114624,-5.274155611261416,-5.2832250069162425,-2.218625703675055,0.8892976750717828,1.24184211182173,-0.8974124257226646,-2.4009524297359426,-0.5415494629731458,4.176230773432946,9.341742758048312,13.368238437629424,15.968322245588602,17.097667172100795,16.538235151631646,15.040057973464119,14.13502961260087,15.010938206701624,17.59603796971111,21.056519048617425,24.592088574968393,26.98138398813844,26.904605480733924,24.06495283796136,19.574748621638815,15.150510159145805,12.385599047927192,12.25800466
15kg_10bpm,12AB,28.6295799,22.765028995902515,12.019172442046765,-2.389593403605211,-16.241946356706446,-23.17599885543407,-19.17705499915095,-6.764775186324215,6.8515289395316215,16.117877171227043,20.02245680174574,20.399156621307718,18.816063048414357,15.491512951818528,10.734215198501166,6.476784777846804,4.577617139143496,4.676199057251094,3.6482235341106626,-1.3464412850198686,-9.49796023,-17.067668316222296,-20.12445572737095,-18.348599180118434,-15.07652758106258,-13.507848962261967,-14.592592094610037,-16.948161738329382,-18.835436534130398,-19.050622793603925,-16.908443653689478,-13.15141457652034,-9.450668876333317,-7.399384289040702,-7.318393954705513,-7.8178665718376665,-7.503827615415554,-6.343714080453487,-5.06326910505826,-4.4611009972146025,-4.489363820000001,-4.038122510560143,-2.5777545275471616,-0.5160763696505459,1.4784504466112613,3.022480665835262,4.529606304911729,6.469871884829801,8.202735042446752,8.06957483693251,5.26957724372294,1.483846954355609,-0.8455657426341275,-0.9464647686631312,1.0696160407474555,4.46137849730437,6.993971438761643,6.440924200791608,3.3444178954207953,0.11409865657594906,-2.2119919999999875,-3.505230034968003,-3.077515089205976,-0.7793349512180724,1.6972701065931406,2.5931617553700463,2.2539520571819383,2.1592046439358112,2.35655346013878,0.9892890333257233,-2.431773326037337,-4.959032953797251,-4.375810473719165,-1.584317268120977,1.4548670444882987,3.4610990416200313,4.140747299004274,4.1072785516085535,3.2352211071712986,0.5032165429487357,-3.55465357,-6.406246324648627,-6.482062132465197,-4.70323231629457,-2.930896338344745,-1.6833601291385074,0.25064595149793406,3.866450083103581,8.310847167257425,11.352907762976786,11.18468261528989,7.6791537744003,2.9045854284795736,-0.13669824591450122,0.023908996229455082,1.780139931903364,1.770326405680601,-2.057631244554134,-9.452575595425907,-17.470853714152337,-20.67019385
15kg_10bpm,12BC,30.17199291,18.88625209390579,8.096022704320076,0.6492976227922654,-2.503505714374599,-2.13130763223058,0.3268253285325998,3.622715488934118,6.833528648816421,9.348161974593838,10.876900425942136,11.191751778199372,9.673484812968306,5.510229942813382,-0.9768970888294701,-7.862044291072168,-12.779933083598229,-14.1982209304039,-12.157023788958766,-8.06096996271319,-3.738223019822761,-0.6876343960742574,0.23561155930252983,-0.9202212256335189,-3.182814697050932,-5.18341663,-5.7380884844699995,-4.440302594372033,-1.9160184514871939,0.5494524033070226,1.5189431598136263,0.2845501206908542,-2.5396154661741255,-5.321455886824951,-6.461964247540197,-5.2335339092318405,-2.0766490614494018,1.9886708577211074,6.00987098718703,9.301656544231957,11.340994726521593,11.648275171865363,10.001075420643481,6.835167029144724,3.343638142081725,0.9337024957045499,0.3693205693533736,1.2953732751141267,2.4641989176661037,2.5492635237181784,1.01075332,-1.539983872050461,-3.734060250555712,-4.485210006653383,-3.9413976518416467,-3.3775019586231227,-3.950302666629554,-5.590037180245456,-7.194763190164034,-7.652584385277827,-6.5186069865630945,-4.069538537710954,-0.9121450882209184,2.2435682805269033,4.386147165971534,4.437090148539908,1.9890177870771841,-2.0204291880365,-5.440730117698559,-6.434879773716002,-4.783054869126254,-1.7551909934670609,0.9552653596303696,2.0959127473307304,0.9713710514215844,-2.35913782,-6.43571258375386,-8.48987651143736,-6.341960320813013,-0.511832903747821,5.953364794204573,9.908999768246106,10.048811594422368,6.903543298579423,1.5096524456857423,-5.407171882560875,-12.942595123847994,-19.830207089659144,-24.728970576337787,-26.010985794277143,-21.746896881224348,-11.49772116358791,1.9110959957538909,13.253019245109197,17.932771635370933,15.318094649477143,9.622940715909966,7.224184394980143,12.235671853959923,23.821017965354567,37.0537685
15kg_10bpm,13AB,24.33317874,19.33031392304665,6.7526969983569725,-8.38308345035804,-19.942276185956967,-24.412554260585303,-21.699143003332328,-13.861846682181008,-3.92573917456678,5.556231181962444,13.197742546696212,18.16747978810902,20.74729804866779,21.678432036192067,21.384525133406253,19.448861434875116,15.162972167495745,8.660886871685506,1.4107656624649139,-4.403961381625063,-7.399937611258751,-8.011038859261046,-8.29418397005055,-9.578605440674176,-11.801707173912051,-13.616980413411175,-13.81822225920886,-12.897077881672299,-12.308789293219045,-12.619420591638935,-12.900462067724316,-11.929864906157363,-9.418274749227477,-6.865170084021652,-6.851325248116731,-10.615064316663656,-16.418436411354477,-20.57593356540393,-20.212598451930646,-15.179693201406785,-7.70613449294167,-0.8803702892694946,2.8095375837856267,2.57403233272935,-0.0011333177783441981,-1.796473195730646,-0.7641012487313488,2.0260754222521102,4.3010933274995695,5.609769171148387,7.289511652122395,9.94703614327058,12.121722277496136,12.035177273090312,9.616006351457838,6.012045053647519,2.3802297735741873,-0.4409315588177051,-1.899676181100737,-1.6657684768995882,0.3259286481074472,3.1368820142924183,4.252344821544315,1.7270188199864793,-2.600517502658745,-5.05499420671616,-3.7030628105359127,0.05289230179407737,2.833647330795127,3.069817203613365,1.4545813513980272,-1.3314912964017458,-4.343920306039539,-5.646753957381676,-3.984939962417795,-0.8021750812688582,0.7560199618166784,-0.7018424949963986,-3.274856351462708,-4.7098462870631925,-5.1522698458906415,-5.665507348755696,-5.242528583606164,-1.2824305454464178,6.433600817238158,13.942478753489512,15.928505523257584,9.71619138856935,-2.9547547118826616,-16.572560559069196,-24.471719858806118,-22.94205543327528,-13.540943618695538,-1.4041902105507176,7.922134995029156,11.214001570973288,9.112010030745155,4.604161948888361,1.3569946092834884,2.494544601824403,9.11029468
15kg_10bpm,13BC,16.52411678,8.589440026185816,2.0685660797640866,-3.46600514514951,-7.948909464091134,-10.727031207354443,-11.111955768578378,-9.008653423750616,-5.3771402828317365,-2.0630756798404772,-0.6808119407549027,-1.3584587153870695,-2.8701250113026333,-3.9592381901932505,-4.125127081350089,-3.621243023692375,-2.86862206204919,-1.864575952789515,-0.3280801251130696,1.6623617221540694,3.3238669534037144,3.560583144432501,1.9064405097376251,-1.053660266802184,-3.9985377654593464,-5.633153653558229,-5.556959904858533,-4.51891467246385,-3.5795959526158927,-3.257524902862228,-3.2444482413858204,-2.5325087014115213,-0.2534327072751508,3.5235240319007968,7.791614418541488,11.224629548283426,12.839485485191924,12.331152511851128,9.919947897105155,6.021167168946743,1.2696275359907818,-3.3764094044733257,-6.757812944266881,-7.88817505855798,-6.6612032978808315,-4.2860782894403,-2.8077672016370174,-3.5951521878571877,-5.986682780931249,-7.759634122997987,-7.109593480284012,-4.22578900684849,-1.0679050186188301,0.16457523593300727,-1.2983551878968338,-4.28916385126709,-6.725888461857976,-7.061362668092566,-4.934338396931296,-1.1862453542331601,2.653636192401764,5.288910652773199,6.262829931612863,5.810564291527843,4.227680672795429,1.6395897583751573,-1.5804916397415303,-4.6211763828492805,-6.678452840960075,-7.4493650343656155,-7.156350134002492,-6.290975653329399,-5.400432665623196,-4.7897948146864335,-4.210424816198164,-3.049913655584487,-0.955351812347901,1.8652774339327907,4.722227305132884,6.760821994970686,7.480510042524081,6.768719126838463,4.487436143428125,0.5198996743358212,-4.921268116459366,-11.243059008539497,-17.310135995541096,-21.183991936209576,-20.560285639436106,-14.099323570921086,-2.697126561536715,10.284369971504802,20.23327517892658,23.396246450903995,18.770844897813458,8.723478159496862,-1.9712390869587466,-8.058121240814327,-5.905945920395008,4.827238092041784,20.97238539
15kg_10bpm,13CA,0.22823434,10.237077938037078,17.869957969958655,18.861122549810677,11.392361109864702,-1.9949447203332658,-15.296624339934683,-22.342966511366495,-20.751402059773046,-13.406566483913908,-5.7484586074674695,-1.4831991429031144,-0.8305517798385703,-2.3967321830857906,-4.267595709472931,-4.116472510145876,-0.44611828597862013,6.80143490485935,15.30273382119622,21.114338109265304,20.879988987959244,13.7650923058812,2.2150639750073005,-8.893918833922106,-14.34631498690647,-12.020370979468558,-4.791628214243372,2.500949483112624,6.9601025032204005,8.519508128507793,8.845608630801886,9.688707956744384,11.423884094712523,12.88673303341667,13.190353545306484,12.93033875015562,12.049184214602237,9.005865021968164,3.361055659419474,-2.9821007464934457,-7.33711146607107,-8.168120129344803,-6.4981146859679955,-5.587799019915899,-7.679473155485443,-11.840659027143873,-15.599229706097459,-17.179769221289085,-16.935287643383557,-16.64077812835681,-17.354331890000005,-18.194645781955252,-17.387902452738036,-14.148993225703963,-8.759846775197076,-3.1638829949680014,0.12891611714412549,0.3425430142338954,-1.784509554068902,-4.791410866043337,-6.574223076099779,-7.133297971564755,-8.04222533666282,-8.946144121340108,-7.819486762304261,-3.8823973131280303,1.1922026665927592,4.352666371402911,3.7493764627204746,1.0002084863234157,-0.4909398242148019,0.5518354906987725,1.9255036286688194,0.982041153137951,-1.6923779626088786,-3.485804540962713,-2.824953254390866,-0.5258856475083884,1.119224922821869,0.9337137389289181,-0.10194144428774304,-0.03133196772662976,2.1369352491932494,5.60972676877276,9.574526530626018,14.052965438178612,18.44537636323604,20.309442398984174,16.894216070514346,8.492221240569727,-0.5894096112255642,-4.826590288692137,-1.6086395651957177,6.980505931308706,16.58376441416072,24.122906614666075,28.94886011483616,31.517452668173146,31.80688859682188,29.1067155523945,23.44043271
15kg_10bpm,1AB,11.26206372,3.2323259,-4.358527350000001,-11.13119179,-15.528919470000002,-15.59007183,-10.79699516,-3.0362018299999995,4.79403922,10.54374812,13.712521090000001,15.542274390000003,17.26840988,18.52752151,17.68782322,13.868668,8.63192086,5.1300051,5.034569200000001,6.950119460000001,7.531315120000001,4.601139010000001,-0.76550247,-5.539961980000001,-8.69962319,-11.861170160000002,-16.787735650000002,-24.253095950000002,-32.66625630000001,-37.66519764,-36.58010634000001,-31.51869988,-25.96465146,-21.077136660000004,-16.370771570000002,-12.212231840000001,-9.963405850000001,-10.310940010000001,-12.1061202,-13.06391095,-11.422991600000001,-6.906098460000001,-0.91438143,4.2467339,7.225941590000001,8.327604970000001,8.49076087,7.87056443,6.09668279,3.8039576400000006,2.63971511,3.3335948900000005,4.743689640000001,5.2639242500000005,4.58555767,3.98887514,4.40165895,4.81504855,3.4255362,0.54337939,-0.5535283300000001,2.8688006600000002,9.50821945,14.8636918,15.246085400000002,10.66372074,3.939251310000001,-1.4474317699999997,-2.8699103400000006,0.04787047,5.21525365,8.69009623,7.4048455,1.9815064300000007,-4.193555,-8.006382140000001,-8.17071313,-4.662808000000001,1.23843891,6.461964620000002,8.18292341,6.08053627,2.2855206200000002,-0.7679817100000002,-2.4636979200000004,-3.8370119300000005,-5.579818960000001,-7.18859868,-8.107361010000002,-7.987853190000001,-6.25601171,-2.6712471400000006,1.5489741399999999,3.909966350000001,3.15443791,0.35362888000000003,-2.0936908600000006,-1.69964477,3.71858893,14.56597758,26.94519443
15kg_10bpm,1BC,8.22670118,8.899591179995445,7.10632117418624,1.6706393720584716,-5.914505166003979,-12.33361955394967,-14.597266951613808,-12.19885697649633,-7.315620755618934,-2.9005533615927863,-0.603289816561885,0.05271758251669202,0.6623965488710164,2.09351093585104,3.7391085853821724,3.9382339225650616,1.3963414487591341,-3.1346714339269193,-7.1714496942078885,-8.814588516263978,-8.404879231204143,-7.574377571000795,-7.636199415419028,-8.577704230336822,-9.016325193089783,-7.304519155067365,-3.079883978209413,1.975894812215485,5.277045239161612,5.7727969050066035,4.630681786476466,3.5245799456338713,3.191696982493019,3.465701796799528,3.773097190415915,3.3999978860612137,2.112782777281546,0.5764867939408526,-0.18964014832830645,0.33593924155912824,1.6639758453224438,2.8405798054705995,3.485809613757615,3.6462376457932533,2.97468806902834,1.0198173436552518,-1.8955910150080897,-4.528459311341655,-5.421314148768993,-3.877412993503096,-0.736977832210496,1.9545543851261609,2.588480929139236,1.1765700920124014,-1.0443566982962411,-2.881737539281443,-3.7836097874408847,-3.5451213701261084,-2.04629038503226,0.26130233352260657,1.9063345806034642,1.3031259498723191,-1.8681414785143027,-6.0818764214396985,-8.99414715737768,-9.065158519090513,-6.243428903451066,-1.426454724300046,3.958832600438718,7.919291017506619,8.554680816470604,5.231091717456156,-0.6369950662424858,-5.930947688665263,-7.749273527547414,-5.385700994276487,-0.4800067418995113,4.415177188922546,7.313352213154877,7.1735091397701956,3.910277227890714,-1.1756138691943698,-5.643751588212799,-7.43383207521382,-6.54057734374363,-4.863498068623894,-4.24769568000431,-4.936647439540824,-5.83357870948958,-5.6997723318980835,-4.05496002927735,-1.7345136591494024,-0.13418953328327282,0.6373168945539995,2.138728119624904,6.350529447424146,13.878052442974317,23.055286540570638,31.14778722089663,36.40960991503966,38.76644112
15kg_10bpm,1CA,-4.72472972,8.281294660346063,21.83787629590973,31.074831165858463,32.12290777813384,24.274195068004772,10.969178106212883,-2.124740532109931,-10.551690109000122,-12.94286083309725,-10.342983329436858,-4.993642354118275,0.4943577204310541,3.9567707608952896,4.316202834840258,1.0063069565383176,-5.302648856333957,-11.646294044704248,-14.560750692683015,-12.75377410778872,-7.735743424298114,-2.2792903255392956,1.6373261356864117,3.5370394443517497,3.6085031142176387,2.182256521141045,-0.3551336413409907,-2.887679838895776,-3.4486028861180364,-0.7676261155336108,4.440067026206559,9.812763828553715,12.828656094300628,12.496338259636552,10.08175041822204,7.851352759555619,7.332479807094311,8.483652897380965,9.593182032413898,8.334936337864585,3.8918719059780025,-1.8998567024863102,-6.208205240376987,-7.845505773423001,-7.729994618257278,-7.550998942444935,-7.967968740086319,-8.61220168784799,-9.543293787010528,-10.943940367014058,-12.714592171997031,-14.335071966512508,-15.06932279791394,-14.839372521903197,-14.046050354242778,-12.821776349887326,-11.187802818933742,-9.527568284270513,-7.947585368365535,-6.0502623399689766,-3.2946870951976215,-0.5049248266575729,0.7523290273904099,0.2488329082630751,-1.0893493727742536,-2.573336863681796,-3.2525513357701157,-2.1085149470272495,-0.08728131182689558,0.9807497664597771,0.5486564063595221,-0.4227417550699924,-0.7548716262255757,-0.5862247992563405,-1.124680997451971,-2.4621539405436383,-2.7270905657980533,0.44038976406770614,7.135806177466788,14.242541963708355,17.868778723195597,16.61199574601842,12.25775453261222,7.868595309048107,5.106024105962169,3.158303412120829,0.20741440083370677,-4.053987084662843,-8.067354453635968,-10.126476671533348,-9.661538187660456,-6.992167757480207,-2.5770282453698448,2.988730045618926,8.577876555903272,12.43204862674884,12.826962703139724,9.838034595797167,6.146621531769668,5.317144198216479,9.54263567
15kg_10bpm,2AB,6.59289496,5.726794472170357,2.1203376334909025,-3.3403193732777465,-7.4108984032027,-6.6476042211970805,-0.5749497429673565,8.121059279830007,15.907425056320534,20.592848386071363,22.351831600000004,22.234839589614673,20.38003796019845,15.869410704230672,8.66547153058074,1.2358274348905112,-2.774044767244089,-2.0774100191327296,0.6108008454125017,1.1574393741061804,-1.79464396,-6.051595049540543,-8.771033637662885,-9.217565310514939,-9.272711946937246,-12.305733992057585,-20.12268273547622,-30.23427240060784,-38.18227121941995,-40.84553973941618,-37.35376944000001,-29.223850787723425,-19.624702538585474,-12.015127266420999,-8.055150561594441,-7.131167250832683,-7.848318927117805,-9.137848649937345,-10.081781557744689,-9.533709700605725,-6.93882152,-3.035759213480023,0.6104965750690627,2.8653395232447094,4.34101015182587,7.157794376492415,12.012816310739826,15.969650601416824,14.82723235731938,7.934599949313337,-0.2905486199999999,-4.2087241109413185,-1.9848246374538425,3.314962006267997,7.24872773534546,8.158300262367726,7.585287559959948,7.463551873434323,8.068082279312348,8.3516802550469,7.4632497,5.428003978885636,2.618976474045329,-0.6348051440201758,-3.8159972223356275,-6.592031215045816,-8.439944950449755,-7.880207453481833,-3.597711753588413,3.403070684129481,9.554777710000002,11.462643846643426,8.373212016473483,2.1896123647263943,-3.9692761410625894,-7.621710199112324,-7.557694568210491,-4.153362833295684,0.6855238128139406,4.5056846615090125,5.537632140000001,3.46948958014449,-0.2539111796649964,-3.4451595571420146,-5.0932193044468494,-6.056847969007928,-7.25672665806353,-7.590659974573631,-4.632853037215991,2.773923859948901,12.53371383,20.271847433376536,22.68174696289691,19.877376869847165,14.681743816090496,10.103779967488073,7.611693906407555,7.725260704108021,11.684800350982313,21.119136249296304,35.03989891
15kg_10bpm,2BC,0.76011481,-1.9198265297833257,-3.963976441663454,-5.170071313894163,-5.2899740195396685,-4.234754712510058,-2.472048810131923,-1.131121373639978,-1.09964404087267,-2.219954425069053,-4.024554144458044,-5.870049016676462,-6.990783384704126,-6.88980435936998,-5.787661752222667,-4.978281111171389,-5.771438621177619,-7.943540263831692,-9.969996805299527,-10.51340106913998,-8.994877120238932,-5.584814195851899,-1.2972725395065103,2.119510643706075,3.0719958756026013,1.1577249700000003,-2.5260056835834463,-5.765122350758217,-6.413199150217213,-3.8968329703738167,0.47405750994261325,4.747498264571172,7.673239952698105,8.797059488964331,7.856559726065908,4.9912591280484175,1.350537595724744,-1.1979348977917303,-1.2608953925658157,1.0667332750108012,4.193817464968697,5.994476776710647,5.127823831450468,1.735012708494339,-2.8724710702364558,-6.797907149616762,-7.957526196450779,-5.135757759769729,0.44673863163874195,5.373889853019429,6.58895031,3.6491499267833585,-1.465462791703165,-6.200611643745703,-8.955438855506806,-9.346442306026372,-7.876093218614201,-5.5876435895070315,-3.48044955223801,-1.9455064243477123,-0.7222111252633328,0.40515845045174637,1.129872673629994,1.0562126679807935,0.3885140910932822,-0.05614057162420545,0.5210937939614906,2.206296006669285,4.309799874579419,5.73994285213545,5.586592682588266,3.8581302773570645,1.4633344098421674,-0.8531847484239017,-2.88624585119764,-4.592111840000001,-5.918620522770645,-6.752355720267128,-6.981869300372509,-6.598482180880822,-5.489285641360747,-3.186794195858273,0.5293527088795056,4.63543342956666,6.998079178930305,6.047660950015296,2.2637307408833607,-2.075564467365999,-4.527454181353186,-3.8612113533923473,-0.41562571504274337,4.069238252942084,7.320136693168776,8.005885846114616,6.695475804679968,5.336810824492567,5.766367463522549,8.463043515949572,12.489805766365905,16.764993335892935,21.56663588
15kg_10bpm,2CA,-8.57768418,-3.9055301399999998,1.00874946,2.87420699,-0.17076382999999995,-6.496241370000001,-12.02703775,-13.698874969999999,-11.82413115,-8.95594739,-6.627407690000001,-5.186348910000001,-4.960316480000001,-5.092072230000002,-3.9394195600000006,-0.7400187600000001,3.29485975,5.592685230000001,3.88393661,-1.54419859,-6.916910140000001,-8.244574710000002,-5.00355225,-0.001836640000000056,4.12626929,6.884952230000001,8.283068560000002,7.615638790000001,4.646239230000001,1.03323762,-0.2090182,2.9170627800000006,9.344017820000001,15.3314175,16.76327731,11.9969738,3.513034900000001,-3.758688310000001,-7.208116350000001,-7.853677340000001,-7.303730690000002,-6.254500980000001,-5.95605255,-7.812111480000001,-10.611557930000002,-11.18207193,-9.06516701,-7.15620731,-7.850845020000001,-10.671357180000001,-13.403084340000001,-13.80250981,-11.998024420000002,-10.592145520000003,-10.637443790000003,-10.642090890000004,-8.5822969,-4.80696082,-2.12042578,-2.4972177600000003,-4.56653181,-6.30957341,-6.373626100000001,-4.332809630000001,-1.2723242800000003,1.1401739500000003,2.4927021200000006,3.7681333700000006,5.596599190000001,7.096188100000001,6.682822080000002,4.301423400000001,1.79443443,0.8413093,1.0695374800000002,0.49496434000000006,-2.11362428,-5.4129378,-6.266481590000001,-2.9447334200000004,2.7397740200000005,7.11326341,7.562182860000001,4.784364430000001,1.69075281,-0.061473139999999996,-1.6292326100000003,-4.86122943,-9.545840530000001,-13.978842000000002,-16.74583911,-16.553096180000004,-12.081978830000002,-2.688588760000001,9.762113080000002,21.06711152,26.91290455,25.77234962,20.723842,16.61875317,15.34486231
15kg_10bpm,3BC,16.72630925,12.59969169905352,8.403870412767928,4.300452630169527,0.9691466795332769,-0.976441245556545,-1.4927340097634456,-1.0566985358074128,-0.2870159229241319,0.2873586730494962,0.3988893150795615,0.1373596445324587,0.07731186931935638,0.7619336859733848,1.593600784150862,1.375237307140266,-0.2426454883590002,-2.328667986542919,-3.4439740135560766,-2.754195974702353,-0.701872108057891,1.2287779276585118,1.4713868721835475,-0.2672856950552808,-2.804282147968911,-4.861933042245224,-6.067463889043287,-6.967489297935605,-8.005012758126792,-8.906032811308512,-8.910109097208423,-7.525672019292911,-4.850411870560265,-1.4707577451097598,1.7741310850720318,3.9784177184898923,4.507490227239567,3.5170498080253036,1.7593155804200415,0.142177192388433,-0.9717833821395593,-1.5396720216818764,-1.4015647297577374,-0.34636671168496774,1.5173182334215658,3.511560101632634,4.583767139016869,4.1582775901942775,2.713501008946136,1.1007756573087464,-0.4017913510948168,-2.255353966248599,-5.0552471788697115,-8.542587454862444,-11.276914294797088,-11.44093740651735,-8.201652785248092,-2.825617405702251,1.7317865840296873,3.100126407505986,1.3841332876540315,-1.2142441082664541,-2.542321969398997,-2.220286679542749,-1.4031949601334894,-1.1425055018636228,-1.3331337896806204,-1.0537706059641736,0.5099320778058594,3.2266714441216675,5.736304699755692,6.531378737121546,5.36494000576669,3.1268082398995425,0.7093258124655932,-1.4957833462929742,-3.2499300290150503,-4.294319234266173,-4.555051259331154,-4.034232852201999,-2.596724326940936,-0.3809571700080703,1.9066462568516307,3.723249480962954,5.295571482669358,7.141584270937898,9.353225156730364,11.509557171065463,13.043073098699791,13.470318723877975,12.39926086349747,9.658008459981122,5.667035836126514,1.748257706323172,-0.23558389204876476,0.8993754028717311,5.041485345011022,11.678202777226266,20.89068551830649,32.781071587876745,45.9293962
15kg_10bpm,3CA,6.23185867,-0.13993559111892998,-2.8097364216854315,-4.106923967805949,-4.8415968774723375,-5.338683494718275,-6.061017972295229,-7.746310975586521,-9.93878590749583,-11.167298177383028,-9.698264680867181,-4.8126124117965,1.2010384425103866,4.4683650542194036,2.8292095668547406,-1.825051824066494,-4.78250092620316,-2.9644394209915657,2.2902359210230414,6.301725183676499,5.410029430089943,1.3449608718986994,-1.4521422403359077,-0.45793260920462703,4.426194649225398,10.305447282096644,12.842262575691423,10.741514885608117,6.932212854658057,4.905624840912191,4.337604243083301,3.1070827476896294,0.5940303057624312,-2.4694546514513633,-5.476444187558473,-8.759116260027863,-12.22222602896969,-13.538431636618427,-11.975577118569495,-9.73081586555046,-9.731799686323152,-12.55508208296519,-15.78336208195737,-16.270820225104675,-13.168225426899697,-9.525060731386887,-7.3286139043713305,-6.716021686715073,-6.2259958687559465,-4.287845865684033,-1.5347068500000005,-0.31026283692365675,-1.3439511667435753,-2.521552672528834,-1.525034606164895,1.654569429223401,4.032350908564072,2.450455893500727,-2.335712301541889,-5.871389985716952,-4.762856434392623,0.22796399769019193,4.9384328499723535,5.778424253367209,2.620826283263126,-0.9612496436463466,-1.1308363332207831,1.2920515577671068,3.2021203040949673,3.5396110114932275,3.418748803249566,2.4350889556780526,0.1349423150897571,-1.3232871549603633,0.14935608288980923,3.483945159706498,5.323352610023181,3.2678903989930927,-1.393797023777266,-4.1667933636294165,-3.1102126881666052,-1.243791909424064,-1.7274685282563103,-4.143197062427249,-5.948524703382595,-5.801743693254154,-4.751086431840849,-4.211780512796159,-4.774342535681766,-6.178882206704582,-7.1353941719130685,-6.097584422875034,-1.3394261606454938,8.604941936247489,21.416140651173016,29.405291004698675,28.174804989450966,25.491203465393514,32.77795470505607,49.54573774841233,64.91848611
15kg_10bpm,4AB,19.48944317,11.587357551018751,0.6817662650905527,-9.473237543176156,-16.289369230350466,-17.17351776042126,-10.332870958334468,3.025248895711298,17.480684113335254,26.86283146062696,28.795138533813947,25.389128430738666,19.905275890588086,13.602674972217766,6.833862552327536,1.2407604790011695,-1.1992897975632346,-0.6673915167780028,0.4567862759110724,0.3132246533477448,-0.6432819600000002,-1.4668176968302282,-3.269048047748677,-7.719404894193459,-14.726325870726011,-22.944986778624145,-30.10881064383505,-33.725251081720586,-33.85734559173811,-32.42433463110865,-29.487193269996627,-24.523576108604157,-18.800269548277036,-14.213377463910271,-11.074534137211018,-7.637907685058534,-2.65138545973303,2.8100089722289163,6.090063021419818,5.132514179665566,1.17266224,-2.3155666281521525,-3.3663913749781065,-2.5727670544155368,-0.9037640031072223,1.597871501005483,4.787357922641662,7.08157460727868,6.57815133302043,3.9557492435484685,2.332446277759234,3.644328887834806,6.363324160113388,7.591806745423017,6.723681718211846,5.226801532300014,4.039383541998249,2.7054682954654945,1.3188966776289985,1.3626670903283622,3.2878332499999856,4.704364334072702,3.197643804089206,0.49655145272355633,0.48403348191850276,3.821230036545166,6.974995105615589,6.830523681984101,3.9906667125844555,1.2504602043644397,0.7088330083510427,2.0213634515900356,2.4688158388545896,-0.17035735753504821,-4.689298083729726,-7.654916761254813,-6.731094598268229,-2.658449401632872,1.8991122240813367,4.102321252260953,1.6989356000000002,-5.293173231747809,-13.617556919154826,-18.181522966613652,-14.54772370581604,-2.7739362704393913,11.144780527558796,19.45314286096683,18.97701564493208,13.002735738058188,7.093464844216401,3.4650603062708445,-0.341314839574024,-7.5736957195293835,-17.624614889443503,-25.749202476985335,-28.404330195989218,-26.453616717367844,-21.984745554892744,-15.499885638101206,-6.80718233
15kg_10bpm,4BC,13.36031516,14.430496492681407,10.139269917918577,1.6642493827059157,-7.511970753986398,-13.648616298274353,-14.979716765919763,-12.409047180762482,-8.265576831884704,-4.2020181792025575,-0.231716656422295,4.097518718555617,8.311577137502336,11.071100402080681,10.800329655704592,6.866781770595493,0.35401222885898553,-6.34367027046204,-10.837449375064685,-12.03595708239702,-10.405904515088382,-7.524637264605416,-4.921960802869337,-3.1641049119076983,-1.9190153225740947,-0.6740416141453709,0.6519626507367284,1.449662427199257,0.7753374887722969,-1.7591500290147708,-5.183854504326157,-7.578100068217241,-7.4538178821323084,-4.865643577144913,-1.1042194793435174,2.4270710180823576,4.91271319925564,5.975675193433627,5.38215241906373,3.1135200899005273,-0.21372558644735132,-3.2537686238808,-4.614077674919587,-3.9567700888360617,-2.1483937282578474,-0.17287191756510017,1.6351428989686918,3.2951403246679534,4.750434608868771,5.734184334512493,5.669180987942493,3.903712700296234,0.46063864889712897,-3.4105177084665708,-5.612780063527749,-4.613820899297752,-0.8250639981172642,3.5178751814204,5.966962568521814,5.53302367155551,3.0126300192236832,0.09276275258570876,-1.8519295703442928,-2.314624325665716,-1.5820304122776394,-0.32138800433655185,0.817452703116017,1.1451744843509915,-0.07766039312480522,-3.0087396123739323,-6.456721121072552,-8.204000707990891,-6.719621337492269,-2.5493321782440166,2.0176516293127467,4.6889913743169735,4.821688679909014,3.4222421320119816,1.8588473096216183,0.5375835019905505,-1.1294240280597263,-3.4187048145915897,-5.527450774450008,-6.161258407062932,-4.6648187032328154,-1.68270547154145,1.424262772419477,3.8270282493146075,5.820031956170148,8.019576182323638,10.012044258073804,10.363487916527657,8.186591652413048,4.444252752009762,1.6348840660593043,2.3384765751890018,8.112102210345066,18.986310542861457,32.821952920966325,45.560962313140216,53.27339487
15kg_10bpm,4CA,9.36442852,7.682135298063438,2.045982101280855,-6.538503517383178,-14.817320987130959,-19.438031092646664,-19.201396814480233,-15.79072550303346,-11.534302002672403,-7.1742409368605,-2.7766712766986035,0.48518053262317584,1.096890072345641,-0.3524441044706724,-1.355099697921203,0.08179443376489914,3.313605214064764,5.4761517862282565,3.812501434098996,-1.863919530328303,-8.237812814129027,-11.022434022807149,-8.744472970901885,-3.069224933366788,3.1310855296773066,7.540819399194875,8.921562417490982,7.405527595450336,4.739238821004689,3.5219633179467125,5.612832814384169,10.738031861834887,16.280911297799655,18.945976690239508,17.1101764190224,11.324905046696585,3.568687936766238,-3.1897269658364844,-6.875619366771005,-7.88821564774057,-8.318650358832357,-10.591145345502973,-14.750839706087916,-18.26034524602317,-18.661312612516987,-14.814517322937512,-8.629824496200188,-4.2693858301631815,-3.812292710576182,-5.0004477608860585,-4.443560270114327,-1.4458678493064792,1.2482567491184673,0.38128134130599844,-3.87940091924877,-8.230299581492046,-10.031085007062444,-9.528698131311424,-8.828590734121596,-9.225692130901109,-10.144205929470493,-10.222135818281053,-8.609451425712637,-5.645751049719663,-2.6157107435712663,-0.7466694190357517,-0.3490520750869639,-0.7274825633494462,-0.7627315076845647,0.15543128109880527,1.6043556826381649,2.715015740544426,3.2260684743048564,3.883184685711774,5.418664249795117,7.297654927287374,7.754511594740874,5.551478193028101,1.7410483416254263,-1.1478966849709855,-2.0084767447444323,-2.0990233616553216,-2.8070497853434624,-3.163709871884292,-0.15834305112065167,7.254038828935799,15.713363646338733,20.626002786668728,20.93186621460717,19.68647300606763,20.60327887861168,24.58441305420972,29.043395843170593,30.1384784552184,26.276161087832346,19.49191832743487,13.821313352987325,12.272855253292883,15.443786846669138,22.883848355847192,34.16672893
15kg_10bpm,5AB,-18.93624877,-15.615649825366415,-11.525520221805516,-8.681856171348386,-8.142132721938623,-8.660998920181635,-7.139291143110217,-1.2567531918472041,8.234607591126473,18.093133963832706,24.81388950389241,26.38649757107947,23.253082927684176,17.943485331706068,13.317567120686626,10.617037669084224,9.002864010463792,6.597822492587199,1.8915960473634668,-4.876385637917453,-11.559913585980542,-16.120149758423153,-18.161327079952574,-19.47188294246545,-22.145488026667227,-26.55206009895903,-31.063440717694792,-33.11927003755925,-31.35717386547457,-26.760774703991732,-21.55197337348283,-17.57373331600662,-16.193425256705165,-17.94913829305081,-20.365525095298548,-19.114222163591062,-12.083643327423564,-1.3354120283870468,8.171695043104025,12.006018710009027,9.824710622967263,4.731971292281732,-0.36642599352224736,-4.0119804263864,-5.102577852875255,-2.7027162998288152,2.5011260260463524,7.824852330427788,10.366285163598688,8.975988075286192,5.205835120000001,2.532317564493389,3.5035836152162263,7.368771076409911,10.743205012461935,10.842930417502226,7.918983746791229,4.406942044557499,1.8854518148892885,0.2183343858351486,-0.7802212191981609,-0.7614287890976066,0.18350423817279227,1.201960372335481,1.7720562921838607,2.3886048973773693,3.4365489980632056,3.984826244891663,2.4546245692982245,-1.531537069435878,-5.558499359465861,-6.396267689354653,-3.0511218152791857,2.644129006552199,7.4566923202766455,8.857086689230428,6.547997683267534,2.544298790893738,-0.42518370207885975,-1.6068947223869146,-1.7934211006070713,-2.117982635113484,-3.4034480603875226,-5.748175020099658,-8.556275752454619,-10.797206810985045,-11.86977034729081,-11.584746873711518,-9.691246114638517,-6.385615728909799,-2.7085230541397256,-0.35830515569727694,-0.6525122510221909,-2.8830457285369997,-4.0743025838177145,-1.6339388076123682,3.253586532761523,5.204630439446084,-0.5299116310797445,-12.214089936294426,-21.25557709
15kg_10bpm,5BC,26.30049738,26.72764274240909,21.614957080427747,12.606915912837989,2.486395413008178,-6.064904959991094,-11.313293193063238,-12.908115726915067,-11.620173819895443,-8.504935515791166,-4.38272776411173,-0.06807999442684179,3.2966461927250084,4.686207826114115,3.8579024516940366,1.4820909233723936,-1.2886113991552581,-3.4710003373889804,-4.697134378953025,-5.194359142472663,-5.5809808745564995,-6.567739080286929,-8.445865749498651,-10.745527896624784,-12.311788492998536,-11.787277059928302,-8.401119751129588,-2.768967314495237,3.2239193561316912,7.468954705110818,8.809427945431617,7.71089583434342,5.828722665006723,4.809933270734542,5.138289056935522,6.185224604220357,6.9869469087165506,6.8114051140582585,5.3516934938290825,2.86345454859429,0.12949905678069656,-1.9016342888681235,-2.6495115111498344,-2.305746588597347,-1.809190941576899,-2.260597918772129,-4.125637618114791,-6.868221869225352,-9.261557757877549,-10.027398192946968,-8.43796774,-4.705976469305381,0.05981968855652632,4.352135460476663,6.991188367183696,7.605561236234565,6.514879167691064,4.458208111200861,2.311669527135297,0.7879993367473834,0.1274249214655748,-0.011114361682612983,-0.3628641787089835,-1.5422187284181486,-3.5972992733993117,-5.934287441793384,-7.6712139184911905,-8.07930024218992,-6.847062957698999,-4.200119494740891,-0.9950549885008997,1.5253982317642178,2.452192276153225,1.9043594240256068,0.9643609882275654,0.7350048060705744,1.303855708432972,1.6663887613895858,0.7161957177656234,-1.7347954990621286,-4.799297571808218,-7.346353850042322,-8.773778480494194,-8.939632130126213,-7.7439390067878175,-5.027814980725606,-0.6762009906263058,5.266276723079544,12.118699837544106,18.163571688100014,21.437140868737867,21.032125872419265,17.487047092825904,12.140406059207791,6.269336429371775,1.1168385786898158,-1.5427274995192013,0.48739742047012424,8.780064434472498,22.706357168904574,38.48558505
15kg_10bpm,5CA,-10.49708626,-13.710922454589214,-12.342893628053753,-9.97679243047799,-9.58766402650451,-11.055859648301409,-11.710286866393536,-9.547840030917852,-5.340264665166079,-1.503329148847891,-0.14100479419317702,-1.55866838548483,-4.263142961019753,-6.183238576773402,-5.958768173458806,-3.2843056204711454,1.0236082233662172,5.440613481218284,8.60415679806571,9.78247583245702,9.227845703100233,7.589348352715483,5.03381538599037,1.6782480017636887,-1.6381309996082212,-3.59880497,-3.3582956129862804,-0.9024968094513719,2.7372172795747165,5.964559375237404,8.033806998304707,9.738727353708983,12.321722906927516,15.679787986697498,17.86435510244784,16.34870797095019,10.425962882095945,2.3734403283877086,-4.450721864273733,-8.364161283709803,-9.327183137566138,-8.319381680817923,-7.300331122187822,-7.691055305774758,-9.858075531648424,-13.37816931934263,-17.24315457016184,-20.37973422472308,-21.55355567716112,-19.71497980583691,-15.175402590000001,-9.836322360983827,-5.794946773126427,-4.166348137150729,-4.817242280021079,-6.360347771717686,-7.249728712525858,-7.3656396495009515,-7.556734650301068,-8.04304683587265,-7.618797867876917,-5.534437526127295,-3.1432268340069913,-1.706035897075943,-0.9842508666511802,-0.49204922135311324,0.22592883209838496,1.1540818684585867,1.5144821413857177,1.2371715837916504,1.0900076312737035,1.8406327657771304,2.9729393903168364,3.032260487816347,1.6570775814687149,-0.55013238,-2.742279366552828,-3.7418365965418943,-2.3426612122163477,1.5795105601147352,6.609809024075354,10.938015032264582,13.54178280977209,14.46694458214219,14.431173596157112,13.9572751675912,13.38859916487447,13.811355701994225,16.52873364854169,21.00264241632442,24.527037732600036,24.43158690883081,20.463188523340797,15.15066913635499,11.841573584056963,11.919582035200248,13.871322730044243,14.903174079574562,13.390008199231133,10.488097043129072,9.70974137
15kg_10bpm,6AB,15.50113479,18.703027769618636,16.367624341914144,8.605283434183221,-1.5300157227024906,-9.554091299408563,-11.578587194097063,-6.406680380369817,3.7954163699096886,15.15956245239535,23.976977730000005,27.82571414921703,26.13397361731728,20.024146179936782,11.818015108223598,4.130137774265871,-1.4265234940026446,-4.40863681888358,-5.117404750978237,-4.314467781543869,-2.9853782700000004,-2.0039893799016144,-2.363065371537605,-5.6655182031517555,-12.252083178812697,-20.220897570696792,-26.9533401106819,-30.45612378937578,-30.408702051044546,-28.364148736653153,-25.39598229,-21.2478202251052,-15.806070652655281,-10.33597867178361,-7.071129364783644,-7.08949104852328,-9.104349828357483,-10.37035470449207,-9.059493059737008,-5.908528234127325,-3.070830420000001,-1.679998775399423,-1.6073023099729837,-2.532775792911325,-4.285681515505429,-6.442523953662387,-7.7806521311316095,-6.7056790063982055,-2.971464353802293,1.500280124585309,4.42451436,5.080182754025932,3.941164511452133,2.0091819103447786,0.7499601745986324,1.5797039435013351,4.969376790441242,9.596859049730533,12.858689573416685,13.084853744712698,11.113914400000002,9.223189391185219,8.397472024458331,7.1775211927801195,3.9972051606747767,0.4232728204869572,0.17512284864196537,4.171672508679267,8.411891874320233,8.483692130583703,5.06753427,2.273991549765734,1.9705189716403284,2.743553479545427,2.0151068120276627,-1.486031020319508,-6.486877792711095,-9.714448037888717,-8.178412418841077,-2.245824034293079,3.79188887,5.113430293729178,0.6038942630706767,-6.4888584772199644,-11.85266764739911,-13.471639797984809,-11.658324147731998,-7.528854986169768,-2.052984901577434,4.310666528608084,11.043996630000002,16.874504540665974,20.20987847607868,19.94369038421264,15.632635885644653,7.439182309732031,-3.9551426937943774,-17.459276023316438,-30.845316934307164,-39.8263993709595,-38.77356742
15kg_10bpm,6BC,23.84229098,13.859241749262377,2.957688066861844,-6.3142120391753735,-11.960274870792333,-13.480097549499453,-11.889562924591646,-9.02053042087669,-6.397746791728275,-4.56277802871168,-3.360505213221517,-2.527319105830222,-1.8518493941583964,-1.2292153187761163,-0.8418754966218258,-1.0499087691462214,-1.9670658287125726,-3.1456828940513466,-3.7598889398849678,-3.4686045367417133,-2.8908898962192553,-3.09080336210199,-4.59360207465414,-6.7479702130247965,-8.030566740267226,-7.206331803015669,-4.365726044336631,-0.7452641518577933,2.483409117899136,5.013227535531451,6.902530266174221,7.905197159005711,7.382047931284452,4.945851666965574,1.1670203525795237,-2.5069614554331574,-4.6149427830333565,-4.540208379915558,-2.7423055576672053,-0.4389863756258311,0.9679964932615752,0.6221383334576263,-1.1552098717811847,-2.939277293572933,-3.226535819424595,-1.6845244611261767,0.3358445027947838,0.6784002669387184,-1.7481317672918177,-5.844902518797656,-9.068464094468318,-9.31033538926013,-6.233351677370932,-1.3190600882408356,3.0381340813374575,4.88616688685557,3.8765170095222916,1.0709764813742326,-2.063309676921682,-4.350821843501485,-5.021268013106745,-3.9191426904597684,-1.7846764647093132,0.18522517070312797,1.1233855245443236,0.8980216333002372,0.14649640882735526,-0.2033886457032242,0.23791039039707737,1.0419401863204725,1.5981247724545653,1.787788384231397,1.9788487259771321,2.440657439910798,2.896408257156396,2.7873842824605934,1.9248808199877763,0.7420041486083566,-0.10015049032680272,-0.19796883859981002,0.41942386959206385,1.3375198209792787,1.9261532087176896,1.7651964180958086,1.1545600024163916,1.0765609073099038,2.4135997942440497,5.250230125474436,8.759628197820092,11.493814813180675,11.948859385548202,9.315778566197066,3.868038852081744,-3.2536945520282554,-10.335141501722402,-15.038003264543875,-14.844316111382263,-8.101779103162155,5.354658166591382,23.962154328083074,43.88066624
15kg_10bpm,6CA,30.42396037,27.273999095296567,18.047603640916012,5.560167254166652,-6.721225057636327,-16.036683122314788,-21.17941789149463,-22.26073200194694,-20.051522072365092,-15.580379784213976,-9.976162419955855,-4.346158373209714,-0.061665802794976965,1.3879283250104208,-0.15540717220388317,-2.7924858950952056,-3.5204136155332972,-0.6576741798647286,4.292526781516505,7.712294284526546,7.173408206626727,3.3938074592209353,-0.8112342771745173,-3.013681122336916,-2.0261740791106546,1.8252381977039596,6.864690226525011,10.59353265930099,11.246924377029758,9.283289387711957,6.945310963348629,6.245490079712717,7.601307675213905,9.935152783437692,11.405416645283628,10.635771181356217,7.806104404070592,4.402576183932126,1.5672998513704415,-0.7687773411759382,-3.064562210178071,-5.008539337637695,-5.738429899053904,-5.398452233442634,-5.262098172635677,-6.596355151725975,-9.605969733270188,-13.203127754520853,-16.45877241391502,-19.42946159888886,-21.72401754884859,-22.47985700787126,-21.64032539369019,-20.261947020109503,-18.529447958908953,-15.476904788353275,-10.569074188693243,-4.464813131702088,1.0546172349226637,4.15829228192517,4.215444701899503,1.9929740068844004,-1.1000237285913967,-3.8455575948088168,-5.628227480595354,-5.6198839669812095,-3.1156083216367447,1.0776597744902323,4.6693937710951845,5.571990914113049,4.315940737691049,3.232722073246643,3.69552167955948,5.297161886736942,6.325178638277914,4.90009890383583,0.7445371998045678,-4.001801633013952,-6.242682010435577,-4.489651816948508,0.0852262054557188,5.0372399263970635,8.874152223516338,11.491428987559695,12.718073765951974,11.653641018772266,7.555199524330812,1.5055663233169334,-3.1359865690759814,-2.7433807829601418,4.110520117643301,15.313922326533266,26.235366409606083,32.941120641610674,34.63836642544979,33.22987814254197,31.01050063243967,28.636207980430978,25.12820155867105,19.93801474013285,15.04091463
15kg_10bpm,7AB,-6.28461482,-8.894045170362338,-10.428738117306935,-10.729403422220914,-9.14725499271494,-5.697083406135979,-1.0642988143023644,4.904557174486291,12.809219457355942,21.5860336608541,27.96510305841486,28.370736271614632,22.479811453660602,13.820503358970589,6.667705589990429,2.8350747604022737,1.0734778848678883,-0.38269699995662965,-1.8651381941186933,-2.7389032927574184,-2.732451961197566,-2.9401727586355753,-5.460834201903883,-11.542816895391486,-20.313552575276404,-29.140999485735932,-35.20647438694263,-37.2547637062638,-35.976794802900706,-32.55077851153402,-28.00127999525074,-22.518830092540266,-15.917521009935955,-9.051124457038313,-4.217335493532085,-3.1634187077637503,-4.988666913145651,-6.756408666159279,-6.077219319798424,-2.742004800858678,1.3769545893814137,3.923178163384102,4.103570694434342,2.8976750361449373,1.2760373717986766,-0.28951855223066325,-0.8935232237069529,0.7218378249160516,4.61722101631598,8.93764924981764,11.30095096710043,10.794961090569515,8.260084485678082,4.950501446650905,1.8370292057355049,-0.08746794346544794,0.16046409633601424,2.0867840207776447,3.691786642470092,3.1865648779192504,0.6888636772142738,-1.7952752787143142,-2.041668309873897,0.17766154388842859,3.178802120857939,5.049590372960356,4.722896834970549,2.900574286613746,1.7969057086136666,2.5097181708355913,3.4801056937992456,2.506870725121266,-0.49734248368081113,-2.9448830590157375,-2.2172280695848743,1.4518370210941762,4.973924043863156,5.0465180094132,1.303266881585512,-3.046555536384311,-4.460753719550974,-2.7742749165827165,-1.1464142863524094,-2.7130558693657822,-7.366631506779112,-12.118296378955625,-13.994783832281623,-12.617248755189202,-9.494184159717355,-5.043475150755664,2.019355160056317,11.654347505856185,19.8716676657292,20.90371097787276,12.423819487965492,-1.705083786472555,-14.481487479793739,-21.689593969967163,-23.823915545872687,-22.511322073367264,-16.40984903
15kg_10bpm,7BC,19.42863143,20.745205347580587,15.535016421661426,5.879040886922606,-4.740972621054054,-13.137383734361324,-17.305246348371874,-16.736976414513318,-12.55805765346945,-6.96552698651765,-1.9746935137759765,1.5736335715407084,4.168776640552609,6.398501863002156,7.6292648925212045,6.669308069778505,3.270638627019732,-1.291176614574372,-5.2869282202796235,-7.935493975277021,-9.400337118415226,-9.920730990049533,-9.344118130588102,-7.476409834812217,-4.548287948564407,-1.3323225537240457,1.3426598400709304,2.9458499219967376,3.565352257972066,3.7776238453397353,4.192991335944105,5.0119427927783535,5.926327365353753,6.389625536331017,5.861297040160981,3.996128080025587,0.8895070752291943,-2.771075449776725,-5.87666646494278,-7.140102244594104,-5.668732579546286,-1.6650219139910398,3.216849879758411,6.632801781360742,7.04432978804803,4.6563527311693536,1.073491617219565,-1.9305546953582127,-3.571300715235964,-4.320786494003661,-5.149235182210926,-6.475570612422791,-7.704647094902883,-7.767067424258715,-6.27643417559309,-4.0225267912540685,-2.1727309225570193,-1.1925759076913938,-0.6248108731056602,0.15063892949619664,1.1474008031777307,1.811311238898138,1.7452948128713293,1.2507315801242374,0.8850261581215152,0.6783049976718735,0.10816356080368059,-1.1477109772450211,-2.715786842930697,-3.796681000664269,-3.749364149080192,-2.451782900217794,-0.28885774928536945,1.9223013234222575,3.077439983706522,2.3286359805563954,-0.18371655249909294,-3.1039522180609516,-4.942991110617272,-5.256884265506996,-4.526933621805845,-3.4098395255396476,-2.449089045814124,-2.3200037967616294,-3.716112769549502,-6.638912969131472,-10.068693897322074,-12.23737684191722,-11.478089513143887,-7.339621244194585,-0.939684348801058,5.716270781823848,11.002749872861951,14.408375074568902,16.282003208303383,17.539374499950576,19.48764906907889,23.18403265484846,28.699194102347754,34.89995388158203,39.69262837
15kg_10bpm,7CA,6.84375022,1.1295855205902743,-6.334895279688525,-12.249660453009689,-15.267783321508244,-15.942825969999998,-13.985678143439843,-9.1577201534836,-4.0858832958899045,-2.8705265210864765,-5.713276590000001,-8.257595926355522,-6.520980579549938,-0.3223754127431828,6.692807724303565,10.21999674,7.890562124596204,0.9016802779925238,-6.577712380157727,-10.53414526750931,-9.53731759,-4.3374842137419,3.44968877661525,10.754900430837093,13.990554452371919,12.309472899999989,8.515178725138565,6.166439930392448,7.0006516313189895,10.003404039602028,12.16033507,11.909064172045861,10.673345425723953,9.963321217828236,9.349768218254333,7.514936450000001,3.465072750919095,-2.800256315549133,-10.303759717070172,-16.66759313345545,-18.766519880000004,-16.53186125536268,-13.420707599657538,-12.082406604092187,-12.755598432889593,-15.382941710000026,-18.86020177153583,-20.217068869010284,-17.492679001217876,-12.3225567064309,-7.913696489999982,-6.441266521867683,-8.032436898366521,-10.067454017005259,-9.733776481546773,-5.839891599999968,-0.21186592204831714,4.227179101824237,5.7117702626378986,4.861739058777571,3.55220049,3.074995110728777,3.594156893679703,3.9169493781447686,2.137099323591382,-2.43218662,-7.835266113991799,-10.010155579073805,-6.301012227608082,1.8287057165625829,10.30992404,15.747475234004936,16.66486041424755,13.407130124704148,8.130625201539086,4.562884090000001,4.518420633211528,6.063602971214601,6.499814027270203,5.428195928597005,5.20670307,7.040753282095854,8.735480062439862,8.680053165821636,7.866914150175859,6.710476049999976,3.0682846927561434,-3.891993131349774,-10.3989126050771,-10.210313240822332,-0.6573789499998267,14.624218870477348,29.155350232712774,38.162554533235294,40.389258715904454,36.526525199999924,28.275588309200636,19.835669675371133,16.822193180768476,22.392636216980655,35.72058861
15kg_10bpm,8AB,13.57259304,10.991873302522292,5.691916135727549,-1.1674273747116222,-6.402025754962043,-7.061875893385755,-2.4628792644563906,5.41319745522685,13.317341513485564,19.08884617548969,22.2439915916149,22.7043604025412,20.175410906341757,15.075276399896874,9.25368080487119,5.1926070843789365,4.220216922469812,5.603026320239698,7.04323218224226,5.969959511846383,1.4375491489921748,-5.295516457159694,-12.616135428031772,-20.34533290498199,-28.41476453596708,-34.99521109,-37.584451822958755,-35.26515503515749,-29.232949853043724,-22.21484362895099,-17.04985078133701,-14.876456939936906,-15.419091129394586,-17.578356066762414,-19.443063774606056,-19.067939417712655,-15.318496201178418,-8.849548838152748,-2.0391156175053644,3.0850394172575615,6.271621293424402,8.320181158378729,9.623927293875944,9.739739249981737,7.867561592109948,3.849515932683815,-1.415062871290254,-6.1751983676889735,-8.524025096798633,-7.672481088354357,-4.68211067,-1.2874069801942443,1.7041365888427678,4.3529192773197245,6.5822712345487,8.080516773391576,8.91741134701673,9.44042280087381,9.575449910324927,8.946947881412559,7.578980983607137,5.680163312315752,3.282448807174318,0.5643742241648073,-1.5046974487438447,-1.6683056468203008,0.04287918974602585,2.072755834940976,2.4876996350267424,0.33610161763473745,-3.5283919356620954,-6.657269608750527,-7.435177639327333,-6.418484863513753,-4.725312637015098,-2.70316339,-0.2985570055113199,2.2207564756420815,4.368768506802375,6.078537389691749,8.071930631896246,10.821267856442558,13.056053113958294,11.862755321306556,4.534955735312805,-8.232923780628685,-21.396424128196642,-28.65927412930161,-26.583570298087825,-16.32120067406515,-2.5952869468177426,9.13921939978384,14.963661103467594,13.94363721532969,8.423470509336624,2.564628710750609,-0.2532651307476747,0.5934228765059769,3.398778595413183,6.605270855579741,10.54371785
15kg_10bpm,8BC,13.36950717,7.071337665023964,0.7293537015679497,-5.5745139551291985,-10.682770314198049,-13.145058843079376,-12.192083616888775,-8.263117840991479,-2.926819271420778,1.959921740030695,5.20705431808923,6.485198550390059,6.072431076308941,4.588775887207903,2.773903686711718,1.290494223074017,0.4256317779683922,-0.211517382476046,-1.2415068672427392,-2.662618050929676,-4.000327681081672,-5.061250593671797,-5.99308139917935,-6.7008218626059515,-6.865095436393168,-6.39802229,-5.550649597250835,-4.614815327804666,-3.776026786352845,-3.0158368407805147,-2.1360312316304486,-0.876632934754253,0.8905475500865817,2.943982651985338,4.704147069109429,5.494511889905661,4.841773793195923,2.7116488191043375,-0.29030747003656404,-3.0009231749885044,-4.124351852118974,-3.1152448734573794,-0.551675839975957,2.203867041422943,3.8654570508439186,4.073454536134982,3.4305209809526582,2.5778579394867984,1.3983875910237362,-0.6302185513892321,-3.49176451,-6.231790264624738,-7.475560104277241,-6.388002209226521,-3.424495831345231,-0.28979140742247933,1.1553140367562178,0.16976186346964697,-2.3965456661279196,-4.947317449212849,-6.438365566930605,-6.853206649178378,-6.759625587360441,-6.596396536161132,-6.13481284498298,-4.633290972580954,-1.7461676914780517,1.755786794260872,4.4252978054435115,5.369387376540199,4.895986976430348,3.8764883520944635,2.747299006102527,1.3881572342063848,-0.2990549262053169,-1.896599659999989,-2.6772213076310485,-2.2492551999976937,-0.9602271880080729,0.28149791628483545,0.9529784552824095,1.2913219403780098,1.364647610604929,0.6285885186692693,-1.385001643908276,-4.451120915614081,-7.723682028640807,-10.207946080847664,-11.08933782776848,-9.665456622008636,-5.227739098798484,2.4284807332371394,11.874272997460434,19.621345556483796,21.772051511463275,16.960096186400467,8.182826202946174,1.6328738831379799,3.0608498000083193,14.372137506163202,32.51882649
15kg_10bpm,8CA,-4.27654358,-8.335478340582782,-10.074902980903895,-11.772679548678882,-14.614957419541145,-17.20796856526592,-16.98977955887699,-12.520153300939322,-5.066833581471335,1.610040176322139,3.4136884144662516,-0.7407497481813814,-7.4798943841932015,-11.32398375304974,-9.21549551276531,-2.289536457123173,5.759358595717965,11.070758649461817,11.699424306697049,8.273617931520201,3.255248853460394,-0.6326666595389694,-1.8746571171428539,-0.7827235086784816,1.3589299270583022,3.4570542900000003,5.051177155331679,6.411349381426461,8.244864005562645,11.006207858373719,14.391705800269841,17.08857621589913,17.366066465679722,14.586639194676234,10.023159275580268,5.936612439230528,3.6534330248599733,2.670496936030573,1.4673590462841648,-0.9646503167733463,-3.9408196219831777,-6.1597116406410075,-8.05674233870344,-11.263504984098269,-16.542350896952843,-22.91756043712354,-28.355915805632232,-31.22482242426503,-30.945873000395153,-27.88518253242045,-23.365417320000006,-18.78636937732658,-14.205125262187048,-9.123738676916984,-4.321480948503593,-0.951906780817026,0.4649042034312511,-0.35210342544260204,-2.72554106863668,-4.353569150663281,-3.3659738547898965,-0.9138484123041368,0.5859917280483534,0.24266974033736632,-0.799404119325456,-0.4055016859339431,1.4258642894563731,2.5428341372651517,1.9626745186664456,1.5346631617058522,3.4317600147107576,6.76897235562362,8.11128144548586,5.456659034494223,0.6919419214545098,-2.6495882500000003,-3.2411691208742215,-1.844046407055221,1.1922715057098716,5.861109752206087,10.60699680809234,12.64185001185157,10.724231254920632,7.087033806244924,4.960149842535685,4.709407065498747,3.7966992816450356,0.20156915841353487,-5.0596312526299565,-8.808667127892894,-8.093231716317971,-1.6196233506631124,9.726383728477836,22.919565091394038,33.89217321767102,38.82589510469372,36.13467792387582,28.103634739764153,19.902151529919912,16.009439988139338,17.53092615
15kg_10bpm,9BC,7.281016,8.406345505543587,8.22803256548001,6.50253813358027,3.1916660407151802,-1.3099317729553472,-5.901699881464676,-8.864385362284803,-8.699099154150884,-5.012586179491995,1.1419293632082614,7.67461199999505,12.399892713907942,14.09085708865519,12.606551726870435,8.525578582660442,2.8683906058521753,-3.270314614199563,-8.811598155470096,-12.747718807388155,-14.327958741550349,-13.535939482963407,-11.382458132489363,-9.07861703992295,-7.009134067313657,-4.828046120000001,-2.325325868292937,0.05775116265489978,1.5315278846232299,1.8407240079408458,1.5972161156806979,1.7187480784982618,2.582712509728117,3.8426944582000067,4.918043253011332,5.3856896443280275,4.983347737583872,3.570478439466481,1.3213324851265313,-1.233307810937102,-3.3984417370229663,-4.477812305129981,-3.961797203948064,-1.8152231999797652,1.1848101415701227,3.6036674263309982,4.254947264610672,2.9943824948509152,0.5976551881591934,-1.943951599938587,-3.91975459,-5.022833665102661,-5.290286580185851,-4.959757995543844,-4.301765983344504,-3.5575252209007826,-3.020139928278325,-2.950261071055864,-3.3170820494904696,-3.669397479093871,-3.3766187132588947,-2.2379034575956758,-0.7510322993927165,0.24906516449766883,0.20917165551180844,-0.6732552243631199,-1.5692934669043221,-1.761817859444705,-1.2361203502516072,-0.5741606640675564,-0.33097731621118476,-0.5748725144004369,-0.9500825770243232,-0.998025853681263,-0.4375627492876337,0.6578135699999895,1.7621571411292862,2.241601653956222,1.9204613852362498,0.7664485697602339,-1.492771048245677,-4.939336300647257,-8.954893716967735,-12.390002234843685,-14.121928413173237,-13.335236333108575,-9.643048846483204,-3.3041959074180287,4.631018415499742,12.534860215691523,18.860791967920342,22.77021141274568,24.216994338255976,23.49606875757811,20.8410790843984,16.577450586551066,11.54917772859485,7.309207488016701,5.735378654206711,7.91692381324335,13.06908079
15kg_10bpm,9CA,1.36532447,-8.594848030000001,-11.257968489999998,-10.547834350000002,-9.860311800000002,-10.489871770000002,-12.078413600000001,-13.310451789999998,-12.76042422,-9.819143670000003,-5.261046130000001,-1.0697947900000002,0.6080376100000001,-0.8228604000000002,-3.466204380000001,-4.23761066,-1.99613726,1.0586001999999999,2.0427702,0.8419617700000002,-0.012783780000000015,1.2349107900000003,3.4209155400000006,3.9227034200000004,1.7316316100000002,-1.00519132,-1.27824565,1.46996036,5.598113140000001,9.697231280000002,13.529173090000002,16.867696230000004,18.46567117,16.73287552,12.30819433,8.102027800000002,6.01022412,5.38368094,4.4214082800000005,1.5781068600000001,-2.84900263,-6.9491081800000005,-10.032851120000002,-12.883004990000002,-15.97357587,-19.004817060000004,-21.416513320000004,-22.771402110000004,-22.6766426,-21.092238019999996,-18.640231160000003,-16.194220720000004,-13.825509870000001,-11.264024360000002,-8.92267974,-7.638261260000001,-6.594695070000001,-4.67619667,-2.2674520099999995,-1.05202289,-1.5845596800000001,-1.84383776,0.13378416,3.2131402800000006,4.012577900000001,1.5936426500000003,-0.9599607200000001,-0.032480390000000026,4.13620657,6.9114220500000005,4.797517620000001,0.23245365000000004,-1.39945623,1.3586564700000001,4.14209426,2.5852988500000005,-1.3510127900000002,-1.9805649400000003,2.62827797,8.575521990000002,10.65275586,8.192593420000001,5.68703901,7.031683910000001,10.81412944,12.36805115,8.91834699,1.63433261,-5.312387140000001,-7.621300090000001,-3.6930957100000006,4.80144003,15.108925740000002,25.429098640000003,34.24790844,39.31319013000001,38.27841063,30.91273204,20.28897512,11.11738064,6.4128488
15kg_16bpm,10AB,5.29179713,-3.6819007054205217,-11.69960205211431,-17.134446577959405,-18.526447650427954,-15.18593768029009,-7.470929790875969,3.0024641066874556,13.784001057077202,22.407969947250226,27.026462131050728,26.93710597293685,22.80422969951259,16.187609023189303,8.782406523768861,2.0767554711089162,-2.8748468763711226,-5.842279456019046,-7.554722377870118,-9.293026110345094,-12.026105396576398,-16.038707982419957,-21.03401704564626,-26.25342335268122,-30.895991341955867,-34.81598023000001,-38.34798303926408,-41.6280429203435,-44.230535125692384,-44.97913744922415,-42.62351466343716,-36.892477691613806,-28.953362856575946,-20.778534910456557,-14.045605825741955,-9.3920814451091,-6.440997623841035,-4.326663634361114,-2.275464727507866,-0.0040038453752640184,2.1646721344896243,3.5452552967959203,3.684162251519642,2.9489601934186074,2.544259537824277,3.450956814776618,5.541143744689409,7.840283640123746,9.318432111052775,9.516023599871218,8.663738120000001,7.268789748660264,5.640370459952302,3.9795930951509852,2.9001028735753622,3.4304834666207245,5.996911260083097,9.379975667722606,11.100029631523487,9.465616316539169,5.201082793008124,0.9844085437197978,-0.44800175527757996,1.9366641859157474,6.8926269776723315,11.813317390861169,14.382564925059269,13.51242684071033,9.242472288349047,2.7666120898138713,-3.5786556100985383,-7.31228401802826,-7.41885840698647,-4.9053617073214975,-1.8115201820516214,0.29763773000000004,1.1162924442868611,1.0987537222498662,0.6177826700286699,-0.17841402034461756,-1.0422468785231147,-1.5682004466366177,-1.5232175295012367,-1.2132086974582768,-1.560563038902252,-3.4007718493327674,-6.221052294746681,-8.01626226797501,-7.383234461895348,-5.047452751812406,-2.5237807939235575,-0.34140378212290695,1.9791897174101063,5.304584220498195,10.44366829181154,17.592447174097142,26.742793105532602,38.4262371002032,52.543324915345224,66.21754914612656,73.84881611
15kg_16bpm,10BC,13.09598254,8.53963158209961,1.2793575513674638,-7.850362447831759,-17.2523611207687,-25.010849113029327,-29.45399331886686,-29.69984434435559,-25.973232396695504,-19.484803134689574,-11.892109238489667,-4.634409851124493,1.458634079466512,6.078043202673273,9.114857950391382,10.458587518922283,9.985809071909992,7.752322537485482,4.2182158831934915,0.15919672843270977,-3.6121603349244924,-6.445342796897628,-7.949984818710563,-8.043878289790177,-6.945449839507575,-5.196411713949971,-3.58341203971618,-2.7740729632410472,-2.897789917331769,-3.4537935812141014,-3.6167132991519324,-2.7367113857526544,-0.6983476404090526,2.055014046913741,4.720349584933048,6.537382564372658,7.026833744053272,6.108966489758098,4.099371493664596,1.6056661002670691,-0.7021066508649434,-2.3462620915721004,-3.141889119918267,-3.142899272629154,-2.5241977993871316,-1.4975922446889396,-0.30622051015421503,0.72136945352415,1.2484250936506338,1.0785372230835548,0.20936793281203825,-1.024073030146193,-2.01099888857887,-2.0717050577404197,-0.7551183082509787,1.8281858447343176,4.823319660668735,6.868015147265174,6.753666806424193,4.099296985669731,-0.4330475054550108,-5.467154737898035,-9.528574805347695,-11.616100062595288,-11.501849169777586,-9.685330182409805,-7.085319410522607,-4.580505424462841,-2.705243704618185,-1.4676873710910532,-0.4886894357935835,0.7035835647426133,2.3917122570654885,4.539982661590332,6.809476939440667,8.663106749129572,9.518288391983901,8.909918127929025,6.666469673992244,3.0037686956769476,-1.6055904683654005,-6.669061577788418,-11.791169403646663,-16.601619502992495,-20.563893537637757,-22.831283355736016,-22.39460096013156,-18.593822081586712,-11.659388968497217,-2.8500950597366623,5.957209417456956,13.009380559478368,17.404638467615467,19.45575223033164,20.446486274755475,21.970213550527156,25.199842837322784,30.3115630341606,36.33345311922149,41.477831792475065,43.8343584
15kg_16bpm,10CA,30.14604092,30.467746380921092,29.21629711571522,24.011964131912478,14.473978844792471,2.854003014999653,-7.386487596652245,-13.876444082449295,-16.762909134285596,-17.95251130289851,-18.840088565669102,-18.998416064527255,-17.17878533249511,-13.441942620899603,-9.903887301013498,-8.96563530954555,-11.224466182621724,-14.931204249048223,-17.01837035206543,-15.189152789785641,-9.280533690647658,-1.3675665440606086,5.301933907394683,8.128004801265503,6.2662135460210875,0.6185388393428453,-6.7130485405799165,-12.600331262849101,-14.483621899759209,-11.519765792312105,-4.661376797477267,4.061481113212262,12.551693774625756,19.332706712726797,23.780967111007005,26.046721581819767,26.702179886520664,26.37165054366252,25.322495740319923,23.282053061738598,19.530364101479428,13.722700761879333,6.897091625583546,0.9821110415708136,-2.718562842239148,-4.2857657940900955,-5.088813967476049,-6.683077406407892,-9.693576163268235,-13.13812424555486,-15.383560650000002,-16.296452791870877,-17.150215945990325,-18.65853980872011,-20.63501569270385,-22.546252478573095,-23.511443426626652,-23.054555675653553,-21.56111789031223,-19.62431673848438,-17.50173217782566,-14.897747039408396,-11.224571916310996,-6.510147709673003,-2.0760418212472724,0.15551133010284612,-0.6029967438507483,-3.1608740738069416,-5.442081363198864,-6.110837063717793,-5.443576920022234,-4.849078047496793,-5.270345160898831,-6.071484019171928,-5.400314316219473,-1.918625694948351,3.53432250453649,8.335167167184608,10.129022746810227,8.42808702875881,4.903788656888915,2.0058394341894257,1.4021288149756854,3.7083131606063993,8.576905396569654,14.561019209992361,19.330352734294333,20.775341610154708,18.1565733051375,12.694758530822995,7.537025792302287,6.348843948906331,11.017970886192108,20.205114179001583,30.283874556180802,37.6244167719113,40.60238997795113,40.03858482648268,38.31976475678921,38.09585806698372,41.36016517
15kg_16bpm,1AB,-4.68999718,-9.866620717882695,-16.428359537764926,-21.875035748940416,-23.58493388661183,-19.999692151646038,-11.30489714020007,0.4329287326561043,11.995654276813882,20.59519797580911,24.859651749999998,24.82263422805066,21.393167589075063,15.889226513171204,9.787190282675168,4.399148286524648,0.6451923599019592,-1.1232845823555504,-1.3303633695282775,-1.0528865449465272,-1.2063721100000002,-2.2259064387379075,-3.9723511920353434,-5.60028451335381,-6.51298810162751,-7.2826898846076435,-8.789367233902285,-11.325111135381094,-14.748216084877908,-18.80566317755361,-23.3612618,-28.188776460999435,-32.623536578222534,-35.623880905323816,-36.49120219100328,-35.36458402869281,-32.65154533873997,-28.53176660930102,-23.149542085639247,-17.148768394218884,-11.786799550000001,-7.911977955501308,-5.101470435288651,-2.3468783584086865,0.8028164676608827,3.9420608815361575,6.36568885194401,7.810232496129404,8.564151910151866,8.969999419356016,9.16385506,9.530734053371974,10.887833549059104,13.658308425893663,16.896002372786366,18.361988186430956,16.247304866839094,11.139431985125395,5.830148994006357,3.080148626843371,3.5154700300000004,5.417738297585908,6.276609594986913,4.901681445618753,2.3464058228254654,0.8282765622994537,1.6281136442337245,3.8122647808681935,5.365928469295911,5.454309816907161,4.964485430000002,5.39218533836945,7.611801170015579,11.131117761232355,13.886636833028286,13.234515627798118,8.006394819127067,-0.15901801942884242,-7.540396845623492,-10.57313686965489,-8.01700852,-1.6055892490708723,5.0832031838150895,8.870595380807483,8.60790086959949,4.941043050247986,-1.1045939310992785,-8.96391424953241,-17.91624337655748,-26.2881021653002,-31.9426113,-33.06954619552668,-28.462479521345276,-18.037104178503675,-3.3222171401868605,13.08377445967111,29.101705721130084,43.960548533162175,57.077529527294146,66.66287250452207,70.02464921
15kg_16bpm,1BC,26.5579107,13.80823498635387,2.3491825122056667,-7.846365396583527,-16.55174647518056,-23.149392173014192,-26.91764214360729,-27.469624882003966,-24.96523051322797,-20.028175473977456,-13.654552030502867,-7.07168409986744,-1.3488997682671158,2.9208535966160816,5.484687075616057,6.138033354467401,4.804891332664271,1.8599708204773084,-1.7702100794701001,-4.937866576031408,-6.727188331593194,-6.783425841406832,-5.450094234736822,-3.640861648943885,-2.3739321408281855,-2.2632261299778307,-3.1862870362527604,-4.405832983295473,-5.071773477187827,-4.789168121100908,-3.8265861969008923,-2.8166571551235857,-2.280580663198683,-2.462928730584184,-3.1016885418580733,-3.6092533235134616,-3.432987994513834,-2.3996244221732317,-0.7747597594262037,0.9804428941533634,2.513843615086121,3.7392154994790205,4.769612703584864,5.7137457004042815,6.519735362019886,6.972255359235357,6.855690279705,6.15837048908979,5.183276798424804,4.397164580999794,4.109390849069612,4.224278338758263,4.259129264359962,3.621819376163059,1.9586063300979462,-0.5839936190609754,-3.29595153949029,-5.190770654882218,-5.543186113191139,-4.27119545630314,-2.0211844625778426,0.168257192840041,1.37458341635804,1.144938133519117,-0.46703067199807663,-3.0216101741740355,-5.824013706183687,-8.05480682165113,-9.020132641287756,-8.466627687533332,-6.7246436918959525,-4.552792423540522,-2.7255603404297486,-1.665717209193131,-1.3267311946807965,-1.3241005589537642,-1.2312627472513211,-0.8296005515498587,-0.14853837470980447,0.6545280806111026,1.41993974092918,2.038515528475132,2.424145690239046,2.5188216118669087,2.4237642102556776,2.4756582148570696,3.1160377055079156,4.7452074229097025,7.632513287423539,11.675140689955816,16.104016045615005,19.49888592969667,20.320384606111503,17.83852846401581,12.842935953158747,7.6019729211663565,5.059136800685718,7.660945120712559,16.290602889776363,29.745086092975573,44.99285806
15kg_16bpm,1CA,10.28538521,5.911012181238371,2.34090717011285,-0.7400481095047856,-4.012395803983512,-7.683156903740772,-11.433984343074304,-14.89188099095591,-17.87293886734929,-20.32766640860172,-22.160258734109128,-23.029506297026604,-22.4575284929645,-20.260729082335743,-16.778066242249764,-12.612628755616885,-8.58160365408455,-5.644224209866024,-4.422777507991218,-4.72522375023045,-5.467494223174774,-5.354001210575214,-3.917482537806304,-1.986505729501723,-1.2895567117262485,-2.279982724732628,-4.429306814302093,-6.087939314773643,-5.5288703881784755,-2.0163951176134183,3.626016951589408,9.44640887228799,13.618522840762274,15.422152716774917,15.52836267413399,15.561940258196953,17.101857648994873,20.424533258684914,24.132386169216584,26.278371352371607,25.67324471629747,22.073469098316544,15.873586541770422,8.12110294003813,0.4194740637824178,-5.74797170406902,-9.637197428967575,-11.481521782505222,-12.310533427679234,-13.175118805653334,-14.35644774590001,-15.437807095943954,-16.117611952619466,-16.676564217964685,-17.618684439654903,-19.132886498756527,-20.9168994942415,-22.317608426984545,-22.67591543156491,-21.62593689695875,-19.305149927845083,-16.395576549891985,-13.710140000357171,-11.579034008066387,-9.664231322747884,-7.50023829525675,-5.167940144383651,-3.213361426859799,-1.8820356980775512,-0.8261886211564821,0.37826430084152945,1.6786356878707216,2.4824211028769074,2.1010417655863547,0.39320007111936583,-1.8831779485834792,-3.3644828716891824,-2.946050178146825,-0.64846631691587,2.264335529882097,4.0971446394827495,3.9003274532573915,2.1509768919082415,0.5297299002922207,1.072497427422524,5.156959065440629,12.903544437837173,23.369001949599184,35.053565706232185,46.071257613805784,54.30706528741065,57.90145959721,55.80850558153606,48.36787532620012,37.406199024850906,25.719819631820016,16.429052636315266,12.186936846676273,14.278868075998902,22.300244057636906,34.65159622
15kg_16bpm,2AB,-10.65133306,-12.898351690150367,-12.883528586143479,-11.28611005575207,-7.813589373876486,-2.328828975285711,4.607631293791683,11.683297795764865,17.103362709096903,19.56786087513939,18.949742204355054,16.202400260532368,12.746491279730144,9.519177956925635,6.470260101405068,2.974394943522575,-1.39377920299022,-6.350348341111279,-10.998059095085946,-14.31668366866547,-15.84849763490523,-16.193883496321547,-16.58573646029526,-18.071688415548458,-21.07811267762563,-25.13876348000001,-29.343464935729568,-32.75682412602157,-34.27596122086847,-33.1918111470048,-29.98670070654834,-26.238184007170833,-23.469500026868253,-22.203131670322406,-22.081780892668732,-22.537951404727302,-23.13213945561347,-22.972428214567614,-20.629267705995925,-15.279785391892169,-7.664688702572507,0.06633345181153905,5.630910347337432,8.072481715732986,8.186095194504063,7.647920245951748,7.810239972660518,9.06584813970103,10.83411915573113,12.044766103020947,11.86627202,10.327589519716533,8.39315118441447,7.254687898678583,7.406582147820488,8.217325730273432,8.445526328181874,7.340937470173219,5.27255325081213,3.3767414443469765,2.4649534985975285,2.3324637024976007,2.051429190025905,1.2173279065959066,0.7506775487503347,2.127276926707685,5.661141716825101,9.555989917897524,10.856916008142225,7.9613537135043275,2.3096353610229907,-2.657612025395666,-4.26931903346853,-2.365528823838983,1.4395168730516903,5.54273316,9.186076113081135,12.192638081602405,14.276055823103897,14.543086310522057,12.109313638074207,7.286086893786623,1.7205858408479862,-2.8515324236094513,-5.885265246280963,-8.057022963996568,-10.422546172344502,-13.423985716662699,-16.160292927975984,-16.473322505853808,-12.138376049598302,-2.704651986001471,9.419767272372377,19.887021455302275,25.42442860473804,26.868591783435814,28.90831967579548,35.94430577679276,47.6295768023704,58.434287358245435,61.53916562
15kg_16bpm,2BC,18.27991616,13.519527435012206,6.883195875730229,-0.49680230828817507,-7.246073730575868,-12.136601975909223,-14.459880328480569,-14.20262431838919,-11.940714315430961,-8.576219300593985,-5.067316725605375,-2.164508617257881,-0.23636866328856207,0.7041058741703368,0.9486677741570875,0.9795713280733761,1.1758367205262445,1.5737516082042644,1.7965281092214576,1.2499845805012075,-0.41231225433196106,-2.9832374536186004,-5.8009590852534565,-8.130739525709252,-9.500087659447544,-9.810281793471612,-9.257431414314418,-8.186870843807155,-6.961581418279039,-5.863387163595438,-5.04740012734599,-4.520563739793974,-4.156945517957794,-3.7833902220561395,-3.331148713472003,-2.74976694348831,-2.0235675985389867,-1.2014142750352859,-0.4029088454604031,0.2176055355696162,0.5416188135739365,0.5576480282326929,0.3933949748454208,0.2709227562774713,0.4300613144514371,1.0496219498438009,2.139187342132936,3.4545067846103623,4.522638504805173,4.861651878911334,4.310896956306497,3.1956592541744993,2.145145322183725,1.6903839183442435,1.964268720528197,2.6402416211768176,3.1403396922151274,2.9712414709352144,2.028125758897444,0.749670274929701,-0.06360428735126714,0.3063350101073235,1.9969863440356057,4.414113881276248,6.480411470761546,7.128173474339412,5.739998232333691,2.377139701251078,-2.225536844649609,-6.964961012076039,-10.786351423166147,-13.022402841431118,-13.452553181406287,-12.167686951932243,-9.433862908342222,-5.663541209227958,-1.4554546289479766,2.4314326370666612,5.247390717599168,6.486896665460363,6.041883284034168,4.169854706865747,1.3054034617247443,-2.164759493509066,-5.9283475891862905,-9.504475852957443,-12.076685220617867,-12.688760567749586,-10.714406110808868,-6.268979743700272,-0.2845879984655932,5.872489063789577,11.00053318934828,14.492506290012788,16.400292031310684,17.27399911392931,17.996745915678247,19.5055020043988,22.42029155986488,26.87573639661841,32.5357551
15kg_16bpm,2CA,8.56416468,7.795940186074259,8.7733563,10.536438254705393,11.425190710000003,9.79374118924523,5.03864035,-1.946076871707399,-9.20347432,-14.581280464210472,-16.70366259,-15.64840374684796,-12.7843765,-9.967161110945648,-8.84698412,-10.249412747728346,-13.62950065,-17.38148543218042,-19.43532444,-18.30510871888997,-13.88793485,-7.507518926791376,-1.2185897100000003,3.237653933291511,5.066750220000001,4.254645458132765,1.6387249100000003,-1.7914762999452958,-4.953908910000001,-6.599901750977378,-5.766050280000002,-2.3366569429810435,2.8410413400000003,8.33900196724163,12.83018274,15.578923560166302,16.58953214,16.411616631610755,15.752191160000002,15.188110112324662,15.074291230000004,15.566538913756872,16.291284780000005,16.124842246068027,13.79704325,8.81615454820576,2.0156113300000005,-4.598963407767587,-9.027444320000003,-10.663833079291235,-10.436599950000002,-9.892309199088213,-10.15686394,-11.572137649371792,-13.77265748,-15.841953482328698,-16.74858338,-15.918871603285856,-13.744195950000002,-11.452965924306888,-10.28984379,-10.654014637756099,-11.953107050000002,-13.190387334875995,-13.631317420000002,-13.15001667119209,-12.125535200000003,-11.079396419385354,-10.309716240000002,-9.548358085769543,-8.11859668,-5.692723150598319,-2.7671656100000006,-0.37431885311789076,0.5820097400000002,-0.2388108560213621,-2.54540346,-5.554101365021279,-8.21562971,-9.514150151622113,-8.84024721,-6.282409533128755,-2.5144501100000003,1.7265209605673293,6.192168350000001,11.086163537377626,16.506495090000005,22.01579078204615,26.50671311,28.751759746222476,28.32390058,26.154656641885044,24.068493550000003,23.47356087450538,24.26985399,24.766707725085137,22.821767110000007,17.9004155385677,12.56892727,11.481923450644691,18.23666619
15kg_16bpm,3AB,2.73639095,-3.240360224068014,-7.741621972202484,-9.659394007083435,-8.481007892114048,-4.3675815817967125,2.063230670586301,10.035571440730445,18.26678121359031,24.906347302700414,28.295004797873847,27.62533445449673,23.427307791155318,17.494087959967064,12.010227231134444,8.469717333575536,7.01797274121132,6.672668241996608,5.9605814082671795,3.602107616002671,-0.7851507869144441,-6.584890125987684,-12.674653620697848,-17.982314946867643,-21.981313000329596,-24.907375120305154,-27.601999267228994,-30.803003209836895,-34.68028521829023,-38.85964407159364,-42.18283285520413,-43.15719995694046,-40.88901708167744,-35.533379515042704,-28.355805867250826,-21.568496390032102,-17.233849526619863,-15.939555861224854,-16.695007170793854,-17.75833277098471,-17.47377882775305,-14.92981813116696,-10.471838361903476,-5.58003511131109,-1.6929784692121415,0.7446397166068085,2.3097030102701135,3.8724384745856897,5.69040319475334,6.937680955215419,6.267731020000001,3.1291456642584836,-1.2562708542530132,-4.224296727411391,-3.2917281866437675,2.0983442942684034,10.009699247977823,17.083184512072208,20.62127561730021,20.083535324137813,16.798051201038426,12.951211711927042,10.208258182003645,8.960279580301297,8.494642174465616,7.953684018714961,6.9629262841531645,5.599804883854135,4.24028456815648,3.334706048051538,3.0968602291178833,3.4608962173706135,4.447282741810446,6.3290161421212305,9.063535678153206,11.759415105517489,13.061145493917,12.285837965281173,10.048784422709513,7.632700279686181,5.638446163775591,3.366463940688367,-0.35319998696784605,-5.753195866338546,-11.398650604862203,-14.582631220259577,-12.624452180182413,-4.5021201375138915,8.147356764267041,21.336208208308317,30.35332549758245,31.928199712329924,25.920979830543025,15.683910927550846,6.627065238434765,3.533280898717882,8.074188159207413,18.175459131557755,29.491766885464337,37.72652149209499,40.49493105
15kg_16bpm,3BC,-2.09875216,-8.947521870256326,-14.742539940538828,-19.297858168103662,-22.387951767382376,-23.80875094888606,-23.44950513908326,-21.30122102446296,-17.554043124216204,-12.742289582443792,-7.675076081914235,-3.18184609861605,0.16290831693008043,2.2062190329735176,3.17074201791116,3.453756428103798,3.3258841416061573,2.776221494931594,1.7110987841009984,0.23025605857126197,-1.3240551734115429,-2.5495998205258927,-3.187258029916041,-3.2089397196247127,-2.770245120543135,-2.1822140100000005,-1.8383820493397476,-2.1054314208802314,-3.220757124215217,-5.1739732810148436,-7.716986535738311,-10.332670342217762,-12.344294354068376,-13.115795302580905,-12.263776669874588,-9.717660613433523,-5.845130057665901,-1.2852986627149763,3.1377929262969597,6.564251955310628,8.394198865338733,8.537072982704144,7.427726548501748,5.822940689071544,4.47308626630118,3.824439228882026,3.8614705181393227,4.128778524325446,3.975816603496541,2.949724051418583,1.12030945,-0.8884361441940365,-2.301556285245618,-2.772186546407174,-2.5927824157221493,-2.3843275778993114,-2.590278730542295,-3.194892787152325,-3.7981659711408815,-3.8760013172199423,-3.0448074340461635,-1.263202398038758,1.0576762365801269,3.1713497089074236,4.342134023921999,4.245181440241366,3.204503622723096,2.0545745662148067,1.6907277740917297,2.5423551690666897,4.262841721027798,5.867881169459581,6.265409385682987,4.919660687718269,2.257007312748565,-0.51865581,-2.0897882799801,-1.8461728719715984,-0.2251667164734915,1.4827085666347757,1.8804523083094262,0.24103893331149798,-3.105137960872578,-6.84649786165426,-9.271316314472074,-9.122812460865251,-6.239909970089431,-1.6274122899921195,3.0786961976185756,6.440479387231916,7.873201770140918,7.771519055273969,7.1415841382242595,7.223316358074575,9.226897104763276,13.911946144545967,21.17993733591802,30.038491393560548,38.92551209197856,46.156165713823626,50.36661844
15kg_16bpm,3CA,-6.96408172,-2.3623924892030055,1.3230044356451576,3.0120370967543475,2.149376695046868,-1.0754047343164128,-5.628127951898236,-9.999071372748235,-12.812287074114478,-13.484818349341346,-12.526809844800862,-11.145928027369685,-10.420839028974788,-10.563688570830838,-10.870005233986827,-10.146457864128475,-7.370586490428834,-2.298722237129633,4.216304804919194,10.25237292767714,13.621194209845807,12.916406226249688,8.118374427085552,0.5851449890352793,-7.579505435074418,-13.636318094524372,-15.808900005415616,-13.815787843084756,-8.884652410741504,-3.020853898513369,2.0471645935349208,5.529944293017707,7.473385514496342,8.455299903638103,9.296392545759083,10.872271307224675,13.593121866732819,16.92288840661291,19.53024273109723,19.976532221440408,17.616365276581625,13.156198743087922,8.03590236850387,3.3116125036804385,-0.8097097568336347,-4.6369586213837275,-8.430354737372772,-12.17549079778197,-15.404019184669298,-17.349011235583667,-17.41939532770321,-15.490732688377905,-12.003071777885161,-7.951825160987812,-4.632540260348277,-3.0896545336532775,-3.708944773336518,-6.107067544741119,-9.349512974310734,-12.419485149440394,-14.622275525321722,-15.72092135052044,-15.78663833848006,-14.966871973174088,-13.443887142029528,-11.479624785323766,-9.381026301970593,-7.457543809700319,-5.869528561541633,-4.438237182067347,-2.7816892035176104,-0.5643482596821311,2.2883547830896678,5.404541467804476,8.032179856354437,9.26307041790017,8.23271458529436,4.541943448725102,-1.1869792811455118,-7.168166090560436,-10.963708203846362,-10.670514880965467,-6.0878624948178555,1.1518353204391873,8.396978477552313,13.427858670165836,15.638434173348983,15.802028734962647,15.052230695656306,14.322021585614857,14.313250497614888,15.685168275495782,19.192030699026688,25.211487478989678,32.88375606535983,39.957825017855555,43.97215844667837,43.950926541082886,41.191695960382894,38.537093557882336,38.55947654
15kg_16bpm,4AB,-16.64411129,-19.968846800208652,-19.396609244721596,-16.426323607381732,-12.516269490192853,-8.348053620828498,-3.917664201231731,0.8603278130267358,5.696519416196557,9.975246250927292,13.129599632624451,14.924085441379955,15.651510791538726,16.042342838364757,16.59335118778715,17.00198583337189,16.518142075785704,14.792587087610926,12.299852205389781,10.077939327221696,8.805369228432818,7.907103160396473,6.002869928757432,2.3226611693377324,-2.6101518033104205,-7.754912522613676,-12.54296493243785,-17.06447079314351,-21.96859213482228,-28.169576764886383,-35.84657829494086,-43.77537377187697,-49.82055263501153,-51.93180088714652,-49.270480536797464,-42.76123261966648,-34.706627885631185,-27.731587567146004,-23.354451965320308,-21.429490515391958,-20.665959863457278,-19.449489726587075,-16.582598184715767,-11.721143305398567,-5.503499766769014,0.5702776636970881,4.797820690491207,6.223028493322327,5.2661540857600855,3.6104066527682477,3.06590954,4.3164463103185575,6.702849444855863,9.063111841774584,10.756039443332986,12.070327089207392,13.696381315466823,15.717311899057176,17.41249574262002,18.097572000887578,17.75603010811154,16.807103613388843,15.189064608263733,12.216506634464118,7.529140249808574,2.123183654684196,-1.8732819250952013,-2.73017153898543,-0.61529111752934,2.4321484225770904,4.190253871332544,3.8783888237394604,2.2793194501705334,0.6066372438967246,-0.6081716508700287,-1.4386144177106843,-1.8466220887251978,-1.3314953291316987,0.8602569629179576,5.1422078833840255,11.094370355063521,17.386654747686585,21.992485355430418,22.728552377477136,18.13178423961709,8.251765082123065,-5.067521930558704,-18.562212062096915,-28.565606879381672,-32.24160582303883,-28.43925723654929,-17.937888195374263,-3.338224881822434,11.362885607720312,21.91650577502444,26.169079780248424,26.209317163239824,27.45736729630522,34.200407611117136,45.70310201490473,56.66006236
15kg_16bpm,4BC,20.14808085,20.057803278952267,22.11578630252048,24.82439686609387,26.557935440565686,26.27076481546564,23.728963440039532,19.25956816390581,13.412079764303726,6.8373591597915855,0.2946185884158482,-5.43096813871671,-9.722457139731883,-12.179553016808356,-12.559661561563287,-10.831664900545386,-7.2859698361724305,-2.5966759551941325,2.2311422495467084,6.056363567896106,7.936444704090262,7.438208966765967,4.731573655059611,0.49113553089901535,-4.28617319535123,-8.529992980883431,-11.455267407027307,-12.79744638209716,-12.765775327958938,-11.8204262825761,-10.41841880584419,-8.817657450357014,-7.104388806170014,-5.2548158868601895,-3.168502147727029,-0.8046041563641013,1.6836806265821185,3.8792826127939084,5.30373909877048,5.785840875228739,5.530186825317187,4.895213912861883,4.145236726323266,3.38460159312225,2.6110938104777257,1.8540417934589988,1.2804405519624982,1.1480429658220244,1.4817642608895278,2.2362933196794224,3.03052087,3.4648253583845414,3.3405990363946603,2.6585384171814934,1.4673699138904694,-0.128854337185237,-1.8339023195511581,-3.202768788200223,-3.919798630982664,-3.9562254654242563,-3.4781002428967107,-2.6680731772191244,-1.681213464859339,-0.7477968739941738,-0.18082545940770747,-0.2142307640232526,-0.8159082840422789,-1.6563450330914529,-2.3757030310251968,-2.8196603758992054,-3.122795359574408,-3.500135825751334,-3.819354777192209,-3.6227041525117807,-2.4268634916159346,-0.0004226032922616668,3.468214415632712,7.342994920356976,10.680519465682826,12.444672730829321,11.763281242338513,8.275058610806541,2.380892192791304,-4.897282747366967,-12.413418348966857,-19.191722691124422,-24.419788906901047,-27.342856582230954,-27.239536334289824,-23.525520525915617,-15.85342453064171,-4.377759673703282,9.796232885226281,24.495876816076994,37.12900272676461,45.94310488886356,50.952182732811266,53.554271883026566,55.0535978205919,55.435079318304595,53.28963005
15kg_16bpm,4CA,-1.65576247,0.5498758674859616,0.04523794787503964,-2.9314414578694405,-7.625312503251483,-12.58439419753007,-15.757166230633267,-15.434596547849278,-11.322178885057426,-4.999275123076153,0.5441327955224385,2.398950701094834,-0.7671854050277785,-8.262243513105995,-17.60404244362816,-25.218090411086806,-27.351908383039618,-21.34051285707871,-7.171369914802678,11.344594906288545,27.21666003565205,33.4299153111154,26.746008026141418,9.27126727189655,-12.17127881382011,-29.37968141,-36.653476175315944,-32.97788252492823,-21.54116418420404,-7.572463731182837,4.2813405745136,11.832353498338831,15.592216680679984,17.530729000658077,19.28329602736687,21.129467861289157,22.41583614895294,22.51582478012943,21.309544074004414,19.091902515059356,16.176461085193353,12.735028275804837,9.051104308987604,5.448390986708374,2.0003976289356102,-1.2240569626716824,-3.960746722763314,-6.285872689489364,-8.792227435219663,-11.79096081439125,-14.86742884,-17.287245109293355,-18.46535749039455,-18.211446103500023,-16.8758753952401,-15.17136763910084,-13.836947274672767,-13.356518897534501,-13.782632873275622,-14.828564303416634,-16.228887289009457,-17.898946378218348,-19.661761247633855,-20.90971200779244,-20.74870296435191,-18.59437247780959,-14.587666049275732,-9.527574126706785,-4.3662467776439655,0.33261664562450777,4.386819942406775,7.5697168510915915,9.478763883527208,9.872373890049058,8.850270799871176,6.66797773,3.655384450798074,0.014198206773126646,-4.042526654826385,-7.637768334826101,-9.093617325936044,-6.772772187608398,-0.3475404778219437,8.371325438269814,15.755027066295499,18.253025607192132,15.01658389641884,8.74097259351933,3.7087292480630496,3.241140839606389,8.145280870248415,16.794769067207866,26.528258814518907,35.041527867261046,40.97022214357265,43.75820995067454,43.47683661997683,40.911821172530594,37.71055931143935,36.030582108025385,37.68545699
15kg_16bpm,5AB,23.36093432,15.523174096670001,5.668876796935392,-3.4252294486960944,-9.247585079309173,-10.212089856880153,-6.223892926546461,1.2938285315745954,10.115653071437816,18.193080200020248,23.987854263582115,26.42518297785513,25.151676785320955,20.912451674158543,15.503014599012605,10.999947873776573,8.583503565991736,7.977894686661298,7.935524764873432,7.1476051999450885,4.900485614301751,1.1360392860759119,-3.8549968798615253,-9.584131378626942,-15.459759376986774,-21.17071457,-26.65376963243258,-31.560146514269515,-35.289334941136545,-37.65627995476441,-39.1228921060833,-40.40311317303616,-41.6624643430928,-42.26486076870613,-41.158209080494174,-37.67371769636532,-31.995744000297197,-25.095638643001426,-18.139737619952744,-11.978263565308877,-7.061295701327455,-3.302851248023429,-0.10895967883553401,3.256659903621295,7.088541468587347,10.790115876195244,13.054205608622993,12.713489264104798,9.729721214510668,5.499063236807669,2.0773874700000006,0.7574738282840215,1.296608210798616,2.2783358014800354,2.4248081371387706,1.6998056507602994,1.1831942015921926,1.888351990891266,3.67943507304047,5.263017410239348,5.36192608485097,4.031717873812763,2.714101173188257,2.934076134591074,4.97550447078826,7.641121670388207,9.156603245430983,8.707371410191428,7.071511788538074,5.99528400522027,6.5614202065198075,8.073620791021403,8.651903132203211,7.212801796763474,4.602863080057843,2.7925847300000006,3.1852558536165927,5.5929678755023335,8.592536104841239,10.654020257028675,10.93707187654757,9.335297853720123,6.087608376807851,1.5096801690207673,-3.8226365816588332,-8.73843743534334,-11.434894651838473,-10.005857344983454,-3.7662123503786207,5.536600341227263,14.132670646270387,18.238194954732716,16.092773481290024,8.962582749225636,1.013230689142225,-2.2475289746326244,3.0795375255476753,16.624288366322002,33.633060953062085,47.92157050402202,55.44632984
15kg_16bpm,5BC,13.92124556,9.649835290453398,3.399693212866585,-3.9016789784351045,-11.166588906101572,-17.37101623315678,-21.648402993851466,-23.38565379583375,-22.3356643936786,-18.69776982132919,-13.135166000971429,-6.66784550074845,-0.4117694601835732,4.74638325518872,8.350370846218125,10.338050929513109,10.870401461689946,10.122029602920028,8.193278813429073,5.236336206650199,1.5709032710191875,-2.3062135068301943,-5.792930997669653,-8.383531073242201,-9.947462874236756,-10.808562445520806,-11.4734786192745,-12.238624014100369,-13.040179324975213,-13.532342645904752,-13.357402568963566,-12.372707022615794,-10.670163382440318,-8.49079601479752,-6.146337129848791,-3.9282954347265746,-1.9859807028949044,-0.4404441661943763,0.7275072581894503,1.5713904857449397,2.18972587079961,2.7465282994449294,3.4747322503495086,4.628651813672748,6.3581255669424275,8.56090228638184,10.84924516314928,12.670153685815475,13.511774458022964,13.0598291045186,11.244448627692952,8.252270832546666,4.554990466997932,0.8977279046075526,-1.8803579299863222,-3.1949199289219754,-3.0155330679480916,-1.8890643478675055,-0.646253423158577,0.022673992684100565,-0.143889407574361,-0.9340958339564565,-1.828389782316338,-2.302709301370412,-2.1099585240481096,-1.390438587931872,-0.584695699580322,-0.228016951383112,-0.7268132929342264,-2.1465466851496195,-4.095258417239442,-5.808037340012029,-6.410309079664156,-5.28867690669215,-2.356587383446561,1.8914593043287664,6.510044408497666,10.363540439740497,12.422384492820301,11.986024466932042,8.794644701335267,3.032382005760351,-4.736722653436199,-13.613517550552476,-22.38459107433393,-29.608203036787682,-33.78457236345369,-33.60684593961076,-28.335377003558477,-18.18285046032502,-4.438688048665006,10.857981569355838,25.488032107524262,37.55143338196925,45.81464463519506,49.927568939342635,50.45493481834299,48.59466700096289,45.51045374333054,41.75395071606915,37.33510502
15kg_16bpm,5CA,40.82377923,36.23287749126429,26.143385451238707,12.937738734831143,-0.33476349011642903,-10.911731293596866,-17.319679109655173,-20.02540068436659,-20.91642449074044,-21.59747019042651,-21.921195311211267,-20.091698279907018,-14.770199125278404,-7.077321783954765,-0.05819477351774384,3.5064555381585727,2.867156746199811,-0.07539844299398568,-2.6374600865474913,-3.4566759292821083,-3.108006932808484,-3.261037422550265,-5.106393555025827,-8.341949874231071,-11.500672735860881,-12.801237452267156,-11.166505890249601,-6.4614066958829115,0.31078682742238645,7.097894055958448,11.72641984991035,13.207912760760523,12.29831689087709,10.999053953687973,11.364637827366757,14.146575559008303,18.120832968757817,21.01097233628107,21.226036142408034,18.72448454338549,14.357919875652515,8.846029355901997,2.643382732853912,-3.6740591544570926,-9.411311787070723,-13.984684076609968,-17.224735258301433,-19.227699870166738,-20.035537728643096,-19.827459547956998,-18.818730977564936,-17.22331722702128,-15.599761699830314,-14.402265710228388,-13.255579988226396,-11.660816339542091,-9.897477299755794,-8.608049682318688,-8.069056286912065,-8.018013128783696,-8.04018849867516,-7.926958842305689,-7.644184947247368,-7.122646438150868,-6.203605424148227,-4.768178870107087,-2.891601013038161,-0.8308956680686148,1.0973826623123824,2.4610409532970627,2.7762019228979287,2.0820030833658114,0.8493591263509684,-0.5647903048608248,-1.9014089348728551,-2.9834524198061585,-3.815259191777598,-4.698243158438787,-5.861156174213246,-6.755705990307535,-5.9380377768484625,-1.8109705336412683,5.6984254969387855,14.255262032011956,20.27660751868544,21.010028094302605,16.196927833473943,8.211730700396712,0.4247185128524749,-4.378027852312171,-4.821682593565521,-1.0677912572730093,5.799141030595332,14.3102194412361,23.074073458311823,31.257425711177074,38.5873767011535,45.09295244218689,51.36278321306358,58.47378028475542,66.90813032
15kg_16bpm,6AB,-17.93587504,-28.612027604917017,-33.841649049181356,-32.080893731879186,-24.076578851038224,-12.409490075652643,0.2730804735567683,12.178850223165911,22.337858924625497,30.41396104221857,36.13035257271525,38.976481438030014,38.45496615753823,34.435538463338546,27.70028301815986,20.0796335100022,13.558949293522835,8.909538954604594,5.2983991673869255,1.068786281731456,-4.984663541035037,-12.346066919961514,-19.172107586504254,-23.88385678886674,-26.496905328911016,-28.527711931489794,-31.47848844024368,-35.865643628379516,-40.839555722579526,-44.59233948039536,-45.514799287087904,-43.21098511842603,-38.76364714135616,-34.113840418186356,-30.674366942919516,-28.35673633544043,-25.95592730418911,-22.35436470634553,-17.347794136123465,-11.490338123804426,-5.768151300752325,-1.216692228239319,1.5926309358498758,2.755240419973788,2.74316591574795,2.1928813819010022,1.8668864501172502,2.422694843357994,4.047811586528125,6.498970510361338,9.12991660494902,10.991378923266021,11.408369129156345,10.670875519820578,9.639148404895872,8.856923234511102,8.532830536295043,8.811086817037467,9.516226876645282,9.81178039817469,8.778758059389954,6.690282153210635,5.131435612504264,5.194028760821269,5.907914119386669,5.296862524219465,3.0458615951832058,1.5759906510848702,3.552453966626065,8.495491211825478,12.95060315811383,13.699740880275982,10.413173480614908,5.52422582026541,2.1489160911894327,1.9673191625836128,4.405360190723079,7.229398935169087,8.107043922776839,6.248927593138356,2.917988589012864,0.3863625124482657,0.13190224329128467,1.651742570616733,2.713410853768518,0.9071348194313998,-4.62797650472137,-12.452015240971498,-20.04341708384919,-25.51219315657745,-27.755386169502508,-25.689839319564364,-18.20897214550467,-5.393619879844946,10.519057685349996,26.33002703470222,40.33742250299795,52.84429278917757,63.68159551744854,70.09889201409213,68.38117605
15kg_16bpm,6BC,53.56086677,46.19477431051372,33.62322172156015,18.04177323653162,2.323195132157627,-10.833993620075956,-19.639232570326662,-23.587865608068938,-23.356811324668087,-20.277883616219725,-15.726745898482715,-10.784009869795039,-6.207469020209328,-2.52036459018931,-0.05065594419684217,1.0475036935386064,0.7864096793130769,-0.6018780161950873,-2.6400428977600314,-4.668281525951328,-5.983155034104671,-6.046910903877626,-4.688255633521263,-2.202347298880876,0.7433138850020686,3.3093708861145124,4.677443090299347,4.2301659872570925,1.71984725250045,-2.6097627349401384,-7.9912753269208014,-13.179045585758068,-16.719853046437315,-17.51490864916988,-15.261158049820363,-10.636796579449994,-4.906337789748467,0.6029260422326661,4.803273293331609,7.072907074447598,7.431922026338824,6.456707577380414,4.948699209282169,3.583134430950339,2.7070292748949094,2.347278338031343,2.364989802360788,2.6170298655973507,3.0221344733576694,3.499439371042638,3.840756339436317,3.69384867964097,2.724783708373589,0.8656857044882662,-1.521297232918751,-3.7207031268431088,-4.975694719314417,-4.838930559309283,-3.346343711290177,-1.014051729868859,1.3165569826868917,2.8172825847033485,2.9817801204304475,1.7256534757328996,-0.6966340861141136,-3.7603799526684742,-6.726550911710506,-8.75930156210155,-9.189384941056199,-7.822246990286409,-5.122379513863563,-2.0603711994242437,0.3541836691522061,1.5524954065338867,1.6621135515065109,1.4130551422300082,1.7476666781386108,3.3488735399067817,6.2579328958122895,9.701898244370081,12.223410092016698,12.188698913143684,8.573845905266209,1.6052113852702348,-7.113354607978279,-15.092230248413296,-19.86291087831633,-19.886079677541385,-15.084450760068147,-6.77529016939518,2.9600435768359326,12.156350572158255,19.657260620424577,25.3708827521026,30.06019602601638,34.80866591939781,40.37621542514752,46.620121814227524,52.23626614045129,55.098222833890404,53.21997381
15kg_16bpm,6CA,-20.95833259,-12.405674316168128,-4.334926596636573,1.0306939591204,2.24671069548837,-0.55026343,-5.684410943069409,-10.87119668351087,-14.485633068184313,-16.230548750329625,-16.62801817,-16.034473558712385,-14.348101834843904,-11.677989075101097,-8.597528542241479,-6.0356194,-4.758229790686572,-4.91368094173958,-5.933505453930208,-6.90113023311256,-6.967554119999999,-5.600609244282401,-2.8818192240533698,0.42911094703403907,3.3017202493077185,5.059413410000001,5.654437825250641,5.3937686008273396,4.686939031833872,4.181032864523463,4.85571114,7.476322410192815,11.83436041384079,16.633161885666198,20.38781074172188,22.472677170000004,23.000287108199245,22.0809968905609,19.559432100572977,15.244961143239495,9.363439230000001,2.7398496103331733,-3.6727782767008232,-9.120094527779315,-13.096210029255333,-15.55515119,-17.04152294322078,-18.45841425245813,-20.16336106244432,-21.245805293652595,-20.180745070000004,-16.385168907100287,-11.041615393413649,-6.547691075420273,-4.946003682874413,-6.514170740000001,-9.940991393473853,-13.531274380754782,-16.24895797884565,-17.7292543745926,-17.95138487,-16.65259550820344,-13.76545175412299,-10.016647107923674,-6.33486598347202,-3.2275928800000004,-0.8315146610108647,0.8375048097704996,1.7991388455493627,2.157591902298596,2.1786143400000006,2.2311440160317635,2.5980749389383333,3.2259368020600276,3.480088028012333,2.40559594,-0.46686320556759875,-4.507235188014718,-8.172115538881275,-9.923004244283872,-8.990346920000002,-5.2921805760605904,0.72564122297489,7.912859647041508,14.471817495416897,18.358480970000002,18.308316643753276,15.14502411539167,11.498740867931511,10.32092381410778,13.72471672,22.08487026944143,33.607186811003466,44.91232400501958,52.45833063719813,54.133203050000006,50.248681280399126,43.47213076559802,37.48567133318283,35.37031908020064,38.51750589
15kg_16bpm,7AB,-4.00173869,-3.0919961417634765,-3.1358555203652823,-2.4410729004445377,0.5649066916437816,6.319903493598721,13.739144797545391,20.612845967199362,24.65232320554956,24.7760119865715,21.70557238721092,17.553275593999174,14.573817142440351,13.472560078000503,12.884091749605753,10.640878077718792,5.594304299935985,-1.3575753850059031,-7.998883753991609,-12.73907761016943,-15.35651481425836,-16.498562787879486,-17.019605663361823,-17.478461314075666,-17.967237229042023,-18.480191592667502,-19.517548650115764,-22.126683148232672,-27.025141445793395,-33.83884462256425,-40.80377266641126,-45.33680633275887,-45.33281752144621,-40.127446218367204,-30.697661164083083,-19.391127020163225,-9.341661745861364,-3.4683943361893816,-2.660861352954407,-5.135659403096218,-7.82402426528978,-8.267487296617613,-5.721410670816324,-1.1547112491236147,3.6752137732355314,7.235916644364138,8.617013836025324,7.50084556111858,4.278206736593732,0.33327582753507223,-2.4726061420747523,-2.8266551639726853,-0.7916974953488969,2.39495300903989,5.364407161327878,7.555508535522641,9.371946220269647,11.55813390413336,14.273723192821919,16.730560145639057,17.813632768475806,16.74785378431322,13.456212183268258,8.560469127353304,3.290021733480469,-0.8745718220486264,-2.80291145263582,-2.2666699853653607,-0.09540670809619012,2.1582339818033915,2.9980991549160687,1.841901970472155,-0.693809956419654,-3.123326876830294,-4.040695238164726,-3.0071668958363813,-0.5995103270467818,2.297800488948661,5.180672222468464,7.998073205833685,10.651678113395818,12.63868632838609,13.242267535333035,11.908350238691519,8.362437590657134,2.612285944405644,-4.829634321792593,-12.650500804600243,-18.882599433477324,-21.422486074671546,-18.852336230162315,-11.392239103586462,-1.2398681595044996,8.370726229580635,15.141683203633649,19.39523974226526,23.797864906898212,30.928605779065272,40.559576729518064,49.60652560343466,54.88386091
15kg_16bpm,7BC,13.16188357,8.179986670898451,5.903315390896913,6.425096678832383,8.84387756427627,11.576930527861805,13.005934442426184,12.165491526108534,9.00522484517556,4.177615659727993,-1.3634928637014436,-6.709459976514829,-11.146257876888598,-14.146404038124786,-15.341661160519612,-14.6207256465575,-12.251977467696193,-8.818292753292889,-5.070338649021694,-1.750376797461002,0.6238632456608982,1.8271635274772833,1.858384910562503,0.9033163963660117,-0.7676853319716725,-2.969649340000001,-5.601212313737612,-8.491056567779612,-11.275092447109172,-13.328535180171489,-13.931413211324742,-12.680147932643232,-9.798888787553599,-5.998839650619654,-2.121042641812711,1.0369003044732565,2.86066346584106,3.1649492493728335,2.3044375707964386,0.9896218922738064,-0.19370936144431045,-0.994651635291361,-1.417143130915207,-1.5173916089883264,-1.2428281196241262,-0.4192756985485622,1.0855764500169605,3.181248477969018,5.528881824667074,7.655116992578598,9.118572120000001,9.676978238832564,9.376664453463913,8.44580315371715,7.060801144669502,5.227883232750878,2.9169442738452194,0.2929100708076454,-2.2018724478295972,-3.9681617213750324,-4.450443045922976,-3.369612494601296,-0.9233466087569064,2.1592127616726877,4.832903253696693,6.193736872551513,5.956374608831584,4.529754348428224,2.653193039140771,0.8486347785791396,-0.8054759054744657,-2.541337168374107,-4.5879225995909545,-6.820158701573066,-8.619255704435691,-9.143462169999996,-7.878697980993756,-5.072348200057838,-1.725194571106544,0.8342665294227503,1.6195513583158223,0.41409202856704297,-2.372366938180078,-6.169500118128154,-10.564261142193592,-15.264333722037044,-19.857183089823224,-23.62253067986996,-25.51247070961303,-24.382724129308674,-19.47746065137266,-10.894300966914724,0.3266095163917219,12.53257519412156,24.039975361097436,33.68891697764255,41.17912922993654,47.0529855978911,52.196880824888474,56.888612322632895,60.04996641
15kg_16bpm,7CA,11.21809674,9.475105573951346,4.7577617317133125,-2.541400933920212,-10.48462839628166,-16.740683245056687,-20.074421313365505,-20.939325383145686,-20.88691234747518,-21.38215348815044,-22.733769381743574,-23.940138916382708,-23.690150075760265,-21.2448580264892,-16.76447021380034,-10.896097558120413,-4.770209682320028,0.27055095785933836,3.194372567384303,3.7505860099062285,2.538904228572501,0.5612376390355215,-1.1072027261931392,-1.7460691100100192,-1.1158723057358435,0.7114783597249914,3.2684828690806036,5.724479707860183,7.4670709005413025,8.702880999770672,10.412438681709514,13.567689858972798,18.14365359638066,22.88181250262093,26.085280896390607,26.458965861158035,23.56758642209275,18.14127527110752,11.792994982625961,6.290016499635365,2.921322473232394,1.6809726850857993,0.7568904045182224,-2.494305978536811,-9.299972815918688,-18.058621421410788,-25.387142638382176,-28.37998336383079,-26.301949228868725,-21.0733225406636,-15.974052639109429,-13.330265783730756,-13.152326881799132,-13.643690655656236,-13.155858416996487,-11.68381842497238,-10.711744125370675,-11.688108974208536,-14.588922687432344,-17.77646081003659,-19.195945163991084,-17.80726426942824,-14.049268606271115,-9.193285968563652,-4.474448890436541,-0.9151361597725648,0.6408265981122038,0.00611152351180686,-1.8430039071769027,-3.0196475244151886,-1.7968780840424596,2.1440696552821263,7.111854493491512,10.386059084362936,10.338797983067614,7.808369312016457,5.4586362678590135,5.398074981795209,7.3171070368316,9.056421430198379,8.575145678744022,5.322606713508374,0.26210533522909796,-5.075745008397573,-9.537967201079073,-12.467411119206442,-13.1215380697756,-10.383448875318287,-3.353407455303394,7.638210221755712,20.537095734284836,32.18006576057918,39.81594732670179,42.275280978271404,40.011346624255516,34.82113602207094,29.510861346053442,27.26080619576928,30.634333207622568,40.29217364820188,54.19545436
15kg_16bpm,8AB,-13.23367116,-15.135502337051033,-16.54393603019231,-16.59604340702467,-13.9321679576666,-7.690501410989037,1.8678718630207998,13.15158822004805,23.698074584496723,31.15888613381853,34.07505949326019,32.09566559141584,25.8624271826163,17.00994833883242,7.974783357706383,1.1702528297769912,-2.0740048097595216,-2.1566184057980706,-1.1190330551707304,-1.2950000872324,-3.8007399639711967,-8.257292857792443,-13.726856306942034,-19.50552379869644,-25.106712379703275,-30.139380850000002,-34.35391863696638,-37.47861330874619,-39.23641508893041,-39.59082064132083,-38.593987675213455,-36.248023327228886,-32.87466064055529,-29.084189388577737,-25.422304630760394,-22.236330229923283,-19.66507943439367,-17.53766809071872,-15.127388115347545,-11.528078745795053,-6.699851419436792,-1.774886399023499,1.882433807800211,3.715954132075415,4.204221804573952,4.295396358365056,4.628770154279644,5.264251717278443,5.966910507614521,6.484364265419543,6.428366380000001,5.283370719006473,3.162891355408343,1.4399418538943158,1.9720411151362376,5.4997316370877725,10.762766633350871,15.077051972286611,16.08403027473265,13.58339616139463,9.729530803168778,7.278251000588893,7.396549294713071,9.023672684159191,9.787100897665134,7.949412545661653,3.752974931357329,-0.7733820036816469,-3.307544245828229,-2.8399889117304804,-0.09222390253747723,3.284803247913522,5.7665683537548365,6.685715262333213,6.355560193786809,5.441901489999999,4.287545850174069,3.0735639206223175,2.311030519176219,2.695924460860345,4.306532477512584,6.096011026964349,6.460417073262993,4.349360280326669,-0.06849227151872461,-5.590320716039997,-10.560118775986881,-13.52181252221221,-13.633738894973243,-10.737464639613496,-5.226166400702584,1.964162586178864,9.365417622080253,15.676916549059658,21.158297428813416,28.213988002003116,39.77277962259286,56.226553149905556,73.57292416426482,84.74157902626233,83.66784293
15kg_16bpm,8BC,30.50991856,30.977669298482304,31.415732291952644,30.90299386168278,28.650856806840245,24.169584205996767,17.378092924172183,8.762189518242327,-0.5840207975061051,-9.142317039943975,-15.329814199329613,-18.02393609608107,-17.044956088892146,-13.238993708816121,-8.056185893198004,-2.893911093665033,1.3893750183737077,4.511406397987373,6.401812718106324,6.991682347651006,6.329759037806112,4.610308769457598,2.0641861895101012,-1.0026126716635995,-4.157626990272782,-6.94508293,-8.998668936851502,-10.087713931114385,-10.229244188859052,-9.778401070373317,-9.21113667945554,-8.82802653344706,-8.619309042695054,-8.21053905434619,-7.038216273176664,-4.758670105808931,-1.6011964705875346,1.710566563132406,4.304409682781669,5.678276902731234,5.8845692151317675,5.44379591694028,5.019249922026225,5.057861133007079,5.676556744081618,6.706182303967378,7.777872224278342,8.519818316798897,8.769128736438994,8.612670322497964,8.21034827,7.558688002898058,6.402053773760632,4.422716480701436,1.5289896832181915,-1.982471310010897,-5.412775930836172,-7.850836911969026,-8.601533722716107,-7.558875745376083,-5.316909670623537,-3.030654457596756,-1.97177006446487,-2.887211284450427,-5.562070854205438,-8.867662627771745,-11.207198265845355,-11.207676202679172,-8.395768590381342,-3.4891724479068067,1.9215774823842535,6.056979912250203,7.73070368827521,6.867064943165191,4.472954427164564,2.0054753700000005,0.49599554397178286,-0.01579536470945649,-0.4829977321060503,-2.3262372785662304,-6.5012721257261425,-12.679046772050576,-19.109943237776413,-23.323335673384392,-23.31017879649032,-18.47158833699542,-9.854174247665735,0.43274502186593244,10.158521351384252,17.780699946678077,22.777550744163534,25.62130283408113,27.63961286035473,30.618767553609477,35.969348870580205,43.52265802674901,50.71751516255913,53.40629597189154,48.188893843774906,34.66268455273241,15.80744762
15kg_16bpm,8CA,-3.0043828,-3.3662741518834416,-2.4464495528403467,-1.6204015407003145,-1.940113093079409,-4.0545222376820025,-8.130858967074555,-13.23594582444064,-17.296956738746623,-18.405174657217415,-16.270932616485922,-12.45267309202544,-9.202740665844885,-8.041515246945961,-9.076610072811254,-11.199914462210737,-12.513544026551841,-11.444745343365991,-7.802401810212556,-2.9429707644177747,1.1470400490032457,3.0468551752393256,2.595533371791447,0.49970088424736175,-1.73285628952623,-3.0725590516775174,-3.147705317480589,-1.8700319618275065,0.7694767989109318,4.518946279641228,8.571099794228967,11.712652312444838,13.029729567026388,12.508835209653668,11.129112040493807,10.326629368798567,10.94539244842496,12.655779353554584,14.48402447257862,15.628253151482241,15.719712401986413,14.75260913054012,12.979154781469711,10.777573396988172,8.235710232247476,4.769016400621658,-0.2892981081466614,-7.146472112248966,-15.325104766907424,-23.187410663164158,-28.39277999337326,-29.601070651739878,-27.270481426925272,-22.97803085977389,-18.35151966080588,-14.349965749210034,-11.273319876141546,-9.159250335256354,-7.998145692878918,-7.665054644585435,-7.848486798201464,-8.227335739617866,-8.668982921753418,-9.127572468305498,-9.365876555597369,-9.087286353980405,-8.419487475183026,-7.807881187536627,-7.23390088521505,-6.010448209570507,-3.64525718502299,-0.5673696298971795,2.1155374877711064,3.2997700905544,2.4177222142441597,-0.12171070689047217,-2.9104269172317223,-4.501860388999843,-4.549217451984512,-4.066264100665851,-4.565413314449925,-6.703619067466583,-9.5816891324774,-11.277077024860008,-10.101490257769505,-5.342840791999108,2.8797889434747614,13.893176337118064,26.24401725888883,37.48157637612843,44.91615091718181,47.072181277286305,44.530022553221265,39.754115566319314,35.760282636380374,34.22379154263698,34.62442596154356,35.162297281038754,34.460133666060806,32.584923094083884,31.07194136
15kg_16bpm,9AB,-12.99670107,-18.08223707820123,-22.066663374765,-24.356016773294627,-23.812322737699553,-19.49434973310297,-11.390052914407269,-0.54094268422697,11.314153621356933,22.09916325963493,29.652141603997215,32.324420406321245,29.756188557458298,23.115795621942794,14.661963823730762,6.786510620633054,0.906406349762873,-2.945734552023492,-5.530308566421102,-7.492338802784842,-8.942053154895097,-9.729033170351,-9.919615499322193,-10.11471896017181,-11.430019768598601,-15.029463258403014,-21.37902564407735,-29.89563514164127,-38.953668267122616,-46.418518530549335,-50.41646326645072,-49.98414599566854,-45.40801116177423,-37.86271833446838,-28.93298605267732,-20.496202528047498,-14.223470382751774,-10.71493912887443,-9.286490082350335,-8.547478120036601,-7.289423058328309,-5.109231719756967,-2.2852213447223844,0.7123968512959683,3.4427521714517715,5.472872178245681,6.461232163092762,6.312998359317396,5.481098533685139,4.9819704571419345,5.848929390522437,8.434509377616518,11.929906192882543,14.660379972139674,15.149701804496008,13.154376304976532,9.82294719195172,6.945526413006508,5.7644870611776104,6.136367776187634,6.890773997215144,6.712893879118983,4.941987350866185,1.8318504391637913,-1.3783896780738725,-3.0971178323311013,-2.356057684195879,0.43574057092760754,3.4799737962245416,4.84382369796083,3.8540409139644485,1.2331114439731574,-1.6400106560120158,-3.479749460706145,-3.3770854031305952,-0.7674317168844955,4.313624371946043,10.825961312097686,16.85553273670214,20.364849212355942,20.110847363185865,16.28592513935661,10.30347407200585,3.8395697093735515,-2.0351361569090085,-7.020834989228777,-11.047436020533546,-13.651091152757493,-13.973234851240418,-11.274192927168295,-5.67625803207241,1.1684831442799934,6.5533980196068065,8.786108177360086,9.393947008388452,13.07568367653576,24.332055007444918,42.891825357007704,62.725988564719025,75.97924689252916,77.94058951
15kg_16bpm,9BC,19.28040816,16.114993459510437,12.061415726545972,6.468076141636535,-0.5254752756293932,-7.927663634237131,-14.28494558207202,-18.300664597817125,-19.366158824949103,-17.7413402638678,-14.285694065428364,-9.985064893916558,-5.618251219332144,-1.5983661038654724,2.0119334205839774,5.225302884081348,7.852582464083524,9.469091849610205,9.565948043390401,7.8345322600909615,4.415513867338904,-0.09412833393754602,-4.866182817152065,-9.112102889304118,-12.295184822783071,-14.17996427,-14.697405617693578,-13.860233252363233,-11.831988237459665,-8.952585953202767,-5.6980999647468185,-2.6381907500634574,-0.26664706801638755,1.107420903916792,1.4666289183950116,1.1519688589745527,0.7057603177108681,0.6542525446432597,1.3087134822948834,2.649599504628819,4.355823623510228,5.969523718354039,7.07486940349675,7.420163721906415,6.961634161660062,5.8240464167956,4.214051252400212,2.3468110135232028,0.3729845422485938,-1.6395045559301666,-3.64376535,-5.467515447054135,-6.712984824343367,-6.874123355255534,-5.653638314136224,-3.255664226261105,-0.4840063040581858,1.4749624532520038,1.5739448979543624,-0.5142232891814819,-4.084112521086128,-7.612767280764,-9.443601474401923,-8.637680440655458,-5.500654998767731,-1.4119416019200337,1.9244667183228972,3.3165864247190324,2.518047582989391,0.10397798150163547,-2.8652732259243647,-5.269325930447025,-6.2935221013695735,-5.670576433830203,-3.721121679769045,-1.14522072,1.3075348879321482,3.0765156963771036,3.8836913610769157,3.7385099162809734,2.8950032232239695,1.7645077372300966,0.7839522500530915,0.2732411461890396,0.37005465188772596,1.1016593700701622,2.512881992976368,4.69411512232444,7.643999964257417,11.053235701979252,14.22762753833345,16.378401084580833,17.207131782388064,17.379474793416634,18.473426401229066,22.335759324979804,30.112496854063266,41.34366644285536,53.590866305796936,62.95899615659695,65.56091543
15kg_16bpm,9CA,-4.17358115,-4.909896861663684,-4.540250196364219,-5.504098744851857,-8.339996298713261,-11.874905893474093,-14.491750333684198,-15.270445426710783,-14.545229103845358,-13.516119182397226,-13.246729005521097,-13.980951150117551,-15.273433908339621,-16.45070348042027,-16.84010843329908,-15.970907124465768,-13.619824430375969,-10.040689503397497,-6.098737506261032,-3.0736728681361685,-2.092542535330462,-3.477333921880802,-6.559684525646342,-9.921886345733718,-11.846876594414704,-11.428799059163131,-8.499773402214,-3.362040415017676,3.4855511684722,11.15125821753413,18.170874807285365,23.023686517918225,25.00933372135504,24.631800588789993,23.24270322221158,22.27538405639266,22.29224309668462,22.561703210839788,21.73839267862705,18.965304060637862,14.647897646150959,10.084838316381399,6.219198310588295,3.2748340505048334,1.0336934943397906,-1.166624358157581,-4.115085656947083,-8.109666310335152,-12.683935183948671,-17.02500881270438,-20.681154586572877,-23.725199429017504,-26.397518978834995,-28.68149041343073,-30.174989078327446,-30.272569247489137,-28.536919390250613,-25.013204065139377,-20.255953515905333,-15.191766967946652,-10.76962697001132,-7.523518537332149,-5.519827265515955,-4.550298710820977,-4.242658028595563,-4.215225167133743,-4.195728218166828,-3.912943275520446,-2.9936387153634807,-1.2433134992830934,0.9842978949777529,2.911813960733811,3.920481755713629,3.919286497828252,3.1235372432327004,1.6408232022622122,-0.596664075257015,-3.4744686642501272,-6.303276163365697,-7.780247191096183,-6.491178302559247,-1.8753159238580872,5.10727697017583,12.418946388242604,18.154189949903277,21.34818652811456,22.103110545779845,21.26983311392349,19.87560948782078,18.80272026964055,18.894456251121,21.24512603586034,27.073781497189277,37.00223608367043,50.11094124685789,63.47668367948419,72.97602284325592,75.43090160686151,70.71442382121394,62.049872153756304,54.39989216
7kg_10bpm,10AB,-0.15055105,-4.514300891131246,-9.252160789796024,-12.007792281495798,-11.146554719461147,-6.890661296631769,-1.1286575582676808,4.007181177428897,7.650162272893447,10.441643488297588,13.741729846003857,17.860420370130324,20.977948210419093,20.41238394558701,15.265732305453684,7.924699336267582,2.1656350607212067,0.13475492766603017,0.19514639060347652,-1.9815659531428345,-9.30308453484718,-19.77999274973339,-27.28109533533965,-27.357764484552987,-21.343039161915225,-14.368606654668554,-10.19230427006601,-8.317577856472152,-6.81273823596101,-5.478240594928124,-5.482082067484883,-7.39970731056076,-10.22544872764428,-11.879009818940917,-10.927267365594885,-7.975646330025708,-4.876359033757159,-2.8231079385068933,-1.834105281615014,-1.6542149818011593,-2.206599339077941,-3.362650038017159,-5.014324176534544,-6.9247001278563225,-8.371030569150193,-8.122962448351544,-5.6306877966846685,-1.8716968449536726,1.2071175746764693,2.2313997396452274,1.2439225,-0.36207851686350695,-0.749029559584963,0.9450401342705776,3.97692213574554,6.273698907224087,5.7320311370448,2.154945834335421,-1.8917418884991373,-3.5777061527888834,-2.77145311235311,-1.53472673982982,-1.813535641672074,-4.159644370771811,-7.439205293091085,-9.807869333084074,-9.687193720972159,-5.307570338631922,4.0892386812654395,16.099517735063642,24.590138595189337,22.511993257655377,9.019355847937389,-8.1260381821244,-19.170995248004967,-17.838834416608552,-5.295024668200862,8.113801678963299,11.073348529255265,2.041555303399175,-9.794373680511223,-13.214174866236773,-4.710199336004996,9.15511462429559,18.583587815257687,18.41842908104809,10.017825292582156,-1.275187061266739,-9.023933071035067,-8.263759081059659,1.1964196731552856,13.717556651388126,21.351851158600034,19.679397526853496,11.143668071901988,2.5556137721205507,-0.6917350765777031,1.64343887929628,5.110290962626274,4.559717369979224,-1.85368279
7kg_10bpm,10BC,7.15107431,9.629723183963375,9.926681226364646,7.730007818322681,3.9370473487827873,0.22941781356264712,-1.938399956537495,-2.0801262942418046,-0.6832986802693458,1.073687477580635,2.027808344201706,1.739367855388314,0.7501037506330049,0.019398832210100803,-0.20047977585799978,-0.5464177378112114,-1.8279071487992038,-4.290946223629075,-7.285529059741858,-9.585739280980413,-10.144666937862052,-8.829710432160851,-6.541947460638903,-4.458816453758907,-3.047243260669956,-1.807320605346629,0.11786447648792335,2.973543644984634,5.9129680162897476,7.409693473380351,6.348289896670301,2.8795448011246134,-1.4251017503081966,-4.710868622889179,-5.88977141122154,-4.993609388768207,-2.8869152159704163,-0.710216414010615,0.6794643867588631,1.0911867434426061,0.932234164064663,0.6832214083568515,0.5549847520283231,0.6493112865409111,1.1084184505249486,1.8528752248303304,2.3214613944431655,1.7656597679380721,-0.24482246378501596,-3.284196213364141,-6.166034893705081,-7.680607247216679,-7.274478632432279,-5.334682722972449,-2.8349260593171564,-0.6415194001779547,0.8358597179427514,1.5906165669133707,1.8184179760991466,1.7380832987569497,1.442958946405008,0.6730207975863658,-1.0893621649555263,-3.921992885716231,-6.981539741123629,-8.980952544676692,-9.000727625331788,-7.0455111874232905,-4.181697133224941,-1.9934873397931214,-1.5999795925078804,-2.897880447501788,-4.640356765376652,-5.382535823276638,-4.463309107268725,-2.2860605772973153,0.2275399483303922,2.4023419340042373,4.120596003573836,5.557222927574268,6.651485330315412,6.768561227653934,5.078684910236831,1.5361355290558656,-2.6200868965270487,-5.531788636725529,-6.153035630330744,-5.0162423863995755,-3.4863236922410406,-2.362171379248667,-1.2845521719333748,0.6156835904725143,3.576229003349506,6.693441811096928,8.523887709495474,8.200600394613549,6.251132197662462,4.655117020296567,5.805989715756602,10.75920647257595,18.02404726
7kg_10bpm,10CA,-10.1545377,-14.871738367707401,-14.763624601520549,-11.49559800719497,-7.69318673457264,-5.390334026303808,-4.848885626611401,-4.439488275914414,-1.9242295767710467,3.2377147743600587,8.846029901485426,11.608506446600696,9.965380430100877,5.106620532150585,-0.31127768030386066,-3.6714602727946852,-4.268273785685826,-3.442653918395807,-2.6373349411972975,-2.042007736296718,-1.2541176769142282,-0.5000082307034878,-0.5776718125771698,-1.9385615934795621,-3.7909133891305724,-4.577088047090213,-3.3233483554578336,-0.2857192704638422,3.474047848727162,6.672747477581268,8.084643086213235,7.061563909423778,4.175355857901505,1.198337098987872,-0.06465231319381684,0.5608888550113047,1.4819573558786274,0.6684032310681136,-2.8148141233270154,-8.28300439126452,-14.459395705803514,-20.163778175264884,-23.969851217543347,-24.138794531690944,-19.898610176671102,-13.292155931570754,-8.519082337514833,-8.377631869927379,-11.509840825394384,-13.899263607145409,-12.840754658214774,-8.97443580161247,-5.012326630915798,-3.1297872363501793,-3.461533478514055,-4.632578033395463,-5.251206283291854,-4.651063727364535,-2.805020816379617,-0.20812340341772362,2.029465318166331,3.0586039719673583,3.431274395764634,3.564855046866942,3.5814327325418933,3.7847454814314054,4.028433083263276,3.445180991213232,2.0506708845564083,1.09908452429407,1.7650001524853536,4.244751423233301,7.3194656517738945,9.023067793112578,8.36607444294649,6.119775476925657,3.7883700409224925,2.1582181166521175,0.736756102685024,-0.9647942721648628,-2.176268161753897,-1.6690711137922527,0.701469135570105,3.7581894865319456,5.665909937430067,5.105560697415124,2.33353453950466,-0.9128463507467559,-2.876478271484927,-2.895328680405757,-1.2114347484559873,1.5558206852033862,4.83723382601353,8.272493406410245,11.491189794877602,13.879636872019557,14.75419711592241,13.711344422639607,11.210130509326024,9.08404679656221,9.96144707
7kg_10bpm,11AB,9.85595572,8.3193957160043,4.107773526904811,0.06836492732628659,-0.882302409963054,1.6239065036575595,5.838088431063154,10.419016109114692,15.140964173497652,19.67537271139883,22.866081663475537,23.49605429580975,21.44722719916438,17.825268654914023,13.98923304962384,10.388883109831147,6.204759126300669,0.12005327836207341,-8.354653697085958,-17.99208940310485,-26.10868003,-30.113687476555235,-28.911297739951117,-24.31180502490202,-19.67446642666303,-17.230056131646975,-16.67700595255451,-16.382426245426867,-15.208829547829685,-12.930513010247683,-10.71109317806736,-9.519610690546411,-8.526047553154184,-6.331134744440507,-3.055254633996244,-0.5391829613185265,-0.012876756696839263,-0.7024168188773653,-1.2242990240182057,-1.3188053867001557,-1.8358058600000002,-2.997608190320167,-3.67979922675081,-3.046119322065653,-2.0195091992561474,-1.7059306681726327,-1.9304542646283176,-2.4088499644762034,-3.2039670500997457,-4.113625607546063,-4.28888113901916,-2.369861274112591,2.1620407986644845,7.500376190147213,10.005980968730826,7.127205315375879,0.6528473110902531,-4.261204628547099,-4.490729502468255,-2.361426760419988,-2.899846799999981,-7.281144502591969,-10.537746595723425,-7.198789658733162,1.7044866163715313,10.678539542500548,16.526025811794813,17.968592902035077,13.489863855122747,4.5800988152992055,-4.958412430701606,-12.73781164087277,-15.956313928236936,-12.938046693293142,-6.182942530945742,-0.018802027970863333,2.9399735632776434,2.7196891074979095,1.6761935674800967,2.5110369905811876,4.657583980000001,4.664319724063231,0.8847477344686713,-4.217352843224519,-6.3088613230764485,-3.0959097346463214,3.42600908185646,8.737595748339938,9.714814355693102,6.932208347048726,3.4380500609571483,1.8744836676573546,2.569515705620487,4.20467517034129,5.892448393962256,7.668675179969596,8.789495385686715,7.353803762873905,2.4050947078554277,-3.8825586050668868,-7.74311065
7kg_10bpm,11BC,16.9288575,13.054278312564193,6.648849798590667,-0.046697174687914116,-4.954646875441522,-7.108183013421581,-6.699824698500603,-4.6771347682779085,-2.3463637665863315,-0.710277559807187,0.21411355038251245,0.8778408754108886,1.47503269894569,1.8186339860377103,1.4209888444796064,-0.211790935199882,-3.090472347339905,-6.2185443672058,-7.95363163985783,-7.366285286052175,-4.946801961222096,-2.127992473985846,-0.31474260921286773,-0.09417767820957873,-0.9699591927833204,-1.9383550182576927,-2.3043511343791883,-1.8748415968756644,-0.7973544787533438,0.11462814939789988,-0.23193092758099912,-1.904358595473224,-3.5204518798171676,-3.387674042924598,-1.2049171160644885,1.5939205792020013,3.246984225927227,2.9816344776784973,1.3978819465172163,-0.09165557748262346,-0.2681326734216228,1.0885390901920493,3.0697496477273765,4.145795756515204,3.157254496010071,0.15243278205680166,-3.790521811259581,-7.188730912833492,-8.62816624250786,-7.4682885160046535,-4.580401206105581,-1.938861424887679,-1.004021380888644,-1.5576811010723115,-2.280351196010004,-2.205623990970854,-1.2798967344504106,-0.16140100149397654,0.39985247231382826,0.3677447125245676,0.4081458089021395,0.927848921192984,1.3464460415372899,0.5757922953756922,-1.9575732010303275,-5.5511325438740995,-8.449821544936153,-9.176980190184988,-7.477285678513222,-4.230670237024493,-0.8402773500142275,1.4904125695306674,2.300184537052246,1.8343657369214854,0.6228852773156214,-0.8069275622309351,-2.079553046245477,-3.0678987369675874,-3.8444390185557404,-4.473878770589322,-4.765201281569238,-4.1862993026814275,-2.2131175511597245,1.0411888228303026,4.516233526101699,6.721821096159172,6.747176297960265,4.924299189853639,2.5238122230163382,0.8720566667554871,0.47168037933261764,0.8409595717084872,1.2489405207879154,1.5636196519732941,2.4314716332922037,4.45915084077784,7.1712553088132385,8.909687333204342,8.112610546894112,5.020318494806441,2.2888924
7kg_10bpm,11CA,12.47695176,11.587432401667627,8.364574117571557,3.0166115418378014,-3.0217139999999993,-7.66704334895152,-9.261369283195721,-7.433330070016387,-3.42137235,0.6204110034305088,2.830721714329587,2.567219502635144,0.6150732700000001,-1.2547438964871258,-1.5283176138597339,-0.036119736367128986,1.9499838000000005,2.5018665841511902,0.34033542472759626,-4.16534568306922,-8.7416842,-10.912928118174442,-9.57147870171862,-5.434954988621461,-0.23080715000000002,4.412525230673815,7.553587398340094,8.999341052501883,8.915978760000002,7.693798042953763,5.964935936469083,4.270360566033103,2.7817379900000008,1.6234229210702802,0.9220929149340401,0.4853924721850196,-0.060694069999999996,-1.0171708212838166,-2.3074302663280557,-3.450009729614098,-4.190719930000001,-4.806276924597075,-5.729731857824414,-7.227548442054781,-9.38079725,-12.076529395095957,-14.805197901031182,-16.869455959200387,-17.80345298,-17.268802401065347,-15.242144685018472,-12.393682770010681,-9.810877310000002,-8.285535191156242,-7.804788120213886,-7.669901706072902,-7.1662365700000015,-6.092787419853961,-4.764530181906817,-3.5953948035096674,-2.5148483899999996,-0.9423326916630832,1.4268793860575224,4.06777166568825,5.799706770000002,5.652457711946069,3.762711369103832,1.3670933858639145,-0.1100813,-0.2264380573441227,0.41691781715877874,1.2402908380662139,2.4325123700000004,4.459279417593132,6.927664483020925,8.425379755532548,7.644138070000001,4.675003003823436,1.1262789698431552,-1.195221881093525,-1.70859113,-0.9451314831238995,0.29523148485563794,1.535360555478685,2.63806394,3.3987930007045675,3.393278114653004,2.2339264577867133,-0.024240559999999994,-2.598505107980754,-4.1893980144982645,-3.8189230718499747,-1.4924724200000001,1.956325192373361,5.423712855838869,8.09644219969941,9.7504029,10.6205150687574,11.077921460339818,11.458903323166236,12.2769038
7kg_10bpm,12AB,15.65302032,6.16407024556802,-1.202421402657572,-5.580420539464585,-7.225926664358604,-6.548503145541431,-3.851622587375987,0.4453584905960738,5.887698788579922,11.80669467265119,16.97051833802678,19.973144528374323,20.14672009676976,18.02288494490696,14.97017964227813,12.131721008435417,9.399599175890904,5.807913027229593,0.9737798233913062,-4.317986634830293,-9.096575990823549,-13.39501941892274,-18.14240810982687,-23.65902087771702,-28.077683669894608,-29.27508208761375,-26.84650816356994,-21.94304002179797,-16.637156635334865,-12.468779649667278,-9.9452078726385,-8.820155919876052,-8.10525415702341,-6.7825762583723215,-4.73914720838012,-2.9188851211254976,-2.1701469645816522,-2.3352213422243677,-2.9651530942992195,-4.075262119954233,-5.729434204353003,-7.39020979823757,-8.245509325560324,-7.827615982992935,-6.299921842629902,-4.27434532543704,-2.4345753340728655,-1.17136598882161,-0.5236907103646504,-0.1765168844724525,0.5690269000000001,2.333279935501949,4.3796387114597595,4.9192854668478665,3.353810487150255,1.3203326382306264,0.8780448106992195,1.8900664407655092,2.1924734274418904,0.6634979394268432,-1.1581967718157047,-1.3416625076700606,-0.2944644386386349,-0.46335956204143597,-3.3546373972968704,-8.213818201024637,-12.885902228570892,-14.518733578202461,-10.377502186661003,0.32851660697417606,14.536975123642527,26.571516329423027,30.75330505662012,23.744537932271122,8.222914065464622,-8.729471392623193,-20.61369498207704,-22.267886903325913,-12.536707622650246,2.8229827815946833,15.269698467988452,19.832127423606785,16.68769392990396,8.994432905366564,0.7154410391757984,-5.034887093396563,-7.411297887875508,-7.319203783887799,-6.185164465625931,-5.446037534521606,-5.274509267041001,-4.48244415619371,-2.030593508092053,2.1995475138469867,7.37502876376687,11.510586766336283,12.248835910318151,8.779623310079858,2.5581813932989763,-3.4914369849814624,-5.9450897
7kg_10bpm,12BC,16.74517819,11.601573970035755,5.0450438615116395,-0.7821794241907285,-4.079837748684137,-4.159446920672297,-1.6608814821192206,1.8251931092958542,4.736649352167536,6.246102553671657,6.167366790243827,4.75792353387683,2.581651339701184,0.27189091901022167,-1.942962988899549,-4.230135799407767,-6.559673911744487,-8.454399616881757,-9.287757351423776,-8.856053911954291,-7.492948853405592,-5.802956267854357,-4.25790673043017,-2.9467784212553574,-1.6814024577698325,-0.31592231924833014,0.9854750407903818,1.8468635049322972,2.0123773393685256,1.6149389245161223,1.064180807396959,0.5834561202729197,0.006133883321528018,-0.9449268057541451,-2.280391124910718,-3.6250609503851945,-4.438901470559923,-4.455938242841055,-3.698890634237328,-2.243061120087447,-0.1596532565960544,2.1979612173052803,4.046415178983401,4.518370303803362,3.2337559804426967,0.6327014268655884,-2.394800471079136,-5.038187336951335,-6.670882155683329,-6.8550233087179056,-5.499679165626917,-3.1507196762344933,-0.8398296527079246,0.48477541707719196,0.33316587483126364,-1.0466050832568166,-2.7043788277642804,-3.6167999863198457,-3.2990913564849342,-2.0064399469816556,-0.48968394349538263,0.3669917481927047,-0.12813914811308777,-2.062163378669845,-4.740485702885827,-6.970282374474836,-7.647941026836952,-6.401324666692532,-3.8491575595219913,-1.2163640726342742,0.48413790725561767,1.048102834407922,0.9865867977965457,0.8506038781225705,0.701192580193948,0.23612008756866462,-0.6096410983023837,-1.356382066474937,-1.4843040343152587,-1.080838515751088,-0.8072837566706128,-1.2207167439214441,-2.34929734276321,-3.78429597960262,-4.8617443785696075,-4.8058973346072085,-3.0155495946454667,0.20642361222869585,3.1699927921657096,3.691692986950948,0.8447887805073981,-4.152005134517715,-8.737796547475796,-10.597664334445842,-8.716873972836172,-3.4574451125905536,3.879134490512089,11.721565875300012,18.83731553001463,24.337947336814953,27.16810281
7kg_10bpm,12CA,0.05102447,-3.1543182422574656,-5.665945069662873,-7.529792007746289,-8.734447851214743,-8.919374762032016,-7.8466714402658,-5.764989214413516,-3.0402725079912263,0.1898453295705772,3.6680668375771512,6.511673815856821,7.712171902235142,7.1611695710484335,5.725824184505052,4.313495197614817,2.9217247236090373,0.9395454729368695,-1.7784281062992264,-4.445492366428386,-5.522765316385881,-4.4301948547017655,-2.0010232789523137,0.21509712282376053,1.2730830459459597,1.42638922,1.7263681568953047,3.131910689918504,5.760013469948883,8.941076626905812,11.766684882534815,13.355989432252679,13.152040790832563,11.349866824075939,8.817470159406476,6.432971450060397,4.589549139101469,3.171889618237514,1.773379604554296,-0.1967099610562444,-3.466361040759577,-8.296959757685057,-13.987374217255837,-19.095633237598626,-22.138020139894095,-22.374101059291508,-20.5699825097869,-18.851519089768843,-19.299030867176143,-22.42560377140179,-26.476947350000003,-28.9430778268071,-28.2938514957823,-24.63334648045853,-19.077605061390326,-12.904869821111648,-7.8974791645349205,-5.35062400869042,-4.626371143033827,-3.9338906723270033,-2.3159207823251013,-0.044737799794105026,2.534361235651402,5.052603732374488,7.008241990162497,8.252154577617263,8.362258079793287,6.747759484314929,3.742629977353809,0.44601990772213806,-1.8947836606201267,-2.2906619118061715,-0.7139848775513553,1.7878194732117614,3.90977279561481,4.79456806,4.337750213946858,3.282262826745489,2.7795174445481448,3.6485602463638314,5.5378094829802,7.252285401321769,7.754930372141412,6.697789644570454,4.653866445621494,2.762658244857459,1.8238748617911054,1.612655781185597,1.0952792765575503,-0.3299741513289178,-1.853004601824205,-1.805254098028264,0.7831255989933659,5.154882044540815,9.443173809029652,12.232128703929812,13.438886817281228,13.89229344089511,14.482494653451681,15.722233610634534,17.99469269
7kg_10bpm,13AB,-3.67532666,-4.867035473409579,-4.05805918814845,-2.455579116236942,-1.2082619140084894,-0.9349222978414048,-1.2343726440555947,-0.8066743377606485,1.5091891405990132,5.604162058821459,9.95698554,12.885593339756586,13.756159671533489,13.059833992118149,11.747583314557142,10.767853960814362,10.760951632657038,11.499967919814328,11.93010230265203,10.861467613567955,7.90383678,3.6776238717328633,-1.1630097723224586,-6.722930658313841,-13.517102287287058,-21.11358231409688,-28.095799847962223,-33.36353631721035,-36.45037339213904,-36.672810879102755,-33.00227962,-25.710916846440924,-16.875610934964058,-9.491419171568833,-5.747522463467284,-5.44371849958986,-6.152616921490403,-5.291481446499024,-2.4601559241980944,0.472183921215631,1.2271651800000003,-1.1824619006976078,-5.014451556404881,-6.76514406976277,-4.381921587602176,0.7284466399208767,5.255584457620268,7.042698034636415,6.669241348016684,5.649130703783921,4.08798637,1.0675905007353388,-3.01088983901243,-6.119230674242661,-6.671911782590804,-5.222600967319791,-3.450022345744005,-2.0042675204821783,-0.15224785874888114,2.6423716893774154,5.13199611,5.046488072716835,1.2627263856671518,-5.22586503521355,-11.765263080584639,-15.576788596973914,-15.110989776672836,-10.065473649483147,-0.6877876652240543,12.216546835701267,25.66182723,33.433967353674056,29.693115630876186,14.161136155860401,-7.213492672064744,-25.09762387678565,-30.96114921183154,-22.18864273750209,-4.737478295726847,10.861151017344378,17.133515630000005,13.606187712384456,4.821052652283391,-3.6920675846007316,-8.109848243132618,-7.309084525688913,-2.814557010348185,2.2647597410005997,5.004481999159245,4.206084892340267,1.0454104400000004,-1.8580643054115402,-2.006421360557698,0.805331938627671,3.92914730158741,4.415282665659612,1.7817408457846522,-1.5289688715597727,-1.8682999540020557,3.008970904195555,12.20678893
7kg_10bpm,13BC,29.67489868,20.738027551606855,10.084011047649117,0.26254529390203213,-6.616478124293679,-9.157914217462835,-7.1857364863674995,-2.1653083819988477,3.2102247753774504,6.402770992480376,6.284284440000002,3.5000147876005943,0.0021523729803087227,-2.2386791335322407,-2.4917124943145446,-1.414797108789167,-0.44945830359607153,-0.9558101662861476,-3.268939720614275,-6.40082684961225,-8.773501710000001,-9.330016693199978,-8.187762149019273,-6.300064064909733,-4.498487031193899,-3.033135306490179,-1.7969531995802825,-0.7428021665889637,0.025538188989275595,0.3549137913659339,0.22106303000000002,-0.1554230363772894,-0.3736913201526259,-0.14270236799475863,0.37031712389836674,0.549865135944448,-0.1909088228174552,-1.7835787427553345,-3.2147211693540463,-3.2878171728038614,-1.71811499,0.8210718533726732,3.280062549260621,4.799697244401699,4.991056847416193,3.95567430338202,2.1414524253771403,0.06760549696623055,-1.8120962201274917,-3.2203541836479572,-4.1965696800000005,-5.029629838022843,-5.837132893839004,-6.356848787854295,-6.238007044879789,-5.43055651412626,-4.264376993415629,-3.114781182961234,-2.0790001946080094,-1.1662821448400962,-0.6317854,-0.8754156443619346,-2.011029820674082,-3.6214092438126873,-4.851377682994925,-4.879160324761025,-3.5265385367979833,-1.5134553708356817,-0.01189780676251193,0.22477256741885376,-0.6546067300000001,-1.7044508953319302,-1.9514673908627769,-1.236284464282324,-0.22071799516617333,0.3138656508085467,0.13654389832689845,-0.395729713419522,-0.9251560172803335,-1.495919667139548,-2.2786032900000004,-3.0131192805578566,-3.139327193651208,-2.4503465807461016,-1.3305735544846204,-0.46704895869124113,-0.5207409684494141,-1.7850991907115519,-3.986668295184341,-6.322560346069364,-7.752602730000001,-7.434598593501943,-5.104042097045454,-1.137893128324219,3.6393932137095275,8.199637552299556,11.727712894230198,14.072292461688344,15.829098922528464,17.6201557060943,19.12891151
7kg_10bpm,13CA,-0.15834117,-8.567307731318065,-11.810879154088934,-10.771514562771499,-7.608260385902538,-4.408045375454391,-2.4822531247065305,-1.8156575014763559,-1.3601915512413918,-0.04215724804042186,2.35874759,4.949997979130053,6.8803334621391725,8.104875019842119,8.93325856331547,9.16416325935421,7.740533589397025,3.953700116662065,-0.9464255352391646,-4.23166438414604,-4.1332819800000005,-1.3756861100191395,1.640444814707858,2.8224528665536193,1.7600784794250435,-0.33527724999743697,-1.432071144994527,-0.15056555383239587,3.094617778189034,6.515727276915509,8.211586900000002,7.245870777091542,4.025730517974669,-0.31174698189631767,-4.663747370765061,-8.209533430098482,-10.63798422856726,-12.11600739725632,-12.90831148080385,-13.662990886247771,-15.395953440000003,-18.49732572984833,-21.735965462089332,-22.650604500119467,-19.931263587732214,-15.205351350501799,-11.798405234881178,-11.539243399689498,-13.283921354979467,-14.042539593136478,-11.804874280000002,-7.355459386847997,-3.324040311812221,-1.0645292044284997,-0.0449709833197134,0.04117263173946002,-0.5472468126137531,-1.031011398598462,-0.7263284953804763,0.3264793794835701,1.53319933,2.360398285120249,2.7334879329172197,3.0193820159969205,3.7027760837692476,4.863243044325366,5.779474640199914,5.29794352935263,3.2954540293851875,1.1823224701339798,0.27408969000000005,0.641766403388855,1.8590298124248503,3.465792972775305,5.055582273457997,6.315683534164889,6.934976111400826,6.412152583821773,4.58168633217809,2.4598620584231745,1.53364967,2.4017660551565503,4.078941879913614,4.783085871862453,3.5300032272103516,0.724218806553811,-2.6056002688737885,-5.666026994786404,-8.326614425574279,-10.803550008709426,-12.73818043,-12.852014904661596,-10.023866395409236,-4.347647104398292,2.6531388402358465,8.628486794125003,11.764336126788137,11.764469070506479,9.427762986691162,5.753492256160177,1.91630012
7kg_10bpm,1AB,13.96637157,9.403759540940188,4.335763924060816,1.1367820284363013,0.8762465548900169,2.9426534399510773,5.807247978312806,8.592957087421606,11.47869872327199,14.405942845941993,16.7315336758092,18.024376461804707,18.12696162409789,17.505117929642434,16.688926038572628,15.530477082760413,13.253205236894948,9.407236978574051,4.777648309477463,0.735071962958884,-1.6018667833156461,-2.5399573296406044,-3.8663430305124677,-7.27066563403915,-13.257633335152388,-20.356873760519278,-25.3652877686619,-25.776076405013086,-23.05069898110411,-21.636348737161015,-23.319513017464708,-26.35763120208812,-28.814651976988817,-29.93813577220362,-29.569827765751658,-27.380457282940608,-23.076061059399667,-16.98527541077763,-10.57807404657595,-5.505114893067124,-2.7438863617567777,-1.9734260241590578,-1.4583740751749739,0.582934777917501,4.181804708102217,7.709224648168965,9.93321068585339,10.908442163358558,11.175577213570746,10.651100008732403,8.74697226,5.882515268566676,3.9737828460860385,4.041957982646754,4.589331938514975,3.5104660833560426,0.7739061157976558,-1.776364002157092,-2.2409803476954306,0.0263732559147771,3.61632243389381,5.922162619487514,5.311193782270111,2.6153597909254724,0.5371272577217363,0.8058486750646602,2.1010384693913293,2.288347667616832,1.4066810039368316,1.25471823568113,2.490558686367026,4.235340117996787,5.959027418539886,7.772808568495519,9.166922896377816,8.829891394753933,5.972496993065889,1.661970386083669,-1.6638283323829293,-2.685939649319435,-2.4795685349936,-2.617162760647947,-2.7763221452333915,-1.2240463685386032,2.3677581621322323,5.527010487127199,5.3543310388165635,1.7342057637809551,-2.979927494155796,-6.654481530586815,-8.791205660433485,-9.868183449319245,-10.078432053870689,-8.638696392175524,-5.030514104674361,-1.6215145150804815,-2.8142517742415936,-8.3577784305698,-8.027813379323351,13.66138330628478,65.21566429
7kg_10bpm,1BC,14.30991377,10.323088397195436,4.578113474299472,-1.1470420717626264,-5.027073511760072,-5.870219320000001,-3.686919583188267,0.3100001651070351,4.365022712565251,7.163775511606692,8.27138365,7.640216467403763,5.374188209999159,1.8749176273555852,-2.155409796226443,-5.827896090000001,-8.534168637077816,-10.190819318228577,-10.939464596028229,-10.853654959906889,-10.096121370000002,-9.138098983911846,-8.516232433027605,-8.34317664816829,-8.066520399883494,-6.9030416400000005,-4.7113432860392,-2.2844309657932653,-0.7816586873645471,-0.8358813091564408,-2.12028584,-3.6007043089629276,-4.260227281348129,-3.621106199749929,-1.9270068938115117,0.033519179999999954,1.5359654273450014,2.353095079588211,2.755647103259296,3.2526411892632017,4.20060055,5.4905984391797755,6.4474346821209005,6.195994816369604,4.37688103160562,1.5851716000000002,-0.9952516456643127,-2.4359004399508324,-2.550655009445926,-1.7226585473746552,-0.49426912,0.5679764647527865,0.9899031889555583,0.6143654371505711,-0.22221579154117094,-0.8768422100000001,-0.8543890114946716,-0.176582592571413,0.5879816240639965,0.6318825457827771,-0.65928436,-3.224832673617778,-6.09138647324771,-7.842061861333135,-7.572323401030369,-5.46342494,-2.6480227699952104,-0.5842985558711222,-0.11709426656787819,-0.8970478934190372,-1.6875802799999997,-1.381487035673394,0.12580057638873013,2.0359202154087326,3.4333058785631887,3.94455906,3.761767029549748,3.1209717113751028,1.9327038448142686,0.011184544953034867,-2.35140629,-4.1256503768331845,-4.1420664504303035,-2.0464888046641985,1.29233194857431,4.19814452,5.127372619247357,3.501658173160939,-0.17646940963229996,-4.850000219910371,-9.38680262,-12.885183332850655,-14.885186057881935,-15.269859959986352,-13.99312786157461,-10.79336564,-5.258886631309647,2.6080608063966597,11.702428067381385,19.724634969551428,24.27813162
7kg_10bpm,1CA,3.02458269,-0.7995234083399396,-5.738970485904773,-10.262240207800673,-12.72910254897805,-12.113311473474855,-8.807339342460365,-4.355297780215003,-0.2124964382244109,2.848217241467645,4.47920929699862,4.2920041518500325,1.9791969853227487,-1.9223363915139928,-5.796914898350191,-7.808112933061728,-7.028084632012257,-4.0630564094577695,-0.5730934612414965,2.031949942174161,3.5632091392232073,4.731082444833444,6.106421037611314,7.830124691010649,9.602823748696263,10.85587612827567,11.12419985128627,10.136039125437792,7.822881624105971,4.450470287551776,0.7547517873533737,-2.450594104704776,-4.550198772154229,-5.20605234574212,-4.391062573554639,-2.390299252221069,0.153362650183171,2.2978448619695557,3.0724489727217064,1.7031388450370877,-2.1993173961613817,-8.533373890896632,-16.505330299114327,-24.303575687334064,-29.67351575223528,-31.19250450975202,-28.826439577814288,-23.392137453816666,-16.445701244926795,-10.186689653981098,-6.407079775597507,-5.492668726278947,-6.353395437062833,-7.395152735196375,-7.5626457674426595,-6.550253617411556,-4.57857004219083,-2.0735601095313188,0.4312145929632105,2.245210315508049,2.740135333532304,1.8258377477401746,0.25120637465682955,-0.5721562422675968,0.5267169582341951,3.46877278293529,6.865809722820611,9.161965717593938,9.732137352549739,8.788745367798704,6.955838458793655,4.905108016261261,3.2111622149361,2.188359754876321,1.7583950069904126,1.6727101756981122,1.8746338876057864,2.397592679397264,3.0806763604247362,3.682827034199451,4.004628269168047,3.918974879867422,3.3417714823007945,2.2772600789865693,0.8656385771269899,-0.6631155357783349,-2.164044130336899,-3.6921524942975745,-5.206044800498904,-6.08288617082078,-5.252877991300376,-2.0546391285103502,3.0274951776234262,8.404006913498776,12.121542745779696,13.019333563426633,11.666032023389034,10.170106170028436,10.783178067427459,14.490333716899768,20.39723246
7kg_10bpm,2AB,15.10493857,8.03537176464398,1.2379876022373626,-3.16929557750649,-4.092550271166435,-2.0047864708798433,1.1756856783563685,3.345942829634165,3.5872512386614526,2.7355083163271607,2.6923502388978404,4.82630594720596,8.6790986708356,12.264029500047066,13.68810378418455,12.568438800077383,10.261762960148532,8.801158813561477,9.386904179094852,11.21423243022424,11.653325173767536,7.973806775171995,-0.7510060331311248,-12.577458472658648,-23.488942056393135,-29.679050647930623,-29.44019472822741,-24.016917594138537,-16.927973037733825,-11.908068271042984,-11.201727181890792,-14.786078586015403,-20.711163242647878,-26.17384695511275,-28.853855131132796,-27.871387758443333,-23.69304010228694,-17.677062954229633,-11.532588405377897,-6.4629875542071655,-2.6508245719847348,0.24897096519476894,2.5130278699658963,4.136276907838822,4.957456607960932,4.918660012386919,4.223160428854144,3.354273921855066,2.9543090767505875,3.412401479256459,4.421109692013198,5.166984034830187,5.017295812712099,4.017828544021544,2.784462570839784,2.1341794621815335,2.4767158424546003,3.4613851748063356,4.516072324427329,5.243972997652844,5.424184271969156,5.222761522035566,4.894608068753986,4.153446010800589,2.3772813027252147,-0.749716179566136,-4.593730087328078,-7.479525586970292,-7.638154242475696,-4.4686744127584275,0.736332353929809,5.5256172011956926,8.235657257602988,9.184055422335932,10.056157010111585,12.007931858297578,14.197361687546817,14.39295169716864,10.936051767693433,4.369442330743434,-2.4853693969174753,-6.16672174158834,-4.850246770056469,0.3245640868086227,5.895092456909706,8.164836938454194,5.376916350648465,-1.6240948777541326,-10.26843483658205,-17.34570168053866,-20.019319052078227,-17.181171310206025,-10.176441846672038,-2.234326594800856,3.394930744523778,5.734860522937638,6.823864224588182,9.933840784193771,16.707716605900565,25.552047999347394,32.72286522
7kg_10bpm,2BC,5.49030942,1.566027767817472,-1.4432280376252828,-3.59034355425447,-4.995457610603778,-5.634977422287766,-5.362560536461288,-4.117514825153651,-2.1349914932421648,0.14061323386397018,2.341537929774704,4.174643532204304,5.304113169591245,5.480203170312105,4.595334750502293,2.603858881205699,-0.3694701639632069,-3.873029943915857,-7.271613964343649,-9.932032176765102,-11.38210226,-11.423066529193203,-10.210237708497441,-8.262039760489804,-6.219284177509527,-4.526328535514867,-3.3256126886939197,-2.4960312574269996,-1.9099955563121138,-1.4763867465485974,-1.13758127830821,-0.8402224546607574,-0.5843510163173371,-0.3785650106240027,-0.19303100846262075,0.020832745499309892,0.2992102413027966,0.5953495588041644,0.7473041160837357,0.5643311807555135,0.053223870000000006,-0.4255909701212862,-0.24617191299154884,1.1469375238844228,3.827354644528574,7.17968802424111,10.027945877052225,11.074854420633944,9.475318997176512,5.250068426711417,-0.6698898931779136,-6.735682308561858,-11.289261588359814,-13.063719160698666,-11.597978347364077,-7.535100972593856,-2.5137435226129683,1.580687107076142,3.5779409171551513,3.3734951951412264,1.4845884000000003,-1.6095615566309973,-5.615827516060855,-9.966306342430682,-13.425340295342641,-14.38731291666872,-11.782164335237189,-5.887882005352417,1.5612776886629267,7.996489238129803,11.182340697293167,10.386498407789361,6.6610883058308215,2.0386725395183136,-1.6872576458040562,-3.684974409515723,-4.010729360025572,-3.0489995783420403,-1.0210131187254334,1.9892651725159958,5.621494320000001,8.942346145548633,10.612141096837014,9.574117591356986,5.871934426932157,0.9579539212831346,-2.8396140385111304,-3.432930380259605,-0.1075840762572908,5.876110385869511,11.590478503429331,13.687838604338799,10.142789571218112,1.6277983166831347,-8.426581909647695,-15.399865633436233,-15.879423593316822,-9.399413270068099,1.4793692377731076,12.787848756053673,21.2456093
7kg_10bpm,3AB,12.53632597,7.276017923000163,1.6212654243717393,-3.0222075463127362,-5.4614529463092385,-5.229130421052961,-2.728147154149554,1.1560312753539006,5.629792732099765,10.207446257022944,14.488933283892164,17.939258829388802,20.012180074194095,20.438236293730874,19.398276433464346,17.412068294790558,15.078188273201143,12.894416146818719,10.97420516240136,8.825957592500506,5.624436001341032,0.8644462173326335,-5.342236710860974,-12.567217704501715,-20.121036032445325,-26.939846208117647,-31.619490433497443,-32.88685364065288,-30.84736692901694,-26.964891462181882,-22.919357804002853,-20.024111974950316,-18.907622790876562,-19.285366363427833,-20.31980721388528,-21.119973382878488,-20.930685275869653,-19.280022866335283,-16.122031975000002,-11.824127930428636,-6.957455069016635,-2.197713319801954,1.6219580509473868,3.5764361010590107,3.1685220031092345,0.843090888347176,-1.8678388624810194,-3.1647647342789598,-2.021671814289951,1.2993470196246037,5.373588900000001,8.407453554032312,9.295960853493433,8.155791642901677,6.111606614689589,4.530151995130853,4.304212032208773,5.34124508992718,6.651779975768424,7.067221329115975,6.012549697995987,3.884702287399343,1.6952493985629402,0.33045815751840596,0.015543191492571027,0.24953579076834417,0.10727486795899244,-1.1028973598936327,-3.2072399676826118,-5.175245059014157,-5.806854566215804,-4.769685175084974,-2.7616001996091843,-0.6949060189845567,1.1503334841174326,3.159464975251477,5.493958980295654,7.609085502983629,8.865602235770988,9.438751289048207,10.34022658796563,12.26038520389655,14.66156652846745,16.2240831632094,15.86042378902717,13.161668384587303,8.272199126110435,1.9085879741064717,-4.569693860612766,-9.468910614425402,-11.37105955377795,-9.613008012193209,-4.492648099417216,2.7306607937965586,10.081676655798752,15.366837586192059,16.95276907741899,14.552544082589666,9.489977820498304,4.154786467028348,0.94544388
7kg_10bpm,3BC,16.99096908,11.822327671393454,6.628225443418337,2.012714385969755,-1.4211841172746844,-3.349421211327944,-3.9072925945592196,-3.6309283520565616,-3.1987506614311276,-3.0389771027136527,-2.941836010190974,-2.307273846726593,-0.9782382895023994,0.497111174491523,1.3509784049949447,1.1389425677802532,-0.04244498219180544,-1.8072302870412842,-3.800430552516918,-5.830420028281126,-7.746606969887051,-9.31040442361667,-10.160582148578454,-9.869333158097971,-8.27097954670281,-5.6319505656353614,-2.517494045085411,0.4299487503601027,2.6829968984630828,3.9169946565605045,4.003231546298994,3.0270354692421853,1.3360193199807708,-0.5371723284088807,-2.1582555856414336,-3.41641829177129,-4.404917723076297,-5.024844111508086,-4.85586778534698,-3.55598803222032,-1.2817984828127138,1.3512061214497437,3.5602227694517716,4.717976089727066,4.6928271957337895,3.8306412736329656,2.538816289561209,1.0223014945688773,-0.7093922892427964,-2.6780271192154648,-4.752711292555843,-6.666723190183328,-8.108849956804283,-8.715555823341843,-8.126194436061054,-6.207433918082683,-3.227801276973179,0.13943146625250352,2.9582815052908695,4.310174822610638,3.759412123160377,1.7891090059069863,-0.40998599458296897,-1.788921211043371,-2.0895908141809962,-1.7549977106990269,-1.401205322336456,-1.2827639403729534,-1.1732084594499383,-0.6869228661525085,0.32633448595519726,1.5457604665225324,2.325167790060568,2.244405154779698,1.4308294201450527,0.34983688119787265,-0.5518057972770452,-1.0451948727158809,-1.142067895130465,-0.956430202116287,-0.6511681591513526,-0.4678444145063442,-0.5561467667662535,-0.747269537467054,-0.5709274469179866,0.3798263778904144,1.9991587958106676,3.559479184450254,4.1300608585693235,3.2242462826679743,1.1466630532313395,-1.2372443374494315,-2.976857563881466,-3.2856158528245114,-1.5508046375237607,2.6171886572335525,9.127309898027516,16.99226425584136,24.19427911353338,28.32814009791558,27.78030971
7kg_10bpm,3CA,-1.33936244,-2.7781616663998,-4.1893906541921275,-5.435141687634636,-6.106882030920368,-5.860752695759334,-4.662483919338309,-2.861055132370659,-0.9277986669563636,0.8264791629104532,2.2665673250974328,3.365437591673552,4.099736405624202,4.274856494067404,3.6621240219564366,2.455007162659673,1.249368031533263,0.5371585895047726,0.3916053156519606,0.6759296898682855,1.1547632333008169,1.5743827423841206,1.7232960610549632,1.4359671499297706,0.5750115339305369,-0.8098303559235308,-2.324371262653468,-3.399724612620476,-3.6462269037974377,-2.9259277205319005,-1.4134850994844428,0.5964028178728312,2.6957127194899426,4.310626057314455,4.8325578739417585,3.9053740129790477,1.6528139487020026,-1.3669042134414595,-4.458893930258503,-7.05373261628494,-8.78678338667724,-9.607526275118406,-9.928601765378897,-10.478998720918215,-11.913369912875877,-14.322213320287513,-17.058077331422293,-19.1775622550755,-19.9322590776176,-18.997343748479654,-16.63016173,-13.62852621615746,-11.035139998113083,-9.619244102898374,-9.428319950589845,-9.808742519173546,-9.925175979618194,-9.366735039760457,-8.32987744107257,-7.245350002798794,-6.265512990639033,-5.095130086401664,-3.3202020503997582,-0.8927138580600781,1.6694336342139438,3.525488913055541,4.135012536302783,3.671337815989877,2.9503075597616313,2.8942973487985966,3.8978134172834813,5.681556191444482,7.500246359008598,8.575338692834102,8.612866392625568,7.96826869220647,7.315474481425901,7.143621531085493,7.4788744992697485,7.9551193624780225,8.218558920529217,8.18570373691214,7.874312079659953,7.282958350504441,6.294052470808057,4.633143815199376,2.0807009608687954,-1.2000223396550214,-4.5945169564649575,-7.246038857016459,-8.38325974448194,-7.541208641809668,-4.6258921941738524,0.02825701989718865,5.691959468135754,11.408385442969083,16.23081194567876,19.540724523529693,21.37593193439346,22.542247409582334,24.21438525
7kg_10bpm,4AB,7.68810105,2.4830141460940567,-2.7432822280467386,-6.464753475307536,-7.551878199997157,-5.7619841670250675,-1.8411350714459411,2.9579734038773484,7.582959889296958,11.577437884666075,15.001552715650918,18.01339192436349,20.38762973141902,21.433424735289986,20.6591483601827,18.425065706659048,15.819348452988594,14.095272531586522,13.973878393407176,14.961738497285326,15.065557133678661,11.885543503573363,4.491046702863397,-5.87554739393727,-16.53881197153293,-25.130597218038226,-30.72452923773838,-33.515089389996206,-34.37134013354731,-34.4578314791001,-34.409177268435414,-34.19032134453499,-33.511035425470524,-32.11459754722754,-29.756514236748423,-26.306613829680096,-21.927734293604832,-17.044410769877206,-12.203353533415122,-7.869536022721902,-4.332322350018927,-1.7275437506783855,-0.012752830954116851,1.040804528771604,1.7694219014078265,2.4168046324194785,3.0230714174740005,3.576268711051832,4.110846249921825,4.6329431720764935,5.026592087854274,4.911282645854875,3.816123490566691,1.9008355369205554,0.09005767585672814,-0.5250369292639027,0.4642015131924382,2.436081945308127,4.169379498640033,4.903677601734654,5.090431577583728,5.955771734983793,8.151171441800129,10.812848025584548,12.144344671666087,11.070415857164027,8.386235234875183,6.087556608332291,5.608410535136384,6.522288061156209,6.791986681197993,4.371894731033518,-0.8769384924440375,-6.453297240508094,-8.902997470225769,-6.858314446718532,-2.1267448763627486,2.1163851384476104,3.7855869871120897,2.9348903884732875,1.0161039822198639,-0.7741241170764274,-2.158213032435544,-2.9393763399707544,-2.303836724520335,0.4456379151845641,4.491693602581606,7.630612274364396,8.114531799380025,6.109584045180932,3.3866370163636663,1.6881677198607212,1.4302069912983344,1.7124209704207918,1.2464625163469114,-0.5923595498984808,-3.1849201303336225,-4.818908731187422,-3.470301358891104,2.235876863856976,12.18625018
7kg_10bpm,4BC,11.00612328,3.86066681466017,-3.848362507155887,-10.747269723142802,-15.093045576466915,-15.647568257803467,-12.475026975491026,-6.989834723134774,-1.2075428286008092,3.207694172677577,5.567969257376814,6.22400049320761,5.993355585213771,5.442244173366452,4.649815512456343,3.315946435090237,1.0465154298704382,-2.202050870376491,-5.88854954753884,-9.166694786150291,-11.297405974520935,-11.893646929717152,-10.92599102198419,-8.617510338218244,-5.414915802363991,-2.0092440807406886,0.8708951666342831,2.6360101225482264,3.0435988805246392,2.306057273831726,0.9995737590653491,-0.23817919779031566,-1.0059888552534904,-1.301390153473649,-1.3969449046012226,-1.4967496357357273,-1.5870438288716182,-1.4865967191168779,-1.1738564842589836,-0.68248015648332,0.0464083636000287,1.1877501603658283,2.843066942076951,4.841385444104722,6.6553161955967335,7.550288267541274,6.985288728021821,4.944498967771856,1.9217057862195581,-1.4712158479857256,-4.920651220478205,-8.327521346355034,-11.329931001059542,-13.125864078620305,-12.983360533906186,-10.900061900410849,-7.742785822931474,-4.795614660432774,-3.0258907984031675,-2.612786355850806,-2.942925578321382,-3.0443904929582253,-2.1903658021632615,-0.34276534300766515,1.8347005158849747,3.492087839871156,4.1642440737760165,3.890418945102605,2.967256389837608,1.67057925113987,0.2202950260804925,-1.0975775424916645,-1.9541839070980505,-2.162695322252688,-1.7095591312692382,-0.6890953043685877,0.6467797339897696,1.956472811628416,3.007651372633631,3.779244887768893,4.429114532974056,5.056289985105128,5.415386698206249,4.949816091751617,3.1953400231009232,0.244819589802456,-3.153731462897243,-5.925595720748349,-7.20976401138154,-6.7858949168621265,-5.172176600073818,-3.4459794261354513,-2.694918053496926,-3.2153648461260342,-4.154681460603255,-3.9283949132424865,-0.9785262225960566,5.466443000365247,14.7834722403263,24.917376529623738,33.011798
7kg_10bpm,5AB,26.40686198,18.69234278125866,9.435829711343965,0.3901597083362565,-6.4422742152551,-9.449601090000002,-8.129647758799251,-3.2192854594860076,3.6874517708351684,10.35926636946841,14.78317791,16.201933048194004,15.371380609021946,13.900716310587535,13.169245946975293,13.428660820000001,13.798879175028013,13.134020860386899,11.045635818113972,8.23514121796068,5.877210550000002,4.521828167700528,3.2746774574203337,0.28168555844929194,-5.760910993433731,-14.273068290000001,-23.02191802817549,-29.67433019313623,-32.84689366926642,-32.535356810266045,-30.084495580000002,-27.30081836807915,-25.34095301825179,-24.304448172532783,-23.423976213937856,-21.79521674,-19.19289702123119,-16.174269663871435,-13.407358513718487,-11.025937074690288,-8.577577770000001,-5.5058629112714375,-1.7242232659406924,2.15746232845626,5.137573760051639,6.489892149999999,6.240658906845402,5.099180981424498,3.940659862043762,3.2524064715798313,2.980606580000001,2.7481530257311273,2.266454086153914,1.5931771220870987,1.0783375746249126,1.13090503,1.927813293946781,3.16818424190508,4.126350045277248,4.179097253854793,3.1388062200000006,1.1376851516587374,-1.3088395876519578,-3.192190045089902,-3.3883200267428464,-1.4342530100000002,2.0234704304010704,5.561340663659009,7.932969069347428,8.779744371610066,8.54724037,7.939824166172914,7.48641389004429,7.428980208869603,7.566972372760864,7.25049958,6.019993007018439,4.203628657629435,2.5641555016079187,1.58611489185007,1.0754132000000003,0.4488514511931816,-0.5252216629690315,-1.5723325522665652,-2.3770414897935397,-2.98446043,-3.7611380240531846,-5.105725844448706,-7.194977108463423,-9.729769725272268,-11.698051510000003,-11.809085346795564,-9.581867112113091,-5.9759634154324575,-2.818974360727746,-1.23033379,-0.364354362163199,2.179983552956685,8.412481453043975,18.13405855495202,28.7181046
7kg_10bpm,5BC,16.56518664,7.771712849515712,-0.8435007601682092,-8.019868007308112,-12.492060726596568,-13.558760608650841,-11.46825479235252,-7.377419387853408,-2.885863335027813,0.6739068825547784,2.771120565812388,3.783628129090131,4.499664577280905,5.26664247213188,5.742189090853397,5.33466293944588,3.6476585575836165,0.7060617334760491,-3.0065440242177344,-6.738195880756516,-9.726936858105713,-11.421426848613342,-11.64823209476884,-10.682990646569225,-9.186970453040038,-7.855746397901575,-6.933345532826401,-6.154608314719161,-5.049993472979125,-3.300329215976846,-0.9777934931909803,1.471470426587298,3.5574153189652695,4.9888195041440735,5.66249633634053,5.496885610942143,4.385346475830759,2.3368981537910223,-0.3094311610737465,-3.1487337795055157,-5.658062563035646,-7.144893776060457,-6.8537657645169805,-4.401971864030082,-0.31942957069364053,3.8317577696925067,6.188064615271829,5.758836500167184,3.0290625572214807,-0.4149082775235381,-2.9043969264600906,-3.5658195955272993,-2.46822256403187,-0.33329379135414333,1.7769387092634596,2.722476770438044,1.7087525597993753,-1.2189088564892856,-5.100986626473355,-8.554016352242838,-10.463270444564873,-10.299858063840855,-8.06148548070526,-4.2837941740639,-0.16293832600720465,2.6122020742053924,2.6864577622812402,-0.025227634598340584,-4.122385720924553,-7.468285380195706,-8.356722086382545,-6.295815563483547,-2.1825744225482344,2.217768411784932,5.282453350720305,6.471572226698026,6.456171804577512,6.318250575229709,6.586430088200492,6.928908209556643,6.473645258793598,4.368929323451579,0.4525382260383652,-4.398379512247227,-8.65171186390127,-10.845515633282588,-10.098673028597425,-6.341263182424566,-0.3368404659315315,6.417424413738927,11.995110811166136,14.63072342270396,13.39353669927208,8.644807444812106,2.0067127275061134,-4.213691217354678,-7.723599541226676,-6.861889628375647,-1.09848498371642,8.625750925377169,19.89302097
7kg_10bpm,5CA,-8.19852768,-10.381638600875025,-8.60125142589614,-4.421064306157898,-0.010938019739344041,2.8338108234212607,3.3541253730270926,2.0342880523536757,0.6059003201701412,0.7826712822751772,2.7956222693601624,5.101016443863527,5.591914145103107,3.4112244221812134,-0.35856623981077496,-3.566512772945017,-4.533771532248645,-3.198955806017308,-0.8628400797978142,0.9048933275842719,1.2360612719436745,0.8021132833813336,0.36988782953881333,0.19126770973847468,0.05497992151104473,-0.43678250406028957,-1.317573163077325,-1.9147019640806817,-1.3409818048854076,0.5691514907258033,2.9825279156708593,4.627628192225404,4.693003606988574,3.316349214745128,1.115191306854849,-1.5273913878426058,-4.4608541381575995,-7.649771553233081,-11.01920742379226,-14.211919673088985,-16.40304628449487,-16.723534358802393,-15.286178541865288,-13.086017825888177,-10.810122691555234,-8.74722636240699,-7.195651721977175,-6.501761623764436,-6.856972738990185,-8.08678168098207,-9.594692310000001,-10.741006426761748,-11.1859653979568,-10.824127461359978,-9.70443310911595,-8.012569300122891,-5.949175159879864,-3.6409667075445835,-1.270295960212134,0.8442087946823301,2.3907552932296143,3.110161271435506,2.8451117688802388,1.7175395058809246,0.41216963829769443,0.05863095553943575,1.5803778577044736,4.800553877844091,7.989113968864527,8.929778328740703,6.9493397977280855,3.3765924896786124,0.28183231222020166,-1.0488078284630837,-0.876771012084918,-0.32741949483149096,-0.12164325790476013,-0.18983091902998234,-0.16481683268418756,0.05697748947498923,0.35586839181632135,0.7160015687889326,1.1983857792062187,1.6805725621060383,1.9287753622615473,1.8832554885610195,1.577825732151123,0.6716625235796453,-1.2262583430875866,-3.753277177789898,-5.78807502557644,-6.142405719880903,-4.326763094504148,-0.630031586112374,4.1688499095185625,9.06483232918823,13.198533857881117,16.244341472431557,18.604533638108702,21.329323357169493,25.66106687
7kg_10bpm,6AB,0.45219711,-2.622078904006048,-4.815912171783064,-5.699787268559991,-5.141725718416583,-3.275835253684084,-0.3418752220653543,3.494643209100226,8.024918916809757,12.772450621239305,16.937325157141117,19.593526032926096,20.139639202249118,18.822430293852598,16.684264777616576,14.792684887796192,13.511990249059831,12.367123385453175,10.29696908047988,6.4209663795232075,0.8683631981819482,-5.133180559697122,-10.111440443974455,-13.502392460304627,-15.858631568111223,-18.196090044621524,-21.35801429933445,-25.404442844687125,-29.582120304101984,-32.75060482288631,-33.77178273965167,-32.114070330374496,-28.21639779637968,-23.265626378939437,-18.617155703298963,-15.244135271146245,-13.389946812461545,-12.579076900460148,-12.066750654221789,-11.265565640594113,-9.817544869156418,-7.632140745014776,-4.940747835385816,-2.2333957988220323,-0.012078653933700195,1.4505449977106195,2.234631973012935,2.668108332609094,3.0780133405366383,3.6606571845853164,4.34642753,4.8001301492575275,4.848080786027691,4.856808070324978,5.542860557167206,7.243904498360466,9.465246749171769,10.966140038539596,10.405804627014039,7.437756057321977,3.037738744194769,-1.158770284291083,-3.781497920375251,-4.230541444375449,-2.7026227510670706,0.014593504031056213,2.937119248749829,5.309762182150295,6.671275384440664,6.869789685021067,6.178489861739274,5.068302191756514,3.777226342524035,2.2939284241129396,0.6510542310011356,-0.7526956601330074,-1.2200228302695977,-0.359673955403373,1.291971695103955,2.549641225132057,2.6756513324326194,2.1427214550530294,2.163302249046007,3.43392771232448,5.521628321616655,7.430762664395141,8.373623084929788,8.274968228930856,7.85021552411918,7.962656426942075,8.944282363627288,10.547891414485987,12.226729430350296,13.374763385772837,13.575382688635123,12.702249910014066,10.87193312486972,8.488159833261328,6.208155376920964,4.692220906058821,4.35184965
7kg_10bpm,6BC,21.56584834,10.229570222408038,-0.06493086013711225,-7.611913963094887,-11.508056051433964,-11.704214845561307,-8.97250609954406,-4.57080523289127,0.21464231378068327,4.360810538715644,7.064986782914109,7.8093891886136015,6.622684587121103,4.052695857257546,0.8440534455488896,-2.28890885811418,-4.741569443292725,-6.174994990309253,-6.519292246038768,-5.985723742211249,-5.102533254415382,-4.643586531255704,-5.098837490187241,-6.086784601139686,-6.64701145148562,-5.781500490000001,-3.225238108257411,0.26961473558490145,3.342351657004142,4.774717309124213,4.130400865038589,1.891646782084046,-0.9359291416877256,-3.3336262414064577,-4.6360992450660925,-4.588466578581934,-3.5186254861371538,-2.0692875086903153,-0.8638398219975618,-0.16789588993621793,0.21670618140431527,0.7135055986395583,1.5424330849385683,2.481212885910526,2.9908559562126227,2.493178648369655,0.6364204317973776,-2.492946106479723,-6.182761690027309,-9.291067620790853,-10.840958330000001,-10.494678319451413,-8.690142562911932,-6.42612533297755,-4.652925721833271,-3.69273653751785,-3.2965331444334254,-3.078067187012584,-2.8020272441417555,-2.3493070977890906,-1.5796789251511412,-0.27828968137687365,1.4140844283822152,2.7722825680188232,2.8499118315631273,1.2784849262374287,-1.2558043526649247,-3.3164684990832227,-3.6125497864121083,-1.8948505204199808,0.8818004301354982,3.3197406147438655,4.4987564806355875,4.324061391675347,3.4080597363890313,2.5998740700000003,2.4100332188831124,2.8007350271639346,3.3894175084696823,3.7648061386026477,3.65073282928084,2.792141031612621,0.923440250911232,-1.8716603283503308,-4.754094308715365,-6.313705867684944,-5.413134646550159,-2.065562138218251,2.40495095167474,6.128542110063208,7.787468801401538,7.319856476375204,5.822676265551932,4.798110771130173,5.229767858316665,7.034587601704226,9.178103093819294,10.332751827822609,9.710161031595806,7.654583695739619,5.65103213
7kg_10bpm,6CA,4.92302387,1.3158844575062925,-1.8251616626366869,-4.092439454845906,-5.337043870195144,-5.5336713215296,-4.930091662321049,-3.978680970954045,-2.938744963466692,-1.7581598490962818,-0.3324491767106119,1.0527843808392598,1.8557541471112782,1.9850416709481318,2.0125421306545492,2.481918910289486,3.32536217097937,3.6916383255637193,2.905380733725725,1.1342612866216322,-0.8772663352791193,-2.277097859968581,-2.609842509252984,-2.0459514780292856,-1.0382774849572796,-0.14441708000000003,0.3336930283521836,0.7305038844137615,1.677216101581355,3.350760359685644,5.266979076520388,6.654359010191183,6.943947799569568,6.100606046198047,4.461970548384897,2.316345221185663,-0.17228964852074885,-2.8197502614497134,-5.500268010277331,-8.109662429535488,-10.49950580296752,-12.59060752111225,-14.495549399455179,-16.395301538551003,-17.921564885976494,-18.114671846598426,-16.45695257560242,-13.536012461097968,-10.794018483686834,-9.684081668924774,-10.71864708,-13.112950641575788,-15.406696345021132,-16.496217044035987,-16.03726525712217,-14.19574722001354,-11.2955729188011,-7.743989752872876,-4.029926643405886,-0.6826257662335596,1.7682809795066492,2.9758874706132223,2.9805126188140956,2.218099577893708,1.280703111052124,0.5941838669843224,0.25646901348528023,0.3602263539982061,1.3010525579784449,3.435457584260453,6.339136191970641,8.823383865977837,9.858641006907794,9.327697712218757,8.063067205293379,7.170704530000005,7.161228307635782,7.478007688365369,7.0769430439024,5.4866417848160625,3.219911081934217,1.1989721724902824,-0.12222609885462367,-1.1571646181028934,-2.6023130086692543,-4.462767541262747,-5.854192693359171,-5.844595770027861,-4.328460536050837,-1.995288391213148,0.45162911506096903,3.0128742955678747,6.241112108118402,10.399116939154034,14.785992408664715,17.97451719010087,18.782826164619838,17.10929755999963,14.019985184012777,11.240193396008252,10.52720066
7kg_10bpm,7AB,17.0718105,14.14777046400647,9.670882904533311,4.963584380797945,0.8249587117873676,-2.014108783916453,-2.720890708040392,-0.7758204545684895,3.843068196259835,10.401221253332066,17.16766565387725,22.31802171554102,24.8177760139951,24.56975799798142,21.81058190779047,16.97235820203899,11.050706329279622,5.483533517624145,1.7126311211382708,0.3224809358897728,0.23798634815705738,-0.9045568458670241,-5.0504727460909615,-11.839030749403488,-19.02446156621087,-24.407276414558897,-27.16660518118868,-28.08141802240318,-28.40882233049763,-28.947141534492346,-29.65881502854177,-29.75669333944195,-28.278725221883562,-24.79565649156961,-19.833789289160617,-14.600368994149816,-10.093825206483395,-6.64686447821329,-4.101923238096017,-2.2046151797360434,-0.9390631566461697,-0.3334852902563285,-0.2675186099911668,-0.5770293231423139,-1.3090990138830392,-2.4998125831962086,-3.5995591805648925,-3.2435547855571523,-0.5788635964777296,3.475025425565117,6.486881830324778,6.401412573009193,3.4788061942527624,0.07418950679171236,-1.4790201416542952,-0.5114726449488257,2.0525099272738214,4.713660463131316,6.119254513700343,5.361263851864859,2.590089412634585,-0.4931230192172686,-1.441503353192412,0.9649942476992985,5.6303709355444145,10.068702061244005,12.102980521055422,11.234295853372794,8.59846408915512,5.749494215386605,3.538658231285086,2.0511286483830493,1.1792857901938223,0.9585284007772407,1.4930927985291271,2.5934270621739706,3.5454926268851716,3.57594471497162,2.55928569384771,1.0912406534323922,-0.13969200254172975,-0.8125137703811969,-0.8300346574733481,-0.09187801583887367,1.474059463469155,3.8284754037480915,6.68179623774667,9.158689592526068,9.992083636429768,8.429684651300708,4.905494438618193,0.8667748224868757,-2.065981101879606,-2.963856690158308,-2.2760314237336345,-1.6748950700233218,-2.5401029071493406,-4.401875462341067,-5.075633878873547,-2.3257826517427227,4.42528481
7kg_10bpm,7BC,12.27431643,11.009309449925905,8.990679893205725,6.332814791975231,3.8378661741220674,2.3888577099471298,2.178927840171551,2.6655440674734856,3.1653234025124397,3.2782512827132733,2.9282550528888276,2.1476112394737137,0.9539133911881038,-0.6488175381338284,-2.680791929227058,-5.071048525690611,-7.4616981696714895,-9.286932814597035,-9.953046448606557,-9.092526339127561,-6.937845200000001,-4.322016221312305,-2.225389040550385,-1.3283579542623953,-1.7338120756942967,-3.0815192035274674,-4.62840696291318,-5.482692147883558,-5.125475493639061,-3.6203304167896464,-1.4419825167511615,0.8078364915514125,2.6179371555310906,3.599356917928265,3.6174273480541985,2.728877574529266,1.1659762753760234,-0.6279187385359349,-1.9471302284764809,-2.1071120752534336,-0.9087099900000002,1.3190102724455666,3.825520470971266,5.403529008960739,4.792161775071834,1.768960204610544,-2.2541978365937863,-5.148102797270174,-5.675900358799466,-4.147729766334983,-1.8551757490902916,-0.026396931190337276,0.722740972764497,0.30307492659774127,-1.0977182710463482,-3.1391335276541703,-5.25614909461535,-6.735811882910584,-6.999285349233122,-5.9958076869960095,-4.37821935,-3.1781376221888555,-2.9507539298631027,-3.2577407499387983,-3.159810544618117,-2.1397249035919486,-0.37570831579215563,1.6479800741493003,3.390904922532491,4.290418279619118,4.0271465214315825,2.729211574117539,0.88421422909261,-0.8792538945010671,-2.0656199577798433,-2.38719156411976,-1.8616327933770949,-1.0309997055141262,-0.6706537588458171,-1.0792117724908856,-1.79599657,-2.0961153130830215,-1.6341671446340313,-0.5667908059506542,0.7202842377640514,1.9442192476850473,2.8461998750839546,2.941212212248274,1.650041658490892,-1.0809049122473713,-4.299214877088246,-6.326906796386162,-5.517780718857528,-1.289641816744815,5.103932172311016,10.982255821628645,13.966066211237994,13.780218510070714,12.589945587949856,13.37498914045129,17.50496217
7kg_10bpm,7CA,-7.88308555,-10.29051584683109,-10.81114539481384,-10.34947016710555,-9.270760471684659,-7.717794118273992,-5.842907585935321,-3.965909773784941,-2.2731172671525255,-0.34873650249853094,2.2119979736111777,5.173924741262046,7.67178753941627,8.871920363421106,8.39964882176487,6.061150254860149,1.7980731656742874,-4.102578191740216,-10.791264072700235,-16.912262506822767,-20.28852405123913,-19.26436070394954,-13.4998165819643,-4.7804792502590105,3.689017342740122,9.152878816324282,11.067422693780243,10.601640324361231,9.082764566676467,7.123733105154596,5.03252379081354,3.36155216361359,2.66188072839772,3.0114534081675113,3.938181159030754,4.698389673462278,4.666480540808411,3.464101922678943,1.2208413084886318,-1.3937209180614167,-3.832844735004682,-6.144816059162457,-8.817086140973364,-12.466343604655309,-16.95484262198089,-20.802325335664243,-22.16195113403095,-20.569842050002833,-17.475644381181166,-14.979474063109022,-14.300259061161583,-15.006555827657044,-15.09635744582154,-13.158389301875749,-9.771686367215421,-6.537779776894856,-4.66717141163826,-4.135077953843023,-4.039734982735786,-3.61337063894431,-2.6883571976416802,-1.5697404256807628,-0.4723915614776945,0.7248757374315362,1.9257132917340611,2.913988419695119,3.8153490323678456,4.652823321748052,5.2963697718299025,5.743069098081082,6.119010592306969,6.297354402704725,5.914482022049488,4.9854379897152015,3.8444173253453213,2.8651591611391183,2.467642593096125,2.6502930962138636,2.9563466487222034,3.0375119742339685,3.0150649338912614,3.3222025681077714,3.992070427216675,4.169342651968969,2.6465208518492633,-0.7389734198941307,-4.408347383069864,-6.286600105520413,-5.634307643004619,-3.7628385182559594,-2.978474112450972,-4.602834565931294,-7.799947068564594,-10.24435374386888,-9.887863047907313,-6.185248669508391,-0.24471419022214197,6.010532443731024,11.141544763236864,15.239096190231242,19.70255723
7kg_10bpm,8AB,13.73147607,6.0301184071280085,-1.808619193414883,-8.172105865244598,-11.907141929422878,-12.383453986948371,-9.5121908114545,-4.054299078527488,2.7722768455194426,9.862342588652387,16.36698571091854,21.67074260308927,25.160893565427894,26.195952728479472,24.431897995783117,20.011158743722138,13.547332139440835,6.145207160320175,-0.7772544086653351,-5.940921477783368,-8.855296875839061,-10.227121092716555,-11.569171805006873,-13.943671412650959,-16.958435784219414,-19.351512503249538,-20.50656246481703,-20.821999102713722,-21.125784543914428,-21.837251028777597,-22.77180532538317,-23.61861479602437,-24.24028090128996,-24.312615560653356,-22.978190902178177,-19.709495355564187,-15.044789663307464,-10.162819789166242,-6.162532369686412,-3.538991845559627,-1.7936936368451448,-0.005421270766177293,2.132642273468428,4.073142262714644,5.0763815908873795,4.851933623616458,3.654544488858967,2.1043479952611546,1.0301061070033875,1.1679908755128718,2.77317168,5.27269300148264,7.471539095755336,8.22028856129891,7.019124627226709,4.180353306318882,0.8157839233845019,-2.0591230966923884,-3.8963187970546387,-4.619048063620252,-4.240750726555827,-2.7531621838164453,-0.551832687400214,1.3654688498188228,2.041655668116951,1.5357702705066074,0.9528214598683079,1.3269430215700624,2.632584872930262,3.8410031044520054,4.035722781220877,3.5516553330724667,3.5231440906604488,4.3493013197728345,5.33255633697131,5.436124475209812,4.2606424233132545,2.476504065681821,1.2022871793573222,1.1237860677057803,2.028066091390341,3.0824966011294,3.484600962633436,2.788925796260515,1.124990749191205,-0.6213399961584398,-1.1780584076577347,0.06504941790312697,2.4940909850567596,4.683673380825521,5.443539158461404,4.677874107400016,3.1470183552208852,1.4678838083821226,-0.5519509873967859,-3.359602578500268,-6.553536302034271,-8.512281903012807,-7.192990125773314,-1.467792065416278,7.9755733
7kg_10bpm,8BC,17.24363674,16.279697206843892,12.203916761357053,6.368684328952888,1.1814910305574085,-1.1483061761701432,-0.08479571698647861,2.9742015764964105,5.675127339948018,6.3936856691156025,5.265537934209281,3.425122597810839,1.5377255822216966,-0.7591274771584178,-3.90978096307366,-7.275731342428287,-9.606823012646602,-10.17604649432668,-9.21444583448914,-7.521334126777373,-5.835864951908207,-4.550557259272063,-3.553517155011811,-2.538311623017514,-1.4270369654162407,-0.4112497215616628,0.24828621692105457,0.37726198279512335,0.061495725054430794,-0.37485361023514785,-0.6513305068000035,-0.7836557777449301,-1.0271074352633949,-1.6053495261120767,-2.4800099682271597,-3.2830566531293357,-3.606098807499753,-3.147827381462751,-1.7172399516354049,0.5292035719419921,2.8922382890088243,4.491695046958719,4.938490120110028,4.624352887753885,4.161530775648583,3.5941943807377412,2.340184255618824,-0.06022894491431997,-3.3761133426956897,-6.456705737366027,-7.917132814989966,-7.103690805680366,-4.5599628605685725,-1.672925304357573,0.06155665327361132,-0.24634145606211377,-2.3551973232528285,-5.067456967548887,-7.009053718137334,-7.369997760993158,-6.1010317375115335,-3.7548816301736125,-1.2395400751974168,0.5943081838300944,1.403694293134416,1.326552048007039,0.85451007585181,0.6094272535338223,0.787712726803916,0.8973344971548192,0.22084921396678917,-1.4613666908914937,-3.5410593276211797,-4.852012400611027,-4.515300202580802,-2.731920351300199,-0.6368028532555835,0.7496994741184158,1.1623872833699176,0.8149866275700066,0.07202764369088276,-0.6107135014212867,-0.8865589405840886,-0.7985422278262564,-0.6858327567356151,-0.7568557070027028,-0.8317567329488439,-0.6420564788735132,-0.33908278772384354,-0.5521086971240797,-1.8453270964595034,-4.061869154824306,-5.992896687945925,-6.07705640515458,-3.834149532566775,-0.387358866978083,2.4394783532426634,3.569397784650125,3.6154542260469564,4.4353286462940025,7.68192724
7kg_10bpm,8CA,6.15331128,9.915556767548294,12.713247517254445,13.266988648151472,12.225273372587122,9.699599943406948,4.92819189230918,-1.8228328297050655,-8.468696257419438,-12.42765538050506,-11.87889536302565,-6.696248819549884,1.1456336464708792,8.068718247400492,10.675825372930131,7.803001227985497,1.940081100669552,-2.354592424228185,-2.378115751942942,0.6280697425620184,3.407755315418831,3.752828919630397,2.056062492873855,0.037124368992231906,-1.5098944081965369,-3.1922920238545256,-5.231285364544647,-6.607474330900347,-6.330230835836563,-4.731332857439376,-2.9530445129908447,-1.2180898246092229,1.4345465311341976,5.425444216717535,9.585626940504643,11.712069499173202,10.06305995351954,4.593028375956716,-2.6575146022137344,-9.120048575645708,-13.371076949911062,-15.31385061581186,-15.618004320147357,-15.331639159396628,-15.244224919756805,-15.22618918365203,-14.34908936358158,-11.58117245224456,-7.736413453240096,-5.228963785659164,-5.28864851,-7.354818509225922,-9.992490289706556,-11.217447918833397,-10.016427392402463,-7.286552959860808,-4.359176183146755,-1.7720203019716114,0.1715800429652374,0.9972850974479816,0.6100256358433549,0.17535825731837956,1.4134299785130044,4.6958156701006235,8.071303743932248,9.005743313908521,6.7029649470195825,2.8707242256819354,0.2104864589237078,-0.23473804309800755,0.617924308174452,1.628655320650038,2.4726310051222944,3.2700958386131287,3.5131647740040277,2.2220232186781455,-0.38225621997229514,-2.2143455319827545,-1.2707580381446313,1.8742783226561963,4.386558035987045,4.094943880518216,1.5254846346456812,-1.3975475293354847,-3.4671303353390983,-4.621445870081144,-5.263327978151258,-5.651045889022936,-5.785865855463011,-5.738025083021536,-5.906260917851641,-6.692856794228326,-7.873022093646104,-8.465503795940261,-7.349156183668203,-4.194519573520943,0.21607293316868253,4.749829778310552,8.708038824358933,12.011550871597787,15.65493331
7kg_10bpm,9BC,14.30153801,10.39242890820939,5.218562427717282,-0.5518955121651933,-5.434023606276964,-7.90822264,-7.481496396640368,-5.054440105037584,-2.2144092374315623,-0.19162585507499083,0.79383493,1.29949722678025,1.9021532669458057,2.8037008391448954,3.7316568964041457,3.8913210700000005,2.389227539064736,-0.8870616572379648,-4.782088237170152,-7.393303900701017,-7.575097660000001,-5.875471656922339,-3.70729042811791,-2.066393146069292,-1.4739596344696648,-2.2480861700000005,-4.200312564834242,-6.4098692057976745,-7.707780283263542,-7.359433626561555,-5.51563068,-2.905397463460723,-0.28697701767636097,1.8838220213869108,3.4141833822901133,4.14975877,3.856234331977564,2.4504756514306916,0.38967708975088156,-1.182431511497939,-1.0950729500000003,0.834098031189983,3.6541201184408143,6.039018004395676,6.992761577335936,6.063006330000001,3.3017983536241817,-0.5065458034290228,-3.9296907100544503,-5.7165946797614255,-5.561007040000001,-4.233089819370409,-2.8908539544204763,-2.1725688757221757,-2.0403601479278084,-2.34645411,-3.3972823379695662,-5.548963727134367,-8.320436474345742,-10.101023807476905,-9.08882826,-4.838341652899704,0.9419506349334137,5.113098436108894,5.184664459112525,1.2518283600000002,-4.048555190096195,-7.57689515328486,-7.847024140384228,-5.469400857325405,-2.12607265,0.5979157043601255,1.8539028163107716,1.768475625444367,1.0751885690226113,0.27053739,-0.8142232007085413,-2.3134220617688697,-3.343564757633269,-2.395210023630864,0.90174551,4.777758116895111,6.615093363903192,5.188818453546653,1.500778511475061,-2.46001684,-5.432341264539369,-7.208115239269227,-7.819420334962478,-6.913477016768431,-3.968014770000001,0.96745406781979,6.746625645941174,11.331651548312287,12.531204477669485,8.95166033,1.0774476612588206,-8.36962825617774,-15.301229704277329,-16.01480346825458,-9.07431697
7kg_10bpm,9CA,5.31641316,4.234955136205144,3.7663668002138584,2.5238410674045824,-1.074109131291217,-6.729013738412547,-10.737701177482407,-9.054014038572243,-1.9124512275505259,6.3034576529420985,10.260367826526238,7.6740349321269195,1.1930738020447815,-3.2143191075938486,-1.5526097899042623,4.020143639241853,7.296689296073556,4.980708785829174,0.25775427777609883,-1.5362424313566052,0.034438465657417205,1.2180491278716223,-0.30327589995003656,-2.8161558428565505,-3.5315785784182854,-1.920784399761341,0.33504198910862043,1.8651107871060704,2.633506875010842,3.370656371265519,4.397973928307303,5.023442003876362,4.549781023007942,1.8898320368016692,-3.374681223238462,-9.23689075190087,-13.29627192948237,-14.692647938778386,-13.53268210318146,-11.707269065347948,-11.688097567357264,-13.360499828883135,-14.746846097028323,-14.77501710040683,-13.905078642319411,-12.051051039222322,-9.465167310469788,-7.327802509164314,-6.321187157843518,-6.16169084653243,-5.250986516647576,-2.8485140878847837,-0.6775697126759702,-0.3564930463534135,-1.4053367254275604,-2.1154306135518954,-1.7949713252339303,-1.029399048409622,-0.34052524349322333,0.5592001112884968,1.9730358100416887,3.1631223328861533,2.870906978116108,1.6548108671161192,1.5252746128360395,3.3875702095013454,6.586410113695917,9.353381744042407,10.25784819337041,9.254144855007882,6.877671054840123,3.593625124183479,0.12320922882290584,-2.618319368867336,-3.984684674250456,-3.8587666261923306,-2.77603567935232,-1.9304834602663246,-2.4023510929054144,-3.9885018186591017,-5.305576137891129,-5.1973741992141145,-3.938991509137758,-3.084260619514642,-3.840406306644845,-5.6504807021961865,-7.014549304899031,-7.418864533490198,-7.751087556979696,-8.66520564733619,-9.33604601470072,-8.100426917187571,-4.204481082443455,1.1371080653603427,5.827924799503182,8.449163380221536,8.686269235276766,7.399048792688722,6.963073171469553,10.563255355239786,19.37708894
7kg_16bpm,10AB,19.37908774,9.827271459787,2.3853851481937816,-2.694008497123943,-5.39017919506102,-5.551279274010769,-2.815152869430701,2.9477949571959234,10.966792216948045,19.53296038559858,26.769567532152355,31.353039508242563,32.85571915445852,31.624972787434622,28.33373489315566,23.63533751294097,17.97989138223624,11.601125995228413,4.61864283604549,-2.8568889419949417,-10.49141295287756,-17.681278797312192,-23.867021107739024,-28.66071848240438,-31.962822925027737,-34.165086968626355,-35.77148519947038,-36.82810398863092,-36.86746284830521,-35.311188934202704,-32.094229171081935,-27.83386406399503,-23.221834189923783,-18.632723740214644,-14.366274614223828,-10.76762707434187,-8.055593796723935,-6.198937563160551,-4.9879432047954815,-4.166427075291915,-3.6017853291654447,-3.3971825192201126,-3.7776289924637227,-4.8232495612774695,-6.416172802875031,-8.124854346032238,-9.20408542123528,-9.07929505980611,-7.791698065550622,-6.081172774521689,-4.925974860000001,-4.826663459133772,-5.120874325616038,-4.375952894191355,-1.3780140132213858,3.7662281225512704,9.451498971126522,13.427576480564303,14.229100547480666,12.049068563864154,8.434388349158914,5.20166084232696,3.3956508387464073,3.1985898743109717,3.800604035142849,4.236685357775105,4.107260236400151,3.7301270555698176,3.5781761361444753,3.6199107772190238,3.280609776570023,2.141127915251743,0.558902061157293,-0.32774907892431854,0.7358797120458093,4.215894010590069,9.21520341096597,13.67908920754455,15.34360751879406,13.017692266948044,7.452334166961605,0.9494202399768885,-4.009710533956928,-5.991980904982516,-4.92736506338252,-1.5575639954282394,3.178370526312659,8.38365956245284,13.30095488889216,17.317820312829994,19.89796316044234,20.715223793011926,20.043902416626963,18.937547736762593,18.855807852415552,20.87653372412109,24.902030854840515,29.421936628236868,32.17016737113372,31.38445336494415,26.78771472
7kg_16bpm,10BC,14.06140447,10.113132599248205,5.8425211852561265,1.5858043672050648,-2.0925659705117052,-4.563371716271062,-5.435557193957994,-4.841175642318195,-3.4618579078037506,-2.193035132224607,-1.6704763602735917,-2.0254210311269234,-2.9639428692905807,-3.9885398087798265,-4.631071810125557,-4.691660432871259,-4.31207432771306,-3.8298576894437164,-3.5513359084884693,-3.6155308403506563,-3.9950440891364525,-4.568290986560457,-5.156107360467611,-5.6032795145450836,-5.7690900289599645,-5.478991710000001,-4.564228243121127,-2.949376612139073,-0.7648662560847245,1.5994463804902572,3.5882829759120756,4.690832201160013,4.659024693742899,3.6175261836511274,2.0042484929886015,0.3672683794392064,-0.8269407000234575,-1.3099478733599161,-1.0668663979080537,-0.3056108348790783,0.6171976363818442,1.2905003569456575,1.402022043622368,0.9409347221544774,0.2940782556648389,0.1302931653222078,1.055254333394327,3.257502357075274,6.351408520269955,9.496298853779981,11.714930240000001,12.234030848119971,10.700675664726791,7.228177022532268,2.349901086274091,-3.1563365534769066,-8.373531844140567,-12.522281889607655,-15.044841110070495,-15.630991611064928,-14.253475131214694,-11.240893200453957,-7.2976003331101165,-3.3485977668979774,-0.24819030039054163,1.483407578426159,1.8068984268653212,1.1402010056583574,0.1548519003037714,-0.4951700665872063,-0.3735316048080867,0.6393650839026152,2.3330279021503877,4.294097641056146,6.1074832282264975,7.44977381,8.081907746761196,7.864958942153432,6.813358560758693,5.115816671001807,3.1000821823107696,1.1333980695658663,-0.5010221922009996,-1.6978489178721354,-2.548752789401768,-3.228293202399444,-3.818100745594041,-4.217320809439142,-4.240084286906909,-3.832290054298423,-3.2282724644881062,-2.9159335815757985,-3.361385806585762,-4.626494255618009,-6.173054774520203,-7.03150095244694,-6.191985278193764,-2.996517353002463,2.570665404596315,9.832846654231128,17.68703387
7kg_16bpm,10CA,-4.38591766,-13.07533370820728,-17.906429408989865,-18.452760566491847,-15.429594528914267,-10.540627048629485,-5.775032697771773,-2.5584929046426454,-1.3301593602225934,-1.8243154291442685,-3.6218914212655844,-6.290815980462411,-8.97069885777364,-10.323301363553803,-9.20837934957356,-5.2415762436224815,0.8673073410138569,7.543504541157339,12.735865499231338,14.690211136029586,12.829266291110766,8.098364112856459,2.390596317435276,-2.411618846396616,-5.2898843892578835,-6.29837925158457,-6.48529196368367,-6.881667590519927,-7.541802478623819,-7.63192144260317,-6.332046278854202,-3.540544546210738,0.25082574189332013,4.46116287638767,8.616591950449529,12.268410100001894,14.985937986831718,16.429911343029513,16.35874077826155,14.745749660272006,12.022805365941101,8.979955727067608,6.254863336275449,4.008291428558295,1.9767319048243541,-0.3022880870698337,-3.2326343209479345,-7.149259552532705,-12.37120408805862,-18.726707185943763,-25.15673889,-30.17413271222997,-32.532018776488975,-31.592711600578586,-27.51388201726539,-21.325347862235024,-14.7735794126467,-9.721901413795464,-7.277820416460725,-7.2449437838413155,-8.357261258934345,-9.015076250267978,-8.1600019713199,-5.77851746301161,-2.657888950413567,0.2355348973873573,2.187891837764701,2.936258162483276,2.783823601454769,2.459505437459522,2.521194307279447,2.7437338763667647,2.3372722671917265,0.9113057043285289,-0.9165494012275843,-1.92398935951787,-1.185321532562931,1.3138874047616105,4.586159921618899,7.211030537611204,8.185618672833364,7.491919514855761,6.13887240178566,5.299001211962675,5.314116197416931,5.690097823288663,5.767004682744107,5.314631592860898,4.649113251484515,4.308163507306306,4.670453212388589,5.664326619717909,6.698747307467478,7.144972881257327,6.9234776090696935,6.568725861586774,6.5465015907478,6.785728249699029,7.071487825458126,7.629843381851352,9.23173197
7kg_16bpm,1AB,22.52180549,12.59838623847755,2.6796784956408946,-5.087456145796699,-9.446015788688841,-9.962311924874404,-7.037640512871635,-1.8986903791565872,3.848912326134977,9.00646988610647,13.236377435232423,16.76109345113508,19.873581275243698,22.528063967928947,24.1239064847054,23.724902479323745,20.663988276348114,15.056085938366786,7.932390329903246,0.8176881379255926,-5.126191230000001,-9.578933028169425,-13.073982042437638,-16.40924990703504,-19.864232891796217,-23.08736872776756,-25.327940627397897,-25.790798797822948,-24.56550044051648,-22.891935664326574,-21.981670631301537,-22.009541015188763,-22.378431648054182,-22.495991657609117,-22.017869227486557,-20.84910671891379,-19.29510588897847,-17.73767084261316,-16.20452393314568,-14.506316986361472,-12.56470882,-10.460766496804373,-8.450639882245635,-6.849610684169502,-5.6397021492178405,-4.3181163669636575,-2.2651640853121693,0.7205248720953743,4.132971553474034,6.892015079413696,7.9071563719570115,6.80910962237352,4.264127604679596,1.569377038244838,-0.0787374231324834,-0.03281675864985038,1.6295737576148637,4.05775203519235,6.10078620237337,7.107741669232365,7.148407680000001,6.569932580977707,5.769929532690345,5.2789366483266384,5.596931304603615,6.7092658916013095,7.8768032400554775,8.043632757126236,6.690608994293399,4.469787262360396,2.845648615827958,2.935048586591819,4.744319695045918,7.357236283971464,9.657869001536156,10.898014447815244,10.875980574811798,10.072974777816492,9.41774214311691,9.364692179533918,9.324516080000002,8.117915460519072,4.941951947211551,0.04787686651708761,-5.152316920093485,-8.399523414664834,-7.484285239449343,-1.9440843330627398,5.8838350900746565,12.313051167810743,15.173394518325733,15.0668359323074,14.109971216428578,13.777590625982457,13.96316955747446,13.993293671750926,13.985546343926476,14.698255033668392,16.393373448095144,18.29005979791693,19.10965985
7kg_16bpm,1BC,25.00331573,12.04526198004425,-0.8341881561570081,-11.53280950589827,-18.47334713204701,-20.756542400929256,-18.515364107984247,-13.112635660618588,-6.74725589245596,-1.6021231152800162,1.0188282071018198,1.0940381509597343,-0.3393629702254178,-1.9179392520928655,-2.7389732539298373,-2.5503622002023008,-1.6178893578858196,-0.5441919319310721,0.06990724983617927,-0.10197781076696685,-1.0421078272874065,-2.4003924843084006,-3.6699157945906475,-4.485354197425551,-4.729748312476114,-4.43408199669072,-3.771034254275558,-3.028809134892794,-2.3536570432541812,-1.7116398661258243,-1.0703978448964349,-0.53019982245697,-0.2364468823436964,-0.2290338310976781,-0.39079632808090425,-0.48829155587710654,-0.22843380089624707,0.6605515241678708,2.2403870284197342,4.231438009852239,6.107421076563182,7.3590652842554904,7.738573087599379,7.284372978723039,6.105123316324287,4.197776975915529,1.6823521958197751,-0.9007285587905335,-2.6690323790533084,-2.896714115550764,-1.5675455600000001,0.45335160142037206,1.8001110377509437,1.3699888311925583,-1.014289932293393,-4.503022265278617,-7.737054919028528,-9.585077360977959,-9.616014726495223,-8.17197276376356,-6.122876585734312,-4.421646522955573,-3.5913781055515552,-3.481105583491796,-3.4395882016076804,-2.751507819001461,-1.1267536773596598,1.089228494353497,3.097290136890243,4.076391653309046,3.684672039699928,2.3223395852044226,0.893182164262287,0.2389206180898002,0.665840162911244,1.8387060279071468,3.0338293282760795,3.493376650072683,2.6980323826941635,0.5779595860873309,-2.402411203376378,-5.406632117688793,-7.4981248282504955,-7.890344277685747,-6.169354486384435,-2.3769242640155266,3.0356682870561995,9.175611512685583,14.671235689673683,17.956558055609477,17.85886203796229,14.166864831793808,7.891827076738367,0.9794335782283425,-4.444941035378369,-6.827192044598013,-5.546534404339959,-0.9431205499125732,5.9102872084309,13.709014213614934,21.31357782
7kg_16bpm,1CA,8.33366772,1.434974147669493,-4.745560031665347,-9.098046479666754,-10.554106847377133,-9.025556414844912,-6.171019135113455,-4.42917497453495,-4.882158385940037,-6.57009764794164,-7.829958340841721,-7.903197414454025,-7.121895268414389,-6.2565462492934145,-5.890349807997558,-6.060872146877091,-6.184362376302225,-5.19046758113274,-2.4285195471859664,1.452539102070143,4.761506688226167,6.0215919284025405,5.273936580665509,3.9519058251674104,3.5781822126237603,4.818319090504669,7.333096586730393,10.068237324915529,11.623052867152378,10.804801423463635,7.311485434783807,1.9933207502665864,-3.5142316371582116,-7.697110986049697,-10.05535305314085,-11.082436634568445,-11.446792355659255,-11.594658168989143,-11.474078661109361,-10.901266940362843,-10.409848726040225,-10.877896519228404,-12.293998981873063,-13.543002803118394,-13.41767441664809,-11.497763868602945,-8.169890034834173,-4.3617909465677185,-1.264445584391187,0.2925281490042823,0.37191179421899956,-0.27211956406517684,-0.828155365055722,-0.7568955920529925,0.13746013499008936,1.3752438579695692,1.9835299371544162,1.4741329118718611,0.43621459514761773,-0.2781829892918035,-0.5876605902305995,-0.9623542534793591,-1.3968929483717258,-1.1650750658995646,0.4509216025944772,2.990154253146434,4.843691692019306,4.911006543432179,3.4847495061871014,2.0086321107251504,1.9627238692445959,3.41370222316314,5.259635578231287,6.552015543214466,7.058454246569622,6.647062877982302,4.899220362130897,1.5967137293334352,-2.5677647468405005,-6.123978028271495,-7.743432578756086,-7.214613610103937,-5.703815475996739,-5.049637356019949,-6.143619590905741,-8.093139718907759,-9.246947916218865,-8.809951019821765,-7.4381040697763785,-6.310217328493397,-5.635023021001075,-4.247313196954485,-0.5678134410267691,5.673904730669435,12.595860459676649,17.509191836610743,19.2705354420197,19.272104376639806,20.05663950452368,23.128270604887884,28.10576205
7kg_16bpm,2AB,12.22210536,3.2420199027670034,-4.309052418059757,-9.06730932110768,-10.116591608222942,-7.46616008785012,-2.146200247353491,4.343647006860134,10.598420746390929,15.721300096335643,19.606340656635982,22.67066959996069,25.098484111609583,26.33785421101835,25.4644534681632,22.08307745752417,16.80098091175753,10.697464955041585,4.544162193255225,-1.4482263633257229,-7.210540708562927,-12.353718324208437,-16.392975580030853,-19.324666875162645,-21.652996792176243,-24.077464826173625,-27.01913681904339,-30.02054813454545,-31.920857392108285,-31.555358480205758,-28.613027182963727,-24.097511312083085,-19.98083055190363,-17.966477880706325,-18.041817028627555,-18.790250691171636,-18.88770832543117,-17.802023583367117,-15.595403230342711,-12.680665861089201,-9.666461528811684,-7.029796830925961,-4.707365652652423,-2.3641026071146296,0.08133001402620307,2.2898111434060957,3.8266391411243346,4.473724253608613,4.3193527390276945,3.6392430539736607,2.6941250090054116,1.7313555118275763,1.179221938522376,1.512353595464588,3.096815605930893,6.0713389532296365,9.9865507347297,13.688834334392025,15.775709870666399,15.392640983073813,12.864123750152391,9.604651212885894,7.053760094136711,5.556967250562091,4.248152489877152,2.317175473471278,0.32082349917202413,-0.2668661164399562,1.218347095691041,3.721150557816981,5.447087243189685,5.647558692466392,5.2806587617930925,5.767514311835905,7.202705507099192,7.885860260454415,5.887436870028312,1.186355885764739,-3.7729305785845915,-5.936151678856471,-4.112773603115922,0.38278061524007273,5.0213641766938055,7.724877560121865,7.767544900463957,5.87309776613758,3.871845082183998,3.8339693179563152,6.794137197734834,11.938334131927748,16.98305071100413,19.429413771613472,17.912726598235036,12.918067782242467,6.4171007082455205,0.7861380028684846,-2.1126492230552216,-1.2800940012906428,3.357099563776919,10.721487834924366,18.68976834
7kg_16bpm,2BC,10.88413456,5.925311349554955,1.6391714643037063,-1.7092455331148964,-3.687321289169356,-3.8729292128148622,-2.1888655518150495,0.8545641234962964,4.208090338956554,6.610291422411128,7.028475352658806,5.075244853354225,1.226574643244179,-3.3439375748605955,-7.260964487936801,-9.43978269976551,-9.423280801551746,-7.4896688146429,-4.536465559200292,-1.7730457516948943,-0.28132635483225465,-0.6511817853812908,-2.794100698453579,-5.967441420988788,-9.080572971889492,-11.170455612093784,-11.716611361994415,-10.648819569035167,-8.329505524077028,-5.340737259511248,-2.354507897357496,0.02928698180367713,1.4236520874336713,1.7388093641231575,1.1273601869908167,-0.1199892892401424,-1.6556196158819116,-3.157486839395113,-4.375894717855692,-5.1443589420574005,-5.35824152157406,-4.962146077760714,-4.001003974439965,-2.615715070801345,-0.9683358198439738,0.7944258985413928,2.478814041564365,3.826215795583386,4.616057682984775,4.740726762833225,4.26796577018276,3.4567308755064428,2.639745837867624,2.0864226382729543,1.9561949407942367,2.2853373463054507,2.9294967274870345,3.575092351008556,3.862185825895791,3.6193529429401434,2.9223272393080317,1.9253245509845627,0.6841487097829623,-0.8626607340485398,-2.7304706242027263,-4.701528902254565,-6.285831598138428,-6.849511977035115,-5.882993803534148,-3.2947772452262334,0.48431849085222933,4.660986622181126,8.38230932174918,10.987545837334197,12.103916343650326,11.634329240368302,9.726810641207095,6.749871664286947,3.2257076640634117,-0.30843214183539425,-3.4551734920391315,-6.054711718592934,-8.171899029246692,-9.989587575428278,-11.699719408477693,-13.3743509950246,-14.774668933807497,-15.252495428315981,-13.96261816805017,-10.355720724506577,-4.626916254637168,2.186113468267437,8.597144087258727,13.401155136796234,16.234115212543603,17.602376792854383,18.38482565527881,19.22986565145471,20.266863421536428,21.122851770869083,21.19434474
7kg_16bpm,2CA,-20.48285332,-20.594790394520434,-15.762444256138542,-8.643881985538199,-2.2670034750308092,1.231685185696001,1.293286036746697,-1.2721355446239913,-5.0836531327672745,-8.981219960242747,-12.270186781100167,-14.583918036296344,-15.589640322588343,-14.971803626404066,-12.702433090069707,-9.253842219850423,-5.533473297226293,-2.5038621316900365,-0.8116361160660064,-0.6686636147299775,-1.857705263302727,-3.9461431959025983,-6.191114236809402,-7.977450984676658,-8.847323268979432,-8.429377516908618,-6.551338118377298,-3.340506728834008,0.7382943481104982,5.009872921351652,8.854318722359576,11.916746780266568,14.090769710258899,15.375432737537903,15.821390285735195,15.60615613272555,15.070631906160584,14.563900825394734,14.247986672813877,14.082229828137088,13.926988925015479,13.575429464041019,12.693521720831237,10.872129730195072,7.889895686206826,3.966021033582599,-0.333037099004002,-4.53955642026572,-8.585854415084755,-12.680042607000873,-16.950961750149037,-21.174734798261895,-24.779238690957932,-27.105524380998695,-27.724086689340115,-26.639756714387097,-24.300558310370224,-21.41934266265206,-18.715617072319297,-16.663754269328255,-15.342655240997912,-14.458056697768251,-13.539144978150146,-12.200991366695652,-10.32286196873326,-8.082499293210764,-5.856134772642411,-4.00144607843906,-2.6755775926283762,-1.8188931159934414,-1.238146504676212,-0.7044989634908565,-0.05216167848242295,0.7259836610809949,1.4956593840434294,2.1530352243372177,2.764399537493796,3.549951971790899,4.754829776518827,6.470203340937624,8.516541559313938,10.49868915407095,11.983438621787508,12.680423776946954,12.575456576842893,11.944262977708211,11.218573149111936,10.85571694002694,11.229905103988965,12.489498689267366,14.476879362792628,16.765114670370792,18.800615318017563,20.113714329296037,20.500197527711318,20.079124517361006,19.227557186413666,18.489108576217337,18.478659874043746,19.717617653995873,22.42641791
7kg_16bpm,3AB,41.88044201,28.135963829498866,13.535467314378938,0.37479127667490086,-9.569782104603826,-15.01097559574145,-15.120463766123677,-9.909107438985345,-0.8042321456844765,9.69141936945385,19.06682604024517,25.626116638933087,28.889032616321643,29.44790551258399,28.313281109001238,26.225492267556692,23.261525437871303,18.92409352605182,12.829506607728874,5.465848949250382,-1.8115319609466467,-7.60171818661159,-11.241173078821438,-13.178600528300603,-14.833402523534708,-17.780521861817647,-22.711874659767503,-28.958626965992966,-34.75617595695075,-38.168937555825366,-38.184650604276335,-35.2533319361966,-30.820451498949048,-26.104978138234287,-21.516016206035157,-17.172243764833457,-13.400585509029806,-10.628751634740055,-8.980320335139984,-8.093870093003321,-7.346655617013149,-6.231012739464718,-4.592415375597438,-2.7673132263062064,-1.4086452929233886,-1.0092152888167771,-1.6238912235679235,-2.830117631767701,-3.836082260745661,-3.776535653831706,-2.190856466378135,0.47973132579755334,3.0036740065988985,4.266913201965336,4.1381142703517755,3.439318520608921,3.0952515297129977,3.3501718735855373,3.7359091747191875,3.809206667631576,3.792463465952303,4.2784614261934255,5.290910307869452,5.9864210937488895,5.22425149338293,2.81899303986047,-0.002100034957469646,-1.4987986622624787,-0.7607313327933275,1.6551500888000428,4.315702581282454,6.075070732825294,6.880178563648505,7.5536158202767725,8.794957678309812,10.437768412764111,11.585419715722328,11.305356039454258,9.221678712041525,5.758167066917241,2.032926709025846,-0.6442656112349113,-1.4128912035017156,-0.15189614054467657,2.478098230488265,5.177223932132228,6.4460578887027555,5.349199719764324,2.2330027053577646,-1.2114015863465957,-2.7660518673454235,-1.0620767755922722,3.4921557999213304,9.021430085107465,13.582901049968193,16.591493622888933,19.18680165127469,23.150724971331883,28.978519471432854,34.83492608249487,37.66432354
7kg_16bpm,3BC,13.41235827,6.877440231897996,0.17225139285519908,-5.902367731193162,-10.453273391561833,-12.8373548050879,-12.906806675277455,-11.011547044950484,-7.7768111194859895,-3.9042048133110763,-0.13168683428159397,2.8197791199204554,4.42547042835643,4.523213699900572,3.327833247740705,1.3023721442885994,-1.0565142799447504,-3.376818118666071,-5.459381662185212,-7.237056906226738,-8.709912787127218,-9.896895340479906,-10.811042579723367,-11.438871939651593,-11.69522582512537,-11.414995560000001,-10.405388736790842,-8.575822277748184,-6.0548308405443825,-3.1764437906425527,-0.35326565814835464,1.9935568351802002,3.563686510608634,4.278608136186988,4.239729280802577,3.6211628611077535,2.5794210194411713,1.2216716132564518,-0.37272392719548153,-2.0767331182070197,-3.617501116960932,-4.570064136121238,-4.502693740354499,-3.156362460148437,-0.5465071129703815,2.9715627309683375,6.685060699871912,9.694699394055016,11.251158389161043,11.078974913731729,9.44293233,6.992913485160423,4.400183527935391,2.034166178952653,-0.059908441790710316,-1.892757316346443,-3.2601863576950536,-3.7488646394882355,-3.0327336899460193,-1.2109062164381608,1.0799872842059548,2.916369917820094,3.529548227818916,2.670547795936062,0.7042040673006178,-1.570523530814515,-3.27838817091647,-3.8731134982321342,-3.3854715606920824,-2.323128743550057,-1.3257542785261869,-0.7988027465325604,-0.737234544373662,-0.844882658423655,-0.8112621988341961,-0.5028693600000002,0.026911917496270137,0.6479500268655782,1.2587662039495657,1.807178404666011,2.25235332988176,2.538334922874348,2.5886001059384123,2.280373361609231,1.3984359321636446,-0.3242794934035097,-2.995628011664466,-6.328333436827255,-9.619748398828152,-11.980273477766826,-12.68285972051237,-11.504321826620764,-8.847443024603677,-5.510398531408178,-2.2156633202930305,0.8124777892747053,3.9066214822399745,7.623575634026173,12.281857767088464,17.663555581560658,23.00334746
7kg_16bpm,3CA,15.49131632,7.308495860259467,-0.6648274011613838,-6.437109389397577,-8.188180282122415,-5.766519220970618,-1.0568881099681027,3.092336319457772,4.640274909236408,3.3734772996900326,0.29142011207779783,-3.442918855724468,-6.907038879204254,-9.32360739763138,-10.0780747552689,-9.035795597682228,-6.8616974231365715,-4.852194943530642,-4.120875846163215,-4.877125255885109,-6.406125902634397,-7.801518157991032,-8.809694071034928,-9.06897409827131,-8.375151297865962,-6.767297148515308,-4.219510542584726,-0.673828790234566,3.5015538027643043,7.392425501183152,9.848376360015786,10.334299669448669,9.420376333824967,8.330561961728037,8.002312181882221,8.5237076326562,9.405487033591,10.22834035841023,10.833002179918028,11.061455636609612,10.641047492058938,9.283417136839834,6.768480207902273,3.038718777504059,-1.510533450507516,-6.045393527712724,-9.783197165583454,-12.26868019366117,-13.291946991067235,-13.071421274748978,-12.311198296215517,-11.708926152350594,-11.72270026571125,-12.58233464316648,-14.18594906446451,-16.05028740727812,-17.558903446375673,-18.32504088893426,-18.313951429373404,-17.67949917563812,-16.59074663759084,-15.157552605357004,-13.379880281053138,-11.185795170994224,-8.581101783083007,-5.834721895426526,-3.4319141190417275,-1.695584370168899,-0.5016290155093097,0.6075623275672066,2.02947951267705,3.854021068992212,5.915936843646894,7.857947586765456,9.201065819931214,9.662485017099549,9.503267491295416,9.280293652146645,9.27656858843855,9.183458284089241,8.438771459148574,6.962098752700373,5.081687319935913,3.058398895425689,1.1445868411435933,-0.21246522673216744,-0.3877268807080727,1.0159829933928533,3.7370625052428412,6.883863660189059,9.440714247021116,10.863917127274268,11.258296738613332,11.084062640540237,10.780004697684781,10.708838322695648,11.38968854864958,13.46918379235073,17.232215082087848,22.184784464951978,27.185478
7kg_16bpm,4AB,31.27374588,16.943817544704608,3.955519135224676,-4.852992297027997,-8.32725478926689,-7.154981166815834,-3.0177818470578597,2.5622668261132824,8.673650236726735,14.801914541012257,20.522048936081855,25.345204545309187,28.65184703015432,29.833789185906653,28.627853349920215,25.275158513971338,20.32624802733695,14.285054798770236,7.448472240604234,0.03295183019087705,-7.57844766973215,-14.656619840262755,-20.23360634671338,-23.842826302338597,-25.932734298569443,-27.285717615231214,-28.639471288527776,-30.3824281342403,-32.33063646458485,-33.95850281936815,-34.6210245540458,-33.63081709710548,-30.568674533694494,-25.642391280186164,-19.64779409945144,-13.780659797778725,-9.271115533661295,-6.784671658482088,-6.138251231770663,-6.566806611184317,-7.262102902186957,-7.846233124406128,-8.487197953753798,-9.433513429212507,-10.419918667858866,-10.518102889612688,-8.790297656149297,-5.2027986232278725,-0.7123074385905314,3.6169892887459647,7.244762631668452,10.113526924311108,11.852026123091646,11.535712388017943,8.456389745884097,3.038350873142768,-3.0639945128562363,-7.631722015839957,-8.870454922539409,-6.3675262021236545,-1.371128413039358,4.381748705325917,9.73248342480937,14.122165658980984,16.97489944037291,17.50859741359895,15.375168189705873,11.29859941982746,6.7510001413475775,3.055824147122327,0.9079829777940498,0.37706851780749395,1.0481105559472252,2.3440290836108937,4.002322482311432,6.285716235743609,9.51698874112198,13.292684185210861,16.19744797833017,16.572627364776675,13.707939308446898,8.354492087354949,2.1930541995513355,-3.045501655709978,-6.1072854661932645,-6.451701601469727,-4.39834264494263,-1.116414198427871,1.760393452229824,2.900994321200706,2.072459158426094,0.3808362499006353,-0.39809421710656184,0.9147182128249832,4.200233829279396,8.572912678799188,13.38121999805839,18.61630076441954,24.29462183978395,29.558450330451873,32.66163243
7kg_16bpm,4BC,20.17992584,13.843512882530678,6.175262967924227,-1.6842129548311742,-8.410710699890794,-12.822189529861104,-14.185211709633737,-12.446839045752828,-8.278917685512146,-2.8727216139561866,2.326957385687993,5.936349967153769,7.102518363300369,5.871030924496097,3.109463174756041,0.010812950580532471,-2.453830870622898,-3.8228121679976077,-4.122355178358372,-3.7492045496431596,-3.2612596923564836,-3.1399163479011922,-3.6187207785429245,-4.625170070814901,-5.844547610697348,-6.85873433,-7.29988880659775,-6.978994588202965,-5.958754961699314,-4.565802468945974,-3.2576128408204985,-2.5003353223322535,-2.4903118412695457,-2.998683695429543,-3.515301468084528,-3.5409748981827636,-2.8571734087825815,-1.6256949478303568,-0.2629682841032795,0.8137173278775272,1.4147467084082745,1.6339897471483784,1.7371747850744979,1.9527220688161104,2.2858279485182322,2.4810016764891865,2.1449795601332364,0.9767424533536015,-0.9972554798557065,-3.380084429829477,-5.59505586,-7.122986807696216,-7.693466258536284,-7.345494232082079,-6.31276300572438,-4.864596433001968,-3.226063483361505,-1.5934951656116194,-0.17776932985296193,0.8215937844141472,1.3090744584014546,1.3270417494893703,0.9714774725626169,0.3336091169465531,-0.4548120887906044,-1.1741869095406547,-1.5638658261542777,-1.4631821215354355,-0.9197091440941906,-0.14009239783329133,0.7027669052997225,1.5784664649411897,2.502436477554003,3.399301782482026,4.078645985265103,4.3026189,3.90791890879547,2.9388058509697177,1.6671205040593688,0.4722218242174093,-0.3390498492403173,-0.659222527698434,-0.545695434625543,-0.06278188939794951,0.8055100891638011,2.0984582592231726,3.771098846787898,5.602797605525469,7.162597600662191,7.883944630376008,7.261086855854609,5.114287616117646,1.8416106322083534,-1.519111686170375,-3.56983310619473,-3.076768298926953,0.5481786039076999,7.00323907836992,15.076502032770971,22.883412221472103,28.41940082
7kg_16bpm,4CA,-43.25741092,-38.1562283922673,-27.72115016074614,-14.763460550477959,-2.3140794338618456,6.964040831603735,11.445304787510008,11.016031714024583,6.885141269797046,0.8713962342520711,-5.290481060886664,-10.295799534708276,-13.418326137151906,-14.447246123451508,-13.535165303547085,-11.053877825383664,-7.583607186208582,-3.865845925848846,-0.6565268024209688,1.3373746990312334,1.354102148295043,-1.1401153456356559,-4.98356704690604,-8.468956031368233,-9.7704528864561,-7.412754047971226,-2.238755701442947,4.394234653344165,10.4552770924346,14.101423293655245,14.519275596809912,12.268159964253583,8.780975608905186,5.484396418211113,3.2160317179840563,2.188290576935874,2.2348555875111766,3.088046827969458,4.560566134219463,6.511050327567155,8.663259228600968,10.500046910129813,11.375207862141185,10.78607126953904,8.610036336208697,5.12666144568638,0.7921348861869307,-4.014181679472697,-8.99198293520522,-13.816392825358967,-18.11108824,-21.46886490106152,-23.478767465742877,-23.855313336726216,-22.661320522861292,-20.434730860097964,-18.029160393000954,-16.19510765210018,-15.250903670108698,-15.076349584798999,-15.306973101488264,-15.553829035125688,-15.533888819860035,-15.062633305834114,-14.017406243801883,-12.357308741708657,-10.130783704589087,-7.4768396517100815,-4.648788794599417,-2.0385333977461535,-0.0823812198786651,1.024943492548878,1.5126990560254594,1.8597689023781874,2.490440838510513,3.6281207301889524,5.260939788143912,7.1274280649310535,8.758090420940277,9.731241545527197,9.997585087316386,9.84569104551635,9.737389393918425,10.089712890232843,10.998907296790064,12.136748319288836,12.88334691487802,12.808555512354314,12.110551807759364,11.555260788320071,11.9070418184444,13.323906162740569,15.24841665890867,16.88581363482242,17.821641838111468,18.26644061873516,18.829512828651893,20.039110943967955,21.996753609146964,24.413559695002185,26.89339961
7kg_16bpm,5AB,9.75456432,3.224600858312701,-1.82602978,-4.953686803320727,-6.05186647,-5.288705359384891,-2.82260285,1.3583149438350457,7.206284550000001,14.313465421212518,21.7394867,28.092967743114023,32.03994071000001,32.94011101935827,31.119635280000004,27.580800584005743,23.299969890000003,18.764907112343327,14.043318270000002,9.012961350391313,3.6284627300000003,-1.8401374526916165,-6.85636304,-11.016717057927268,-14.36902954,-17.488642635090436,-21.14042054,-25.55510318362023,-30.181009040000006,-34.1220201691577,-36.2500398,-35.74477310517937,-32.92633129,-29.014297531514917,-25.31797116,-22.637741603545003,-20.955718900000004,-19.532569692894764,-17.40267101,-14.108257267177219,-9.9810357,-5.933357772639931,-2.8159331400000003,-0.8831098605464214,0.19980851,0.8075923660538366,0.9587153200000001,0.5152624107469256,-0.5265717600000002,-1.9086601348939582,-3.2252822300000004,-4.063384495011095,-4.20808217,-3.6474913420291086,-2.65066351,-1.7199545594752692,-1.5338442300000001,-2.6480484327569136,-4.82925841,-6.793649269665226,-6.84828583,-3.8586439184013344,2.04894247,9.38887445903462,15.774447730000002,18.894034857351187,17.83330339,13.824238102453668,9.46780337,6.948298771308054,6.626446040000001,7.094836218277546,6.403318669999999,3.6943826482595115,-0.13224366999999998,-3.066652561522142,-3.21168443,-0.023999005358111655,5.2305242100000005,10.306409120143933,13.34410744,13.702908904123555,11.81629665,8.428631297931231,4.09535221,-0.6905072190475197,-5.170529880000001,-8.341285729960202,-9.343573090000001,-7.83353527177202,-4.07932365,1.2020447471052702,7.102824910000001,12.784473399797971,17.791180400000002,22.30220244715033,27.030016520000004,32.61714694088484,38.76783356,43.798516603088174,45.29636464
7kg_16bpm,5BC,21.49879614,14.84383368072759,7.664917534613774,0.619575325514265,-5.612946977825627,-10.433521320033481,-13.429260611019751,-14.451491454771794,-13.653709839050464,-11.481264525840329,-8.567206984141572,-5.535845655030792,-2.8255955410318143,-0.6556118874884093,0.8876787729539896,1.7764685341583997,2.009802310816882,1.593745058757896,0.5441963508228076,-1.1591413867776577,-3.5207722654375644,-6.41746000417973,-9.526716105341203,-12.343030992930306,-14.287327318883655,-14.863821965133361,-13.795663990863707,-11.11468088717124,-7.197247752025847,-2.6982609795297443,1.6096613398765771,5.026819901359518,7.009142712384083,7.329555600186005,6.119543187957208,3.8558393648830034,1.227509702744531,-1.081838220679812,-2.5954422705848064,-3.1303452473974325,-2.772111118420548,-1.8013214240525912,-0.5906460340722843,0.5251567696993824,1.3558880542906284,1.881806491012818,2.1937656672221237,2.387846874189775,2.4871276927710024,2.432507744756777,2.1042627170557955,1.3716588506495049,0.1986255518736913,-1.2602386751952945,-2.6680209510969655,-3.6550958842503998,-4.027087614025003,-3.873146675134251,-3.4940233326227452,-3.1930271149771867,-3.051211067620102,-2.8308572389653492,-2.107773913796634,-0.5675692383426724,1.7274293613332403,4.261126656848966,6.218607824796436,6.806023516764844,5.60094665082731,2.767684919979263,-0.9536690012346085,-4.5032990072881605,-6.906903147610635,-7.594219971504793,-6.528304793223267,-4.146006303267401,-1.1520210272407054,1.7344953016528868,3.9802505619357857,5.3348026773630215,5.810075761705496,5.570056853252281,4.788318647866919,3.5486124485700374,1.8651734841428207,-0.19476941283330282,-2.399522870247153,-4.3488242842378115,-5.611254362332451,-5.923792290914832,-5.2775610845905,-3.8322233865839346,-1.8095553676671738,0.5384128238475493,2.982176642062676,5.4357318048086665,8.036272312666178,11.090130541439622,14.909139116196346,19.62367635168718,25.00665938
7kg_16bpm,5CA,-6.848099,-15.856482657578724,-19.918920193630086,-18.888346964361418,-14.046051804466643,-7.619278853129934,-1.8690106854573827,1.6106756626111274,2.1559173664536795,-0.032154754383057704,-4.055247937957436,-8.611577536005708,-12.308543353025346,-13.934242592540159,-12.786487498187435,-8.782766113604474,-2.53127364496594,4.686036392707775,11.188238668710548,15.251375118988845,15.358197309170633,11.504012201324263,4.795665414062415,-2.7884849032890298,-9.036834289312173,-12.34308992881137,-12.287178024159617,-9.734302518046585,-6.125015068061073,-2.796763819277196,-0.4161520184602632,1.1494998921462816,2.535520690254352,4.377390554345376,6.917721663647067,9.91002513798623,12.771924129954222,14.761540893518056,15.262495404014448,14.107185920253812,11.601393685720875,8.278528377297901,4.581118682420882,0.6967300802579308,-3.3223983295005732,-7.344503614813298,-11.226684496244712,-14.870652840364814,-18.053634404062255,-20.441767820872947,-21.776851716720717,-22.019868852725104,-21.364140469872204,-20.036298270951796,-18.07283973015263,-15.430340130713603,-12.335833800969642,-9.423470238657101,-7.4858045058232605,-7.033448868757258,-7.991128887570221,-9.677240492017017,-11.111302096194823,-11.514450902040288,-10.650842895200071,-8.89185040492114,-6.932639889330778,-5.2925953737835325,-4.0330875570987645,-2.9245413315511017,-1.7521939385705556,-0.47630736284184755,0.7608126305569418,1.7092323083937457,2.1423877074435267,2.1001856469608353,2.1943470395751494,3.348165594507961,5.867480916578947,9.07663353089685,11.873542441019406,13.309422668414532,13.02848853690944,11.394929491547536,9.148131699998176,7.073076649472165,5.801598762617529,5.685337640430804,6.718274548677818,8.554750279864171,10.64158403733406,12.457568985921489,13.725299944214173,14.46660061022131,14.915686662436912,15.324991572310099,15.852052352675496,16.59166418181179,17.683435313735046,19.44680944615689,22.24359473
7kg_16bpm,6AB,5.61680922,-0.4859372763207066,-5.878843685191732,-10.270499770568506,-12.906487715917192,-12.792805123104566,-9.32397653332092,-2.821502286761303,5.539818070560625,14.290623135394712,21.98050698098583,27.543398027495147,30.6479236134249,31.549709454336192,30.713341038575557,28.5012272570981,25.115032594523566,20.71516497585467,15.421261807220112,9.265024259230048,2.3211967800000006,-5.05607791490233,-12.078799276811683,-17.84665636157765,-22.04452828850436,-25.08067014309072,-27.590757341170832,-30.062289080868428,-32.57031940816488,-34.63110475582899,-35.64641451293332,-35.38724338636226,-34.00299064998002,-31.990070104230462,-29.915822135186495,-28.026895101384174,-26.228036364737648,-24.07863355036317,-20.796024708152448,-15.71702431866514,-8.950570350000001,-1.5524593154663409,4.8036758834788005,8.652736589194195,9.69822222540503,8.834294229797257,7.443447799111915,6.364885097159255,5.320627157705586,3.687219534605127,1.0822701287928873,-1.9784039984573902,-4.391730270959471,-5.392020356656184,-5.134396610451441,-4.3863573185679545,-3.7988897809793523,-3.4895502308528177,-3.1305762185761044,-2.2996005219247344,-0.8235717600000001,1.039870720008047,2.8187767585239416,4.380806250737949,6.084491597128099,8.313311831149074,10.772497756833669,12.67096332705123,13.043244016035166,11.547683313859354,8.655380141021837,5.248429184508332,2.070524435320545,-0.4645706065460827,-2.0542962232572073,-2.3322884378815756,-0.9585352622918444,2.0891751516681842,6.406763393122465,11.292576701243457,15.80261917,18.730345465783813,18.852667078914486,15.55753081451163,9.473384403850742,2.4243440077257854,-3.397402892319794,-6.527644117923637,-6.8764123046589845,-5.553622162219244,-4.073496504566643,-3.546274797662085,-4.224287572958065,-5.4290079935151745,-5.824997580447073,-3.925526843361793,1.3416040986788942,10.208974636429584,21.802250911302934,34.03549245451163,44.09632248
7kg_16bpm,6BC,44.86334058,34.26778722483014,20.082071463565384,5.204528620393425,-7.388246959999998,-15.51759278036065,-18.40683450969547,-16.76946211343758,-12.34241866,-7.130961327937237,-2.7115759677939484,0.16363258966454441,1.52904398,1.8334459005138912,1.5497927000143197,0.9784271580261609,0.18901670000000004,-0.8986700024012294,-2.374896701323347,-4.23916574404247,-6.35133093,-8.42508730108631,-10.055888358161198,-10.815154920027943,-10.4177725,-8.87963020517289,-6.51934935496849,-3.883077535257775,-1.4911186800000003,0.31546860172675784,1.3793183978477537,1.6853712932191665,1.33720574,0.5180145098440165,-0.5708867293050783,-1.737323657293723,-2.7889187200000003,-3.5203987037947795,-3.7424605909710063,-3.34542789537645,-2.37298083,-1.0680292780491274,0.18277580981327485,1.0256240915618466,1.21490325,0.8166031624566458,0.14591740616001883,-0.42924271899421634,-0.64330867,-0.3992605091561481,0.207999317833095,0.893067752750792,1.2279634200000002,0.7816083192507941,-0.6641532435707649,-2.939383339141676,-5.44593734,-7.311912296543702,-7.730537873849355,-6.335514534646222,-3.4139596900000004,0.18712545448357465,3.4233016555027964,5.47927516269344,6.04253224,5.360999896529374,4.023871029824936,2.6432759086583686,1.63423731,1.149294649656128,1.1447274249939483,1.5179509131790665,2.1762385900000005,2.983377991340263,3.7279807820566204,4.175725072509914,4.151352040000001,3.566592942024826,2.3893023697633646,0.6456676166750572,-1.50525312,-3.7129129362204334,-5.472771985732549,-6.258770081657511,-5.707830370000001,-3.7991655289000703,-0.9431488143982966,2.109940279924932,4.5019586,5.554018040183829,4.970904058849178,2.933862432725508,0.10394019999999998,-2.4730356724726033,-3.5850581574059177,-2.177312190536458,2.30224159,9.66182149998082,18.887293778034824,28.268496643794833,35.80648109
7kg_16bpm,6CA,-6.77953919,-17.01165498503839,-21.736847114568757,-20.307627897264933,-14.149271360526528,-5.95117132863815,1.5320837184354072,6.356172768998783,7.76165730454706,6.005068948385466,1.8862159830514698,-3.3980571709568608,-8.336972161356034,-11.621564351915591,-12.859344220808365,-12.654418967724245,-11.834354545288345,-10.608609137211431,-8.507891257663745,-5.1044903620807265,-0.8424246277830724,3.4335869154057113,6.531116638516017,7.799048919655048,7.30255089717586,5.616059053267725,3.5916947364209135,1.9879347712452613,1.3543075658991612,1.8148353574930534,3.0576280704656167,4.599672032460561,6.102961242243643,7.449996584474251,8.615893362509642,9.505402084961297,9.917378241299039,9.693440292654648,8.869875784583938,7.613655000352322,6.049728484632445,4.143459794456533,1.7286531534792648,-1.3585250205577444,-5.123473576964144,-9.321827368406499,-13.57468666358928,-17.515122484123175,-20.73742503149832,-22.743763958495695,-23.238717040000004,-22.13989354886481,-19.459742120339833,-15.736434521272518,-12.264592334198502,-10.46297518921465,-10.78102603364532,-12.316562378418496,-13.684954716018783,-14.011848898157687,-13.258004656495292,-11.978987135002631,-10.808096649516605,-9.953767850730381,-9.097552717533619,-7.695179662285254,-5.390374473717065,-2.364860761670903,0.6559769968789307,2.8283515457884736,3.7802098880666137,3.830705189036778,3.6911181929928256,3.9683741347156873,4.8233933812954355,6.013849667112497,7.1786762639532755,8.067184014166298,8.596354053855524,8.800809031142226,8.791921840463171,8.71016533749421,8.577545062961565,8.220122015993159,7.348572280867632,5.833275519206502,4.001932864229005,2.609324846777972,2.412423568537766,3.624240042772875,5.726610110883453,7.867549440257084,9.481725684388266,10.610449372918385,11.760249504586826,13.462999452144352,15.897977237818868,18.87527869136966,22.137209993541784,25.592507988523717,29.25486382
7kg_16bpm,7AB,9.45745001,1.8737466758540609,-2.8917790960386975,-5.181707947719049,-5.329010544059599,-3.2670250673457724,1.2334139808191222,8.059762623088917,16.33322386055902,24.42938525403146,30.57714981181402,33.6715796354774,33.72238386652049,31.676493440474985,28.741732612281922,25.683833629547305,22.533936158844316,18.805434466471,13.958818681553922,7.828669725152895,0.7360654074680077,-6.751703769580716,-14.215795800017236,-21.591476609334823,-29.053786812195163,-36.74106555,-44.21396625294253,-50.14812999309094,-52.92534862983533,-51.48543497939698,-45.79533651291131,-37.05870693684989,-27.234891712823554,-18.13567652031683,-11.03310756525333,-6.659844942299094,-5.186138113625877,-6.264726527024639,-9.097973556942048,-12.278768923847657,-14.072237877093455,-13.166304936431386,-9.42906235242161,-4.040410024537843,1.0614569167343497,4.064398298419248,4.1923979798019175,2.089725227381132,-0.6450199661995261,-2.556529174144012,-3.1086116500000003,-2.6455303489772737,-1.784691864002803,-0.8054936028535482,0.3508400416490322,1.6814127795647713,2.977916326759008,4.027092110625915,4.777242347983063,5.299350841049319,5.5717218375073445,5.356229633728273,4.522010193415238,3.5614976255600244,3.5723437302972303,5.362893254255237,8.370584281783751,10.505059676026443,9.689471564345226,5.686471966630529,0.5509868294162662,-2.7198681559098916,-2.253517862553455,1.574631213774514,6.658746673816237,10.608298430000001,12.119152407542455,11.55330250623969,10.43699674459417,10.253628658962517,11.351143525149478,12.797894136136247,13.19595017251573,11.695455152152068,8.45169609983062,4.462810173111886,1.0920195526607173,-0.4238823747669986,0.5631131078056288,3.8082799938465564,8.267990298509124,12.67515719719216,16.17294067776844,18.461851202260533,19.4972073874084,19.252939089502718,17.850338282823778,15.86971301764424,14.35384944234627,14.228425613267682,15.59881505
7kg_16bpm,7BC,16.9719394,9.432648446826995,2.0368993037802268,-4.32086701514121,-8.795105639843927,-10.748339663391773,-9.962212826885779,-6.808175254847399,-2.2394324229591693,2.448805658735654,5.999124905938428,7.559509343055744,6.912047848871452,4.463739453568714,1.0016692820729163,-2.6228279635217913,-5.745679746522028,-8.017212653260932,-9.39126843295202,-10.02380166841337,-10.159970446452533,-10.029972593656666,-9.768050504374912,-9.388087215393357,-8.8578884933633,-8.078674120250284,-6.9419833909759445,-5.406638992227687,-3.528518126615407,-1.4323786974749513,0.7229156220352785,2.8022352684076495,4.609670158501966,5.884231308492352,6.386322224999224,5.976974322995978,4.675689357561595,2.6632025626158202,0.26557198281049776,-2.0806423823980182,-3.9132532439085326,-4.858626955043858,-4.729288680093803,-3.5548724349645284,-1.5491774314715803,0.8911859517067329,3.20281132424365,4.809281836014353,5.319149084628443,4.6234176075996425,2.95478447,0.9122964383639438,-0.7145149605812506,-1.2898196494643406,-0.626013974599114,0.886145220140894,2.3823105903587845,2.9234719200123243,2.028791368228849,-0.01420600532287647,-2.3179635086160655,-3.943511818201422,-4.431469447095363,-3.9814512408436467,-3.2354563530161826,-2.845409950021309,-3.091159600436466,-3.7599013058972597,-4.2927276921924715,-4.10025833698325,-2.8658156922060205,-0.7109832974150322,1.823585355565328,4.010483533212643,5.264167433046488,5.393316958803477,4.647175855818914,3.5444270998567955,2.599337963224659,2.1242623789891617,2.167557405335206,2.553018888219017,3.013178907771822,3.368886717500111,3.670914558342474,4.218914711656671,5.432604271700492,7.644270387584497,10.892948941890165,14.82844750067109,18.791840952620174,22.037725584832515,23.993544937922508,24.441391674406564,23.556316060545484,21.80597935987652,19.730955095098665,17.688028335951476,15.741471281743825,13.77498176406476,11.68099784
7kg_16bpm,7CA,-13.84984182,-16.089282633556806,-13.47195900415165,-7.786300621594916,-1.8202435941498278,2.1259392445237277,3.123625000315675,1.5873315974468263,-1.3550349368265306,-4.574095159824382,-7.479270962148257,-9.858035054272676,-11.112378606754007,-9.780455651484415,-4.6839606850461335,3.4983565874124922,12.09023500697464,17.658117256033798,17.848514900389297,12.546280395762263,3.7887498961205823,-5.366969331063,-11.848438031710387,-13.84816625765921,-11.65826093129196,-7.038946130000001,-2.0811334530594334,1.825881421937918,4.349655566358505,5.785797484930084,6.771761648559719,8.088564834454763,10.269168860307486,13.010618700500572,15.134371457533659,15.304259090099267,12.82637530350205,8.023315290318955,2.0618477018086434,-3.7525858873583164,-8.473050013581478,-11.581117876042288,-13.065034666005491,-13.414468811950178,-13.40378713998035,-13.826680567384114,-15.2413231872515,-17.932239493890503,-21.74562673231997,-25.661170027879905,-28.058891430000003,-27.62152092939446,-23.946132849104174,-17.779755982997028,-10.790930087169864,-4.92031990393019,-1.5711579122502943,-1.0893647008356082,-2.766826563420509,-5.174808647723077,-6.8207267373245735,-6.896557034003284,-5.507997661168376,-3.249883608671441,-0.6018596648496604,2.2896252910534916,5.331740726940505,8.128717015583202,9.99017456438492,10.322597349090687,9.086403563136482,6.856849996864863,4.496901613401487,2.7600360738670116,2.0524165706293602,2.3191004700000004,3.126468382084536,3.874732735154704,4.160990452234663,4.177678910523349,4.463199455270533,5.290731313874965,6.361581155437371,6.9255169331297175,6.350932342586727,4.670653140521202,2.6885817038732327,1.5958511664381507,2.303650098827284,4.909493654158783,8.727967902150716,12.725415910115789,15.975927822195649,17.936483124820793,18.490287038238403,17.855745607951242,16.508640896140346,15.218276565953525,14.976441395382878,16.537933688281026,19.89621334
7kg_16bpm,8AB,1.84352203,-3.5893955123408197,-5.438900766454799,-4.5318551795671524,-1.8183388202528825,2.01976114,6.636266250480951,11.894615668757645,17.636920456879256,23.53756173213633,29.08909389,33.63161291725712,36.411274201444286,36.71030980273763,34.07465107502833,28.578112900000004,20.899024101255055,12.220311318754769,3.838415195216281,-3.343725032978627,-9.1529308,-14.144645300590724,-19.188590376442974,-24.804068845742954,-30.77327232782095,-36.46464257000001,-41.190336181478486,-44.31405900560217,-45.27097356932521,-43.729374405291324,-39.813234470000005,-34.12486757893485,-27.62643517909218,-21.44532891003415,-16.57953860330966,-13.566030519999998,-12.235471668139194,-11.77002814269281,-11.122315543233528,-9.546647028087904,-6.92573882,-3.757542332342603,-0.9450660949391183,0.6437505808748172,0.6655673540284859,-0.5610009999999919,-2.3140426894951966,-3.9264579543275238,-5.123076102286852,-5.967738428575995,-6.494062530000001,-6.455964250629522,-5.450895234440842,-3.171486388749571,0.12133059017771977,3.6528157300000004,6.641995405708925,8.733900842696992,10.044705288559031,10.840024107502789,11.211457720000002,11.067344667365356,10.296917480747572,8.894450434613034,6.9320914801611515,4.56297405,2.0524637960255987,-0.09011988158940726,-1.1756692465834533,-0.7343331895009169,1.0566244800000002,3.3043000954532373,4.811048649910148,4.735159272796585,3.0500596582348334,0.6205176300000002,-1.1377203647443066,-0.9740670633246237,1.5236679765485184,5.690529780418628,10.04386744,12.908653662190565,13.130337783568434,10.503740929817344,5.725044189331444,-0.03879173999994068,-5.546593240077789,-9.697893420912497,-11.611199728480592,-10.681125567514151,-6.740862410000056,-0.2692522473210127,7.535048638124563,14.963398033698068,20.429925929602014,23.300769720000005,24.29057229207461,25.013947788501554,26.916250378310064,30.304430484319457,34.09195269
7kg_16bpm,8BC,15.79156652,11.114323205684796,6.617547392456031,2.332085462190256,-1.6425621346507633,-5.00485419,-7.3612295857342245,-8.482146646828477,-8.482147833218711,-7.769717425038639,-6.809442860000001,-5.883907730760423,-5.05375231131369,-4.291767263941658,-3.5909537991105007,-2.99492708,-2.5943608929266784,-2.4639635053155655,-2.6229049982565553,-3.066719782734201,-3.79041594,-4.75039018584244,-5.826567340702406,-6.83005484479219,-7.54208189173798,-7.76901337,-7.401185703265692,-6.462840755143911,-5.116675663998849,-3.6470416064083406,-2.42210623,-1.7295849210918086,-1.6875249146175173,-2.2278159595389355,-3.1365826974282633,-4.09999447,-4.748190695996861,-4.7418008425881935,-3.890457074680318,-2.228331674686549,-0.0023515200000000513,2.419674505173811,4.658098697083028,6.392762411798275,7.422638458785708,7.728788570000001,7.468601493256191,6.882172076771789,6.211436206172411,5.660713781114633,5.3280993500000005,5.157053912244598,4.989069491483666,4.675223994129585,4.147024600229805,3.42814508,2.6264930378044733,1.8690055139304815,1.1787214741989198,0.4090112818933777,-0.6933997700000001,-2.3095876751927107,-4.369035116376674,-6.491526607058116,-8.118098972809111,-8.78434253,-8.377545179616414,-7.199395745580835,-5.7775463636511315,-4.560791793400668,-3.72604174,-3.18820108852288,-2.740458544610955,-2.180962696360824,-1.3666653413882068,-0.25040524,1.093573863912433,2.473129736552539,3.6093428997528045,4.218354598311777,4.13538964,3.423133850148109,2.393435093115581,1.4905419124507984,1.1054512398100556,1.44457195,2.498219417243167,4.078955298365094,5.870284023255178,7.476645048777955,8.51253076,8.726345729200176,8.097785810197012,6.866433017543153,5.49998244199482,4.586189990000001,4.651252167391951,5.988736513136001,8.600338512166937,12.254548148494603,16.57020159
7kg_16bpm,8CA,-9.14802054,-10.56341394505264,-10.168290489183985,-8.726269836148758,-6.9602004841318745,-5.277335429811477,-3.8635172194126097,-2.9062659321504647,-2.5912427523910644,-2.897595117246552,-3.359508246616183,-3.2013361153606477,-1.9324486420727867,0.42389846452907104,3.1616418340756205,5.1919607014721745,5.553147731938853,3.870193423794578,0.5040794930379517,-3.8050783614709296,-8.25956362041488,-11.369624686667905,-11.845361229496518,-9.156176843627016,-4.046188628468113,1.6248991827142225,5.745734926013062,7.134300993255758,6.1646255806488135,4.299203902433003,3.124933534530028,3.572061693092782,5.551318602871707,8.156580995224958,10.295385037190798,11.195272411036333,10.535957468972365,8.48351848567017,5.5723906768794,2.413346742702584,-0.5054174625475112,-2.8587106567202873,-4.501490690557224,-5.537422672350544,-6.306034458365543,-7.350449576336192,-9.331211309176402,-12.661364633631992,-16.955414659003353,-20.91503809689876,-23.060137957483246,-22.62413020568773,-19.940052373090428,-16.278366072521408,-13.203009286059647,-11.684211399193545,-11.579838483579358,-11.868813841965034,-11.386828334038375,-9.479865565723973,-6.272777404834541,-2.5142678481361447,0.8803727888275986,3.266098734909728,4.466663670321611,4.700737008267422,4.254255187977116,3.153082996423082,1.2271700530249225,-1.387078387848601,-4.02151251174375,-5.8248936206427775,-6.192878296852524,-5.0062728951416435,-2.696975380384506,-0.03468141951222819,2.3073828771153573,3.9785307891831656,4.86648620239769,4.981507820635859,4.525633554630409,3.8719824577913826,3.2827304867233487,2.7572290851559886,2.138712020745719,1.4367144437288715,1.1052079081996644,1.8944185589246512,4.3765244050038925,8.493513158656516,13.410954258479808,17.724031344194398,19.945836804087847,19.21880115240785,15.909330050670208,11.444283188383867,7.509263686768421,5.329529941841277,5.497409816261898,8.245170454327413,13.53164705
7kg_16bpm,9AB,11.46442343,4.372835338569595,-1.3297813799999998,-4.593319126353352,-4.833550950000001,-2.0696232031952486,3.1201509999999995,9.611758922506272,15.893540410000002,20.665851327869078,23.363190859999996,24.187397734551826,23.8391801,23.06883939793588,22.235941080000003,21.07558570153276,18.78849066,14.515464303610699,7.900996370000001,-0.64729275303897,-10.100067300000001,-19.26952329683425,-27.056726850000004,-32.75296720908018,-36.1809697,-37.292278092246605,-36.033581440000006,-32.67291845284663,-27.94413849,-22.801029192228587,-18.04037283,-14.163334238767023,-11.47623862,-10.198953450636258,-10.371001680000001,-11.839814449397672,-14.038776860000002,-15.860251659434928,-16.20658898,-14.704628176236184,-11.87426421,-8.70020620753368,-6.006860370000001,-4.066526649512397,-2.5928131000000003,-1.121287874071689,0.48789444,1.8588383837402063,2.4342776800000006,2.0939604195809833,1.29391126,0.638512704298698,0.35416639,0.2440476031367212,0.07186780000000001,-0.09452016115819749,0.09940589,0.8592424583395485,1.9978904000000002,3.1497902225016747,4.112891290000001,4.8391795153233765,5.09932089,4.477485769432779,2.9409242200000003,1.343826087922118,1.10549146,3.129246143617099,7.03624147,10.911329891488743,12.456279220000003,10.530407375218397,5.9876597,1.174931394654607,-1.4483416900000001,-0.7795067647579419,2.38394627,6.136968944008365,8.738341510000001,9.305683922572953,7.74539286,4.453876974698136,0.24833577000000007,-3.6391664093760236,-5.967946190000001,-6.007174712144906,-3.7464543900000002,0.05218994216104525,4.02875174,6.894075156020559,8.25962931,8.861540982269904,10.01556485,12.721073135944454,17.069678120000003,22.337213614868514,27.594394790000003,32.26278504464296,35.97229655,38.064372828697735,37.54201523
7kg_16bpm,9BC,16.37198644,10.51544414406391,4.113515646400456,-2.1836169570100914,-7.625391084009723,-11.52867036,-13.431552025214415,-13.196002321839828,-11.046272815296556,-7.497213280012601,-3.2055237900000004,1.123984846264802,4.780119932790414,7.156909439803038,7.899174821493255,6.982813920000001,4.728193531356189,1.716971860347635,-1.3660471202549926,-3.9433687464972453,-5.670010110000001,-6.452898193051019,-6.4371907725324515,-5.93490032120681,-5.282777216325123,-4.724271720000001,-4.388076929204617,-4.3228004069465,-4.524306191179107,-4.932750251903096,-5.432873280000001,-5.8610995855830925,-6.0752956510671465,-5.958472364018315,-5.425244057925177,-4.4196451,-2.916623397031067,-0.9842405760813469,1.1350565650569617,3.029575082403178,4.280481110000001,4.673622534698764,4.279356343595209,3.36463634568113,2.2261458700439625,1.04491225,-0.14014807770668036,-1.329276485587168,-2.446620476803875,-3.3284181697849085,-3.7964948000000005,-3.7398400129604097,-3.1836446082067473,-2.3028767240827466,-1.35667854703042,-0.6359046200000001,-0.4380610951546549,-0.9787700878398068,-2.246855336924059,-3.902394329044019,-5.304180430000001,-5.725936677796231,-4.683518265688957,-2.1674342946645853,1.310233067202828,4.84972527,7.447211098379293,8.323940461595337,7.1672604549353585,4.20637843598926,0.12097859,-4.156403978486235,-7.6829772726816525,-9.683907891785518,-9.6672869432866,-7.481609949999999,-3.3616534120814467,2.0553633564489213,7.815386434022574,12.824849459944438,16.056844380000005,16.762659544465727,14.687747673777274,10.216414547088945,4.335312569026556,-1.6109794200000003,-6.3099696194358375,-8.884896135455774,-9.142087482882038,-7.586945478630208,-5.22068163,-3.167753439514098,-2.268123628661573,-2.8052455984215046,-4.437350340714251,-6.312700380000001,-7.334405719186349,-6.525409885071231,-3.4074014352384507,1.7538248714316724,7.95432608
7kg_16bpm,9CA,-3.32158796,-10.800209146238553,-13.93985955724795,-13.235459903352911,-10.407812043089375,-7.361003496902523,-5.231651996949502,-4.111743313432499,-3.521412936810674,-3.108231323350057,-3.0021751790667675,-3.5603146174598987,-4.747376248773656,-5.902732333209294,-6.0084055890002075,-4.419940510381059,-1.312841645376982,2.361991129005192,5.266939014133547,6.321613438711049,5.29267588701984,2.831530859347147,-0.07321720445909716,-2.5737490224104436,-4.28890419672999,-5.36963926,-6.033431737680048,-6.305907734902504,-6.083361061656603,-5.1934386445111365,-3.4742380638977,-0.9725664379406308,1.9208814743600817,4.503389947532156,6.00012591181337,6.0708261564258725,5.185414666942424,4.374380006803291,4.5530807045094175,6.012059469540289,8.348940138674369,10.713752079403736,12.098412758437322,11.565638120653912,8.535097272716719,3.146408688610898,-3.5694455812043553,-9.972794039486796,-14.546254119205706,-16.612469420209553,-16.534220660000003,-15.266684141546229,-13.76415464201488,-12.739757433427346,-12.601879029837292,-13.36721905396011,-14.657419416309311,-15.86187518457072,-16.37062473890837,-15.83775859274912,-14.31720962131759,-12.140383954047017,-9.689921108458963,-7.290743639934626,-5.221550578280594,-3.697023661494719,-2.7979851117969714,-2.48060753257917,-2.612931827641764,-3.0006245877292637,-3.3645087763356836,-3.2753578474351555,-2.3178719418092086,-0.45352888149305925,1.8052407387231126,3.6452082700000004,4.457796644755598,4.197033051765271,3.3227337641761863,2.4164724295426816,1.7796407440597224,1.293475824428661,0.6362620723995983,-0.20478505232695488,-0.6724638341899131,-0.0037900940958058363,2.2460905811736405,5.897078521449709,10.160939565800996,14.011923602391457,16.68596265681036,18.010353555432243,18.255046120486337,17.695996575895606,16.48354887752,14.780914023255225,12.872192051392274,11.173731991846234,10.168539945525058,10.32074082147746,11.98548254
