cond,seg,p000,p001,p002,p003,p004,p005,p006,p007,p008,p009,p010,p011,p012,p013,p014,p015,p016,p017,p018,p019,p020,p021,p022,p023,p024,p025,p026,p027,p028,p029,p030,p031,p032,p033,p034,p035,p036,p037,p038,p039,p040,p041,p042,p043,p044,p045,p046,p047,p048,p049,p050,p051,p052,p053,p054,p055,p056,p057,p058,p059,p060,p061,p062,p063,p064,p065,p066,p067,p068,p069,p070,p071,p072,p073,p074,p075,p076,p077,p078,p079,p080,p081,p082,p083,p084,p085,p086,p087,p088,p089,p090,p091,p092,p093,p094,p095,p096,p097,p098,p099,p100
15kg_10bpm,10AB,-87.24875628,-84.89915888730091,-81.6855569153695,-78.2304167153494,-75.26672785574523,-73.48304755275923,-73.2764394253477,-74.58060712963629,-76.95950577916648,-79.70751562796346,-82.07888444059955,-83.49568716487845,-83.67126923724068,-82.61750386395947,-80.55452791948817,-77.78674666749397,-74.58092494910673,-71.12469301618955,-67.53468889661853,-63.90351895209821,-60.366741923378356,-57.12704390139878,-54.434613904870744,-52.53273369258637,-51.59190437226771,-51.65831495998437,-52.627665567582184,-54.26829302054009,-56.266925995577225,-58.29677129519686,-60.117853382340776,-61.59172289305312,-62.67587672662453,-63.39187255114613,-63.79303098762072,-63.94684391897975,-63.93361286399546,-63.84913768271244,-63.79616937274649,-63.865468016502476,-64.09638972186788,-64.46609536662086,-64.90660076846487,-65.33786664452673,-65.71053949091494,-66.03551243448211,-66.38750946236766,-66.87945027435043,-67.61646870314937,-68.64482532180394,-69.92740789312077,-71.33076863683266,-72.68757954216835,-73.86531369515865,-74.81864722269628,-75.60551649740022,-76.35621622926487,-77.20948297982241,-78.24614748199444,-79.45074976463471,-80.71575861899562,-81.88306281673893,-82.80134562202986,-83.39720163303795,-83.67614561163896,-83.7160710701093,-83.63202981405217,-83.53475351306095,-83.49353769057029,-83.5139873927285,-83.53813076090117,-83.46906786153762,-83.21100768443945,-82.70832282087109,-81.98415054639075,-81.10709363935932,-80.15801201992315,-79.19377882084304,-78.23723528089148,-77.30414267582815,-76.45301899917102,-75.82448539743449,-75.63364680197672,-76.10049884439495,-77.36006822787668,-79.30071833690012,-81.59082766034012,-83.7498604919489,-85.28022770703157,-85.82323774599237,-85.27978749341705,-83.85888302879445,-82.03995037402345,-80.4575144173862,-79.73054366066997,-80.3302841826283,-82.36419284678543,-85.53568115532363,-89.22002173497556,-0.0002157736290358172,0.0
15kg_10bpm,10BC,0.0,-64.54337764244553,-84.22699012207397,-83.17154499503448,-81.7325527906043,-80.11334432000001,-78.52156970024906,-77.1221507078318,-76.03673654758971,-75.24565696601263,-74.69643361000001,-74.29658430365382,-73.97517088303255,-73.72905572853044,-73.59105455695475,-73.6788885,-74.04260203464001,-74.74933111065027,-75.74824226389718,-76.93550834980205,-78.13708883,-79.18373268526993,-79.85642721328884,-80.11129634515176,-79.84463697978138,-79.16627475000001,-78.1645464510614,-77.00994421743283,-75.84547027314737,-74.78524138688465,-73.85086839000002,-73.03914186663245,-72.27453797477914,-71.51051959135809,-70.73114184168789,-69.96799606000002,-69.29708541064373,-68.78342409650779,-68.50603453286656,-68.43481372873364,-68.55338759,-68.74580618910953,-68.91755174928794,-68.97658287653307,-68.87212168796692,-68.58386177000001,-68.15263913826803,-67.61394830908571,-67.04447028084167,-66.50782060026461,-66.06137349,-65.76282322178565,-65.65438046241425,-65.75290670244355,-66.07714442480248,-66.57657115,-67.22442380949286,-67.92674737575179,-68.61026831697517,-69.2006093584802,-69.63945525,-69.88561430455596,-69.94064647732596,-69.79434117372202,-69.50881543041878,-69.12641366,-68.74532092300824,-68.4653965947855,-68.38563051783026,-68.57464779639443,-69.06674719000002,-69.78768551953944,-70.63087458171402,-71.40799951038258,-71.90034291601623,-71.97953778,-71.54766406895742,-70.6709704601167,-69.54490039254108,-68.50709575172974,-67.90225021,-68.27391778528165,-69.75115368307888,-72.59096726404155,-76.52777500018804,-81.18624654,-85.88332235756292,-89.96009402291838,-92.62732050373248,-93.75179520447628,-93.04725985,-91.17084133664665,-88.69303138913628,-86.50065662341531,-85.2871281132483,-85.60816510000001,-88.14259038144576,-0.0008419341102442587,1.0769432109034597e-12,1.9465964428599866e-21,0.0
15kg_10bpm,10CA,0.0,-0.12967246228795248,-79.71075399026573,-78.15196502573411,-78.32223420541705,-80.50918814102985,-84.45016530130204,-89.40027953316395,-94.37621355149145,-98.45928474194109,-101.04770801028084,-101.95305661729196,-101.40951473120936,-99.95420840586829,-98.12504545779076,-96.32705460380359,-94.7455025385791,-93.37904908851056,-92.13640578131246,-90.91715890684252,-89.62734456335858,-88.13825311543951,-86.26990061174408,-83.83969073427374,-80.74186357757404,-77.0376038133834,-72.96685245615586,-68.87314911145432,-65.07834716364057,-61.78653541814766,-59.07320830116715,-56.97836121132921,-55.552464779365856,-54.906198112817734,-55.109661324305115,-56.05324919470382,-57.368493827416714,-58.49296091428221,-58.88483294775142,-58.29332852509963,-56.92482380633022,-55.42472908788689,-54.5838524457732,-54.972614274545954,-56.720785483017515,-59.49580746562576,-62.657198490240276,-65.48941079932315,-67.40582108063157,-68.08359264045049,-67.4881947819238,-65.92102443953111,-63.920444338660715,-62.078788001715274,-60.88511916495153,-60.57256799881028,-61.075297346448906,-62.11813458115913,-63.38742653863627,-64.68148860297211,-65.96004807154414,-67.28034601889321,-68.67517358988195,-70.08439970457877,-71.37221102602501,-72.40635360653283,-73.13590756943516,-73.6143889894266,-73.95789488689857,-74.27024388721905,-74.57980107390378,-74.81955468314868,-74.86244329100856,-74.58586939456333,-73.94611733116359,-73.03828688174211,-72.1107337231649,-71.5123577358534,-71.57258785514172,-72.47135485902191,-74.10816442652428,-76.0805547324193,-77.84015381994246,-78.8502519100415,-78.76586830450654,-77.54830209402846,-75.48763948682634,-73.14280983825327,-71.22062301772705,-70.44647622149725,-71.2825306481519,-73.7070177302928,-77.15048693896536,-80.58881406862292,-82.92204357981119,-83.45750598094916,-82.23427071132568,-79.96692600395684,-77.6199980447252,-75.8783386833284,-59.79174174
15kg_10bpm,11AB,-79.93395633,-80.62278550353088,-80.89428233217137,-80.40723342690927,-79.10149752595147,-77.28968926919305,-75.57669389378738,-74.6550534188187,-74.97174641014213,-76.51972588220973,-78.85492582012274,-81.24479187670883,-82.94641908888322,-83.46468564044568,-82.69063143595409,-80.87811301642543,-78.4871952463894,-75.97394321021059,-73.61716484621165,-71.44935837253388,-69.30722903,-66.96618541645498,-64.27676558993724,-61.26222681444385,-58.10798210445598,-55.06906352709229,-52.390170100260214,-50.25506318202798,-48.78938372869035,-48.09117253073916,-48.24909189816848,-49.32083225292319,-51.274764653856664,-53.932458069029686,-56.96004429459988,-59.932900357886666,-62.4636928531461,-64.3237247658311,-65.52520372513631,-66.30996447974617,-66.99484697000001,-67.825662320298,-68.87157360022753,-70.00664012545934,-70.98573145163395,-71.57102409974887,-71.64946035818134,-71.291776809186,-70.73420289319915,-70.29503192097776,-70.26162042963165,-70.78689111566113,-71.84272413035895,-73.23393010187215,-74.66857622838145,-75.89382594352698,-76.7812172040937,-77.35497040535407,-77.7504031490988,-78.11753328574709,-78.52076468000001,-78.88406498169564,-79.01277805991329,-78.68812124490371,-77.79764047332387,-76.44503127094033,-74.98324390275226,-73.92778850405246,-73.78932856483698,-74.84400124571039,-76.96826714810975,-79.71405855149672,-82.45673663496409,-84.59812143572232,-85.74093235799769,-85.76725864050297,-84.81685134093924,-83.19222381356785,-81.24618694750724,-79.30466343804265,-77.65216961000002,-76.5661485697825,-76.34755897094801,-77.30936826740823,-79.66212038714013,-83.27108463409779,-87.53880167928402,-91.42158370962112,-93.65479305682805,-93.20870937253673,-89.77099059354548,-84.03599413292068,-77.61017678142525,-72.52440766352221,-70.5379755830659,-72.52757205517244,-78.20262034249961,-86.21533353171758,-94.6205947676981,-101.40035418023595,-105.06532629
15kg_10bpm,11BC,-90.04276552,-87.9737672420769,-84.97449023286791,-81.42087292984405,-77.81728981553388,-74.66989712591597,-72.36989956096023,-71.1580343390393,-70.90816212330746,-71.4760844726144,-72.45259315833987,-73.50164709306961,-74.31620438698037,-74.80208268491684,-74.96900304374527,-74.9545440232341,-74.94141239279193,-75.07503832767875,-75.40902148143704,-75.8983154148787,-76.44483648270413,-76.9150130973698,-77.21878512624541,-77.306093776758,-77.2229547683175,-77.0185298098955,-76.76446313492241,-76.49380165723122,-76.19401207751238,-75.8256922408513,-75.3440338874958,-74.71450454465486,-73.97105273526539,-73.16275432421662,-72.37527438926982,-71.66931139750898,-71.0940816929502,-70.61762212796675,-70.18541998069715,-69.70416716716926,-69.10223559897935,-68.32589406321348,-67.3866064973195,-66.35685179501512,-65.34615623682114,-64.48313536761165,-63.865000089974856,-63.59377429676966,-63.6364722750483,-63.97618672691982,-64.53605773473157,-65.2287096158395,-66.00185656273925,-66.80958350059355,-67.63711219782945,-68.47793781006085,-69.31565581270608,-70.11893812463163,-70.83145321359987,-71.40571418525505,-71.77282278792613,-71.92258195375531,-71.8729978672023,-71.65471273799841,-71.36572507209905,-71.0818108613886,-70.88565564731684,-70.81752653974976,-70.91429463697806,-71.16312754462565,-71.53949505879531,-72.0288564265795,-72.5856767186851,-73.18263795120353,-73.77308146928931,-74.29688131424655,-74.65251948282919,-74.72310961411317,-74.41984464883946,-73.60303910095952,-72.37000948723627,-70.86475264414243,-69.44552336877662,-68.53360944444631,-68.6484811862492,-70.11811844611269,-72.92840335768777,-76.96626205676849,-81.46191989744044,-85.70813796785993,-88.84834833474584,-90.55309666027016,-90.67582259681072,-89.71994023031762,-88.43210643092577,-87.69877855291277,-88.08994402313459,-89.82183284003416,-42.09429017823972,-2.1935559859594477e-07,0.0
15kg_10bpm,11CA,0.0,-18.343755062278788,-70.97018649789541,-69.39068916589784,-69.50422726361265,-71.06197397645403,-73.64032268260078,-76.83997957094827,-80.42479212686466,-84.30441543634028,-88.40148908906679,-92.51799717265745,-96.29083800809656,-99.26532760088548,-101.04456556829892,-101.43596124067818,-100.52107111578906,-98.62096699423688,-96.18314717959244,-93.64585646952152,-91.33384631567282,-89.41387541596542,-87.90524932347635,-86.72263252059116,-85.72778261273844,-84.76814334,-83.69858519161554,-82.40131647372557,-80.80049377355652,-78.87407502730534,-76.6688866860275,-74.30021817641153,-71.9238769689998,-69.68736859230675,-67.67904341198324,-65.90033187686383,-64.27783310721424,-62.71247642011508,-61.14403986056073,-59.59939310263521,-58.197678990017536,-57.10542387368736,-56.45990327536093,-56.30256705314891,-56.56152374328216,-57.083106893671825,-57.705023525903705,-58.32902085604722,-58.93627736841769,-59.55433094977127,-60.20578324000001,-60.87407906582387,-61.506738789106265,-62.04477068644479,-62.45022383047488,-62.712599674233644,-62.83827263112386,-62.841464259814074,-62.749458244947995,-62.61711435462943,-62.53333842740259,-62.6046622923772,-62.91741634759034,-63.49973109721826,-64.301440115475,-65.20801413201166,-66.09747002847544,-66.89640386439675,-67.60137737197071,-68.25963528257444,-68.91916228482661,-69.5826805922418,-70.19742041652394,-70.69055806643254,-71.0329307953906,-71.29402166000001,-71.64968017176004,-72.32248699131706,-73.46869066783103,-75.0602074035237,-76.8260735750392,-78.30741910096235,-79.02006312973026,-78.65935736887987,-77.28946540002714,-75.37363696897758,-73.60031581407192,-72.64150817391639,-72.90326988468345,-74.35853838783453,-76.54141552571564,-78.703762983521,-80.08894616622844,-80.22686207061227,-79.1268138465926,-77.2739013047394,-75.41703838486902,-74.24062743578698,-74.07599508772226,-74.78223596076133,-75.83833316
15kg_10bpm,12AB,0.0,-82.79439757757787,-80.40150351961516,-77.15282152146543,-74.08349125444815,-72.1408218851434,-71.78084436188489,-72.82821104316304,-74.65191883228738,-76.53019144189658,-77.97233440283455,-78.83463738575878,-79.20672869422418,-79.19008344335562,-78.74423070341994,-77.70471160166635,-75.93966712837454,-73.51246199850262,-70.72248404070707,-67.9872671274124,-65.65316488593872,-63.854830118965005,-62.49356512349027,-61.36301040947913,-60.30730201735595,-59.30404684715735,-58.45470676965613,-57.90800855397055,-57.77785994942079,-58.10059830455658,-58.83632231102612,-59.891386192950876,-61.139149173859536,-62.43384439319009,-63.624475942062254,-64.57254538546441,-65.17017946468964,-65.35531835671674,-65.12342324143728,-64.54174761161543,-63.77092681604817,-63.05971045872581,-62.69828658133444,-62.95412507580096,-63.9947267782421,-65.827039044704,-68.28079419400358,-71.03616701015798,-73.68812397105874,-75.83335783618598,-77.15998464000002,-77.5195947918846,-76.96500011654521,-75.74424149647933,-74.25033903944124,-72.93195571387848,-72.1808671057696,-72.23828064971278,-73.1435112804476,-74.73549399795141,-76.74085476556299,-78.87936860611728,-80.91820727751482,-82.67745281922065,-84.00223432325359,-84.7460112730515,-84.80543877781678,-84.19931544178333,-83.13247012073731,-81.97268554871,-81.1152288321872,-80.79109869163743,-80.92914413867166,-81.15920224133258,-80.96660572107463,-79.9228166499329,-77.8882644180123,-75.15489570158313,-72.44619290606823,-70.73050391613964,-70.9385527536754,-73.59623267585948,-78.49754607877755,-84.61217737973928,-90.32534686235773,-93.9742804243939,-94.47713740876617,-91.76293728100278,-86.78783222282264,-81.12066408118945,-76.29766212098798,-73.25663788943785,-72.0984002488225,-72.26352343782939,-73.00115776148024,-73.8646451314356,-75.01490446273566,-77.11403680094126,-80.8599034689746,-86.40643266124813,-65.06430038
15kg_10bpm,12BC,0.0,3.615639525905217e-49,-3.348242571232584e-39,1.2572375458978875e-29,7.853086138587223e-20,-1.486894638321941e-09,-14.186680363484781,-81.55020816175055,-79.79800003339017,-78.5710160524109,-77.80484716538373,-77.31213963126766,-76.83478944457899,-76.22505448342612,-75.44690807708986,-74.58114629640365,-73.80711215135638,-73.29471110935208,-73.19696223168178,-73.59288551412408,-74.40781445859102,-75.5125394198009,-76.7110742623011,-77.76749829224863,-78.51608340295364,-78.86045248,-78.75339765840377,-78.31375850603268,-77.65824762753553,-76.90936099008188,-76.17174316066645,-75.48651544474937,-74.84675434168588,-74.21685410883323,-73.55666404321283,-72.85304570691223,-72.116037655082,-71.37241338307736,-70.64437442733566,-69.93027618207164,-69.20630455053215,-68.43223364108562,-67.59056161053418,-66.69635011172102,-65.8119318700506,-65.04543108430184,-64.49718451198049,-64.24155445293549,-64.33418668660858,-64.70530599186361,-65.27506801,-65.95455148937053,-66.66173211078724,-67.3507510271015,-68.0066968784673,-68.6216939897299,-69.18090790857593,-69.65546028179396,-70.00688891497965,-70.18280683099027,-70.1836373632624,-70.02939222731067,-69.76317320718097,-69.45383205489892,-69.17579701837634,-68.98635197053085,-68.93644910731557,-69.04741272079352,-69.30849953109619,-69.69456856757778,-70.16956366239755,-70.67976522202547,-71.1949641152116,-71.7028067645073,-72.20492245159312,-72.69681896000002,-73.14555129114432,-73.47056509806528,-73.55850242144227,-73.3349855896777,-72.79306647505399,-72.04692759711531,-71.41895626530062,-71.28748065967525,-72.0443078545754,-74.02790890218232,-77.08468030895678,-80.85424361599662,-84.70789880186074,-87.86228152471011,-89.8263339478786,-90.45066008638466,-89.93033770757333,-89.01349413546936,0.05289536123182234,-8.082813728940555e-12,4.268966396106836e-22,6.834389360632968e-32,-1.8201169286030718e-41,1.96547489281918e-51,0.0
15kg_10bpm,13AB,-85.54710214,-82.38468635791044,-78.77316166431267,-75.50910975632979,-73.17463335754806,-72.06199213464421,-72.16930762450184,-73.24321599315711,-74.86931299592588,-76.59281028433568,-78.04781316364,-79.0567930262549,-79.6448347975324,-79.94538525079143,-80.04901458252205,-79.8920411368972,-79.2602200018893,-77.90721607600123,-75.70941701983882,-72.75493688804868,-69.31414939662474,-65.72478495804407,-62.280539620345266,-59.195838266651805,-56.64851775325424,-54.8380569117063,-53.98899908742689,-54.2779742448729,-55.72684044656473,-58.13246662739823,-61.07585232478114,-64.00706825092938,-66.38613149168354,-67.83018562019632,-68.20070454383404,-67.61188839997244,-66.37892087885604,-64.92166198708111,-63.647459973888076,-62.84937429532784,-62.64907763422758,-62.995745385146066,-63.71515784480627,-64.58937055497579,-65.43881675572052,-66.17860328407417,-66.8311883714927,-67.49681114826645,-68.30179064152938,-69.35057412978307,-70.6962728603734,-72.32742283780694,-74.16235792547741,-76.05136457895206,-77.79663719084151,-79.19387668760321,-80.08367666248867,-80.39538697450881,-80.16634532062974,-79.52924496904312,-78.68208577733517,-77.85509846064569,-77.27089532125346,-77.09023171613588,-77.35489498183601,-77.95744056501371,-78.66611961905917,-79.20605572087838,-79.36053714124614,-79.04015362833404,-78.28930560038069,-77.24232847698615,-76.0696683143315,-74.94742082390563,-74.0512684166243,-73.5478466219951,-73.55670133421643,-74.08466554499682,-74.97143350087447,-75.9026180140007,-76.52309081466511,-76.62438790247761,-76.32935034302386,-76.16187920741231,-76.88933724543779,-79.1513384078552,-83.04452589653313,-87.86679260894985,-92.19960227944594,-94.4075954997179,-93.39163133341879,-89.23277722984236,-83.35843587676887,-78.06996643650922,-75.60846215668681,-77.20875462898333,-82.60237105130898,-90.16880682850824,-97.5935047350916,-102.67689173492607,0.0
15kg_10bpm,13BC,-89.37714515,-87.65728922231801,-84.9159949674954,-81.52978415756698,-78.10029987867952,-75.02498248759976,-72.68507016433249,-71.08627009714553,-70.22133461705299,-70.00175806360144,-70.24443619106779,-70.88106958177225,-71.84099366522072,-73.0767746997886,-74.60273072678135,-76.37083162555082,-78.32576279718593,-80.37537655507603,-82.34877883730728,-84.05908697017566,-85.25128854405298,-85.80795819599163,-85.60060348560529,-84.68440792561836,-83.27395190813705,-81.60713130965098,-80.00218020396773,-78.64358920284525,-77.64976192845398,-76.88408623964854,-76.16845184256425,-75.240326981528,-73.94950113710004,-72.21416304482618,-70.12868103236436,-67.90396446165805,-65.79709164363278,-64.05136633097847,-62.79709603210455,-62.173044393276164,-62.05191764303427,-62.33468402692206,-62.86492930307877,-63.4531339315047,-63.96066751312702,-64.27299106422835,-64.35277434699243,-64.16986133203174,-63.78390366374029,-63.27669056465755,-62.76098198500804,-62.36772487555153,-62.208261319036154,-62.40428976771828,-62.956257326241946,-63.87092491594331,-65.07349252244548,-66.4408486370479,-67.85668324028836,-69.19329339289926,-70.37385886273576,-71.31511898684379,-72.03251222398944,-72.53910789352653,-72.8624885383711,-73.07484276053394,-73.22447250804882,-73.37128441473602,-73.55967277935684,-73.8280840804065,-74.18304031722194,-74.60147242738239,-75.0274312135667,-75.36627325667638,-75.51804206982791,-75.34698445231753,-74.8338339369841,-73.98027357371716,-72.9296043160475,-71.93518545832428,-71.35369613484991,-71.54904196256906,-72.72450682351052,-75.11153628639231,-78.3771534280942,-82.1150890108037,-85.6198974502536,-88.22956428064143,-89.36010636314735,-88.717796782562,-86.61449358941867,-83.50901341135605,-80.32960958755889,-77.87368439904333,-77.05863249818306,-78.10653129970424,-81.00234348169553,-85.4729777598414,-90.60556906940629,-13.315349560973711,0.0
15kg_10bpm,13CA,0.0,-64.00504111550451,-79.22371550730489,-78.44166508530938,-79.58798032592854,-82.7862663867281,-87.56574803416707,-93.00690705943734,-98.0377562239932,-101.75254731546258,-103.63603664419118,-103.63575558926763,-102.0910497826443,-99.57234335325666,-96.69799599236434,-93.98425490523512,-91.75763184016887,-90.13130496589892,-89.0283672609466,-88.22972777643437,-87.43084409141143,-86.30236105255787,-84.55761559905127,-82.02787193773439,-78.73107696462591,-74.90089230504542,-70.94074349968768,-67.29760062477311,-64.30090457679192,-62.04797082890718,-60.404729942429384,-59.127631754244966,-58.036592410288776,-57.13273140128873,-56.58621679446454,-56.60113069675617,-57.24433607670116,-58.35095976017242,-59.57105669057173,-60.53123324188744,-61.01347362229351,-61.04790954140084,-60.87405649645354,-60.80270009523735,-61.06042744834803,-61.69689054789425,-62.589433366294074,-63.52234787758261,-64.28373076839571,-64.72865207677519,-64.79294306528074,-64.47827614287469,-63.839752873072335,-62.98845544794154,-62.0945071225277,-61.36722491596834,-61.00504631125977,-61.13240216202037,-61.753102169861485,-62.74406743710672,-63.89707318594369,-64.9965671868227,-65.90248939710645,-66.5973778443136,-67.16944238076911,-67.74013508334215,-68.38360406494289,-69.09166681569862,-69.80183000540353,-70.45766691541046,-71.05233632857592,-71.62786945927611,-72.23928009477264,-72.91280151636994,-73.62354746331012,-74.3018976756421,-74.86448624347409,-75.25782514946432,-75.49544632383451,-75.66460208239614,-75.88668512318938,-76.24128841323335,-76.69432423534019,-77.08294433872892,-77.18793244309092,-76.87185729512848,-76.20707114901955,-75.5024240232186,-75.18432662723365,-75.57603556892917,-76.69281706668995,-78.17823692092246,-79.43763859935149,-79.91583402905135,-79.3791112370546,-78.04935675224938,-76.51330088290891,-75.45294555726994,-75.3392458064886,-76.2382485893298,-77.79760935
15kg_10bpm,1AB,-79.95693823,-76.297408670487,-73.2462024816068,-71.43043330390607,-71.12136475767355,-72.21780798393549,-74.32932044146983,-76.91363962119615,-79.42561977038875,-81.44398977861093,-82.74802736622475,-83.32469676993179,-83.30584227262888,-82.86084226922497,-82.08951638804871,-80.96173647626831,-79.33127377622503,-77.01809464283542,-73.92025986333856,-70.10226699526142,-65.82046923000001,-61.47822069513526,-57.5319941417616,-54.38180060270279,-52.27854050753726,-51.27475495233901,-51.23372104528167,-51.89370389397993,-52.96383866558153,-54.21463551068922,-55.52800162338777,-56.8900031630242,-58.336128888128464,-59.88121902128713,-61.47286912012462,-62.99238856331528,-64.29840208972116,-65.28348497739265,-65.91044668987468,-66.21300586942974,-66.27037044000001,-66.17808650753808,-66.03142435057013,-65.92178156387381,-65.93687013095985,-66.15822201348428,-66.65692650403355,-67.4897307415797,-68.69276260254198,-70.26896535545248,-72.17228247212962,-74.29867836632222,-76.49237738593266,-78.5673701818798,-80.33760623731266,-81.6476553913947,-82.39682335158011,-82.55285894652238,-82.15679999363334,-81.32451860319435,-80.24700279000001,-79.18047885165323,-78.40993750268005,-78.17838838289548,-78.59978757425331,-79.59867444166053,-80.91925173008228,-82.21130352369657,-83.15165843972918,-83.53683216633546,-83.30573127550056,-82.50340149867822,-81.23539550232697,-79.65493962716086,-77.97920266087286,-76.48959500678774,-75.47293476431481,-75.10576979075415,-75.33870414542788,-75.86231868634782,-76.21135794000001,-75.99420607195414,-75.15034709686502,-74.08871137101328,-73.58847228918283,-74.45587279517777,-77.07703206201045,-81.10269287038544,-85.4731548923483,-88.83027518503346,-90.14407178604411,-89.2333138957598,-86.88769904576937,-84.50691233174723,-83.44122490614191,-84.38174865137883,-87.10617250583867,-90.67455997782773,-93.92816914478892,-96.01035878427886,-86.99134767
15kg_10bpm,1BC,0.0,-83.06054580401509,-82.1324034465781,-80.86604568101303,-79.30850145996357,-77.59332112780757,-75.92634665395363,-74.54260440401013,-73.64178916020563,-73.35097402281292,-73.60800771570563,-74.23843873099817,-75.00697527227862,-75.70822923157664,-76.24297813917944,-76.640549558275,-77.0114339256492,-77.45370376570678,-77.94512231486068,-78.33031221853776,-78.39681527183735,-77.99204584064778,-77.12187738475075,-75.97149528816003,-74.8315507213071,-73.97713171312823,-73.5152206647086,-73.34837783489417,-73.2643753826266,-73.04443601623854,-72.55971487392405,-71.8056598618937,-70.87223436134826,-69.88187819610614,-68.94010087344601,-68.10646230838806,-67.41507569639298,-66.89003172490439,-66.54636130964431,-66.37687814220935,-66.33967614975741,-66.36276810972936,-66.37040961767607,-66.33553428184379,-66.30343462014513,-66.38291450856055,-66.70349709780892,-67.35509278835914,-68.33787121875199,-69.54564471551424,-70.78448031340429,-71.85018738788203,-72.6029558342484,-73.00030576509705,-73.09536319240787,-73.00255304303062,-72.847405923587,-72.72313320032823,-72.66937582749887,-72.66465890439596,-72.65716353083397,-72.58470015768654,-72.39325607936642,-72.05078128788765,-71.5564267790949,-70.94546446834723,-70.28639930180674,-69.67082828500583,-69.18117641933821,-68.87303451967728,-68.76394422209171,-68.83838855758334,-69.06893328640764,-69.44026261120001,-69.9682759367755,-70.66465844621271,-71.50338819017212,-72.3764672224904,-73.08986540785935,-73.41999747693156,-73.22487542174711,-72.57166734547351,-71.81892063170949,-71.58881172163284,-72.49538856817375,-74.88791796521872,-78.62411958849158,-83.01041621020805,-86.9751941130008,-89.44634311160291,-89.71880261828056,-87.95291314811938,-85.10552185869324,-82.49969005562572,-81.37919125405628,-82.45668387299,-85.67847680686869,-90.27551254118465,-95.04595073346584,-17.580023377213553,0.0
15kg_10bpm,1CA,0.0,5.1137329086250005e-17,-2.848374972304893e-06,-74.50407995686552,-74.05549197749421,-74.75706246653898,-76.11101982398465,-78.32424919776156,-81.56390207500465,-85.7832996286695,-90.63603784209417,-95.52944417424148,-99.79603019253344,-102.9028494439262,-104.599415721785,-104.9445131872907,-104.21662427094797,-102.76804352692413,-100.90195064470394,-98.8204886190497,-96.63904464525771,-94.42670436117076,-92.227335604532,-90.04278832816117,-87.81059090753484,-85.41121299465439,-82.71716229887178,-79.66705812335383,-76.31718137425138,-72.83518399186212,-69.43305735298891,-66.27685538028938,-63.42969154627862,-60.86449392250795,-58.53760405251377,-56.47248026789077,-54.79328212571236,-53.6762629857079,-53.245351444566936,-53.469175241613726,-54.10586260220113,-54.78596927252112,-55.176021851702664,-55.1160282061232,-54.69362174202813,-54.207482098903284,-54.04296910005163,-54.520112933415376,-55.776218264855515,-57.72493308497473,-60.09634760114385,-62.532186246843864,-64.69464399338412,-66.34973229244386,-67.405465964012,-67.89986133573274,-67.95122458161237,-67.71011723389266,-67.32105361719937,-66.90074377507945,-66.54449713100456,-66.33143175113142,-66.31413111844957,-66.50258123152935,-66.85741287595904,-67.30366555563853,-67.76249137142746,-68.18438566024922,-68.5649249683963,-68.93517306128763,-69.33766654726631,-69.80943750503052,-70.38515775981097,-71.11447377986404,-72.07281106299425,-73.33562974873824,-74.9134970629801,-76.69291088758764,-78.40566274097819,-79.6640189076318,-80.0740546505453,-79.38293128501098,-77.60217513626134,-75.05273937712674,-72.31149085012035,-70.07756044585462,-68.99499152662337,-69.47173679432866,-71.5329057206787,-74.74647719271925,-78.28363769772295,-81.12915416467833,-82.40431347954596,-81.786423047886,-79.68444126994903,-77.05864705847408,-75.0289109719515,-74.3631154949649,-75.12820497746446,-76.68233800192587,-77.99211759
15kg_10bpm,2AB,-87.77142252,-84.43853697502863,-80.30508303341513,-76.39981977447613,-73.64134147208489,-72.60154872268188,-73.37623341834652,-75.58188036270155,-78.51395707087855,-81.32913058361528,-83.36422622232398,-84.27244049315561,-84.04057207751814,-82.88558817253296,-81.08572608473315,-78.82060658979398,-76.09451895993206,-72.77476880704354,-68.7296424503749,-63.972908234008806,-58.79977970280659,-53.76039069154846,-49.49272823044914,-46.55102242439397,-45.24076720443284,-45.53433504389297,-47.0967133065812,-49.406834916135544,-51.926591383004975,-54.25241112340556,-56.19013103311373,-57.75697555304501,-59.101058865668385,-60.362378080372416,-61.60899390341512,-62.82013620251385,-63.925446284937834,-64.86827119319169,-65.65520533170994,-66.36464607553559,-67.11071056581653,-67.98450379338391,-68.99678122026933,-70.06255212644437,-71.05702788093303,-71.88599394171763,-72.55252161524332,-73.17836058000958,-73.96287018389711,-75.09292073434526,-76.64514516813153,-78.5250631277779,-80.48156689373127,-82.17450373445045,-83.33174891488375,-83.81959853221748,-83.67088232125981,-83.03605033072624,-82.10211492901904,-81.02354963449632,-79.901458588568,-78.81146361497207,-77.8463196351839,-77.13858127506958,-76.82761932924585,-76.97267191664562,-77.52826592868351,-78.32901113543093,-79.13828906236095,-79.72423537088568,-79.93565668652461,-79.74897833512031,-79.26959492994193,-78.69015093736553,-78.21872061332715,-77.9939574568702,-77.99772321641879,-78.05873301634877,-77.89943543213029,-77.25843185559282,-76.04635089393662,-74.47147751281075,-73.06106478157281,-72.53398965743725,-73.52709850760256,-76.32312929869391,-80.54436539482742,-85.17421610224848,-88.96184583381734,-90.86167381189979,-90.49077623552431,-88.34345913466697,-85.64008099264451,-83.84902319941973,-84.08017159427466,-86.59348425004208,-90.7007815474038,-94.9296231878341,-97.756410673382,-98.21427607254945,-96.25865663
15kg_10bpm,2BC,-89.00994188,-84.88878656295272,-80.7285189799756,-77.50789586804812,-75.65887004939667,-75.21941263448156,-75.88282450805558,-76.98618937664118,-77.88927348493267,-78.1746229047337,-77.62486819295658,-76.4624237218225,-75.06174174532708,-73.83486774629793,-73.19889187721358,-73.27122596821039,-74.01477836750347,-75.25778898355759,-76.69650274848863,-78.02722859524364,-79.01673267493439,-79.45230989584209,-79.27293360304375,-78.52066287713089,-77.3034973847177,-75.7905086449013,-74.22084195664205,-72.74933737375109,-71.46780113329646,-70.37625724120011,-69.38835388646088,-68.4205767446673,-67.41287923824014,-66.37311879637697,-65.36868758200347,-64.49290122522878,-63.867698950418934,-63.531261699790804,-63.4766364020965,-63.648687238520495,-63.94134517838879,-64.23577684544686,-64.46075749668529,-64.59147369269856,-64.67719205995083,-64.80541246578149,-65.0638460319478,-65.53928309742373,-66.23139481042304,-67.10162969014382,-68.0829942355192,-69.08519380026863,-70.02736366931721,-70.85582080490995,-71.53008867333304,-72.03762393624625,-72.39277500139275,-72.61420999470869,-72.72074655859286,-72.75011103218664,-72.72757470833773,-72.67013693713,-72.5853092486442,-72.47587706603717,-72.3384260019891,-72.17092133738365,-71.98526334797975,-71.81429691886567,-71.70757065629131,-71.74134504280129,-71.96981761572361,-72.40489186598913,-73.00906508258348,-73.67007870940233,-74.20999126350561,-74.46399418104313,-74.29227709875269,-73.66238488190297,-72.74103168351819,-71.79900799053212,-71.25629626107798,-71.53616601859902,-72.88379012110363,-75.3490653774657,-78.74611353316882,-82.4146906423558,-85.67625859300699,-87.83137818815936,-88.32285284809029,-87.232121610425,-84.95043239355296,-82.23523840171752,-80.12957947407307,-79.43036902760399,-80.5993299185086,-83.8008225000463,-88.30756353917788,-93.25345113531546,-97.66531599604939,-33.10375056300614,0.0
15kg_10bpm,2CA,-75.17896488,-75.01896269115112,-75.8961585425974,-77.71151935266496,-80.46628421162691,-84.16470025198751,-88.65065784292848,-93.50838971690851,-98.11165494407273,-101.80695823979217,-104.1321392709189,-104.95266974527226,-104.45039836618984,-102.98813871125849,-100.94138884948676,-98.59153567508987,-96.11447844151182,-93.62370670491603,-91.19645610302797,-88.84639101216305,-86.47308481999619,-83.85950580434796,-80.76567668236127,-77.09077824205468,-73.00444370159171,-68.9436867561464,-65.4493089043244,-62.92255727037232,-61.441102238077605,-60.7415903830826,-60.377174111127076,-59.95696070757318,-59.331150392522474,-58.623941564032066,-58.11071594695726,-58.027587045515034,-58.43323874009631,-59.197288410385106,-60.10068499944269,-60.96471444681384,-61.719986749476185,-62.38068448287959,-62.959726303939746,-63.40047629147568,-63.58550720941664,-63.42252227470047,-62.944390785605414,-62.343197133892915,-61.90223565152054,-61.86056974842481,-62.288071161776045,-63.03995817356595,-63.81282221007549,-64.27332436370239,-64.20280437627727,-63.5982223096791,-62.68470390832687,-61.82910790612116,-61.3885897869485,-61.56455945808475,-62.33332280830303,-63.482676456095554,-64.72647620619334,-65.83452734434942,-66.71771449652137,-67.44035792891441,-68.16882996402745,-69.08834455245457,-70.32335024976943,-71.88544867458081,-73.65554337864054,-75.395786071679,-76.78911695196703,-77.51256299077042,-77.345615019374,-76.28699852306309,-74.62085981409555,-72.87278478194555,-71.64377097208353,-71.38103596400272,-72.1889668040388,-73.769259956774,-75.51738266687352,-76.73536078429711,-76.88505701431788,-75.80481937297667,-73.82427925294185,-71.72317863905995,-70.50330574612128,-71.00313651088456,-73.4817274334764,-77.37733701564714,-81.42312475463531,-84.14070313484257,-84.5054915200121,-82.43935298765018,-78.85383866385432,-75.21699801753628,-72.8845923971957,-72.54388882055966,-74.00999461
15kg_10bpm,3BC,-85.81105854,-84.10416551598814,-82.13478081508018,-80.29618811238409,-78.86256406728045,-77.99260338052981,-77.5776913596086,-77.42738291626033,-77.34914325061166,-77.20276426176456,-76.98813714153384,-76.79199891169246,-76.72507087645442,-76.8668982474173,-77.15371422685786,-77.45361348987181,-77.59222456789233,-77.41545531350212,-76.92914494227335,-76.24444949548993,-75.57387865518206,-75.17919725397483,-75.21643810744415,-75.72840815564923,-76.645326435959,-77.73882790443439,-78.76052642713272,-79.49123415583249,-79.71103180567063,-79.33860964030015,-78.35444002121554,-76.78573110844975,-74.67725511416029,-72.21536802230094,-69.56835544940041,-66.92523782150644,-64.51232896782795,-62.48801798148741,-60.967148415546966,-60.020870913946666,-59.654990807887366,-59.752542283784585,-60.19971131127556,-60.87045106240038,-61.63242458837912,-62.39793041504423,-63.128813435323906,-63.82176796752549,-64.5025941705309,-65.19482158196291,-65.9056655075637,-66.61894236426858,-67.29803933002215,-67.91037526661506,-68.43899559061136,-68.88929918425215,-69.30940392921093,-69.74906514467784,-70.25221213237934,-70.84436443633871,-71.49903992389564,-72.16757661012858,-72.77941055313696,-73.24930741300625,-73.52494389793667,-73.57325061109604,-73.38185006986325,-72.98876525861236,-72.4765654456955,-71.94486753100104,-71.52414883573107,-71.3354334837234,-71.44143736013763,-71.84367612697889,-72.47486818465642,-73.15744983590824,-73.72654707240494,-74.06455890427841,-74.14164312488475,-74.13374421080329,-74.30169816164897,-74.95718924962475,-76.41509546935511,-78.65529643185238,-81.45770345422667,-84.34985824820522,-86.61091375363533,-87.66812110664934,-87.1928444850043,-85.17686507179417,-82.19338835649945,-79.14891402107553,-76.9534257561373,-76.51145773211536,-78.1758335688458,-81.74419077303948,-86.66552165932566,-92.08475760625802,-97.00042328441809,-100.74677396907764,-102.97295192
15kg_10bpm,3CA,0.0,-79.54136469720324,-78.69323844072262,-80.09616667116848,-83.65966460106756,-89.17535407459023,-95.85970004917225,-102.43987328222025,-107.34436392348428,-109.49547134774822,-108.35949364,-104.83664927144292,-100.17790669336968,-95.67662794881771,-91.99317515686927,-89.10098063760005,-86.49717372205978,-83.68377708578653,-80.44244503894642,-76.80626378226879,-72.98229579000001,-69.20226679801131,-65.70526352119117,-62.70241930419337,-60.437762569238316,-58.93980238700898,-58.15612344354099,-57.8722964655578,-57.88993394073299,-58.09792906403255,-58.4432143,-58.882193447513444,-59.29307153999833,-59.4947208196288,-59.343064626279464,-58.84602029930756,-58.254748730344375,-58.00252184591397,-58.56997667007854,-60.06044619964823,-62.25729412,-64.54929813164436,-66.26937475653976,-66.95539771651643,-66.61254330659325,-65.54851393168066,-64.3615487541898,-63.54707537402609,-63.32779799445026,-63.6444048388541,-64.25664217000002,-64.91600018181279,-65.51369154535229,-66.12127927182576,-66.93332255102584,-68.12563153069715,-69.75885507859955,-71.7145006710399,-73.73024228330084,-75.48938371825967,-76.76050675000002,-77.38512248111863,-77.41509948986015,-76.99654043038578,-76.33039864016513,-75.5846177173094,-74.85125532238435,-74.17670644214769,-73.60589789203887,-73.16060512362345,-72.82121541,-72.53377171566306,-72.31082332822236,-72.34184749709691,-72.87007532949214,-74.02800181022769,-75.49860119050643,-76.66197299179596,-76.94027714257702,-76.26602540965722,-75.10337582000001,-74.18377679359384,-73.95492133734716,-74.23319072964631,-74.47230822657671,-74.1643888918321,-73.27552667167268,-72.30567164894373,-72.00326419134153,-72.93633024123912,-74.86709918,-76.95691415629732,-78.15976854075102,-78.00295720923445,-76.87495958315658,-75.82454800239186,-75.6634810954891,-76.19598435149864,-76.4107736729554,-75.13372079245815,-71.87879771
15kg_10bpm,4AB,-88.12341609,-84.24721716667229,-79.93645616131661,-76.43837496264157,-74.56065270788349,-74.51948743520633,-76.00613071765527,-78.37181990336185,-80.85057498161582,-82.81638629621982,-83.89504087198034,-83.96588257119551,-83.10436678632031,-81.49013088898496,-79.32439564213192,-76.76484614279529,-73.88467105258907,-70.67520053742872,-67.10711598333752,-63.23125488441328,-59.260892944353124,-55.57049297070853,-52.594553372316724,-50.685930972857655,-49.95992744361026,-50.2484622335021,-51.21567983048027,-52.502479342415,-53.87106932580557,-55.27707262695695,-56.829335543185515,-58.668770868079434,-60.83558663293896,-63.195493587056184,-65.45770706304906,-67.26848306669558,-68.33258102218264,-68.51764368747241,-67.90184843127682,-66.75760637674767,-65.4978045751294,-64.54783531016022,-64.22689059201375,-64.6855147712381,-65.89066425781165,-67.6746089990761,-69.80785499102167,-72.05661560776285,-74.20807600664409,-76.0748051179233,-77.50689115,-78.4276486204576,-78.87762063652565,-79.02937129168092,-79.13799389805745,-79.44280804941256,-80.06041865331478,-80.9291602682849,-81.86567232134182,-82.65865568603952,-83.14572594393358,-83.24180943545545,-82.93143170741638,-82.2638808013589,-81.35724192873374,-80.38126063649526,-79.49672864942758,-78.78069596999735,-78.20273985885521,-77.68481085264891,-77.20010561243834,-76.8205517652199,-76.65973957388368,-76.73714674225518,-76.90250204411785,-76.89136793503889,-76.49915905980305,-75.78360032808511,-75.15323531675698,-75.25452527155245,-76.6728879074417,-79.58106975674727,-83.52567586196479,-87.5007925892915,-90.31293963751482,-91.07937627521028,-89.60700427036954,-86.42834479377825,-82.55733300093667,-79.03268918339484,-76.50713335626698,-75.15895320295964,-74.79161731593638,-75.03897294433037,-75.55483934353887,-76.11431108453392,-76.6252109994625,-77.07656024511984,-77.46660425642058,-77.75674911236848,-77.88373534
15kg_10bpm,4BC,-59.89440497,-82.78030558587125,-80.05540660400654,-78.13759827931246,-77.51079486246668,-78.17273876605653,-79.84443378481137,-81.96664441522594,-83.80158087487825,-84.82161408112611,-84.64153573539315,-83.24552874641853,-80.97285163402891,-78.258999733661,-75.65581223065693,-73.60017255282952,-72.30918864926271,-71.84096680825002,-72.01207116653859,-72.50988256719883,-73.06553833187435,-73.44339503529085,-73.56933827098106,-73.47352415207902,-73.24298882278592,-72.99128669000001,-72.78260680383116,-72.62315030148203,-72.46820678451289,-72.24343456407587,-71.88735068103054,-71.34958255523217,-70.60737861159213,-69.68470886196425,-68.6134264759899,-67.44023837231589,-66.25085198083853,-65.1293914893463,-64.17172786264464,-63.47808538192049,-63.08549273126569,-63.00298638939094,-63.21454978243464,-63.61465496845562,-64.10643000669235,-64.60674845384028,-65.06044492814284,-65.46948027708346,-65.86436080108115,-66.29227758805169,-66.78270871000001,-67.33384553269593,-67.92346536054671,-68.51618592355062,-69.09006966449954,-69.64410935261618,-70.19143483887086,-70.7439025614456,-71.29061631431597,-71.79503704212513,-72.18979893679446,-72.43285653744194,-72.50841100522203,-72.4385139819246,-72.31373256995201,-72.23228117392702,-72.27732222792238,-72.50258342933877,-72.86512462726,-73.29225930634311,-73.68206319926644,-73.94692047412188,-74.06035050490166,-74.03884881880555,-73.93038317677635,-73.78763708,-73.61292847112598,-73.36148546209564,-72.97730073369674,-72.46750852580155,-71.93251452209353,-71.65038359417281,-71.94596798149614,-73.10784861606834,-75.33726149888237,-78.46666833906427,-82.0061130296553,-85.3390251557775,-87.66967743249378,-88.6344002024017,-88.19934650531279,-86.68352434578115,-84.85471140877127,-83.48950171718184,-83.16012763582923,-84.29050581040842,-86.63200917206522,-89.80704229524612,-93.09060998746463,-0.00034094379906911054,0.0
15kg_10bpm,4CA,-83.11542439,-81.56794863058097,-80.79321568528987,-81.4284361432837,-83.76212754662694,-87.5931254400703,-92.27296379357217,-96.92219974085585,-100.69152535670268,-102.99530293476671,-103.67972484801655,-102.93973157049365,-101.18720991803457,-98.90928262042985,-96.52523128468027,-94.30227002728506,-92.33178957577951,-90.55538124891794,-88.81996166978436,-86.94069506620215,-84.75762673687476,-82.18031020143331,-79.22044589091719,-76.00203743619481,-72.75211436450205,-69.75518063,-67.25262406937205,-65.36943286877383,-64.06743994063694,-63.16001786288529,-62.3964444591835,-61.5727024887083,-60.61887663645204,-59.619764993820525,-58.75976850537456,-58.221570747761525,-58.09239296404139,-58.32569995446592,-58.778236278063616,-59.29819578567007,-59.80459611572985,-60.31727285861739,-60.90559641398208,-61.60819347559218,-62.376291276284576,-63.07746988721493,-63.55729501539681,-63.720139661181754,-63.580173024890286,-63.25157507245509,-62.88392884,-62.58131040857879,-62.35457743062833,-62.136173091773884,-61.84950705032366,-61.48775525508701,-61.16061210911745,-61.05738599333055,-61.35500910629221,-62.12758545771003,-63.29259978577724,-64.63728175583354,-65.90967457361384,-66.93120973919804,-67.673932376922,-68.26350728986972,-68.90836262450352,-69.79271795847706,-70.98743659756258,-72.42003769172707,-73.91767538898922,-75.28443690692315,-76.384998194887,-77.17450044892621,-77.6524478706099,-77.80404548000001,-77.56018657800101,-76.80983052067198,-75.46827221076575,-73.57081171186763,-71.34728518551779,-69.23709880263081,-67.82004593775167,-67.66690262419186,-69.13748577186169,-72.19178580044675,-76.31194439124812,-80.52839589366738,-83.72604886591651,-85.08581834460726,-84.39550514384567,-82.19215752225816,-79.55479750002155,-77.63823726356567,-77.16254396461,-78.10129892256029,-79.70757784970206,-80.83525575126538,-80.38517723673446,-77.6863134627641,-65.43962946
15kg_10bpm,5AB,-86.47022108,-83.5168008436743,-80.42075664136776,-77.9959920590106,-76.72398070426391,-76.71423312455435,-77.76157466953354,-79.45039933883822,-81.27186003871867,-82.73892374203942,-83.48009571203184,-83.28042178861129,-82.08779026285491,-79.99112883565928,-77.1499045560162,-73.73812007221073,-69.92569726307815,-65.87884412982325,-61.78032702885046,-57.85487833839511,-54.37051372961111,-51.59730066365658,-49.73307850138889,-48.83199003100125,-48.77858694735046,-49.33105119477836,-50.22005587382667,-51.25834509104648,-52.406508163147286,-53.75747721427379,-55.44937239259241,-57.53964349653662,-59.92062065362389,-62.34088903912716,-64.49178750405451,-66.12486628552737,-67.14660958208904,-67.6442012791234,-67.84062012400807,-68.00381872432507,-68.35071945078143,-68.98309843948778,-69.87246496482973,-70.88984237239416,-71.8625112122196,-72.63602712104797,-73.12476644199927,-73.33758243926555,-73.37505939832374,-73.41003251446078,-73.64153724000002,-74.23427747101806,-75.27281405052484,-76.72238694836105,-78.41373546018843,-80.07080542220532,-81.37902216257662,-82.07907562336182,-82.0533629090606,-81.36754176298848,-80.2475778657572,-79.0029031209802,-77.93282560731465,-77.25921356216014,-77.1064207693965,-77.51805332335171,-78.48192815629135,-79.92539033217611,-81.66789338205987,-83.39309210624234,-84.68309784233239,-85.10917060637607,-84.37890659124602,-82.47004765629765,-79.676496090274,-76.54381302261898,-73.71758198584381,-71.76970221350705,-71.07012234399009,-71.73529206757,-73.64239859253462,-76.47651741780308,-79.78469444584766,-83.03966348396325,-85.72748551253572,-87.43767541545442,-87.94627500645448,-87.27092095640346,-85.6205845317576,-83.3171357743957,-80.76513745388341,-78.44138914900495,-76.87520740831698,-76.58014601766673,-77.92023181230958,-80.95068578556669,-85.30388619225037,-90.17880819049486,-94.46016078426375,-96.96270316662097,-77.41339187
15kg_10bpm,5BC,-85.24523081,-82.97794842445136,-80.57268283329743,-78.34136581031352,-76.55715339250844,-75.2145245390794,-74.27629162893075,-73.64337015964348,-73.21348296129942,-72.98724728511996,-73.00938713,-73.33617132566502,-74.08762796688364,-75.22817993591535,-76.71287502342285,-78.41793352043129,-80.12844677012043,-81.61773546717913,-82.64234642725901,-83.07749375454347,-82.76439190000002,-81.82293994832655,-80.42241349075145,-78.82997832215221,-77.38326121671209,-76.35247084275565,-75.91823775757094,-76.02502327866345,-76.55289930221475,-77.18120279334423,-77.62469156,-77.5385593365682,-76.82286634987223,-75.41667696392183,-73.38078199945728,-70.95144850883018,-68.34126747264168,-65.83396332205473,-63.636043822465986,-61.99863028420921,-60.96185487000001,-60.53477134526277,-60.66492346760505,-61.11795668654904,-61.708619000279676,-62.22109469632837,-62.540333182305574,-62.60483761437286,-62.505824680915076,-62.37175684874635,-62.389523360000005,-62.672909290876056,-63.29609781641676,-64.2369973974393,-65.36543420099001,-66.53696911945138,-67.58339878373017,-68.40951749606074,-68.92883379796041,-69.20784641733414,-69.31244576000002,-69.3508872801088,-69.42573447081112,-69.61233319453503,-69.94421306196065,-70.40835178493805,-70.98964844882748,-71.6316352219475,-72.29420383211195,-72.9312968618845,-73.50899975,-73.98955558052666,-74.33765623348846,-74.54092407455916,-74.57508141048555,-74.47751359069262,-74.31313074391282,-74.21575371957886,-74.34842890508283,-74.90109303970941,-76.05932462000001,-77.81972584027608,-80.13298199432018,-82.679327117802,-85.07483055396266,-86.76108985273825,-87.43004730243962,-86.88263024926685,-85.13859137705113,-82.69919202778036,-80.10792076000001,-78.09677488509786,-77.15931945669149,-77.8577016990936,-80.13757429685216,-83.83597274492341,-88.64992141907962,-93.87815439779537,-98.72723538902075,0.002687743334300028,0.0
15kg_10bpm,5CA,-86.95007585,-84.98106850344665,-83.75510169471511,-84.29020996458121,-87.04979425350533,-91.73554107672014,-97.37515969296247,-102.66855684064737,-106.43779993792035,-107.99378810119833,-107.27516674163455,-104.9403249499795,-101.81316007574782,-98.6662240860359,-95.99856842012888,-93.97082334343587,-92.46533032215534,-91.21108218861943,-89.9044732728517,-88.28156236860225,-86.19041867953398,-83.56436202926709,-80.43232864246774,-76.91684180161914,-73.22278320126473,-69.59898354818476,-66.27297705471995,-63.39257853154519,-60.96308810810725,-58.85933794835991,-56.929425163170805,-55.06676320890079,-53.26866669507144,-51.63657775535358,-50.32342820156306,-49.45529597542226,-49.09122730836318,-49.179577778652984,-49.62598026778391,-50.36884897997626,-51.40637352747842,-52.78528226691058,-54.54406970483831,-56.643996357022736,-58.927534803136844,-61.12941795728479,-62.9664693423189,-64.261395969501,-64.99737275854915,-65.32172213270783,-65.48201441372264,-65.7247579337209,-66.20009756255872,-66.90969828626066,-67.71996833667782,-68.42942181061039,-68.88705203665579,-69.04604313895055,-68.96839137996146,-68.78064722500187,-68.60997223176915,-68.5368569728577,-68.58501183792156,-68.74991339846326,-69.0276520175503,-69.44617160628891,-70.04483797684938,-70.83670330775756,-71.7718486135202,-72.73011757774644,-73.55652212674502,-74.12784411023873,-74.42488175190744,-74.585380472062,-74.823712575195,-75.33447595617261,-76.17340235746677,-77.19000118488397,-78.05993823956928,-78.42140717336966,-78.04744353654503,-77.01746959147385,-75.74103760947045,-74.73639393238622,-74.4218773408912,-74.92103609424032,-76.00125108234474,-77.1731672826746,-77.90422771279827,-77.82065273502526,-76.89845202170332,-75.45383590316281,-73.9606740022319,-72.912247368632,-72.6853916262691,-73.45366646907905,-75.1356046737806,-77.36056103424367,-79.45876652533175,-80.54566767483735,-79.81893924
15kg_10bpm,6AB,-84.62751352,-82.28664907191715,-79.9371671716083,-77.98945140786049,-76.77213774358552,-76.49451911650284,-77.20138070870196,-78.72973659681128,-80.69981662773294,-82.57055579610628,-83.73968403786903,-83.74882808389073,-82.44407105388386,-79.96091541992413,-76.68781550878049,-73.12539811791763,-69.73869466392894,-66.84447367509999,-64.56938920187595,-62.87368720980289,-61.62441209986177,-60.65947425599661,-59.83882706788957,-59.09116435836357,-58.40620768805339,-57.82414704000001,-57.412454202712965,-57.23842810901617,-57.34721511767885,-57.75368354508112,-58.446342981197766,-59.406850473972895,-60.59373798872131,-61.94815561690932,-63.37247027256118,-64.71342855566361,-65.77043453938913,-66.33285095283553,-66.24126376781783,-65.45068518494621,-64.07430979973417,-62.36965057714648,-60.70480886810324,-59.42962853477763,-58.79850964108885,-58.92535932884577,-59.787626281071525,-61.26303391124584,-63.18320068485852,-65.38120808598698,-67.7194411,-70.09529480837624,-72.42817780488764,-74.65102212481946,-76.70243719982344,-78.52693278381955,-80.07942101661492,-81.3238920537277,-82.22766044205967,-82.75940121488973,-82.90028979407447,-82.67299747163217,-82.15986348652733,-81.52679056480821,-80.96831964755565,-80.6476524753553,-80.6475951950323,-80.95067631717474,-81.45547668122073,-82.01607167679674,-82.48129886002367,-82.72013663933234,-82.63025105977708,-82.14030234359133,-81.25190123278814,-80.01670927,-78.54544257332816,-76.99183441380602,-75.53633219837465,-74.38211489740428,-73.76414042171896,-73.95147922254185,-75.19950751871332,-77.6874959791742,-81.27382692054447,-85.45167684034297,-89.39985606961909,-92.16408290526601,-92.9693590971869,-91.52212895522358,-88.17083589052712,-83.8469317820876,-79.80701614950164,-77.2980360014703,-77.22551741776908,-79.76188815372404,-84.49410428416205,-90.43713901712275,-96.24348754159456,-100.48802112710702,-102.02080384
15kg_10bpm,6BC,-88.37453192,-85.67992805492058,-82.82513741050687,-80.14741908989987,-77.88542907275233,-76.25008346401926,-75.27991691779627,-74.87561778266077,-74.93543875384022,-75.19520999896149,-75.46953129582666,-75.58597869106052,-75.51617072886454,-75.30732078707975,-75.11332809749537,-75.0886223222714,-75.36220756754447,-75.92490707796405,-76.64716680269781,-77.31229369074543,-77.69470237320529,-77.66326197112902,-77.15627113726133,-76.36750262989871,-75.49837341245403,-74.80154542,-74.39407105620255,-74.29926818542192,-74.35594947004519,-74.35991336567268,-74.06788843513631,-73.3822222561495,-72.29673993470217,-70.8842165500819,-69.35172606306068,-67.86208697921857,-66.5701891555645,-65.5303913951523,-64.77997636139112,-64.28230737934034,-63.98991405955557,-63.897921160354706,-63.97216799154668,-64.21407951146368,-64.64467957013488,-65.23411883214398,-65.96794480080408,-66.80022783496402,-67.66606799507512,-68.49651426452245,-69.21793392,-69.78199751752125,-70.11964996572198,-70.2434684048995,-70.17179707108873,-69.95087468236073,-69.68501559497943,-69.47055177894299,-69.4174848149989,-69.58175134077719,-70.01568355394808,-70.686936365779,-71.52195536167285,-72.42365250123936,-73.25679864578426,-73.91500415442455,-74.27949579822732,-74.34718911545265,-74.11853581486112,-73.6697481152991,-73.12112174427811,-72.58523944757192,-72.15616621150254,-71.85880507910846,-71.67809018612816,-71.51993667000002,-71.30869885035048,-70.99820698285566,-70.66033824061307,-70.4577824058042,-70.66834877840283,-71.50058433453859,-73.18388188543959,-75.65366528384772,-78.65444821287039,-81.76637997332448,-84.44191686442545,-86.25859284555223,-86.83614289775446,-86.3363237894833,-84.97369939577612,-83.26780481027141,-81.75153809293545,-80.94767233051158,-81.1663601924596,-82.47417427016795,-29.234312054318575,1.4060844962975241e-08,-1.7741740149628632e-17,-9.570601499203082e-27,0.0
15kg_10bpm,6CA,-83.23698722,-80.83089950096141,-79.54491607334901,-80.25421723335454,-83.27571002556643,-88.2036048070807,-94.02269003787802,-99.45972010487795,-103.41252069784713,-105.29475044374288,-105.08456841000002,-103.40409144822421,-100.9923549093593,-98.4810807263681,-96.23458372391403,-94.33799178287947,-92.69501551163779,-91.15395783441103,-89.5887786783114,-87.90442385116879,-86.01554646,-83.82217063240074,-81.23219447405287,-78.21421531521234,-74.84054003052555,-71.28995231035451,-67.80430897941818,-64.61715132376905,-61.91053456400052,-59.743086808610116,-58.09190206,-56.90568499709225,-56.144298128082966,-55.80288250017447,-55.90010770392517,-56.43715159336088,-57.346044769752034,-58.46816093637417,-59.55457617999904,-60.37074598576467,-60.77491655,-60.777465440861974,-60.54123932807073,-60.31592845495948,-60.330902522473984,-60.69315158711458,-61.35039512396241,-62.10435678408023,-62.7400513357228,-63.12525262471258,-63.25138850000002,-63.20976998902094,-63.1213638019889,-63.06325126097026,-63.03336232951996,-62.968791266296854,-62.80667729699354,-62.5548934904077,-62.30415349666348,-62.20399898098253,-62.4061946,-63.00473692249841,-63.998006366503,-65.28829168108243,-66.72345182126166,-68.15411869319895,-69.5053925924856,-70.78067609792816,-72.01584522798365,-73.20951427528276,-74.27556279000001,-75.05723962180609,-75.40828515469431,-75.29564205427789,-74.88507407709004,-74.51414110035593,-74.52276161352908,-75.09843919706,-76.16103180826022,-77.36233778027632,-78.21314923000001,-78.28770006455656,-77.41318304784048,-75.78083561980526,-73.94238593231272,-72.53113955522971,-72.05979412157734,-72.72568573529198,-74.3290083441007,-76.33960383016205,-78.09236161,-79.03883457880269,-78.93945603701222,-78.0458922494636,-76.8578884609521,-75.92303225167377,-75.5992192073766,-75.92312308941904,-76.62396007619667,-77.25267672736452,-77.35029583
15kg_10bpm,7AB,-84.80100622,-81.704272645271,-78.58692069649568,-76.10550571251424,-74.71664519986271,-74.64641634046914,-75.874710286387,-78.11378517057284,-80.84583463638599,-83.42506991872594,-85.23442421413621,-85.84953819523771,-85.13833021657916,-83.25059750858827,-80.50740325215615,-77.25308970764715,-73.74759553393235,-70.13905304690033,-66.50518573023619,-62.92054053030078,-59.502683683184145,-56.40742549622993,-53.79708844498416,-51.80201556984074,-50.48672589341225,-49.845522074087576,-49.82596284332322,-50.368396477377445,-51.441166166456725,-53.04561411191489,-55.178874759302076,-57.770050788700814,-60.62891791818775,-63.4462715756686,-65.86364090465577,-67.58227863422736,-68.45308253989124,-68.53762911123576,-68.06795988061879,-67.33410380639619,-66.60455229578903,-66.0762061818508,-65.86219777360341,-66.00548149397765,-66.49444362849353,-67.27336750628274,-68.25355546061495,-69.33277965410788,-70.42173098269672,-71.4660207347492,-72.45258585630734,-73.39924029563602,-74.33579650923451,-75.28857553280075,-76.26912967566312,-77.26523105232597,-78.23498910102298,-79.10506278891327,-79.78356878442607,-80.18930482526599,-80.2875886104646,-80.11718480259903,-79.79339194087738,-79.48318594406626,-79.35994307771095,-79.55212819348456,-80.10155690785923,-80.94167671375496,-81.9034577384691,-82.75101190735211,-83.2305957804882,-83.14375170893209,-82.40944550522836,-81.06532127721059,-79.25045302590411,-77.16846079272537,-75.0451180800689,-73.10665896650633,-71.58021292105352,-70.70408316939789,-70.72609272777495,-71.8678525274435,-74.24780929555492,-77.78192721870076,-82.10213640598955,-86.55234896401257,-90.29654262409203,-92.50424385741684,-92.65462730069356,-90.7714162936069,-87.41831603976561,-83.58147140373381,-80.3923406060364,-78.78195729215905,-79.20657598123505,-81.523627635736,-85.05364299452603,-88.79704839567269,-91.73507739613382,-93.13210911448084,0.0
15kg_10bpm,7BC,-55.67165149,-90.22947670466272,-87.04235720213411,-83.89249155366164,-81.31129971024532,-79.56357451872253,-78.76955285564767,-78.67750476283865,-78.97016543721851,-79.31182648878091,-79.37815046120674,-79.008293563616,-78.14172878806052,-76.8215628742232,-75.24815435636617,-73.59871731430245,-72.07963903765156,-70.83333153840884,-69.9451674302334,-69.49432188360868,-69.48726407,-69.8998743952447,-70.71720339831148,-71.87286887038653,-73.22606797555585,-74.62461331880961,-75.84821088221483,-76.72572302980261,-77.14066643299219,-77.00121401570026,-76.40594008067994,-75.48643453874081,-74.38904497269769,-73.26999256441876,-72.21521522407478,-71.25390949226653,-70.36708566250968,-69.50428135342477,-68.63037867936266,-67.7275535191889,-66.8168859,-65.93791674351068,-65.15489353344893,-64.52967914139884,-64.1052136514051,-63.92165216279687,-63.98460838214893,-64.2488959631492,-64.66597799175287,-65.17611829123533,-65.71629314575766,-66.260117394444,-66.80474825633632,-67.36507095194601,-67.95100649879281,-68.55564330553719,-69.14121460716446,-69.66088697995379,-70.07042453052921,-70.35014791293094,-70.53979857,-70.69773709523632,-70.90770047816356,-71.21915080164995,-71.63517221667828,-72.10681433486873,-72.52363891278199,-72.78380014461845,-72.80107936840119,-72.56872975410558,-72.18270363814567,-71.78240087398855,-71.5654708238375,-71.64703051279268,-72.05695761690257,-72.72572471224848,-73.41415043926419,-73.89820761847237,-73.97028492414837,-73.6164960793661,-73.03568564,-72.57769529901807,-72.74251008007172,-73.84488404084937,-76.01690148891765,-79.15259803742256,-82.63684560206077,-85.86243732468066,-88.1048411590563,-89.01581100811947,-88.61435098259717,-87.17709071087293,-85.36259203532586,-83.83031100892386,-83.11264155505172,-83.61479026905592,-85.2665427485933,-87.06274086018415,-3.706332621247911e-05,3.846883521867502e-15,0.0
15kg_10bpm,7CA,-81.44385886,-79.16317689545865,-78.37996927947309,-79.8410624324484,-83.52226779300779,-88.62902020831956,-93.90067672769675,-98.1960323308545,-100.89656875347409,-101.93295625346445,-101.63018273427734,-100.5158809426199,-99.06104622698629,-97.5074106118123,-95.88581587256286,-94.07454642969914,-91.92093115488545,-89.33247075590191,-86.30423693143962,-82.9268798419634,-79.3829292625457,-75.93968598898475,-72.84831835785724,-70.25690258882412,-68.12551167561513,-66.21335357146334,-64.17835361995819,-61.806167599529076,-59.130726872428355,-56.458019469622535,-54.2681435728582,-52.94372639036934,-52.65706246402582,-53.337943142811284,-54.75537791733347,-56.58544067907207,-58.51995341990826,-60.30625914180467,-61.74886735826593,-62.72382987553333,-63.27296524850831,-63.57113580369891,-63.86172864591954,-64.34528198814147,-65.07380796474729,-65.87358233271634,-66.46982304109876,-66.63261624364841,-66.32021132393513,-65.73794640036924,-65.26753105018128,-65.23549438534462,-65.7730759529492,-66.75344825880644,-67.83403096330566,-68.6439509751293,-68.95577794299949,-68.74546235373457,-68.16100512776865,-67.45792305517712,-66.87559294710333,-66.60029218038828,-66.76628522334886,-67.47419393260057,-68.69954832665553,-70.31342978212514,-72.07605610023144,-73.69278278263795,-74.9034475908048,-75.65985204066214,-76.09294601061016,-76.42327288781895,-76.79903866338613,-77.16859898571508,-77.31710656871144,-77.05936179761434,-76.41036382931097,-75.61374376332459,-74.98650618899192,-74.64828282066064,-74.44808905043858,-74.09553373868772,-73.40720104919366,-72.5571317405226,-72.01974733445886,-72.31281860199026,-73.67888656049986,-75.87907966155363,-78.12038791962111,-79.52642098817374,-79.52552883468861,-78.1635738054567,-76.14856630129336,-74.55406802970303,-74.15920780539282,-75.10549483165597,-76.79160950770252,-78.06163410548989,-77.80631471830601,-75.39501779040833,-70.87306814
15kg_10bpm,8AB,-84.803937,-83.20688957731775,-80.92312139646916,-78.68923016743962,-77.10927231422234,-76.5410389133996,-77.03125493652196,-78.33089303028275,-79.97839717169563,-81.43035878961197,-82.2188533465432,-82.05688576282604,-81.01447844261233,-79.37112035319569,-77.47503241970884,-75.56340311909503,-73.6473265368345,-71.5232697974468,-68.90525916349148,-65.61475971859227,-61.70700227480485,-57.568182332232475,-53.746790820437326,-50.797124452250856,-49.12605531723793,-48.891640371712796,-49.97840977630402,-52.04570068532968,-54.620799196153904,-57.21334540130068,-59.41992962710348,-61.04065357830397,-62.0636875264186,-62.63815346901631,-62.99843323537668,-63.374575939999836,-63.915280543006425,-64.64921803640748,-65.49815504187225,-66.32117320024774,-66.99993281631923,-67.4837091500889,-67.79922262494121,-68.02438332160311,-68.2433749152247,-68.50579307532034,-68.81095607393635,-69.12391345388427,-69.41204997043678,-69.68553307887602,-70.0027398389823,-70.45133069029167,-71.11505325855643,-72.04352084146893,-73.23686522228252,-74.64606141712007,-76.17994113833907,-77.70813078795832,-79.07701353070546,-80.14097501353176,-80.80486343421373,-81.07191894560567,-81.0674292654438,-81.01022504765032,-81.13200545970334,-81.5736231916236,-82.31993948011016,-83.1677430836624,-83.8503635397881,-84.14214937559508,-83.94014473777685,-83.28236104196725,-82.30127689029398,-81.14371935516277,-79.90130638811011,-78.57754069543695,-77.1187714390561,-75.48993150630287,-73.75515338002191,-72.13852344982311,-71.02781457728156,-70.90257341591753,-72.19081763839849,-75.0765478574339,-79.37333581766343,-84.35474513276623,-88.95463836547862,-92.07315302909309,-92.91229439928911,-91.28325662444716,-87.73650523740223,-83.43304698937905,-79.78152320176538,-78.01189697974822,-78.76635759424599,-81.7942772611218,-86.31009611875231,-91.17970638653186,-95.22213154088035,-97.4475687139491,-97.24727472
15kg_10bpm,8BC,-84.30704299,-90.46846694901544,-86.44255974913307,-82.16482781860346,-78.34217650566914,-75.41498343863272,-73.75122685492816,-73.29795476493082,-73.79461837630652,-74.94921102988674,-76.26619472831084,-77.43625568891392,-78.19843849311015,-78.56581949478806,-78.60891269068989,-78.47585917643877,-78.30065750613913,-78.1232817404787,-77.89621309573481,-77.53887106118506,-76.96358679510732,-76.18166167907106,-75.28939635573555,-74.4608059652286,-73.879187908739,-73.65396014027357,-73.84545398956375,-74.27877802930162,-74.7577304274569,-74.9970214566869,-74.8164534219355,-74.08499032255024,-72.82844688509941,-71.21561464073602,-69.42943616851605,-67.70170793397952,-66.17408899769372,-64.96681246999488,-64.05100253994695,-63.378070057225614,-62.89750690997826,-62.52953137792165,-62.257442589897735,-62.09931260912554,-62.0731929948846,-62.21243966879214,-62.519720179222084,-62.95543510693942,-63.47620277116681,-64.01817250513169,-64.54581923430497,-65.05184044347469,-65.57283262267069,-66.1598048106128,-66.89287525889489,-67.7968082115237,-68.88656727929876,-70.14197167815698,-71.4870962846355,-72.84631578083142,-74.11760135281051,-75.21995218926902,-76.05066727782386,-76.54826197161677,-76.6946254083344,-76.44418151855473,-75.88378824016546,-75.09698395174183,-74.19501328867777,-73.32344615790929,-72.58670981326367,-72.073263359885,-71.7735058052395,-71.66041394042176,-71.64747061821919,-71.6409210232172,-71.56427527994396,-71.39194112597409,-71.164304766723,-70.99628428723017,-71.06007564719,-71.5257763598991,-72.64608901051211,-74.42407915116038,-76.834768820233,-79.67747221775593,-82.55590268330869,-85.04633808708432,-86.71236281084212,-87.4091756944291,-87.11306338986014,-86.27118418985809,-85.49299868299953,-85.61782958172967,-87.21964409246488,-90.54639260918175,-95.64289952159538,-101.62093126594841,-9.010821179644145,-2.0262870777973312e-09,0.0
15kg_10bpm,8CA,-34.68885611,-83.93309497697592,-82.0516305580191,-81.96250228644745,-84.04480309,-87.99171484309198,-92.90113620999401,-97.59442346125962,-101.02304634,-102.59316625825817,-102.28573240962935,-100.54910319341197,-98.04799773000002,-95.40395694684314,-93.03739984004493,-91.14143891494491,-89.74246304000003,-88.7727657232656,-88.10416909822075,-87.54730749247311,-86.85737727000001,-85.78071337850628,-84.13381518531688,-81.87040477851306,-79.08756341000003,-75.95791293127465,-72.6272627260572,-69.14708106124118,-65.49331649,-61.665086498855516,-57.79869217457422,-54.21556755591389,-51.36032041,-49.65219275909294,-49.32534716668357,-50.33816806232209,-52.389607850000004,-55.022440255686675,-57.7564793596763,-60.19725340162322,-62.09556990000001,-63.36274700128048,-64.05533121517726,-64.33519664552695,-64.40501152000002,-64.42832490063797,-64.46231853476864,-64.43974990978099,-64.21961813000001,-63.6882585839807,-62.85761148740475,-61.90092978622009,-61.09723068,-60.70655048542967,-60.83969321715622,-61.39275655084711,-62.08830596000001,-62.608760337742034,-62.756015441080834,-62.55419049965217,-62.246702490000004,-62.195687474470034,-62.73601854049273,-64.04720449258025,-66.08839659000002,-68.60719555757876,-71.20416491845897,-73.43028853539222,-74.9043719,-75.43780763550541,-75.13217428768282,-74.39290615495797,-73.81367140000002,-73.94448806280025,-75.0333979881018,-76.87386960398463,-78.85761450000001,-80.23062662463074,-80.43333855074223,-79.34795019084903,-77.32298298000002,-74.97611741263955,-72.90690656342267,-71.48999121627818,-70.84228699,-70.92853372403745,-71.68695023566838,-73.07123829539827,-74.98985467,-77.20876356999342,-79.31491566600475,-80.80044646294364,-81.24824037,-80.52844949838683,-78.89674379874494,-76.93256447919923,-75.33137964,-74.63806510998148,-75.02713365987573,-76.20661659677417,-77.46551466
15kg_10bpm,9BC,-91.80595132,-87.86754168295386,-83.4971287437857,-79.44300633368721,-76.35400717358588,-74.58787020274448,-74.04581019740318,-74.5087989359183,-75.44612868978668,-76.39517292174236,-76.98254278068228,-77.06150890874524,-76.69282517021762,-76.0249061733884,-75.33077530668825,-74.79590094443778,-74.57438006318445,-74.63765370810574,-74.90142291480278,-75.23159244789926,-75.48441554755658,-75.58848977035107,-75.51948974216378,-75.36232125381521,-75.20006029589793,-75.11876192000001,-75.12439668642874,-75.16822774953978,-75.12860371147048,-74.8921368515607,-74.3598844684368,-73.4874052139427,-72.3398990286424,-70.9927033254944,-69.57470018706655,-68.2035665908107,-66.98587713209795,-66.00617523225507,-65.30263967499396,-64.93289883380989,-64.89872078769004,-65.16708753711467,-65.71228511875184,-66.42770601326293,-67.20629443997086,-67.92454219336238,-68.48039275195929,-68.82214582542656,-68.90995815385992,-68.81787387383957,-68.62421692000001,-68.43790573511833,-68.35854661844148,-68.44848081761532,-68.75770007473429,-69.23938573567247,-69.84478104027436,-70.49307886199264,-71.09768771556043,-71.59172401570594,-71.91879952828339,-72.07817354902403,-72.06874579735667,-71.91200919306283,-71.64947657089222,-71.30890000945506,-70.92814987190624,-70.5439408654294,-70.19495728969731,-69.92457809365939,-69.76481964661284,-69.75836556741139,-69.91962599361877,-70.24153439109158,-70.72415709281371,-71.33375029000001,-72.05062650249064,-72.89022162640113,-73.87441799361228,-75.04671831115353,-76.4905721830196,-78.18810424393499,-80.08062140603744,-82.00157047520504,-83.68368665151606,-84.86015818700244,-85.19021611901702,-84.66535245639483,-83.34329353962275,-81.4957120988841,-79.61777260669601,-78.18358632050445,-77.71882544451933,-78.43532368155009,-80.50152088078802,-83.82000745946607,-87.97335663595905,-92.48117316194855,-96.6055517124319,-85.12602182632298,0.0
15kg_10bpm,9CA,-58.15031362,-79.58976453299803,-77.28233618920389,-76.79743940476767,-78.56191910921096,-82.5418002864887,-88.18095945027014,-94.52234767595228,-100.44770073732211,-104.95729600378085,-107.41747248498675,-107.70766828111847,-106.21391061724525,-103.66125243032766,-100.8437926132669,-98.35925684662585,-96.45094662153427,-95.00434489220011,-93.67372882770412,-92.06498027738189,-89.89321405344313,-87.06108916397771,-83.64657732533364,-79.82762906340592,-75.79170585265732,-71.67494316000001,-67.55277828706183,-63.47510433539176,-59.51989818917839,-55.83564046460835,-52.64972765733535,-50.23138873335519,-48.81358148421059,-48.49981818078167,-49.19982475605575,-50.63506321249575,-52.42367505320892,-54.21074632865499,-55.7808026583315,-57.095634139761756,-58.24206564786985,-59.32766868206182,-60.3922391234001,-61.38754591086694,-62.22825018157339,-62.86848252571571,-63.34536803682737,-63.7603043628914,-64.21659661039884,-64.76135912778007,-65.37064414,-65.98126118945133,-66.5404791369153,-67.03713919195903,-67.4950953707891,-67.93789054890044,-68.35315898540638,-68.68311282110162,-68.84677302775464,-68.77858691316379,-68.46203960751649,-67.94447790706262,-67.32975043534573,-66.75291630473559,-66.34708367963985,-66.21470301897887,-66.4107446832721,-66.93674097680703,-67.74202745571007,-68.73391932212562,-69.80257172019607,-70.85909366516347,-71.87012392793297,-72.86368083966356,-73.89229195672858,-74.96685485,-75.99998607952202,-76.80103397660149,-77.14030306784797,-76.85985984028198,-75.97647873373994,-74.72009948573927,-73.48229762654672,-72.69490338442327,-72.6909698094887,-73.60161566232844,-75.31701279424425,-77.50941563873374,-79.70228112248923,-81.37474037203688,-82.0953414965333,-81.66280774849704,-80.20097916458904,-78.14433204863148,-76.08929445196598,-74.56453000230884,-73.83559709884466,-73.84898141339455,-74.33369074026417,-74.97737701754828,-75.55654045
15kg_16bpm,10AB,-83.21626021,-80.58782157392089,-77.47943428082272,-74.63592351378134,-72.7362268328661,-72.04488542960057,-72.72075645468223,-74.39145171715616,-76.5876061303291,-78.65136449455564,-80.05801277445283,-80.39302314425058,-79.62177687350913,-77.7916315169031,-75.28901964255209,-72.4049083460681,-69.4750555293023,-66.6984153837565,-64.09648795005393,-61.64718673948952,-59.2365644465604,-56.793646458809874,-54.31037534521419,-51.85314609389298,-49.560212317335306,-47.596314891162,-46.13706626540202,-45.28397080502922,-45.15229795197429,-45.69611837735121,-46.95137140136838,-48.74594127482678,-51.04069090182278,-53.604273272327724,-56.29451623900653,-58.908526418651874,-61.24399570254976,-63.19093651544896,-64.62236319243607,-65.56169002814428,-66.04881099127483,-66.22768294394645,-66.25691540046918,-66.3138793198947,-66.53036908275864,-67.0251245060933,-67.80841175661135,-68.91871694406578,-70.27240604894472,-71.86410114519867,-73.60031718650201,-75.45498660745821,-77.3581954599661,-79.25421823529146,-81.07175758392285,-82.72463830305549,-84.14038944296152,-85.25409103364055,-86.0343439263778,-86.49971442673863,-86.68422377482699,-86.67507060102405,-86.53750904417883,-86.3486970906826,-86.14882095115487,-85.95431376944313,-85.75417983955346,-85.52203383719171,-85.20927418923186,-84.78287082781976,-84.18619441496506,-83.3932346773914,-82.36485137140987,-81.09387983863422,-79.58849264223551,-77.88430245726825,-76.05963101154497,-74.2311755220951,-72.54309959892561,-71.24115349351476,-70.47064355815324,-70.60557319386629,-71.64673681573656,-73.87499964182486,-77.02885634350747,-80.97778205464815,-85.21869522013162,-89.26237789207673,-92.61854220816315,-94.9416232151724,-96.15220724411557,-96.45949149711895,-96.26312763004384,-96.04369190072767,-56.391145482652476,-5.694815340497211e-06,7.31643259069134e-15,3.9429153596289165e-24,-2.8607053539463936e-32,4.692133134637301e-41,0.0
15kg_16bpm,10BC,-87.3182087,-85.76141989975389,-83.91517253623807,-81.90656192508473,-79.90078172991242,-78.02814221000001,-76.40698511427426,-75.16926381172358,-74.31103264062564,-73.84259604416192,-73.74904777,-74.0438747917385,-74.61703221134006,-75.40763866556861,-76.34600527975148,-77.35225924,-78.31873798614288,-79.15594889526358,-79.78391114961265,-80.104435353046,-80.10466582,-79.81695262926017,-79.30099646628763,-78.65082987273797,-78.00893685608493,-77.50276147000001,-77.22877292447585,-77.25817971928697,-77.60703411960472,-78.17479398894339,-78.85211254000001,-79.4958495674202,-79.91136070042901,-79.98407497636362,-79.62272134194231,-78.78309105000001,-77.4052555993339,-75.63566259343396,-73.57540761016108,-71.3427605146605,-69.0671255,-66.87709447073236,-64.85602255096576,-63.05997396332153,-61.550865760341296,-60.31817521000001,-59.336749852717574,-58.58535967644964,-58.054016673870784,-57.71567209028187,-57.53684200000001,-57.50469924134693,-57.61668561373832,-57.87352594335234,-58.25228099587883,-58.74289356,-59.33139648555148,-60.00037986862275,-60.70595954347636,-61.413669858251566,-62.08664515,-62.673749714757705,-63.15615894994405,-63.519373046835284,-63.76313256593096,-63.88893122,-63.943313960242214,-63.96650619467856,-63.998134261000025,-64.08256935583736,-64.24752193,-64.50646531150151,-64.86994804753083,-65.36087969736145,-66.00940598741815,-66.85463911,-67.96991567949155,-69.47403195783508,-71.5250741671423,-74.17327243573905,-77.48074430000001,-81.4632612021837,-86.09687387347886,-91.10266281894569,-96.23568864661482,-101.20480749000001,-105.59302848531493,-56.78348995245887,-7.473557357790801e-05,-1.008749240426144e-11,0.0,6.394990553033815e-26,3.4215701912749534e-33,-2.586898713912996e-40,-3.491686740048632e-47,2.173362978918411e-70,2.2135633735229878e-61,1.1843430248307713e-68,-8.954296643041887e-76,-1.2086131817538818e-82,0.0
15kg_16bpm,10CA,0.0,9.662656308361896e-40,-3.311486304014457e-30,-8.288843930447398e-22,3.8493230910553624e-11,-0.12277539497984623,-85.76748034993818,-83.4019259678379,-83.64468916750724,-86.37705418746447,-90.96504362226511,-96.70855104847745,-102.56775641224864,-107.67935390220529,-111.26272792713219,-112.86802938409673,-112.54103950037147,-110.40813920219466,-107.02403432060377,-103.03090290732115,-98.96907560861511,-95.28309405958743,-92.12253944495606,-89.4985725349767,-87.22178241981874,-85.06898496882422,-82.86271761925468,-80.49784364993698,-77.9767763022522,-75.3455411804886,-72.69806062366612,-70.11421558231599,-67.66813917542082,-65.4125322673705,-63.373668416040225,-61.602755100387185,-60.139272678399344,-59.012849728958145,-58.30265100075703,-58.05581668592184,-58.26872456473692,-58.93788285858208,-59.92237142979078,-61.001275774618335,-61.883353843088095,-62.23566270466519,-61.848513652704575,-60.54151592657598,-58.40230096158522,-55.708981801428514,-52.82266317,-50.23241663987642,-48.30261725457322,-47.3757708057807,-47.54505115520124,-48.68876687552529,-50.65745145580141,-53.10159470464683,-55.69254501389633,-58.13429031627797,-60.192311481078065,-61.77002556751694,-62.804422013975824,-63.383610039328296,-63.656763333501786,-63.77982921548068,-63.93974843590845,-64.25188572745103,-64.78581942949644,-65.49944299410406,-66.283711508381,-66.99195074304808,-67.4882791040976,-67.73762402333769,-67.79682087230269,-67.89845476321821,-68.315749706764,-69.3715812636781,-71.2008393431232,-73.68377333274539,-76.50507758848565,-79.0530488844606,-80.78606339765155,-81.17582473827792,-80.1773872162844,-78.15886255619911,-75.74844968714527,-73.8597291630999,-73.1324779268233,-74.04931370276574,-76.39754923691567,-79.58007211093759,-82.7928480442832,-85.1553362529293,-86.17093991481988,-19.611324791980138,7.121791531179184e-09,-1.5335532276896883e-19,-6.126717492314905e-28,1.787727926125188e-37,0.0
15kg_16bpm,1AB,-79.81419549,-76.94795599090277,-74.31869294865317,-72.53085202375921,-71.9695650293362,-72.75163586051957,-74.43895487057333,-76.55208318936856,-78.51822314442529,-79.87925365121644,-80.46849877854865,-80.31471648409223,-79.66376695711378,-78.90413601383702,-78.31570815174229,-78.08726373387607,-78.140622638575,-78.23127978146023,-78.00196085696409,-77.01152476297042,-75.03706129462276,-71.99447655617261,-67.92879181955175,-63.27729805083074,-58.50852271734719,-54.1389133,-50.68164277048309,-48.35351674709234,-47.20960630819857,-47.19605184719146,-47.893878024262776,-48.95298121761621,-50.07043714464603,-51.05405983744144,-51.91071707446628,-52.75970565213095,-53.81476345310542,-55.21426027079187,-56.98372261022929,-59.02794584846102,-61.08998850822244,-62.890338953266316,-64.20837442271517,-64.86592356211364,-64.98766840187221,-64.7728854777521,-64.51452631738036,-64.54746607834149,-65.07471762923541,-66.18405232683669,-67.86976046,-69.90309282136761,-72.08962344757188,-74.24576151619745,-76.261440199945,-78.13890530196426,-79.93488049578461,-81.73026690374986,-83.55322721363822,-85.34825207199893,-86.95979130537599,-88.17904804490519,-88.8515884200886,-88.88236605095202,-88.26185350951293,-87.20756638070209,-85.92382129905828,-84.63292951485705,-83.51082259623955,-82.62502166714197,-81.9824789710753,-81.53954737165314,-81.20113561504296,-80.89224195530105,-80.53499751181963,-80.07187955000002,-79.47729726737582,-78.74491753347803,-77.88898719685655,-76.94066826862243,-75.9078888651833,-74.78014949230537,-73.5854665062115,-72.42397896575594,-71.52393468071698,-71.31407684581285,-72.20085496123235,-74.54447466229861,-78.68885423805816,-84.32557333391952,-90.92966745221915,-97.73503396941334,-103.72793144509147,-108.14313273735428,-110.46943238030725,-28.62098470966027,8.374408736713464e-09,-1.2550243522140477e-18,1.5690082118731373e-28,-1.3782377239734334e-38,0.0
15kg_16bpm,1BC,-87.21825755,-85.91008384220544,-83.953006978552,-81.58004747680842,-78.99762491842174,-76.52481923727152,-74.43952482724751,-72.9752064809511,-72.4022584100617,-72.62002693758326,-73.58343240905171,-75.180789049352,-77.06041226543877,-78.95685711711711,-80.5340816806181,-81.59868550080436,-81.98099688557537,-81.55326219292701,-80.49932278766342,-78.95561210188207,-77.15339432023032,-75.39144734752469,-73.90538412477596,-72.91484203456673,-72.43135419609943,-72.45837623,-72.90725487988635,-73.56205402953141,-74.25439260902321,-74.80337904799634,-75.11104141701466,-75.1029916223251,-74.7591384234696,-74.15663408092742,-73.3417565173166,-72.38293390772813,-71.35593454976802,-70.30081256490148,-69.24693066311244,-68.20804791168439,-67.1936477779046,-66.21478770946362,-65.28299729696424,-64.42690147412299,-63.67959937572792,-63.058246093724044,-62.59687505876272,-62.307240539024754,-62.16727930040765,-62.16907447293508,-62.279761660000005,-62.457328277735044,-62.678251555612235,-62.92253913286745,-63.182557261755406,-63.46583113850705,-63.78455287979804,-64.1467561976484,-64.56295385387764,-65.02820138955047,-65.52662436501448,-66.04253610851042,-66.55699122449592,-67.06036889944575,-67.55378928075362,-68.0541723964161,-68.58550012617788,-69.18345479222818,-69.86854551184517,-70.63876451224563,-71.47884848953575,-72.32740267651242,-73.10734570012391,-73.7009100318671,-74.02154310908685,-74.02722543000002,-73.6677762433408,-73.04231380416437,-72.30503367282604,-71.69022422156691,-71.45960530493537,-71.82242777155352,-73.08030651959567,-75.2256015345517,-78.14925099336439,-81.72506954319448,-85.54511914776612,-89.25675327496918,-92.44077271219393,-94.90844501948796,-96.61542676425483,-97.53984505639978,-98.02506700907611,-98.3746873354859,-98.93696882762663,-37.97517408894115,-5.186216249757324e-06,3.146157642392733e-14,2.0635163619829315e-21,-5.786201835297813e-29,0.0
15kg_16bpm,1CA,-55.95197919,-77.23974998571501,-76.53001805380943,-78.05578512416511,-81.69822539188692,-87.16650519668102,-93.73689963271876,-100.66308695632591,-107.1735491038777,-112.38475278816519,-116.07566585048183,-117.65308847836609,-117.49963498853432,-115.61457054973926,-112.61084355256558,-108.88376201294594,-104.96415634055,-101.21255856045453,-97.87203307908864,-94.99446074136247,-92.51653258062834,-90.24580417415058,-87.97503279377756,-85.54762659222108,-82.83261547498824,-79.89194511219586,-76.79326031275953,-73.70939686570979,-70.79933279615994,-68.1429357565684,-65.78858737826752,-63.67106006807677,-61.7143345937074,-59.829988913250176,-57.98315617717775,-56.21682252809853,-54.62522038721376,-53.392695849443314,-52.60112180782871,-52.4178344639995,-52.712051326586796,-53.42195975228151,-54.24286560085783,-54.888184664412016,-55.116153645130325,-54.71383435489435,-53.688322616627936,-52.12646358644516,-50.28077850506039,-48.43363708820089,-46.896520249077376,-45.85841711755564,-45.514546032506765,-45.808785140616074,-46.7896783532448,-48.23648092821854,-50.095079532133056,-52.158458865008335,-54.329154885262525,-56.488382266338135,-58.55153957967004,-60.46383630425687,-62.18219078384285,-63.6938448253305,-65.00391926210946,-66.11899578959206,-67.0631807012022,-67.82082252333424,-68.4007871977529,-68.74779100672615,-68.89436857617062,-68.83885465698177,-68.71732652754662,-68.71393205332326,-69.04553609980486,-69.98449692347656,-71.64367421929099,-74.06153634030858,-77.02236940801177,-80.17124824663955,-83.00277983015563,-85.10830438463616,-86.07799811561203,-85.97288942866528,-84.84683885134879,-83.2408644731349,-81.6227268008898,-80.41322475977275,-79.9617930945635,-80.1857554408763,-80.95071084266208,-81.8653931639367,-82.56986923993557,-82.75049359839231,-82.24032269221219,-80.9742018602735,-79.05300797778504,-76.54865455897323,-73.63910908367214,-70.38817526050705,-66.94653507
15kg_16bpm,2AB,-35.17575083,-85.29363055431925,-82.24140479273547,-79.37658682442608,-77.23116522301535,-76.09327804184746,-76.10526975106616,-77.17314340662001,-78.92806374736742,-80.97230021008465,-82.81605353000002,-84.01051081006881,-84.33610359473168,-83.65277689509148,-81.96974383545546,-79.47038030003401,-76.20936651903529,-72.44597102019384,-68.24586827121229,-63.7864086031645,-59.19956261000001,-54.69070603302819,-50.460748292152836,-46.831315481969646,-43.920910795148,-42.011885286544484,-41.062712359427614,-41.097545762402504,-42.002845968461955,-43.582877732032586,-45.72550356000001,-48.19020605028484,-50.86014522239804,-53.569900218633066,-56.204997997488555,-58.65502114295677,-60.856751487074206,-62.71890675257127,-64.26597181246662,-65.45049146440894,-66.35295490000001,-67.0089440186609,-67.49943192977719,-67.90134110341313,-68.28025626240787,-68.68194506145193,-69.13345294743729,-69.62529655786032,-70.14483945294901,-70.67716840379751,-71.22557424000001,-71.82527515799957,-72.51536531832681,-73.37249324099722,-74.40550805541884,-75.62072586017351,-76.94908072001846,-78.2920108963618,-79.51270836138647,-80.52328414754658,-81.19703187000002,-81.56000187334561,-81.61406047212824,-81.45238562573944,-81.17526996872354,-80.89035627606881,-80.67622495665138,-80.61106233501658,-80.69848576872171,-80.95840139405178,-81.37323593,-81.9225962468953,-82.57646646284512,-83.26729809240283,-83.88323681602783,-84.29464038338034,-84.31495035727286,-83.81922680942321,-82.7608601101773,-81.20580372258402,-79.43404421000001,-77.86883499655076,-76.93641392210733,-77.13796619464387,-78.6695255629292,-81.51832144697157,-85.41048158198019,-89.76877377512068,-93.9821183682405,-97.59002314568698,-100.25355435000002,-102.05266936716923,-16.69845282831413,4.23531538889781e-09,-8.870406437210409e-18,-1.497260934454617e-26,-9.109490505090341e-36,5.3964105214146365e-45,1.6701156017834676e-53,1.43588020172914e-62,0.0
15kg_16bpm,2BC,0.0,-88.11909263573926,-86.1947741068104,-84.26649760136851,-82.52965687649801,-81.18103679902201,-80.28500086450228,-79.85893089173422,-79.90698873621554,-80.24196320335415,-80.69398654124961,-81.08976709592793,-81.2337892745823,-81.05055394998381,-80.50473236419191,-79.59436509903156,-78.43481223206528,-77.16718092754003,-75.91438567518388,-74.81531091723161,-73.9159377739627,-73.23007883239826,-72.74472999966986,-72.4053779777607,-72.1409945653974,-71.91288165169713,-71.70930830443874,-71.54106739558974,-71.43445755321456,-71.41884337318926,-71.51348413175296,-71.67982741592967,-71.86691822401414,-71.98826154474897,-71.9535435766847,-71.70345086441566,-71.19999207228997,-70.4002897388131,-69.39304806762763,-68.24369589160023,-67.03247802136067,-65.85252980142377,-64.76888280194476,-63.82058493612663,-63.051069298595685,-62.434108713330666,-61.94710230121219,-61.57008768604911,-61.2869013807504,-61.0703291489065,-60.91712055000001,-60.84177970757871,-60.85597718395992,-60.97115445832351,-61.20215873012074,-61.579992994268444,-62.08168241609847,-62.69744846582735,-63.41447116117546,-64.20459081325006,-65.03296854621873,-65.87627012838652,-66.71485524714235,-67.5396306956555,-68.35057119015214,-69.15171455273664,-69.94723332576767,-70.73526435251573,-71.50210754119244,-72.21019978718229,-72.81222702332741,-73.26054733132644,-73.50435953045222,-73.465315457657,-73.18560358998256,-72.70820004994404,-72.12737541478512,-71.617791424094,-71.36802262558204,-71.56242227109242,-72.49514484041897,-74.19658518251894,-76.66938199154967,-79.86143194469769,-83.60931856107165,-87.56802049177323,-91.4630219105736,-94.96923417709887,-97.88580580010779,-100.15010372959479,-101.76829571918947,-72.14734777565795,-0.000576447342208364,3.9270900056236546e-11,-1.5988542093877364e-18,2.9374775315509375e-26,1.8123494539803275e-33,-2.053260800010331e-40,1.0852915506234134e-47,-3.4330191637968e-55,0.0
15kg_16bpm,2CA,-81.23621853,-77.3051179576395,-75.72610844525401,-76.42943786708962,-79.563244070994,-84.44998026618426,-90.59106096576191,-97.08377840096168,-103.1593310175374,-108.19565485002826,-111.655819964482,-113.47724153654914,-113.61509488258896,-112.46913332632502,-110.37173737935773,-107.83549800360126,-105.23665509927723,-102.87534511555012,-100.90839266501106,-99.32788237305931,-98.03934843771383,-96.84539901444681,-95.54086637706814,-93.92449614076486,-91.85109666123842,-89.25160027461749,-86.13893121227323,-82.60906883362097,-78.81012478022473,-74.92413104408249,-71.11340750936716,-67.51637134574904,-64.19683009844925,-61.18342899413944,-58.44493779111833,-55.96412185272768,-53.72392711193492,-51.7822754349849,-50.20399569908647,-49.13128509897484,-48.61437900365334,-48.7153285051641,-49.30664017876318,-50.21274324873649,-51.14363491483449,-51.77340339335702,-51.904734577108854,-51.36226194939861,-50.265612766453856,-48.781891956474865,-47.245119,-46.01736957512085,-45.30902478569133,-45.36063275871968,-46.0712817942511,-47.41389404879257,-49.11068957358805,-50.976973154435214,-52.807859036294175,-54.44737602074862,-55.87189797546343,-57.03596613992406,-58.020702298921385,-58.83689153913763,-59.545981448208366,-60.130206801669424,-60.60597368761083,-60.942455406249515,-61.19275925714723,-61.43824954095284,-61.823002035660984,-62.62562607852696,-63.9842474369675,-66.24737246468605,-69.33506179554828,-73.33730186035375,-77.83526727461654,-82.41461856937322,-86.50748473733697,-89.38463726998785,-90.800273826572,-90.31630235883281,-88.35193809221487,-85.20077940841736,-81.69770855811744,-78.5720069799142,-76.35479890742276,-75.45334770915208,-75.67445904637674,-76.79360934015163,-78.2670336790743,-79.7081633670694,-80.89201438435417,-81.80228139421713,-82.63314624502574,-83.59129134388684,-84.76309846534383,-86.03563953287966,-87.04640647656691,-26.71441828775068,0.0
15kg_16bpm,3AB,-84.56562762,-82.70693737020609,-80.61237061919337,-78.88388117930346,-77.91592961092257,-78.05051970030375,-79.1320083595609,-81.05164305958255,-83.25888729895914,-85.27359612652182,-86.65030650793308,-87.00221502956505,-86.19633187602905,-84.25873821012293,-81.3384703689341,-77.761806313465,-73.77912132653762,-69.68976251068916,-65.69031583817963,-61.877970544276955,-58.33863989205178,-55.08460277439797,-52.17796219699073,-49.69662017697556,-47.728943242778264,-46.427500860000016,-45.79499437769083,-45.95474123558077,-46.710804987751374,-48.013347307027665,-49.57624976818032,-51.20388877788308,-52.68771323338604,-53.89329588177156,-54.76263069115888,-55.3395289925873,-55.70047974892684,-55.98161297201565,-56.30438874957579,-56.742884410494604,-57.3607815790867,-58.13246586269624,-59.038943816939636,-60.0304050034454,-61.07753648856036,-62.17207501775493,-63.323342667286504,-64.56931754733017,-65.92018301671678,-67.40673212750029,-68.98505798000001,-70.61193457413928,-72.20042685541213,-73.65711457697495,-74.89632206774597,-75.86733975531251,-76.5358932690955,-76.95120401806004,-77.14462816932665,-77.22823886359652,-77.28231832986393,-77.39206650297594,-77.62555199542867,-78.00644141980439,-78.54619683899392,-79.23180223314283,-80.0421200455621,-80.9758662523154,-82.01923180892601,-83.1960923768737,-84.47396638365288,-85.82060546444599,-87.12897466048497,-88.24594998569364,-89.0040340466562,-89.25831801000001,-88.9409131119261,-88.16857546144003,-87.17983268147229,-86.34756537242255,-86.19404324946292,-86.9162394736689,-88.76090347252759,-91.3823652240762,-94.30780559245954,-96.75673884776948,-98.05383483071984,-97.66095813903632,-95.72024335983983,-92.6189660827438,-89.36445383652561,-87.12026656252064,-86.54255350271443,-88.22720757312062,-91.72912998036824,-96.38210556290811,-101.05098740885794,-104.79579058710279,-106.8252227802659,-108.01911469553623,0.0
15kg_16bpm,3BC,-89.82808608,-87.53080211155844,-85.10031298921241,-82.79653799786763,-80.87077898537552,-79.48182038962868,-78.6104412518395,-78.19557080306885,-78.16187171290747,-78.29894566273599,-78.4776767950087,-78.60501023626023,-78.6341829343816,-78.59053944413336,-78.51777602277059,-78.47750654216053,-78.50928391315753,-78.61609237564174,-78.76976005890884,-78.90052186239893,-78.93256920988415,-78.8031258566487,-78.44770800440735,-77.87785123661405,-77.14674215538642,-76.32027224439747,-75.48795002009746,-74.73041239313656,-74.09308101967468,-73.6008110571276,-73.22364422940011,-72.89785656751735,-72.55887652951424,-72.11909019295226,-71.53841104395404,-70.79297809458585,-69.87160864267878,-68.79760462073897,-67.62745263772587,-66.40661776804967,-65.18564339282123,-64.00954455173246,-62.908030446947265,-61.90934784637741,-61.04143972673615,-60.3025134168784,-59.703036674297174,-59.2763767333055,-59.02073339566514,-58.93780281825746,-59.037335502217864,-59.33873506824869,-59.79897866887133,-60.39455501763804,-61.096617723028494,-61.84744142003859,-62.59185961968565,-63.282182364578496,-63.858602883539916,-64.3139482710719,-64.64686984249842,-64.87179082196496,-65.04063999421632,-65.22193061322268,-65.48252024858147,-65.92533046904947,-66.58436932460401,-67.48626962803246,-68.64277688417027,-70.01181095278169,-71.48543690869532,-72.95631218752287,-74.2619025476976,-75.28304216878874,-75.93620185245099,-76.1627330401008,-75.96661833913821,-75.52286431513103,-75.0100446818335,-74.7073090759404,-74.88619733911723,-75.74663524683375,-77.45540342954783,-80.18464402519815,-83.69980873253884,-87.82127705313809,-92.29299482577052,-96.74374788183304,-100.86545476688501,-104.41777624425583,-76.0485539405211,-0.0007388568895811762,4.2392906225545824e-11,-1.687742686803182e-18,3.991672717008946e-26,7.3193389566489085e-34,-1.5026434580093647e-40,9.734023768823943e-48,-4.253705666416093e-55,1.2163015230871834e-62,0.0
15kg_16bpm,3CA,-67.81494282,-84.53409425077267,-85.78387815998104,-88.51769752542761,-92.40077196232232,-97.09119166555227,-102.04779613404281,-106.69083463392887,-110.57066799821057,-113.11704967055282,-114.27805720199851,-113.7769919563152,-112.03303336687243,-109.18880259268715,-105.84185047740468,-102.37893848938148,-99.14427051254023,-96.4106124679036,-94.10570283051592,-92.18238737642655,-90.36876540887454,-88.43334026262829,-86.22071398723686,-83.5995510943959,-80.6503002123504,-77.45819443655022,-74.22134928163806,-71.1159580750426,-68.26580109120067,-65.75705615279847,-63.56313740265611,-61.64892025445675,-59.935637747593326,-58.3940293455043,-57.036754457217945,-55.936687015476366,-55.2044292997357,-54.92981611851592,-55.166533722724836,-55.85063023291276,-56.83669948100873,-57.88495495441567,-58.7012769693903,-59.066089744962994,-58.75435000396762,-57.78409882527215,-56.17762055690653,-54.19259997561653,-52.077216204491016,-50.10717308037795,-48.57965045217719,-47.567375619920284,-47.25185947428419,-47.48393512177499,-48.292445401388036,-49.45647460988799,-50.92406965635481,-52.53954184755984,-54.2486672229972,-55.98053796525747,-57.69223530401011,-59.34731681400949,-60.890717536979885,-62.291328529963074,-63.48727519050624,-64.46730245927947,-65.19284031836368,-65.68059047899882,-65.9187330466781,-65.93482154404133,-65.74050204175667,-65.39505059718142,-64.98748070962107,-64.6833425789559,-64.69382958841686,-65.28084935591245,-66.64334047570566,-68.92174830060213,-72.02460568153013,-75.70759105703499,-79.52156988394725,-82.90041577546305,-85.42282729951751,-86.67437110901658,-86.74749667726667,-85.78002445955562,-84.31556947809364,-82.85079403259552,-81.7573527033504,-81.30809537444179,-81.33741178556097,-81.66889939312505,-81.9803340790209,-82.0348105040105,-81.83537999003552,-81.4393749751608,-81.03550541637209,-80.74260292166615,0.3550065375874665,-4.357050938874213e-10,0.0
15kg_16bpm,4AB,-82.81798151,-79.99147756130762,-77.50899069799482,-75.65978992495513,-74.57651604549254,-74.44474925590767,-75.08419066803322,-76.43570366831896,-78.21617565213064,-80.18439711467228,-82.05925231742111,-83.63538136944356,-84.64356831644834,-85.0105210411336,-84.60899673166637,-83.40005903349592,-81.47406062409168,-78.82197847001648,-75.70129848629729,-72.25770878370462,-68.73970858063156,-65.34322916632358,-62.26717566953552,-59.55601533997269,-57.264068613547735,-55.264419761896804,-53.44101962563259,-51.647866894656815,-49.80141359919693,-47.8942195213395,-46.04776839782714,-44.474287742022916,-43.45279130429974,-43.18654937812414,-43.97781411911236,-45.72467865694395,-48.43586812090787,-51.7744954268905,-55.415325747410996,-58.94833610532584,-62.074513055725056,-64.44751482327618,-66.048530933537,-66.83333615324925,-66.92516313110316,-66.54179738325445,-65.86273961583446,-65.1446312594823,-64.57745011725399,-64.31601104064401,-64.45031888,-65.07540377970396,-66.13734889981774,-67.66187734638234,-69.52359759892177,-71.63829319874345,-73.87382371296736,-76.09626397864648,-78.14282984220597,-79.91448860437316,-81.28162274305174,-82.17439087866258,-82.58121143746183,-82.44920290175428,-81.89986782295857,-80.98085977430667,-79.87016525686423,-78.73301508903909,-77.78939306988411,-77.19448988050468,-77.19016708349857,-77.78863042828362,-79.03171502432892,-80.79136629797517,-82.82811761745259,-84.82083496676933,-86.44117241478986,-87.33591955991383,-87.34689723544128,-86.48640212975918,-84.93467949584696,-83.16863019012251,-81.77048284909898,-81.27629546782607,-82.12541112580485,-84.4879363749671,-88.02354234191118,-92.27793045667353,-96.39255982458876,-99.63554474483439,-101.53360283504131,-102.09349364032353,-101.583698224449,-90.90398279400905,9.613853442538178e-05,1.342891233921428e-13,1.3463544881107196e-22,1.1030350461312416e-31,7.399101415038773e-41,3.522197167260449e-50,0.0
15kg_16bpm,4BC,0.0,-6.0651299840866866e-52,-8.905120380216362e-44,-9.170675626795855e-36,-7.562035133773901e-28,-4.831142372815462e-20,-1.7838885109275498e-12,7.244219615125001e-05,-65.41055722210534,-80.81921697669208,-78.51439046969779,-76.94810956108797,-76.30169565060012,-76.38674923329658,-77.05720861706024,-78.11922547445388,-79.2703590360727,-80.27166810696056,-80.94628440191549,-81.22677827733871,-81.0215082,-80.48258548869413,-79.69439917364129,-78.79501925402326,-77.91094295694057,-77.14735869189013,-76.53306062407943,-76.07353638514195,-75.75474061400847,-75.51991918393358,-75.34680772960489,-75.2178625363217,-75.13421230026826,-75.12029695902696,-75.16674424482161,-75.25444798885859,-75.320665448894,-75.28536810136411,-75.00901336053305,-74.43696598128585,-73.51382685000002,-72.21271307473559,-70.64624073302089,-68.89726929850251,-67.11267446386728,-65.41364036615157,-63.93876459442437,-62.708974642915564,-61.76636528862659,-61.09260030767699,-60.61792316744346,-60.31855166909401,-60.11893619064524,-59.98882377847166,-59.916540273769634,-59.89522544617405,-59.94696464859946,-60.085233493324914,-60.31857321431922,-60.672318428073204,-61.12054955000001,-61.65915278609319,-62.26847792341162,-62.92321692583755,-63.61443933396097,-64.32635731635698,-65.05386973531432,-65.7915477578717,-66.52779885074717,-67.24010412030013,-67.89828693761665,-68.46870668342356,-68.88630484649056,-69.1468093919258,-69.22421713661755,-69.1448385425234,-68.9854010780082,-68.86295508958584,-68.92108565019865,-69.3350648714744,-70.31687084000002,-71.92024042303527,-74.3079419376462,-77.39932867065517,-81.04989948345192,-85.10597622420906,-89.22024508691585,-93.0842480102555,-96.4056217919883,-99.05814799472844,-100.8218591295834,-101.9122947247529,-102.49634325543518,-102.86147996829645,-11.483038963649632,5.985454132189934e-08,9.368843007796462e-16,1.1361838275403208e-23,1.103283353381069e-31,7.514280168965732e-40,0.0
15kg_16bpm,4CA,-89.49331519,-87.63556723241493,-86.36345486065261,-86.39908026371155,-88.14568432294789,-91.72363476974304,-96.65465380276211,-102.23392086234813,-107.55914876534757,-111.63870773285724,-114.14742403201576,-114.54548791008284,-113.4089879311276,-110.94042550714593,-107.9310926220054,-104.84479150772142,-102.0314108221263,-99.62320844976124,-97.49471831717462,-95.4467327161933,-93.23197687142668,-90.68541834973104,-87.7316603517852,-84.43126852204755,-80.89942014982796,-77.30724343000001,-73.82160413077347,-70.53244621318572,-67.53992620550605,-64.78882792411324,-62.281404366909946,-59.91531501884281,-57.6687327182553,-55.519083194203155,-53.52859004598514,-51.77784779985856,-50.400566906732145,-49.48430671238912,-49.08774520230848,-49.18014887489088,-49.64535677375273,-50.3142472552127,-50.98973685038885,-51.47662292303721,-51.68558924641202,-51.525809042356016,-51.09204203617741,-50.4474210769243,-49.76598722530645,-49.20906344158011,-48.88387954000001,-48.91533245986121,-49.29442109186146,-50.0269488868041,-51.02049765135967,-52.199892689770465,-53.474461686900746,-54.790762321590755,-56.13168993990317,-57.513850719021974,-58.984179880062136,-60.57023991082238,-62.3028513310495,-64.13847983803534,-66.01338240849728,-67.81832227175269,-69.38076874856128,-70.60929312035906,-71.31522688614326,-71.49739780355067,-71.09979805525977,-70.2725831746489,-69.19401552394159,-68.1864814168765,-67.59415878241195,-67.78085748,-68.94580610605422,-71.18993798880784,-74.25105366706714,-77.72942585397668,-81.03898453591927,-83.46445410701014,-84.75244955398756,-84.49420440485633,-83.17738728624583,-81.15841906239773,-79.19227514639857,-77.90825915972104,-77.58900458889283,-78.31715420939754,-79.70801042155207,-81.29262271669596,-82.53363256519211,-83.09829568231679,-82.83652332567353,-81.88564481871937,-80.4296568028038,-78.723554916317,-76.88039179276483,-74.93363087079983,-72.77386444
15kg_16bpm,5AB,-81.82332837,-78.88034470224788,-76.3397557793495,-74.54280363592096,-73.87817644653687,-74.25104654136814,-75.72332845134498,-77.82001541071497,-80.22478025559248,-82.4698051332788,-84.14939592657105,-85.04303009932995,-84.98353977001995,-84.01590037578511,-82.25543473835769,-79.86840531331282,-77.0633387838307,-73.97754393177183,-70.75063842685817,-67.44681009923121,-64.12534481965923,-60.831823174027164,-57.616378042507456,-54.58430657289225,-51.837430636660855,-49.55126989000001,-47.85722394479578,-46.88784249370303,-46.704113554981994,-47.2497020901034,-48.43673484436349,-50.03131660129971,-51.83228167832638,-53.61361360413359,-55.18064980762035,-56.48791971244732,-57.4790195548176,-58.26169506841628,-58.920127986950014,-59.58096632959439,-60.33258874071342,-61.21766096079816,-62.22377361322112,-63.29228866050738,-64.3403320613733,-65.26781830954441,-66.02541198742365,-66.53632220539285,-66.8385611828885,-66.91609760085825,-66.85373817,-66.69630449070692,-66.52615110097696,-66.41752737715665,-66.44558401995062,-66.68093337008426,-67.18817745530421,-67.9911423798555,-69.11621811469921,-70.50203815466679,-72.10210704822754,-73.78765895236458,-75.43603303211023,-76.94487414530761,-78.19676786392161,-79.19067260857997,-79.91933465165918,-80.47371588516526,-80.94236547975622,-81.42865820920693,-81.99212509234547,-82.64187853664023,-83.31791614769159,-83.90264026627541,-84.30000369961554,-84.38616551999999,-84.23386352562478,-83.97175561782913,-83.90617715620476,-84.4713002275368,-85.98786460139631,-88.76502616302436,-92.72149362614668,-97.5243761325643,-102.46375177661689,-106.73732490752028,-109.40168904608166,-110.13302216509831,-108.56026161416364,0.19681793283733845,-2.361392467069336e-09,2.9666808966368026e-18,2.4933613658441437e-27,-1.1042615563431403e-35,9.301949385493545e-45,1.733146280313904e-53,-4.861647255520294e-62,2.1174745917624738e-71,9.97127169149983e-80,-2.0074332655369355e-88,0.0
15kg_16bpm,5BC,0.0,-83.00428139535985,-84.56704269417442,-81.75973918599317,-79.32086433628389,-77.38108346476837,-76.08095825987512,-75.40900426063436,-75.27556966122339,-75.58025483986793,-76.20250875167963,-76.97256480198786,-77.73265124429106,-78.37511612592506,-78.81806540740412,-79.01276297649648,-78.99824858274725,-78.81091143226206,-78.49768299986854,-78.10342333201712,-77.67801827522075,-77.23981409639276,-76.79449779691944,-76.33732009329127,-75.86593789492798,-75.38254754846514,-74.89726352869249,-74.43352099026488,-74.01408503930354,-73.65747122590423,-73.37331519924301,-73.16437768052047,-72.99844658418252,-72.83287294477302,-72.617713931701,-72.28535137239682,-71.78214006107488,-71.084819604851,-70.18293940419004,-69.08006451881712,-67.81812931995962,-66.47662731746462,-65.12756195425358,-63.8511289083953,-62.7402830162532,-61.83477650769761,-61.16917319138565,-60.7618619213011,-60.64265626101997,-60.74930543469481,-61.053071765571545,-61.51946554658919,-62.127043946887454,-62.81462074875742,-63.54396968270473,-64.27599572244021,-64.95760762046478,-65.54529234268321,-66.00178654257219,-66.2980739153933,-66.39973223857082,-66.32954883015577,-66.13283333349713,-65.86753279082926,-65.61366055651978,-65.46358153705104,-65.4811932435198,-65.70902941620803,-66.16919244281866,-66.83962769152252,-67.63611556851001,-68.48426271824448,-69.30857114069931,-70.04318172999045,-70.69007181697343,-71.29039542000301,-71.9308912570861,-72.77590346127504,-73.94230067341584,-75.53498590783927,-77.60693445328911,-80.20202025062844,-83.11901475645062,-86.15320007676614,-89.0580721753118,-91.48745296527356,-93.23622299578166,-94.20423998699398,-94.40082516174724,-93.93056724621692,-93.1567409978039,-92.4856715142519,-92.30083843157917,-93.00578262919906,-94.83193036556385,-39.56217627740683,2.2228923304003692e-05,1.386563509449092e-12,-8.439537858527349e-20,-1.2395942505407247e-26,0.0
15kg_16bpm,5CA,-84.72484175,-83.22581894806171,-82.54893263860015,-83.28890164509102,-85.58232854539632,-89.58217030338321,-94.60910013653873,-100.1075869579714,-105.27808107372509,-109.57406172072449,-112.36509419841158,-113.72500994521693,-113.61677172376247,-112.3502508187476,-110.29623050891138,-107.70122715417955,-104.87818198755225,-101.9523800759436,-99.00513779220418,-96.05523386371101,-93.0905560376758,-90.08821865509536,-87.01044342449103,-83.81819808921387,-80.48465277122283,-76.96603854989176,-73.29537470712538,-69.50371836293768,-65.68984987738702,-61.963823633272696,-58.496234661230574,-55.383123967197996,-52.77748744147738,-50.735134571721105,-49.261770806334944,-48.393687922318854,-47.98285075508835,-47.96708315033495,-48.18480551307274,-48.508754935464964,-48.822782912185346,-49.063903857506986,-49.21250145641361,-49.326748745549956,-49.49937306703948,-49.884392556905524,-50.58097861139685,-51.73109317180393,-53.34258388332715,-55.37444177049383,-57.72054718,-60.16380486174471,-62.47277289409177,-64.42165696714106,-65.84266203813843,-66.58634408001535,-66.728581676385,-66.29459026175408,-65.51306074918412,-64.57230149068202,-63.68622141700821,-62.99137784179633,-62.60487024500879,-62.502590695585795,-62.63274486543383,-62.887822064857176,-63.13852414261268,-63.2557436953139,-63.172926395986266,-62.872894302651844,-62.436340187996116,-62.051201753948654,-62.05310261854457,-62.767849631647906,-64.54712831438003,-67.66474921642788,-71.9557032523791,-77.18224841168366,-82.49293298850881,-86.98724714833831,-89.56488232226377,-89.75803669074449,-86.95142673515696,-82.00086259806305,-75.80271106898353,-69.9136285555077,-65.5963109485557,-64.29512443028975,-65.93769265306145,-70.2831284963185,-76.18261715978946,-82.24909777139409,-86.9961102294008,-89.72479207395986,-16.971467767276494,3.6911963280682903e-09,2.164954716863593e-18,1.1895738891894759e-27,5.8060798263460284e-37,2.12397060118858e-46,0.0
15kg_16bpm,6AB,-87.35920821,-84.90974604145728,-81.70883959301534,-78.62582297736613,-76.57107611127951,-75.94903661079985,-76.79839438421209,-78.84173596759648,-81.30825517770617,-83.52777012540426,-84.87067719820647,-85.10820039477836,-84.04394106709974,-82.04997342621947,-79.42912806661353,-76.54694824829312,-73.68879820695547,-70.9761493828969,-68.36379495249832,-65.71731797368908,-62.839807319679664,-59.656253733878835,-56.17062539883369,-52.54121258298537,-49.038425421561044,-46.01225924683867,-43.780361676981414,-42.520485021962735,-42.53119951630082,-43.63967565344865,-45.79130754913887,-48.76975322567904,-52.22744684454933,-55.86588332584719,-59.32308974554086,-62.34097664660037,-64.59475163179297,-66.06094549932645,-66.67750821367336,-66.55235401788404,-65.93356169894501,-65.03732141682929,-64.14778104173676,-63.43976656614117,-63.062303071008046,-62.99674154742859,-63.2299482548863,-63.694883362998226,-64.32899371506801,-65.1335012223519,-66.10058202000002,-67.24903518149151,-68.59930179928803,-70.10071709437491,-71.70504903878567,-73.32732959420804,-74.90541598958242,-76.38725544998499,-77.7751746460084,-79.06948447620205,-80.25009167560206,-81.28224552733178,-82.07141644973473,-82.53858942214406,-82.66678134112922,-82.44588801153274,-82.04048565844386,-81.59386316884493,-81.2777146197117,-81.1744119980654,-81.33440376108055,-81.71144635001635,-82.24638978471697,-82.8995336885224,-83.60632245352313,-84.31021062939024,-84.89808360153106,-85.24566965789423,-85.16074928114108,-84.56589108309079,-83.4844342909397,-82.04988553369388,-80.62245343131427,-79.58623349943798,-79.34952865685686,-80.06037181202171,-81.85976550033584,-84.42715265928034,-87.42787946399916,-90.44611975414209,-93.18796187867451,-95.51952061363174,-97.5309353321557,-99.41835102837165,-101.35273579014276,-103.34956990013907,-105.45966382125411,-0.0012372921258200647,-7.535636750950806e-13,-2.694036577448007e-22,0.0
15kg_16bpm,6BC,-92.10472368,-88.54922881662506,-84.8826585234673,-81.30433743558021,-78.02211886948295,-75.25464427824072,-73.0722037478334,-71.53723593791236,-70.78066516974668,-70.6257179208453,-70.97697556633972,-71.74064271407121,-72.73518901186864,-73.80662735003787,-74.83835247153395,-75.72848204632871,-76.44829564212822,-76.989992226856,-77.3423602488409,-77.56996935042338,-77.71050824143632,-77.79741352623682,-77.86915079281978,-77.95348316250619,-78.0726090420662,-78.24880422338249,-78.48392191837412,-78.77714640898614,-79.12128538608414,-79.47564583332236,-79.79413418584772,-80.0007226581244,-80.01384713301948,-79.77275359576265,-79.20352357269572,-78.22017452827764,-76.87008984717687,-75.17953481903196,-73.16585526871825,-70.97020583807434,-68.69619375260457,-66.4561160666108,-64.36034079369452,-62.47673750492306,-60.86622533530851,-59.59959618771358,-58.63318853906561,-57.95159575554905,-57.56124070180448,-57.37387806198415,-57.331506668607894,-57.38616449506271,-57.484623543775186,-57.59287187601551,-57.703954421012874,-57.840696820857424,-58.04240074128298,-58.36036523675692,-58.886978938838105,-59.65477798962355,-60.6858913614977,-62.00554572449891,-63.58431807020766,-65.34084421904065,-67.20054854811164,-69.06020140807007,-70.81304659094964,-72.36914734325252,-73.59056429511494,-74.43011648690457,-74.85270094040675,-74.8012532291147,-74.28317245386602,-73.40539184875172,-72.27343255591748,-71.06059279747303,-70.01223091626639,-69.35503164601263,-69.43369675167152,-70.39818851186507,-72.30875524650276,-75.20950809585229,-78.94015041421243,-83.11163153276055,-87.3571872182205,-91.15922807677927,-94.19906641823329,-96.25842024396984,-97.14307662185698,-97.10612781640783,-96.51781997525117,-85.26669681333686,0.0017056484364412169,-5.580055821330637e-11,1.787955276380833e-18,-5.568852141285615e-26,1.664840972254331e-33,-4.665296754189838e-41,1.1618840202764419e-48,-2.1698931722478565e-56,0.0
15kg_16bpm,6CA,-82.56436631,-84.65423159,-87.77239365,-91.91214907000003,-96.73722512000002,-101.73586384,-106.19041376,-109.56266488,-111.34538982,-111.38956234,-109.99262273000001,-107.42288186,-104.39838997,-101.36959984,-98.7058751,-96.48174465000002,-94.66267013000001,-92.96372129,-91.14506526,-88.99139977000002,-86.45788748000001,-83.54516010000002,-80.46883722000001,-77.41570583,-74.58690774000002,-72.0601418,-69.88403735000001,-67.90511549000001,-65.98211241000001,-63.93805631000001,-61.68979826,-59.201319970000014,-56.61945852000001,-54.13036099000001,-51.99256423,-50.36899552999999,-49.50195369000001,-49.30675112000001,-49.757722290000004,-50.67876987,-51.86109062999999,-53.13980649999999,-54.37190683,-55.487676640000004,-56.46824255999999,-57.33566474,-58.09105476999999,-58.7525514,-59.294603620000004,-59.68459468,-59.91212681,-59.94914652,-59.85649158,-59.68522659,-59.520207490000004,-59.42296272000001,-59.4522885,-59.59151232000001,-59.81772361000001,-60.07550098,-60.3203664,-60.52325072,-60.70166881000001,-60.89408200000001,-61.16203514,-61.54574206000001,-62.10063798000001,-62.80894154,-63.67704017999999,-64.70556767000001,-65.90461461000001,-67.36946912000002,-69.13877701000001,-71.29892113000001,-73.85520414,-76.69530112,-79.61639482000001,-82.27733427000001,-84.27552634000001,-85.20325699000001,-84.91883462000001,-83.18897923000002,-80.48136748,-77.22861326000002,-74.19842812000002,-72.0078526,-71.40487788,-72.32783954000001,-74.6645076,-77.77400426000001,-80.92686706000002,-83.33742647000001,-84.70648885,-84.89915432000001,-84.17693914,-82.94040844000001,-32.580929270000006,-2.9778502051908996e-23,-3.0814879110195774e-33,-1.4349296274686127e-41,0.0
15kg_16bpm,7AB,-83.65501841,-79.34934736967182,-75.52816226286264,-72.73392233725218,-71.34800453912509,-71.51260339111529,-72.86966598612807,-75.07236807463678,-77.47011275033621,-79.55471963355618,-80.76970567452133,-80.99959681052486,-80.16718376823813,-78.4725738222922,-76.27581531099634,-73.88825174147021,-71.60787345008852,-69.55901679628009,-67.76066336805371,-66.08806584252396,-64.4345547595236,-62.73471868357231,-61.02366048890812,-59.443885351457695,-58.14621790506437,-57.2689163701794,-56.8836782164052,-56.8844745849986,-57.15316577332976,-57.47789291430483,-57.716767961938054,-57.76757261342518,-57.678379638336786,-57.54014161277611,-57.51228511732483,-57.710388298222846,-58.256615258139504,-59.120527299192624,-60.23542942104554,-61.47212992938008,-62.663896362322376,-63.662114021473684,-64.36678900580385,-64.77172402942169,-64.88040306309027,-64.8344138802236,-64.74712665834961,-64.75355714054864,-64.92525086989568,-65.31353714112457,-65.8837080422583,-66.578624037149,-67.33902796795037,-68.10881366475883,-68.87570163509268,-69.66617473984299,-70.52532521061818,-71.52623116392486,-72.69692426102989,-74.04306235818157,-75.53611468924166,-77.08139142181628,-78.57475064401935,-79.89052999740626,-80.94605389821182,-81.61317936145063,-81.90922917860051,-81.83200139296677,-81.43929489063765,-80.86669684804193,-80.25135535634764,-79.77196387430874,-79.5627268353377,-79.78859197061385,-80.416350699726,-81.39475723951779,-82.51251292957474,-83.50992528198095,-84.06386453744129,-84.02917743207674,-83.4028402453305,-82.40185732398469,-81.50899848706571,-81.30196123648999,-82.31407050955133,-84.71302168179747,-88.61311446540931,-93.33253909283265,-98.21349563818283,-102.37008272002782,-105.29025622080536,-106.56504405227017,-106.43698837497975,-2.593489467939588,-6.190843946396034e-10,1.2017126257327402e-19,2.787757569778616e-28,2.198630091309394e-37,1.1892943690793252e-46,4.088207716187429e-56,0.0
15kg_16bpm,7BC,0.0,-6.67460724365151e-45,-4.694349434371877e-37,-1.1216317130530045e-30,1.8686034229781374e-21,1.3598515932273189e-13,6.422724674080508e-07,-40.38615974522696,-82.46081293363649,-79.41252630710385,-77.10258810783547,-75.47631551641305,-74.54444883146766,-74.04480855192527,-73.79003836172785,-73.61439991680187,-73.38648033413448,-73.06513524849989,-72.69000643711222,-72.3642701775381,-72.24143683734067,-72.4443003433013,-73.0276153361789,-74.08691088921245,-75.47583588206022,-77.06886724941401,-78.67138672507274,-80.08490109539638,-81.11680332175075,-81.65337512628295,-81.72355335605944,-81.32782986207187,-80.64241723752212,-79.82279904574489,-79.01611347168343,-78.31743323404982,-77.75841741859094,-77.29842043667838,-76.82588455707665,-76.19949599641926,-75.29463225451876,-74.06074625050611,-72.41799604675633,-70.47905386075264,-68.3499145498621,-66.17430739180942,-64.11145833997452,-62.30317814068782,-60.85839710530832,-59.78315167251665,-59.13190359637705,-58.848559711391445,-58.86637592319903,-59.18590285602833,-59.70390001673329,-60.382401435927456,-61.184975612691936,-62.04633223522467,-62.91894287269792,-63.74549341334837,-64.4828614989239,-65.07002304888665,-65.50070066749763,-65.78312058792874,-65.92710052707685,-66.01616982267615,-66.12538058219562,-66.35517175473618,-66.77239807254533,-67.4664791911294,-68.45582058007741,-69.70074311135616,-71.17227310277462,-72.72401971160933,-74.22411814564306,-75.48495575741165,-76.40924641943643,-76.87193651905986,-76.83794628231321,-76.41710519997339,-75.725332457562,-75.01898789598991,-74.54257540993089,-74.66449803547125,-75.48802500896909,-77.14555376872886,-79.68642665339331,-82.83870463078556,-86.3952348700552,-90.02469945352188,-93.45040862533504,-96.39560175370723,-33.22141155566797,1.5659187083451018e-06,-1.9250317719906567e-15,-4.075774153483826e-22,-5.600615223321636e-30,3.3617768060539e-39,1.4069997187432668e-45,2.00052651508628e-53,0.0
15kg_16bpm,7CA,-84.94411686,-85.32336441363765,-86.90253987459278,-89.74042479497544,-93.97382196740757,-99.14087206236768,-104.6233065801265,-109.53319843534636,-113.24156170329047,-114.91829399077136,-114.70234678596722,-112.60973929570501,-109.22514593002586,-105.17057958472964,-101.06504472003442,-97.3264739521734,-94.26840505142476,-91.81771264126445,-89.87486851550099,-88.1966773308323,-86.55958063058056,-84.75725795005171,-82.70277855114011,-80.3059017505299,-77.60210287378008,-74.6263901937181,-71.46328640177613,-68.23052234350193,-65.0759289739716,-62.13358128413312,-59.58084015567395,-57.531067298084515,-56.07098842228492,-55.27816866610652,-55.05711566102602,-55.40525656731086,-56.08103905301021,-56.91256962110478,-57.646757089793994,-58.08253006210981,-57.999365002731636,-57.38817633390874,-56.1943889301777,-54.634926468128,-52.9059075402136,-51.295011619225505,-50.014458560119515,-49.303319372054624,-49.13595090586187,-49.53759672950381,-50.318967722147875,-51.32600598918817,-52.38090609945742,-53.36859147399369,-54.206531592436185,-54.91798982093978,-55.53164542520775,-56.12122378735588,-56.75099109480182,-57.49217301718452,-58.37808967541185,-59.47804836168271,-60.77801194408194,-62.286255059892284,-63.943182561835165,-65.6603651070038,-67.30777736720222,-68.77947145664264,-69.93793297482551,-70.77638679018146,-71.29333553600019,-71.56993368156363,-71.71593898446265,-71.82904450386181,-71.98196234628892,-72.21622192874906,-72.53238523655291,-72.93416360410235,-73.44189781983538,-74.0801423693853,-74.93255387455463,-76.00637022302523,-77.33091344815146,-78.83264843915859,-80.40206001454793,-81.87279921168124,-83.12199399414708,-83.99896396092768,-84.55032012045277,-84.82911251199238,-85.00072110095478,-85.20736647264728,-85.53826087049424,-85.92292698997962,-86.12790040430424,-85.8212675784436,-84.58943055485409,-82.07607571383421,-78.22977554650633,-72.97545782922927,-66.86599248
15kg_16bpm,8AB,-85.25378231,-82.63437578869687,-79.5676261129487,-76.68106448917062,-74.38016295905368,-73.04143046642241,-72.55504935506164,-72.82860790613881,-73.56039054694043,-74.48053680617281,-75.35200346037384,-76.04862961665867,-76.45160492748795,-76.58010157180853,-76.38253561473017,-75.85293617492546,-74.94400367603474,-73.58580864054865,-71.77631605284984,-69.42539715545355,-66.6465539623173,-63.46661137451459,-60.08536889126278,-56.688985667720395,-53.525679335139074,-50.78879899,-48.71968275263677,-47.32674886512057,-46.77273692681437,-46.8952751773032,-47.689789181491285,-49.022552136438165,-50.800433155699125,-52.94373387665399,-55.3323737914481,-57.89275887665835,-60.48708475295445,-62.98932535584257,-65.27829689194806,-67.23963294807434,-68.785346156735,-69.9082303812655,-70.55991720794815,-70.8456877734642,-70.77188521701606,-70.46661913290109,-69.99056203182136,-69.43150887107312,-68.85381173252013,-68.31655312631187,-67.85263890000002,-67.51408915114226,-67.30771250927559,-67.27929091136815,-67.45036889048458,-67.8628021955535,-68.57224974098598,-69.59142840654971,-70.99536626579894,-72.71360844197673,-74.73029979973222,-76.88729985218525,-79.0243311200615,-80.92557560963122,-82.42532956231315,-83.33322892002704,-83.68595697300553,-83.45479233270426,-82.90075960958802,-82.23366362199671,-81.73397110090839,-81.60169286958221,-81.96596274476217,-82.74059936543854,-83.78189588641094,-84.77440152,-85.38800483904653,-85.41112609712583,-84.73150814995348,-83.46767673936122,-81.94019465030526,-80.63000734945489,-79.94317490947054,-80.4030577567514,-81.99416448827029,-84.67905271477382,-88.00331760151319,-91.4549516889462,-94.48618514341639,-96.86957084110863,-98.47101205893416,-99.67405524504068,-100.83700534952925,-102.31588027721531,-104.21827157447439,-65.91730608913286,-6.3669753591413015e-06,-1.8648167701741738e-15,6.761385767848775e-24,8.49622984899158e-33,0.0
15kg_16bpm,8BC,0.0,4.80677048983085e-25,-1.9594700827171435e-17,3.112997765016681e-11,0.035199828148981774,-89.36759739402572,-87.16050056316729,-85.08268412755602,-82.76481444880248,-80.45301471302378,-78.3872800682911,-76.76876902848008,-75.81791570364867,-75.48867327388321,-75.77003295494264,-76.61127068138558,-77.76519563130114,-79.06880981601209,-80.33100823423042,-81.41111092073216,-82.21140684875161,-82.63999527957633,-82.75385197555954,-82.5757252274206,-82.13044737572284,-81.51739734573827,-80.77958584866104,-79.94943180023073,-79.07277822787543,-78.17127946922388,-77.268337133049,-76.38582031685696,-75.54166903600745,-74.75430910064668,-74.01317611839625,-73.30229909770124,-72.5834554019226,-71.80891367441134,-70.92742828739857,-69.8689417294377,-68.63406918393116,-67.2205198520623,-65.64760665321535,-64.01056444658498,-62.393233693692956,-60.91627432167301,-59.645217904095574,-58.639692606165525,-57.96160708655691,-57.53796747449525,-57.325049857711164,-57.26688138532256,-57.26618265487702,-57.27532050493894,-57.26916136732446,-57.26373803592685,-57.300976902900345,-57.464511363620595,-57.80291457147488,-58.371972110407484,-59.24402623108926,-60.37140877105803,-61.733347016516525,-63.30101182688087,-64.9705250968525,-66.67260072834917,-68.31615835542102,-69.83269221508658,-71.15447683145132,-72.17901472847944,-72.91111436649982,-73.32959813379556,-73.41284628513952,-73.2873864160717,-73.06286983181214,-72.93222659858768,-73.08568749978384,-73.7140974852958,-75.08573277062956,-77.15639873586959,-79.90363950087009,-83.23242200570348,-86.7637528977655,-90.18632919464397,-93.07294075795753,-95.25524675960408,-96.63240874388278,-97.1947073554767,-97.37149438312119,-97.54500911699864,-98.27612639910991,-29.65533417134313,1.6219586341445123e-06,-3.713676201331e-14,-6.66306263976579e-23,2.1425571653693558e-29,-5.078406039078676e-37,-4.491234043126575e-46,2.826998091964879e-52,-6.934900983238961e-60,0.0
15kg_16bpm,8CA,-81.49859437,-78.48592149749072,-77.41295759019894,-78.55317966678876,-81.51591424423181,-86.09961558395564,-91.41004762522066,-96.79612096937252,-101.52593523581531,-105.16655220070665,-107.26886548487883,-108.02111829347325,-107.43646036183037,-105.99101112917329,-104.03592670125626,-101.95849842755602,-100.00688004977748,-98.34909821267131,-96.92758215972871,-95.6533463319006,-94.34674029109743,-92.86126183996313,-91.0530384584049,-88.92128329422033,-86.44244385272827,-83.7390854456391,-80.90436889363427,-78.06170319478248,-75.2972905808437,-72.69488017466327,-70.24991520781799,-67.9669521291657,-65.80091466037908,-63.72248419478682,-61.733280523072665,-59.85962891356446,-58.22144071769441,-56.9045358216773,-56.043956077684214,-55.701894216181884,-55.82594755638302,-56.330708845991175,-56.95925505401907,-57.46535848600817,-57.62846683212229,-57.315155009422305,-56.49842425604111,-55.33414703678096,-54.00006556728147,-52.7558600431898,-51.809824943254114,-51.285364081731096,-51.19270603827255,-51.510230870276516,-52.08000002377426,-52.80002381991783,-53.53845890704946,-54.225927446341345,-54.83420519850978,-55.38982383172645,-55.951206390502556,-56.588615632827576,-57.37486370140761,-58.33473374729456,-59.45102906183562,-60.66486015333028,-61.88082308955861,-62.99472710254799,-63.95375912231711,-64.72650763514179,-65.33736462046728,-65.84332066463953,-66.30067176639967,-66.77475976295354,-67.33218021932976,-68.04606116137701,-69.01177455994734,-70.37236010187401,-72.18414253216571,-74.59056608714597,-77.45430952245833,-80.63987155254715,-83.81163594994989,-86.6221843499919,-88.59454600925909,-89.56329470969223,-89.22626472390532,-87.75433830341156,-85.31764223086621,-82.2915643571572,-79.12469239208927,-76.30717951773565,-74.13852468876345,-72.9005919515889,-72.57397039234338,-72.97471627391025,-73.78538061900196,-74.57398158537954,-74.89800203162834,-74.53055258095998,-73.33452175
15kg_16bpm,9AB,-80.09610612,-78.82296163826274,-77.23200347815293,-75.52728878153385,-74.00631952374582,-73.02402294088722,-72.69974083863234,-73.17284881801467,-74.27236231022687,-75.79411073899979,-77.39076966562295,-78.75227934352078,-79.58144824915547,-79.76569251513263,-79.18202935678241,-77.97490133750715,-76.14818707031792,-73.92918356149234,-71.35687630681446,-68.56306149988299,-65.57303503739617,-62.45759838377652,-59.28901371170209,-56.20774097396377,-53.390024423846,-51.0806830732315,-49.436868441381954,-48.68657756801145,-48.75552365397172,-49.70850801663242,-51.221444071771266,-53.132300810354195,-55.116433557202896,-56.944282648792814,-58.46626942027836,-59.59434522003798,-60.36057914179137,-60.84663055345811,-61.17448950731171,-61.468409288734506,-61.83610150848954,-62.32458317899149,-62.976547127429285,-63.744314861254324,-64.59373498329496,-65.44132640787463,-66.20280837983346,-66.80754563973565,-67.18259954930757,-67.30084513231688,-67.16690118,-66.83511138461044,-66.41785448131625,-66.08132498244373,-65.98320770598212,-66.37571839345212,-67.30126366299388,-68.93227712650712,-71.09082533852826,-73.66390446923512,-76.33161897320024,-78.79261375188953,-80.77526231812939,-82.12344882263687,-82.82069708842064,-83.04132167116661,-83.03603756448352,-83.10348518903982,-83.55094419835869,-84.4487922077256,-85.89215113391842,-87.65131287942384,-89.51184176530273,-91.15644686059423,-92.27012532057284,-92.63213962594955,-92.10736849490172,-90.6915060018881,-88.57174653162878,-86.01574949225038,-83.42545771350657,-81.29119155291603,-79.89642013708858,-79.7204768521764,-80.6584677271332,-82.80455754941194,-85.7792611693903,-89.31946157790874,-93.04994931532738,-96.7257777023183,-100.18104532283701,-14.910638731533316,-2.168244107361154e-09,-2.260705283630439e-17,3.3696895718061484e-26,2.0814881323432274e-35,-1.0645511940902637e-43,7.727898163993437e-53,1.839394338555198e-61,-4.147797183817156e-70,0.0
15kg_16bpm,9BC,-85.42249064,-83.35161649346755,-81.30987805599298,-79.43125895883783,-77.79534584832354,-76.45808665458527,-75.46941405955349,-74.82881767171739,-74.48489090042641,-74.4100422754641,-74.59875558547438,-75.03145734800572,-75.68233290297911,-76.544949432651,-77.62078353943245,-78.86363125327055,-80.19719166269559,-81.53482781568265,-82.74983538776611,-83.71659492841505,-84.34756225124882,-84.57798524928114,-84.33387428619135,-83.67099157851725,-82.68196817083493,-81.46162238796342,-80.10726867895823,-78.73264608778811,-77.40162042825453,-76.1397231396287,-74.94580298342208,-73.77507605952731,-72.58202785909664,-71.32958002490182,-69.98405305251737,-68.56146061353832,-67.09477839282481,-65.63005460767651,-64.23818480281625,-62.96984133511503,-61.86200308163,-60.93627489563535,-60.22736996471105,-59.69227570594271,-59.30277188316171,-59.02826835943159,-58.849592287871275,-58.72910823090192,-58.65701302610827,-58.63684622739117,-58.69973236198186,-58.86364560678942,-59.15665092514812,-59.602437679036,-60.23700985250371,-61.019512415596154,-61.91568575509786,-62.87324445125319,-63.816009979796675,-64.67256027571028,-65.39071127084685,-65.93706050033705,-66.29107383962287,-66.5209402995492,-66.69120127008813,-66.8861240059793,-67.21653354811664,-67.73768622592142,-68.48162138081194,-69.4431486901887,-70.5651038489202,-71.70862225435289,-72.7405434693233,-73.50774738024694,-73.84664807470307,-73.74588323783303,-73.22502352041876,-72.38047109156449,-71.43092428017415,-70.66953473547976,-70.37884575630183,-70.88132942735928,-72.45910265480471,-75.1042255167584,-78.77995922456913,-83.36585175997287,-88.55476856680696,-93.92747013863513,-99.14425864809242,-91.53752056775325,-0.010498772022931237,5.542642945745444e-10,4.1711459985050667e-17,-3.0683188000023768e-24,-1.5287984915828291e-31,1.6092328491807996e-38,4.8942397389893666e-46,-8.093745309719895e-53,-1.1518296755421274e-60,3.926897768068606e-67,0.0
15kg_16bpm,9CA,-78.84713778,-76.68301747274069,-76.85386466278811,-78.97966188513145,-83.27883097825345,-88.87219034155929,-95.31044441150338,-101.75299352800921,-107.43215352730786,-111.99853768668508,-114.80534019880099,-116.08300320489457,-115.58095484358874,-113.89556782790426,-111.19481718322645,-108.07973780684952,-104.90002923209282,-101.94113204946584,-99.40211975326953,-97.18772453025859,-95.1995279321664,-93.19151574137837,-90.91461546714798,-88.26495142396065,-85.09330443946588,-81.52675039218651,-77.62143792105726,-73.60030857568441,-69.64521995662446,-65.90181399383026,-62.546401982065376,-59.584824648920225,-57.1251709550211,-55.08542728442016,-53.53010271056562,-52.369021438431275,-51.66600512294359,-51.34223112160884,-51.44240507602952,-51.85652196937585,-52.5454050879862,-53.35243547769761,-54.14299796575445,-54.783770423032756,-55.13356165296368,-55.17817652381361,-54.884350092095936,-54.37139513144117,-53.74025835865493,-53.14651592278919,-52.73481937,-52.570762210116165,-52.720670411531785,-53.11617915887496,-53.70268693250716,-54.350693749877834,-54.95677520319844,-55.45333324059675,-55.807347902986976,-56.07472384978303,-56.34230954231014,-56.72664509780149,-57.358252052889505,-58.285873158106,-59.55986812246833,-61.10215156065688,-62.84503765645054,-64.65487426411363,-66.42711172823185,-68.08969339511147,-69.60097705637673,-70.9874666916937,-72.28019502892843,-73.53285307138106,-74.76570356373688,-75.96134793891808,-77.04176820483174,-77.89736571653465,-78.36214261707381,-78.33575107683416,-77.70313637106379,-76.5318259977282,-74.92595613717286,-73.17892903397158,-71.63303650046686,-70.64936000576255,-70.59066540396242,-71.58603261629548,-73.70326213635093,-76.65812727153569,-80.10518083179733,-83.501294210999,-86.31564475271912,-88.12597041026615,-88.57082107863911,-70.91184735864144,3.849883613531412e-05,-7.425258520562483e-14,1.2696037495917283e-22,-1.6234634268808932e-31,0.0
7kg_10bpm,10AB,-38.80843023,-36.9140164761627,-35.474572242238146,-35.1598271972594,-36.14850619567927,-38.1035362272961,-40.34148318229066,-42.096813840578896,-42.77523217068511,-42.118512818127144,-40.242399622823335,-37.55082271961793,-34.56823169682159,-31.757581795925955,-29.39384703217525,-27.536822254106905,-26.100373525095968,-24.970053690410428,-24.102042707447193,-23.55500117701863,-23.450027410645408,-23.89386762655391,-24.913272391780485,-26.429217974945065,-28.26929024077863,-30.199656970000003,-31.966574251212336,-33.34288615959051,-34.169732492946515,-34.383677348359235,-34.02434552835113,-33.222515882207105,-32.16848161937302,-31.06834249616403,-30.09856658758335,-29.36944169807984,-28.906927518161016,-28.65928599170305,-28.52760404647597,-28.410013663556377,-28.242834941414028,-28.022361623387724,-27.799526765499294,-27.652572096529752,-27.653260984527844,-27.84426319265799,-28.237903781372427,-28.833356269675793,-29.63751656480253,-30.671056981645574,-31.949996680000005,-33.45018723651456,-35.07620571205981,-36.657900196847564,-37.98976830284813,-38.90249600309391,-39.32759455173634,-39.32120559770773,-39.03749403822661,-38.66349376137168,-38.34426421987818,-38.136221034290095,-38.0108573385745,-37.901555461192274,-37.76249894283291,-37.60468903338065,-37.491286212501315,-37.500283567724296,-37.678772910356244,-38.01203798217919,-38.41934726617878,-38.777823468525554,-38.96953111704426,-38.93952249801502,-38.74096428514968,-38.53657498,-38.537451148671394,-38.89442917300301,-39.59544818707876,-40.431189385367745,-41.058590839824134,-41.14373061724382,-40.51921095047397,-39.26490096743015,-37.66793657075804,-36.10379958884066,-34.9092386895644,-34.298192934406195,-34.33940565118681,-34.97865884135057,-36.07280604048866,-37.417166837201066,-38.76999308967153,-39.88662785081207,-40.56698468936996,-40.70427455480344,-40.313881356431736,-39.52523717338736,-38.53422982402854,-37.52654344859843,0.0
7kg_10bpm,10BC,-40.05538161,-38.83520488798545,-37.88429182970318,-37.40321717947426,-37.385614502771624,-37.748852479920615,-38.323649091078885,-38.851624638584305,-39.12620715038158,-38.99315574639219,-38.469333869714276,-37.616677436114394,-36.637315531377986,-35.71455501963638,-35.046656129324916,-34.68931941356417,-34.64651813223055,-34.849924742538434,-35.15639720549625,-35.45569549602652,-35.65881733970652,-35.74399050162703,-35.70824903134946,-35.594555588417236,-35.429086821274005,-35.21590548000001,-34.94915147629463,-34.60423584964065,-34.15750898699916,-33.61346034722905,-32.977645871294854,-32.28366138923915,-31.564231589201107,-30.850602799101463,-30.16628970979552,-29.527831789864845,-28.955331461586486,-28.45453028359365,-28.042356508566247,-27.72777253719338,-27.505652753738794,-27.38033892818918,-27.330970780947265,-27.342267601952187,-27.408408806479773,-27.51908103445467,-27.684011752315097,-27.924991934359063,-28.25699803425173,-28.707451094257507,-29.278847190000004,-29.952526391512315,-30.704699808940617,-31.475418325117985,-32.21639263107376,-32.87320846610428,-33.43016543754687,-33.8771444104318,-34.23075548461458,-34.51958230087937,-34.7571529802189,-34.95241621449273,-35.097250013896165,-35.16130200754105,-35.13715691369056,-35.01719406188626,-34.81789295939567,-34.584771973596986,-34.36905941822105,-34.226224941934575,-34.18481514702799,-34.27214222062927,-34.45583276445721,-34.699291391148186,-34.94281838605683,-35.12569791,-35.189945653367,-35.09408182369841,-34.84405966783959,-34.45888713329896,-34.031403543813454,-33.668153984229804,-33.54093627630977,-33.750055700417995,-34.387905820458926,-35.479836019864834,-36.89303437380427,-38.47108526740872,-39.96256525040775,-41.174817934396714,-41.900367934488905,-42.153751378899486,-42.01067220828641,-41.635302732704744,-41.27065102615822,-41.10442287143355,-41.26671157850636,-41.744672396954876,-42.50710447593047,-0.004531907790449098,0.0
7kg_10bpm,10CA,-39.15977276,-39.50776823999577,-40.69293133290584,-42.704978168344866,-45.318131966658775,-48.11400600822668,-50.57988617661999,-52.25163343407908,-52.8551277988617,-52.38532512073094,-51.08450039150573,-49.36115955287633,-47.62007743206911,-46.10816513468074,-44.86945432024782,-43.77647121058135,-42.628543338794806,-41.262359069780956,-39.62434335079291,-37.78029456000567,-35.86965108220254,-34.03572977399023,-32.36756003177698,-30.877076573798178,-29.514473739251905,-28.20917562620014,-26.914843290274074,-25.639100471734146,-24.446894568636356,-23.430833196645576,-22.67443220931627,-22.219813214097233,-22.055650864919834,-22.130868913940347,-22.380508120895424,-22.748433081236435,-23.196267631623968,-23.699652517408214,-24.2414067425468,-24.80965952589269,-25.401031182247884,-26.02274420037038,-26.68837310467392,-27.40769691788279,-28.172552217798334,-28.94942009478624,-29.684254160880336,-30.31424030804853,-30.787001156628197,-31.078649634501446,-31.203248779514524,-31.209739400395932,-31.166934130865613,-31.143444674885757,-31.191535803715848,-31.34146679118614,-31.60661803346147,-31.99198455148698,-32.496074626727854,-33.10078448768437,-33.74824699835228,-34.32874409049082,-34.70454576695289,-34.75772804862329,-34.45597343807038,-33.89913952730437,-33.31486370788658,-32.995785713786354,-33.19371229667751,-34.01017250457673,-35.328788597747824,-36.82491245536278,-38.06130499283231,-38.64261278883995,-38.374229187378745,-37.34181532147671,-35.887966900641906,-34.48412744187727,-33.50992897433595,-33.12427317408931,-33.24513836667308,-33.631893656404074,-34.03045869664245,-34.29648745781188,-34.441813360332105,-34.59068922411062,-34.87891066577212,-35.354013324731056,-35.929882520559524,-36.41817768026861,-36.621178831608184,-36.438247879319015,-35.92786630315193,-35.30910557477243,-34.860148585074654,-34.77454151348258,-35.06010495049205,-35.5027583345693,-35.736202630054315,-35.392200854595174,-34.2712311
7kg_10bpm,11AB,-12.9261612,-41.49100279074509,-39.60130689489001,-38.38243815156362,-38.37654265502539,-39.469244435104386,-40.989202315383,-42.0693142235063,-42.056873278229375,-40.75885545378297,-38.42637118984321,-35.53889586558817,-32.578674896260466,-29.87925459524329,-27.60802174392453,-25.839566963504783,-24.6042319954624,-23.898877556184793,-23.6744848470544,-23.830333202009186,-24.23528194885004,-24.768988640363414,-25.35938543862015,-25.99492336412256,-26.70577040644172,-27.52511298977575,-28.450641520722883,-29.424840739668692,-30.33789879377887,-31.062749601816094,-31.49828597072203,-31.595252044446926,-31.367213326638304,-30.87776044283243,-30.216680455815442,-29.479510920270773,-28.75706935522269,-28.13417353399602,-27.690618339427633,-27.49817468839943,-27.612513272247327,-28.0621814610797,-28.84134553903344,-29.912392506439893,-31.20721292545616,-32.63716030790423,-34.11179004040356,-35.546559171864,-36.86890212895279,-38.02216926505941,-38.96578274457654,-39.67365582864569,-40.13172052761476,-40.33572927899655,-40.29117570013303,-40.017135466257216,-39.55403376288311,-38.97114584503262,-38.36424938050114,-37.84069624858044,-37.48832653725225,-37.33440254562308,-37.33125380153204,-37.36757160638834,-37.31073921367986,-37.068697168455756,-36.63862376599543,-36.11582807383157,-35.653750105168136,-35.393033701814005,-35.39450343932397,-35.608253829099525,-35.891456181639946,-36.067894819604675,-36.00821964028901,-35.7023537564044,-35.30983254524836,-35.124075397199476,-35.456436178511034,-36.48471066945849,-38.114772996028236,-39.95168380549718,-41.41487246074446,-41.96418858782305,-41.33635799387522,-39.67490610225129,-37.48535310251934,-35.433604806135385,-34.08606339972325,-33.70868950230697,-34.21839046382422,-35.27087989846912,-36.41466084762011,-37.286218702028066,-37.71542252400343,-37.750883627572264,-37.621059911114614,-37.63187910556563,-38.033751831300904,-38.89797160306887,-40.05360526
7kg_10bpm,11BC,-44.56644645,-43.10919222860337,-40.97794788693422,-38.72295639350331,-36.858726304384724,-35.75391481022441,-35.55874603361532,-36.10663394865199,-37.00947062923719,-37.85691563899795,-38.304511415118505,-38.150331496851955,-37.423160761364215,-36.35615236807759,-35.230119644371186,-34.30045054255555,-33.72743333729619,-33.512935454854684,-33.5145932067996,-33.56420250890732,-33.5223233624406,-33.32417500525075,-33.00776217178859,-32.68560074921888,-32.47575855960376,-32.465937585547785,-32.68654688039921,-33.086219976293705,-33.54421893280325,-33.93168915251847,-34.135605367743025,-34.081803475346405,-33.75602099738633,-33.2194888804263,-32.54842622024172,-31.823258790699363,-31.110687465604954,-30.455440166147003,-29.872648720658223,-29.36834195525552,-28.948281903990864,-28.626528019008884,-28.431935349114447,-28.39129464506487,-28.53833879467364,-28.89947610169348,-29.484611516717646,-30.27208623197396,-31.181932392668312,-32.116694958028376,-32.96715822304918,-33.63443491042166,-34.04950572698964,-34.22626788412518,-34.21290132314287,-34.08452520753388,-33.92038139253461,-33.786981664676226,-33.715059658968656,-33.70868847362055,-33.75460807655775,-33.83085637684493,-33.9128698003004,-33.98156374865359,-34.027853304427175,-34.051955382581625,-34.06222052993526,-34.07270622624134,-34.096229239123,-34.13997428215146,-34.205681776718265,-34.29162352634412,-34.396419774418206,-34.51799018475897,-34.65372267431841,-34.79411196360336,-34.91904447608719,-34.995500026962524,-35.0009021789166,-34.93376216929908,-34.827262060298885,-34.751961160635574,-34.817266205286266,-35.106008081424086,-35.6559694619119,-36.432994481798914,-37.32468442567175,-38.139786554924825,-38.68629134165419,-38.83284962885115,-38.545638248694246,-37.90957424222332,-37.13209821478441,-36.506945449308596,-36.293816995738624,-36.6786009577511,-37.72360007197363,-39.35500218215871,-41.266095158348406,-43.10952479919986,-44.53610093
7kg_10bpm,11CA,-41.91576525,-41.07015423758497,-40.81512039852441,-41.427824119546344,-42.93127660282016,-45.12465952988821,-47.60775190261386,-49.842560016795034,-51.41820828816913,-52.10297017151687,-51.852738817962184,-50.85527752403653,-49.45440317440876,-47.94127515907768,-46.54006718233218,-45.37693559135573,-44.42372356117801,-43.595042948508414,-42.77108181269338,-41.8073337893314,-40.60638451482832,-39.11296496143008,-37.32275650563359,-35.277395973156636,-33.11425757827644,-30.981678607990762,-29.027734492533593,-27.396530477895578,-26.15232907344366,-25.283540832018254,-24.735938852180094,-24.428462079659212,-24.260260641308644,-24.151858433682065,-24.060993132967674,-23.96972668598649,-23.876319599791277,-23.784656009647385,-23.699516352319314,-23.63166985434799,-23.61467064529194,-23.701394729012797,-23.962829842787905,-24.469091417139005,-25.287400584926317,-26.375446572343403,-27.63894874591859,-28.932814030754212,-30.070188632294578,-30.90393547759429,-31.375927579032062,-31.510844083933826,-31.408696270563574,-31.24269407582273,-31.16511195252069,-31.268284075153595,-31.574171847431458,-32.014313164450165,-32.45974337814992,-32.78938674680167,-32.909118074584484,-32.76840573630768,-32.418892958135935,-31.936823811852793,-31.419672134481367,-30.978176380409497,-30.689916910834075,-30.600674608878258,-30.727386047591597,-31.07388074760586,-31.593352763396048,-32.238017013810584,-32.95866306055703,-33.70775515248903,-34.44308023574271,-35.138856158978626,-35.777240045404355,-36.33681111266621,-36.782490704845365,-37.06976756666803,-37.14243866441632,-36.94941240000442,-36.47253633623227,-35.796368309045526,-35.050836958742046,-34.41004490879156,-34.08388214226825,-34.16440310643035,-34.646229061780126,-35.41022755320465,-36.23034907940663,-36.84165399349274,-37.072247714379735,-36.86705206305794,-36.29290899306561,-35.571489550407065,-34.915059462360524,-34.464511108984304,-34.25853251733695,-34.192874302003574,-34.10028419
7kg_10bpm,12AB,-39.15094092,-38.08329099453109,-36.961770466127135,-36.23003605220373,-36.23885457975949,-37.08460876361486,-38.53555065107873,-40.097096028092814,-41.185558797266374,-41.33659059843015,-40.383293229519566,-38.49571056825507,-36.06742000473176,-33.55669685202063,-31.342122671700437,-29.631856443844303,-28.453295347709407,-27.705226635923477,-27.23671041817488,-26.918871849295545,-26.685599691316497,-26.53543460657178,-26.503665966117026,-26.624655380863278,-26.905272568225907,-27.320166402607462,-27.824569600969067,-28.371323666025035,-28.92050478082165,-29.43841698598074,-29.891480314929318,-30.24438811022664,-30.46724710488165,-30.5460293086488,-30.490163934283412,-30.333533743634497,-30.12472619734768,-29.909801443346236,-29.716164698828894,-29.545754989037132,-29.38259288562891,-29.213444386715636,-29.05263456062083,-28.95717883415429,-29.020350619865674,-29.341739474665438,-29.985406549750227,-30.945625889131403,-32.13654927790774,-33.41171266546546,-34.60446841434263,-35.57110955079177,-36.22908611179672,-36.5804007502277,-36.70198485824128,-36.71418699905094,-36.74143787235169,-36.86998917386673,-37.11760137830041,-37.4279913349727,-37.69203218295862,-37.78956148673885,-37.63957848651562,-37.2436729643386,-36.70737657121044,-36.226296755024286,-36.03178714282943,-36.30704954834207,-37.102962189801666,-38.29153258531494,-39.58797201235326,-40.6427650984091,-41.162299877730305,-41.016643940483384,-40.291603932783346,-39.234673397156406,-38.136283863250824,-37.2176963223571,-36.559925965853886,-36.10401999388425,-35.721229713292026,-35.313061858198836,-34.8896663509179,-34.584972046016006,-34.596906602213515,-35.079142478264124,-36.03822686689712,-37.29232103694691,-38.520013968406126,-39.38083993129681,-39.651496895697385,-39.314272888437124,-38.55627058490903,-37.69088665772403,-37.051718990303876,-36.890244407805056,-37.31250401918562,-38.2749421552669,-39.60202575096366,-41.03235903087589,0.0
7kg_10bpm,12BC,-43.69740256,-42.58518787368616,-41.183630673093134,-39.82573133160694,-38.73913726855668,-38.121172932922605,-37.92880148594323,-38.05738715586058,-38.33814549324456,-38.56989219449964,-38.62522155371689,-38.436504641623344,-38.05017090306332,-37.53150975709961,-36.98865972402449,-36.497149725710415,-36.1113615603529,-35.821788946014244,-35.59596703230361,-35.38414761595612,-35.13763389651911,-34.82936959574887,-34.454747385572716,-34.04412464628009,-33.63468702215995,-33.26972871091934,-32.96862830153883,-32.73812607930813,-32.54578381550768,-32.35290752511734,-32.10884704514449,-31.78991784657702,-31.387683820394706,-30.915305641662655,-30.413447791673118,-29.918437789032883,-29.464522788586823,-29.06292461608622,-28.717299888116877,-28.410951662293627,-28.12940115374073,-27.870079923091627,-27.642147398915476,-27.471902040124036,-27.410540425908643,-27.485654463484927,-27.732570559381653,-28.1579375846598,-28.722839360589077,-29.383455566938725,-30.06002052,-30.688847090667704,-31.205104053890413,-31.60285913578633,-31.898756248598684,-32.13768217240581,-32.38810795585898,-32.70249131687824,-33.11358120825869,-33.60458979937774,-34.13831483776767,-34.64473252739311,-35.06667309389293,-35.34037542383553,-35.46260536719945,-35.44867334777628,-35.32914807998349,-35.17304400278364,-35.03184130623735,-34.958103646223776,-34.97196833402454,-35.0850063765687,-35.275948113183965,-35.505939080508895,-35.726451205091905,-35.88473362854594,-35.94410561713125,-35.86001946435512,-35.64836516113119,-35.32654642413167,-34.944552971242786,-34.57686126188249,-34.30452839361121,-34.20999328616164,-34.33232374914393,-34.71900832023249,-35.33429994796653,-36.1212944546446,-37.008296154085016,-37.88470862646951,-38.66876998911751,-39.282735003066755,-39.730474047455424,-40.04117236111275,-40.3175479792636,-40.6812623130534,-41.272620077610334,-42.164503264460464,-43.34180602407307,-44.732866887734616,-32.28674707
7kg_10bpm,12CA,-41.28586345,-41.55099813529098,-42.32160388281115,-43.62258691755645,-45.3439675136639,-47.305429679591036,-49.23517843063926,-50.8401263386861,-51.91770764756911,-52.352771361414455,-52.10620485830728,-51.37237067521809,-50.33627970889634,-49.19380222889089,-48.11178771826824,-47.15142286706148,-46.295107864467006,-45.46786045842504,-44.56480808167202,-43.51121844509399,-42.26242989332799,-40.78076230838794,-39.08578317805547,-37.18759335800537,-35.100654570456555,-32.8604949796964,-30.56026326207474,-28.312187885451177,-26.26725929963576,-24.576656344542258,-23.315735578553117,-22.505505439497206,-22.12567547779477,-22.037192874554442,-22.112025598868424,-22.244504896748104,-22.356726856769235,-22.42168049304702,-22.44103991739061,-22.425621303145764,-22.386429866251163,-22.33450723322005,-22.28803809607893,-22.291751772637916,-22.420821711810035,-22.75358171716379,-23.354914739209388,-24.27403583253037,-25.43290963920548,-26.718787461181403,-27.989236918445602,-29.0865577305377,-29.939972354541485,-30.53957472153818,-30.92857755514382,-31.204617094307913,-31.46045383382025,-31.75058481581976,-32.093998932281565,-32.461803225454005,-32.81211979477615,-33.10746169759466,-33.31926446417699,-33.45798680546793,-33.54139632539716,-33.59006443689734,-33.61884031641705,-33.63048775711419,-33.6182630447877,-33.572800839877075,-33.49556743443047,-33.40023427569789,-33.30583930540101,-33.23447608788166,-33.19488270261394,-33.1852955994186,-33.2011426523086,-33.249277728625415,-33.354320253733384,-33.56047101283246,-33.92444380323539,-34.47929215721569,-35.193679451933406,-35.993130710468336,-36.74969068652711,-37.32494956625129,-37.638498783019216,-37.67410222720362,-37.48231754905832,-37.20968642822115,-36.97103629157356,-36.8447959408412,-36.84315124237341,-36.90563870820171,-36.96672125441061,-36.96919999717908,-36.886101848602024,-36.705490946621474,-36.39631389560358,-35.87051647751859,-35.04955807
7kg_10bpm,13AB,-33.96833322,-40.15041584643942,-37.72436712193525,-36.13599894981389,-35.9592698658336,-37.2006689469434,-39.33462476735232,-41.52918306664065,-42.96403998317034,-43.08946410972301,-41.80740144198083,-39.49994511985403,-36.743885642421546,-34.12613262812026,-32.0477217329457,-30.63406239227107,-29.761924206270727,-29.17442108368347,-28.623440845362502,-27.975368088432745,-27.240574788740304,-26.539617280728546,-26.007976983159732,-25.729657245128955,-25.70852250230848,-25.882448950000004,-26.16052317562085,-26.461960537524014,-26.73772825055021,-26.969303943668837,-27.15299132485646,-27.28196061920166,-27.34398249221867,-27.331205128226415,-27.250897657681165,-27.134282188727937,-27.031654220595883,-26.997743456336078,-27.072955155149465,-27.269407648938838,-27.56896261191123,-27.934242282601677,-28.32915420817203,-28.736837239602405,-29.17061613720128,-29.668118918460618,-30.27666444639899,-31.03585024045909,-31.961818201541966,-33.03786560679825,-34.21360465,-35.413129533540555,-36.550862506360204,-37.54475283046988,-38.34360058632826,-38.92828881836944,-39.30277007580175,-39.483935168087235,-39.48907047283201,-39.33425202397392,-39.04372513721569,-38.663213693490185,-38.26510374014238,-37.93636584711879,-37.75566679352916,-37.74803681084087,-37.88014865624904,-38.0740105527075,-38.242703512273394,-38.333109441484034,-38.35137878672105,-38.35510673019997,-38.41258414317593,-38.54847463671486,-38.70661121723445,-38.74565160000001,-38.50561406700533,-37.88435197816391,-36.906867390986015,-35.75818242442911,-34.75949996843621,-34.286303084265185,-34.64372877508301,-35.93760298535477,-37.9831967247501,-40.31343612405395,-42.25985436399381,-43.23180646855113,-42.913830424048534,-41.39855628453305,-39.17061379599633,-36.952488286077845,-35.47071524807359,-35.22993575673934,-36.37159367651079,-38.638222357959435,-41.46827720843135,-44.113222379327595,-9.89752671851309,3.905077717701514e-11,0.0
7kg_10bpm,13BC,-41.23357073,-40.09661905430665,-39.0381891868395,-38.17395124627022,-37.63156785887225,-37.450160894181856,-37.57918494915529,-37.916886573164106,-38.28608967393184,-38.51678643894758,-38.494705478120515,-38.139468753190286,-37.531045302989455,-36.77570631074461,-36.0117121419907,-35.367975263891516,-34.89652385115856,-34.59746793835825,-34.41572103006666,-34.27185113344304,-34.11981764726812,-33.94441461189619,-33.769754230427495,-33.623306793938845,-33.52259956320674,-33.452481730969495,-33.37711488034851,-33.2573529007958,-33.061107363010024,-32.79439231473277,-32.477306915292424,-32.14144467448845,-31.817326114257824,-31.51521763565362,-31.230413698076077,-30.94413414311161,-30.641499803683413,-30.318814070152044,-29.991794893492255,-29.692770908313744,-29.45707239184542,-29.331367146509578,-29.33052928683435,-29.456357295150802,-29.700349062956054,-30.027419930420397,-30.393232426877873,-30.75706345927892,-31.075147734871635,-31.32521351297033,-31.497535951062982,-31.590617740278226,-31.632098790474547,-31.650888883352852,-31.67931846238322,-31.74905053714505,-31.877167527111663,-32.073205804147825,-32.341542302879525,-32.66547408309565,-33.03030146076356,-33.415947400277076,-33.79235591850125,-34.13088931771479,-34.3981162601241,-34.56496213290987,-34.62360040421045,-34.575606454813986,-34.43668343014252,-34.256455018816865,-34.08153818916679,-33.97174563398038,-33.97279481487987,-34.10695864415648,-34.37898133370867,-34.75051111060013,-35.14803285993903,-35.491352808697094,-35.67884783022143,-35.67185668442898,-35.47115572607986,-35.13163627543508,-34.79941642633818,-34.63064224016215,-34.78923218620247,-35.388351369327246,-36.38888205872201,-37.67505598476052,-39.015062024945074,-40.12607694993398,-40.798062038695214,-40.864361782244735,-40.38723244594833,-39.56117536790868,-38.655178233410595,-38.01898287909978,-37.896307190465926,-38.428884460611194,-39.687816026479695,-0.00010727311928892706,0.0
7kg_10bpm,13CA,-38.54721733,-39.30881964716041,-40.60005495493174,-42.43088279454877,-44.71285619932355,-47.21780325609146,-49.60355175021952,-51.50269330779862,-52.61738459392156,-52.81984144745407,-52.21970124201157,-51.05293258011849,-49.61813717355635,-48.17274776708503,-46.86130260040327,-45.69320601109708,-44.572964863514834,-43.364787834826465,-41.96314577448948,-40.33424054570708,-38.52999598097458,-36.65477471914908,-34.80107649977277,-33.015013224245955,-31.28444843070864,-29.560250418325158,-27.797618922452735,-25.995751457558917,-24.2162471893946,-22.571534063484325,-21.197099632992828,-20.20933663996042,-19.65353850911575,-19.521191562451296,-19.750601153514413,-20.25525988640094,-20.953614964571138,-21.79187952359695,-22.750114754836485,-23.829848063381203,-25.028529290948637,-26.3170130554709,-27.621560498591805,-28.837844303489394,-29.857398411335957,-30.59613549901507,-31.016193310857624,-31.134887878921244,-31.020055591101755,-30.77586531495418,-30.52268648883807,-30.373489108096997,-30.41502661223711,-30.685776855376158,-31.15894858825391,-31.76367947895817,-32.39459565683725,-32.938098460775116,-33.301660763010815,-33.439546926396844,-33.36537016504866,-33.14542245189282,-32.87600229559826,-32.653266528238845,-32.54673692133173,-32.57630051343521,-32.72441783904443,-32.947821784147095,-33.19832254747745,-33.44157332224191,-33.669289158190224,-33.900941484514654,-34.17426259560174,-34.526746348852825,-34.97713711141536,-35.50505900327153,-36.047983322695046,-36.52050719240377,-36.83719358814211,-36.93896726491524,-36.809345354629336,-36.4738975906233,-35.98569503137591,-35.4072027312488,-34.80165811406359,-34.23891308999954,-33.80918636516534,-33.61089012209945,-33.73154208088538,-34.19808344515684,-34.93782970131682,-35.77184492304178,-36.459977898214035,-36.78846470061526,-36.6637275786301,-36.169086391901814,-35.54000620714776,-35.07720756991671,-34.969204191545586,-35.20010710080037,-35.5326391
7kg_10bpm,1AB,-37.72788398,-36.01036957617064,-34.54810626174472,-33.80831856210278,-34.08269434144043,-35.38425829884552,-37.433472215495776,-39.74219595923849,-41.7639254266199,-43.05311327986961,-43.376829315277284,-42.74544907574683,-41.362346455237365,-39.521857957483185,-37.50071431860882,-35.48585335812789,-33.5618127351075,-31.751770121655372,-30.080690562040463,-28.619433336760252,-27.481270565178907,-26.772041147922184,-26.525231760189737,-26.664017662149142,-27.01611503518069,-27.37510464,-27.574990627028292,-27.539694608250876,-27.287022560804235,-26.89396383362379,-26.449573424280224,-26.022453544446357,-25.65386627155911,-25.36803277323938,-25.18306841465891,-25.113124147936052,-25.16484352545272,-25.336712986428317,-25.62489505222221,-26.030116808564713,-26.556257128023223,-27.19695416714381,-27.917963826599237,-28.650425397781333,-29.30642938993464,-29.81513485573833,-30.163518206609456,-30.419302442536946,-30.719049659776537,-31.22018206668523,-32.03468451,-33.17448670033753,-34.53652773097913,-35.938608026368044,-37.19234473028962,-38.1799061190188,-38.896589948313654,-39.43577387146171,-39.92120915425306,-40.42055909705675,-40.88753851243159,-41.16901063186355,-41.081839452303946,-40.52568468361697,-39.57102971082267,-38.46525730744391,-37.540647608822674,-37.068244248996635,-37.13926663774027,-37.638792995662236,-38.31571236285386,-38.897296495109245,-39.18607383711456,-39.10585757869889,-38.6987541386083,-38.09124397000001,-37.44569260541862,-36.9076865752065,-36.55902220794167,-36.389665307811555,-36.30175250717716,-36.14951065923545,-35.80365061269198,-35.21616655956784,-34.45924390772241,-33.72100489468162,-33.2558535649105,-33.30215149032166,-33.99161541232168,-35.28176696073722,-36.94230939262186,-38.61409287665529,-39.93348430167616,-40.682058037400516,-40.89753063331421,-40.883865293399836,-41.092674789441496,-41.90424215505114,-43.39258370800178,0.0011117468851130643,0.0
7kg_10bpm,1BC,-4.09466431,-40.46816467362579,-39.86953769565377,-39.32109833036045,-39.0279607476338,-39.04797941125919,-39.3796479153408,-39.846103888793905,-40.23003350574696,-40.24186491340513,-39.77764392747141,-38.78063577610574,-37.378224429172796,-35.80754956511956,-34.33485834284588,-33.16561082839827,-32.414398810858906,-32.100506621767025,-32.09493781192739,-32.29326175879834,-32.552717790597164,-32.799793331040775,-32.99667638781308,-33.15341999186262,-33.283144497516865,-33.39866464872037,-33.49899799410958,-33.56663675430042,-33.59042704658927,-33.55740038636672,-33.467072904009854,-33.3322652478158,-33.160907835099806,-32.968170889596216,-32.756544681258504,-32.52034185473221,-32.2533080262689,-31.94297395840063,-31.591426326804875,-31.207895307699097,-30.811923431005848,-30.429863407865625,-30.087578389228124,-29.80128920454577,-29.57218482916152,-29.403187846145737,-29.277293354645824,-29.194070604023327,-29.16270239280951,-29.199172479763316,-29.35079381043251,-29.637062572111752,-30.08189780485187,-30.688352218977833,-31.40989968402885,-32.19750568457451,-32.96887103071239,-33.65813106479258,-34.19237517836938,-34.56240236063702,-34.753540361027675,-34.799903201675015,-34.74594259262504,-34.6257975700778,-34.480346929268684,-34.32255085642966,-34.152170503695956,-33.96139289060528,-33.73636312106553,-33.481977892177056,-33.21213926609919,-32.96110556765607,-32.7646469576961,-32.67022624861184,-32.69411151511778,-32.83323068830156,-33.06094345121778,-33.30645933206253,-33.49097670883757,-33.53477927820374,-33.402995578150325,-33.07780300783913,-32.665283103690676,-32.301103291325234,-32.1927884879799,-32.486193521745754,-33.38366642313038,-34.81937337204963,-36.69790620109841,-38.76153122103623,-40.69305837628616,-42.1339077063002,-42.87649069738522,-42.8398592393282,-42.02807186619643,-40.74253383241696,-39.251990234408275,-37.921539308419696,-37.2666029266676,-8.662595118976979e-05,0.0
7kg_10bpm,1CA,-43.02355514,-43.64381649939395,-44.61793170888603,-46.0114182170606,-47.653053533124364,-49.36044866773561,-50.864303984996816,-51.98313584668204,-52.52524673264918,-52.51902324636093,-52.04269451942474,-51.222849942118586,-50.25666852855529,-49.26311311696199,-48.31716273773152,-47.41885532751565,-46.518939002169674,-45.544471002236214,-44.421419102014255,-43.096554795301806,-41.57263077921196,-39.84016383885746,-37.97174274822051,-36.02266277755539,-34.07168029860896,-32.18837609,-30.451025577565186,-28.904097454131048,-27.574295448619527,-26.500243648789176,-25.642867527032454,-24.997279866538186,-24.517420985228853,-24.152134001783796,-23.862601796842213,-23.591720554661258,-23.303086188343332,-22.965411376862207,-22.571814578040957,-22.122008905627315,-21.65041410220617,-21.19773091399081,-20.82708054703813,-20.582440801929764,-20.523789936199172,-20.665429312979395,-20.9986799033065,-21.515330492755588,-22.146186792054994,-22.850227829239763,-23.578681070000002,-24.305980081609384,-25.024645589522738,-25.745839065432133,-26.484079365893688,-27.248777473900855,-28.03002995420728,-28.800242015533335,-29.517400837055074,-30.14128033061977,-30.62990556921882,-30.99371679201728,-31.246081549212487,-31.445546526327124,-31.64852656862825,-31.915699192884603,-32.263263616229395,-32.68896714201449,-33.148040614181824,-33.58449710657602,-33.92817834036489,-34.15534335851163,-34.264055077488145,-34.30327027379529,-34.35976752623896,-34.54754449000001,-34.952111471581986,-35.61601062499907,-36.540656535114486,-37.59809150130453,-38.63374055800841,-39.44019338094962,-39.87900311459878,-39.7894872051331,-39.27519242267422,-38.44946339889562,-37.568497423869424,-36.86718777324314,-36.59565595426849,-36.7841769338923,-37.39507845484327,-38.26436133436893,-39.15921541679185,-39.862998562047245,-40.23938248933951,-2.1439417950116533,-8.196697388830025e-10,-4.584420523941028e-19,-2.138971802567969e-28,-7.012155256284699e-38,0.0
7kg_10bpm,2AB,-36.48451681,-36.84642359270858,-36.70744112982589,-36.30091616246359,-35.89765156818814,-35.78825873676308,-36.114397591488455,-36.79959227915308,-37.64014871252885,-38.301743406375685,-38.52732153326889,-38.17929888264799,-37.20296650168149,-35.79487778626622,-34.155907922732304,-32.48532579291228,-30.950449479140083,-29.62461135447524,-28.539082297992636,-27.722152517069706,-27.146042846672803,-26.804475357802858,-26.692064992261848,-26.74738781701408,-26.898115260504124,-27.06862175,-27.182225019253337,-27.201516614339432,-27.117545192576696,-26.941011593780512,-26.720503807116962,-26.497318890809645,-26.31484545066107,-26.208162043702185,-26.195629523591133,-26.292492531329152,-26.51508262409304,-26.856491463985368,-27.316050808660858,-27.89608929591959,-28.56606615020411,-29.290404844576234,-30.021888329104776,-30.701850868876647,-31.292013768445308,-31.775764600510023,-32.16231642386654,-32.51194953609536,-32.8840512946488,-33.34354330049693,-33.92029552,-34.601576046550335,-35.34621374070656,-36.077368755434165,-36.72144488083106,-37.225103326982975,-37.541978313532,-37.69990890652126,-37.74000269101027,-37.72277734115082,-37.728533552508026,-37.81828972655934,-38.03253284572336,-38.38512022588421,-38.8239063201078,-39.28177041215688,-39.660581744993955,-39.87856474913273,-39.895048716069404,-39.700729184786255,-39.347077474665035,-38.925825903851354,-38.52334792285884,-38.233773277691675,-38.09374872516242,-38.105286840000005,-38.23204323590047,-38.3719913485112,-38.407807586515126,-38.213230357577594,-37.67423601970051,-36.80247659186123,-35.67639899924662,-34.48280170584792,-33.50192548483935,-32.97750922450917,-33.13855356634314,-34.05215676450455,-35.594385362506365,-37.57551435686617,-39.720564964954995,-41.75896881562719,-43.532802980293866,-10.218616264628041,1.7929072037402284e-09,-2.7790076760806917e-19,4.1042283843846167e-29,-5.63689716963162e-39,6.820972925900317e-49,-6.128935339391879e-59,0.0
7kg_10bpm,2BC,-40.9442367,-40.115813565432475,-39.433534561400826,-39.027863639801474,-39.053334542761476,-39.40502233520388,-40.01012888951571,-40.661810902679626,-41.15168253958446,-41.327248615504885,-41.080014220801026,-40.40866609860394,-39.41772828867813,-38.24446797478479,-37.07693364838858,-36.0858752517505,-35.336503848503355,-34.917647703881165,-34.73033093162187,-34.72950601371549,-34.79132929214322,-34.82612620474732,-34.77481562126169,-34.60393413887579,-34.31912370817175,-33.94777023726958,-33.520132487302604,-33.0722243450743,-32.62663985245063,-32.19520355770418,-31.78441006036072,-31.387151710505286,-30.999134700673316,-30.612579195571616,-30.222882404932147,-29.82900197965712,-29.432946497157076,-29.039809153120583,-28.656676037989573,-28.291184485490362,-27.948064140916152,-27.633821017999995,-27.34663160824468,-27.093783115092375,-26.87177275497844,-26.69721235423314,-26.57424132706043,-26.533322826961335,-26.58684273191375,-26.76512654223263,-27.07401324512739,-27.513238465022297,-28.064651055595128,-28.685961310407226,-29.33337390001365,-29.957524649083773,-30.51097511382315,-30.986411807756348,-31.366840688213678,-31.69024116939189,-31.983710508758197,-32.28623771978846,-32.62861010289129,-33.01976865601094,-33.45363931878931,-33.90652038513125,-34.34433325798165,-34.73005276569943,-35.04000874643637,-35.24006771503998,-35.33720180507767,-35.302574311734524,-35.16432797255693,-34.910822756697655,-34.57822240673135,-34.195146113564626,-33.81940591442836,-33.53303183482344,-33.42704775083313,-33.59686346228993,-34.13874474095138,-35.0638013875435,-36.40031977715635,-38.00813037710021,-39.76638325123198,-41.45789982543741,-42.81825118625026,-43.72137769803896,-43.96768104121584,-43.595551287699855,-42.64630653003802,-41.30659481086392,-39.80796420502144,-38.38909132878487,-37.25704492329522,-36.61070249145287,-36.477383345554955,-36.99118401121595,-38.30469751837494,0.0017076918777315082,0.0
7kg_10bpm,3AB,-39.59582566,-38.176243108136866,-36.95818370194532,-36.182460146529976,-36.09371067117672,-36.686564245651475,-37.798353240378795,-39.14931757195278,-40.31102268058975,-40.94221830657489,-40.72288055628055,-39.68573708113393,-37.90220519087184,-35.671111599639914,-33.328226659185574,-31.180486563397082,-29.419381234249457,-28.092590832305557,-27.216281969471012,-26.627627809458907,-26.233801970000002,-25.9546953419712,-25.747884581259324,-25.62375107104078,-25.603077883012432,-25.687786982901752,-25.873533315440916,-26.108836161276063,-26.34509497177508,-26.526475970152408,-26.632987682711484,-26.661397299511258,-26.63688221478372,-26.60559693346977,-26.61641216698228,-26.715206674781246,-26.92198715580651,-27.258771025851576,-27.696143724826246,-28.20016929801308,-28.721063770000004,-29.205184223235612,-29.611845610358206,-29.916159518251924,-30.13215988196046,-30.280872309319612,-30.40991083358374,-30.562402716827293,-30.789752116660473,-31.119045417235135,-31.57088464262971,-32.171771792823705,-32.90104878925332,-33.74880396436483,-34.6784370134034,-35.63553146759166,-36.55969510547574,-37.385110759338815,-38.066407426171864,-38.53192178426806,-38.776489960000006,-38.7864801956782,-38.548851861723946,-38.12365339338475,-37.555593307231696,-36.93549824913582,-36.36206038526756,-35.948793417516235,-35.77802399108473,-35.88105415899489,-36.29514189118791,-36.92710713484804,-37.7001080411017,-38.5045266328843,-39.24015367070582,-39.82576888694524,-40.20622361188681,-40.37391398849948,-40.30262237892926,-40.02473304402283,-39.58248151000001,-39.03276226785994,-38.49303196776955,-38.07598197847358,-37.91910917493396,-38.06335313873531,-38.5247399153622,-39.199523193566876,-39.92807570630686,-40.52978216667935,-40.88653314364466,-40.98363099198732,-40.888738759173165,-40.80295402798545,-40.90693210144146,-41.3643448184075,-42.165049069212365,-43.235133160506095,-44.35904960915099,-45.32851322327316,-45.91917133
7kg_10bpm,3BC,-43.05744142,-41.77274807637643,-40.47509158935511,-39.36810793257002,-38.67828565423482,-38.384691556943025,-38.531953580873065,-38.91747496477406,-39.38699403405926,-39.75341650676205,-39.832062716438514,-39.60950191928574,-39.04673541916291,-38.28680591474459,-37.4486298139331,-36.677585516047955,-36.108804097354536,-35.76206688464371,-35.65922303986281,-35.70504000311366,-35.81246961000001,-35.87741226792277,-35.80178249748312,-35.55557583492168,-35.10612591497175,-34.49786528087723,-33.76519637572145,-32.9766098323654,-32.19134252575525,-31.457178023196604,-30.81833948595007,-30.284322498979,-29.863935495133752,-29.532610255819247,-29.26562897666433,-29.025437796921757,-28.778944859406753,-28.505089003348576,-28.194929010605914,-27.860113781797985,-27.525932610000005,-27.22397479651895,-26.99102158198421,-26.849347035460546,-26.816249696277723,-26.88822185350788,-27.055497850376707,-27.298583452264364,-27.598954898293993,-27.941483210342916,-28.3171061052178,-28.722234291330125,-29.15562756921064,-29.615487001169466,-30.09553035364577,-30.585898036141796,-31.072366578952145,-31.54118398409582,-31.982158659643105,-32.390104947483266,-32.768943330000006,-33.12550815649831,-33.4710740119638,-33.81313130421683,-34.154528477206306,-34.490597590148155,-34.81033848398426,-35.09629200669596,-35.33259687246376,-35.49735166553465,-35.580878169231404,-35.565040630224814,-35.45397543358757,-35.244359755353074,-34.96441518461651,-34.64555901757205,-34.34730737377385,-34.149394912535136,-34.121052904414945,-34.36389986432068,-34.896271850000005,-35.76795874813365,-36.89338237959796,-38.203895454619364,-39.5375710932893,-40.721965727811714,-41.63345256092246,-42.10193178878362,-42.153212152345226,-41.7449241596955,-41.05900057803356,-40.23533523714243,-39.49790860546248,-39.1075189090399,-39.16771308880802,-39.901128385565734,-41.18742131607114,-20.871837114762325,3.470026055509657e-07,-5.016403653660664e-16,0.0
7kg_10bpm,3CA,-44.0917297,-44.63157119857642,-45.557234111822446,-46.913896826617865,-48.635636045202816,-50.582389425498626,-52.50770330399689,-54.12740226979804,-55.261412358926,-55.633682303776986,-55.342558803437726,-54.3055731960447,-52.81167112397624,-51.00816754309999,-49.14022610722742,-47.38490243491757,-45.83249188989265,-44.51592624653445,-43.38440093708617,-42.34319756617999,-41.28868363026391,-40.129396932879594,-38.79034924897736,-37.27050130406629,-35.55351280728018,-33.71232173,-31.785097395002587,-29.850679593897635,-27.983897820245495,-26.237303681158334,-24.695060309294604,-23.392733953770016,-22.395531037811264,-21.720014678930845,-21.373417547955228,-21.33690221439301,-21.540344277844504,-21.920865693035662,-22.373520935221567,-22.816331847684722,-23.190068448091377,-23.44139284495384,-23.59487643054675,-23.66322358060188,-23.70558795044535,-23.771112661012122,-23.892442988709863,-24.090439260513357,-24.353481230785953,-24.65662283472799,-24.966272220000004,-25.251006703130855,-25.48979729100279,-25.683337937084097,-25.83895059772002,-25.98193869310016,-26.13600579761731,-26.315772196381914,-26.53729231291227,-26.792886882245025,-27.083488547839526,-27.400890454697368,-27.75065141338111,-28.14039456203973,-28.58912900790115,-29.112090056298985,-29.717352399445417,-30.402635560978712,-31.138781081127497,-31.886486113604334,-32.593248866346336,-33.18936366496518,-33.65385780979466,-33.93257248965377,-34.073621590328315,-34.10312331,-34.1090767154404,-34.182497760426024,-34.39112328622775,-34.789584152451816,-35.366418398418965,-36.06245549586204,-36.77959212833018,-37.400472654983,-37.81412654033374,-37.99339373660978,-37.923750516067315,-37.72560330025796,-37.52497922162145,-37.45535044570982,-37.66853103743917,-38.15584995866243,-38.90622677996388,-39.772108512682614,-40.57203310120421,-41.122238704573626,-41.2428148707548,-12.410739257573193,-1.2742943765603463e-07,4.569023426213451e-16,0.0
7kg_10bpm,4AB,-39.20727534,-37.595846483344424,-36.153829221496395,-35.19568278271021,-35.05140041338642,-35.67565136994333,-36.941182043272505,-38.58639463084373,-40.19644351844107,-41.43528448834065,-41.978906261742324,-41.76421060145121,-40.75594697014685,-39.10471976143572,-37.05389385123063,-34.811217455789865,-32.601264930479395,-30.55116845570348,-28.772124214054386,-27.267154823872573,-26.03314996670192,-25.093105665299387,-24.398023588447206,-23.94248689775036,-23.717241538007485,-23.66850575000001,-23.767955782238392,-23.96971372707922,-24.22752767765697,-24.508911584226574,-24.784020271684163,-25.039232561797753,-25.270555855387112,-25.495249669334687,-25.737613135452982,-26.03890515932906,-26.42129373408021,-26.89925033903279,-27.46939681691507,-28.08633323397473,-28.699218124775292,-29.238612691476945,-29.658634177526864,-29.91640722915925,-30.01186198165844,-29.979207013008672,-29.859309842808894,-29.727219297428746,-29.64308937871253,-29.68326418388778,-29.87977824000001,-30.26056966266369,-30.856568676928948,-31.636837516457973,-32.589566240874994,-33.678122238150856,-34.83883725792889,-36.00684579937301,-37.096050546614755,-38.040653746586386,-38.763159201214364,-39.249621341525426,-39.523048194351205,-39.61599898967833,-39.63370090107276,-39.65636665343897,-39.77512283267571,-40.02558343079417,-40.42036977191911,-40.925682250653814,-41.458341575257144,-41.91923154131855,-42.188892387217024,-42.19223279584262,-41.84291265977777,-41.149904840000005,-40.172975631769006,-38.984954105716426,-37.74639134989831,-36.58940955889815,-35.69518392667863,-35.162949642266504,-35.102978175796956,-35.620222201387385,-36.665350675931165,-38.197444838765996,-40.02398597571606,-41.86059855204619,-43.35828801766489,-44.1904058646329,-44.21902355552949,-43.35977649408396,-0.006592560343549648,-6.909394780216405e-13,9.229660201233388e-22,2.5461819519537412e-31,-1.0924416362347658e-40,-5.606134979276775e-50,9.348608392726426e-60,9.962878309046174e-69,0.0
7kg_10bpm,4BC,-41.20871328,-40.40033792044112,-39.55216839243562,-38.87047938895056,-38.47161404384905,-38.488916942264815,-38.806559779760335,-39.33984177598506,-39.870463853402114,-40.17851849516991,-40.17363585118856,-39.731788951660484,-38.961174124497646,-37.94272494866391,-36.86065504697509,-35.879878341435095,-35.10288232515228,-34.60977195159319,-34.3765349313759,-34.365987958486386,-34.49640171384855,-34.69210630927384,-34.888615769092915,-35.036092184038374,-35.10195117235997,-35.06567654,-34.90872432945705,-34.629422523375666,-34.22105317600094,-33.70643690933441,-33.10198391036994,-32.45109365170052,-31.789357737275616,-31.152894607188426,-30.57558329794531,-30.06124436251055,-29.623139411677517,-29.235360845134316,-28.885041249871207,-28.540703206375085,-28.175793060140947,-27.778101209146655,-27.33600124029997,-26.86732762235233,-26.399263581128857,-25.970404241262067,-25.63783605493023,-25.43355068575371,-25.403633340253403,-25.546017301667927,-25.860686160000004,-26.310188346921368,-26.855889173468842,-27.453819839414326,-28.068796638264168,-28.682170036515682,-29.29178991314486,-29.90904241034553,-30.5511541482217,-31.234439567293908,-31.9596036922325,-32.718062729556436,-33.480034602128676,-34.205345383332,-34.859341366122685,-35.39176120590883,-35.801069839115875,-36.05529185244291,-36.19214927334071,-36.20543615009069,-36.14038570428281,-35.99808659894431,-35.80375291421528,-35.5511725772581,-35.25434001762476,-34.92002099,-34.58055517684871,-34.2911426665347,-34.11218927729134,-34.14076227921178,-34.42957653674293,-35.045960926157775,-35.97410445873985,-37.16983157703407,-38.520370180733146,-39.87091454202813,-41.057589935576885,-41.92858631360823,-42.372085586491224,-42.376703240542675,-41.970976662438126,-41.31276909950392,-40.5715390113466,-39.95892736029914,-39.69657301214666,-39.88561812760448,-40.68381119889273,-41.991220253314935,-20.497084785855826,5.018963114424381e-07,0.0
7kg_10bpm,5AB,-38.0417188,-36.656336023706885,-35.43208789338036,-34.63110624609101,-34.383410893787456,-34.6981401588006,-35.51652756853813,-36.57207942279074,-37.62724689544088,-38.41856876479178,-38.79764115709849,-38.60265039205196,-37.92436472370846,-36.80694921236642,-35.40213056739292,-33.866777521901895,-32.347500307204626,-30.960041922795668,-29.790210917294072,-28.883864697679876,-28.215799457523424,-27.778996395312955,-27.48012006308072,-27.257681113827456,-27.04408497072189,-26.80131152248016,-26.514701434385564,-26.20913655659292,-25.920829745709955,-25.701007922549373,-25.575660777503344,-25.573896103572455,-25.685934665411647,-25.89560573695282,-26.191429841008468,-26.54918633335193,-26.97034721468965,-27.45577449016994,-28.00571149148603,-28.623499915795705,-29.278993840622277,-29.93807974147893,-30.54710728956903,-31.065771870986193,-31.437883551439466,-31.672539266092613,-31.774991648931596,-31.786164060398033,-31.759574577850984,-31.745966711708544,-31.781931882366088,-31.88892100156858,-32.07612571443207,-32.33436347476132,-32.67223120043799,-33.08685186610937,-33.58798615206213,-34.18886997634622,-34.87406271197009,-35.62782003562735,-36.3984143891883,-37.13269001212348,-37.760236645112805,-38.25392861663015,-38.587598294112546,-38.79151806902895,-38.91706267744278,-39.02662198295284,-39.174842772946015,-39.38985657757996,-39.65632528792596,-39.928083714277015,-40.12752102159639,-40.20010439512405,-40.09642036405682,-39.80760774184875,-39.375215405297695,-38.84004808509932,-38.28430095853168,-37.76856446599371,-37.35419473665444,-37.06707221445739,-36.95126748137718,-37.00152834436804,-37.222849626544985,-37.61777371773586,-38.152259310303116,-38.814311253897394,-39.5581664970979,-40.34788183905747,-41.14827499005083,-41.934886007339976,-42.69498861935944,-43.42703525626194,-44.127514511107165,-44.76418238094732,-45.29273130448794,-45.623256228029014,-45.663488384124996,-45.37478250541257,-44.695889
7kg_10bpm,5BC,-42.91613891,-41.72708230047888,-40.31437448225375,-38.9381484811046,-37.81924211572532,-37.20534024181,-37.0495817514989,-37.373179684556355,-37.929856397108225,-38.53812238798576,-39.00388070082453,-39.16023767036213,-39.007269261485504,-38.54335531836927,-37.900163681565964,-37.181309210798666,-36.49873117673321,-35.922228946308,-35.47101980479731,-35.14303693724177,-34.9117619021986,-34.75848779846505,-34.66936486778087,-34.6358497492767,-34.646741415783026,-34.67823923688462,-34.69219064189948,-34.64933617435087,-34.50201644320673,-34.23761792063172,-33.83909743026431,-33.3392126168328,-32.757527712110374,-32.139932191296204,-31.516018599737553,-30.90828485129653,-30.335523000470914,-29.79642736842263,-29.301505404106372,-28.845510126324147,-28.442355550517995,-28.09220518426767,-27.81364831253209,-27.607094500782484,-27.48682600733449,-27.44691938435041,-27.491248640257314,-27.60843499505536,-27.79425962696407,-28.036838152750555,-28.328128140808797,-28.656830075044265,-29.011298597825686,-29.377236254741465,-29.73927067119292,-30.07950649235995,-30.38556306950897,-30.643689923750134,-30.855117158028786,-31.01996087227723,-31.154678910898767,-31.273474671507103,-31.39468017962252,-31.53523194986469,-31.699426870657984,-31.89396938372001,-32.10840876854489,-32.33731431527492,-32.56926445182997,-32.797937889326086,-33.02216836726924,-33.24463934538819,-33.471152160838336,-33.70683063214033,-33.95011901938758,-34.19305207292945,-34.42015937553113,-34.613340693538994,-34.76306565314264,-34.87350795310532,-34.97576535664014,-35.12201738361179,-35.39031585687182,-35.849579677818596,-36.57322354993915,-37.56901138923376,-38.82948825590136,-40.26260299086359,-41.76159832201024,-43.20347520804459,-44.45848793622094,-45.492344914224596,-46.24929041542817,-46.80781016179421,-23.6897069115882,5.119514897731878e-07,-1.9804500281827383e-15,5.019176975274722e-24,-9.571489339985145e-33,1.2040250232305611e-41,0.0
7kg_10bpm,5CA,-39.14627891,-38.91633642423046,-39.7592701379651,-41.78979393343573,-44.72665634241338,-48.07000110595053,-51.25423727163915,-53.760078156486564,-55.146727755514334,-55.36765316181235,-54.556332121970705,-52.984258813329376,-50.981728031334725,-48.86704876759724,-46.85297178344964,-45.0060670447922,-43.29126731380583,-41.610245808679366,-39.852480697521024,-37.97153852953626,-35.99266650646332,-34.00398879489863,-32.14305838282214,-30.536665506723928,-29.254529065153147,-28.307733324929696,-27.650499576335132,-27.20675416827947,-26.870431935330327,-26.583609848080116,-26.328769005562076,-26.12398012780544,-26.00793159334742,-25.99054006653413,-26.04690247606267,-26.11212953688605,-26.091872030588267,-25.897817906833694,-25.506814786085872,-24.959385074419956,-24.35756775878028,-23.851633438600047,-23.575770088903347,-23.595341923249364,-23.904007077006128,-24.4309161645302,-25.066743552046454,-25.694877095250334,-26.252445720363767,-26.722301331930876,-27.124178172522907,-27.49801627086658,-27.878404315848478,-28.27777113569922,-28.691569984991744,-29.106164548900168,-29.510723730858686,-29.907088634304145,-30.30628790287704,-30.721669215934146,-31.161382927044627,-31.615478277324506,-32.06055554853266,-32.467096363029945,-32.81003344777928,-33.077415038190985,-33.29470207092149,-33.50096150644018,-33.73749375799891,-34.029355025768446,-34.3663373452251,-34.69958631912062,-34.973519960575544,-35.14774190623133,-35.21572111393114,-35.22576803337283,-35.25170412576682,-35.35725950242983,-35.571969985354464,-35.87639155162597,-36.187149313821706,-36.40918694231737,-36.4624452578497,-36.30755161518812,-35.95844072665123,-35.51744389045176,-35.10396761629373,-34.839565654020426,-34.82269088539075,-35.101047543170196,-35.63099528703796,-36.338387716833,-37.12672485076549,-37.8929647179406,-38.539549243447325,-38.98221437543688,-39.12860364708933,-38.87874171266292,-38.10576728056979,-36.80185436418993,-35.04211263
7kg_10bpm,6AB,-8.04455907,-38.28797391196505,-36.708485888393966,-35.80422270075734,-35.81496726679093,-36.593678312053726,-37.99547573528884,-39.545292938728174,-40.81765408118201,-41.46270230677137,-41.22648409000752,-40.0717895529012,-38.16234076912841,-35.72566643065461,-33.10992924473176,-30.617827488877143,-28.43768734741942,-26.734651164372643,-25.49641644737155,-24.705183058837825,-24.28157443516412,-24.128538250532465,-24.18373375002787,-24.35679119997959,-24.60265481462829,-24.859661097179693,-25.087248888371867,-25.258057003673457,-25.35888597575376,-25.39576867939071,-25.393237910439534,-25.384564546440874,-25.404262290513607,-25.496476199618304,-25.67388997596569,-25.957910598567768,-26.337211351283774,-26.79546835014905,-27.30064121357648,-27.814900422362154,-28.296469067732364,-28.722605935138684,-29.064648422149336,-29.337148887675607,-29.552714791967798,-29.75001880830259,-29.96797327215796,-30.25110551404899,-30.623380497872354,-31.120609384281167,-31.729026762346557,-32.461177099970975,-33.280509485340225,-34.16732334956126,-35.08203008745351,-35.98861549827663,-36.84368325881828,-37.616876853530776,-38.25056646113777,-38.732327505457484,-38.99793639401971,-39.05171230056122,-38.87049593024057,-38.48684264005018,-37.95460907759025,-37.35767989930636,-36.79212559277817,-36.376377828308954,-36.15645383452912,-36.204975311367996,-36.481622452678984,-36.953948093195606,-37.534011834214844,-38.1388699764609,-38.688789489668906,-39.148277410830985,-39.4878716092304,-39.7477195159655,-39.961671700078305,-40.18833599631736,-40.47441576431814,-40.84841390616516,-41.30616250066886,-41.815481263993924,-42.31290844837887,-42.69952262719334,-42.91341528043004,-42.86216946814991,-42.54494939019454,-41.97148613060457,-41.22229654024108,-40.40852771615895,-39.67108656116155,-39.11465915679715,-38.89148339159751,-38.99932123991927,-39.4798873263377,-40.23318643937587,-41.15236957547509,-42.07068773981731,-42.84399165
7kg_10bpm,6BC,-42.63027371,-41.67070453729836,-40.52590687576351,-39.41255223723322,-38.49905702494059,-37.95065533564257,-37.73852971192896,-37.81953514360205,-38.03751109401346,-38.241569372484925,-38.28721493602638,-38.13396172832777,-37.76092907141823,-37.282140487751676,-36.80009103149516,-36.42479968630814,-36.22052261652787,-36.194484944607424,-36.2862001516664,-36.413243855233915,-36.48798855380195,-36.4317035848892,-36.23843598573186,-35.91483779278171,-35.5111779208887,-35.07575916045367,-34.64512636276069,-34.22748282294245,-33.80654108987811,-33.35244574669747,-32.82992461560915,-32.228518027079694,-31.555228124963577,-30.843254518459123,-30.136819310796785,-29.48859963975347,-28.919366009951947,-28.455005011977146,-28.07418130241109,-27.76195111641801,-27.49064346411417,-27.241711633921742,-27.009461272063245,-26.796770595820472,-26.62487005792811,-26.506201579717217,-26.466126593121498,-26.513518009854547,-26.655094412943438,-26.89007536432904,-27.199338964341322,-27.571371257500466,-27.973213961257017,-28.383047211552615,-28.77980565859392,-29.153467343488437,-29.509348143243574,-29.86574653674426,-30.255875077604454,-30.70452636923095,-31.251897926801323,-31.89112714820772,-32.61968028408545,-33.395677239089814,-34.17114934412129,-34.885026257847215,-35.50048701591479,-35.96994185680754,-36.314938998178896,-36.537813078613,-36.68547635527158,-36.78309823879501,-36.845948726547824,-36.866547832172756,-36.80731416003538,-36.64789486945477,-36.351260489896,-35.963323302775315,-35.552978059259296,-35.254936884622694,-35.21314300562558,-35.58712712715385,-36.40104576438643,-37.692708119996944,-39.24313339400289,-40.82951101797315,-42.145091157999275,-42.910220909284135,-42.936030917414726,-42.237567720910654,-40.89992885596796,-39.27128812397209,-37.71992916544313,-36.61421340209179,-36.31351256117288,-36.97450324504897,-38.60560926440164,-24.19109468154955,-1.3189137886019827e-06,-1.7950283506371186e-15,0.0
7kg_10bpm,6CA,-43.6947854,-44.0142642299544,-44.636282997363686,-45.638075496468865,-47.01151021928833,-48.66814903018766,-50.34399210186574,-51.80141494994451,-52.736529635371454,-53.06998870999287,-52.77584084512154,-51.91553783008342,-50.72542699571677,-49.366713087218066,-47.985136358758844,-46.63860825615243,-45.31574556788937,-43.95421032576013,-42.49970914695861,-40.914407139602204,-39.209208309159266,-37.432020605851754,-35.63464272127405,-33.87039356192832,-32.16744182850277,-30.552853124684557,-29.04156330875952,-27.654632988109707,-26.450117208859837,-25.455217084451068,-24.688159090225,-24.173425720374706,-23.837257496782758,-23.61436745308417,-23.42245920725555,-23.19041956836675,-22.889996301423707,-22.53209779944185,-22.178925188479717,-21.902016319676694,-21.78641349142595,-21.860300802746927,-22.139473877553264,-22.594814774948723,-23.159987837663053,-23.781001513440536,-24.40394086938089,-25.002356553346946,-25.5653572026249,-26.096105372714792,-26.59744206,-27.059056309209897,-27.466596821611294,-27.809118920507174,-28.077791763887817,-28.30325783148183,-28.528923469915334,-28.82684515038745,-29.252165867768145,-29.839700962860903,-30.61441518412022,-31.512381200846555,-32.465350956577,-33.36281817277201,-34.11113533517931,-34.63480853341291,-34.88787866171028,-34.925846914452364,-34.81932924571645,-34.69733573479865,-34.679564396281386,-34.8646366606958,-35.286048869182316,-35.88462358140801,-36.55914868850783,-37.1451764641433,-37.5125521463709,-37.5345762034065,-37.20203049926711,-36.5814492424782,-35.77359169367544,-34.95978967930333,-34.28024876171981,-33.898682480033436,-33.86015963233959,-34.17341241853382,-34.822055351623,-35.646783495134905,-36.505017074302884,-37.19487088506951,-37.58403700188223,-37.58389967016306,-37.184778783844266,-36.536813074982454,-35.796133465347474,-35.1501385503082,-34.68319121295032,-34.38710557839923,-34.11239018146803,-33.66810795591548,-32.86058945
7kg_10bpm,7AB,-38.78200975,-37.020679675811486,-35.727741139999075,-35.17443695521453,-35.46260030127223,-36.549956059721154,-38.166952273168924,-39.91023058694159,-41.40037033236845,-42.20886468509538,-42.148551499736804,-41.18246278545882,-39.39280080427776,-37.02979417563383,-34.439798316087185,-31.897682135408616,-29.65988562353746,-27.83840198040089,-26.44606806895998,-25.445229997333552,-24.750004746203352,-24.239800161157632,-23.845498584982405,-23.538541059038334,-23.328735242078935,-23.260498492157375,-23.396687780696574,-23.808172956839197,-24.486900107818702,-25.401047516442794,-26.479121472205655,-27.590863630527522,-28.618755465194376,-29.466127036535596,-30.051043148818994,-30.3847717032667,-30.489668689543716,-30.398419520257427,-30.16623073822901,-29.837976130509972,-29.44581080051893,-29.023252412771875,-28.616244493976502,-28.27400553008809,-28.064051762707603,-28.05497210069515,-28.290219624713657,-28.79959975951126,-29.60956891540624,-30.652633343707112,-31.862482578066214,-33.15401612932756,-34.424912549853,-35.598882070253346,-36.6254819612226,-37.45569437327477,-38.09016791334685,-38.51607833777343,-38.70390505259136,-38.6243671492276,-38.289930769228334,-37.739238640729134,-37.06641118265765,-36.44873738978584,-36.05162699760741,-36.02714939978158,-36.45983720008003,-37.282028129433996,-38.37986856010709,-39.588578007876116,-40.716302355105725,-41.635005431082384,-42.25522291840833,-42.52961552756553,-42.498079750074034,-42.196010731974155,-41.65172168133569,-40.922360528600905,-40.05183476324399,-39.086195225680456,-38.106490362128525,-37.230174080667375,-36.589110738637906,-36.349644891912824,-36.59447808220194,-37.29345051248244,-38.32250009949185,-39.416659766501255,-40.249902619212826,-40.568311532357946,-40.18935919986927,-39.19254914070281,-37.861532016444414,-36.56727165522658,-35.79829271884582,-35.83094460616168,-36.769986838790416,-38.54287487796061,-40.78626480874065,-43.04518116584384,-44.91262382
7kg_10bpm,7BC,-42.80652744,-41.571462968021336,-40.216777220000004,-38.97262167601717,-38.09032904000001,-37.624695852075945,-37.56394726,-37.77226130728408,-38.03346888,-38.16631288437697,-38.03689258000001,-37.64462435822169,-37.04055169000001,-36.36578089230879,-35.74838623,-35.29896281275715,-35.04795320000001,-34.96643430548333,-35.00498136000001,-35.07093430383469,-35.10305804000001,-35.04216449328324,-34.877878980000006,-34.60843359335998,-34.23962830000001,-33.80612767128675,-33.330921350000004,-32.84206051463616,-32.362225810000005,-31.90607980984617,-31.4792814,-31.075895600697056,-30.688018550000002,-30.304153590200897,-29.91798565,-29.529615366142785,-29.14901008,-28.791662858977336,-28.487530580000005,-28.260632634977874,-28.133022680000007,-28.14025986467155,-28.271599280000004,-28.518744694826673,-28.86179431,-29.251531987985135,-29.65234202,-30.02897866758692,-30.367853420000003,-30.66690470767713,-30.94032782,-31.208468790395152,-31.489255630000002,-31.79386939120637,-32.12150736000001,-32.465649818121435,-32.80980926,-33.13832390562664,-33.42978496,-33.67169990763094,-33.85435767,-33.96145015277767,-34.00197251000001,-33.98295922583455,-33.92134531,-33.85288958044204,-33.81295965000001,-33.84604181882175,-33.97388119,-34.21444656095604,-34.55956021000001,-34.97278291333676,-35.411196600000004,-35.81290595287268,-36.127006820000005,-36.292016638288715,-36.27914432,-36.08524872980179,-35.708480550000004,-35.226401955839684,-34.72594119,-34.35349496372809,-34.236967930000006,-34.486812797132345,-35.20773326,-36.3079337013098,-37.670266420000004,-39.05309228726469,-40.19983648,-40.87459919215144,-40.94058005000001,-40.480118563464345,-39.657892450000006,-21.35843318906779,-5.293955920339377e-23,-1.1045177363599708e-16,0.0,1.4753790950869347e-35,9.334522916791713e-61,-1.9707637121275922e-54,0.0
7kg_10bpm,7CA,0.0,-40.415232805245125,-40.512257050464335,-41.44077102315126,-43.1978974670758,-45.54495524000001,-48.060671200192395,-50.33334869532247,-52.013635377547075,-52.82717332664918,-52.79071394000002,-52.039886753906686,-50.77813892865515,-49.2190249439762,-47.54177227047046,-45.85232447,-44.18433076254837,-42.53858874638448,-40.906375602451824,-39.28652856048122,-37.69366663,-36.15514524036024,-34.707735177171706,-33.399506970548465,-32.25521053819039,-31.293393680000005,-30.515783646244167,-29.913013810186825,-29.4436180747848,-29.05842522464653,-28.70778882,-28.342192413838006,-27.90875102918359,-27.37263886111956,-26.710534384103305,-25.918847210000003,-25.02015761463276,-24.084962479678648,-23.213021630506535,-22.514763912254466,-22.09231061,-22.038514725516425,-22.33082324143974,-22.906746067312433,-23.661914708388515,-24.475130650000004,-25.236135118443976,-25.88992869802722,-26.424721130039373,-26.856297991073987,-27.206083400000004,-27.500194576525168,-27.7516629343959,-27.97428719748196,-28.190856146743513,-28.439725620000004,-28.761957750910213,-29.19607764418676,-29.771079639558298,-30.51046728630991,-31.392387020000008,-32.37225640095133,-33.37843217948344,-34.31461755806795,-35.06491627078707,-35.55647596000001,-35.75057718048972,-35.65481742343766,-35.30882838846158,-34.809294236919754,-34.24919251000001,-33.71619887187876,-33.29530094492609,-33.08200661928783,-33.134909987696865,-33.49744828000001,-34.17201871879975,-35.11060782934979,-36.16597593906282,-37.15010897127414,-37.867973580000005,-38.1511018769617,-37.871272248115254,-37.09180331624213,-35.943881300572926,-34.634997840000004,-33.42680416184379,-32.5850610270271,-32.2873452602397,-32.625687882494915,-33.58361132,-35.03873140139779,-36.685305586045004,-38.21400075572616,-39.32449812230886,-39.75810019,-39.386749402462435,-38.26873596438669,-36.54292963663388,-33.97463241776025,0.0
7kg_10bpm,8AB,-35.88585823,-37.91232741194477,-36.16718402300745,-35.06240618274606,-34.94937086307897,-35.78535863708752,-37.40953790700098,-39.407542279084154,-41.25566043431124,-42.50472214792496,-42.750722396213945,-41.96799228606195,-40.20911327117917,-37.70446524425594,-34.86032403398123,-31.99112044306781,-29.410133084827546,-27.25797909544673,-25.607568517931554,-24.47204958743713,-23.735043254557755,-23.326605403843978,-23.1745380306128,-23.181108425640996,-23.290563104787083,-23.449306370000002,-23.614993058490743,-23.773138415653694,-23.937168121163662,-24.145031619175768,-24.44473271952352,-24.89537301614631,-25.501146674255224,-26.251917008090153,-27.104643176327254,-27.97627928320499,-28.79485409894617,-29.47599348370861,-29.988810874656192,-30.316293146048388,-30.458963032657117,-30.47985994977323,-30.432147304563024,-30.38720343427437,-30.409097200444435,-30.545987968890547,-30.85003567844934,-31.318037772539903,-31.948369080096814,-32.73292883952767,-33.61721395,-34.55918631248901,-35.50216842342351,-36.38965130564273,-37.17374134580466,-37.78814304103108,-38.21198729745099,-38.41871838443628,-38.37163840644402,-38.11554754652163,-37.69070005287163,-37.167463664788855,-36.65831443505831,-36.25447641070994,-36.06575395919952,-36.11451033929822,-36.40316376985311,-36.91555848215975,-37.558374828407075,-38.26617097401968,-38.97133802059275,-39.62758730895249,-40.21099460173445,-40.69278850326764,-41.064291023875036,-41.29763553000001,-41.323193748361135,-41.11269621827745,-40.63537184959598,-39.86212054132849,-38.89253108299609,-37.839669473420116,-36.89581088323688,-36.24654213589129,-36.031867556751585,-36.39991769347952,-37.247948234082244,-38.43297703213805,-39.70672283495838,-40.75870915426897,-41.372602083925614,-41.35046182363516,-40.81799989133734,-39.98023987068019,-39.183868110921196,-38.78376373275515,-38.98939496414146,-39.93843579439493,-41.38315966253606,-43.02993117149421,-44.47532102
7kg_10bpm,8BC,-42.12239964,-41.16042132564846,-40.02247557018848,-38.96640719671552,-38.268876391814814,-38.05071298589436,-38.269882014465274,-38.778517408499056,-39.29775147202575,-39.5838613861701,-39.4747798974761,-38.91206049741958,-38.05293145965485,-37.077783412184694,-36.213007817148885,-35.59973286442339,-35.27358694608622,-35.19664233397999,-35.22926527119847,-35.24163055325538,-35.13208168471943,-34.84840466393476,-34.41156721002181,-33.86143702747662,-33.25665349900012,-32.66256650165916,-32.123988986843884,-31.688427268685157,-31.369915073641494,-31.16911099597303,-31.075592114380115,-31.047537403067242,-31.035401730119187,-30.99175295061123,-30.874708079817935,-30.676193175668633,-30.4054798790133,-30.09108961123983,-29.781372951408596,-29.51436657067829,-29.3298845779994,-29.241072361902035,-29.24780340649823,-29.34615956180906,-29.517557458405186,-29.73820011207999,-29.987089354253413,-30.237085561634924,-30.460854872798137,-30.63415571949202,-30.72669410000001,-30.73751342186575,-30.676374839702937,-30.572089702144265,-30.483825570798306,-30.47153695051271,-30.599866637079728,-30.91408185347791,-31.4085385466964,-32.05631962485385,-32.794095503636065,-33.52763618799535,-34.18171660337438,-34.676571973120936,-34.99917846234788,-35.16311790791358,-35.204689703340804,-35.197673487471704,-35.20657176980636,-35.28160926332956,-35.445801605016385,-35.67567119276953,-35.92677571145826,-36.12238151186153,-36.19748934831382,-36.10737538157249,-35.81877595701407,-35.379862936187855,-34.861916261455036,-34.368646020612104,-34.0292670450814,-33.941202706200215,-34.18742570233911,-34.80571907607074,-35.7195586666684,-36.8266239399353,-37.96061257882137,-38.93331729740505,-39.602912866659686,-39.83348090878583,-39.639217811093786,-39.10981171803367,-38.395868101880374,-37.745691260098276,-37.3940064000694,-37.55432042697083,-38.404906463894335,-39.87656238674299,-41.82348036762192,-43.96106155029043,0.0
7kg_10bpm,8CA,-3.72821681,-35.50094621198544,-34.045717095051465,-33.37710188732916,-33.88566122019941,-35.75125392550216,-38.83825089811875,-42.67844858400592,-46.56772535967443,-49.76033671941502,-51.69803790000002,-52.187808579786974,-51.448630005035774,-49.98238360253016,-48.36537583624973,-46.98799156174464,-45.9337344897885,-45.04531991492863,-44.087005312441114,-42.91205082519966,-41.531246550000006,-40.06175054606614,-38.61370499315194,-37.205482573372336,-35.76597994940926,-34.21363902049145,-32.54731255078741,-30.87657577736663,-29.37463990778699,-28.16882401593887,-27.26586991,-26.565593631774647,-25.93318351297006,-25.292144260937757,-24.66808514737033,-24.15855632660681,-23.855881425382403,-23.78038635344421,-23.870017373116426,-24.029824439384473,-24.202477590000004,-24.407978855557307,-24.726631314448625,-25.229467433901252,-25.907134276397365,-26.65840579265373,-27.331439259647578,-27.805125709794833,-28.05607661351758,-28.168124739907153,-28.277209170000003,-28.487705962011358,-28.815118683364183,-29.192270964962052,-29.533343483391857,-29.81120350545841,-30.092669750730092,-30.50706790335034,-31.151009118364378,-32.01625469814478,-32.976093320000004,-33.8391634467223,-34.43947148388037,-34.70642073845736,-34.682161586512024,-34.48781750040838,-34.266751657508735,-34.13559549847841,-34.16039394292388,-34.357425538648435,-34.710949420000006,-35.1863172508967,-35.72964483894153,-36.26391200277232,-36.682460944611776,-36.86569676615331,-36.72487083461229,-36.25288274437736,-35.549807551236555,-34.79912929927616,-34.20096728000001,-33.89556112301363,-33.91605853381256,-34.18867527481094,-34.57538221288845,-34.9242128662048,-35.11483856490486,-35.08754716288861,-34.84815728640933,-34.47576800098371,-34.11557859,-33.94740296099083,-34.12774043221214,-34.72293960256845,-35.6651764063498,-36.75629298946641,-37.71997965314527,-38.27926703911393,-38.22729792650263,-37.458620930910506,-36.00577809
7kg_10bpm,9BC,-42.77943612,-41.29961788053296,-39.47648600650952,-37.72998475029964,-36.4464291374,-35.869288011579116,-35.94466611865862,-36.464112619505315,-37.11865643270427,-37.598306210828376,-37.65482239584585,-37.2584576178384,-36.51770212865274,-35.644224170290755,-34.883689761785845,-34.463091401493124,-34.46321942125948,-34.8155134406648,-35.33755872451968,-35.78705105687852,-35.93025635350115,-35.63686275711358,-34.95883551381205,-34.05493995000526,-33.14164720797795,-32.418990275143585,-32.01975655596681,-31.918269776274528,-32.01733498289663,-32.18279916770824,-32.29381259407197,-32.27034226331676,-32.11431232946945,-31.87069772529571,-31.60053377598141,-31.356143736665377,-31.166164453665047,-31.02433212194656,-30.90307637082848,-30.774826447612128,-30.625849205104203,-30.46578992837067,-30.331550169995783,-30.267754767528853,-30.309340046084344,-30.468230352882063,-30.727955477751657,-31.04930111651221,-31.37838318120647,-31.679066795552668,-31.93624522990615,-32.15649606084678,-32.36106395157923,-32.57337578818968,-32.80068824818328,-33.030358703122744,-33.23275474313782,-33.36972843261349,-33.41194785764752,-33.36430782045992,-33.259128907383015,-33.15261586962689,-33.10960055094141,-33.1891320182472,-33.39661991254396,-33.6979124189077,-34.024158027830985,-34.294530329651884,-34.43666001787587,-34.43935358560822,-34.34285393621725,-34.22277121735747,-34.16278560243833,-34.22660497553116,-34.41785295863258,-34.67495590291095,-34.90479302312431,-35.01450690185468,-34.950626916341015,-34.73796803191584,-34.50833692415138,-34.43855556890613,-34.70700422348498,-35.427260746094134,-36.605312323468205,-38.02266792563149,-39.370284925298634,-40.30635034433713,-40.55910586794086,-39.99003934843391,-38.76097680971457,-37.22711860921913,-35.82597982427697,-34.976759262726794,-34.98811119840842,-35.96187609167721,-37.69672997023658,-39.87286675639139,-42.094049249438946,-43.9805482502086,-9.04296476
7kg_10bpm,9CA,-3.73356319,-36.83801868736816,-37.423021792167425,-39.27949604460645,-42.21219932421639,-45.6642627684921,-48.85830899484988,-51.12513043930484,-52.118525859383716,-51.880874100679115,-50.77589349808758,-49.312926669151054,-47.9452661897536,-46.87090857296867,-46.02777126725105,-45.1933046706252,-44.13468481390891,-42.72161720379369,-41.01592525621055,-39.165556668246715,-37.31425332677966,-35.52243957011925,-33.7499213402003,-31.90452448031122,-29.938589073393974,-27.902624030910836,-25.939997990656167,-24.224286440582773,-22.897541447851815,-21.97330491350075,-21.395866817452674,-21.081250965522273,-20.961196772961173,-21.00020478476609,-21.184861199268575,-21.507696064330826,-21.970636802646712,-22.577940169805757,-23.32783428983717,-24.20639924834063,-25.170378633602454,-26.171310833769617,-27.163700457773157,-28.11133479575229,-28.982338512355117,-29.741221941384044,-30.359986937633366,-30.828803341914767,-31.17944704852648,-31.489176173068493,-31.86108884737098,-32.3654670411059,-33.00004675782173,-33.686731392435306,-34.30612428805426,-34.75165106394513,-34.97415419786153,-35.00416774908385,-34.89532032419408,-34.691691979820824,-34.41910194793672,-34.121388864186116,-33.91664386196127,-33.99420435386485,-34.54094035061892,-35.609276822316914,-37.00426052247892,-38.26127481008007,-38.85435195988904,-38.460078848024274,-37.138585308785586,-35.33349789234546,-33.68830597103553,-32.7089814087838,-32.534257148264274,-32.96557402693056,-33.63533049715046,-34.21731373705267,-34.55724343126154,-34.70244471082199,-34.76581786656773,-34.82537132995936,-34.87600646123425,-34.85139986602656,-34.70333397431893,-34.460782951382186,-34.23068146124449,-34.15075275227676,-34.3188001123308,-34.738754741426575,-35.28541746195904,-35.79087704865479,-36.1187811933312,-36.23581768075342,-36.216408053455865,-36.16713030946787,-36.0816351814312,-35.779202227591924,-34.97358248861261,-33.45721049592339,-31.28832469
7kg_16bpm,10AB,-37.12323791,-37.28220255530296,-37.719467270723904,-38.434064634336075,-39.30016974107853,-40.20164385322053,-40.99807913677018,-41.535852242531,-41.69244048225411,-41.39559144181097,-40.58411574653998,-39.334274165196774,-37.66562895514975,-35.75036970259079,-33.6771852298438,-31.593968905873336,-29.621483509473368,-27.829602444010373,-26.309721882588356,-25.079475755590202,-24.163344318267704,-23.543154575428588,-23.171805105195517,-23.008215476963937,-22.975003221165892,-23.032434621496705,-23.129807815001293,-23.25597302542962,-23.40536857757436,-23.598298340875637,-23.8442009673154,-24.162527117795918,-24.549559039444336,-24.999670689683914,-25.496438300934802,-26.021268367342422,-26.560714051703425,-27.10336044437302,-27.641148702591675,-28.16641251898384,-28.65935447620956,-29.10693193312521,-29.469967394558967,-29.738343064154588,-29.88266429868125,-29.91340125124129,-29.846227896743247,-29.72382441443039,-29.60474092530427,-29.554081209597125,-29.623385090000003,-29.873990310601577,-30.297057105924893,-30.921244892906675,-31.67655883143462,-32.53312573123687,-33.415916517523165,-34.26338215683535,-35.03039707842384,-35.67800698956415,-36.19769805498536,-36.600151867724115,-36.90787482625362,-37.16738578739924,-37.423448310611406,-37.72049224527902,-38.11278755789357,-38.60516949696863,-39.223810418882316,-39.92654368768455,-40.67144679444034,-41.38558516203633,-41.97862548445775,-42.376901834073244,-42.527014469709044,-42.409868407237255,-42.089830400524036,-41.65316133059631,-41.24713079731188,-41.04988519752247,-41.13327613432696,-41.620079700498174,-42.403733423829436,-43.38027250920039,-44.33468616401857,-45.03196385135441,-45.31173462821002,-45.10859035159847,-44.485288338406555,-43.67601814145844,-42.971650506754116,-42.63182570884955,-42.95634346956347,-43.86133423368425,-45.316415869375206,-46.94694229119676,-48.374706876010585,-49.25433242634806,0.014369367618594583,-7.957417952550009e-11,0.0
7kg_16bpm,10BC,-41.89793594,-41.23936080332383,-40.67447595030249,-40.148531518605154,-39.63725011986074,-39.136011034903824,-38.65714652745406,-38.222365235978074,-37.86021513208091,-37.59361063127571,-37.4158461793075,-37.315697915163646,-37.276779443472286,-37.256976977725124,-37.225949838247224,-37.154612545322934,-37.02224617000727,-36.82825510364494,-36.57629297446476,-36.270070754191984,-35.934938874769465,-35.58759714871955,-35.24434304226159,-34.918030580080234,-34.6114132642139,-34.320468520000006,-34.03117811098966,-33.721156362935474,-33.36757533671576,-32.940782316382105,-32.42308733365875,-31.81695437682805,-31.131176763860864,-30.384074945755643,-29.62601933005626,-28.89971984710832,-28.26104400548454,-27.75220280252758,-27.390302429368038,-27.18573998162737,-27.14872825962216,-27.223027753864095,-27.3708998236812,-27.548137571495253,-27.706589282242042,-27.817433456672713,-27.866400239876057,-27.85341956588436,-27.813792577147915,-27.782828772637536,-27.81307805,-27.945744892327408,-28.20481675886934,-28.608488752269814,-29.16485343771989,-29.827407383345193,-30.56011600696107,-31.317063997474545,-32.04413142825168,-32.70317644698412,-33.261345711074775,-33.69361845629073,-34.016598301655065,-34.2434337927165,-34.38626403938907,-34.48297733067486,-34.558932217304736,-34.63277719446793,-34.716100182327345,-34.80727111255359,-34.896688118069264,-34.96170978938532,-34.98199016159305,-34.93946005145822,-34.81623847243454,-34.60941786,-34.34467165352473,-34.05474563380172,-33.801565202394606,-33.65079301462158,-33.66710141658024,-33.93154200361973,-34.49894365908921,-35.35748569613483,-36.48878134055081,-37.874752139634616,-39.38824076176786,-40.93665971081427,-42.41425452998568,-43.72521571450818,-44.824377148711264,-45.47874879815907,0.0018905404928461474,-3.146222421354127e-10,2.1271858753957228e-17,-1.10205079667379e-24,4.8654143956568184e-32,-1.871554098077122e-39,6.086475349800057e-47,-1.4310853699259967e-54,0.0
7kg_16bpm,10CA,0.0,-38.07260253666471,-39.06515159721638,-39.56456159717045,-41.378523340720776,-44.08827679359024,-47.38404822062945,-50.72029738472165,-53.62977250218758,-55.67306414392952,-56.69262527400274,-56.51016597100132,-55.402945952925215,-53.45912213360133,-51.11133907134008,-48.6134528375479,-46.242921783014545,-44.183454883028546,-42.535305004460355,-41.295087493539,-40.42983511833699,-39.80037311536725,-39.29591201911284,-38.770188468749865,-38.102369239500476,-37.24088432867826,-36.14985964047187,-34.86539082822394,-33.443516100223064,-31.958615765887863,-30.4806031810076,-29.076610558900207,-27.773332828852954,-26.62319144161028,-25.621234818368062,-24.79731300277846,-24.139300190167752,-23.638101773651425,-23.258770844511567,-22.949011267364295,-22.651715300638575,-22.319673562905255,-21.91263813228978,-21.447159503934323,-20.957184398852647,-20.51768839439718,-20.2188884441433,-20.147414054851247,-20.357633479073566,-20.894176811423485,-21.711189384398224,-22.79548189461375,-24.033810166021333,-25.362917956174236,-26.689096706051103,-27.941989989796628,-29.06771079351848,-30.02606691728868,-30.7858098390391,-31.350921068614344,-31.703107637614384,-31.888013745161427,-31.903142814590563,-31.810563126935634,-31.63453484446767,-31.423351846645645,-31.21350715641826,-31.044609222004652,-30.945576505235255,-30.949596972869493,-31.057772643106407,-31.28858317510678,-31.60456907659358,-31.982548664352738,-32.363813635331994,-32.68923002605167,-32.900346190300766,-32.95903156033181,-32.854610360580615,-32.643698331854864,-32.43627117685486,-32.378440742419755,-32.7101523512566,-33.52712497459613,-34.96385750953222,-36.91056689815429,-39.16927776128419,-41.359362543414726,-43.10216692692049,-43.952371667026796,-43.84145084999264,-42.61898193497222,-40.73687252312596,-38.56362417400896,-36.64095725216164,-35.39658592359435,-35.040080694145644,-35.512072944125606,-36.5453525619636,-37.689849881982134,-38.42548616
7kg_16bpm,1AB,-38.58810058,-37.77477175035531,-37.11841598279069,-36.75672151641585,-36.857541994421354,-37.38448596244728,-38.26633540222956,-39.28387860774937,-40.193420169995576,-40.701496387652796,-40.688558629328554,-39.96244484946058,-38.68288660837232,-36.93368052443042,-34.96642334053577,-32.98412427200488,-31.177090971798407,-29.627367241284755,-28.410996885665803,-27.45985379616764,-26.773421901142935,-26.27224663007603,-25.942006169509458,-25.76116439920298,-25.72112088338103,-25.82250230063836,-26.03317734588955,-26.335523679768304,-26.67102679567832,-26.99211019798294,-27.25163385972484,-27.41336791864283,-27.458048785229696,-27.393997895066374,-27.227021161003925,-26.99313932145547,-26.705482669170575,-26.388968655911743,-26.050705127058002,-25.70029049795828,-25.349833865893217,-25.026718274937693,-24.76377803534292,-24.63188323983873,-24.66288635809275,-24.934600916080488,-25.449375622992612,-26.22255049498631,-27.219585806576557,-28.38235925335204,-29.65161119209138,-30.953537617184818,-32.2290887942635,-33.443056780248114,-34.565452113811965,-35.595501010750425,-36.53539008769798,-37.392293523392865,-38.1796474103178,-38.888644959947676,-39.523527517716516,-40.049813204578555,-40.453706806056736,-40.694154022094395,-40.74899639193811,-40.6131120359391,-40.292020758809365,-39.84853107303172,-39.34653651812838,-38.881363097389354,-38.54343887379057,-38.37673829084425,-38.39618651720643,-38.560212873320125,-38.79136790924229,-39.00069133511671,-39.13054566428044,-39.1410208520948,-39.08321495009075,-39.03440744425828,-39.11174543133213,-39.41499221466496,-40.02158208739516,-40.89149968309438,-41.95519552936006,-43.02081295280863,-43.87214074205291,-44.34642477172586,-44.31645622214112,-43.79956000215156,-42.94551147346413,-41.99931259095682,-41.23383864241134,-40.97426147479605,-0.09299720880274513,2.1032417544135553e-11,1.492465866461306e-19,8.954093632989385e-29,-1.4059657033856958e-37,-2.2921118347701017e-46,0.0
7kg_16bpm,1BC,-42.45246663,-41.51170335401738,-40.47248356658612,-39.424379954247,-38.48185257,-37.73918435720062,-37.26569434352011,-37.01407589447964,-36.95032552000001,-36.938805102644324,-36.87259061341183,-36.6732644414632,-36.320028660000006,-35.831984257289164,-35.30200376744406,-34.835965454176204,-34.51048181,-34.39195470512583,-34.480771378954216,-34.72059966036428,-35.044999520000005,-35.35537366247001,-35.56153861756522,-35.628153198877214,-35.53286417,-35.295895449702684,-34.972496552652785,-34.6116639193132,-34.27004642,-33.9903479489049,-33.7803367446458,-33.63310309085011,-33.521206160000006,-33.40536157085897,-33.2403248168732,-33.008422674825574,-32.68821323000001,-32.29487693355546,-31.85236844352713,-31.394075110224726,-30.954469580000005,-30.571720734521207,-30.25282014235086,-30.013484206166634,-29.847298400000003,-29.74718978227663,-29.712557444076054,-29.731551618110245,-29.8170317,-29.958718963366127,-30.161968704988052,-30.41724837229714,-30.707662360000004,-31.012508057692667,-31.30496076995301,-31.55229647053053,-31.741457160000003,-31.855781772957243,-31.89672903852876,-31.880297414533644,-31.82151269,-31.75196059141469,-31.700571976316212,-31.68990180289745,-31.743774520000002,-31.877318457936358,-32.089398753011736,-32.39122242376423,-32.75582222,-33.17149563298686,-33.60528082739006,-34.02482884628022,-34.39638138000001,-34.70175362217058,-34.91348744498981,-35.0544429412867,-35.140996200000004,-35.21837466141194,-35.336428408257646,-35.54685736718878,-35.867620470000006,-36.330812537274895,-36.888464329324954,-37.50214122962832,-38.1055992,-38.638744283151375,-39.05286479982997,-39.3581553281699,-39.57107622000001,-39.77297040526459,-40.05091549079632,-40.481869195335044,-41.10799035000001,-41.95357856978513,-42.94099613301397,-43.99309686050628,-44.98828992,0.025114641356301915,2.555386541138052e-10,1.3406647522455894e-18,0.0
7kg_16bpm,1CA,-39.83161442,-39.873514280465336,-41.28725983031303,-43.75321399982719,-46.757679202069596,-49.690538279704356,-51.984743771610745,-53.25337885690302,-53.35304455285995,-52.454048704214685,-50.948060420289,-49.235556136588364,-47.6432478465294,-46.34776529017991,-45.357968906374204,-44.54709450480363,-43.71610498418815,-42.69947796414435,-41.38792002044363,-39.739272000466485,-37.772225555859656,-35.544498335238565,-33.17640238162732,-30.79565114929387,-28.53572075863906,-26.517868699861854,-24.833397943465172,-23.546183620091234,-22.658493158712954,-22.135402148335267,-21.930135950672195,-21.98686740373927,-22.246568999330407,-22.650536256542996,-23.14085319424708,-23.664148454712617,-24.186380459892415,-24.689102588354633,-25.166002388466357,-25.614632346164193,-26.025413879801228,-26.385195211698136,-26.68069311328867,-26.910878918641064,-27.093596204737143,-27.26317813083045,-27.460729486206215,-27.71037505197354,-28.005146179763763,-28.309553028180286,-28.57354788271705,-28.755722497955652,-28.845834646605457,-28.886396324360263,-28.96297816523606,-29.172428634557967,-29.594249315103987,-30.261351523844603,-31.14186520553002,-32.134871554198185,-33.08491251695521,-33.84620278506872,-34.31551917557869,-34.470280928946956,-34.38949815971248,-34.25360285315865,-34.301023568998524,-34.721052798396265,-35.588196538865475,-36.81269197984189,-38.140002058687244,-39.19053609067802,-39.59540324391815,-39.17529501468074,-37.9805506294153,-36.29399649968974,-34.546041611268606,-33.179849964825564,-32.51409619892238,-32.551464053691824,-33.09371582879992,-33.817126349870954,-34.40419784252681,-34.660435933852185,-34.56683195596782,-34.31977404631718,-34.168062287472175,-34.32149313765369,-34.864795610026704,-35.7249291038206,-36.69842781792406,-37.53017366859526,-38.05160768951807,-38.214385987512564,-38.072694198478295,-37.71810002668765,-37.19860884881574,-36.46900877542784,-35.43245730979779,-34.01423002977247,-32.25126942
7kg_16bpm,2AB,-37.68359491,-38.289590380718714,-38.69186902860799,-38.89164408879606,-38.97011111179437,-39.01767461949042,-39.102123341267635,-39.223176568326124,-39.32089322500356,-39.253690259838336,-38.90941599478001,-38.17669677919354,-37.01106708197979,-35.502909645180516,-33.75792952611653,-31.97331707870785,-30.308990065804075,-28.94291817194645,-27.9199152123569,-27.25533998253726,-26.925963104124108,-26.808354933823896,-26.816252930966307,-26.847574042452354,-26.840186350343167,-26.758365720979814,-26.614314202083925,-26.438063150926332,-26.27234345610163,-26.150094579382976,-26.08876540651155,-26.087860891274985,-26.124699819087976,-26.18211188398139,-26.25002214524697,-26.33600678061132,-26.469971422823377,-26.67758772441989,-26.975031765366847,-27.367595300231876,-27.813370097601513,-28.27095087219888,-28.690500900432056,-29.05132622798583,-29.353545448313827,-29.639066541063237,-29.9571909685189,-30.3724261475228,-30.902069511420525,-31.543546762420718,-32.2593304854853,-32.979365828935144,-33.63834789227994,-34.18522561664771,-34.61694166126299,-34.94785887888001,-35.24230478920559,-35.55573095463816,-35.945170377668845,-36.41611647829369,-36.95536983629278,-37.51806426219612,-38.05372171051575,-38.517341144595136,-38.88647140110811,-39.16481232377614,-39.35328378987517,-39.479502387495046,-39.55709445215615,-39.59209663489448,-39.59294676548224,-39.55713676362485,-39.4829854311597,-39.37445280660948,-39.2335307763943,-39.07230207401449,-38.90351731987553,-38.744409817632025,-38.61208952128438,-38.526365180008746,-38.517437192041925,-38.60247893328587,-38.811618587156204,-39.15914906325689,-39.63398915426065,-40.22701129839815,-40.88154450382781,-41.54248768878412,-42.13298907375113,-42.60359152339044,-42.91272803242771,-43.046750633421745,-43.042871752727166,-42.93559458373333,-42.78629382285026,-42.64197489760164,-42.540181567290055,-0.0004019219734306823,-4.86697298555941e-12,-2.2968415833759126e-21,0.0
7kg_16bpm,2BC,-42.11504405,-41.270290716803025,-40.45490128215177,-39.71129277858037,-39.05770003969224,-38.511441571832705,-38.09484317432474,-37.772651031664495,-37.52350420616666,-37.32745521102048,-37.15032268029031,-36.976612733352646,-36.795488585262525,-36.6040902946824,-36.40128153883035,-36.182257972828445,-35.944129861357744,-35.68242925321612,-35.38896007758029,-35.06596288897402,-34.72052759924586,-34.36410448234306,-34.016936655320386,-33.6987004264999,-33.43419421154902,-33.238952100000006,-33.11288487502542,-33.055263991337625,-33.04653448859227,-33.05468763197671,-33.04731725919211,-32.989049033990284,-32.86309135121117,-32.65658238432771,-32.369151236201446,-32.029107079296075,-31.659808851806023,-31.290929143202728,-30.946316216594404,-30.639867042377798,-30.38270103677886,-30.16124800771948,-29.96552827919083,-29.78514529473972,-29.608479798738994,-29.43381217462789,-29.269113920668303,-29.126455455969747,-29.020697104232266,-28.978721792630356,-29.00513259,-29.102358160293804,-29.27597349082841,-29.503943967777882,-29.764515606745427,-30.03440044440124,-30.287468999777538,-30.50653447829983,-30.675882815143645,-30.795968900277956,-30.87916124772082,-30.940719131134323,-31.005414989590804,-31.09549658266882,-31.23309576526628,-31.432638527918918,-31.69029263669244,-32.002175936249806,-32.35398243415566,-32.72120151532607,-33.084226248979,-33.42224087115393,-33.727678988785,-33.99795552495043,-34.23817356772528,-34.47177234,-34.72331227747403,-35.03644698959414,-35.43602121347382,-35.94817254180377,-36.61626656738286,-37.41275193049057,-38.31406856587887,-39.27805697835188,-40.220377078604265,-41.066969629438695,-41.70782874368797,-42.10671083090501,-42.25290902224577,-42.14062851066645,-41.87129696018007,-4.885910469151817,1.9710694690326467e-08,-1.739632746169459e-15,5.570930833790772e-23,-9.32343872835553e-31,-5.1551062218063884e-39,8.135175825525692e-46,-2.879693716679112e-53,5.532429132484259e-61,0.0
7kg_16bpm,2CA,-17.98166851,-44.29857620476999,-44.34150906102407,-45.19123377907653,-46.59808293279425,-48.3875868261227,-50.33776235873826,-52.17281694984939,-53.697167803669664,-54.7274423637913,-55.17539368075771,-55.100499042139084,-54.55594378654944,-53.607138127524635,-52.43926942187103,-51.151629479704546,-49.82759695567515,-48.52968652615331,-47.28006755508473,-46.08610594776203,-44.932848104555525,-43.79795497731766,-42.659252673596036,-41.48815125392327,-40.263301681144426,-38.96234423,-37.54342513706851,-36.00914065534742,-34.35596562135646,-32.58094223407448,-30.724928600334046,-28.83668832459829,-26.97654410748101,-25.219507010394967,-23.619477481644935,-22.231076435305656,-21.134339098976312,-20.305964664501214,-19.74744135194934,-19.48680608115755,-19.454738371457022,-19.60634789265141,-19.905103814395197,-20.287904378156863,-20.693902283293653,-21.072636315662397,-21.37092805880865,-21.568518099405253,-21.653480996973588,-21.611247963332573,-21.486702600000005,-21.315277867343813,-21.145159083558283,-21.02962778999906,-21.007327335293795,-21.117833588049194,-21.383431080108565,-21.78808079782688,-22.321204032485383,-22.97826159024201,-23.7177874600901,-24.52518279200977,-25.40130585517156,-26.336139991846995,-27.328222605777352,-28.378241518545053,-29.467955085090725,-30.562669628781272,-31.61458633461303,-32.547792607371605,-33.31436459627035,-33.86792503670512,-34.1336903637621,-34.163198092367594,-34.00120213347764,-33.719887540000016,-33.447920225834345,-33.30439645065953,-33.41726609606337,-33.893733822562886,-34.72985757216168,-35.90360403139535,-37.35753772921058,-38.892108047945484,-40.34340897755494,-41.47683744246186,-42.16066439643761,-42.325502570810734,-41.91847917430359,-41.034113591322345,-39.871077912550824,-38.61997048065044,-37.51822053833343,-36.71507862285285,-36.29120786359696,-36.3133379475952,-36.61503447472914,-37.04164002978299,-37.38672174368941,-37.44775255781389,-37.10378456
7kg_16bpm,3AB,-34.58823234,-33.482653046918074,-33.229697376025314,-33.85759155850099,-35.01714894,-36.4685778590891,-37.90261548479626,-39.103548560509864,-39.843760700000004,-40.08728322889532,-39.71104075820949,-38.80767513989814,-37.43185999,-35.72916824409527,-33.87239236371804,-32.02906991649864,-30.32613815,-28.878630467694823,-27.71115081500442,-26.841765278956633,-26.266019750000005,-25.93666691452586,-25.85796780356006,-25.949333260323836,-26.177615470000006,-26.470217774934646,-26.773083415115618,-27.03775839013954,-27.2469767,-27.386436848145735,-27.47511638760065,-27.515372551826264,-27.5082199,-27.442400190305964,-27.29463330554874,-27.06577403696428,-26.75420792,-26.411160437687876,-26.095704171193447,-25.884879697702086,-25.834123720000004,-25.999633476106805,-26.353898016994812,-26.88987149065935,-27.5244481,-28.20264811930001,-28.867475511137965,-29.49330438865802,-30.07262527,-30.628716537807346,-31.18719588625498,-31.77198280162999,-32.39564149,-33.055203433822236,-33.7351442052432,-34.41711091815597,-35.08608683,-35.73082721971162,-36.34883436680635,-36.93386643039621,-37.47002898000001,-37.94028217306712,-38.29780778376659,-38.535205616225504,-38.63027479,-38.61759201651509,-38.55008490665639,-38.51441073803455,-38.58268282,-38.8478594380918,-39.301586794772966,-39.93810648969233,-40.67269849,-41.409084253030144,-42.02391423644802,-42.44173200353918,-42.542157620000005,-42.3311408829713,-41.77345836258663,-40.91332420460837,-39.82714073,-38.62371284664268,-37.45782512870768,-36.53235636992628,-35.98762662,-35.97690709820822,-36.55110937871788,-37.642326617548,-39.16960704,-40.909331100073835,-42.706030268844856,-44.419038868165664,-45.97669056000001,-29.590112103235246,-2.6973986462143033e-06,-1.840725746105707e-15,2.7550648847397363e-40,1.890338827801397e-33,2.5017830201878426e-42,1.7072361265150545e-51,0.0
7kg_16bpm,3BC,-40.72707986,-40.437504424807905,-40.33539459300993,-40.318450318415465,-40.30148357784611,-40.19211199227124,-39.9538769147694,-39.57086755869754,-39.04420533022501,-38.42063616583028,-37.76352133347281,-37.13022734866257,-36.593343750555896,-36.176584544311986,-35.890257605291225,-35.72947641775703,-35.655471777485424,-35.61274130217094,-35.55693047703232,-35.439212160908475,-35.24806749741358,-34.98691621664215,-34.67344497200286,-34.34447903060965,-34.04000632904939,-33.7891717806329,-33.62260996081323,-33.52992016072285,-33.49021528602574,-33.47157093266268,-33.4274297921944,-33.321679214767826,-33.13020274275775,-32.83127650084782,-32.446529151320334,-32.00814744796942,-31.553282381882102,-31.12961477895583,-30.767083795390548,-30.48238041067606,-30.284188342582002,-30.149024007255814,-30.043383395462,-29.934014104050295,-29.77971748417708,-29.563145032749638,-29.275873940162935,-28.918235425556585,-28.514277984349654,-28.098439179520714,-27.7047564,-27.384107895418612,-27.16078049601573,-27.058476964547157,-27.103687778460138,-27.30371862600391,-27.638343701867715,-28.09177072984067,-28.65529794031531,-29.282475948886518,-29.943337386308258,-30.60847172485737,-31.247222878043537,-31.84074826305081,-32.37597617604425,-32.83411688858983,-33.22222632281033,-33.54577247200174,-33.808339966762595,-34.013405702837176,-34.174491198987624,-34.2951183362084,-34.37125043445551,-34.40633701222097,-34.4035838949491,-34.36799497194755,-34.31400034125739,-34.27255268424806,-34.2802214711324,-34.3990260095369,-34.683687751832736,-35.17220991110048,-35.898966314606234,-36.911836869679284,-38.139714131927576,-39.52742961261936,-40.990917395730214,-42.409858112914854,-43.68214362460413,-44.72819106702561,-45.44608021868114,-45.886021205935464,-7.278997090022571,-1.8353270449855456e-07,2.996074018241847e-15,1.8184723708952619e-22,-2.0724144516835732e-29,1.1982939472968493e-36,-4.968115393355301e-44,1.377090503070079e-51,0.0
7kg_16bpm,3CA,0.0,-1.8646307177495954e-14,-3.49675068297262e-05,-34.08648366970431,-39.05177798655511,-39.1087852449774,-40.70559939666192,-43.259356990232355,-46.337964237697605,-49.29655093746185,-51.674058751957396,-53.03601846086967,-53.434062791692966,-52.86987909681071,-51.73368912675357,-50.33355148880606,-49.002912093453496,-47.918610129382884,-47.20332930040153,-46.74150576124791,-46.413705387278235,-46.021744667974744,-45.414582203057485,-44.4445857825369,-43.118851646262335,-41.41459469392425,-39.463413998695295,-37.36856950965304,-35.26986204395947,-33.270211590109184,-31.48185668861904,-29.91116767821588,-28.581727887005247,-27.447176057618318,-26.46122600610135,-25.58903129992507,-24.799465709119577,-24.118785584688066,-23.57154977549592,-23.2131417538613,-23.082981848269856,-23.16558998703362,-23.439592345076306,-23.787387086641598,-24.096775690648165,-24.249548198493297,-24.171154233287414,-23.823758611416046,-23.27720152449598,-22.607640721583728,-21.95739455,-21.443630470528383,-21.158926835826247,-21.122722598245225,-21.35371670139644,-21.763163008185867,-22.300668453226372,-22.885701224020337,-23.473473825458594,-24.041480073195864,-24.597721561834916,-25.170203052715635,-25.791473767550805,-26.498897640453624,-27.31791281078391,-28.254008005160973,-29.31672086620048,-30.467299869962112,-31.672518925774643,-32.862512786951925,-33.96381339515161,-34.885698811159656,-35.58915984852771,-36.00613174032084,-36.21190912952481,-36.27891406369409,-36.365491020080306,-36.61649885204753,-37.18797715023665,-38.07090721798169,-39.219482911305306,-40.39793747974883,-41.345644196593334,-41.76352402688139,-41.54240192753193,-40.55508396086147,-39.08395411172713,-37.38661466288616,-35.86650472088982,-34.82461749606353,-34.52715376615071,-34.90206577278257,-35.88469425756739,-37.11180020107938,-38.26817537998159,-39.00006603678751,-39.127753441981845,-38.42084304182343,-37.03227016054903,-35.035732469815514,-32.72139745
7kg_16bpm,4AB,-34.25950805,-34.70458877011821,-35.70290566292791,-37.10605354636911,-38.70283636559526,-40.29852238374998,-41.69892267013385,-42.76918587191692,-43.35393234191991,-43.40106879834984,-42.79190327694509,-41.58061160990239,-39.73109964617018,-37.42799362511142,-34.777188272513875,-32.02859302237664,-29.41918288168714,-27.11244479620743,-25.351571060647146,-24.111783895691676,-23.48647536751137,-23.299199668680107,-23.468580607365944,-23.796908859548097,-24.15871334976649,-24.45664495828339,-24.651482080550863,-24.767106042374994,-24.85235387359034,-24.97293733313023,-25.17713521640113,-25.49004478052321,-25.90227023983641,-26.384933262743594,-26.893613378984394,-27.382508958194457,-27.8193659329086,-28.169518504265742,-28.4274357919826,-28.56682328143971,-28.600790744076676,-28.5095069402191,-28.32678396217142,-28.063263152620046,-27.77534628820792,-27.522430153145162,-27.35811667139142,-27.358085958661345,-27.53550085822248,-27.924704455429893,-28.487050857733475,-29.19994478108301,-30.003099375382362,-30.855368686744306,-31.71780192261813,-32.57121566105139,-33.40898949382394,-34.23183334450018,-35.03773241878947,-35.81636659914085,-36.537984570416846,-37.16989586859617,-37.6558849923574,-37.97565745521988,-38.093016444602064,-38.052099069597254,-37.89427000889242,-37.721107577967736,-37.64893210696016,-37.74142183851484,-38.09568718206254,-38.66407749336625,-39.437403629473096,-40.302420237706215,-41.172367634889675,-41.95924474156789,-42.58297876883385,-43.013905994818124,-43.211617660175314,-43.1802672452111,-42.907393622822376,-42.410575659928,-41.70917605853684,-40.853947968612424,-39.92234341253016,-39.03359327815183,-38.32064574226625,-37.96918748516793,-38.09766016342103,-38.89082965717744,-40.33939687889575,-42.51110866490241,-45.193209292354105,-25.700424160680186,-7.807896976323988e-07,-5.656299393940839e-16,4.8970474965509456e-24,-1.441381778834076e-32,2.9098042256127255e-41,-3.7329735152800695e-50,0.0
7kg_16bpm,4BC,-41.99676068,-41.82742394005599,-41.630891385766766,-41.39629214133166,-41.141087791203546,-40.89259150005263,-40.678909772095004,-40.508095698349514,-40.37362736461783,-40.24362132448375,-40.07778166406021,-39.829955907911504,-39.46755074544725,-38.99390200644083,-38.41751150710106,-37.77869973771316,-37.13269063153544,-36.53286150989498,-36.02698486129836,-35.63045605999079,-35.356590384736094,-35.1919650261054,-35.096918259131485,-35.03790905376376,-34.972237137928595,-34.86604363,-34.68844321049342,-34.41853640584116,-34.06034547085696,-33.61192807280994,-33.084024752931434,-32.50298809408798,-31.886637450339276,-31.25790249335891,-30.638129469552442,-30.045609612312724,-29.496798309407676,-28.99580088000216,-28.550372683624392,-28.163509099241818,-27.824966702870007,-27.531205762828755,-27.275112528601102,-27.043387700008644,-26.829593264333347,-26.62889994403853,-26.438848128554636,-26.264958969973396,-26.120733467445703,-26.01878388131116,-25.98164169,-26.037778980488383,-26.193658215872315,-26.466704887334256,-26.869933498347294,-27.380948665430633,-27.99101342920138,-28.684414383577053,-29.427026426136802,-30.199525556651007,-30.98351860229961,-31.765080135838627,-32.53779421770867,-33.29786225561098,-34.04551465724202,-34.77628821325983,-35.477093039657575,-36.134641773038595,-36.72257450645678,-37.197187104474324,-37.54202593549309,-37.725239684641075,-37.70950144879686,-37.524941165422845,-37.1881287055086,-36.737463180000006,-36.25897498660993,-35.83005377040425,-35.557347114028275,-35.49112171654815,-35.682587581402274,-36.17870503018619,-36.90337385388567,-37.800833639957965,-38.78474029425513,-39.74069043006834,-40.58677305602937,-41.2401184090341,-41.71801177643977,-42.04721648427228,-42.291627006398905,-42.55924758586932,-41.405683991025356,-0.0033705622490305047,-2.8382352213952266e-11,2.5515418403418588e-18,-5.260474398314174e-26,-2.0225636166024944e-34,3.3790329459783296e-41,-7.986968565137137e-49,0.0
7kg_16bpm,4CA,0.0,-3.401224019894829,-43.285037117203736,-44.878367727654684,-47.095527308781314,-49.65962584692787,-52.275102662931396,-54.59502830492283,-56.41895444012603,-57.53373091465402,-57.82669122165889,-57.41249685421702,-56.295432778797924,-54.714315660238135,-52.850610877340785,-50.86285002645954,-48.90765700185084,-47.082269828661005,-45.42858200056053,-43.93078223394659,-42.58386639830139,-41.313376140058324,-40.07091021603386,-38.803651112292854,-37.47754488563613,-36.05838044362097,-34.54773711188539,-32.960967519257444,-31.32083035159935,-29.681956390890527,-28.104096338283277,-26.654020339197324,-25.374172000659136,-24.35793352635212,-23.59809609596605,-23.115237027055347,-22.921422355764747,-22.946251830898138,-23.16356241252379,-23.495629929554504,-23.870666023398062,-24.21542274881661,-24.476599216299604,-24.602106075436573,-24.563385753845917,-24.375824803270877,-24.03460692172747,-23.59782362824164,-23.112368437896897,-22.634736018582718,-22.2136603714988,-21.89896220876375,-21.71218992913384,-21.64960773290255,-21.726430480414702,-21.897327901927348,-22.145914804491508,-22.452880461438486,-22.80082228210099,-23.199027135236385,-23.655400992149477,-24.187110071789785,-24.82546761285727,-25.560149497169192,-26.39098120507357,-27.283654913214757,-28.188381422497333,-29.037901592814723,-29.786656735373963,-30.392316511891597,-30.839336907470873,-31.17772055116639,-31.471684690334595,-31.827514324639267,-32.34420227730889,-33.15847449732525,-34.266361179449596,-35.68085566624251,-37.307940099834745,-38.988454917701624,-40.50970808370643,-41.70624419927429,-42.42074322732463,-42.52536961565451,-42.114229737222075,-41.23268678922019,-40.087509325758894,-38.88344190252304,-37.84122858035708,-37.07817409708929,-36.697136202553196,-36.704059929205386,-36.991871076477594,-37.46918416975305,-37.95849138116415,-38.312013693105065,-38.35892028957413,-38.04470503863683,-37.26382485435128,-36.02659500954161,-34.40616762
7kg_16bpm,5AB,-40.12234998,-39.46659283329743,-38.90245762968029,-38.564652029645856,-38.55105636773472,-38.86790879978482,-39.45712123902044,-40.15759599522271,-40.77476698048529,-41.09324227707446,-40.935529656161066,-40.208828673551814,-38.90357169448284,-37.1292204275884,-35.0502304262357,-32.890846934906584,-30.854467853559168,-29.117337183680185,-27.780529847316995,-26.87723548476757,-26.370369788977076,-26.17358625211117,-26.17629463265737,-26.26116116335021,-26.333282411728682,-26.321563916258555,-26.19844067252498,-25.968252671577325,-25.67087708454074,-25.369783109151737,-25.13371598993049,-25.03607608477963,-25.11710069086534,-25.400985822284188,-25.86019907322028,-26.445196759095055,-27.07770294227593,-27.671341965006185,-28.15916712400679,-28.483704802377687,-28.638536279952458,-28.631014377439463,-28.510886098363002,-28.33287040485209,-28.157554203512316,-28.040238135627487,-28.008978998793935,-28.08460913825557,-28.254306402828885,-28.506616781877245,-28.815390852961873,-29.169255563767162,-29.561551151124227,-30.00775069452171,-30.52250665457101,-31.136734691248723,-31.853903258842617,-32.679567076788274,-33.57883077088457,-34.50951707427932,-35.41621026408172,-36.236888096164016,-36.943130959835,-37.49902271526893,-37.9205006892271,-38.2012691412595,-38.3674026174376,-38.4042179669897,-38.31940930944469,-38.082616496249614,-37.71403698573658,-37.22669633761624,-36.69669891020283,-36.22694678936542,-35.91010573968748,-35.87654568636995,-36.129851001278695,-36.70349534186578,-37.47813021978356,-38.35299440019529,-39.18926873720948,-39.85644629341959,-40.33144023428308,-40.5958476230112,-40.761507482195995,-40.95837520763221,-41.31424304879964,-42.00617295726967,-43.043719767883324,-44.514669074334854,-46.288237907873146,-48.30288485157506,-50.75308213546681,0.0009313333181211338,-2.0696795573919116e-12,4.4521722461579485e-21,-9.151670302160721e-30,1.7548386990139382e-38,-2.97485397509888e-47,3.7597058949549195e-56,0.0
7kg_16bpm,5BC,-44.13134224,-43.2014242926434,-42.237305020727455,-41.29129589349368,-40.416674538465045,-39.658721076459834,-39.054580401418114,-38.616158597786836,-38.312046237281265,-38.10817103720586,-37.96141636936041,-37.828579435070196,-37.668779518075155,-37.46373227338595,-37.21355704777816,-36.932582260556025,-36.64456998870135,-36.37713270658303,-36.158882332316615,-35.99629613918996,-35.886580821720656,-35.81464165694008,-35.756435338443296,-35.679461022422046,-35.55447719791907,-35.36370491017697,-35.0990967387636,-34.76358658347494,-34.369871828200154,-33.93554548565432,-33.489947052903624,-33.05242716761116,-32.636870865521374,-32.25005405380589,-31.893143492422617,-31.55891199274696,-31.23611055426077,-30.915906653738933,-30.591863494235714,-30.261098194973172,-29.923981266352392,-29.585695942653402,-29.251829987471382,-28.92808066493509,-28.619678225608915,-28.33208087292865,-28.072513939137867,-27.84446032494791,-27.655350076791816,-27.51402451727004,-27.429804991452134,-27.419887739905118,-27.485434907345923,-27.624968192374283,-27.832417052680128,-28.095311783515186,-28.395546195701606,-28.710021633072902,-29.01288218610918,-29.28635396620589,-29.51964906732271,-29.711283433007026,-29.86880170292234,-30.015602589694875,-30.18065649000757,-30.393478760969124,-30.68129393670557,-31.063836965466102,-31.563025521073797,-32.154784958271165,-32.81168474835064,-33.49135118538768,-34.14005814923898,-34.69211715923752,-35.07588119960005,-35.26039777806444,-35.22629667517767,-34.983354615357634,-34.57437197731141,-34.074839813868905,-33.6143847226438,-33.32017050610739,-33.31827295120957,-33.71987214648075,-34.612166073514004,-36.07877630644273,-38.02063035797273,-40.349657204949594,-42.95457017598688,-2.9029601231912494,-9.725121165409979e-08,2.033292647762129e-14,8.921042063333874e-21,1.8270060181182573e-27,2.3858631367597035e-34,9.59981069820025e-42,-5.54993313776455e-48,-1.8447871770747957e-54,-3.394069302602592e-61,-3.868867145678023e-68,0.0
7kg_16bpm,5CA,0.0,-43.69815574779829,-43.46226947298392,-44.127772330913324,-45.94808253203514,-48.48841049403124,-51.48238286912142,-54.47312807318823,-57.04550586762116,-58.877223944625314,-59.840517100234656,-59.781348315838095,-58.9427775227788,-57.344557704492765,-55.314944360598815,-53.00310929557354,-50.58346826430567,-48.16690862255207,-45.82010278002958,-43.5648043468682,-41.432404583456865,-39.40286754767516,-37.49405026960741,-35.682227734712676,-33.957271554986036,-32.292886442935625,-30.65981601336641,-29.039795163177402,-27.4267763233944,-25.845586209070685,-24.32991865243948,-22.95161923333558,-21.75879429347914,-20.80660490685101,-20.129195961935608,-19.700759509996264,-19.530488940224075,-19.528371793436303,-19.66531457039563,-19.86555845704726,-20.087738601902494,-20.30083494388661,-20.49321534546112,-20.669212977290684,-20.847838172684316,-21.06096709033,-21.329548374471038,-21.69187937451921,-22.157674697874683,-22.742800000010174,-23.446762697827456,-24.248396230644918,-25.13210984024955,-26.051125267442707,-26.96244864203365,-27.823197549584087,-28.582984206785877,-29.21713176348176,-29.710698396083167,-30.060662966245665,-30.302499799073807,-30.45400290552089,-30.57013446995077,-30.689319885631594,-30.84674214809033,-31.075145172720525,-31.392082961926267,-31.799530548414303,-32.29692651574277,-32.847237200887854,-33.408927870219735,-33.920530109490095,-34.29745982099889,-34.48373948439883,-34.42823256862973,-34.11993872380985,-33.629276679909786,-33.049479495424706,-32.53954151682392,-32.31323621337256,-32.47864581619993,-33.17599224350045,-34.39008041375621,-36.00489714894841,-37.83470845091085,-39.60740171830399,-40.9924574045141,-41.85632640208406,-41.99411959222452,-41.504814309837634,-40.52252670464081,-39.303224339630034,-38.14003963644009,-37.310725185154226,-36.89973329205631,-37.01180514711834,-37.439637050407185,-37.981824310377874,-38.360910440504156,-38.3199481111534,-37.65424654
7kg_16bpm,6AB,-39.60359065,-38.28080435295642,-37.18930535598899,-36.4852196318817,-36.141022378705564,-36.2464471132015,-36.67744537775624,-37.3818022340776,-38.19156193798424,-38.93335667033469,-39.44333183608065,-39.5636640080926,-39.21070583157542,-38.38724736930677,-37.13510434257266,-35.6127492997009,-33.9541137395161,-32.32157937424295,-30.85480435255595,-29.58499345714359,-28.57098256221392,-27.733658958530082,-27.036494376602402,-26.399264828983874,-25.77504549858887,-25.141958135684018,-24.510197180022242,-23.914627017985662,-23.40316282497875,-23.02793252532958,-22.810309924408557,-22.780256103958617,-22.90091756683343,-23.167991058729626,-23.516666022859283,-23.92211689466469,-24.34562072258864,-24.773986480711482,-25.204232877107824,-25.642495474227847,-26.093498048584024,-26.55605177767223,-27.01854851059471,-27.46142722538188,-27.86347899642472,-28.216750945423442,-28.522241640570908,-28.81072033940385,-29.129631146546096,-29.522822301868924,-30.067032948345506,-30.76610951376501,-31.656707325044223,-32.68999973252025,-33.82292655534179,-34.97614536345782,-36.065140525367816,-37.01901055408753,-37.786602808340604,-38.335824632593386,-38.68708452660383,-38.8499287944616,-38.88889882486421,-38.83162016717648,-38.732174722741476,-38.61015380467813,-38.48247749405576,-38.352179048304386,-38.22184390193142,-38.10142104758128,-38.010165908128286,-37.98369078617314,-38.05590592618467,-38.252555907728194,-38.580990951645646,-39.00346201708784,-39.46549344040439,-39.88757909908995,-40.175356840534796,-40.30138541026909,-40.20788701704058,-39.96291200218764,-39.61308365310485,-39.263482744388746,-39.024859023358665,-38.97663846556529,-39.20111559530558,-39.72893638013062,-40.57027499549065,-41.726344404707575,-43.1537321079708,-44.83913945461902,-46.69742417126781,-48.660187541885456,-0.05224758079389059,2.9617962872133043e-09,-1.0905190648636004e-17,-1.7539566483594447e-27,1.966964136289489e-34,-7.493749910407476e-43,0.0
7kg_16bpm,6BC,-44.89191646,-43.415783853604346,-42.190110224174404,-41.24239596623215,-40.575238074539634,-40.18841297184371,-39.987936369412985,-39.88896457857351,-39.815018395951,-39.684209271564036,-39.45353196687599,-39.106957116799116,-38.64963680069601,-38.096569082205484,-37.502335156073656,-36.90412934793584,-36.335927938476466,-35.83164478598992,-35.39619795262472,-35.03199986543647,-34.73628142850554,-34.49926637526248,-34.29757740500647,-34.11465267064862,-33.9328100895911,-33.73364425766878,-33.50467364714428,-33.235741141895076,-32.91406273924737,-32.53636344533218,-32.10595802207332,-31.627349263284287,-31.10633617082252,-30.564509065984698,-30.02443415921371,-29.51000989915349,-29.058537280442028,-28.68876448670415,-28.41647514740821,-28.25115969902732,-28.2100379572505,-28.263031988740938,-28.39110896837783,-28.570658027051383,-28.773711563672727,-28.96831632204376,-29.133333067669366,-29.25071785298812,-29.306342622028005,-29.306505091969683,-29.256236721977178,-29.163082314613654,-29.04093529751385,-28.906782635664875,-28.77331037182618,-28.6540598651263,-28.56007983740888,-28.497777017840637,-28.472858924357556,-28.495688187094796,-28.56698187786054,-28.68733131464557,-28.858726554715826,-29.092493453593967,-29.38482161168429,-29.73775089237375,-30.154594917174794,-30.649334535262028,-31.21009361523282,-31.830635260344287,-32.49853109784452,-33.19120231364377,-33.86970769605479,-34.49641980925562,-35.027261639461585,-35.41163636903275,-35.64793984339217,-35.7407667102478,-35.71783528749522,-35.6503615190171,-35.634617469175936,-35.76553675797982,-36.16131683506797,-36.8970487252141,-37.97530081775616,-39.37168513129015,-41.03388572114333,-42.81197396900478,-44.55819416667571,-46.512906581392144,0.014125686402803962,2.4554317161585772e-09,-1.364477738156577e-16,-4.788857303659859e-24,7.0508133892206645e-31,-7.187651612228682e-39,-2.6344675745695722e-45,1.1629125361778444e-52,6.380711131825646e-60,-6.719811033690049e-67,0.0
7kg_16bpm,6CA,-38.82535004,-42.805271418944166,-43.371010444852146,-44.829193485699705,-46.92841464948377,-49.36368765204016,-51.799225318641156,-53.92329756678504,-55.45935872990515,-56.349087341969614,-56.447203990225375,-55.95693685620521,-54.87936824735268,-53.46439342723433,-51.805573217992055,-50.0446019984691,-48.25879158201123,-46.496499535238556,-44.77858654996357,-43.10476955253335,-41.45913871213237,-39.82212545313779,-38.17085002399763,-36.4797317506587,-34.74273202769386,-32.945545128762,-31.110262094335408,-29.26179775098545,-27.44461981259743,-25.723797181920755,-24.155304973862755,-22.805421051370697,-21.72302679498784,-20.923369627963044,-20.431229174933634,-20.193780114900655,-20.210391190275015,-20.39076162590629,-20.713645046541885,-21.105356260104536,-21.535452475012775,-21.971129224286138,-22.39594783936451,-22.806788329776424,-23.21058290077205,-23.622403513627805,-24.060555126610016,-24.54361280196098,-25.073949032907876,-25.65099288535618,-26.245906750000003,-26.819897727450417,-27.33645725907958,-27.73899619180717,-28.016253000593544,-28.14453769544332,-28.14538055863689,-28.044903223542402,-27.88409003850645,-27.708783214098947,-27.558464685898656,-27.46012873776922,-27.44468521180624,-27.511904163057864,-27.696189548956077,-27.987657112811352,-28.427332631089605,-29.00762923617801,-29.750731663031832,-30.631915946297624,-31.616475191914198,-32.638089849547164,-33.60799476170751,-34.424877643843736,-35.020548852243834,-35.303539307955475,-35.314384022137915,-35.04542531402898,-34.6459584636825,-34.25200218984972,-34.01861723886744,-34.12557822972543,-34.64091697428591,-35.60051755876328,-36.91682279251893,-38.40688475574644,-39.83931669016198,-40.981034222673216,-41.578620713133894,-41.620085941602994,-41.01016907871952,-40.01184822489654,-38.805103622870725,-37.670725429277326,-36.85129269346675,-36.43513346638068,-36.43089260311766,-36.69859883390566,-37.0186036220334,-37.159246295465024,-36.95717045
7kg_16bpm,7AB,-39.62945135,-39.16206344295587,-38.84464687472461,-38.82420577409346,-39.10375225495976,-39.64283821461287,-40.29482519576116,-40.861902972736445,-41.125476517843474,-40.968181953924486,-40.20531017913555,-38.9502854271873,-37.19557766998388,-35.15871998299371,-32.99820539697229,-30.89520393838082,-29.000601358585424,-27.42540002264406,-26.19082155231295,-25.34873077645334,-24.80148362788373,-24.547685479778103,-24.46220990282955,-24.48794542708557,-24.545758341155196,-24.58134292378879,-24.564910916732828,-24.496694022814413,-24.396359995348885,-24.304704653997547,-24.275914726678813,-24.334247280225537,-24.52224807558202,-24.82699945887271,-25.243660518264576,-25.739702608680712,-26.277168491089405,-26.817411015104287,-27.32390321934553,-27.752298775089745,-28.0902507484629,-28.293930745743907,-28.37780599402042,-28.33345503765325,-28.194486099171414,-28.002067966058718,-27.811885144942888,-27.682765882637216,-27.681224079133234,-27.82494200031717,-28.169230595109962,-28.672461949788655,-29.338541709686535,-30.117144623940803,-30.978524121092423,-31.889125860258055,-32.82244913983651,-33.75899665095794,-34.678911331054415,-35.547410262087745,-36.34127653652979,-36.99956308848045,-37.5122749045198,-37.8540453564857,-38.05972126671402,-38.19247606514929,-38.340810691979804,-38.59087017090938,-39.0286998924971,-39.64201666530639,-40.43166707966007,-41.29317182991143,-42.13419440395256,-42.86986814896444,-43.433998262843225,-43.81070265559076,-44.03393882907708,-44.1472446412153,-44.22365228695805,-44.3099177929601,-44.419663134541494,-44.528947704116135,-44.5818888312422,-44.49416087254851,-44.206881623895335,-43.69498688135837,-42.98080218131771,-42.177761139833805,-41.44528476928894,-40.938465414826766,-40.90387520818255,-41.37202744495136,-42.43640926820497,-43.97562762462362,-45.81904431309684,-47.72003737596266,-49.41321275026518,-50.623497546755466,0.04949117318817049,3.946441458653724e-09,0.0
7kg_16bpm,7BC,-40.52290095,-39.98273380681946,-39.7040862499343,-39.624475907960836,-39.68415151148807,-39.82662685433625,-39.992579823261565,-40.118696780505324,-40.16288143528602,-40.09708513668895,-39.90693441433891,-39.575623061296696,-39.138185645604494,-38.61666148348354,-38.03707132235977,-37.42526130309414,-36.81270245863193,-36.22246122745089,-35.67372245438811,-35.186620606740284,-34.778880857737356,-34.45164244031836,-34.20715405853922,-34.0417122546596,-33.951415585737145,-33.90402945412495,-33.87438134475005,-33.83439923462494,-33.74760180904741,-33.589451611068206,-33.344638733200746,-33.00479598513143,-32.566108300333575,-32.03853959169127,-31.45083798385494,-30.826848843604434,-30.192358861301063,-29.577739653068942,-29.00327777946288,-28.4836381897458,-28.0274758466409,-27.647106797815297,-27.334511076230203,-27.082660213607603,-26.885466780593834,-26.73899600887498,-26.637650969138445,-26.572035805315572,-26.538405691474022,-26.53461996758402,-26.564388425626696,-26.625362115767643,-26.722280615311455,-26.861865175016703,-27.060919155643138,-27.325012429808357,-27.660157919845698,-28.070852762034775,-28.561150046147382,-29.124932455401776,-29.74178262224279,-30.39387382963719,-31.06067943251659,-31.717525434323903,-32.34589899079569,-32.93325121868439,-33.47290785091037,-33.95717209878751,-34.39534471781417,-34.7949712360638,-35.16174977937782,-35.497220893168155,-35.79998585368002,-36.06813884959459,-36.2953179680686,-36.47497055685206,-36.597813539567795,-36.67679627129173,-36.72506237734999,-36.76382441748727,-36.82768031812785,-36.950860766921885,-37.16265066895122,-37.486934882335134,-37.94681257906606,-38.54612739466438,-39.2622241750307,-40.076382672977104,-40.96763077644016,-41.92150404812552,-42.91668613800323,-43.951756619711084,-45.39787882804299,-0.03408281256551884,2.441354677475582e-09,5.13590607401466e-16,3.429884097844827e-23,-9.60815866201157e-31,-3.6235852488706892e-37,-3.0894297417057783e-44,0.0
7kg_16bpm,7CA,-39.44233426,-41.70007156111695,-41.063834456389564,-42.28139375807342,-44.81597821413412,-48.29085025636901,-51.96284606303614,-55.21656389219176,-57.47926274316406,-58.60349289246546,-58.37202456987167,-57.184495565983916,-55.22477954351137,-52.924324377591084,-50.55367961699156,-48.3271010874728,-46.31238604844706,-44.51218898064793,-42.82328489830061,-41.15241000976498,-39.413876546127966,-37.55829519527939,-35.59470416526893,-33.56425304710838,-31.5359493890544,-29.571730787024524,-27.749683298336677,-26.081946904895204,-24.60913152569656,-23.317477024223813,-22.21664818870346,-21.316394951432056,-20.621022793653076,-20.181252049615665,-19.97702553599155,-20.049601128057503,-20.32613373384095,-20.76100723203344,-21.25445157807559,-21.72037440191759,-22.08041383310428,-22.31951413202485,-22.43814214997866,-22.515040607469317,-22.631348463305304,-22.86677046370994,-23.276835630981257,-23.873700557431764,-24.612004589360662,-25.428585677507886,-26.233778998442606,-26.940724099766424,-27.513304856142316,-27.92612884554988,-28.20615758805776,-28.39766751555427,-28.5547859324522,-28.725046561126717,-28.94780792384872,-29.224401973790894,-29.553197742390328,-29.91064391987859,-30.28035550990384,-30.65480615991544,-31.040906155146995,-31.46379251963527,-31.939911006244603,-32.4949459976934,-33.114380410621195,-33.77690166696769,-34.43208607012882,-35.027551638335495,-35.49739217141941,-35.81632134487921,-35.9224586953947,-35.84144836929514,-35.56118118063308,-35.1364418802773,-34.63229964246427,-34.16594248626489,-33.86081609378181,-33.913005601908395,-34.38187543170577,-35.39182559773615,-36.80985670749055,-38.478194860032836,-40.078672703736274,-41.308239210694516,-41.83144201249088,-41.61070451906932,-40.56182311366253,-39.04513697938071,-37.356880065344214,-35.890350088523014,-34.91588112813544,-34.57447490232413,-34.75006289067196,-35.26428817515416,-35.78475806087499,-36.00852394156483,-35.7794528
7kg_16bpm,8AB,-11.93650272,-39.11632759894739,-38.70805918660635,-38.69249980294918,-39.036139215493854,-39.718972264435806,-40.52377075216074,-41.232268068132356,-41.60494243300235,-41.506906413338626,-40.72612358489839,-39.39445028768501,-37.54544882003595,-35.372872815012684,-33.079275944782005,-30.856262530659457,-28.832971966791526,-27.147017657070446,-25.801706653296147,-24.803094568183436,-24.134948780414987,-23.71193576390656,-23.530766374912073,-23.506288809218557,-23.61606873484999,-23.825361541855354,-24.097804187800065,-24.412785462005075,-24.737205230888076,-25.048950576942687,-25.333276397523154,-25.584966437449435,-25.805858361034606,-26.013258321509436,-26.227042428801596,-26.466656380343707,-26.74971141892845,-27.085017407179347,-27.462064277093994,-27.868414949762183,-28.270923268206314,-28.633563895290113,-28.923280656054203,-29.120925004309516,-29.19821367193473,-29.180022139726965,-29.07388676256484,-28.92064859144297,-28.761126402038524,-28.64258090995566,-28.598830061408158,-28.68972645466099,-28.92584893752919,-29.342801839242103,-29.957790676775318,-30.75140849329909,-31.743547872950245,-32.864141103930635,-34.073080800395736,-35.29363476414418,-36.44607632265345,-37.42808114971464,-38.19891132321082,-38.66936325695317,-38.85656517283745,-38.77555339935542,-38.47346122939552,-38.056601688041496,-37.61619560066749,-37.24946067407712,-37.03995795540165,-37.03050712334278,-37.206364002787424,-37.5601203780981,-37.99634323912562,-38.44334393437627,-38.82710472563781,-39.10219939338423,-39.247627935425776,-39.31447382346413,-39.37392469159271,-39.525161878440834,-39.87557070043833,-40.51394321780952,-41.434983828869235,-42.661645399731746,-44.04698864457412,-45.46680181318595,-46.76894911961739,-47.84967738459209,-48.6128081686631,-49.13892867686907,-34.84962943961344,-1.8833032962712743e-05,-3.4851614924319735e-13,-4.028391593347836e-21,-3.7902757137462975e-29,-3.0314137286627482e-37,-1.9963916351745248e-45,-9.144281258810851e-54,0.0
7kg_16bpm,8BC,-46.00062216,-44.29300129092556,-42.64517841694097,-41.157451529667625,-39.88943066766041,-38.87824122964239,-38.13080147361086,-37.64914503592042,-37.36023333360523,-37.19213981854755,-37.08019864274941,-36.968788215203155,-36.81016377637813,-36.591793447065896,-36.32046600850208,-36.015893206134045,-35.70408638129285,-35.41515598687773,-35.163485588742645,-34.95198652529075,-34.77304255888091,-34.61169960689895,-34.448405686023165,-34.26903509731039,-34.069472307162464,-33.85536335730174,-33.642005207692634,-33.455279512921095,-33.315537423047026,-33.23868746152755,-33.23157336403468,-33.29239251132673,-33.40230844141523,-33.52803928250812,-33.63757925568772,-33.69873846818208,-33.67467102023922,-33.544532515926754,-33.3050944892067,-32.95870993828126,-32.5173751429711,-31.99438253664928,-31.425084785545025,-30.84021591225957,-30.267800306532433,-29.733321115314148,-29.269809576011756,-28.888381885573004,-28.59885835019913,-28.406534896130182,-28.31167135,-28.321808144311337,-28.41232350020283,-28.568884572850905,-28.774132852943396,-29.00867649100089,-29.250489498713428,-29.4781460341665,-29.67729340193153,-29.83921214382279,-29.961424136695555,-30.050278730510882,-30.126512472968134,-30.211465146061176,-30.328943636178316,-30.50588773639955,-30.763278448549585,-31.10177787481854,-31.516144834366436,-31.989424426666464,-32.49368653587088,-32.985208368072904,-33.422163577269714,-33.76627810236671,-33.98676808563221,-34.04569707970529,-33.95501554306965,-33.74059542848247,-33.444302057877024,-33.126516069405255,-32.883037377749694,-32.80437549169324,-32.976200170605146,-33.47371820453601,-34.352248335165825,-35.69438852467932,-37.420710219139934,-39.47260181909494,-41.758084988473776,-44.158973542985734,-35.383618313199065,0.002031322053578695,2.61062343139958e-10,3.242347380358288e-17,3.879800527384636e-24,4.443391959334551e-31,4.810050419856544e-38,4.803553155796187e-45,4.1900162984948785e-52,2.6868093730699093e-59,0.0
7kg_16bpm,8CA,-43.75470169,-43.12755809947256,-43.7029292380624,-45.321286924144545,-47.764485062151465,-50.560677063601034,-53.22440171731902,-55.37864332389322,-56.56370009970417,-56.814638989401026,-55.95073064875192,-54.34622564896133,-52.13876332258485,-49.711894815133434,-47.29834466360835,-45.07004803286838,-43.128383109696145,-41.445565682636555,-39.98564658575647,-38.66579624304383,-37.437996535485475,-36.273462239338876,-35.17235788978847,-34.148053786446894,-33.20256761037266,-32.32491602398079,-31.47675280713411,-30.60652349562008,-29.673900183678548,-28.642331918440753,-27.53505256206989,-26.394704278400766,-25.30085900639142,-24.375253535059098,-23.670246069666284,-23.30041601865375,-23.229742716152778,-23.472816721700287,-23.917349444224442,-24.47685287159458,-25.024765815886468,-25.455785760800296,-25.697843950507174,-25.710315416581633,-25.50322620524692,-25.1197835091925,-24.630867715577878,-24.120731766654096,-23.68233324290639,-23.38261199219378,-23.301005160000003,-23.443141543938886,-23.843527817291175,-24.43373562115408,-25.182457943407563,-25.98824333144154,-26.769387829040095,-27.462587947123964,-27.99798115508983,-28.38457295703356,-28.61788481137521,-28.75883828217621,-28.8595547407232,-28.988524408312024,-29.204600575526037,-29.546482724333618,-30.036639698198897,-30.669637676256478,-31.417990916950124,-32.23459749573239,-33.05818268441134,-33.81397578191354,-34.44461449695913,-34.872982047711524,-35.087427190498175,-35.04110088979676,-34.79624771660484,-34.38774443953386,-33.947226427426905,-33.63969962345717,-33.60126963106056,-34.05386509090959,-35.01292605534957,-36.53118237918253,-38.392899332923896,-40.338254800356964,-41.989149739648894,-42.971904585766396,-43.05895647474478,-42.18537772414363,-40.55034511957025,-38.53236328028308,-36.63533239884464,-35.27084628417289,-34.77994227777782,-35.12223752962876,-36.1543459100465,-37.434241438679074,-38.48092381170145,-38.966792520024846,-38.48357473
7kg_16bpm,9AB,-40.20624365,-39.019461558112646,-38.22204516717241,-37.94070520588126,-38.25885781783881,-39.05760069097475,-40.14383759024611,-41.21392424983459,-41.91223347859471,-42.01867940981634,-41.292066552677305,-39.812956592018246,-37.63557266125464,-35.077040621360254,-32.41747050360631,-29.937806066961812,-27.922091471013875,-26.408394563959522,-25.51466947390046,-25.061780221767325,-24.99218326361978,-25.090305463332328,-25.2364418266544,-25.33079760841577,-25.315804727193903,-25.22398236532652,-25.098608406956277,-25.01262619755937,-25.046918376757414,-25.218660674470513,-25.558729217239577,-26.011805175043264,-26.538653989833055,-27.067714147740567,-27.539452914589823,-27.921441509051743,-28.18268513032352,-28.336127467193187,-28.385669643527013,-28.36472396209278,-28.296621054853937,-28.21719772122582,-28.159840895775538,-28.158329914737333,-28.24895002831843,-28.454855866020857,-28.797028307005593,-29.271099546328912,-29.863385223755095,-30.535611055621462,-31.2438304358005,-31.936473109030086,-32.57303323459016,-33.12509057873411,-33.58864473239559,-33.97537001088331,-34.31239578753825,-34.626634966849075,-34.93620172958555,-35.24167210603645,-35.52727991119591,-35.75994877562254,-35.915929488088686,-35.97015171855587,-35.937554245871475,-35.84581538169414,-35.7526998119513,-35.731178907378485,-35.82758071994115,-36.10004559861708,-36.525985109625374,-37.08910476934218,-37.70378501279771,-38.27927001937782,-38.74624870164747,-39.02222285501292,-39.14352935152193,-39.155791234129495,-39.200827589762866,-39.484767073775444,-40.11537646399949,-41.292797456297954,-42.90816094747208,-44.88619489853669,-46.893921038319974,-48.533986469334984,-49.529683219515235,-49.51971973992191,-48.62716025092286,-46.95360020383767,-45.00934384405347,-43.29936169200183,-42.25541714812438,-42.233272208962035,-43.14270921326681,-44.801120652325395,-46.70332985701974,-48.37157126016692,-49.42175887206294,-49.619627730853345,-49.0484216
7kg_16bpm,9BC,-34.60298959,-42.63673328547957,-42.05350246483262,-41.49925403577127,-40.98433585575904,-40.52260311116824,-40.12623401274754,-39.805192103072,-39.54008756671047,-39.31249972752637,-39.09898335002935,-38.87501528544631,-38.61797150557668,-38.32093061713164,-37.9828873288541,-37.608771855839684,-37.205267700439855,-36.781323095496674,-36.34442953406431,-35.89766451461939,-35.44293150103401,-34.98253075135761,-34.52261710846132,-34.07193107086637,-33.64123579474354,-33.24175458040472,-32.889443478609344,-32.58633661864696,-32.33055853383417,-32.115739128410794,-31.930991613337746,-31.76327808997638,-31.59522048788625,-31.415841232522894,-31.218485958252195,-31.0013745598864,-30.766309824117684,-30.52410068322975,-30.28444914181355,-30.057207821278496,-29.851262515726035,-29.675497691746074,-29.527744885353545,-29.40549874370029,-29.303058332581706,-29.212582990280488,-29.123919867145787,-29.028056892470403,-28.919219003595785,-28.794872538823164,-28.655834100000003,-28.50926725923118,-28.366302605193685,-28.239289568917535,-28.141335949778536,-28.090406225878002,-28.09629153325735,-28.164051910348974,-28.29780441775928,-28.49908794490285,-28.77729013427384,-29.12555091684486,-29.542774882414218,-30.02964946282277,-30.586128812362794,-31.21929878500228,-31.911566702879682,-32.647836363300286,-33.40584111762623,-34.15568170530554,-34.8501543577286,-35.453666067324086,-35.930867078823155,-36.25398376619792,-36.403811935856595,-36.36564483307901,-36.185907823326026,-35.904705762744854,-35.577717178881635,-35.275736812598204,-35.087025965479214,-35.07500559052519,-35.29746170010219,-35.796703624299944,-36.61798295385821,-37.758254106365115,-39.168564564993325,-40.80201700499523,-42.59535570568156,-44.47409505076787,-30.575359776206056,-0.0005375618677396717,-6.908661308903279e-11,-8.580433174422325e-18,-1.0267366586622093e-24,-1.17588349742533e-31,-1.272914692706998e-38,-1.2711952797772118e-45,-1.108831060692913e-52,-7.110277084342022e-60,0.0
7kg_16bpm,9CA,0.0,-42.24679452845015,-41.35038676839013,-41.577651138068035,-42.879337567931366,-44.98812186031316,-47.61177319687896,-50.30159892228187,-52.61929432968166,-54.344418778647615,-55.18753120678383,-55.18933112290858,-54.384222937575316,-52.9277685792821,-51.0518470622513,-48.924612440740646,-46.7509789744343,-44.68834720825437,-42.81829932780849,-41.24343428365658,-39.97048976373678,-39.0061824762483,-38.315007383192096,-37.80911449990504,-37.41176211412339,-37.012855473647384,-36.5065254341501,-35.84858915343713,-34.98779348504582,-33.9501712336844,-32.7805093341415,-31.548733404666105,-30.335631578814354,-29.22086393449738,-28.232016917084707,-27.419373051730105,-26.74663944642658,-26.205123673599378,-25.755613123300403,-25.372681451851047,-25.04626548349538,-24.773431114394125,-24.57860619202846,-24.4609803684935,-24.44124663716816,-24.48973229495405,-24.577033290035622,-24.653000618463555,-24.66680721348724,-24.576268072123018,-24.37944662548852,-24.075429851539134,-23.72325317073689,-23.380266948195867,-23.105587577670054,-22.960369335294754,-22.96961104701851,-23.13429789518183,-23.440249022925556,-23.831600245091188,-24.266025764107365,-24.68828771471675,-25.053771635300063,-25.35063751222661,-25.575769545223448,-25.75549860502594,-25.933329894843553,-26.16558801073486,-26.49587044379529,-26.996521473810994,-27.656609639113057,-28.495496670081806,-29.449520093028255,-30.449932515090385,-31.40790246021178,-32.248984321979165,-32.9221052095487,-33.46760835916884,-33.959702152876275,-34.53911575434728,-35.38972901393105,-36.60111470408275,-38.231780046505875,-40.19408391864175,-42.26395804148081,-44.121392904254314,-45.488698448063346,-45.925552692898954,-45.46866272950801,-44.02529332045821,-41.92064532171592,-39.525498707595865,-37.29096682142045,-35.59280239374578,-34.76434698437155,-34.71954645352,-35.4535339668107,-36.52562132173972,-37.57297665075484,-38.23584616999631,-30.57791124
