cond,seg,axis,app,RMSE_full,RMSE_q1,RMSE_q2,RMSE_q3,RMSE_q4,section
15kg_10bpm,10AB,Force_AP,preRiCTO,204.79418422823764,193.60464544427143,16.89203321213529,62.25775244052636,350.5437131580217,AB
15kg_10bpm,10AB,Force_ML,preRiCTO,22.227565729887957,16.481150977576576,21.746576168505257,11.387045873312168,32.84307932481931,AB
15kg_10bpm,10AB,Force_Resultant,preRiCTO,772.3436186102025,918.0151005165036,65.97025137768235,164.89339851732268,1215.1391245616894,AB
15kg_10bpm,10AB,Force_Vertical,preRiCTO,745.356644379019,897.9072474511117,64.0359346479216,154.17280828846742,1164.5158657329805,AB
15kg_10bpm,10AB,Moment_AxialRotation,preRiCTO,8.882925992034256,3.8496422313702987,3.383477133279159,4.493566950264026,16.18171882003648,AB
15kg_10bpm,10AB,Moment_FlexionExtension,preRiCTO,3.0350027060541107,2.097571562632811,0.4428317044061172,0.8574274826128384,5.536793633826112,AB
15kg_10bpm,10AB,Moment_LateralBending,preRiCTO,2.4871122681328943,2.5399581252212404,2.836768987018256,0.37425195309460796,3.1549150827563093,AB
15kg_10bpm,11AB,Force_AP,preRiCTO,222.38907157357312,210.00372446505278,19.62089806397972,90.51685872923467,376.12143464501145,AB
15kg_10bpm,11AB,Force_ML,preRiCTO,18.693844662722462,19.329672727614327,21.864251115892593,18.439876332906216,14.547896439222148,AB
15kg_10bpm,11AB,Force_Resultant,preRiCTO,843.5639891727222,988.5199460166683,80.04936281977679,241.38125395251745,1327.5991667830635,AB
15kg_10bpm,11AB,Force_Vertical,preRiCTO,814.4503368105964,966.3464528751958,78.0039988226806,225.89320407831866,1274.3447592719504,AB
15kg_10bpm,11AB,Moment_AxialRotation,preRiCTO,6.399254127781836,3.8939936201548653,3.0363716118339377,6.666888875694789,9.638149636071033,AB
15kg_10bpm,11AB,Moment_FlexionExtension,preRiCTO,2.394917669984642,2.0541608135499314,0.5533574087528321,1.504180040557967,3.9690641633014647,AB
15kg_10bpm,11AB,Moment_LateralBending,preRiCTO,2.705199897416693,2.8176210519655673,2.4786701991448026,0.6438834340805816,3.806342123306153,AB
15kg_10bpm,12AB,Force_AP,preRiCTO,198.24724545800214,136.21949761673238,25.734043017935143,74.19116667963877,359.02865541533754,AB
15kg_10bpm,12AB,Force_ML,preRiCTO,20.968951063713455,19.260244337975564,15.036010306344986,12.45625600439223,31.381317624138454,AB
15kg_10bpm,12AB,Force_Resultant,preRiCTO,728.478953095862,699.3632595699984,102.94610656699189,196.61525648568224,1242.5118692522822,AB
15kg_10bpm,12AB,Force_Vertical,preRiCTO,701.7715954468159,686.2243751049116,100.0119230535794,184.0220427197467,1190.8555560713994,AB
15kg_10bpm,12AB,Moment_AxialRotation,preRiCTO,7.632295350826298,3.9588354473148963,2.2005296640847622,4.9082876383711715,13.542376869956406,AB
15kg_10bpm,12AB,Moment_FlexionExtension,preRiCTO,2.912573575605872,1.6640653781847008,0.5137904864865092,1.0246441209079473,5.387724018652776,AB
15kg_10bpm,12AB,Moment_LateralBending,preRiCTO,2.619759282240748,3.1645599647330456,1.7530547367693388,0.23058603021179247,3.745031289998717,AB
15kg_10bpm,13AB,Force_AP,preRiCTO,219.85938855028604,213.7581299355152,22.424315034637562,66.76903994415795,372.9206920363243,AB
15kg_10bpm,13AB,Force_ML,preRiCTO,19.27955239690684,13.929553456205749,14.060947566488567,21.115194941722244,25.269288990742027,AB
15kg_10bpm,13AB,Force_Resultant,preRiCTO,836.8054391339274,1008.8782460163042,91.18347995576995,178.15426926361835,1304.9809973625438,AB
15kg_10bpm,13AB,Force_Vertical,preRiCTO,808.1921181290817,986.6711957521011,89.04415330932274,167.1026531239593,1251.7114333097966,AB
15kg_10bpm,13AB,Moment_AxialRotation,preRiCTO,7.231053353343531,3.6343429318625016,3.7621378340138003,7.531325404834543,11.057588054117987,AB
15kg_10bpm,13AB,Moment_FlexionExtension,preRiCTO,2.381904177429986,2.224149330707558,0.7083677633590524,0.7543078939795094,4.031510884209426,AB
15kg_10bpm,13AB,Moment_LateralBending,preRiCTO,2.234385582501239,2.3306846431595756,1.8365979950075633,1.1385731130516676,3.11140628722017,AB
15kg_10bpm,1AB,Force_AP,preRiCTO,211.22293921637313,181.7801727081589,37.045358223103555,78.666326100477,366.42811340990784,AB
15kg_10bpm,1AB,Force_ML,preRiCTO,11.8779204491468,6.666467049671095,12.171237073564217,11.799034931507983,15.133551505381917,AB
15kg_10bpm,1AB,Force_Resultant,preRiCTO,827.6432036721457,908.0479823885876,116.25441556981185,211.05867219347547,1346.2057901728208,AB
15kg_10bpm,1AB,Force_Vertical,preRiCTO,800.7814290222044,890.0808071285762,111.30326329552624,197.7791810490351,1296.0386242073346,AB
15kg_10bpm,1AB,Moment_AxialRotation,preRiCTO,5.855338801223173,2.7362965604256604,2.932328070439137,4.863371077794134,9.745468601232643,AB
15kg_10bpm,1AB,Moment_FlexionExtension,preRiCTO,2.3505668620952536,1.5741748096055463,1.0288248355409992,1.6823455442750959,3.9167872764702034,AB
15kg_10bpm,1AB,Moment_LateralBending,preRiCTO,2.513016921062575,1.526937250443473,1.530834905478636,0.5244744340521926,4.4466452390679985,AB
15kg_10bpm,2AB,Force_AP,preRiCTO,229.4571347540788,177.8399219042749,46.98095077851422,66.79505695770918,409.51719067048543,AB
15kg_10bpm,2AB,Force_ML,preRiCTO,16.397478159823184,9.935943459283214,15.277811143556985,11.21043956340308,24.5821974873353,AB
15kg_10bpm,2AB,Force_Resultant,preRiCTO,876.4107042585681,882.138823781723,136.44133247111742,177.25239983470044,1478.9884680535822,AB
15kg_10bpm,2AB,Force_Vertical,preRiCTO,846.3805614536545,864.4375357739696,129.52126857011507,165.96028724428118,1421.8500246190258,AB
15kg_10bpm,2AB,Moment_AxialRotation,preRiCTO,7.767731294401114,3.2749437938653463,3.7018867751970377,5.983743677449963,13.284233456931048,AB
15kg_10bpm,2AB,Moment_FlexionExtension,preRiCTO,3.5167980582292655,1.6658756554405725,1.369510092981013,1.5102240565150464,6.432692400311919,AB
15kg_10bpm,2AB,Moment_LateralBending,preRiCTO,2.988399164075562,1.8699250974235577,1.829681754630541,0.8259538299369503,5.239713779943047,AB
15kg_10bpm,4AB,Force_AP,preRiCTO,233.28878292398431,201.27226975460056,30.391979163032197,48.61138792144104,411.4635057152209,AB
15kg_10bpm,4AB,Force_ML,preRiCTO,15.205090195855911,13.236680954629488,15.013492307573255,11.654818180375349,19.552134483841645,AB
15kg_10bpm,4AB,Force_Resultant,preRiCTO,879.2566199846256,941.8996233855504,96.07009882586179,126.94340992552678,1457.993058689044,AB
15kg_10bpm,4AB,Force_Vertical,preRiCTO,848.6803965262419,920.5866111712083,91.82753782900816,118.55892803967637,1400.5066986974648,AB
15kg_10bpm,4AB,Moment_AxialRotation,preRiCTO,6.997774434713427,4.033844394984338,3.0739051057521265,6.166519240723485,11.354742709959435,AB
15kg_10bpm,4AB,Moment_FlexionExtension,preRiCTO,3.1054959220048164,1.8087180908837164,0.7558442498899824,2.324520678925445,5.34538134874793,AB
15kg_10bpm,4AB,Moment_LateralBending,preRiCTO,3.002686545679767,2.279297330694156,1.9001825018954062,0.31803720495886817,5.143901682512804,AB
15kg_10bpm,5AB,Force_AP,preRiCTO,266.06656513283497,194.45844995839687,33.55005724718158,90.8080162622883,479.19356745172996,AB
15kg_10bpm,5AB,Force_ML,preRiCTO,23.434524813091937,10.002036043960805,12.516353776773638,16.05791074377685,40.47932231690303,AB
15kg_10bpm,5AB,Force_Resultant,preRiCTO,947.8929068417657,914.5599681344877,95.70782604109435,246.70134104130966,1618.2559507211283,AB
15kg_10bpm,5AB,Force_Vertical,preRiCTO,911.001783142859,894.2931109475425,90.87826597860621,231.31145073804058,1547.7558042444891,AB
15kg_10bpm,5AB,Moment_AxialRotation,preRiCTO,9.204887570582546,2.9731065428284444,3.9809635259039577,6.761907059701365,16.16912414859891,AB
15kg_10bpm,5AB,Moment_FlexionExtension,preRiCTO,4.1406525830253,2.0123829320676943,0.8386631049672917,3.062543150455675,7.281008224013297,AB
15kg_10bpm,5AB,Moment_LateralBending,preRiCTO,2.4558932917986604,1.7574538927691878,1.3502466334490222,0.3047240972010178,4.314804232285827,AB
15kg_10bpm,6AB,Force_AP,preRiCTO,248.83256817665003,172.58256354184593,14.801007944071676,62.502306494278116,455.98260808287563,AB
15kg_10bpm,6AB,Force_ML,preRiCTO,16.40161093926215,16.24408773801427,20.34816866546786,9.427383122991806,17.54165296355384,AB
15kg_10bpm,6AB,Force_Resultant,preRiCTO,904.27808191015,876.8335885438553,63.258018831408016,170.9676760444778,1550.904043574916,AB
15kg_10bpm,6AB,Force_Vertical,preRiCTO,870.2980584608464,859.9750128766589,61.95715335739045,160.6780730729112,1484.1335324649997,AB
15kg_10bpm,6AB,Moment_AxialRotation,preRiCTO,7.180705654465896,4.286104403695079,1.7029916840383361,4.939483695557231,12.505508990587186,AB
15kg_10bpm,6AB,Moment_FlexionExtension,preRiCTO,3.312993314334843,1.7046896119526511,0.5289936574894292,1.581082893242133,6.0967450106023096,AB
15kg_10bpm,6AB,Moment_LateralBending,preRiCTO,3.0294924394679463,3.041241369072951,2.337925096419861,0.4613231233423062,4.615041138166165,AB
15kg_10bpm,7AB,Force_AP,preRiCTO,247.3311711777524,199.91127925372876,24.00631569191486,93.78290405379539,436.11228861841937,AB
15kg_10bpm,7AB,Force_ML,preRiCTO,21.485815712500926,13.489300855444666,14.466363486063512,16.505257462381714,33.98764317903965,AB
15kg_10bpm,7AB,Force_Resultant,preRiCTO,886.4993296808289,920.6626387733361,77.42255266096268,257.1302083756344,1472.5793691572603,AB
15kg_10bpm,7AB,Force_Vertical,preRiCTO,852.4213293241188,899.2351615340691,74.28808439069195,241.56814588356792,1408.4414501794695,AB
15kg_10bpm,7AB,Moment_AxialRotation,preRiCTO,9.133469913853812,4.297954512297891,2.628642923728351,7.3089880414147395,15.757001458936053,AB
15kg_10bpm,7AB,Moment_FlexionExtension,preRiCTO,4.244806343767307,2.0432271030804032,0.6506505477749668,2.927270826647359,7.571913003734545,AB
15kg_10bpm,7AB,Moment_LateralBending,preRiCTO,2.3419065271405253,2.3458018199348722,1.6634166417225893,0.7244127069911708,3.5845516432308333,AB
15kg_10bpm,8AB,Force_AP,preRiCTO,236.9695008925759,183.8180415110449,23.737947267976523,47.35123591523702,427.72841077456377,AB
15kg_10bpm,8AB,Force_ML,preRiCTO,16.98298282114755,14.701475182002639,25.922992206462016,7.258255347257514,14.68929889423645,AB
15kg_10bpm,8AB,Force_Resultant,preRiCTO,890.5621231657406,882.4665357376143,90.19649478072382,125.49425531307547,1519.5825002898146,AB
15kg_10bpm,8AB,Force_Vertical,preRiCTO,859.241363079572,863.5065361352,87.3853515806187,117.47312952624493,1459.5952531466844,AB
15kg_10bpm,8AB,Moment_AxialRotation,preRiCTO,7.10290690414884,3.481057911348101,3.554642978645249,3.4809187712912166,12.670117442061738,AB
15kg_10bpm,8AB,Moment_FlexionExtension,preRiCTO,2.1765861949037606,1.6476031511741354,0.5968939616436786,0.8333782821081328,3.844853334158988,AB
15kg_10bpm,8AB,Moment_LateralBending,preRiCTO,3.0164280969193924,2.1771111329830437,3.572855441360243,0.2960856608901048,4.29294275362007,AB
15kg_10bpm,10BC,Force_AP,preRiCTO,199.93912473892425,240.22243049159732,47.78508325404033,74.75179327089168,303.7008581005062,BC
15kg_10bpm,10BC,Force_ML,preRiCTO,13.859143450177525,18.642916615199344,2.3361358499745344,9.220381432962233,18.02656049409538,BC
15kg_10bpm,10BC,Force_Resultant,preRiCTO,697.53351123228,848.6312251295603,133.39059534976997,201.21453465745256,1068.4365019241789,BC
15kg_10bpm,10BC,Force_Vertical,preRiCTO,669.1418716143753,814.8357898325725,125.43266711183996,188.68439319309,1025.4552893896755,BC
15kg_10bpm,10BC,Moment_AxialRotation,preRiCTO,9.964370032306508,16.42638538644392,2.7504812514283388,5.3774754999554295,9.54834362586412,BC
15kg_10bpm,10BC,Moment_FlexionExtension,preRiCTO,1.827066262681619,2.3006513794748513,0.4044537200869378,0.6075080371043892,2.714024431846935,BC
15kg_10bpm,10BC,Moment_LateralBending,preRiCTO,3.2330271085187388,5.035703894929564,0.6890445220668927,1.6771183492147292,3.613826770061401,BC
15kg_10bpm,11BC,Force_AP,preRiCTO,174.67885973451266,228.79206247625027,37.46064480339513,34.40265003873643,256.3401327848746,BC
15kg_10bpm,11BC,Force_ML,preRiCTO,8.449188586809099,14.342787466298013,2.5742367094238747,3.776893336421929,7.708856819283981,BC
15kg_10bpm,11BC,Force_Resultant,preRiCTO,622.6951575002562,831.3228165767625,104.13742165622615,93.55685965391476,907.1361811118165,BC
15kg_10bpm,11BC,Force_Vertical,preRiCTO,598.1894418960553,800.0248011879838,97.90376122452966,87.8108580420846,870.6209555384676,BC
15kg_10bpm,11BC,Moment_AxialRotation,preRiCTO,6.8829122379412455,13.10385330343749,2.276911483051017,2.4676174079578317,2.8434252374316435,BC
15kg_10bpm,11BC,Moment_FlexionExtension,preRiCTO,1.6132746602442658,1.4811282721748287,0.43268837001495464,0.23754953473096863,2.7868745861158217,BC
15kg_10bpm,11BC,Moment_LateralBending,preRiCTO,2.361852113273767,4.170462456677621,0.5637435449526562,0.7225528220639333,2.0342899366940776,BC
15kg_10bpm,12BC,Force_AP,preRiCTO,133.38468944920604,184.39665540346948,50.82955573582315,16.88093134638076,183.46773041981743,BC
15kg_10bpm,12BC,Force_ML,preRiCTO,9.23387091542121,16.214741008944507,3.6454591512165813,1.9673639605584061,7.8685317667124774,BC
15kg_10bpm,12BC,Force_Resultant,preRiCTO,479.4381114989522,667.6761553860832,140.21032566135392,46.848110579211614,665.7795588219727,BC
15kg_10bpm,12BC,Force_Vertical,preRiCTO,460.9370693785472,642.3983533782298,131.65959596364937,44.214496732388575,640.3016353735732,BC
15kg_10bpm,12BC,Moment_AxialRotation,preRiCTO,7.131184735719632,13.390092083143092,2.6796472977703827,1.4562420640607676,4.025593384903474,BC
15kg_10bpm,12BC,Moment_FlexionExtension,preRiCTO,1.5667818234251842,1.4224439972995218,0.48890471581035855,0.21466821890241194,2.70486672310461,BC
15kg_10bpm,12BC,Moment_LateralBending,preRiCTO,2.24974619563425,4.063316251208975,0.7454496377326133,0.37391351196730793,1.7655465112459314,BC
15kg_10bpm,13BC,Force_AP,preRiCTO,199.66630941896182,270.1254500584605,44.262751817075454,40.60423861904184,285.01948602598276,BC
15kg_10bpm,13BC,Force_ML,preRiCTO,12.625995961757484,23.212992816975756,1.6500683954708482,6.78155443282436,7.369667910158354,BC
15kg_10bpm,13BC,Force_Resultant,preRiCTO,708.4640175593479,941.1275146207486,126.54047718408586,102.26942773223057,1035.6943881547725,BC
15kg_10bpm,13BC,Force_Vertical,preRiCTO,680.2952847455872,902.4733959580939,119.27155740490443,95.1871616462097,996.1339857196837,BC
15kg_10bpm,13BC,Moment_AxialRotation,preRiCTO,8.559088268208637,16.01525292470437,2.3439422906494265,3.556281763648095,4.529046843672141,BC
15kg_10bpm,13BC,Moment_FlexionExtension,preRiCTO,2.1497386365714317,1.735031166013352,0.382596794646345,0.3111326391404392,3.8501801777325593,BC
15kg_10bpm,13BC,Moment_LateralBending,preRiCTO,2.9387712855845676,4.4383397527403154,0.6091314533535608,1.038097756582059,3.635219533925154,BC
15kg_10bpm,1BC,Force_AP,preRiCTO,209.90720544149693,252.13473914502774,36.33999149456103,69.42968414996857,322.6893872569034,BC
15kg_10bpm,1BC,Force_ML,preRiCTO,9.103153676996266,15.221027153916435,1.9795156352983398,3.2384489101854026,9.235103526354767,BC
15kg_10bpm,1BC,Force_Resultant,preRiCTO,734.6183053805305,866.339767691851,103.19650133345584,183.49211669859682,1154.1644133320867,BC
15kg_10bpm,1BC,Force_Vertical,preRiCTO,704.7750555666416,830.2765884160581,97.16246838767053,171.52221823404372,1108.7415774855233,BC
15kg_10bpm,1BC,Moment_AxialRotation,preRiCTO,8.340168422449947,14.120482281971691,2.6551116089757874,3.0729842329628445,7.913905969647881,BC
15kg_10bpm,1BC,Moment_FlexionExtension,preRiCTO,1.5318950873756234,1.41490739042634,0.39528788137261034,0.484233276515075,2.6106256689146026,BC
15kg_10bpm,1BC,Moment_LateralBending,preRiCTO,3.2501010264040566,5.100995753677075,0.7976003790857876,1.448250985099919,3.6586827751323128,BC
15kg_10bpm,2BC,Force_AP,preRiCTO,225.71048559873847,241.1566483398705,34.39977143673556,85.80014477056379,365.7410338734498,BC
15kg_10bpm,2BC,Force_ML,preRiCTO,11.100367358604078,19.308521502195394,1.9390764596282914,8.237874724640886,7.162921897078089,BC
15kg_10bpm,2BC,Force_Resultant,preRiCTO,780.9777986195422,818.5831366594158,100.33497755306311,235.7749493396904,1289.1436687197015,BC
15kg_10bpm,2BC,Force_Vertical,preRiCTO,748.6096314264652,783.8023412744932,94.78148285983245,221.44344385311044,1237.1319723777528,BC
15kg_10bpm,2BC,Moment_AxialRotation,preRiCTO,8.62732171212875,15.192099347205595,2.1017729647694976,5.624504279695579,5.704887102987029,BC
15kg_10bpm,2BC,Moment_FlexionExtension,preRiCTO,1.440967200663057,1.7465337960058127,0.4527087806803581,0.68066284939045,2.1190468415264334,BC
15kg_10bpm,2BC,Moment_LateralBending,preRiCTO,3.6091253679386592,5.367229787993052,0.6043159335818333,2.241388471009062,4.20942160975054,BC
15kg_10bpm,3BC,Force_AP,preRiCTO,221.58865145206644,246.84269045608474,44.717556165286865,37.892451356195,358.9559801283488,BC
15kg_10bpm,3BC,Force_ML,preRiCTO,11.961523850014018,20.595759227328788,3.2647982349118196,3.2047843757429733,11.305227042025152,BC
15kg_10bpm,3BC,Force_Resultant,preRiCTO,797.1073057858748,884.3329177520609,127.55928289667504,105.87725371032145,1299.9294940570246,BC
15kg_10bpm,3BC,Force_Vertical,preRiCTO,766.4593452463466,850.3646171898515,120.30074989184054,99.69376455233291,1250.3103497404668,BC
15kg_10bpm,3BC,Moment_AxialRotation,preRiCTO,8.332403897660596,14.119979170556864,2.0362657297574493,2.3441180329585825,8.290280325591317,BC
15kg_10bpm,3BC,Moment_FlexionExtension,preRiCTO,1.888996958886194,1.4364307082330952,0.3454033963798184,0.3757264396263894,3.409850461972176,BC
15kg_10bpm,3BC,Moment_LateralBending,preRiCTO,3.701708476863321,5.107691289115252,0.5042506523243869,0.9391874251503609,5.2011311983178965,BC
15kg_10bpm,4BC,Force_AP,preRiCTO,197.04543598127893,216.05906601138645,31.69207589917192,61.59815836649042,318.3195822826677,BC
15kg_10bpm,4BC,Force_ML,preRiCTO,10.488964272173968,17.22598374911417,1.7413986425004517,3.9489714636586606,11.142126397934344,BC
15kg_10bpm,4BC,Force_Resultant,preRiCTO,711.159637383131,831.5257787954504,96.25625587108867,165.8583536911496,1124.4710976723604,BC
15kg_10bpm,4BC,Force_Vertical,preRiCTO,683.8552054802316,803.3788746236047,91.26800088125368,155.41194226104503,1079.2793847492176,BC
15kg_10bpm,4BC,Moment_AxialRotation,preRiCTO,8.219629257077402,12.455811067296096,1.669873210959121,3.6059428372190854,9.904019340943627,BC
15kg_10bpm,4BC,Moment_FlexionExtension,preRiCTO,2.153381594562324,1.0407660525072295,0.3677692584274717,0.42788049929454625,4.082344883022639,BC
15kg_10bpm,4BC,Moment_LateralBending,preRiCTO,3.0467348271955625,4.2384212586650865,0.44942323416597174,1.5684484049706477,4.028199844283859,BC
15kg_10bpm,5BC,Force_AP,preRiCTO,183.07766347149993,194.8104293726595,40.58511537135848,69.19227254201465,295.84396082295,BC
15kg_10bpm,5BC,Force_ML,preRiCTO,13.610762996140542,24.88147994886463,3.643482759703364,5.563588034973755,9.046092932279127,BC
15kg_10bpm,5BC,Force_Resultant,preRiCTO,679.127057475468,734.9023222265818,114.6117010408499,192.66568205184217,1106.3477044723813,BC
15kg_10bpm,5BC,Force_Vertical,preRiCTO,654.5774158779324,709.3423872591071,107.8599375871295,181.25339127012987,1066.704151589566,BC
15kg_10bpm,5BC,Moment_AxialRotation,preRiCTO,8.83560996923264,16.35802008367397,2.158094841231657,3.9409353305143267,5.153561928584095,BC
15kg_10bpm,5BC,Moment_FlexionExtension,preRiCTO,1.8905593084174706,2.360141367637353,0.49342783503193616,0.5814022675372189,2.8229927644745514,BC
15kg_10bpm,5BC,Moment_LateralBending,preRiCTO,3.331962099037975,4.63763946045345,0.5116968511744425,1.7235204241677426,4.397541761915122,BC
15kg_10bpm,6BC,Force_AP,preRiCTO,160.2144731006265,197.43039191207325,40.55989509462538,69.46539484725079,236.6678759305058,BC
15kg_10bpm,6BC,Force_ML,preRiCTO,14.776028127786972,25.893267926158828,2.857291947934258,8.780889364724183,11.02129974600019,BC
15kg_10bpm,6BC,Force_Resultant,preRiCTO,591.0831144563267,747.4556106705128,119.47193812827314,186.1850161791836,879.1734910921808,BC
15kg_10bpm,6BC,Force_Vertical,preRiCTO,569.6297536928538,721.580366278478,112.9254816526681,174.62036926219528,847.4898936622723,BC
15kg_10bpm,6BC,Moment_AxialRotation,preRiCTO,7.347336952045384,12.643049539046316,2.0775349271600945,4.8110859958233645,5.44053289240592,BC
15kg_10bpm,6BC,Moment_FlexionExtension,preRiCTO,2.5431219643538117,1.7866051336509285,0.3515937594452329,0.2540676117964879,4.676912365824443,BC
15kg_10bpm,6BC,Moment_LateralBending,preRiCTO,2.103434702658661,3.183664876927172,0.47378190843916174,1.2251287283214278,2.404642134942494,BC
15kg_10bpm,7BC,Force_AP,preRiCTO,198.2560791099777,231.8598481625063,27.585635395013988,103.35703661305236,299.98634110715136,BC
15kg_10bpm,7BC,Force_ML,preRiCTO,11.619740967602079,15.997171046477385,2.1332620534754243,9.847130481992203,13.446760712815045,BC
15kg_10bpm,7BC,Force_Resultant,preRiCTO,698.1783764219718,845.158866769455,83.74183015707416,275.998773809518,1061.4887838113395,BC
15kg_10bpm,7BC,Force_Vertical,preRiCTO,670.3815185734841,813.5624111358844,79.37004881281969,258.5314149121706,1019.3323998498903,BC
15kg_10bpm,7BC,Moment_AxialRotation,preRiCTO,9.055665455353754,13.65458564635422,1.484964147613627,7.396093955934283,9.195812013565686,BC
15kg_10bpm,7BC,Moment_FlexionExtension,preRiCTO,1.48791164467762,1.553479336408388,0.28752870190781865,0.7468613532058774,2.3798648167778547,BC
15kg_10bpm,7BC,Moment_LateralBending,preRiCTO,3.5345946947334586,4.8642750012258915,0.5477002271678709,2.791700877173594,4.242463045076172,BC
15kg_10bpm,8BC,Force_AP,preRiCTO,215.78524018686377,252.36199221316488,36.6706971598724,76.50071187784351,335.74248411242996,BC
15kg_10bpm,8BC,Force_ML,preRiCTO,11.234742125094929,14.731082877556595,2.6306608463085586,9.585122295684592,13.662369396844037,BC
15kg_10bpm,8BC,Force_Resultant,preRiCTO,737.8950403586576,888.7653465543779,108.10688088881881,204.785911139805,1141.9482835665713,BC
15kg_10bpm,8BC,Force_Vertical,preRiCTO,706.489869811504,853.0611583386731,102.16275333645763,191.70067109589525,1092.622615323462,BC
15kg_10bpm,8BC,Moment_AxialRotation,preRiCTO,7.957804213555825,11.509222888465162,1.581192670535727,5.410277980600793,9.385246602232163,BC
15kg_10bpm,8BC,Moment_FlexionExtension,preRiCTO,1.9841622606736498,2.204941459765087,0.37509928145231813,0.6358705180058322,3.1771839663370947,BC
15kg_10bpm,8BC,Moment_LateralBending,preRiCTO,3.327289770429626,4.178819789827166,0.5456201096417198,1.97936346783401,4.707619363716723,BC
15kg_10bpm,9BC,Force_AP,preRiCTO,179.1723245499065,201.612512487734,47.210106111105986,28.81370425385387,287.5432535195385,BC
15kg_10bpm,9BC,Force_ML,preRiCTO,9.943279701738332,17.64602212501636,2.7875764535328322,2.5419192952547416,8.424778263039624,BC
15kg_10bpm,9BC,Force_Resultant,preRiCTO,652.2838187050329,733.5723079956526,138.2898830120221,82.12425084374189,1053.8021236334139,BC
15kg_10bpm,9BC,Force_Vertical,preRiCTO,627.6989707975389,705.9477814824497,130.64579942792687,77.45628798419978,1014.4883894596273,BC
15kg_10bpm,9BC,Moment_AxialRotation,preRiCTO,8.27283666690654,14.257465133753156,2.3213009462999077,2.1355800849743685,7.79992891406999,BC
15kg_10bpm,9BC,Moment_FlexionExtension,preRiCTO,1.8651758239242615,1.7065161621613827,0.451323222908918,0.2941810353306105,3.2303021569150996,BC
15kg_10bpm,9BC,Moment_LateralBending,preRiCTO,3.075656813901172,4.074829740540819,0.6895591021651756,0.8423552907593944,4.431937666118856,BC
15kg_10bpm,10CA,Force_AP,preRiCTO,152.8085777926164,150.4634480775064,19.476989682841438,11.285743135607314,261.63298926257147,CA
15kg_10bpm,10CA,Force_ML,preRiCTO,19.451889264410564,36.06914104819824,10.990565869510672,6.652631220067983,7.758744906224789,CA
15kg_10bpm,10CA,Force_Resultant,preRiCTO,690.5126861488153,537.319031874053,38.54791426099925,48.76856377010741,1253.3521717926956,CA
15kg_10bpm,10CA,Force_Vertical,preRiCTO,673.7598592516864,516.4340278415623,36.24535507921452,47.64862576439778,1226.1883024776141,CA
15kg_10bpm,10CA,Moment_AxialRotation,preRiCTO,3.2401196968404835,3.9186899711686674,3.421226861702541,2.913359174395795,2.569205881687914,CA
15kg_10bpm,10CA,Moment_FlexionExtension,preRiCTO,1.848005890131321,3.268999957485993,0.7897573227800675,0.1562798242422478,1.5387955380518066,CA
15kg_10bpm,10CA,Moment_LateralBending,preRiCTO,1.9361662779084041,2.6800491459852194,1.879416428058928,1.721942237846837,1.1868487735111273,CA
15kg_10bpm,11CA,Force_AP,preRiCTO,149.5864806660809,172.65651604288257,13.656189215487725,10.619664231481874,240.7719238676227,CA
15kg_10bpm,11CA,Force_ML,preRiCTO,7.778538697278114,11.03304289280306,5.514300939430648,8.087211103779484,5.0862134423778835,CA
15kg_10bpm,11CA,Force_Resultant,preRiCTO,650.8063061851723,647.899477459521,46.03684445561554,35.87673345573964,1112.8433276043065,CA
15kg_10bpm,11CA,Force_Vertical,preRiCTO,633.6644403042163,624.8252659509182,44.93379792169457,35.09382804549291,1086.8649695902338,CA
15kg_10bpm,11CA,Moment_AxialRotation,preRiCTO,3.4461305902759007,3.5533981874432943,4.370938518110303,3.4941493670140042,1.9703267046845427,CA
15kg_10bpm,11CA,Moment_FlexionExtension,preRiCTO,2.3365515496452898,4.518222899325398,0.967435375999249,0.39376391893178336,0.7278472630017334,CA
15kg_10bpm,11CA,Moment_LateralBending,preRiCTO,1.682588290312326,2.8359367066304095,0.6486088651157659,1.5345083742438572,0.7719301099463458,CA
15kg_10bpm,13CA,Force_AP,preRiCTO,137.5069874957657,168.58941330188452,16.996740219564447,12.708313296655035,213.74911745800298,CA
15kg_10bpm,13CA,Force_ML,preRiCTO,16.778433404501158,32.35659962816765,3.827799943341263,5.966649270066991,6.211144428930735,CA
15kg_10bpm,13CA,Force_Resultant,preRiCTO,627.1442517323985,610.4488579018918,59.59967357961372,64.51418031145526,1078.0190333687117,CA
15kg_10bpm,13CA,Force_Vertical,preRiCTO,612.1563102516669,587.3326326189502,57.79644852562523,63.296409653400254,1056.8568786258313,CA
15kg_10bpm,13CA,Moment_AxialRotation,preRiCTO,2.9035609758070726,4.339513882087237,2.555023862526923,2.199881081794479,1.9267568330819187,CA
15kg_10bpm,13CA,Moment_FlexionExtension,preRiCTO,1.6250395657794372,3.068007676167497,0.44174918607137464,0.20607082514154343,0.9895443180189406,CA
15kg_10bpm,13CA,Moment_LateralBending,preRiCTO,1.697105789030749,2.840806783787789,0.4856654341383193,1.388908955943175,1.1605522451959567,CA
15kg_10bpm,1CA,Force_AP,preRiCTO,187.24064421606133,249.57039498401272,25.246974561800624,10.612338506197613,274.9181420722392,CA
15kg_10bpm,1CA,Force_ML,preRiCTO,14.501108261777826,27.03888871451593,4.806849826232422,5.576038879714699,7.859360609390646,CA
15kg_10bpm,1CA,Force_Resultant,preRiCTO,774.1079111500417,855.2314739285824,99.28906682496861,52.046296460035606,1269.8250731211772,CA
15kg_10bpm,1CA,Force_Vertical,preRiCTO,751.8792172822092,819.7744304243055,96.32644437270768,51.00753245592299,1240.3441112126293,CA
15kg_10bpm,1CA,Moment_AxialRotation,preRiCTO,5.979792350188313,11.158656206590624,3.9381848620227444,1.8089490973338485,1.0582903876808665,CA
15kg_10bpm,1CA,Moment_FlexionExtension,preRiCTO,3.4830283445437678,6.687855533250561,0.6916305303444579,0.25562106756008934,1.896377797078336,CA
15kg_10bpm,1CA,Moment_LateralBending,preRiCTO,2.1012712515505827,3.730590495855616,0.6479755222721604,1.0555258136658883,1.5148827882839022,CA
15kg_10bpm,2CA,Force_AP,preRiCTO,170.33780947033796,228.3828461321933,23.461916559534412,9.822869091341625,248.87207368125726,CA
15kg_10bpm,2CA,Force_ML,preRiCTO,13.554106680301471,24.28496276855437,6.56401631114962,5.321364642708,8.82746672086173,CA
15kg_10bpm,2CA,Force_Resultant,preRiCTO,747.597493753161,826.2315904204328,90.28213714651059,52.27485479925364,1226.479469798214,CA
15kg_10bpm,2CA,Force_Vertical,preRiCTO,728.4004678205508,794.9341920655826,87.37152917554604,51.38087381971023,1201.4804600533969,CA
15kg_10bpm,2CA,Moment_AxialRotation,preRiCTO,4.566408167420746,8.134988342040984,3.570256342081815,1.8500790338290996,1.3498074803164242,CA
15kg_10bpm,2CA,Moment_FlexionExtension,preRiCTO,1.2907070091908912,1.7217903444355813,0.4635384215870332,0.1437685563035782,1.8424054253413555,CA
15kg_10bpm,2CA,Moment_LateralBending,preRiCTO,2.114607201307557,3.762539275117334,0.7604841614567076,1.1739950664538905,1.369943371666159,CA
15kg_10bpm,3CA,Force_AP,preRiCTO,136.18835813190083,160.70041879271423,15.08080655386061,12.1984332103987,216.46217740995405,CA
15kg_10bpm,3CA,Force_ML,preRiCTO,11.132820732822992,17.53589488931612,8.638829790662871,3.118603659753523,10.230690031790719,CA
15kg_10bpm,3CA,Force_Resultant,preRiCTO,635.9677795977086,587.2606807024904,65.57396654862089,61.35253170297987,1109.8592608623417,CA
15kg_10bpm,3CA,Force_Vertical,preRiCTO,621.4991843281648,565.4588509833187,63.9618239587135,60.2186580009668,1088.857146134715,CA
15kg_10bpm,3CA,Moment_AxialRotation,preRiCTO,3.4964766778563634,5.98871080239135,3.04416276235551,0.9298896643665142,1.806540418558032,CA
15kg_10bpm,3CA,Moment_FlexionExtension,preRiCTO,1.3683471818028075,2.395850139567607,0.3573109036784583,0.2569572080042947,1.2521500817400388,CA
15kg_10bpm,3CA,Moment_LateralBending,preRiCTO,1.7811049585782284,2.3967915971125855,1.7786162524642437,0.5918819023729314,1.8495901232410916,CA
15kg_10bpm,4CA,Force_AP,preRiCTO,140.91877031265656,143.16251765000527,15.355473133087681,19.484113143208994,238.4158366633808,CA
15kg_10bpm,4CA,Force_ML,preRiCTO,11.60846654695917,22.199712406874472,2.9283684476374456,5.196928482083608,3.9230095086808703,CA
15kg_10bpm,4CA,Force_Resultant,preRiCTO,675.915005240844,562.0766493317595,57.534956818143165,76.9234506316271,1209.1641951134575,CA
15kg_10bpm,4CA,Force_Vertical,preRiCTO,661.3446489344009,543.9444404027976,56.096137390155846,74.69176947138034,1185.8139273794088,CA
15kg_10bpm,4CA,Moment_AxialRotation,preRiCTO,2.2014976123684824,2.3732915212861716,1.6540324123513497,1.8857748358799296,2.7131708707410844,CA
15kg_10bpm,4CA,Moment_FlexionExtension,preRiCTO,1.973245657946693,3.653928886492775,0.6463369818508758,0.5016458031612595,1.2822551235715063,CA
15kg_10bpm,4CA,Moment_LateralBending,preRiCTO,1.6858889214717503,2.7844859905565587,0.4124500074405748,1.1501383940392373,1.4663793436621322,CA
15kg_10bpm,5CA,Force_AP,preRiCTO,161.30867003713894,189.2644457079042,18.446845792897943,10.980818500120993,257.280288442706,CA
15kg_10bpm,5CA,Force_ML,preRiCTO,12.323953329097641,18.344414261239425,7.894814242178162,4.216600002202559,13.762028080792431,CA
15kg_10bpm,5CA,Force_Resultant,preRiCTO,752.6838294251374,740.1719085265988,75.77864420565298,52.23892563002121,1290.6719119821878,CA
15kg_10bpm,5CA,Force_Vertical,preRiCTO,735.472036792622,715.9857023528238,73.91651802614103,51.11340839518198,1265.1396525844486,CA
15kg_10bpm,5CA,Moment_AxialRotation,preRiCTO,3.846426023468634,6.050263925004382,4.209750713571563,1.973723149836155,1.2202201241369346,CA
15kg_10bpm,5CA,Moment_FlexionExtension,preRiCTO,1.157583191494706,1.6079067860836957,0.27023368429215006,0.24437423530885086,1.6099110376133972,CA
15kg_10bpm,5CA,Moment_LateralBending,preRiCTO,1.835409143291199,3.1026821057696727,0.7887417999046232,1.1612861078396426,1.3910153532157954,CA
15kg_10bpm,6CA,Force_AP,preRiCTO,142.57985751236208,130.72734578916754,15.788328379062458,11.287938307332526,249.35088017613137,CA
15kg_10bpm,6CA,Force_ML,preRiCTO,21.460480616152246,40.873886231271186,5.480140317409423,5.077962998258265,11.356918447113316,CA
15kg_10bpm,6CA,Force_Resultant,preRiCTO,671.968867966116,520.8174823274168,72.97070539162944,57.83018873355689,1218.5704187107233,CA
15kg_10bpm,6CA,Force_Vertical,preRiCTO,656.8710044778911,504.50734081064894,71.42353865999681,56.74842445485897,1193.060013752399,CA
15kg_10bpm,6CA,Moment_AxialRotation,preRiCTO,2.6679626211531025,3.517260216271051,3.034832910603513,2.0396537045077427,1.7027414871199713,CA
15kg_10bpm,6CA,Moment_FlexionExtension,preRiCTO,1.8881886918373423,3.6027273499538928,0.33586087086978095,0.18061103980690138,1.108780157417297,CA
15kg_10bpm,6CA,Moment_LateralBending,preRiCTO,1.7556929978017042,3.0488240445920347,0.6028539843681748,1.1812521510460534,1.159829356032308,CA
15kg_10bpm,7CA,Force_AP,preRiCTO,139.8573570987025,156.62169344419237,16.665038801424963,23.564547468712266,227.1465095630346,CA
15kg_10bpm,7CA,Force_ML,preRiCTO,22.145151159177242,38.82699187214153,11.373727828870216,6.274658806134647,17.124511855698152,CA
15kg_10bpm,7CA,Force_Resultant,preRiCTO,665.8422774130814,601.7369606031976,59.043165920518966,114.14670928161829,1165.4128744538375,CA
15kg_10bpm,7CA,Force_Vertical,preRiCTO,651.1906619492406,581.342492733248,57.45528657823117,111.8823214450348,1143.2835750519596,CA
15kg_10bpm,7CA,Moment_AxialRotation,preRiCTO,2.7001051161139773,2.287212466628346,3.686655763330601,2.3679958565242876,2.197839257190816,CA
15kg_10bpm,7CA,Moment_FlexionExtension,preRiCTO,1.8404086968645936,3.3543201699639353,0.5871414764915536,0.47538428447837294,1.3379489609051083,CA
15kg_10bpm,7CA,Moment_LateralBending,preRiCTO,2.603576117812632,3.8571535682567197,2.1025846253576095,1.5849404480521692,2.3153016852041204,CA
15kg_10bpm,8CA,Force_AP,preRiCTO,157.57141762125158,206.6448598395709,10.051685372061408,11.323456122796712,234.88295271514127,CA
15kg_10bpm,8CA,Force_ML,preRiCTO,16.235327550387982,29.917916435966657,7.306979308102861,7.821850901016858,7.287492914894184,CA
15kg_10bpm,8CA,Force_Resultant,preRiCTO,695.9829155866208,750.0098519715165,25.962687969376248,62.91494425269724,1156.0033248197547,CA
15kg_10bpm,8CA,Force_Vertical,preRiCTO,678.2465899536709,721.6299274851517,26.916736305742024,61.95385009554164,1132.2042584342194,CA
15kg_10bpm,8CA,Moment_AxialRotation,preRiCTO,3.986080608741514,6.473307681659611,3.102471094046441,2.6652414441118566,2.3118334457403344,CA
15kg_10bpm,8CA,Moment_FlexionExtension,preRiCTO,1.3257867751812025,2.230040166625859,0.8192604092303971,0.180300726368233,1.1702956567126637,CA
15kg_10bpm,8CA,Moment_LateralBending,preRiCTO,2.019439525815331,3.1962387404578543,1.1917815943790093,1.7466476630884404,1.3114165564679972,CA
15kg_10bpm,9CA,Force_AP,preRiCTO,126.80727833655372,155.77932233941866,20.79418522951938,13.051689696308102,196.34546864138431,CA
15kg_10bpm,9CA,Force_ML,preRiCTO,12.594073945261655,21.78996017320216,8.61746469542663,6.612456731646923,6.793632195345422,CA
15kg_10bpm,9CA,Force_Resultant,preRiCTO,572.9260626787446,587.7610895241875,84.64476875672936,65.47994124189083,965.3573502238972,CA
15kg_10bpm,9CA,Force_Vertical,preRiCTO,558.9464059741189,567.1189107467599,82.5969012985399,64.23749265244378,945.438756458633,CA
15kg_10bpm,9CA,Moment_AxialRotation,preRiCTO,3.1668669604131816,2.2495880114224653,5.178500188181743,2.3717416059907697,1.7025655324287767,CA
15kg_10bpm,9CA,Moment_FlexionExtension,preRiCTO,1.7638218649711652,3.3168104930105,0.6558417597426403,0.16955865500659512,1.0324553400664194,CA
15kg_10bpm,9CA,Moment_LateralBending,preRiCTO,1.8956695450089343,3.162332014605859,1.3414605869531218,1.4631740402912443,0.745019403025937,CA
15kg_16bpm,10AB,Force_AP,preRiCTO,192.95016808168918,175.39176054207488,32.59918968265815,129.85092329305078,312.7453206798782,AB
15kg_16bpm,10AB,Force_ML,preRiCTO,16.48476258983818,14.097459302039601,17.789238745447218,18.95608890381687,14.654049257748301,AB
15kg_16bpm,10AB,Force_Resultant,preRiCTO,710.937242107284,877.1475430120672,112.01132143716845,333.3894843294141,1051.0349399270742,AB
15kg_16bpm,10AB,Force_Vertical,preRiCTO,685.4695619326357,859.7953348332534,108.1180425505152,310.6911182457529,1005.180007929667,AB
15kg_16bpm,10AB,Moment_AxialRotation,preRiCTO,7.424476056658071,2.7678770208119654,4.936676547935703,10.223525258777908,9.10113609740587,AB
15kg_16bpm,10AB,Moment_FlexionExtension,preRiCTO,2.5388674745725606,1.533475013694997,1.0275511635998131,1.8754563745580275,4.287334041595771,AB
15kg_16bpm,10AB,Moment_LateralBending,preRiCTO,2.1494238507873993,1.933238180592525,2.005517642772385,1.0190886448139185,3.080153582051802,AB
15kg_16bpm,1AB,Force_AP,preRiCTO,212.4889968333234,177.12645655944146,23.879668170597018,91.94426702350411,369.5300935598517,AB
15kg_16bpm,1AB,Force_ML,preRiCTO,13.956621672445149,6.2915125496066775,9.754333428621775,17.893638919198985,17.867788513080924,AB
15kg_16bpm,1AB,Force_Resultant,preRiCTO,759.290162479585,867.2650992145049,91.00715327811588,238.49567856372008,1205.6899646251582,AB
15kg_16bpm,1AB,Force_Vertical,preRiCTO,730.1436725000724,849.3609360763347,88.62672842358084,222.84017690096155,1149.7646415104925,AB
15kg_16bpm,1AB,Moment_AxialRotation,preRiCTO,6.583372638287665,2.349227760649057,4.661690837612857,7.89070642870908,9.071475396763152,AB
15kg_16bpm,1AB,Moment_FlexionExtension,preRiCTO,2.6481328220393756,1.3959197866594337,0.6143687372177781,1.549780373024874,4.763954590070546,AB
15kg_16bpm,1AB,Moment_LateralBending,preRiCTO,2.13640499192456,1.2849311631152887,2.02029950309256,0.959314654358008,3.3664823325883457,AB
15kg_16bpm,2AB,Force_AP,preRiCTO,179.53374654025288,198.03833609639307,32.28718438097864,122.21815142097856,268.57859087803075,AB
15kg_16bpm,2AB,Force_ML,preRiCTO,15.462091828645036,7.05143969119646,10.989929945955225,23.366046789501844,15.485560324731388,AB
15kg_16bpm,2AB,Force_Resultant,preRiCTO,667.3697237726487,943.1987232305735,97.70989241776802,297.00780444775165,883.5897043610229,AB
15kg_16bpm,2AB,Force_Vertical,preRiCTO,643.9591763688024,922.7904019450443,93.49034650838458,275.07251662457475,843.1702765896272,AB
15kg_16bpm,2AB,Moment_AxialRotation,preRiCTO,6.77345012495362,3.8072790020946594,4.629367899115921,8.677572873452137,8.442509192582746,AB
15kg_16bpm,2AB,Moment_FlexionExtension,preRiCTO,2.9108918606639786,2.2514252868457363,1.1209217370855866,2.195255731043866,4.711643542587024,AB
15kg_16bpm,2AB,Moment_LateralBending,preRiCTO,1.661016587265732,1.6203135442442587,1.9563977356684807,0.8063810576490524,1.9717000095800583,AB
15kg_16bpm,3AB,Force_AP,preRiCTO,246.86026424317393,162.29628281357773,19.396913120460017,102.65281504025072,448.22688683163614,AB
15kg_16bpm,3AB,Force_ML,preRiCTO,20.311941674310894,5.611286691859304,7.596199221391808,19.855082382117107,33.7324002537689,AB
15kg_16bpm,3AB,Force_Resultant,preRiCTO,864.012222198968,840.6897284926275,70.91031249270165,256.01310464276185,1467.1397354538567,AB
15kg_16bpm,3AB,Force_Vertical,preRiCTO,829.0472496592525,825.1409604677422,68.86754003338486,237.91550199032676,1398.6827640944202,AB
15kg_16bpm,3AB,Moment_AxialRotation,preRiCTO,6.7338573000869335,2.372697586632366,3.395374332425528,8.738680567347028,9.285551802304937,AB
15kg_16bpm,3AB,Moment_FlexionExtension,preRiCTO,3.397529850313747,1.2455775126262851,0.6939323807015334,2.1944841664691745,6.185109169222826,AB
15kg_16bpm,3AB,Moment_LateralBending,preRiCTO,1.7040483236704742,1.1827481872098375,1.343625295325232,0.9680632051623043,2.701478478291259,AB
15kg_16bpm,4AB,Force_AP,preRiCTO,214.52064348093973,203.46714866905802,24.581936462706647,122.92842160163953,351.9214307416246,AB
15kg_16bpm,4AB,Force_ML,preRiCTO,15.881083483819332,7.729371959699666,13.290253982682124,25.348463435075317,11.602592658291869,AB
15kg_16bpm,4AB,Force_Resultant,preRiCTO,769.0436202498289,978.5297719009743,85.78720328128071,304.1527127691731,1131.702534455825,AB
15kg_16bpm,4AB,Force_Vertical,preRiCTO,739.8388146189351,957.6049732641204,83.26673638033326,283.0985487191187,1077.414516882713,AB
15kg_16bpm,4AB,Moment_AxialRotation,preRiCTO,6.652646336741201,3.1150081458162795,4.681705864191981,9.753742964483997,7.074057010666233,AB
15kg_16bpm,4AB,Moment_FlexionExtension,preRiCTO,2.9235825439884504,1.9556536308022086,0.8827382894145388,2.407101190511215,4.817165701255612,AB
15kg_16bpm,4AB,Moment_LateralBending,preRiCTO,2.2546741541914708,1.5616155371338023,2.7803194656686094,1.6382425934712277,2.7183327356053915,AB
15kg_16bpm,5AB,Force_AP,preRiCTO,186.82866164711027,136.90071092352792,26.447371375364717,93.20020772480082,329.4640846247593,AB
15kg_16bpm,5AB,Force_ML,preRiCTO,12.784892782548305,8.270676622571676,10.125753840506214,17.758981653824303,12.936072893007251,AB
15kg_16bpm,5AB,Force_Resultant,preRiCTO,637.158759123473,741.0806410897322,89.62861865350537,240.6746741962917,992.7457475283132,AB
15kg_16bpm,5AB,Force_Vertical,preRiCTO,610.8223377043043,728.4662649943265,86.756940428255,225.2872997792368,939.7194940997178,AB
15kg_16bpm,5AB,Moment_AxialRotation,preRiCTO,7.170264710142992,2.2834240517576228,2.992861802672963,7.911654700892433,11.220763917948625,AB
15kg_16bpm,5AB,Moment_FlexionExtension,preRiCTO,3.546253605256069,0.7561275259991134,0.990891792077244,1.7013239892207073,6.676494101078171,AB
15kg_16bpm,5AB,Moment_LateralBending,preRiCTO,1.8517646386200135,1.4343265868778325,1.5061168098347528,1.3595190690327565,2.717344167333785,AB
15kg_16bpm,6AB,Force_AP,preRiCTO,201.68090075063907,175.4004597978504,15.055120896749571,101.54641196076452,343.93662569583967,AB
15kg_16bpm,6AB,Force_ML,preRiCTO,14.811975530769175,12.517008042758574,11.955170869709272,17.060988386234293,16.861293170583316,AB
15kg_16bpm,6AB,Force_Resultant,preRiCTO,731.2738766845995,841.7479871700002,62.47419899434324,264.16141278806236,1151.1751682616916,AB
15kg_16bpm,6AB,Force_Vertical,preRiCTO,703.9328809575592,823.734362402204,61.34210288412723,246.90931816912425,1100.1055451206503,AB
15kg_16bpm,6AB,Moment_AxialRotation,preRiCTO,5.5329072761628275,2.83381935462649,2.366957449818162,8.010210722035303,6.641961502752792,AB
15kg_16bpm,6AB,Moment_FlexionExtension,preRiCTO,2.582833152054514,1.6654320176258564,0.6589074453334836,1.7218070113205004,4.469824815658095,AB
15kg_16bpm,6AB,Moment_LateralBending,preRiCTO,1.775031227596724,1.9555431948635233,1.3244565665186183,0.9951602762717013,2.433795411865721,AB
15kg_16bpm,7AB,Force_AP,preRiCTO,198.92928362488237,145.9848229114853,17.347452974784176,74.24106180795177,357.2734839482129,AB
15kg_16bpm,7AB,Force_ML,preRiCTO,13.988286511952765,11.68150700445479,12.361310480380997,16.357276760175164,14.990234604795091,AB
15kg_16bpm,7AB,Force_Resultant,preRiCTO,705.1086698714583,767.7545722687307,70.24324525324239,184.24572875507022,1152.0351513137396,AB
15kg_16bpm,7AB,Force_Vertical,preRiCTO,677.6130766129882,754.0307547691058,68.64698390369442,171.91513275318718,1097.275781040897,AB
15kg_16bpm,7AB,Moment_AxialRotation,preRiCTO,5.765982492528845,2.5018886066341457,3.003994581608707,6.038495979651405,8.910301667503711,AB
15kg_16bpm,7AB,Moment_FlexionExtension,preRiCTO,3.068472380100038,1.3277695098912068,0.6186205943224747,1.484392308974677,5.691561572726704,AB
15kg_16bpm,7AB,Moment_LateralBending,preRiCTO,2.069818616456666,1.9602706760494146,1.8296607113429344,1.2544358966313334,2.866254847282819,AB
15kg_16bpm,8AB,Force_AP,preRiCTO,209.43371742575084,171.868391801093,25.100450854961696,93.21600367621089,364.72648759574736,AB
15kg_16bpm,8AB,Force_ML,preRiCTO,16.767623306075166,13.775886642126233,9.712748140858071,22.070629939953232,18.724563716297286,AB
15kg_16bpm,8AB,Force_Resultant,preRiCTO,761.796298109487,863.1229649070583,80.13761477889936,227.2450598029488,1217.4627368284914,AB
15kg_16bpm,8AB,Force_Vertical,preRiCTO,733.8995962692512,846.3349920019257,77.38804668962223,211.5136433381691,1163.9492473972646,AB
15kg_16bpm,8AB,Moment_AxialRotation,preRiCTO,6.505813580048225,2.624602134392827,4.054181977678172,7.711536260340318,9.209252579730293,AB
15kg_16bpm,8AB,Moment_FlexionExtension,preRiCTO,3.629143660307958,1.6409429324461797,0.9322986387532406,1.6496436601725832,6.717254154556735,AB
15kg_16bpm,8AB,Moment_LateralBending,preRiCTO,1.9735307443154797,2.1294689391625057,1.7271593918679926,1.5696968529646909,2.3520493521201193,AB
15kg_16bpm,9AB,Force_AP,preRiCTO,157.47134634242255,195.19592856688243,30.90036271319369,105.99251952934749,219.02338198690967,AB
15kg_16bpm,9AB,Force_ML,preRiCTO,16.28484204286966,14.69390645112021,10.886649745845926,21.883545304034207,15.752673158454998,AB
15kg_16bpm,9AB,Force_Resultant,preRiCTO,620.8168850402783,933.6445360608833,97.52656312648229,263.35354960687926,763.6654528756187,AB
15kg_16bpm,9AB,Force_Vertical,preRiCTO,601.4291583636071,913.6306311795845,93.82139967987132,245.3545973670667,732.2348218509749,AB
15kg_16bpm,9AB,Moment_AxialRotation,preRiCTO,6.912920755090195,3.8737780889240194,4.043811720850154,10.351964179734619,7.241951773205516,AB
15kg_16bpm,9AB,Moment_FlexionExtension,preRiCTO,1.9926897897007996,2.3075024351383586,1.006551830049544,2.2415436084185383,2.121286590873122,AB
15kg_16bpm,9AB,Moment_LateralBending,preRiCTO,1.9640835728705792,2.525447685632722,1.8138524114625003,1.433706062893352,1.9268703296347722,AB
15kg_16bpm,10BC,Force_AP,preRiCTO,175.2088193116372,239.12497569287603,60.89848367953637,88.66945781150025,230.52781120749688,BC
15kg_16bpm,10BC,Force_ML,preRiCTO,15.426491351574489,25.63229056122414,6.614169841338211,10.645310359150278,11.902707043014425,BC
15kg_16bpm,10BC,Force_Resultant,preRiCTO,585.7084822827957,826.7122609104924,167.40618252254933,257.6004424157539,764.6667837022725,BC
15kg_16bpm,10BC,Force_Vertical,preRiCTO,560.0674485852621,792.7504325962892,157.29665808832,243.6113931488095,730.3234345654878,BC
15kg_16bpm,10BC,Moment_AxialRotation,preRiCTO,8.765676413303716,14.655190161472119,3.147332472995663,6.278115151805403,6.674202993796305,BC
15kg_16bpm,10BC,Moment_FlexionExtension,preRiCTO,1.7608444948834328,2.5261482403179523,0.30090145094581744,0.5877458313051764,2.342932189954137,BC
15kg_16bpm,10BC,Moment_LateralBending,preRiCTO,2.8746613049004077,4.641702814499501,0.5982311091553292,1.7235380584988942,2.8607739436770805,BC
15kg_16bpm,1BC,Force_AP,preRiCTO,181.46437500385963,269.3631271139027,62.17060648769286,52.409415771154094,227.583511588615,BC
15kg_16bpm,1BC,Force_ML,preRiCTO,12.717895008140477,21.73708289768174,7.321834802340658,5.8785307316647915,9.44529016500974,BC
15kg_16bpm,1BC,Force_Resultant,preRiCTO,634.082694616519,928.6162614820896,171.9311256173795,144.14478608051837,827.2171237358231,BC
15kg_16bpm,1BC,Force_Vertical,preRiCTO,608.3925846651475,890.2860727365127,161.46430225906784,135.35940287898902,795.6429606256098,BC
15kg_16bpm,1BC,Moment_AxialRotation,preRiCTO,9.141939714755896,16.15114554640717,4.738170021866814,4.765712974286932,5.51409659350654,BC
15kg_16bpm,1BC,Moment_FlexionExtension,preRiCTO,1.7526845438282017,1.8030358544002225,0.6638808455760971,0.5762847099246005,2.8397434250358313,BC
15kg_16bpm,1BC,Moment_LateralBending,preRiCTO,2.8753919973934137,4.887584110738162,0.7776539766010026,1.3571267904979485,2.606798516876395,BC
15kg_16bpm,2BC,Force_AP,preRiCTO,177.95640407717835,259.5048910563477,52.19686648358087,48.38488399730792,231.0766354857246,BC
15kg_16bpm,2BC,Force_ML,preRiCTO,13.12793233800476,21.339973479291668,7.13766441093157,4.745489786085377,12.687203559779856,BC
15kg_16bpm,2BC,Force_Resultant,preRiCTO,606.4838799347548,907.403363542806,140.58178088921574,137.52472539897656,774.5634893310254,BC
15kg_16bpm,2BC,Force_Vertical,preRiCTO,580.7544372406511,870.9617012007382,131.79630883921632,129.63943735573457,740.2201845330651,BC
15kg_16bpm,2BC,Moment_AxialRotation,preRiCTO,8.262815412772976,14.29778780348453,2.9840116409222177,4.301878650154363,6.503713248301133,BC
15kg_16bpm,2BC,Moment_FlexionExtension,preRiCTO,1.699175116937797,1.992612442900931,0.3387867419944178,0.5039947638198795,2.6539123204986774,BC
15kg_16bpm,2BC,Moment_LateralBending,preRiCTO,3.0084592912628625,5.467024677019654,0.3479756349936828,1.1075133676327857,2.2636998730495606,BC
15kg_16bpm,3BC,Force_AP,preRiCTO,192.32556301499702,315.0760302640641,47.07248224154261,30.884310499394168,212.57010060334986,BC
15kg_16bpm,3BC,Force_ML,preRiCTO,13.236161209802592,22.95144873561545,6.665938230512684,4.888095635273446,10.409614746354992,BC
15kg_16bpm,3BC,Force_Resultant,preRiCTO,648.9992901972919,1058.2569649798943,132.02103364295579,84.67313199756784,731.9241115812281,BC
15kg_16bpm,3BC,Force_Vertical,preRiCTO,620.6993848185274,1011.7465057729619,124.25804967578368,79.53092849481538,701.0194437037079,BC
15kg_16bpm,3BC,Moment_AxialRotation,preRiCTO,8.970004948421408,15.971036284924596,3.300816868200012,2.9647981538852255,6.954728230101489,BC
15kg_16bpm,3BC,Moment_FlexionExtension,preRiCTO,1.9205499299123434,2.3789345973405545,0.26139152505679875,0.299932325064756,2.9554340217286037,BC
15kg_16bpm,3BC,Moment_LateralBending,preRiCTO,2.9927616723252166,5.502314392115715,0.3825687574185749,0.6294859996235641,2.271622484144626,BC
15kg_16bpm,4BC,Force_AP,preRiCTO,184.5960631698255,266.3650398499713,59.34391354168006,61.49861458716193,239.01186864609332,BC
15kg_16bpm,4BC,Force_ML,preRiCTO,27.94630268654403,49.080081842556964,8.635954712263022,7.440031434878746,24.345963050475778,BC
15kg_16bpm,4BC,Force_Resultant,preRiCTO,625.137229445011,955.6875752876239,154.51622364800417,174.1641994440836,766.6553931254605,BC
15kg_16bpm,4BC,Force_Vertical,preRiCTO,598.2545135627514,918.1856216739146,144.296375208468,164.18870021553383,730.5858959972196,BC
15kg_16bpm,4BC,Moment_AxialRotation,preRiCTO,10.11969677864613,15.191721993186436,3.1589013167177438,3.6700621095768358,12.383804232026977,BC
15kg_16bpm,4BC,Moment_FlexionExtension,preRiCTO,2.641934664133939,3.116654716042873,0.31061779521166394,0.2556638609606371,4.19742180316776,BC
15kg_16bpm,4BC,Moment_LateralBending,preRiCTO,2.602499387185202,2.968380450861088,0.5368871035170327,1.0146290801876952,4.070759937826491,BC
15kg_16bpm,5BC,Force_AP,preRiCTO,195.44873268150198,294.66049068780194,75.97072853259162,46.77831433825137,239.27830122180364,BC
15kg_16bpm,5BC,Force_ML,preRiCTO,22.03136556098452,37.36538800413247,7.346785968953129,5.954627076697767,21.378782802265313,BC
15kg_16bpm,5BC,Force_Resultant,preRiCTO,689.6200395165816,1042.6334285607509,206.646302228289,132.4230409005015,862.689892824725,BC
15kg_16bpm,5BC,Force_Vertical,preRiCTO,662.1923704928686,1001.0391286929266,193.77680220063223,124.71462049260782,829.9399704701799,BC
15kg_16bpm,5BC,Moment_AxialRotation,preRiCTO,11.990013958667173,20.222651554889318,3.6131767282715797,4.835432629863541,11.410187149039748,BC
15kg_16bpm,5BC,Moment_FlexionExtension,preRiCTO,2.650408769009571,3.75693544590539,0.7593376943579748,0.5032503129516326,3.5942307779842846,BC
15kg_16bpm,5BC,Moment_LateralBending,preRiCTO,2.9420578458771574,4.871913129966674,0.7585410625219172,1.131341507690837,3.0029136415563653,BC
15kg_16bpm,6BC,Force_AP,preRiCTO,185.08726408156812,299.64612329371676,63.41432782548885,27.133573325148276,205.34695342907193,BC
15kg_16bpm,6BC,Force_ML,preRiCTO,38.20635707647874,75.04686056304121,5.125800033190037,6.120209907439066,13.920441437376592,BC
15kg_16bpm,6BC,Force_Resultant,preRiCTO,635.4752811705378,1044.9694400495487,175.3066620128432,82.04753157018322,694.790457768172,BC
15kg_16bpm,6BC,Force_Vertical,preRiCTO,608.4615428605141,1001.5913614210037,164.69299019370186,77.84088994450758,664.5867528070769,BC
15kg_16bpm,6BC,Moment_AxialRotation,preRiCTO,10.881779878752882,20.22032955882669,2.6508049800018685,3.372178370597251,7.011595970729671,BC
15kg_16bpm,6BC,Moment_FlexionExtension,preRiCTO,2.9026819004345072,5.180993055457872,0.4177021460885493,0.3200353787179264,2.5794462326586425,BC
15kg_16bpm,6BC,Moment_LateralBending,preRiCTO,2.2291634033545464,3.4568957962698383,0.5151007484685135,0.9628625503153995,2.5819050577704634,BC
15kg_16bpm,7BC,Force_AP,preRiCTO,212.86110457785128,309.00776155352696,121.77188985119594,78.08554515272014,253.13467672300231,BC
15kg_16bpm,7BC,Force_ML,preRiCTO,35.05524062094457,61.586956857568104,17.687461132783497,13.578271728234558,25.466142234942353,BC
15kg_16bpm,7BC,Force_Resultant,preRiCTO,704.8470342908001,1080.8766277190946,344.54732591686866,222.09096477483635,803.105869950916,BC
15kg_16bpm,7BC,Force_Vertical,preRiCTO,673.2884646906116,1036.5860018277872,324.71946896485053,209.56900787950386,764.3056673288572,BC
15kg_16bpm,7BC,Moment_AxialRotation,preRiCTO,12.491903059679688,16.93593448366372,8.794767372914814,7.046100328668052,14.431906894352295,BC
15kg_16bpm,7BC,Moment_FlexionExtension,preRiCTO,2.3899690988760476,4.008181524734617,1.7318241440979052,0.46261356168865975,1.9108853056266408,BC
15kg_16bpm,7BC,Moment_LateralBending,preRiCTO,2.827763247556559,3.1431567964618785,2.0155172544163134,1.527468678018995,3.9259889400844763,BC
15kg_16bpm,8BC,Force_AP,preRiCTO,194.2245551831834,271.4637089043498,78.79542139247124,95.68935945358304,246.7946851065335,BC
15kg_16bpm,8BC,Force_ML,preRiCTO,20.556392669063477,28.879053764583578,9.711160853990206,14.366484223660933,23.461537038617884,BC
15kg_16bpm,8BC,Force_Resultant,preRiCTO,649.4794705687405,958.866111658861,211.59505808020313,268.51063797529497,801.3645949920046,BC
15kg_16bpm,8BC,Force_Vertical,preRiCTO,621.0128360209932,920.6237137342422,198.2357944244652,252.92671540491196,764.1213354270543,BC
15kg_16bpm,8BC,Moment_AxialRotation,preRiCTO,11.693027410048192,18.38210949626473,4.027198202626733,7.0433751544439325,11.955334631086025,BC
15kg_16bpm,8BC,Moment_FlexionExtension,preRiCTO,2.4198869945989783,2.4074593743634822,0.5844047375851222,0.9030023537444407,4.007786124172227,BC
15kg_16bpm,8BC,Moment_LateralBending,preRiCTO,2.7397996897973207,4.16065809143211,0.5479935163988336,2.000193148825823,2.8946442876387635,BC
15kg_16bpm,9BC,Force_AP,preRiCTO,137.2941358582454,214.9923292265611,65.09880559883268,34.66557107579018,153.45836386968975,BC
15kg_16bpm,9BC,Force_ML,preRiCTO,14.243310193012958,25.903902384139236,5.2414411806899315,2.628848154104955,10.479224383766306,BC
15kg_16bpm,9BC,Force_Resultant,preRiCTO,473.87407370144433,759.5522449733179,179.29073232555734,96.1042868885717,527.0637121340454,BC
15kg_16bpm,9BC,Force_Vertical,preRiCTO,454.42338864362273,730.0354039227597,168.41839546846327,90.39271513962696,504.57064703959486,BC
15kg_16bpm,9BC,Moment_AxialRotation,preRiCTO,8.653155997039768,16.214009815432114,2.5373468314522256,2.411536361408708,5.1287058200706435,BC
15kg_16bpm,9BC,Moment_FlexionExtension,preRiCTO,1.7744836292498714,3.1560643475849797,0.3449617454622683,0.3216611995632343,1.5621464488276933,BC
15kg_16bpm,9BC,Moment_LateralBending,preRiCTO,2.454094206813852,4.564446124286849,0.41636259115286334,0.6302938556116806,1.6774580315325924,BC
15kg_16bpm,10CA,Force_AP,preRiCTO,142.23029147543488,234.1700318437132,60.467363951003314,12.262330511355305,148.98609517862624,CA
15kg_16bpm,10CA,Force_ML,preRiCTO,9.318242447687373,14.853127994254498,9.254475787715716,5.7031258021688185,3.3975921498794777,CA
15kg_16bpm,10CA,Force_Resultant,preRiCTO,545.0092316502574,823.9087804583586,193.57221982596639,52.93560279262726,680.0195076328166,CA
15kg_16bpm,10CA,Force_Vertical,preRiCTO,526.5985943501362,790.7228327937997,184.82008474801705,51.67787524608387,663.7922061413449,CA
15kg_16bpm,10CA,Moment_AxialRotation,preRiCTO,4.269729660194949,6.204534085994453,5.293376340557017,2.3030950746330583,1.3269636790015797,CA
15kg_16bpm,10CA,Moment_FlexionExtension,preRiCTO,1.3831890092340104,2.1226748076677726,1.122063153631184,0.3123535461059431,1.339861149832811,CA
15kg_16bpm,10CA,Moment_LateralBending,preRiCTO,1.4299566177767051,2.4811190872237496,0.6059419835637051,1.2398785525845337,0.4390530834082075,CA
15kg_16bpm,1CA,Force_AP,preRiCTO,166.29226772649903,213.7066386723019,65.64525243667785,15.410367972386254,243.17865372692657,CA
15kg_16bpm,1CA,Force_ML,preRiCTO,19.827866378265618,28.442650442799703,14.10710662364711,5.828877334498184,22.919849462922084,CA
15kg_16bpm,1CA,Force_Resultant,preRiCTO,779.4029482642243,783.9470073140977,223.805327047452,58.15234258370205,1310.508984958362,CA
15kg_16bpm,1CA,Force_Vertical,preRiCTO,761.8079153169697,755.0568334913819,215.00959384648328,56.37756055463876,1287.925013781776,CA
15kg_16bpm,1CA,Moment_AxialRotation,preRiCTO,5.117618782880395,5.318374486474396,7.528301604868224,2.2889423119195533,3.8739762628211225,CA
15kg_16bpm,1CA,Moment_FlexionExtension,preRiCTO,2.4294739691181566,4.351532793460962,1.777539001546246,0.4579806366042629,1.2169634337575996,CA
15kg_16bpm,1CA,Moment_LateralBending,preRiCTO,2.8018112365960013,3.6852387801379973,0.33739867182480243,1.4438983226679123,3.9143382353679157,CA
15kg_16bpm,2CA,Force_AP,preRiCTO,174.63831747417413,246.55881735298422,59.74113374792902,13.03555715570689,237.5433769531939,CA
15kg_16bpm,2CA,Force_ML,preRiCTO,19.184425125275514,34.51555033431175,12.518638565880671,8.069590007432918,8.420016611821111,CA
15kg_16bpm,2CA,Force_Resultant,preRiCTO,726.5765986870067,855.9401378132939,214.75109408147557,47.84056704511797,1140.0617752343308,CA
15kg_16bpm,2CA,Force_Vertical,preRiCTO,705.9377703901542,821.0025456994827,207.18628576390554,46.410518864240245,1115.5376397665248,CA
15kg_16bpm,2CA,Moment_AxialRotation,preRiCTO,5.538909127446062,6.683407002720993,7.837105494520114,3.2961510654310997,2.5929776317869613,CA
15kg_16bpm,2CA,Moment_FlexionExtension,preRiCTO,2.9011114983684863,5.128174066970865,1.6077325851399689,0.6404839282098089,2.127940642276362,CA
15kg_16bpm,2CA,Moment_LateralBending,preRiCTO,2.303275140653059,3.983813947946755,0.6060294971077039,1.9914428058115943,1.0869057957131392,CA
15kg_16bpm,3CA,Force_AP,preRiCTO,164.80522360974834,258.68045387167496,36.311708596924525,15.871980773782536,199.1410406046619,CA
15kg_16bpm,3CA,Force_ML,preRiCTO,17.806600389658715,29.435675496451072,8.580404368468773,6.652032471265236,16.88909534934052,CA
15kg_16bpm,3CA,Force_Resultant,preRiCTO,682.5479179708943,902.7181339975924,146.0115032298714,63.6797127694768,1000.8875932894236,CA
15kg_16bpm,3CA,Force_Vertical,preRiCTO,662.652252662523,865.4871839185396,141.98743176341443,61.93211642481329,981.0376515957003,CA
15kg_16bpm,3CA,Moment_AxialRotation,preRiCTO,5.434981259777204,8.209347991933484,5.505286208536128,2.5890516387240545,3.7892670985275396,CA
15kg_16bpm,3CA,Moment_FlexionExtension,preRiCTO,1.6601795704744768,3.006121766791875,0.6890296654231446,0.5967798347183707,1.1039076333088211,CA
15kg_16bpm,3CA,Moment_LateralBending,preRiCTO,2.4135367175295235,3.4455998698181953,0.46552889896618893,1.4906631501245453,2.9779142289406395,CA
15kg_16bpm,4CA,Force_AP,preRiCTO,168.92077513082086,216.16647933524482,40.94871491327946,19.350460465294113,252.8664474437934,CA
15kg_16bpm,4CA,Force_ML,preRiCTO,17.30466693995812,24.712195814238576,16.536058426246942,10.35756675972076,14.490415005339207,CA
15kg_16bpm,4CA,Force_Resultant,preRiCTO,767.8584923814248,778.7330893385368,148.48629017102988,78.38549683864812,1296.219812699402,CA
15kg_16bpm,4CA,Force_Vertical,preRiCTO,749.3562474119594,748.6875817684788,143.8319876867459,76.20933075946158,1271.5722913036602,CA
15kg_16bpm,4CA,Moment_AxialRotation,preRiCTO,6.501739361085588,8.516133690996657,7.750381770574728,3.5385927167631044,4.967855753493944,CA
15kg_16bpm,4CA,Moment_FlexionExtension,preRiCTO,1.1804620481165007,1.5137061227570698,1.1683729745640945,0.5601173845569546,1.263225836974695,CA
15kg_16bpm,4CA,Moment_LateralBending,preRiCTO,2.8366334047911708,3.767548440243109,0.8368109878996439,2.253276393520819,3.471849356304885,CA
15kg_16bpm,5CA,Force_AP,preRiCTO,115.95682737809035,185.3457077424798,57.15686612511299,7.242138081473374,126.52681156727789,CA
15kg_16bpm,5CA,Force_ML,preRiCTO,27.1501121306753,51.749350149266284,13.392019768110202,10.430679615379535,3.376813871801433,CA
15kg_16bpm,5CA,Force_Resultant,preRiCTO,451.2689078166734,668.7120466487122,194.55694094337804,23.65040439647783,569.3558332957585,CA
15kg_16bpm,5CA,Force_Vertical,preRiCTO,436.4595738713376,642.7528514999013,186.9844027720352,23.009042590333564,555.5523116757184,CA
15kg_16bpm,5CA,Moment_AxialRotation,preRiCTO,6.052661293436232,8.360070897727413,7.6503600900573705,3.898288185697661,2.0542586114080077,CA
15kg_16bpm,5CA,Moment_FlexionExtension,preRiCTO,1.7970028477840705,2.976662599391671,1.3672838156332143,0.40188425750662343,1.4393339437287838,CA
15kg_16bpm,5CA,Moment_LateralBending,preRiCTO,1.8334298706268786,2.464005263213007,1.1451021128657035,2.342221644893817,0.8272614377291544,CA
15kg_16bpm,6CA,Force_AP,preRiCTO,131.9390476811131,182.3092306665684,56.50819157398554,10.099543143492896,180.2672525382867,CA
15kg_16bpm,6CA,Force_ML,preRiCTO,19.70545277625002,37.304008410711056,9.268215820968503,9.252586297229547,2.3313189636381195,CA
15kg_16bpm,6CA,Force_Resultant,preRiCTO,555.5973187436655,655.243800731052,185.43909426850834,31.90940446908017,867.3294287147472,CA
15kg_16bpm,6CA,Force_Vertical,preRiCTO,540.1348854411306,630.3075422467252,177.38860661107336,30.773399597195287,848.6138516436553,CA
15kg_16bpm,6CA,Moment_AxialRotation,preRiCTO,3.998908604332104,5.210171436771634,4.792997966832254,3.539823347962819,1.3712941875797457,CA
15kg_16bpm,6CA,Moment_FlexionExtension,preRiCTO,2.2357642789361925,4.22580018385236,0.956194670086803,0.16185530768448048,1.1588375884796642,CA
15kg_16bpm,6CA,Moment_LateralBending,preRiCTO,2.3965117132107916,4.207962471925212,0.9082842776310541,2.078080451220941,0.5821523773058973,CA
15kg_16bpm,7CA,Force_AP,preRiCTO,153.87347038478896,140.56466247133093,59.063486619773876,14.69797497037271,263.4685631023969,CA
15kg_16bpm,7CA,Force_ML,preRiCTO,16.284716819864077,25.49812511283759,9.595556155677675,7.01998963916548,16.404336637823178,CA
15kg_16bpm,7CA,Force_Resultant,preRiCTO,720.2802727923284,535.8277500607974,192.8574002815979,60.291429960819244,1303.850223393423,CA
15kg_16bpm,7CA,Force_Vertical,preRiCTO,703.9935239697053,517.4449090928521,184.55388379383052,58.70603676867724,1277.3906824047326,CA
15kg_16bpm,7CA,Moment_AxialRotation,preRiCTO,4.8863618600750005,7.115178852893807,5.711480840138987,2.7833152343339163,2.29287420607282,CA
15kg_16bpm,7CA,Moment_FlexionExtension,preRiCTO,1.9137691061544964,3.121503985427261,1.0160668578186014,0.39711417953652967,1.927201686026362,CA
15kg_16bpm,7CA,Moment_LateralBending,preRiCTO,2.0578466187819364,2.482768298894664,0.8952987378957808,1.7244475750970183,2.625485749681931,CA
15kg_16bpm,8CA,Force_AP,preRiCTO,148.57771685701454,208.83124707271102,52.52053808776402,14.669843530061653,202.39019891009377,CA
15kg_16bpm,8CA,Force_ML,preRiCTO,15.06676131000168,27.267053629098513,10.080141268321093,5.305989746800418,6.493672108480917,CA
15kg_16bpm,8CA,Force_Resultant,preRiCTO,649.8083759773652,747.3130822435235,193.70268181272945,52.985113376977615,1031.7501677077862,CA
15kg_16bpm,8CA,Force_Vertical,preRiCTO,632.9257984723356,718.2146607653698,186.84496840128102,51.44884631617329,1011.9543844233524,CA
15kg_16bpm,8CA,Moment_AxialRotation,preRiCTO,4.878390863434127,7.000075131499111,6.221007265681895,2.46348561750637,1.5114921716786966,CA
15kg_16bpm,8CA,Moment_FlexionExtension,preRiCTO,1.5975731431431226,2.4942707607883383,1.6961703492088889,0.5739964067304717,0.9215356289691444,CA
15kg_16bpm,8CA,Moment_LateralBending,preRiCTO,2.061663552547207,3.6797544976069902,0.6216909171030873,1.321910567907871,1.199881553108025,CA
15kg_16bpm,9CA,Force_AP,preRiCTO,137.74007502985575,189.41558855420968,70.16449127149438,7.069411589441694,185.52655989814141,CA
15kg_16bpm,9CA,Force_ML,preRiCTO,9.94371810595501,15.444643424570401,8.942116056905695,7.6065118107406775,4.713702229770796,CA
15kg_16bpm,9CA,Force_Resultant,preRiCTO,565.6667381114185,701.9529833924138,215.79006185565754,32.20966219658934,850.5506048904412,CA
15kg_16bpm,9CA,Force_Vertical,preRiCTO,548.9633685684514,676.2811651101613,205.42824310027706,31.50688647608966,830.284873540775,CA
15kg_16bpm,9CA,Moment_AxialRotation,preRiCTO,4.988703289689586,7.2346456140016056,5.69978073914435,2.791672526144251,2.7601378419799603,CA
15kg_16bpm,9CA,Moment_FlexionExtension,preRiCTO,2.011403255851672,3.5011340550674825,1.7128865816295888,0.26247164667453105,1.020930229346312,CA
15kg_16bpm,9CA,Moment_LateralBending,preRiCTO,1.7507273134249879,3.0063629631276103,0.5283972802475501,1.5956729539436671,0.7065573505101042,CA
7kg_10bpm,10AB,Force_AP,preRiCTO,87.28394613516316,85.09516389454761,16.07542929568628,38.86501646974522,144.676670848599,AB
7kg_10bpm,10AB,Force_ML,preRiCTO,6.877550330600868,6.264044733668202,10.234395283181826,4.111689524563404,5.389424130573409,AB
7kg_10bpm,10AB,Force_Resultant,preRiCTO,339.2550930156085,404.4369489676747,38.86060852900297,94.73214116815336,528.9014941346402,AB
7kg_10bpm,10AB,Force_Vertical,preRiCTO,328.2350863953819,395.7409474520431,36.76287849972598,87.92150513781625,509.1187907797623,AB
7kg_10bpm,10AB,Moment_AxialRotation,preRiCTO,6.6083647542835,2.173121424994469,1.2406090693825758,2.824424964785379,12.48806408286085,AB
7kg_10bpm,10AB,Moment_FlexionExtension,preRiCTO,1.2168178344218625,0.8491345111213596,0.5624086908919884,0.4400372142916562,2.13731559951906,AB
7kg_10bpm,10AB,Moment_LateralBending,preRiCTO,2.0965121191460834,1.0948122990915359,1.3572302675786465,0.24697211114067455,3.753918925651575,AB
7kg_10bpm,11AB,Force_AP,preRiCTO,78.93312010156463,65.40359662378367,18.3179002078116,48.26850424224487,132.38907865388398,AB
7kg_10bpm,11AB,Force_ML,preRiCTO,8.138648936917447,7.927945491519716,11.854970522665244,5.099036371466364,6.061155688145728,AB
7kg_10bpm,11AB,Force_Resultant,preRiCTO,299.124640752697,326.31212134641254,43.0508186735404,119.4420757700103,479.2641012126647,AB
7kg_10bpm,11AB,Force_Vertical,preRiCTO,288.9528601755621,319.88555059882054,40.67421161029345,110.9586034714118,460.99996159513205,AB
7kg_10bpm,11AB,Moment_AxialRotation,preRiCTO,5.083575720865537,1.950211833039741,1.6341363062167917,3.498980691073728,9.077025340107634,AB
7kg_10bpm,11AB,Moment_FlexionExtension,preRiCTO,1.5879875083313584,0.6038245769047036,0.6584015829149658,0.3696550235561591,2.9827942306074706,AB
7kg_10bpm,11AB,Moment_LateralBending,preRiCTO,1.5733682914788163,1.3276529103826245,1.355500074471735,0.28608859619455856,2.4649624054193957,AB
7kg_10bpm,12AB,Force_AP,preRiCTO,64.66446931242803,67.53408707471019,6.037068595555761,29.45173745762928,104.82829438573401,AB
7kg_10bpm,12AB,Force_ML,preRiCTO,5.547253706663838,5.030675075935328,6.865870448891146,4.709628522355512,5.343085586913707,AB
7kg_10bpm,12AB,Force_Resultant,preRiCTO,268.02696522982444,343.0101731227002,19.8215954232406,74.40560629704899,400.2911029267802,AB
7kg_10bpm,12AB,Force_Vertical,preRiCTO,260.38846032631744,336.5159897519932,19.248525574494145,69.42890007098303,386.6607510201723,AB
7kg_10bpm,12AB,Moment_AxialRotation,preRiCTO,3.029291597762808,1.4184912921513304,1.078833650290309,3.421777702804155,4.6190379869789675,AB
7kg_10bpm,12AB,Moment_FlexionExtension,preRiCTO,1.1494403757813834,0.6100538358954724,0.2284398502962117,0.37808880947290113,2.141710235298596,AB
7kg_10bpm,12AB,Moment_LateralBending,preRiCTO,1.3389371897165565,0.9447399032034369,0.8227254487428702,0.25054184528809686,2.3226599967639396,AB
7kg_10bpm,13AB,Force_AP,preRiCTO,87.81137875239405,92.90848707704778,11.853299148368988,49.36983215779893,138.47354122506286,AB
7kg_10bpm,13AB,Force_ML,preRiCTO,8.23288356461079,7.215753530589531,9.953031207487896,4.7564865217862,9.809660111433049,AB
7kg_10bpm,13AB,Force_Resultant,preRiCTO,329.2504765267185,418.4370564839834,19.699799718289345,122.20615899169397,487.8797757216971,AB
7kg_10bpm,13AB,Force_Vertical,preRiCTO,317.845285849891,408.35069185444735,18.299757788853192,113.53010857543613,468.3946332453716,AB
7kg_10bpm,13AB,Moment_AxialRotation,preRiCTO,3.1673839934926478,1.9411087082114482,1.2416702899746765,2.9711377208000846,5.03767257972769,AB
7kg_10bpm,13AB,Moment_FlexionExtension,preRiCTO,1.2672204731111698,0.9066546037808026,0.6188676609089873,0.41563268928628755,2.216601377696017,AB
7kg_10bpm,13AB,Moment_LateralBending,preRiCTO,1.3925629924137604,1.2110754389703842,1.161685743830275,0.30538749258295306,2.1761418337792695,AB
7kg_10bpm,1AB,Force_AP,preRiCTO,64.56834358708822,74.57193202358977,8.793582961340755,21.52264090101234,101.62867268262548,AB
7kg_10bpm,1AB,Force_ML,preRiCTO,32.17489211118514,42.36519029731243,21.039191360650797,11.198302219666234,41.82661995253223,AB
7kg_10bpm,1AB,Force_Resultant,preRiCTO,241.56158207220486,342.80932721546475,39.241870525588055,62.26951928239915,329.3443652959906,AB
7kg_10bpm,1AB,Force_Vertical,preRiCTO,232.35364405835702,332.8967257088977,36.70894319585748,59.771101999544584,313.7429605900113,AB
7kg_10bpm,1AB,Moment_AxialRotation,preRiCTO,4.001055427476034,3.1008977336338295,0.42292546191727076,0.4551847082250669,7.250496673762839,AB
7kg_10bpm,1AB,Moment_FlexionExtension,preRiCTO,0.8509138887734532,0.6248096927874002,0.43127171584675955,0.6717547165894744,1.3507630030139968,AB
7kg_10bpm,1AB,Moment_LateralBending,preRiCTO,1.7786023622726685,1.0861508660853123,1.352651058092076,1.0059350603288062,2.9020795879845993,AB
7kg_10bpm,2AB,Force_AP,preRiCTO,65.2797079687566,63.98993438089734,6.8015959808280835,64.32105247756589,92.70532045901115,AB
7kg_10bpm,2AB,Force_ML,preRiCTO,7.734232541266801,4.458550476791147,1.9341197301825663,11.179228675292581,9.460012038047152,AB
7kg_10bpm,2AB,Force_Resultant,preRiCTO,245.35500445119328,315.7886650321427,10.91077746029735,182.64156248169212,325.2289276447398,AB
7kg_10bpm,2AB,Force_Vertical,preRiCTO,236.85923222848277,309.33788916666424,10.057514525860864,172.1864984172197,311.9633883435058,AB
7kg_10bpm,2AB,Moment_AxialRotation,preRiCTO,4.2634227015664035,3.1484572021893906,1.0902484262446595,5.848400745408366,5.200679300154344,AB
7kg_10bpm,2AB,Moment_FlexionExtension,preRiCTO,1.2289152597266613,0.33206419792844616,0.3007846707301441,0.26025873888603435,2.368232769817933,AB
7kg_10bpm,2AB,Moment_LateralBending,preRiCTO,1.2987592077129753,1.2717524562853582,0.2817832857593588,1.3350811853602715,1.790835386273235,AB
7kg_10bpm,3AB,Force_AP,preRiCTO,104.4920505208315,65.78113140476195,10.40170216958829,21.484078557798167,194.18017937522146,AB
7kg_10bpm,3AB,Force_ML,preRiCTO,7.2672491073702234,3.8421136240328893,3.8177826178823313,8.081578134678614,10.684053014690104,AB
7kg_10bpm,3AB,Force_Resultant,preRiCTO,388.79731196586494,321.52993994818615,22.19051196268203,64.17452803861268,695.2501224006025,AB
7kg_10bpm,3AB,Force_Vertical,preRiCTO,374.6369105351569,314.84902005129493,20.855345845874247,60.88155355428845,667.7703695377785,AB
7kg_10bpm,3AB,Moment_AxialRotation,preRiCTO,4.295393214815919,2.9655395890508514,1.0293764660856632,4.731948600358525,6.377111194518861,AB
7kg_10bpm,3AB,Moment_FlexionExtension,preRiCTO,1.1664142384989378,0.3762232521062942,0.443332129382787,0.4157037019372074,2.1894881536451045,AB
7kg_10bpm,3AB,Moment_LateralBending,preRiCTO,1.9907340736076782,1.1766340866370288,0.3799475175442743,0.8096304890441395,3.646162375947922,AB
7kg_10bpm,4AB,Force_AP,preRiCTO,66.53433399375639,76.44754975776162,11.756993178388624,68.64389863185974,83.14667029289656,AB
7kg_10bpm,4AB,Force_ML,preRiCTO,8.899627023631446,3.0994636481149964,6.193544811250765,14.498424348200526,7.709297475597438,AB
7kg_10bpm,4AB,Force_Resultant,preRiCTO,248.4392293430726,355.548242881603,33.44371131156404,174.51723965207236,296.4011428062371,AB
7kg_10bpm,4AB,Force_Vertical,preRiCTO,240.02761127123517,347.3793872302681,31.957881515270913,162.7666919904276,285.1632561632905,AB
7kg_10bpm,4AB,Moment_AxialRotation,preRiCTO,3.967540139327822,1.5282641275680748,2.0933602092492234,5.864652580638505,4.649571518526402,AB
7kg_10bpm,4AB,Moment_FlexionExtension,preRiCTO,1.1640646832439314,0.3315110252480883,0.5516163233868011,1.022231110061534,1.9648966600612778,AB
7kg_10bpm,4AB,Moment_LateralBending,preRiCTO,1.1492442163936587,0.5564079203092774,0.991697428217597,1.075365293965386,1.6659530328683305,AB
7kg_10bpm,5AB,Force_AP,preRiCTO,108.85101759401752,69.65004537817441,3.102275645015178,27.711964321019988,201.53118670752653,AB
7kg_10bpm,5AB,Force_ML,preRiCTO,7.483271378514269,3.8382349983231014,2.1397825610165353,3.1403056661032753,13.765380877529738,AB
7kg_10bpm,5AB,Force_Resultant,preRiCTO,400.17257556836597,362.7014482637319,12.460373564225446,72.90971775177607,700.2296712047596,AB
7kg_10bpm,5AB,Force_Vertical,preRiCTO,385.2802955545341,356.02968307984474,12.331510888803379,68.14355828135076,670.9268237111093,AB
7kg_10bpm,5AB,Moment_AxialRotation,preRiCTO,2.0230986401369453,1.15631921367799,1.1847764262253129,1.7118997981880244,3.2320598534461196,AB
7kg_10bpm,5AB,Moment_FlexionExtension,preRiCTO,1.3629825516573628,0.3476847433511292,0.14248290712192896,0.3469009527714811,2.639141081014759,AB
7kg_10bpm,5AB,Moment_LateralBending,preRiCTO,1.5393890917894726,0.5430511179709955,0.3881982368005674,0.3651032965615906,2.940885700210994,AB
7kg_10bpm,6AB,Force_AP,preRiCTO,85.70795090631871,75.35631648111087,8.30160748935351,7.832840964660334,151.49384663213178,AB
7kg_10bpm,6AB,Force_ML,preRiCTO,3.7189084128835317,3.1299411334240763,2.944169624309777,3.704484757261217,4.77236201122302,AB
7kg_10bpm,6AB,Force_Resultant,preRiCTO,330.7313018333269,350.8126955688474,17.03797158741674,15.098922680899294,553.2424410270792,AB
7kg_10bpm,6AB,Force_Vertical,preRiCTO,319.6688660246915,342.8411456872898,15.894220378577566,13.850318890380034,532.4614054515772,AB
7kg_10bpm,6AB,Moment_AxialRotation,preRiCTO,2.7405448599472697,1.9377578555834296,1.2346205003964743,1.862103317194204,4.556920551788905,AB
7kg_10bpm,6AB,Moment_FlexionExtension,preRiCTO,1.1726479815089634,0.5162278742739561,0.30587083611644694,0.3422562503455036,2.2097314834754513,AB
7kg_10bpm,6AB,Moment_LateralBending,preRiCTO,1.4210223527835506,0.6744453833675359,0.4258259768478204,0.23934029374792815,2.6790681100127687,AB
7kg_10bpm,7AB,Force_AP,preRiCTO,98.7231272779436,65.92855761374967,8.058600264145106,20.951807246117724,182.19911893522837,AB
7kg_10bpm,7AB,Force_ML,preRiCTO,6.767511757467119,4.360445059205837,5.026035766085079,5.861271455237879,10.114717497529167,AB
7kg_10bpm,7AB,Force_Resultant,preRiCTO,360.7890348147792,328.053239192011,26.90743835792217,51.29693191770179,631.624391236061,AB
7kg_10bpm,7AB,Force_Vertical,preRiCTO,347.3366728616349,321.4355578817454,26.014458939589275,47.70009920330469,605.3637641488725,AB
7kg_10bpm,7AB,Moment_AxialRotation,preRiCTO,2.5097050164576937,1.3776457812286396,1.653288756548236,2.705840992871334,3.602025973664009,AB
7kg_10bpm,7AB,Moment_FlexionExtension,preRiCTO,1.0230274285476921,0.2909616722081689,0.2730219420994173,0.41848048322395626,1.9349712511839665,AB
7kg_10bpm,7AB,Moment_LateralBending,preRiCTO,1.6716619754490303,0.6757803533775631,0.7191740954499369,0.39536409858053906,3.1254830326735346,AB
7kg_10bpm,8AB,Force_AP,preRiCTO,93.97812053648437,81.39251482257721,10.62604099992851,23.343563345651923,165.24529516668738,AB
7kg_10bpm,8AB,Force_ML,preRiCTO,6.416760564984054,2.6703672766965645,5.627823317858886,6.511474217432255,9.04814600991967,AB
7kg_10bpm,8AB,Force_Resultant,preRiCTO,355.81718071660833,395.5504588235831,32.42796076207454,51.1853759336115,581.2420538679249,AB
7kg_10bpm,8AB,Force_Vertical,preRiCTO,343.52277011194815,387.3025478963455,31.07977998787002,46.92902748372649,557.7947135244855,AB
7kg_10bpm,8AB,Moment_AxialRotation,preRiCTO,2.4778863280595047,1.7271382607319061,2.282387412393455,2.63481737034919,3.049388021563679,AB
7kg_10bpm,8AB,Moment_FlexionExtension,preRiCTO,0.924535214987093,0.6095476820230825,0.3754869900850183,0.5642314157062139,1.5879219980304908,AB
7kg_10bpm,8AB,Moment_LateralBending,preRiCTO,1.5215787566806975,0.6143841986200193,0.8767403847978584,0.37000792440084623,2.7856721702432257,AB
7kg_10bpm,10BC,Force_AP,preRiCTO,69.9191000640766,75.07537147857313,12.455324366107227,17.128858100412206,114.62910570491738,BC
7kg_10bpm,10BC,Force_ML,preRiCTO,2.299401445728428,2.8701311202058957,0.4343429202306542,1.4356019297737503,3.2334220076173072,BC
7kg_10bpm,10BC,Force_Resultant,preRiCTO,262.36041907043426,279.79377783492276,39.935285987661615,46.068475301835264,434.2141309312078,BC
7kg_10bpm,10BC,Force_Vertical,preRiCTO,253.05554583167844,269.74214743456895,38.07879131005958,43.233416075142706,419.05338924582264,BC
7kg_10bpm,10BC,Moment_AxialRotation,preRiCTO,3.19839109832779,6.080183537687826,1.1298401774245466,0.6291369071266885,1.6073828375064112,BC
7kg_10bpm,10BC,Moment_FlexionExtension,preRiCTO,1.9251497884880169,1.2533368147736152,0.20813198425511567,0.13264449984578897,3.5816423289342705,BC
7kg_10bpm,10BC,Moment_LateralBending,preRiCTO,1.5311382753956642,2.4175324658247916,0.28575346758457,0.2154042466425669,1.8341828491908618,BC
7kg_10bpm,11BC,Force_AP,preRiCTO,75.10355165259095,69.49905862454085,13.290937930081547,18.54812492656017,129.4849059480746,BC
7kg_10bpm,11BC,Force_ML,preRiCTO,3.0598484654194302,3.353408267289296,0.8524041310757096,1.4181124879133276,4.788027395373085,BC
7kg_10bpm,11BC,Force_Resultant,preRiCTO,275.2209528082494,250.83982008638398,41.17844195801063,49.249753673822944,479.3568775667028,BC
7kg_10bpm,11BC,Force_Vertical,preRiCTO,264.9488193100985,241.21969662245965,39.12600892958612,46.11575626106775,461.7639391304219,BC
7kg_10bpm,11BC,Moment_AxialRotation,preRiCTO,2.830924742769475,4.514801561613539,0.6394623514320621,0.5037234333234982,3.3007898903054493,BC
7kg_10bpm,11BC,Moment_FlexionExtension,preRiCTO,2.10176506865383,1.3173728383174725,0.1537108680564587,0.13726101548005687,3.9307005955755585,BC
7kg_10bpm,11BC,Moment_LateralBending,preRiCTO,1.4727599866051606,2.0135868101951258,0.21831479981215415,0.2132873255074002,2.106574898355294,BC
7kg_10bpm,12BC,Force_AP,preRiCTO,82.76291123874795,59.3123798104041,13.813519886684356,35.18459494518039,147.8241497979627,BC
7kg_10bpm,12BC,Force_ML,preRiCTO,3.9741717942611254,4.630466335118274,0.5536589269673002,2.869014163106688,5.703316216755101,BC
7kg_10bpm,12BC,Force_Resultant,preRiCTO,302.76770512663796,237.05519482207924,45.30357424729454,95.13405145028517,539.8021338204982,BC
7kg_10bpm,12BC,Force_Vertical,preRiCTO,291.5519882107199,229.56363980436043,43.2623624560467,89.30243674461548,519.6747576218016,BC
7kg_10bpm,12BC,Moment_AxialRotation,preRiCTO,3.891381909330038,6.3255626074932,0.8427352548450477,1.62683221190488,4.137957356414904,BC
7kg_10bpm,12BC,Moment_FlexionExtension,preRiCTO,1.795698989359146,1.3136223033269014,0.2279861298090193,0.18719648718387985,3.2837737847166633,BC
7kg_10bpm,12BC,Moment_LateralBending,preRiCTO,1.4904168187367244,2.036292674547603,0.2582169364882894,0.5992996716765101,2.0573271791282335,BC
7kg_10bpm,13BC,Force_AP,preRiCTO,64.44738549715802,61.21879724484209,15.93493071186752,11.209115193214627,110.29982387731809,BC
7kg_10bpm,13BC,Force_ML,preRiCTO,3.090484948605601,5.59129390951892,0.7532011575023774,1.0849995672078627,2.316190741241599,BC
7kg_10bpm,13BC,Force_Resultant,preRiCTO,245.70143347319183,243.18794844204893,49.23220247994058,33.62183351575965,417.40605771989686,BC
7kg_10bpm,13BC,Force_Vertical,preRiCTO,237.23109445447002,235.45557832322848,46.775711602159895,31.886299194063472,402.78057559009716,BC
7kg_10bpm,13BC,Moment_AxialRotation,preRiCTO,3.8316803563570674,7.057098841750071,1.2409414947057154,1.5213860427717554,2.332292747954758,BC
7kg_10bpm,13BC,Moment_FlexionExtension,preRiCTO,1.6714158594908757,1.597295490449804,0.2132392150383686,0.09784744800227453,2.8889496312412284,BC
7kg_10bpm,13BC,Moment_LateralBending,preRiCTO,1.6402947067522935,2.197703075694922,0.31303447381547794,0.3880926277432483,2.3597963346306794,BC
7kg_10bpm,1BC,Force_AP,preRiCTO,89.76101768520553,80.82466927975996,19.148656337772696,29.520011508769525,154.35882743741527,BC
7kg_10bpm,1BC,Force_ML,preRiCTO,4.805495172252747,4.730257944754962,1.7931322372716365,3.1323506209547634,7.460960116818313,BC
7kg_10bpm,1BC,Force_Resultant,preRiCTO,305.6844205638898,302.23959036667685,59.064106120541915,79.24586696850649,515.5209579904788,BC
7kg_10bpm,1BC,Force_Vertical,preRiCTO,292.7675296512831,291.4065201139086,56.09216308498452,74.29774590291203,492.9264777429563,BC
7kg_10bpm,1BC,Moment_AxialRotation,preRiCTO,4.6773256416952895,7.530477513688558,1.8489464248237095,1.8336207237076272,4.892668791134575,BC
7kg_10bpm,1BC,Moment_FlexionExtension,preRiCTO,1.5812870186788985,0.6299820642451689,0.3598161031145519,0.11869592686140963,3.0321133044720474,BC
7kg_10bpm,1BC,Moment_LateralBending,preRiCTO,1.9100249333138557,2.2436671591184782,0.40434405054498307,0.5956887511214979,2.972037515458918,BC
7kg_10bpm,2BC,Force_AP,preRiCTO,80.13407804805766,64.29171193796039,22.346199841940575,32.601004463202315,139.52921638403964,BC
7kg_10bpm,2BC,Force_ML,preRiCTO,3.784042403435941,4.648308635133337,1.7155336520643762,1.7358999008812803,5.396356443128382,BC
7kg_10bpm,2BC,Force_Resultant,preRiCTO,294.35738998102323,248.1365063150892,70.94677735473854,89.9631884107837,514.5502113636043,BC
7kg_10bpm,2BC,Force_Vertical,preRiCTO,283.48936349954045,239.74414809526905,67.57322324956013,84.59399898412924,495.6347755150084,BC
7kg_10bpm,2BC,Moment_AxialRotation,preRiCTO,3.8060466149049974,6.294708385271744,1.969559081909533,1.2669884157506406,3.5916070292048827,BC
7kg_10bpm,2BC,Moment_FlexionExtension,preRiCTO,1.8105225421647586,1.8084964340577387,0.33956021370728257,0.11108272780386477,3.0767095489627305,BC
7kg_10bpm,2BC,Moment_LateralBending,preRiCTO,1.516810034329351,2.269572128547657,0.39002496850351487,0.41876993003400215,1.9156325153300486,BC
7kg_10bpm,3BC,Force_AP,preRiCTO,83.93678141550532,63.1013605408344,19.344465501825,19.99403598066923,150.98266872679932,BC
7kg_10bpm,3BC,Force_ML,preRiCTO,3.5610279856002456,3.346578277757629,0.7032904888231135,2.303866176149716,5.73693457336611,BC
7kg_10bpm,3BC,Force_Resultant,preRiCTO,305.90071113881646,254.09172530694877,62.824679788405085,56.87069556869811,542.6964097037012,BC
7kg_10bpm,3BC,Force_Vertical,preRiCTO,294.44850914228897,246.19434778535802,59.95702449952702,53.684714498826665,521.8118811547193,BC
7kg_10bpm,3BC,Moment_AxialRotation,preRiCTO,3.6976460411834897,5.681925408460049,1.7013734715093456,1.8385008618963676,4.004590512209994,BC
7kg_10bpm,3BC,Moment_FlexionExtension,preRiCTO,1.4110447698505042,0.8361347554232952,0.3350501968735905,0.12774520914408274,2.634120138767635,BC
7kg_10bpm,3BC,Moment_LateralBending,preRiCTO,1.7902762910084746,2.171967667714338,0.4033343814098554,0.5039452875835464,2.74115313586144,BC
7kg_10bpm,4BC,Force_AP,preRiCTO,81.67027494450981,71.01030838055321,23.21898387333225,12.755653366276857,142.7836070813771,BC
7kg_10bpm,4BC,Force_ML,preRiCTO,4.954803468273441,8.78815788958204,1.446607704216929,1.5589390427208474,4.093572453834514,BC
7kg_10bpm,4BC,Force_Resultant,preRiCTO,299.45786506958507,261.4015105122065,73.5414063300333,39.38139966173724,525.3177331056204,BC
7kg_10bpm,4BC,Force_Vertical,preRiCTO,288.3239379755465,251.70660926268036,70.05880964020517,37.45409758092755,505.90811075326616,BC
7kg_10bpm,4BC,Moment_AxialRotation,preRiCTO,4.627840508267852,8.216376641217886,2.062673616453388,2.404816755225774,2.9380946543897184,BC
7kg_10bpm,4BC,Moment_FlexionExtension,preRiCTO,1.1342725886028249,0.7871296130113851,0.38196032922260764,0.07745213855248982,2.063020246434729,BC
7kg_10bpm,4BC,Moment_LateralBending,preRiCTO,1.6761675735567865,2.1901613064161367,0.42281169059643614,0.5635672945221609,2.4133738111973653,BC
7kg_10bpm,5BC,Force_AP,preRiCTO,81.70008906663087,75.46944378710174,19.584960543707513,18.948536156226947,140.4948662784535,BC
7kg_10bpm,5BC,Force_ML,preRiCTO,4.4407462752325015,6.179727568454913,2.140890116804663,0.8094923872664289,5.903225795601498,BC
7kg_10bpm,5BC,Force_Resultant,preRiCTO,285.13986805806576,287.4634341385329,61.28351712935426,52.11487467843999,479.7478420179543,BC
7kg_10bpm,5BC,Force_Vertical,preRiCTO,273.4474586017347,277.5282492720132,58.270104012873915,48.97895355784473,459.16805925995766,BC
7kg_10bpm,5BC,Moment_AxialRotation,preRiCTO,4.158993794942327,7.620017926767061,2.144132400521212,1.6108081986763447,2.1086193789718637,BC
7kg_10bpm,5BC,Moment_FlexionExtension,preRiCTO,1.210305750039783,1.6093083066894747,0.4357357071583292,0.08450696034318629,1.7351217469592237,BC
7kg_10bpm,5BC,Moment_LateralBending,preRiCTO,1.594175586257506,2.7553491054908004,0.4802814361201563,0.38289148587214605,1.4864820984932907,BC
7kg_10bpm,6BC,Force_AP,preRiCTO,71.59790954872541,94.12633701399429,21.94293765118458,11.312653165855899,103.96401503447923,BC
7kg_10bpm,6BC,Force_ML,preRiCTO,6.179412270897632,11.946438409109595,1.6472029875433258,2.1342638716740114,2.0291621226212895,BC
7kg_10bpm,6BC,Force_Resultant,preRiCTO,265.5728495021399,344.00210650862067,69.38905497305416,36.00627293853681,392.8301761467011,BC
7kg_10bpm,6BC,Force_Vertical,preRiCTO,255.89865448896444,331.1013537538792,66.06113476516242,34.338240625836626,378.9973558594969,BC
7kg_10bpm,6BC,Moment_AxialRotation,preRiCTO,5.296837953296086,9.905530678579343,1.9453008755169956,2.9595461550464193,1.6069506303856904,BC
7kg_10bpm,6BC,Moment_FlexionExtension,preRiCTO,1.6361808554371693,1.5035893910566924,0.3391730700247561,0.22135253362425641,2.840405291028408,BC
7kg_10bpm,6BC,Moment_LateralBending,preRiCTO,1.5455642426812255,2.1651875800177867,0.43096583690141044,0.7161542047160814,2.0248410222441913,BC
7kg_10bpm,7BC,Force_AP,preRiCTO,60.01508852034442,91.45901336460149,20.41969094324966,7.672782802812856,74.10186164120496,BC
7kg_10bpm,7BC,Force_ML,preRiCTO,4.079059574869841,7.465227248876491,1.376172567382089,1.0041221128086568,2.8737417166120824,BC
7kg_10bpm,7BC,Force_Resultant,preRiCTO,222.07875141768878,351.86021665583735,61.62708488054916,21.77810623926319,261.59799353586885,BC
7kg_10bpm,7BC,Force_Vertical,preRiCTO,213.96175486254867,339.8480547137724,58.42522756482479,20.5741319205859,251.18222978887087,BC
7kg_10bpm,7BC,Moment_AxialRotation,preRiCTO,4.36205624041216,8.167035658170878,2.1410949137239315,1.757323751594097,1.549905184609171,BC
7kg_10bpm,7BC,Moment_FlexionExtension,preRiCTO,1.110851568919475,0.7134042870211942,0.24388357782856077,0.11698359752438346,2.057634574215164,BC
7kg_10bpm,7BC,Moment_LateralBending,preRiCTO,1.328161224333248,2.3056875803397836,0.481210529680954,0.429269176596949,1.1579900619082042,BC
7kg_10bpm,8BC,Force_AP,preRiCTO,80.6282209107166,70.73719411020348,14.942994872824361,27.436136613505155,139.65579634397832,BC
7kg_10bpm,8BC,Force_ML,preRiCTO,2.5857235761201056,3.7088871766544305,0.6532875135843312,1.4362204481248826,3.2174324547223363,BC
7kg_10bpm,8BC,Force_Resultant,preRiCTO,293.17244539871456,290.38619729834505,48.231464784824,74.82033678982889,495.1590980722423,BC
7kg_10bpm,8BC,Force_Vertical,preRiCTO,282.1247904429016,281.6755706415457,46.012018554421836,70.28236531314855,475.51947465114296,BC
7kg_10bpm,8BC,Moment_AxialRotation,preRiCTO,3.571112209492214,6.26550330271191,0.9674324353190884,1.146361599978109,3.1031747509828826,BC
7kg_10bpm,8BC,Moment_FlexionExtension,preRiCTO,1.9413695564365596,1.8883225115703786,0.2511189936628246,0.2226853975994134,3.3322445954750206,BC
7kg_10bpm,8BC,Moment_LateralBending,preRiCTO,1.7936797594106129,2.4443815164871845,0.2830047717901708,0.5350862875745939,2.529903799915407,BC
7kg_10bpm,9BC,Force_AP,preRiCTO,80.87262378145847,62.96028639584268,16.0864125517225,9.070591382131944,145.83346139329888,BC
7kg_10bpm,9BC,Force_ML,preRiCTO,1.8829134980300053,2.744056313414484,0.7329208343092558,0.6000434260942751,2.381054505430372,BC
7kg_10bpm,9BC,Force_Resultant,preRiCTO,291.5805803797122,237.40761780610922,49.94774121087634,28.613409215982077,522.3852724440117,BC
7kg_10bpm,9BC,Force_Vertical,preRiCTO,280.3559896088579,229.02978494118318,47.46357803986043,27.232999117942235,502.00830613255704,BC
7kg_10bpm,9BC,Moment_AxialRotation,preRiCTO,2.384625553753944,4.326022502193606,1.1206353432270055,0.743813704096361,1.5347452179412826,BC
7kg_10bpm,9BC,Moment_FlexionExtension,preRiCTO,2.1161958418781506,1.8775633308780615,0.258928424659221,0.1253558271682308,3.731913909420253,BC
7kg_10bpm,9BC,Moment_LateralBending,preRiCTO,1.4947834261586763,1.7911480197023473,0.3062473496588962,0.2527994775849528,2.333077123876787,BC
7kg_10bpm,10CA,Force_AP,preRiCTO,71.9208682320821,106.09905416106118,9.590368909872028,12.03568224782532,95.08855934806688,CA
7kg_10bpm,10CA,Force_ML,preRiCTO,6.428862847604449,8.410564384899114,5.5398919374973605,5.805634259808609,5.533198411148557,CA
7kg_10bpm,10CA,Force_Resultant,preRiCTO,309.16272089693297,355.6905389482413,35.31718130610232,63.65269905357404,494.52277558946054,CA
7kg_10bpm,10CA,Force_Vertical,preRiCTO,300.9916224185458,340.3020878970118,34.2080206063987,62.53208715857863,485.48320864367673,CA
7kg_10bpm,10CA,Moment_AxialRotation,preRiCTO,2.623525605900279,4.035415680451984,2.7959040343644617,1.7468413377898533,0.7928454965318242,CA
7kg_10bpm,10CA,Moment_FlexionExtension,preRiCTO,1.181835024570844,2.272100699502177,0.21180420387769833,0.12281786983260723,0.6358055335955854,CA
7kg_10bpm,10CA,Moment_LateralBending,preRiCTO,1.1001445337499367,1.3824241181540975,0.8542910559995186,1.2362624985447488,0.8322987653770255,CA
7kg_10bpm,11CA,Force_AP,preRiCTO,61.35456939362306,53.01604415444993,4.952103703947718,11.951919279539286,108.44191739386807,CA
7kg_10bpm,11CA,Force_ML,preRiCTO,4.679266433375322,4.44001914171881,4.157246369552019,6.318310663949687,3.3311527500697786,CA
7kg_10bpm,11CA,Force_Resultant,preRiCTO,286.0827215285139,199.25407939727657,26.68876549705855,55.06479703585262,525.5038030841293,CA
7kg_10bpm,11CA,Force_Vertical,preRiCTO,279.5981921470399,192.41477574571132,26.522588248036158,53.83654836782377,514.4099818620057,CA
7kg_10bpm,11CA,Moment_AxialRotation,preRiCTO,2.3988219794170544,3.0452236944922504,2.551551389421934,2.063569144086737,1.7556069453736316,CA
7kg_10bpm,11CA,Moment_FlexionExtension,preRiCTO,0.7761000089189906,1.462728988341365,0.30631948317774665,0.13902103095513604,0.4168143588966563,CA
7kg_10bpm,11CA,Moment_LateralBending,preRiCTO,1.0933060664562892,1.2879283240019175,0.6093161807284604,1.2210825830844199,1.1214761458000495,CA
7kg_10bpm,12CA,Force_AP,preRiCTO,59.79959536984563,67.23129134664202,5.622205949464919,5.783811367339485,97.37861220730107,CA
7kg_10bpm,12CA,Force_ML,preRiCTO,14.336332251802776,24.535650025767474,10.140236264033735,7.585767821884408,8.084679213748151,CA
7kg_10bpm,12CA,Force_Resultant,preRiCTO,296.27176699757695,260.8935209275751,13.232408799827212,30.76169732412318,523.8835291042267,CA
7kg_10bpm,12CA,Force_Vertical,preRiCTO,290.3857804127545,252.63576207196905,14.331829692560863,30.2694055379382,514.8955228142195,CA
7kg_10bpm,12CA,Moment_AxialRotation,preRiCTO,1.5028484702842957,1.009314558839947,1.5015880516252973,1.6854821477335498,1.7013070805803623,CA
7kg_10bpm,12CA,Moment_FlexionExtension,preRiCTO,0.9155303516288014,1.6378510938408657,0.7191538894837337,0.1162849517862503,0.40791498411614774,CA
7kg_10bpm,12CA,Moment_LateralBending,preRiCTO,1.6781352832278467,2.239050388492803,1.035612016671791,1.5479337188022215,1.6685034598405046,CA
7kg_10bpm,13CA,Force_AP,preRiCTO,72.60827310976441,73.22849954517724,5.365191270692258,11.400690881179255,123.16947975682851,CA
7kg_10bpm,13CA,Force_ML,preRiCTO,5.796619628055447,7.69880196071772,4.905798200451719,5.197628640086073,4.941336369360919,CA
7kg_10bpm,13CA,Force_Resultant,preRiCTO,344.18253495696075,270.5446371194825,24.79701042559987,56.64561665021933,621.387185663077,CA
7kg_10bpm,13CA,Force_Vertical,preRiCTO,336.6690134000613,260.71164054494017,24.4392790383871,55.548864076879816,609.4326058709884,CA
7kg_10bpm,13CA,Moment_AxialRotation,preRiCTO,1.853745561023931,2.5123248677948844,2.088382382212717,1.587237244226886,0.8148301139161228,CA
7kg_10bpm,13CA,Moment_FlexionExtension,preRiCTO,1.029960321619286,1.775050494445819,0.1889818562944853,0.17725077143937368,1.0132627948992436,CA
7kg_10bpm,13CA,Moment_LateralBending,preRiCTO,1.190456188440672,1.3713641862565553,0.9682654522633699,1.202225812952255,1.1856135060381336,CA
7kg_10bpm,1CA,Force_AP,preRiCTO,71.3774650994544,95.81329017390595,10.304760943280225,5.857693182116351,104.0620772368091,CA
7kg_10bpm,1CA,Force_ML,preRiCTO,14.422085431750247,27.79702408474388,5.931900714661933,5.286767427595863,2.0787734088863066,CA
7kg_10bpm,1CA,Force_Resultant,preRiCTO,305.01242044515095,350.8856921739116,48.656620680542694,27.508237121074618,489.90449496103327,CA
7kg_10bpm,1CA,Force_Vertical,preRiCTO,296.72372920887415,337.7716396299505,47.71789932600379,26.943836702863702,478.99036040048253,CA
7kg_10bpm,1CA,Moment_AxialRotation,preRiCTO,3.1435165521527244,5.170918857582389,2.948431698620224,1.5775272098060438,1.3873777480344587,CA
7kg_10bpm,1CA,Moment_FlexionExtension,preRiCTO,0.8937431302057807,1.6416007156696577,0.16190918935778179,0.08616166431453656,0.6923808386706692,CA
7kg_10bpm,1CA,Moment_LateralBending,preRiCTO,1.3472769011956935,2.3479256972919442,0.7057694229213909,1.1102345868762817,0.29374897657873883,CA
7kg_10bpm,3CA,Force_AP,preRiCTO,70.21588501993216,89.5528943971993,6.440118762357435,5.369813050270303,106.64580999067833,CA
7kg_10bpm,3CA,Force_ML,preRiCTO,4.6718772303465945,5.845671375901851,3.554856695270553,5.235713888779456,3.6633875941846274,CA
7kg_10bpm,3CA,Force_Resultant,preRiCTO,301.530347409442,321.946722601232,37.79335392594421,28.262058649854307,501.3848609083562,CA
7kg_10bpm,3CA,Force_Vertical,preRiCTO,293.4323152175775,309.5508482380981,37.653333047884104,27.761249144765987,490.1373505611721,CA
7kg_10bpm,3CA,Moment_AxialRotation,preRiCTO,2.466351119329368,4.026183528359114,2.1025512108323388,1.6133033507654027,1.1356308773726804,CA
7kg_10bpm,3CA,Moment_FlexionExtension,preRiCTO,0.7876651331140427,1.400310544069673,0.2911303849218276,0.1341795295784488,0.6525478431884285,CA
7kg_10bpm,3CA,Moment_LateralBending,preRiCTO,0.8534077235887496,1.1707282270738293,0.4114855802942559,1.0479766986621488,0.5408069425143747,CA
7kg_10bpm,5CA,Force_AP,preRiCTO,64.49861549430095,69.33894437839409,2.6252306586801257,5.212146448543023,107.25930542664969,CA
7kg_10bpm,5CA,Force_ML,preRiCTO,4.669397205381245,4.906557140548263,4.345021990898304,5.447320870137544,3.855364409577526,CA
7kg_10bpm,5CA,Force_Resultant,preRiCTO,305.53067763802835,255.6068021417388,20.558500255601082,28.50748200737495,546.4569216840312,CA
7kg_10bpm,5CA,Force_Vertical,preRiCTO,298.8114690384135,246.2971214393636,20.596672014916273,28.052744053083586,536.0568788890321,CA
7kg_10bpm,5CA,Moment_AxialRotation,preRiCTO,1.6243774001018332,1.9815412773524965,1.8851205769636987,1.552648104539474,0.859925236738577,CA
7kg_10bpm,5CA,Moment_FlexionExtension,preRiCTO,1.0373334649845873,1.952678647182037,0.21346417545549465,0.05685183807351234,0.6832700742603226,CA
7kg_10bpm,5CA,Moment_LateralBending,preRiCTO,0.9557772186016162,1.1193580755246368,0.6707980981764946,1.1437297414094343,0.8083283194532789,CA
7kg_10bpm,6CA,Force_AP,preRiCTO,59.32622718786462,77.08052162837866,1.9835194456344634,4.015339913485482,89.10735131205159,CA
7kg_10bpm,6CA,Force_ML,preRiCTO,6.302220901024639,9.032493346198647,4.6368492190555735,6.561670192266737,3.7105424431350476,CA
7kg_10bpm,6CA,Force_Resultant,preRiCTO,275.1486162535821,284.0923197274331,19.734123239894174,21.191898595804624,464.41478500432504,CA
7kg_10bpm,6CA,Force_Vertical,preRiCTO,268.82160831069365,273.720532555424,20.03244045944754,20.892360946429203,455.9332264956887,CA
7kg_10bpm,6CA,Moment_AxialRotation,preRiCTO,2.2766245608561686,3.241979965225354,2.5428265526218192,1.8557988966561016,0.7064318680379422,CA
7kg_10bpm,6CA,Moment_FlexionExtension,preRiCTO,0.3547311500770748,0.510314643792002,0.20540674980042273,0.07302985968185426,0.4389933786474266,CA
7kg_10bpm,6CA,Moment_LateralBending,preRiCTO,1.0766899218340393,1.445273295754054,0.656010303897114,1.3353065454646218,0.6054299251417947,CA
7kg_10bpm,7CA,Force_AP,preRiCTO,73.95548884502884,84.71721751539393,3.7840548355290466,4.2592520033104675,119.64276414306364,CA
7kg_10bpm,7CA,Force_ML,preRiCTO,6.151692632343768,7.561290024002895,5.638841841732008,6.510824369958358,4.549571381063396,CA
7kg_10bpm,7CA,Force_Resultant,preRiCTO,332.4152558002462,293.3126533011507,25.049473139305277,23.33251375952211,587.7069278438364,CA
7kg_10bpm,7CA,Force_Vertical,preRiCTO,324.38293177607324,281.2908446636383,24.9671422548733,22.991713173144486,575.8184816892199,CA
7kg_10bpm,7CA,Moment_AxialRotation,preRiCTO,2.490359850878264,3.779066110105899,2.5722961810619114,1.734573555795873,1.0510300381865925,CA
7kg_10bpm,7CA,Moment_FlexionExtension,preRiCTO,1.090041064638062,1.8489142866149764,0.21631092685014633,0.09027192288912254,1.129526021641197,CA
7kg_10bpm,7CA,Moment_LateralBending,preRiCTO,1.0764661866546685,1.1420425223653132,0.7934782748752464,1.3923291307510337,0.8819883994071596,CA
7kg_10bpm,8CA,Force_AP,preRiCTO,68.84715305676889,69.49404368544691,11.619856971644127,7.367315511392651,116.5637768389908,CA
7kg_10bpm,8CA,Force_ML,preRiCTO,7.062659029953543,8.944318639332742,6.465680719950694,6.868228550353237,5.593731887149707,CA
7kg_10bpm,8CA,Force_Resultant,preRiCTO,316.38927254751115,280.85484115627486,13.858604042313816,33.85029613486292,558.3246132821794,CA
7kg_10bpm,8CA,Force_Vertical,preRiCTO,309.0196325521987,272.27364620181555,11.900000499477985,33.160267623686956,546.3322696066521,CA
7kg_10bpm,8CA,Moment_AxialRotation,preRiCTO,2.195765819002421,2.9534332601148616,2.4453789767185135,1.9499806315427295,0.9674186527877358,CA
7kg_10bpm,8CA,Moment_FlexionExtension,preRiCTO,1.3503127166886533,2.487242210524226,0.6124020124287091,0.12020788220945795,0.8718082088466801,CA
7kg_10bpm,8CA,Moment_LateralBending,preRiCTO,1.3982490501023277,1.836608493605374,1.0597922424377813,1.3916136320516062,1.1871616051719278,CA
7kg_10bpm,9CA,Force_AP,preRiCTO,72.96511953435022,68.68852141998323,7.263933099106107,18.818612932365426,125.51269139691294,CA
7kg_10bpm,9CA,Force_ML,preRiCTO,7.995696500130543,12.87963017850985,7.333838956897512,4.807663668965902,3.8603257204770056,CA
7kg_10bpm,9CA,Force_Resultant,preRiCTO,343.6297010269898,267.2926580569256,10.734770881016468,94.33355095788359,617.5239962445725,CA
7kg_10bpm,9CA,Force_Vertical,preRiCTO,336.07454800771166,258.73048522122275,10.295965155958621,92.48533723655301,605.0280054405249,CA
7kg_10bpm,9CA,Moment_AxialRotation,preRiCTO,1.9308007802207316,2.959456649131389,1.9227280165747096,1.3849670895913035,0.8131643760995527,CA
7kg_10bpm,9CA,Moment_FlexionExtension,preRiCTO,1.2477214768632632,2.192775524023889,0.58766411891206,0.19965381266777266,1.0265853735380275,CA
7kg_10bpm,9CA,Moment_LateralBending,preRiCTO,1.3953816137103847,1.9915529114693544,1.4536760203919612,1.0098596735282293,0.8587611010233182,CA
7kg_16bpm,10AB,Force_AP,preRiCTO,74.72468749285704,61.79842287058917,24.794562989594226,31.284166560677342,128.3997376731814,AB
7kg_16bpm,10AB,Force_ML,preRiCTO,7.353455515736741,9.039041233884365,3.425671023434706,4.630379406184699,9.97960721511391,AB
7kg_16bpm,10AB,Force_Resultant,preRiCTO,304.6035345069857,348.89849088219063,65.85482641652773,71.24568118830699,484.0748742901174,AB
7kg_16bpm,10AB,Force_Vertical,preRiCTO,295.630969196809,343.5837316431841,62.92697240786855,65.58446496779086,466.96203111124504,AB
7kg_16bpm,10AB,Moment_AxialRotation,preRiCTO,4.063966147661044,3.878490915525421,0.767826203232319,1.4186768185057195,6.8695974196066,AB
7kg_16bpm,10AB,Moment_FlexionExtension,preRiCTO,1.799526706903551,0.48339590781354125,0.9336347822015066,0.5347708036839705,3.3528678894531105,AB
7kg_16bpm,10AB,Moment_LateralBending,preRiCTO,1.625840099865523,2.4370186002704592,0.24131619248510378,0.16758054801709268,2.1153700257426227,AB
7kg_16bpm,1AB,Force_AP,preRiCTO,62.217841631977606,67.19544467332236,7.719171369037626,58.3870023654279,85.79507239621407,AB
7kg_16bpm,1AB,Force_ML,preRiCTO,5.082389916253773,2.1247287969223465,3.575683355260608,7.432888144782253,5.53035038911,AB
7kg_16bpm,1AB,Force_Resultant,preRiCTO,251.38519383634045,351.36870035284136,21.974165719958048,146.09616769250607,325.2497939255737,AB
7kg_16bpm,1AB,Force_Vertical,preRiCTO,243.98925410131255,344.96453015021996,21.193786279966357,135.89726547321243,314.07140955306704,AB
7kg_16bpm,1AB,Moment_AxialRotation,preRiCTO,2.4012402747339157,2.0243462761187025,1.6921227902451859,2.335568512808351,3.23418042783348,AB
7kg_16bpm,1AB,Moment_FlexionExtension,preRiCTO,0.850005956495753,0.44391473763442174,0.30395152032685624,0.82954348949695,1.3662665606679294,AB
7kg_16bpm,1AB,Moment_LateralBending,preRiCTO,0.9184450890114537,0.5839923618155329,0.7557316634295924,0.5547728882705076,1.4504497969626176,AB
7kg_16bpm,2AB,Force_AP,preRiCTO,67.54654779544562,76.00889854227698,11.664917189293911,21.265586209567832,107.71667704255266,AB
7kg_16bpm,2AB,Force_ML,preRiCTO,8.110573042193657,8.721429664586987,10.351079857706262,6.689872783998853,6.028318477507253,AB
7kg_16bpm,2AB,Force_Resultant,preRiCTO,284.6027225632644,381.2358630185768,33.36576750239188,46.95983634123134,414.3756926291563,AB
7kg_16bpm,2AB,Force_Vertical,preRiCTO,276.69084196338946,373.6494974666177,31.91838883638888,43.41930865359217,400.45122880773636,AB
7kg_16bpm,2AB,Moment_AxialRotation,preRiCTO,3.0278921631233255,3.9611206438560695,2.4438581207728416,2.244474983449306,3.1529384681190833,AB
7kg_16bpm,2AB,Moment_FlexionExtension,preRiCTO,1.1083650729559722,0.46202566735831685,0.6317729617811343,0.7878662904664931,1.8937380060558753,AB
7kg_16bpm,2AB,Moment_LateralBending,preRiCTO,1.5960027434139303,2.1357376956626237,1.690189378524832,0.5042587435880641,1.5867224012522387,AB
7kg_16bpm,3AB,Force_AP,preRiCTO,73.04417092373416,67.12901727376831,12.786570403075293,67.86648656298004,108.66126051758968,AB
7kg_16bpm,3AB,Force_ML,preRiCTO,10.047871566053614,7.3363856031562005,11.986078844682714,12.772859427177384,6.739857281099159,AB
7kg_16bpm,3AB,Force_Resultant,preRiCTO,275.3614081673202,372.18305026412764,36.27201609231619,163.16276718316573,366.7301014287438,AB
7kg_16bpm,3AB,Force_Vertical,preRiCTO,266.14046266362766,366.15340626374075,34.69440341527902,151.17858353494833,350.86326319110645,AB
7kg_16bpm,3AB,Moment_AxialRotation,preRiCTO,3.7822125551326353,3.546543690173975,2.560426175257982,5.07878519827183,3.5171173573866663,AB
7kg_16bpm,3AB,Moment_FlexionExtension,preRiCTO,0.8441156373584647,0.5666837450937072,0.6573930014192092,1.1064117338469337,0.9308717663686115,AB
7kg_16bpm,3AB,Moment_LateralBending,preRiCTO,1.4753140958315014,1.7556029720389446,1.6987989469811837,0.8713137117145984,1.4094535052406705,AB
7kg_16bpm,4AB,Force_AP,preRiCTO,50.087690491110706,58.00624519275469,7.712134296281813,51.576575477767314,62.41234922876033,AB
7kg_16bpm,4AB,Force_ML,preRiCTO,7.827815406050358,5.950327775159277,4.318874225701605,10.302380601342456,9.164712982930066,AB
7kg_16bpm,4AB,Force_Resultant,preRiCTO,214.14118119642112,345.07222309182066,21.55309160145103,122.50437834662955,220.8230716567431,AB
7kg_16bpm,4AB,Force_Vertical,preRiCTO,208.67289539115126,340.30079852275486,20.721598962725928,113.51669225206304,212.13028157582482,AB
7kg_16bpm,4AB,Moment_AxialRotation,preRiCTO,2.9325403482479935,2.1985201776374477,1.1409297024737968,2.790089525461929,4.474645685867597,AB
7kg_16bpm,4AB,Moment_FlexionExtension,preRiCTO,0.9304989315147959,0.4462253243774193,0.3415673564733607,1.1064911258869004,1.3720556818540568,AB
7kg_16bpm,4AB,Moment_LateralBending,preRiCTO,1.0213414231400106,1.4838028578719316,0.7021317452775231,0.6222656900356067,1.0434798682407367,AB
7kg_16bpm,5AB,Force_AP,preRiCTO,61.62222571739573,73.29569854605236,8.913445423762584,48.51834048574383,85.12066355943546,AB
7kg_16bpm,5AB,Force_ML,preRiCTO,6.78660447343183,6.113920065402689,1.862804305248486,7.429713189976576,9.303825960079855,AB
7kg_16bpm,5AB,Force_Resultant,preRiCTO,252.40056839261618,388.4100601670935,25.19978932410653,116.93773226939005,297.7489135279658,AB
7kg_16bpm,5AB,Force_Vertical,preRiCTO,245.17334470245066,381.6592004630194,24.44044318102038,108.37597733249473,285.6131083111467,AB
7kg_16bpm,5AB,Moment_AxialRotation,preRiCTO,3.1737019024266195,2.8165960857787073,0.47882495784268436,2.5923186599164225,4.9816806253643895,AB
7kg_16bpm,5AB,Moment_FlexionExtension,preRiCTO,1.138716605315031,0.6435792268078324,0.39595603335251345,0.9557531595210269,1.8999315639770955,AB
7kg_16bpm,5AB,Moment_LateralBending,preRiCTO,0.9732086043246431,1.5895038987518741,0.1774620633661198,0.3682490572603884,1.043663367373185,AB
7kg_16bpm,6AB,Force_AP,preRiCTO,70.4644566792238,66.6075700432884,19.26605084673887,25.135206242811826,118.56530378229486,AB
7kg_16bpm,6AB,Force_ML,preRiCTO,7.278963737825458,10.877545396638052,1.5218136318219593,4.907355132662676,8.164977973861161,AB
7kg_16bpm,6AB,Force_Resultant,preRiCTO,269.20977193256044,341.4647621947035,48.769672457398336,58.48974156208342,404.77539668005704,AB
7kg_16bpm,6AB,Force_Vertical,preRiCTO,260.2214326940226,335.13915737585967,46.46239589992653,53.97806065043428,387.52015310336714,AB
7kg_16bpm,6AB,Moment_AxialRotation,preRiCTO,4.0574650367198535,4.852879310140741,1.203144042430209,2.3210703366782175,5.893710003074122,AB
7kg_16bpm,6AB,Moment_FlexionExtension,preRiCTO,0.9764720752537119,0.6925570575948375,0.676995212587602,0.41391765357692545,1.6239923336421442,AB
7kg_16bpm,6AB,Moment_LateralBending,preRiCTO,1.6504312519145563,2.878264051079442,0.3877160948422126,0.22730724207495165,1.5560841822816975,AB
7kg_16bpm,7AB,Force_AP,preRiCTO,85.13965794012837,61.26968288763228,7.747662824731542,53.97537308004787,147.27543090860416,AB
7kg_16bpm,7AB,Force_ML,preRiCTO,9.377399376530931,4.512724721511126,2.567974922497562,11.018055134201884,14.104799458514345,AB
7kg_16bpm,7AB,Force_Resultant,preRiCTO,326.9335726092381,346.0804696418023,28.983365234422404,132.009847964866,531.4886017525646,AB
7kg_16bpm,7AB,Force_Vertical,preRiCTO,316.279277202777,340.73110216993297,28.28302905928556,122.6147755305866,511.5959484995861,AB
7kg_16bpm,7AB,Moment_AxialRotation,preRiCTO,4.5589615051847385,0.9195880125591408,1.07161652141942,4.095897945651083,7.917695685095139,AB
7kg_16bpm,7AB,Moment_FlexionExtension,preRiCTO,2.200839786108722,0.4711999389541099,0.2704904154274259,0.8498734979854808,4.2234523197573814,AB
7kg_16bpm,7AB,Moment_LateralBending,preRiCTO,0.9985145316132424,0.5777383031262828,0.5313837239585633,0.6418371689373293,1.698387575180379,AB
7kg_16bpm,8AB,Force_AP,preRiCTO,77.02998006502854,61.685502921613775,16.469820320244015,75.4632825067072,116.85277048848066,AB
7kg_16bpm,8AB,Force_ML,preRiCTO,6.953325951557482,4.019983441871634,2.4871040961833515,11.827733640639048,5.64048552992938,AB
7kg_16bpm,8AB,Force_Resultant,preRiCTO,274.9794530138351,325.6284920196211,42.22338628381572,182.3729225175625,397.5921933126639,AB
7kg_16bpm,8AB,Force_Vertical,preRiCTO,264.83500449642867,319.8786864073152,40.595539688074524,169.23881519499585,380.71753255924165,AB
7kg_16bpm,8AB,Moment_AxialRotation,preRiCTO,2.3518813781883097,1.281257997555165,1.0910524528381318,2.9262162118699693,3.245096756766087,AB
7kg_16bpm,8AB,Moment_FlexionExtension,preRiCTO,0.8684779160931723,0.516546038616522,0.6709992257331111,1.3538548830621844,0.6914330876322982,AB
7kg_16bpm,8AB,Moment_LateralBending,preRiCTO,0.9747353559706483,0.8207255474320736,0.532142730301074,0.6234765745019144,1.5482468586435099,AB
7kg_16bpm,9AB,Force_AP,preRiCTO,83.34681401600253,63.78905602094667,19.46049176951655,34.9709726965362,146.73992542878895,AB
7kg_16bpm,9AB,Force_ML,preRiCTO,6.61548542772453,7.254137579255117,3.2997000770194873,2.6977337554914427,10.096690034694074,AB
7kg_16bpm,9AB,Force_Resultant,preRiCTO,332.5597034595965,339.5463432687388,49.42019630172087,81.94447751376725,556.7407656054908,AB
7kg_16bpm,9AB,Force_Vertical,preRiCTO,322.28415488266194,333.6297263403835,46.84691801028646,75.62435504048089,537.4445569911172,AB
7kg_16bpm,9AB,Moment_AxialRotation,preRiCTO,4.138220077909525,3.2087009140080855,0.666430758744717,1.55608494384774,7.339511381055934,AB
7kg_16bpm,9AB,Moment_FlexionExtension,preRiCTO,1.3756816314676945,0.5705615107838679,0.7020927074729192,0.6728558252151784,2.47574585375416,AB
7kg_16bpm,9AB,Moment_LateralBending,preRiCTO,1.5778284585732825,1.7502595377988839,0.17025658631162563,0.14524935466028746,2.584022496823701,AB
7kg_16bpm,10BC,Force_AP,preRiCTO,56.04344067949591,80.67929109954737,15.208250376185338,11.810664970164243,74.73783000779387,BC
7kg_16bpm,10BC,Force_ML,preRiCTO,5.736208514312177,7.732866362562081,1.3494103670872417,0.7888723737561093,8.244582478893836,BC
7kg_16bpm,10BC,Force_Resultant,preRiCTO,195.60868384049408,287.2781987307625,47.83555754912579,31.75727611737345,257.12166090081905,BC
7kg_16bpm,10BC,Force_Vertical,preRiCTO,187.63428984527067,276.16037704608493,45.561041408610045,29.814080288113868,246.13459858239,BC
7kg_16bpm,10BC,Moment_AxialRotation,preRiCTO,2.859073278720992,4.94863132348336,1.0161411231144988,1.472270808819115,2.2649282465632985,BC
7kg_16bpm,10BC,Moment_FlexionExtension,preRiCTO,1.2077665191672369,1.8176051689222037,0.16957665969610283,0.1609750722915866,1.5611848589516089,BC
7kg_16bpm,10BC,Moment_LateralBending,preRiCTO,1.4834432591906175,2.2082994230614497,0.25413134980487867,0.38636338918393276,1.9115021317652885,BC
7kg_16bpm,1BC,Force_AP,preRiCTO,66.29568789689505,90.89106646275569,36.78538097643111,28.495152368535784,83.95256066222669,BC
7kg_16bpm,1BC,Force_ML,preRiCTO,5.591753594446199,6.724752373129698,1.7531796306263092,1.8894719771585928,8.461195571823069,BC
7kg_16bpm,1BC,Force_Resultant,preRiCTO,248.32726811947703,350.6297253736491,106.7304242676537,84.017405533221,321.8648686798518,BC
7kg_16bpm,1BC,Force_Vertical,preRiCTO,239.4903425891414,338.7407500049937,100.89174452205742,79.53548239441761,310.80910069098644,BC
7kg_16bpm,1BC,Moment_AxialRotation,preRiCTO,5.466229250525632,9.465930188916246,2.507301931158597,3.6346742834022923,3.3415480210592157,BC
7kg_16bpm,1BC,Moment_FlexionExtension,preRiCTO,1.3960715853597758,1.1644859543067705,0.275580761230415,0.1953479485490391,2.4814486707739793,BC
7kg_16bpm,1BC,Moment_LateralBending,preRiCTO,1.7919484377784967,2.9079540483353505,0.5736361329773567,1.1287522245621426,1.6737289201384955,BC
7kg_16bpm,2BC,Force_AP,preRiCTO,53.681607825835975,43.152361350496996,19.29556566342169,15.330163144387036,93.91418765896631,BC
7kg_16bpm,2BC,Force_ML,preRiCTO,4.59749138742429,4.536165092075927,2.5255613914506028,1.8938766238663263,7.2623345050042465,BC
7kg_16bpm,2BC,Force_Resultant,preRiCTO,183.68552899243306,178.9469896198924,59.22698423585274,44.010188759552776,308.28987314174253,BC
7kg_16bpm,2BC,Force_Vertical,preRiCTO,175.97270501813827,173.7976357048152,56.236677025711366,41.53733859260069,294.1916807856491,BC
7kg_16bpm,2BC,Moment_AxialRotation,preRiCTO,2.418932561633619,1.1293643968501375,1.741916230126815,2.14507314740745,3.7631709009637055,BC
7kg_16bpm,2BC,Moment_FlexionExtension,preRiCTO,1.3835179090287415,2.00421733052684,0.18150724514144526,0.2436422952559988,1.8666760190593716,BC
7kg_16bpm,2BC,Moment_LateralBending,preRiCTO,1.0403872512550116,1.2337794720988893,0.33735842604636135,0.6408830686014788,1.495559181049289,BC
7kg_16bpm,3BC,Force_AP,preRiCTO,60.40854815811814,62.59154076609298,17.751670720968193,15.254034262495916,99.40800791807192,BC
7kg_16bpm,3BC,Force_ML,preRiCTO,5.933428898963089,8.535019743448116,3.194770023432993,1.507533518453637,7.397034378672087,BC
7kg_16bpm,3BC,Force_Resultant,preRiCTO,207.6396489728835,236.2098736986851,52.16285222053641,43.306438669864015,330.77698308527397,BC
7kg_16bpm,3BC,Force_Vertical,preRiCTO,199.01233160544916,228.02331504936143,49.37112379516381,40.86224797073915,316.0848314037379,BC
7kg_16bpm,3BC,Moment_AxialRotation,preRiCTO,2.4758187392543975,1.642518710226153,1.6664573540411438,1.1891340654585307,4.145770922537524,BC
7kg_16bpm,3BC,Moment_FlexionExtension,preRiCTO,1.6212418479484179,2.3872411369864763,0.16009969104836153,0.14000902274074192,2.164993080397383,BC
7kg_16bpm,3BC,Moment_LateralBending,preRiCTO,0.9460623211586843,1.510119358959777,0.24599784121167687,0.3451678965457264,1.0542134899524265,BC
7kg_16bpm,4BC,Force_AP,preRiCTO,51.20335820046187,67.67035465418506,21.304816778510435,13.370639706145408,71.92451168598961,BC
7kg_16bpm,4BC,Force_ML,preRiCTO,4.573717217605066,7.825036143725409,2.9607348888958294,1.3022253053638997,3.51088689144055,BC
7kg_16bpm,4BC,Force_Resultant,preRiCTO,189.8471740988432,253.15109373469832,65.15690468446569,39.73852493100352,269.7923474690446,BC
7kg_16bpm,4BC,Force_Vertical,preRiCTO,183.02136599718057,244.3068693041204,61.934486607611646,37.664166475236605,260.153131690577,BC
7kg_16bpm,4BC,Moment_AxialRotation,preRiCTO,2.1085244138324755,2.281150839231086,1.5379976896506162,1.9216536253763943,2.538074891762282,BC
7kg_16bpm,4BC,Moment_FlexionExtension,preRiCTO,1.6915158273341901,2.3134547705037734,0.16855032071538836,0.12672086540008498,2.434292632357002,BC
7kg_16bpm,4BC,Moment_LateralBending,preRiCTO,1.216961988821189,1.795491075781052,0.2645174932821444,0.49066934858906397,1.5344479310179364,BC
7kg_16bpm,5BC,Force_AP,preRiCTO,54.442273171546425,79.463622891009,25.20503106957067,18.94974274518063,66.97839183972742,BC
7kg_16bpm,5BC,Force_ML,preRiCTO,3.6095343725031,5.772584077527207,3.586386790552052,1.2753620810959876,2.153855554382982,BC
7kg_16bpm,5BC,Force_Resultant,preRiCTO,189.30030523986588,290.73019837558405,71.07337219468546,56.85406570570868,223.5292727523495,BC
7kg_16bpm,5BC,Force_Vertical,preRiCTO,181.62462085365092,280.0652507610528,67.02837172862327,53.90536974260328,213.56492331510555,BC
7kg_16bpm,5BC,Moment_AxialRotation,preRiCTO,2.2800960048428816,3.182837722002088,1.5993600850873135,2.081183253100445,1.9571300361405888,BC
7kg_16bpm,5BC,Moment_FlexionExtension,preRiCTO,1.3976588588357108,2.320864815144894,0.1743770494279662,0.22079674526256704,1.5274309457800992,BC
7kg_16bpm,5BC,Moment_LateralBending,preRiCTO,1.250800026438794,1.9316862269977564,0.22125114744812907,0.5723816303170374,1.4585946780596177,BC
7kg_16bpm,6BC,Force_AP,preRiCTO,49.060891935359365,50.91882507691669,20.099413318810722,16.067327931565018,78.8699704286775,BC
7kg_16bpm,6BC,Force_ML,preRiCTO,5.084316319823013,8.370042188966071,0.9850301566916223,0.8106961210807692,5.6116278491693485,BC
7kg_16bpm,6BC,Force_Resultant,preRiCTO,179.30856628485037,239.80419906039268,63.06467290070655,51.920879209350865,251.36803713590092,BC
7kg_16bpm,6BC,Force_Vertical,preRiCTO,172.72114270281742,234.52487786170306,60.04047701589033,49.53998472342116,239.11432928660753,BC
7kg_16bpm,6BC,Moment_AxialRotation,preRiCTO,4.356251865178215,8.084743086524309,1.1998788033486114,2.4761614165421855,1.8944867341713758,BC
7kg_16bpm,6BC,Moment_FlexionExtension,preRiCTO,0.7897645690979772,1.0134748683359207,0.3138576378217378,0.20113574384061764,1.1409206422447935,BC
7kg_16bpm,6BC,Moment_LateralBending,preRiCTO,1.3352954550701988,2.162893668721012,0.3097918474247653,0.70009493256001,1.365496331959017,BC
7kg_16bpm,7BC,Force_AP,preRiCTO,39.15484533724178,49.49171875677129,22.098753803480484,35.05554854493896,44.14851575512636,BC
7kg_16bpm,7BC,Force_ML,preRiCTO,4.466352121357211,4.739490792155299,3.083997056534074,4.07972141165803,5.544678627739674,BC
7kg_16bpm,7BC,Force_Resultant,preRiCTO,154.19029134526255,214.9259405710032,70.10039441079147,100.73650768549281,182.91049831817963,BC
7kg_16bpm,7BC,Force_Vertical,preRiCTO,149.56746699480703,209.31714749865412,66.75730429758786,95.15331852646213,178.27206379696958,BC
7kg_16bpm,7BC,Moment_AxialRotation,preRiCTO,3.9634958341919857,4.550742052597274,1.6688116064848704,4.605156322261858,4.247614570380714,BC
7kg_16bpm,7BC,Moment_FlexionExtension,preRiCTO,1.449380127197901,1.866925157353593,0.20103834077513755,0.40736984089828954,2.147239501907625,BC
7kg_16bpm,7BC,Moment_LateralBending,preRiCTO,1.607896442646297,2.0465846050870007,0.30519004024096164,1.4034769003142347,2.0079984781427167,BC
7kg_16bpm,8BC,Force_AP,preRiCTO,50.11090315161034,71.82653496358517,23.335107195147344,23.528821349045895,61.14037109317527,BC
7kg_16bpm,8BC,Force_ML,preRiCTO,3.6396488710111385,5.148486049936265,1.8218835604201804,2.2589182191472466,4.227790104937953,BC
7kg_16bpm,8BC,Force_Resultant,preRiCTO,180.17129254648236,275.5264221451736,69.96338571636669,68.48757371222568,209.49805860994698,BC
7kg_16bpm,8BC,Force_Vertical,preRiCTO,173.2526403144424,266.1096553649549,66.32002758653606,64.7690607227928,200.62125298272395,BC
7kg_16bpm,8BC,Moment_AxialRotation,preRiCTO,2.8118736074756727,3.5440211470889906,2.035185221979271,2.8508832734727627,2.6152654386730005,BC
7kg_16bpm,8BC,Moment_FlexionExtension,preRiCTO,1.289401213262284,1.9805839171503459,0.38612237656893006,0.18005089061920213,1.5849359089277189,BC
7kg_16bpm,8BC,Moment_LateralBending,preRiCTO,1.3956628436179976,2.2387288748284435,0.46914236314508156,0.698430275780863,1.437682329951988,BC
7kg_16bpm,9BC,Force_AP,preRiCTO,51.262266403605274,75.53169639259785,18.851426811274926,29.711029128596433,59.430259070914175,BC
7kg_16bpm,9BC,Force_ML,preRiCTO,5.1621472595078375,4.710324889828959,1.862940421790626,3.0700935053813168,8.353591246023308,BC
7kg_16bpm,9BC,Force_Resultant,preRiCTO,182.28511400115806,284.3765311534785,58.76128575788159,87.38793101652129,201.63040968698812,BC
7kg_16bpm,9BC,Force_Vertical,preRiCTO,175.14851156999643,274.32387705885066,55.93035824869289,82.68005029568597,192.94603482686068,BC
7kg_16bpm,9BC,Moment_AxialRotation,preRiCTO,4.249388699990302,4.295685621471667,1.6025776196391317,4.109752013643313,5.8045305471934,BC
7kg_16bpm,9BC,Moment_FlexionExtension,preRiCTO,1.403582195494265,2.378306323286394,0.27314975163081784,0.37583111609962894,1.4165141583321401,BC
7kg_16bpm,9BC,Moment_LateralBending,preRiCTO,1.4396232602172383,1.9780596102011658,0.33904334819933973,1.245401548204802,1.6391443302921502,BC
7kg_16bpm,10CA,Force_AP,preRiCTO,73.39465682449855,106.42487572332737,13.105911023084325,5.3751864465428145,99.20676699233013,CA
7kg_16bpm,10CA,Force_ML,preRiCTO,10.747903597882027,18.15521819026622,6.4138542014060995,6.485141353815822,7.19801606182859,CA
7kg_16bpm,10CA,Force_Resultant,preRiCTO,301.5938651747102,365.149653406509,54.90719722499603,19.824996943628786,471.0174055973784,CA
7kg_16bpm,10CA,Force_Vertical,preRiCTO,292.770088701246,349.82320621254405,53.637919882790854,19.212886609540575,460.62607403070615,CA
7kg_16bpm,10CA,Moment_AxialRotation,preRiCTO,3.8727094682868626,6.1135769612397075,3.99072698739484,1.7041403982962522,2.0535171521725313,CA
7kg_16bpm,10CA,Moment_FlexionExtension,preRiCTO,1.1036957857619212,2.09281709994266,0.2616516250911326,0.3084890174480806,0.6027125103386962,CA
7kg_16bpm,10CA,Moment_LateralBending,preRiCTO,1.2968386289214076,1.7153807253169655,0.36382286557333854,1.1168613473443412,1.5417759351371534,CA
7kg_16bpm,1CA,Force_AP,preRiCTO,72.54953968517722,86.18766632368295,9.290614398724744,23.175186541630307,112.71373563572284,CA
7kg_16bpm,1CA,Force_ML,preRiCTO,21.444277573080704,41.82192759296391,7.016762973056848,5.7540667781044315,5.038750746857779,CA
7kg_16bpm,1CA,Force_Resultant,preRiCTO,343.1394373698355,339.343614426362,46.14588842730763,106.70093403048706,577.6443041981083,CA
7kg_16bpm,1CA,Force_Vertical,preRiCTO,335.51399858996126,328.29688443252,45.35943339836662,104.26018391866369,566.7678691935604,CA
7kg_16bpm,1CA,Moment_AxialRotation,preRiCTO,3.086541138066936,5.230672512616086,2.66799522926774,1.798809512732881,0.8627801078413151,CA
7kg_16bpm,1CA,Moment_FlexionExtension,preRiCTO,1.251204027292148,2.351781349553059,0.27650397920782255,0.32613739069185077,0.7664672757165921,CA
7kg_16bpm,1CA,Moment_LateralBending,preRiCTO,1.7669162636112203,2.923657344526398,1.3603446815984146,1.29146489347534,0.7250070037621804,CA
7kg_16bpm,2CA,Force_AP,preRiCTO,65.59754643046507,92.54222112047799,18.043790572415553,10.438916824284517,89.79496871130598,CA
7kg_16bpm,2CA,Force_ML,preRiCTO,13.777323833296766,24.793250682773547,8.068661322737567,6.521920580242842,6.541816018707455,CA
7kg_16bpm,2CA,Force_Resultant,preRiCTO,295.5178596263158,325.5129592612969,84.27391626271871,48.3068068602239,477.79755775898315,CA
7kg_16bpm,2CA,Force_Vertical,preRiCTO,288.33815622980995,312.6045116196255,82.59287136659499,47.3406410791066,469.3457246962163,CA
7kg_16bpm,2CA,Moment_AxialRotation,preRiCTO,4.266576611402049,6.902011643485401,4.611381344531474,1.7625429295772486,1.2143733557282392,CA
7kg_16bpm,2CA,Moment_FlexionExtension,preRiCTO,1.4294832561111301,2.807607509733985,0.33117843092993626,0.4118968122059545,0.2997247895587618,CA
7kg_16bpm,2CA,Moment_LateralBending,preRiCTO,1.233707035051011,1.8618865281415178,0.2725833223740495,1.2094493389605216,1.04941499291428,CA
7kg_16bpm,3CA,Force_AP,preRiCTO,52.491418172733994,61.15158669243009,18.866428171471394,8.06027768468564,81.87222187362701,CA
7kg_16bpm,3CA,Force_ML,preRiCTO,10.25496496877347,16.125116529610853,8.369793467695091,6.089551837661817,7.449079120586241,CA
7kg_16bpm,3CA,Force_Resultant,preRiCTO,262.14536403661623,240.86204728650665,80.88531419283433,36.41159532174184,451.22356205313974,CA
7kg_16bpm,3CA,Force_Vertical,preRiCTO,256.99124438110135,233.32429426243954,78.89784147165344,35.69180152990506,443.8476635358992,CA
7kg_16bpm,3CA,Moment_AxialRotation,preRiCTO,3.145481767303058,3.615763041440933,4.789608159009077,1.52818163441525,1.2490598846350673,CA
7kg_16bpm,3CA,Moment_FlexionExtension,preRiCTO,1.2700634755995301,2.3684714260229254,0.7747390553324083,0.26270879454075124,0.47825199245275535,CA
7kg_16bpm,3CA,Moment_LateralBending,preRiCTO,1.2533439656485421,1.6093374002604799,0.5895608487965586,1.229393423382874,1.3506986002235235,CA
7kg_16bpm,4CA,Force_AP,preRiCTO,72.59740655881058,107.10896093085861,27.590786304753088,6.35535856446628,93.12097957629064,CA
7kg_16bpm,4CA,Force_ML,preRiCTO,15.399451055675852,25.730693885819093,8.52509105895251,7.930124994455577,12.419952431642063,CA
7kg_16bpm,4CA,Force_Resultant,preRiCTO,316.27962555514256,344.072807232242,103.81397776193755,34.66779739245218,513.0669691212357,CA
7kg_16bpm,4CA,Force_Vertical,preRiCTO,308.30533787495966,328.4952721005759,100.54836533305999,34.140449112141056,504.61916797386317,CA
7kg_16bpm,4CA,Moment_AxialRotation,preRiCTO,4.699102670036594,7.411321980237795,5.30516860974641,1.5667634326373514,1.8816602539834502,CA
7kg_16bpm,4CA,Moment_FlexionExtension,preRiCTO,1.1853465786390613,2.283093595659797,0.5295279281848305,0.2391473014106093,0.34845853050709585,CA
7kg_16bpm,4CA,Moment_LateralBending,preRiCTO,1.7165120829835685,2.2412118922242463,0.5477344382849233,1.3747257901343863,2.12372059099577,CA
7kg_16bpm,5CA,Force_AP,preRiCTO,73.5087766177082,103.3473433441661,37.77851450442076,5.264732544763599,96.54958682985429,CA
7kg_16bpm,5CA,Force_ML,preRiCTO,25.32334829727158,47.06675507424482,15.392316626891812,6.161752742689219,9.833650697185533,CA
7kg_16bpm,5CA,Force_Resultant,preRiCTO,330.58025455629644,396.5150176187315,125.98105496312495,23.75775770559698,507.4869594195353,CA
7kg_16bpm,5CA,Force_Vertical,preRiCTO,322.6542467237434,383.5066716175457,121.34433590978925,23.257897589563584,498.30919637519617,CA
7kg_16bpm,5CA,Moment_AxialRotation,preRiCTO,4.395076164843491,5.356437960006183,6.619805829910721,1.6457148116662783,1.6460359353375789,CA
7kg_16bpm,5CA,Moment_FlexionExtension,preRiCTO,1.3947891756485107,2.5927778229568212,0.8647049809779135,0.23772725976830397,0.5657186192591894,CA
7kg_16bpm,5CA,Moment_LateralBending,preRiCTO,2.016549500523838,3.2914255583571315,1.153737381408228,1.2488464967515014,1.612551938299053,CA
7kg_16bpm,6CA,Force_AP,preRiCTO,58.00290485129629,73.81357954828654,7.378973059100484,1.6335247729878806,88.17791886992077,CA
7kg_16bpm,6CA,Force_ML,preRiCTO,16.3871246952979,29.793041656055316,6.458618934298393,7.056802928100183,10.084040137961095,CA
7kg_16bpm,6CA,Force_Resultant,preRiCTO,271.8721748727252,261.3826185293854,44.10826346140763,11.785253123926404,468.43560502038787,CA
7kg_16bpm,6CA,Force_Vertical,preRiCTO,265.78960620673934,251.4023225077422,43.87676739575876,11.704218796034501,460.07622324565153,CA
7kg_16bpm,6CA,Moment_AxialRotation,preRiCTO,4.468996243346669,7.258996121889032,4.533503926785249,1.9454685290639302,1.8749503685105573,CA
7kg_16bpm,6CA,Moment_FlexionExtension,preRiCTO,1.45622587042801,2.8841954295791767,0.3590234079324779,0.14518919715248796,0.3079677615257786,CA
7kg_16bpm,6CA,Moment_LateralBending,preRiCTO,1.6117060759155863,2.2697634682587333,0.46971913765892453,1.48045972646617,1.6785027920296423,CA
7kg_16bpm,7CA,Force_AP,preRiCTO,51.597353558610294,59.498491059338086,15.171691486108909,2.001301613693869,81.93209655504984,CA
7kg_16bpm,7CA,Force_ML,preRiCTO,15.254144239372467,28.044286759066615,7.640414189417476,6.82134709279674,6.841228071710532,CA
7kg_16bpm,7CA,Force_Resultant,preRiCTO,254.3593778893994,221.0405393793398,63.12938322291166,9.707899291347358,447.6909109553096,CA
7kg_16bpm,7CA,Force_Vertical,preRiCTO,249.49851738198737,214.5546296065784,61.66811721926454,9.541170919134538,440.2363235555101,CA
7kg_16bpm,7CA,Moment_AxialRotation,preRiCTO,3.044080214631857,3.365382016925423,4.639129716003399,1.8390083633589895,1.0773373446398797,CA
7kg_16bpm,7CA,Moment_FlexionExtension,preRiCTO,0.6283090146787097,1.1002585850461335,0.4097695844409576,0.15232413006882833,0.4310062616907771,CA
7kg_16bpm,7CA,Moment_LateralBending,preRiCTO,1.549317907336599,2.3260320388303923,0.7755530727262988,1.4702085759761236,1.2105857132701585,CA
7kg_16bpm,8CA,Force_AP,preRiCTO,68.51653138398972,93.25853396307788,26.34136369323341,4.6977191351842125,95.84016507493236,CA
7kg_16bpm,8CA,Force_ML,preRiCTO,9.22154223471776,15.528229942865584,7.3961622060518275,6.099234676215322,3.1803232512768598,CA
7kg_16bpm,8CA,Force_Resultant,preRiCTO,289.25152870971783,313.30696126763866,88.40739512208276,15.5352295421067,472.1004440775122,CA
7kg_16bpm,8CA,Force_Vertical,preRiCTO,281.2855094009222,299.60992157634666,84.8796323696689,15.117582080736227,462.48889209274324,CA
7kg_16bpm,8CA,Moment_AxialRotation,preRiCTO,4.750905509830128,8.180501988268361,4.5091651464773985,1.497005474208006,1.2759040127692005,CA
7kg_16bpm,8CA,Moment_FlexionExtension,preRiCTO,1.5554948504880113,3.0168158499724793,0.3515428291593702,0.30812201419890095,0.6616849701869345,CA
7kg_16bpm,8CA,Moment_LateralBending,preRiCTO,0.9718677085051098,1.2643083888093416,0.3490021417414174,1.068902645391344,0.9572885299591022,CA
7kg_16bpm,9CA,Force_AP,preRiCTO,67.05281400248882,76.02066188744848,17.67744046519049,7.22322731580913,107.5082944437561,CA
7kg_16bpm,9CA,Force_ML,preRiCTO,10.634935111016649,17.665631195296754,9.409025384874932,4.138336316852277,6.139511174628137,CA
7kg_16bpm,9CA,Force_Resultant,preRiCTO,296.50460234152433,269.4105094968851,71.3359264080661,27.131411444766194,515.8726414610832,CA
7kg_16bpm,9CA,Force_Vertical,preRiCTO,288.9779022815364,258.70771155079655,69.43518336113772,26.319910383017536,504.7177226712732,CA
7kg_16bpm,9CA,Moment_AxialRotation,preRiCTO,4.35097820486615,7.104587944073912,4.58527327772058,1.2111764419823656,1.8382779751237321,CA
7kg_16bpm,9CA,Moment_FlexionExtension,preRiCTO,1.165908381765723,2.188133706211588,0.3660259318273631,0.3583887695761368,0.6514750302829685,CA
7kg_16bpm,9CA,Moment_LateralBending,preRiCTO,0.9386561392363392,1.2294280260820052,0.2496233112998275,0.6955968468121035,1.2017152655596222,CA
