cond,seg,p000,p001,p002,p003,p004,p005,p006,p007,p008,p009,p010,p011,p012,p013,p014,p015,p016,p017,p018,p019,p020,p021,p022,p023,p024,p025,p026,p027,p028,p029,p030,p031,p032,p033,p034,p035,p036,p037,p038,p039,p040,p041,p042,p043,p044,p045,p046,p047,p048,p049,p050,p051,p052,p053,p054,p055,p056,p057,p058,p059,p060,p061,p062,p063,p064,p065,p066,p067,p068,p069,p070,p071,p072,p073,p074,p075,p076,p077,p078,p079,p080,p081,p082,p083,p084,p085,p086,p087,p088,p089,p090,p091,p092,p093,p094,p095,p096,p097,p098,p099,p100
15kg_10bpm,10AB,1163.67751313,1111.508006029479,1041.3732313370554,963.6928806422394,890.9885672844762,839.6031169453449,813.5928101188317,813.3682610725241,831.0223413631628,851.7124016799715,863.09911214,861.3664602167759,845.9438451647216,821.0737252250709,789.1004224664306,753.3497880020087,716.525181626761,680.811085280922,647.9505163105193,616.1119571152351,579.42915956,535.0326076523944,486.2434770985328,437.17879617164476,393.9665786165987,363.1842704676006,342.79390327147826,332.87603891326603,331.2915002915025,338.03931177780544,354.4175809100001,375.85773500435107,400.0587733229587,424.79523673027376,449.68254074610314,474.9284362555216,501.3144750434656,528.6056855984742,554.6119335159846,576.4911153209096,593.8174076200002,609.575824283002,628.0109058774643,652.0249829487782,683.2803060349564,719.7651549978143,761.8024596287843,805.4340023095571,844.6427866437215,878.1768377386035,906.7646988500001,930.9235491889647,953.6393649573803,977.1922930725415,1002.4483617208712,1030.5221366559997,1059.2439358720694,1086.1939024866176,1110.004001065628,1131.879826748214,1153.9462277200003,1176.393051222208,1197.9942356281344,1214.5162864384313,1223.8228085453843,1227.8489113243038,1233.6625968688047,1246.894627694905,1260.2677560892669,1272.9158792174735,1281.7858667100002,1286.6392307667406,1288.1127523211114,1286.5142155610658,1279.9159903933146,1264.7479523986538,1241.6642293170587,1216.3150351654804,1194.67529923256,1180.7932672941852,1176.10498359,1180.7116982215198,1193.0238889399425,1210.8210138356628,1229.0063318133011,1244.7036415255964,1255.2372453593189,1255.921171278376,1246.61286670512,1227.1673771535347,1201.14179941,1186.2267996588416,1199.5517157210222,1252.835064663173,1349.2391551990843,1478.8597033783328,1591.3073019096278,1643.3028644398912,1689.7776351031282,720.683182516134,770.39776143
15kg_10bpm,10BC,824.31521377,1538.8674876151883,1479.6278774232987,1402.1502145214276,1327.0779034888888,1223.5571227649002,1122.5306991181315,1074.167064863482,1072.5971908065503,1088.6521894207754,1110.7849717717481,1129.1432922284457,1137.8041492102086,1134.623990277576,1120.5432785784126,1101.5915089661137,1084.424740543048,1074.0687307407018,1070.1801697053015,1071.9146297948503,1075.1607965400003,1073.2352918304525,1061.96226502873,1042.120950117336,1017.5477353753474,995.0051084599899,979.144402548102,970.4163043328235,965.5282006531693,960.3700621241211,950.5548404268095,936.1375210676347,918.4534782518333,901.2251162292995,886.6913595492497,875.994526584685,869.5158904781916,867.7998638742138,870.8288661408893,878.3413597723772,890.6592089,905.0996769896786,919.8132008833275,933.537513254812,944.0984361142786,951.6069244254486,956.7149532803569,960.4672275304077,963.898740660168,967.8602096848635,972.8848923771106,978.7871607915334,984.0794833856723,987.4469298349048,988.1608101007348,986.9875170334478,984.519058611213,981.5507262144254,979.2584078824465,978.6574302589127,980.2228466000001,983.9450827674453,989.6909161218188,994.6498279853008,996.3102588869841,992.7081353183142,984.9071717725856,976.5139933611358,971.4200244773681,971.5528697451731,976.481494925048,984.6929147294616,993.9472919019585,1001.3447755688991,1006.1314115609011,1007.8042548939916,1006.1751244146445,1001.7067017940508,996.384982013245,994.4429595432771,1001.82592215,1022.9008493922879,1060.22562227666,1110.6820742386778,1169.1221560287986,1230.3957149115886,1299.055772442436,1354.594796950972,1380.890500827633,1377.794886039003,1352.3135754649256,1320.4567769593095,1302.5339497797954,1315.6735319755476,1363.6075573272885,1432.0927309054791,1590.164895116321,817.7498970370515,904.5771684091319,896.5296994376267,871.91995719
15kg_10bpm,10CA,766.1801883,797.7623953684707,1276.5294761295343,1142.3740272101224,1015.9685542206886,939.3643046905386,923.4659560352995,966.9596999694496,1056.5391599569268,1174.3010754075676,1294.4360759800002,1396.5978940040175,1463.3775749228234,1486.7167361687682,1472.5100390744847,1438.5256857626516,1404.7087361375482,1382.7643056226455,1374.632245943624,1379.2600236255453,1388.2494355400001,1407.7544453789278,1431.4116665841163,1445.4983910770375,1436.7177448980854,1395.6949919579977,1320.2851007627266,1223.867051873857,1129.713985335172,1051.334401676729,989.1212975300001,936.7425628275067,889.3015348886213,843.3132345562586,795.3780372381932,743.0222521425915,686.0121102714946,626.5937149495459,569.1996677660743,521.3697099616213,489.7343829,473.7082432281917,466.56339297377207,457.7683293927575,441.5757042425967,420.6898820420737,403.2393130830975,397.7786131561989,407.2379249206979,427.2192187430768,449.02684490000007,467.8494390157245,485.11871222044095,502.1964434037317,519.553634077626,536.3086780795637,553.0282699275198,570.000915756818,590.3224210241693,613.7009962902456,640.1490345400001,667.1222843814002,695.4898512614233,727.1129987442479,762.9072184097737,799.6894390355995,834.0049439466458,862.092038920996,880.925670003417,892.4043550841836,902.5651391900001,914.3359367801256,923.1416848089449,926.0216225981566,926.2856909193022,933.2457631234188,951.1694464195768,980.2231384919966,1012.8958202693044,1040.2079387798378,1052.92925217,1046.2839866706156,1030.277871722088,1013.5624706122037,1005.6783191822595,1004.2237788974666,1000.3309250242004,986.9739147666849,969.8848250334063,961.5525922346503,972.5288929199999,1004.7361744372178,1052.8617973525181,1105.8971691588945,1150.0839677237798,1171.73183601058,1165.6448244812211,1137.5194408339391,1097.9392004414137,1053.4287291071716,999.25087975
15kg_10bpm,11AB,1219.83129682,1171.0364082235787,1095.2299636616922,1006.5315821582248,921.696644430847,855.8955810805812,817.4589105551838,807.447463834947,821.7565750069432,847.5752737034046,875.7215915015981,897.6023670987081,909.0160245396617,910.6359387325833,900.9695222538232,878.6499785950637,843.3329740937913,798.1697023339445,745.1270430107197,691.2916522539083,636.5495111825799,584.5384529922218,539.7795749796388,503.89406828534004,474.00570587090317,446.65137081999995,421.3867175313123,398.8220985148366,379.9276275785719,362.1186881985392,347.108991477357,336.6735112958231,336.3247005772049,346.1798315150983,363.82734512790745,385.99756693415407,412.52253662112344,441.0891140544925,468.3924163268669,493.75867412586325,519.9997936259477,551.4460416979317,590.6742321921067,636.6536280126784,685.5089600718123,732.1523232886096,774.7380318547719,814.8058701635142,854.5266691506808,893.8369925352698,928.6895030400001,954.3876787506599,971.1830485362699,982.379521566446,992.8106351581903,1007.4221955593431,1027.0419148757276,1050.4151879334636,1073.6242134633922,1093.7214047596117,1110.9059645547193,1122.4467400149765,1127.0794469702262,1124.8899606737707,1119.460351409695,1115.6826862125295,1116.005885897891,1120.4004718438669,1131.0214492104737,1151.8936080805447,1188.4557626701862,1228.1368905181941,1258.1549406108481,1276.0776148020295,1286.2291056575214,1297.0196049900003,1309.238839386659,1319.281554948357,1315.579941295192,1289.5850347523701,1239.7188717905938,1171.9891068626985,1106.9169501374604,1065.2569813059965,1063.9733492322312,1112.5290792820729,1207.286771325882,1327.3968353663604,1437.35380869842,1504.0961052458829,1503.9878911919755,1442.3435689755427,1352.1031617707995,1275.0679321601253,1246.9563087800868,1280.7149186411339,1365.612618536945,1476.8945052213637,1579.1365553966884,1643.1862056970033,1639.650164
15kg_10bpm,11BC,1481.69513069,1437.0463687940369,1356.8511027957413,1258.6790476942062,1162.7165795386102,1081.8081144370497,1029.5726014518664,1017.8444400774156,1032.7146468188316,1057.9901556449277,1082.150080716504,1096.7154531436938,1098.2615179798474,1088.2878417866268,1071.41476075471,1052.0171979465488,1033.157348545153,1016.3351721114135,1002.2726457772667,990.2854502438128,980.0226089894657,971.9801752510398,967.2104655007698,967.7337586822944,974.2750806895517,984.995344881711,995.7786723624016,1002.2568612291475,1002.3129833910933,996.503961035735,987.2988136851385,978.0477984225812,969.9034966435862,963.5728564927592,957.6032531052841,951.404959611433,944.128087466739,936.0295178853097,928.2065968830542,922.0787382959504,917.1327395664027,912.8432114728121,908.0595432835397,902.9839325924977,898.4445148659776,895.1009904010024,893.2529519587512,892.2367103227638,890.2254701161711,887.602538582989,885.1108602251346,885.3207504198849,891.1923343646295,905.4221859718054,928.9063428688819,959.6414865196326,991.5476042729805,1018.1157982299899,1034.4317920454473,1039.278475293931,1035.6633748170223,1026.2556516493296,1016.2090110704432,1008.2135179490735,1003.6687924899949,1002.7001457697982,1004.4791981889543,1008.5166335294548,1014.3404280198504,1021.8892848863151,1030.048181003389,1037.0771213507094,1041.6864695988324,1041.9452233455415,1039.88154788884,1036.6076581479222,1032.9538200260652,1029.2464053082083,1024.5640688630908,1017.1625462747089,1006.8098990106723,995.9424351086531,989.8330933594682,990.4730026090472,1001.6390410721763,1026.0150320887255,1063.4133518900273,1108.9129122961294,1155.3448124393942,1198.002969131342,1235.142789357026,1256.5339007877942,1268.440995271305,1284.769524623532,1319.9989519709627,1380.3357941240017,1458.47711350411,1531.115536288181,1652.8310800006573,827.5531811056844,909.1331758
15kg_10bpm,11CA,700.38107354,1235.5821712027378,1150.2321268429657,1088.5855584274036,1043.1110241957867,1010.2381500687201,991.9517005854259,998.4370989303364,1007.5142548270676,1016.2164538123474,1038.0721714697206,1087.3106400737965,1166.1926136188465,1259.3090033335081,1344.1082005489104,1400.8978771628342,1419.7261390005858,1405.6232408976782,1373.5109910492743,1340.341210673442,1321.3576798316417,1320.4713918180169,1333.0605050002812,1351.7124081540512,1369.0899348798391,1380.9120135178684,1385.9754406918432,1385.3960526958765,1381.1070841022488,1374.9872966685202,1361.9512614390237,1333.916788671828,1286.268983720349,1229.735772099734,1172.9471087895326,1127.372590405525,1090.5029642628058,1049.4172889392778,1000.9890338533522,948.913626936193,897.6154576558376,850.2519809945679,807.7709501235149,770.021297234799,733.3422457083577,692.9817285058812,649.5122161223117,605.7446568864505,566.6023745837037,535.4462268525823,513.00889448,496.84973053085236,484.0165472412354,472.9416816480942,463.7623853177187,457.947354183257,457.96005241196434,466.44506207132235,486.2729392792688,515.0225046353193,547.7490470772119,579.9188045291071,609.3002120514167,633.5934213703609,652.2304384806907,669.206328138567,692.3961367968359,723.7698333593078,764.6465052339983,810.6202304020545,854.5675267888033,892.4745840641783,918.8345553008317,932.3885031629485,935.9797132796222,936.4458563876688,942.2458221561506,960.8757250992769,994.8227501551046,1038.4293946008743,1079.6395140921147,1107.6073839649496,1115.5706030810256,1107.1240180618843,1091.9390520919374,1077.5835602375494,1068.9384116323772,1067.669904859329,1072.1536051489404,1082.5130213138048,1096.8343141625774,1111.3143152548078,1121.7664283724796,1128.805493642945,1135.289919696916,1146.1357648335945,1162.1109858698173,1177.2199937198995,1182.7372870457077,1170.6709242295894,1137.44844416
15kg_10bpm,12AB,475.6336556,991.6233869887091,914.3813831871433,830.6254193593891,761.107957313786,715.9895373817491,698.0823077943805,704.0947544903794,718.6688222925279,735.0946328927176,751.5208196980471,764.5697918085443,770.0970144845618,764.0974674849941,743.5805716690578,708.1651524377212,662.3274533718915,611.359233968032,560.6526147876486,517.3936165431263,484.05579097,460.0306625018261,443.9079564592051,432.17214449090505,421.1275010547869,407.9191307281959,391.45028328928476,372.13211566082765,355.46650536223416,347.530420167083,346.8659512590722,351.1173193368923,359.8530137088522,373.3491286179491,390.2558077498499,411.02409724818386,438.6780780712399,475.3864756983786,518.4959297367668,560.9967489017903,597.2898097,627.6686002357278,657.3059915134857,690.8964097024318,728.753378233265,766.7269170695188,797.2568957743023,814.9174227090853,823.4554037369927,832.3215192803743,851.715730971596,889.0027085061388,938.1169429862571,987.1826518431078,1026.559777539034,1055.5684893324528,1079.5108345979233,1103.5621272906967,1128.0156539984084,1148.985015425415,1161.9504351400003,1166.867457979463,1166.9651136136122,1170.6532680789844,1186.4509476512355,1212.532990914063,1228.064687004568,1229.165190760918,1220.9524793951161,1210.449590101849,1200.3280052569119,1190.8638971218643,1181.340330463667,1168.3844627296946,1150.8346044061443,1131.8170182778565,1117.3705803189534,1109.5321450985123,1107.6877785991628,1110.535632126042,1118.5135538700001,1136.0148494320406,1167.9121343520108,1211.6277188677084,1256.6769893398966,1286.3437677662807,1287.45532816368,1248.6800102897878,1178.2544343362822,1100.7472543996769,1044.2685815634316,1034.6016338316326,1087.2578191282016,1196.4073202057302,1333.2053035909014,1475.6637596814746,1560.4667658084445,1537.1892215491669,1434.7859537873724,1326.114229592105,1211.02066976
15kg_10bpm,12BC,698.07359502,681.5145978788048,677.2122689544135,683.3855019952748,694.8973128619145,723.3992031757712,916.4164504354545,1367.5481729780338,1262.371379090382,1137.7899351627939,1026.7958832132947,967.5699096558736,954.3270117639303,968.5317056783105,1001.5240018448802,1044.6559455354418,1085.5565274098499,1115.3858516832195,1132.8441634755695,1136.7487045389823,1135.3833670203733,1131.780818696399,1127.0744891023958,1121.0306038738768,1112.0002727540405,1097.57339901,1076.37583216052,1050.8704614071664,1023.2838441505573,997.6437216619859,976.9033029301505,962.8865619300452,956.4708127341304,956.8486332044133,959.8959144393676,959.360580314644,952.7964520177472,938.9636538183444,922.4231957062998,907.9495806270563,897.3588034195527,892.3519448908487,892.1991605364767,894.6893635442825,898.123535431082,900.5820748051697,903.4982640680204,907.2374204025031,912.7154123128568,920.2122150824988,930.6821784500003,940.9813831509044,950.0297676575027,958.4956456017893,968.476130325329,980.4871108014167,992.6931442215141,1001.4699243225558,1004.88776280273,1003.5361393361547,1000.3409248149983,998.804879293403,1001.0330648763169,1006.9017363264802,1015.1383439055529,1024.6209537404832,1034.1170893814415,1042.017181513615,1046.542444833448,1046.9132039760239,1042.920385908062,1036.9027301744068,1033.6973615567053,1035.9609467149141,1044.0093267379211,1055.01139174,1062.4496414411408,1060.0280108398124,1048.1937365091815,1026.6751688738982,999.1654956368155,972.9423011166557,956.2899847261541,957.6234758458465,982.046604980805,1031.1241676835318,1103.723530143781,1189.4045526754326,1273.0545157967942,1354.4010072502963,1399.1039650333962,1400.415340381998,1375.8794017165592,1343.184282962988,960.0544669545382,838.6949945495857,848.0392137313077,866.482101081305,871.0079194580337,856.5660288326914,825.30875109
15kg_10bpm,13AB,1076.50328474,1034.9785013571015,992.6043965555924,951.5385478595315,912.9741258509998,876.9406299566724,845.8268221169996,821.8185210533996,806.1700471687225,800.8232287476874,805.3831932134166,818.1327701778599,835.2360320977573,852.0595664332504,864.3426385824108,866.1454274308807,853.8115708119102,826.3584863881725,785.1102112978601,736.0672745118627,679.3471948778042,621.25128466477,567.132425075646,519.2755406148099,478.7556691459237,448.4497936496791,429.8593349993738,422.5320959596213,421.6385914349785,423.74668074415695,429.44966978418574,428.964474044502,423.2931588188877,417.50522482230053,417.3477389652666,426.9642903805412,446.2616164667337,470.0565391719584,490.85116048160546,503.7932903131302,508.8909539304381,511.689455387572,520.3922106014192,540.4028667523942,571.9264971773538,611.1685296830965,652.280449716394,692.889089522062,736.3840083807494,785.9909244547455,840.94996779037,899.6819684934255,956.472979968782,1005.9791041807457,1046.4946046605296,1080.9789256208,1108.5204885384167,1125.8698800969105,1136.1811119436388,1144.651369137003,1154.0765526845305,1163.1235685461918,1169.249416485256,1171.7767418835015,1173.0484389817725,1174.088473113139,1171.2956306965184,1165.0929444137453,1158.1519431401753,1153.0647512435785,1149.4853792890983,1145.6338172501407,1142.3340374945935,1153.4045669981358,1180.0531711789129,1194.9483788696375,1195.5905500459721,1188.3568437297424,1182.3857189487346,1181.891142356737,1182.4055959838365,1174.6863516670142,1151.5684940464917,1117.8887735526143,1089.7947285211483,1086.532758800957,1126.651279176551,1210.5420905957794,1319.9712496243235,1428.5645641530166,1498.373329650129,1499.0527712039961,1432.7923784157347,1345.1330593883686,1299.1053157435763,1325.011619274912,1422.3588894367372,1554.218561150771,1674.5891395817998,1717.7799559906277,800.25159899
15kg_10bpm,13BC,1424.54894823,1424.671322658988,1391.5034488546166,1337.0326857869975,1274.4050260994786,1212.4021571852202,1160.007105389815,1122.983654180681,1095.5374840791587,1081.5944312301326,1075.127110992286,1073.785615036072,1073.5775563053926,1073.872614708315,1074.582023853162,1074.9434067435848,1076.754635040108,1082.2984771057227,1091.9894267644609,1105.331503813334,1120.7500193777064,1135.3152720614335,1143.7101077610523,1141.176087651582,1124.6263439075565,1094.228786518333,1054.6673408624604,1013.3194185288693,977.8122229781718,952.4343399339887,936.7874149202116,929.3241390215971,926.2592933084851,924.9829890479281,923.2850600064319,919.1581880981323,911.3124762783832,899.0150372039924,881.4548340992537,861.1535491176965,839.8913510274784,820.7373796743203,805.3274901546569,796.2547466281704,794.6442363875697,799.5934373387655,810.9692174169172,825.5034472805739,840.5375379210717,853.8893471915326,864.7601217044897,872.4403129957368,877.7917039052123,883.5612840612099,891.4043342326516,903.2673868665432,919.3282509062168,939.3481380939868,959.4988587596965,977.9967921061959,993.6661094784558,1006.24436631201,1016.7515348756132,1024.5489157345282,1030.8988946254851,1038.4841919383914,1047.6893640831297,1057.1213066010616,1065.3274261541635,1072.5003246390795,1081.771712089602,1093.1063581964927,1106.2617779723155,1118.1440225904291,1125.8667266482253,1126.6472552605442,1119.3379003309815,1104.6287823445148,1085.3949062937033,1067.7643397698864,1058.4136953424259,1062.7728007306407,1082.6127851251842,1116.7197812617367,1162.305393248154,1215.5358612229231,1268.1034532874296,1313.5037116350306,1339.8101820462866,1333.1008209911338,1301.31395392801,1264.6843787183916,1245.2898570355742,1259.2480049281708,1311.8929015199453,1391.3930325452784,1474.2553562676442,1539.9001708079077,1549.4830946610734,1332.9725554722058,839.12572378
15kg_10bpm,13CA,803.24083256,1415.1442194943043,1265.0203575347748,1100.7183662341956,979.6707212381085,933.200890793372,963.37353889974,1056.5345478791353,1181.355916055058,1306.392731401651,1410.4416666156721,1483.682502472581,1522.6790032723657,1529.2599807561198,1508.2870085470895,1471.4673414839835,1431.2648421214676,1402.1116171258784,1391.4050375842817,1398.87027722303,1413.6783898601107,1419.7530442049574,1406.5691731758332,1373.9743672817124,1332.3947210131573,1291.2884790563464,1250.123249651949,1204.7948837714348,1153.919774516188,1097.7926281981054,1037.1031552063664,971.9012357462549,904.8083868335351,842.1809590232825,787.7361486550822,741.8985873576082,701.4168975737861,660.0961720758866,615.9724119264156,570.2339920778181,529.5722410398811,501.9014000531578,490.1015475320291,489.1789295355473,489.24545284109234,481.29691984089067,462.8088211867767,438.09838830346933,414.8345557173384,400.8528711087615,399.2383451300001,408.50217472434747,425.4548822943165,445.25061566771546,463.49483533333716,475.73958611325156,480.34702871016754,482.85162621537194,489.64058602413775,502.68506700861434,522.3453446468743,543.8217508106087,562.2437325050056,579.3842340865976,599.4934130976513,621.5223094020612,643.5693085261386,666.0709449237469,690.2897608362154,713.5620975604306,730.69351730848,740.5493580456405,747.7818327431518,759.454260053666,779.8960387519481,805.163999985981,827.1105110101405,843.8876537643614,859.6493947524665,881.5412365897284,911.9660118896878,948.9684618397465,986.3091810972444,1014.9374849834046,1021.4591038066831,1001.9262583127057,963.7446782996922,926.9863635001699,907.3087511451636,912.4680730315317,939.7622606133269,975.7885269292749,1005.9806416970944,1018.598223274054,1015.1877037729948,1001.4764200480009,985.6294051091138,974.9312858874497,972.1312960605599,974.3337917719776,976.19213901
15kg_10bpm,1AB,1058.05680722,1000.7232666599999,950.3677485899999,916.53844934,905.0225716100001,907.7369166999999,918.3776132799999,929.7795418800001,936.9182803300001,940.7160338900001,937.6744375500001,929.1187455800002,917.5845180200001,903.03433286,885.1680255300003,864.4375271000001,840.852862,813.7707664,780.12335706,737.9743844700001,687.41092353,632.31519844,577.4018815800001,527.4169630500002,477.47882700000014,426.41737842,379.70307533000005,344.13443128000006,323.57605363000005,320.05539307000004,329.02283388000006,342.61992138000005,357.52146909,375.24104151,399.71769553000007,430.73776529000014,465.8387960900001,500.28872941,529.26177002,550.34444303,565.5377879,581.0551293400001,602.7529380500001,634.7667597500001,678.0433844200002,727.7295157100001,776.7187113100001,820.27799622,861.3726922800001,900.99159988,941.9747681100002,981.2927244500003,1017.3534659900001,1053.6327327900003,1089.7669394600002,1126.5312148000003,1162.46871209,1195.8789783000002,1222.7342464400003,1239.1153536200002,1242.9772953000002,1234.6993894800003,1221.7069091100002,1215.1167125,1219.2229567700003,1225.4878244000001,1223.97423078,1215.9129635100003,1208.8254730500003,1211.2413737900001,1229.0380486200002,1251.42880391,1266.3321520700001,1264.1880217300002,1245.3744633500003,1217.38695801,1187.1247124600002,1162.90049627,1152.64237851,1156.68357964,1173.28020306,1200.2184008200002,1234.7196232900003,1273.5803988600003,1315.75684481,1358.3382348900002,1394.9991829500002,1420.4701559500004,1429.8385905000002,1424.40872294,1411.2844555200002,1399.25395724,1398.39007952,1420.3518913500002,1458.9005449900003,1515.5940638200002,1584.56783198,1633.4121584900001,1637.69179038,1585.12131431,1491.47902317
15kg_10bpm,1BC,725.44784749,1462.5104677029108,1392.9625333331924,1319.2415070037152,1246.0154013650254,1183.9025679420724,1141.5825704076035,1136.179558983679,1148.6860677620687,1166.1368982305894,1181.2375656571835,1190.7720555725043,1192.9010718344566,1188.404566416885,1179.5131686056013,1167.9341062250003,1156.917002871552,1147.8745138148372,1138.9160584552008,1127.2979076828901,1110.6880579560625,1091.140148882889,1071.9958415834694,1056.6068524069453,1045.2902526279124,1035.2443153237125,1024.9820976345509,1012.1341097064259,997.5040164375437,981.450576924476,967.0365063179124,955.5274344773972,948.8392930733287,946.2073183886946,946.6243151414802,948.3306155429218,950.4913982638278,952.8648321356142,956.10480833698,960.5872931394808,965.2073898197275,971.3882907876834,976.994462923865,982.7946601315087,990.7483010880975,1002.2389819656535,1017.4173294188048,1034.4609327591177,1051.361826931114,1066.604852207989,1080.604583350184,1095.2566439774535,1111.4721608473992,1127.9748340719686,1142.3879866081284,1151.5947763055742,1155.2632412305975,1153.1565647640384,1146.711386679323,1138.2807721645815,1130.6826803589233,1126.4225746275072,1126.4065127491685,1131.2728029064388,1138.6043719497704,1144.6888528670413,1145.743014354123,1140.3830434181855,1129.8504494220283,1116.6320576464905,1103.1443856410642,1091.957955879668,1085.5791724949715,1085.4809337216616,1089.724260919114,1096.2353884616552,1099.6777942150884,1094.8960739902764,1080.817808436559,1061.4848027247315,1045.8013416969484,1045.1815998742998,1066.0798878826195,1111.6189409122344,1178.967486657109,1272.195051770229,1374.749557946804,1457.1566457054366,1504.0325630893299,1512.9795955543743,1487.9639489766078,1443.608217734968,1402.7618193665219,1387.9448718383803,1412.600443498867,1472.885210436092,1548.1929712933947,1607.5883347611289,1606.973853981655,1489.5618910970238,851.25466795
15kg_10bpm,1CA,695.06805222,695.8081155625358,651.1208197581681,1273.5589998878893,1192.582697574579,1140.425373534649,1108.5042480819304,1098.2281175197138,1108.8656227389595,1138.2911924031232,1184.4575345832793,1243.938924441473,1310.9464760283927,1381.6574409341094,1449.9804892526486,1507.0022461425915,1547.386533415409,1565.3308622155587,1561.3158368578704,1540.7463077348727,1512.5606050964964,1486.5706254770173,1463.4903041131956,1448.8669867452345,1435.8976303548905,1414.4487023320119,1378.2994946455947,1327.112897658667,1264.662019067866,1201.8970639726838,1144.3943333024085,1096.566162805735,1057.0967024675729,1020.2284459104474,976.530543729822,920.789064177598,854.9664873388448,786.9878996778009,724.4941774085271,671.6797636437489,630.0569048555228,595.7650326545246,564.0900922965299,533.1074756941999,503.96399116060877,479.2346989757431,460.19296263347974,445.77985627059945,434.8966055957445,425.5070831169897,415.49682750819886,405.83334241654643,400.8349388215289,406.11135613564824,425.36481163297003,457.90662831408804,497.29821868935693,534.9755530552925,563.0705039177024,583.9323039885585,601.4550220359163,618.2264177986337,636.0494813065943,659.0571367964646,689.6915080653906,722.4146690253633,749.6978184417136,769.9290872228985,784.8562594189916,798.1839437257383,815.1215559929686,840.0405496222322,873.2908871268165,911.4214756220816,947.598533972414,980.5812096108771,1010.3475718557347,1038.8973893135765,1060.6688805111728,1069.5308722061986,1064.6535941106667,1051.1031892865171,1028.5815149237515,1000.5792783537178,974.1205323996559,956.8846244229011,954.5995959901129,967.098372574058,992.0518160980046,1026.0400945520555,1062.4470060324172,1092.169934633997,1107.1843296661834,1103.3283776130208,1082.588232503638,1052.361632916754,1023.8274388294495,1005.5056900598198,996.9408472437293,988.1204691188645,964.63717756
15kg_10bpm,2AB,1070.19942485,1005.474443734963,932.584289691217,864.4023193708697,815.1653152066402,789.9636714163325,786.9925058339423,801.1185163308522,825.136441939647,850.2314127790734,868.66455164,874.0524516861944,864.4485299653708,841.7451806603477,808.6908504511227,769.8357651955512,730.9019578975201,693.1425950368929,653.9859283253038,612.4003731887668,568.9245384,525.2935337031479,482.6533269295716,440.79042205002605,401.1611293959607,366.42030162791434,340.04471816321137,319.1128992115874,302.8852665994055,294.8289040635083,297.24838346000007,303.59000936092934,317.8336145266419,341.26602329375106,375.04215507774427,417.19229265339794,463.46644145110383,509.0604308884271,551.5104237990455,591.9235121581628,634.3522583800001,680.915123209252,732.9992167989362,789.5359611200292,848.8038919683012,903.2264134589643,945.5346467068098,976.4049743189703,1001.3475831788892,1028.6984545950265,1059.62206579,1092.4494160690674,1127.0411867829862,1162.932602411401,1198.856089899371,1229.2778116349016,1250.5314489785778,1259.0760693319048,1255.8575237593004,1243.4295226956617,1225.9415798200002,1211.4001770183927,1204.9803981697362,1208.481614693906,1219.970150949756,1233.864554000037,1243.7835710142062,1246.2142505898407,1241.9842011909777,1235.990467690987,1230.6099231700002,1230.3492120497497,1235.4817369023344,1239.8179155932403,1240.1024822839072,1235.056798436805,1225.5633405869382,1214.1972215338935,1206.1572781052216,1209.5208714652367,1231.2762578700003,1271.8924545068492,1322.896708550694,1370.3865024295785,1406.5260187385663,1425.4772581780273,1426.608141644352,1420.0527796088002,1410.7210249996397,1405.6653655180626,1410.6025686800003,1430.8593495818795,1470.0505405973292,1526.8388897060868,1599.7910768071029,1671.5410217676954,1738.6361102511419,1776.650108979344,1768.3287730468073,1685.2629545506195,1534.39616809
15kg_10bpm,2BC,1509.51014345,1397.7842503123422,1267.5991769132731,1146.6383373758872,1059.6635855622264,1024.7723291692262,1035.4817837382996,1077.2852189738658,1133.2816127764504,1184.0365161627715,1216.689701599746,1227.6964711205483,1220.2339680214075,1205.0821088950536,1188.8134595049298,1174.0962553961983,1163.4491320613936,1154.6826837961958,1143.8257818774491,1128.0669807086442,1107.6997611617642,1084.200293742436,1061.6981202573154,1043.0480971339248,1028.4808891383732,1015.6381763200002,1002.6726063294799,987.5512846982551,970.0963658710446,951.0357097795304,933.0870336708924,918.0619072946724,906.192764075107,895.7143354472719,885.6507628822906,875.168498292878,864.689605400022,856.1936529228092,852.5793739758399,854.9451244113108,862.3374614742759,872.3426751641903,881.6028739265907,890.6414848862244,899.7630938621949,909.8747680869103,920.8972537912326,932.3000970249284,944.9285525482254,959.0502228023698,975.3627885400001,994.4486628251232,1015.0153158442026,1036.2277586312823,1057.8697886337293,1077.1877301994643,1092.1698017481162,1100.782026441424,1104.7546608452558,1106.958360709585,1110.9450268295138,1119.1315793713127,1130.5082637270273,1142.9879449360644,1152.8545955942286,1155.186992803981,1149.316383789855,1138.2242342469372,1125.728609236629,1113.3371525443486,1100.5955828813148,1089.247065795612,1081.0335344452096,1077.2078953983296,1077.7302527642396,1082.20781402,1090.2430478779927,1102.0904138640115,1117.295029550263,1135.430373462235,1160.054993656047,1196.5586787994648,1237.7197827623975,1277.4168760044138,1312.7685809290344,1341.120530836061,1359.8793804397155,1365.0711150227876,1355.3693389281677,1334.3279530790262,1310.7883977129222,1298.4750532159749,1310.9397303272692,1355.8172633692861,1431.5484110487334,1525.1788112731133,1621.5927746089615,1699.2232476719537,1695.206948787267,1492.1413853714487,907.12724023
15kg_10bpm,2CA,1320.27734655,1282.3031532999998,1222.44581872,1161.5176098,1121.0176542800002,1111.7683967500002,1134.14404629,1179.0256032799998,1239.60717563,1306.4440643700002,1368.2153002700002,1414.11904658,1434.9330967100002,1437.3232717700002,1432.0198713100003,1425.9854898100002,1418.82730738,1406.0561243900002,1386.9554128400002,1368.17484311,1361.00577333,1358.0731910900001,1358.4371050500001,1346.7536465000003,1303.6356783900003,1225.6793037000002,1128.35441875,1035.90003644,967.2053280200001,921.20145849,892.53360543,868.42154263,834.9018884700002,785.04250184,724.4981026900001,663.7097730100002,612.4027082800001,576.99759323,557.2243723000001,548.0547905500001,543.4010069400001,538.9202811900001,533.27194802,527.2747844,520.12851132,508.87334482999995,490.62389095000003,465.43551393000007,437.89283922000004,413.71678881,397.41965861,392.4148629900001,398.96812264000005,411.98406692000003,427.3501258,444.84080259,466.13905073000006,491.36509854,516.4193952,539.6452510900001,563.9430188200001,588.2903644900001,612.72465917,640.4835984700001,673.34489877,711.6823625000001,755.1072008300001,798.3357280200001,832.25070195,850.26213034,856.61557263,859.52050008,864.32138162,872.38467987,884.94001142,903.11447426,926.3666920900001,951.14588041,971.76249031,982.4158626200002,982.5371011600001,975.3921139600001,966.7108619,955.0354408900002,941.84399054,928.03261819,912.7057713400001,897.2439596200002,886.1314713900001,889.09822527,911.72029777,950.75043229,995.4612058300002,1028.9484212200002,1038.1828585400003,1022.88731385,993.8776227700001,966.8846554600001,955.1869509800001,963.36014634,984.41398374
15kg_10bpm,3BC,1353.2883494,1328.2902625015658,1289.990369926631,1245.0490726626106,1199.9306492259307,1160.009765392766,1130.315766116156,1116.6213467983455,1125.416827440237,1146.627166084999,1175.4951427062526,1207.1098674003936,1236.3762394792002,1257.920869985948,1268.6879913258547,1268.7634843612714,1259.426061515768,1242.0155445327719,1216.9662510369494,1184.790220948579,1149.6973940818843,1109.9524722817484,1064.8135985761942,1019.9915909278042,982.7570793859983,956.9526695376793,942.9707246716046,937.8114034955345,937.8928491343856,935.9479220728359,929.9339364043349,918.2792262751543,902.70674277471,885.5218832351015,873.2438807556092,862.8671920652555,854.8299558951061,845.2771763788517,831.1952036399113,815.4047109751498,801.1596344321512,792.271138354975,790.5871763256977,795.6503302270206,804.759620749196,816.160435193138,830.3253990229903,846.6523585763935,866.197364200333,887.7371891656007,906.8399404707295,920.8320719684037,928.6429919352203,932.8049072116312,936.4798691153019,943.3336908766612,954.8651604143512,969.663297185049,985.3331795885649,1000.9209512662075,1016.2987543936308,1031.0588814285634,1046.8178672636664,1064.5344253469425,1081.8076171372347,1095.5508629125136,1103.0738673757764,1103.8222392254265,1098.6430170454114,1089.2820112559473,1077.9784719817053,1068.8395017375374,1064.1615603665557,1064.4269144770024,1068.665446188853,1075.2923396632216,1083.457077523192,1093.4019793289647,1105.5796368293666,1118.9421309919398,1130.8649766066044,1139.2585691970833,1144.5234378182868,1150.7652528026902,1156.1055919040245,1158.2736647218417,1153.5733910324702,1140.8609757477316,1124.4637073670362,1114.9013031253162,1125.86915093261,1168.7683522329987,1247.2183819493923,1352.198058211971,1469.6383257544103,1580.2541007419363,1676.0876199122538,1728.5353015990195,1705.0637096793441,1602.27361565045,1443.41642205
15kg_10bpm,3CA,682.67599799,1285.6905504427175,1243.7196487238693,1175.583428013107,1121.3288256777173,1110.2755587493425,1153.9341395301858,1248.4409813448922,1371.9248111686547,1495.8001446698374,1561.0183253231623,1557.678211976457,1515.3627065464098,1466.0811351308103,1423.7302219810883,1401.8636870215073,1386.3035332313368,1371.628573216939,1341.890776739155,1283.6164257376524,1204.309391651251,1125.9945434158344,1061.2735438050386,1015.6764132829373,983.7353773415316,950.4405559336736,903.7230424719851,845.516130911446,781.6591885688545,716.6641214403592,653.4264047643715,596.1609974707343,547.2605636350299,505.66927476036545,470.86861203961894,444.87665473416877,428.5084873083343,415.7037771588321,402.61300773935193,391.08228241912286,386.33600965997863,393.2641682340094,408.9936346100684,428.5419801348062,450.3874780207611,468.56731446789695,482.9463884342876,497.06040004917827,514.8154650849856,545.3846551455149,585.88243865,621.1060946683145,649.4097801169047,679.9169043498744,717.9203583420334,762.6272596916567,803.1850137074423,834.2865279783692,857.0563739189647,872.5429311080549,883.7491099956238,899.0440388742505,922.3843829391575,943.7340192329269,951.5943315111031,948.5727572643535,949.8517781813639,964.0084971671797,986.0658732494944,1006.3827192905302,1019.2529012396423,1015.5149000520822,994.5314063028264,973.457066267624,965.1011786685444,968.8316120954553,976.7121026341657,983.7538968546891,985.8972340043437,981.4425604550731,974.800694175015,974.5737724795981,983.4289006150666,994.6790393550559,999.8872608032991,994.5972828816332,980.9212267879491,965.8182998186065,958.1064393629106,962.8212833616732,976.4852644577387,992.2884642416046,1006.5816227687986,1017.8277076310743,1027.950284479275,1039.2592143918773,1046.590034159982,1031.6071026826974,974.0974104095328,873.1990936960366,753.22708486
15kg_10bpm,4AB,1250.37651475,1175.184755508971,1099.5782768216186,1036.485339883501,992.4359689068028,969.8013845468745,970.9613471148978,988.6493160605888,1010.1264258593491,1022.3315296900549,1018.3628426962663,999.6015796408574,971.9105579084445,938.7612666663736,902.1913397813187,864.6057205361382,827.03542348842,787.6967830912768,745.0793496848371,702.0770270202064,659.56855435,613.6398717087283,563.1031519974761,509.6045601611934,456.3767570722066,407.87926994124996,368.2616288492,349.45435778214517,347.3689980715723,355.09841081839204,371.28893911801026,392.63466231730257,416.01352461034287,442.2037946641899,472.4673341954954,507.7979171159761,548.1563481485845,592.3383127507163,638.9618695876526,686.6238710024255,732.9982021600001,775.6712811021852,815.3162570043534,852.0506725571238,888.3772176882655,926.5172352503456,964.2156230543403,994.8824559550714,1020.3004118141461,1041.3190215055326,1062.6843006125712,1084.6026357601045,1108.0990983852053,1132.6985766450005,1158.642582091873,1184.8819938486563,1208.8984351720624,1228.8221040520639,1243.8635641121998,1254.4804140501983,1260.8212513900003,1266.0516676897864,1278.9356287356447,1292.3754731787626,1303.5026883908315,1309.4551685520512,1304.5975555238604,1287.6857444592379,1269.3891880160293,1251.0472203679176,1234.4933103798526,1221.8141080641194,1211.0117151056184,1196.0255327703167,1183.3731844576957,1175.0682332086985,1172.936185313753,1187.4024002136036,1219.5738597894676,1270.9699057423793,1327.7843074,1375.126484821719,1397.68249926696,1388.3851321532889,1353.7826133727008,1313.486648512235,1281.1094649750548,1260.419937905644,1251.970789262744,1252.3983657169977,1261.0121476912764,1273.0666305887157,1290.3012291053044,1311.4837329105815,1330.1164428404713,1338.1918382279343,1332.0533586553593,1314.6402788792798,1291.0874788960432,1269.4303429810561,1257.3819818
15kg_10bpm,4BC,1421.95577337,1342.0708665006537,1259.3923061943315,1186.1550172633304,1135.8060379793485,1096.21302010424,1113.845709743471,1180.2819684649737,1256.5130273701013,1322.1500008513337,1365.617995777354,1374.3211521708308,1352.562337575663,1309.4036046844624,1257.8463195241216,1206.1658052880703,1162.9949121985758,1131.4203453109608,1108.1555036653974,1091.7405179612365,1078.9359565615339,1066.3857641800184,1051.9853120864768,1034.272103959897,1011.8995122740398,985.8399395571415,959.682053886116,935.9544294404701,916.4799086221203,901.0928925632293,888.1657471294129,876.2304280073726,865.5046302128815,856.1716447557905,850.7778154231208,849.1577061584723,851.0081821403467,853.6170350231868,855.0051394459291,854.9658554447817,855.2092287468924,858.3823787628653,866.1014258640267,878.143695348099,892.4925823027826,906.421465991931,918.3122227757392,928.1859847608326,936.0493690939162,944.7984694572308,954.64088081792,968.8644017707819,986.4611971299305,1005.6986142835789,1025.8403244250958,1046.3672073237792,1066.217155861772,1082.1544462717052,1092.725928180347,1096.3360151133595,1094.2194413217621,1088.7883034133022,1083.1987677238635,1080.0572885896145,1080.4499963323178,1085.8990459504078,1095.9607653804978,1108.9758571200105,1122.9060663029368,1134.709258734551,1141.9671740211809,1143.2160010806465,1137.8595776785808,1126.8710918138447,1112.7027001206504,1097.33589285099,1083.3107306212642,1075.8460105438583,1078.4403475061727,1091.1387916422084,1110.6739339686228,1133.295823697304,1155.9255759179277,1176.6107045499264,1195.2708633004854,1209.8022896843818,1217.957738524175,1221.327268974893,1221.3989747953158,1225.5825136361836,1246.101212079695,1292.3582993791476,1369.29486125688,1473.5072067805752,1589.4543755373945,1692.5418195990412,1732.9461365445989,1689.4646083615908,1615.4592974419375,762.8256083959127,801.10613384
15kg_10bpm,4CA,1216.69377002,1115.946831880817,1025.4740796242097,967.2884161340731,948.4566368928854,967.3988767050432,1015.8066781885179,1090.556925846101,1171.1144746863579,1244.919631137084,1302.6934497740272,1344.8529586170782,1378.053220201791,1394.0482041431133,1381.614791935469,1352.6026801143635,1335.3378511156357,1314.8386548213878,1289.407686423146,1273.396234461314,1265.1636752170712,1262.9077903697025,1260.4636847925622,1249.0223433087635,1224.367337703151,1183.2720296113353,1134.618966914286,1083.7540162966347,1041.0364243103081,1002.1835612495516,963.9300568250369,921.9017477760851,877.142515322043,832.2190654235596,792.2106342762293,759.8463033332287,732.2250773856363,706.2033120832092,678.6269868094627,648.2455615651138,614.0138492703603,579.3939954511341,550.317922523873,530.5911315586748,519.2132599778715,510.367533938129,497.0002185797788,476.60960074720674,452.0756476272306,431.99150378881285,423.7932760974761,429.58424766795883,446.28286613586755,467.42757510473535,486.3294464043815,499.9826206639909,509.5609155058076,518.2986706753115,529.8315764428694,547.2374691106407,571.5105531344734,599.8711316925406,627.9620047545243,651.038949739521,668.4762369763774,683.0245030020862,700.1620370842168,723.3023247795518,751.2548944857373,779.4448083659794,803.1185352226191,821.3277246687794,835.9677979172615,849.618773659789,863.2626566497606,877.4422168942516,891.1489076934369,902.0784313175097,908.7652794565121,913.6377390928551,919.1881747715837,927.1636361754122,937.2695801260746,946.4813832397067,952.5631912483296,957.2126452582979,961.3671691308716,967.6286780686485,978.7044236690391,995.9718924923704,1015.2774108811387,1031.7412119415662,1044.2217015013484,1047.1852693999044,1038.6982944052038,1017.3570366369921,983.0405749725702,935.5119676709359,876.0185526724961,807.1134925565519,728.17145948
15kg_10bpm,5AB,1197.79816363,1075.1983628906214,944.6770741107754,837.1197172667206,764.6595366651885,732.1126482611315,736.3521248026285,766.4211534847029,807.6175699075061,845.5549754721419,872.8497428082945,878.7734995690321,861.565638557244,824.8655264457846,774.6907734596339,723.5858815649894,674.6036014779185,627.4711964629352,577.9202293752965,523.5863915492575,468.44070418044527,412.1598606394866,358.8273706699176,313.8774210676871,282.1966386777833,263.5492445216009,257.47057511159386,269.1573066584952,294.6037660451401,323.51889214847415,349.64883378574166,370.42726191918337,389.100085658503,411.094319231588,440.2716451115689,476.3661755956958,515.4757083342432,553.4729110519628,588.6869988932618,622.5083970330212,657.400571760911,695.0068573805745,734.9895185059554,775.546675257521,816.6257683597523,856.6253045973953,895.3046165798764,930.8316024433808,964.8406052670945,996.5129462106149,1026.09203434,1052.993793026213,1075.0476877866881,1095.1998146964413,1115.39348260383,1136.0296875881902,1155.4280952052407,1169.2977129042304,1177.5544656071286,1179.5873555110636,1177.2806667948798,1177.0364633019226,1192.037705233157,1228.410945492534,1265.7347689190726,1289.9373180686275,1297.9861608271449,1293.540548751364,1286.4581376334993,1288.6550677494888,1307.5859812668741,1338.6530671218225,1367.9095972626444,1382.5739648792471,1372.7162837956896,1337.0605553163734,1283.1075467965186,1220.729570353111,1163.9404493739742,1132.4888413189983,1135.6922475341783,1173.512639505687,1236.8874304281262,1310.0303978225447,1377.7040535169033,1425.3088518214054,1439.0081772029994,1414.5058185283408,1358.6222787671381,1297.0163845049776,1260.6244122175433,1262.6151155585599,1313.4906536815965,1404.9072870634395,1541.6263956626028,1663.7984811454828,1730.1182289448434,1741.0450933481611,1702.3674887200848,1635.5662307765795,1529.58806809
15kg_10bpm,5BC,1362.30232891,1292.6215459159428,1235.076109539491,1187.490824197689,1146.657472891461,1112.740067992117,1106.3365890367145,1141.9760779818778,1189.2059464502697,1235.7262656818662,1271.3370712454068,1289.7702631312254,1288.774665851162,1272.2812162528028,1248.041796241635,1222.961428739099,1202.6863290353892,1190.6834754386975,1186.9720507533896,1189.4277061595958,1193.3868236975018,1197.1494278308191,1196.440233011491,1188.4274789566934,1169.244051243677,1138.6530831313603,1097.6876508118864,1054.3711663171548,1015.6010888795378,984.0943164143694,960.6142176978312,945.9543516180103,938.9111806715173,936.1804828012864,932.6528185364126,924.1821720504507,909.0377409205785,888.683927478364,867.290230915741,849.2470800152392,836.8441462184863,830.1064533599258,828.1177291312771,829.9271904580012,833.0294471276482,835.5571486086923,837.097107057422,839.6403093631569,845.8530926440817,857.4768247233134,874.0726586800001,893.4975232579998,912.9804788471819,932.7764883733723,950.2568082754108,963.9328828966624,973.3845351473609,979.6772747094136,985.0690020608005,992.7943041869321,1004.2975425856073,1019.2601130166247,1035.7295813068256,1051.3413164010267,1065.1378600630694,1078.0735386346787,1091.1871761439065,1103.7420340429214,1114.2226795292781,1121.1219866431002,1124.2198370089375,1124.4229161406508,1122.3851113905066,1117.8865567345408,1111.6421953487577,1104.4221060910916,1098.5652096879114,1097.0659579887783,1104.5147379528612,1123.5420764704088,1154.792759630101,1195.0737381781778,1237.905984694223,1279.7178007107211,1318.4997494598454,1339.840389628524,1335.115836081274,1304.6050895434762,1258.6932141216378,1213.7508657725027,1187.6857893147915,1192.1168917728917,1229.5551375481289,1293.7756740727962,1369.0480107365877,1440.2995048143862,1494.4261059348228,1519.4972550494188,1572.0268030489353,782.5138995279959,844.92753798
15kg_10bpm,5CA,1452.22427992,1325.0606950382444,1178.1938009290996,1047.1223674108724,975.8304132319124,985.4316322581607,1075.0433889747783,1213.055660557043,1355.5557088296557,1462.802753445044,1507.1837767978839,1501.4419070777788,1461.730035340188,1403.0181645943399,1355.8701031246098,1331.5633043271175,1322.9523837987729,1323.0257063659844,1324.645929396488,1323.7037062589447,1320.0362498336185,1307.4316626220473,1287.0439580093935,1258.8875470542753,1221.3898414663083,1176.61271466,1123.120356254982,1062.632562667429,994.8888853325172,920.785843118191,844.6517933165541,770.6858269035091,702.7879503419391,642.8651174333176,592.0177826059759,547.9224093874502,510.1408248003441,477.8849310867927,450.61638320441295,429.78028126848596,415.5321808403213,406.05410162649184,400.28519422904134,397.65929701276895,397.07360996558094,396.4143386642055,393.9316965252717,389.91713067741,386.6012621275325,387.02885350808833,394.07719446000004,409.3788972696358,432.32183443322333,458.5406806581009,480.89010436103376,496.08198087570884,509.4292696848327,522.613646104972,538.590902154693,557.5010996461283,580.3503657281641,608.3281625661283,639.1625012369368,669.4186292944061,696.611831350406,717.7077209843461,731.7125062416579,741.0446263144966,749.2836616536127,760.0243005728872,774.8320276962477,792.797624281446,809.093621735682,821.9162464498849,835.7811309313956,855.79291759,881.5162129672499,909.7669071252427,934.3719937090444,950.4610908216378,955.2263033199674,948.8259566704205,935.1728135871623,920.9613208323472,915.5094860500876,921.443851084285,936.0374025606584,956.1070122715886,975.8749246406595,990.3061741134422,997.7834497847994,1002.7274618826123,1006.0973611874222,1006.443777578425,1001.3936968461572,990.1643920722385,974.6732984738111,956.7337604817288,936.5817459649497,910.5606126047358,873.43690382
15kg_10bpm,6AB,1061.09197412,994.3522679194846,919.8791776327012,852.8208546045576,800.5396996017147,768.2451462596208,752.6433231199331,758.5476936539535,775.8757698604487,797.8979669183101,819.3092113700001,833.6013518512519,835.9886326248834,822.174972354559,792.8101715946442,752.6621825403281,706.8417536164612,661.4443292610775,616.766741710473,574.5912974881672,534.0538807400001,494.5819291961886,455.76859391047935,418.24837911575526,383.00410909308073,352.1659062073138,329.9766174831027,319.05632127579696,319.6997529732935,330.3008164735796,349.79229770000006,370.15085198878427,387.71482837333156,399.4308847206148,407.3471213315999,416.45416583544807,431.7606064903732,454.1134781257436,478.71706362575,499.8709227030239,515.4932467100001,528.0289753494136,542.2820513680265,562.4341738114741,590.5543247047522,626.1380369991922,665.2512588665895,706.1897479896253,749.0443848374191,794.4333113500177,843.3625195600001,893.3813630180946,940.7342313266479,980.4252155394212,1011.4356730568755,1035.1147046574306,1055.6093341754995,1076.5469114243042,1100.5514791229518,1124.809256120265,1145.3504528300002,1158.9420405596316,1165.6457141076123,1166.593220598651,1165.3972362881143,1166.3298775620488,1175.3073900269947,1194.5304740493689,1217.6255388820825,1242.106915140716,1262.76388459,1272.2593370132777,1270.189170033249,1263.0574580461773,1256.9747783106307,1253.4185533845894,1248.7650295692047,1239.8685978913763,1227.662264775609,1217.5099522982664,1217.6221049500002,1230.9274575496258,1260.944643377833,1309.8300287103305,1372.0351647241735,1434.6042110823976,1480.4104420043677,1492.0077667962603,1459.6129531591075,1393.384644547176,1317.4889470100002,1261.7664988510721,1250.556145216151,1294.8261089509758,1391.0121991528429,1531.0032443437406,1678.4048250472038,1814.6289900272484,1888.7116509447753,1877.553490547365,1777.62755968
15kg_10bpm,6BC,1344.15562622,1325.0426481063585,1300.8003648070678,1292.8025000358416,1249.6714851257964,1202.1164108641085,1163.2342279521288,1135.2965173245038,1123.6188594727078,1122.935135729073,1131.1339279761817,1143.3745691031652,1153.0092136165624,1154.5633288121205,1146.1106507524744,1128.2877058026454,1104.3191555213289,1078.389030904689,1055.1972564127134,1036.6434548266234,1023.8095478471074,1016.81050434639,1015.1226592887692,1016.9026116738289,1019.5693555148225,1018.8251970800793,1010.7375733735198,992.6031935891177,965.289203459244,930.872587599044,895.4599615901366,864.1321349073364,840.495582093637,828.089259481002,825.647471370447,830.381609551181,837.6534958943148,843.0071535371861,844.9767139606611,844.6555749854491,844.8777601314151,847.502922986297,854.4989501680964,865.1345170820606,877.6986090919177,890.4966624882651,902.2632192169891,914.2326541414542,925.7968349919269,937.2269087227818,949.6028209773623,962.6402018575137,974.0374005634995,979.8447069863431,979.9261694960044,976.7245688040027,973.5289257968392,972.9947036278757,976.8243588170712,985.6438086802227,998.1948414338482,1011.4012564880511,1021.5613145146284,1025.8065325989537,1024.7617341582313,1021.7869569756349,1020.9592662543427,1023.0951175479473,1029.1632572213862,1036.05148030086,1041.4390726538127,1041.842284743606,1037.2244259937481,1028.6823401516206,1016.9933816954551,1005.1878812525304,995.5124269762764,990.1890930881559,989.8699785946552,996.155433568012,1009.5335843175511,1030.8032646463996,1058.5389942083887,1091.9359778821347,1121.8552412380864,1144.8946039222503,1151.6439432916336,1139.5506848699508,1115.1412545121389,1092.237349210827,1088.314167945287,1115.5416133184324,1177.861932923083,1266.887574109456,1363.300495256626,1424.4327994166988,1158.3906968080357,820.1056338017318,807.2751172124234,802.501595716222,787.68124449
15kg_10bpm,6CA,1237.46771884,1117.2695849317404,1017.9786429793411,959.3854998989433,951.760409079151,996.7210576184892,1075.4012783155138,1165.8797913158155,1257.745104873657,1328.983199684208,1373.5515585475744,1393.885472878802,1404.010063152173,1403.2319803384044,1396.2290397527706,1386.904182862491,1380.152481406093,1371.5902704992986,1365.6567197507493,1353.965078257612,1335.4987173568659,1312.4531849944858,1286.0701632106382,1256.753336718282,1222.244486967569,1183.1536439710314,1136.0079556895046,1084.5593787143134,1033.5021569572991,986.8879197230557,944.109309101312,904.6107311828116,865.6965881973036,825.3672986143624,781.7604508127245,736.0300340003139,693.5879083484976,658.5741050445697,630.3999724245078,606.0963909860906,580.7010581315427,551.1181521829534,518.7244351114456,489.28603017058697,467.8061085060343,455.3185464859765,446.87626667933307,436.06731632133864,421.51167401156096,405.6662862571431,394.67332390032743,394.55261348096775,406.07853723110514,424.78996206533367,447.2494378133746,471.25265668277024,493.871412130341,513.616475816767,531.2695877125556,548.4989278613282,568.003989633316,592.7097922709346,620.2996017393502,649.5820065514303,677.0152884314923,702.2364412936419,727.8395889636985,754.9129881373061,783.4208903690698,811.581544499009,837.9140975269878,860.7965862905272,878.8134176646618,894.1213625136434,910.6051340314735,930.0523721980313,953.9839345035195,978.0602680859438,995.8837468638131,1001.6370086493621,996.8937050893308,988.6523654465794,980.938622721806,976.7691474792608,975.6784604341067,975.8469061140808,977.0076109281691,981.7451196705013,993.6359433578796,1012.9843767923712,1034.8632461396826,1054.6159178371054,1066.7604083223246,1071.7021306043866,1075.426226813811,1080.9263415784455,1086.351012332712,1084.5126232995565,1066.9988290791434,1029.404578192626,973.88009035
15kg_10bpm,7AB,1207.40048477,1142.4668080755782,1062.496496108551,983.6147613877496,921.7593778405005,885.847093434147,878.1217841431175,893.7886641615281,918.8169503860076,940.5911754972277,949.2951381635303,940.8697861696137,917.7729807929011,886.8213874321088,847.8428273569604,799.8235212488802,742.2192314280267,677.3788475987941,611.8733283613967,554.7124019821189,504.0033547121054,459.33068233065245,417.815017616744,377.93120994969263,339.9180986088034,306.4359666132394,285.077572392828,278.21472699115253,285.3800903308982,302.0011365365603,323.3849148391422,344.3256660832787,362.7396686071312,379.66002649469254,398.93709517615633,425.0364650476793,459.7696005425494,500.4801521932064,542.0368740135681,578.6442469611741,606.6846242004564,628.11339273666,649.4914987165388,677.2146070401988,713.0802527771506,754.4713679605535,796.9547026727779,836.2154919971979,871.1890081646411,903.3233012238557,929.9720605381543,952.5034852017194,970.2568544585358,985.504836793241,1002.3649143447047,1022.727200038275,1046.2877642842843,1074.9129929859291,1107.0360480801398,1140.8288798108842,1169.686181109221,1189.5382971891215,1199.536932761237,1204.5464239088155,1209.6281489065434,1222.7294606595667,1241.138517896366,1254.261636056815,1258.4158348922026,1256.1621629486763,1249.602457508763,1241.0800744016112,1234.8914701511146,1230.9548516677087,1227.6615347184202,1223.110746396098,1215.6481063653948,1202.6322478305226,1185.8064086230233,1172.8241820982225,1172.028070525872,1188.078677047244,1222.4033548543216,1271.8169518630075,1329.9660980347937,1386.0390340108831,1426.2394669121088,1437.0550984909548,1413.8213878012207,1363.8326841501387,1309.8116268835158,1285.3273434787577,1317.0231081931033,1409.841333490619,1563.150302498465,1710.150487545972,1797.1194415329344,1791.2065421772381,1725.469974931009,1595.131990583097,811.31054809
15kg_10bpm,7BC,1551.00323064,1456.962736500906,1338.8276143282594,1220.8524909372875,1120.9944801249715,1072.8345485837574,1077.2685676200142,1106.6266132346186,1144.662141007197,1175.461732623232,1191.2628981472735,1192.1294037767113,1182.6219672259258,1165.0939277507134,1142.8289102356277,1117.429010525163,1091.2171182395932,1065.5363930034976,1041.9474468145045,1020.7937656287348,999.7558290909296,977.0188289049282,951.8748731839903,925.5219352194964,899.7807529593259,878.0522555737712,864.4015830813005,861.8309136806049,870.9932274912035,888.5950966077432,909.1600644203088,927.8689832833384,938.8242156244537,942.1969003033382,940.6003454305006,937.2268398957442,934.4231537499985,932.4680119529302,931.0435031289862,929.5648254944703,928.6895722987432,928.9769663117694,929.1181237641033,927.8214846611236,924.7052516834275,921.282108784657,919.3029720441359,918.9856780070709,919.9376770652723,922.5845490304221,927.1064816038381,936.0026584250721,949.4563402816175,966.3914197151183,984.7792498470149,1001.7514596235358,1014.8168842197331,1022.9129237191819,1026.3800596515975,1026.6376228753238,1026.6517105878172,1028.8790861011382,1033.5987244774874,1040.842629961612,1048.7414317914634,1055.4794939083433,1059.0992710564358,1058.6022983367661,1054.546720491577,1047.8099809460637,1040.1664702821956,1033.7801275988713,1030.2788012426045,1029.7139662854372,1031.0785374263264,1033.5379879221734,1037.3808933312969,1042.9090381749443,1050.3636325391715,1059.8867607770378,1074.0724338389896,1096.5341225701814,1130.2417905225382,1176.544391143468,1241.9652287140125,1313.4450025053288,1371.4641961016782,1401.9470956345306,1399.2278991978012,1368.5364350337447,1323.7454650433012,1285.2094563417527,1274.2099133163092,1306.0719725335816,1378.2949698764369,1468.7378142933803,1548.5618760524035,1646.546898593887,800.5306746977561,833.6967910250902,815.72588285
15kg_10bpm,7CA,1222.90809629,1134.860074786267,1054.9954315463642,1000.6686755608935,985.3902974877498,1004.44838277,1050.7991950901246,1095.6632020656373,1153.0970050997378,1213.2793172980992,1268.6190299900002,1319.839644810894,1353.4219014707955,1368.2573201493665,1363.5747039836886,1341.73943391,1322.9672298334958,1310.606712179753,1309.3510884635277,1313.1256775003606,1311.6372726000002,1287.668146279428,1240.2289357803384,1182.6783299934411,1129.2497439008357,1086.2757048100002,1048.6446353608044,1004.4428740163772,950.4357550264039,883.9569785913188,812.8942743700001,747.8233013276327,695.5380220725435,654.0538767836233,614.8297257560722,569.5455208400001,517.4171830127016,466.7876431881041,429.0358886596743,411.5567337955271,412.91170664000003,422.83327837808224,430.60193330273717,433.4216566972476,433.3892492125526,430.0128381200001,424.95149516705703,423.0183309300978,426.8046124756937,435.3883838117788,449.4774059100002,470.294387729702,496.34551533197583,519.7174539180995,538.7725896657832,556.1896726300002,574.796599238031,598.6063152884084,627.0414840762514,655.7650117358403,681.7950302100002,701.0765871945817,712.492722168385,718.0383369487881,726.9717289874802,748.1713038600001,785.7259595389991,834.886371131781,884.8564524426606,921.5223708897936,936.0227692300002,928.3234800734177,909.2287154799513,892.5545075263749,886.754299324034,892.06066946,904.7562710634734,921.6149346512836,938.3077958355157,950.0722047151298,954.3750135500002,950.1417398985571,937.2709887067214,920.1731568044423,907.9387015773706,909.0660832400002,925.9550818062309,954.4840332165953,982.4598030233328,996.4301845308603,987.90223109,960.6309498800812,929.3894898978264,913.4951274895524,925.5897491779127,962.4610706200007,1006.297408819046,1024.9652442079216,995.2022885383453,915.8760315521168,803.16627979
15kg_10bpm,8AB,1192.77452539,1133.163463709574,1054.6222585589023,973.4408983872803,905.1475001555489,861.0553748020262,841.1755718557991,842.1725618119945,854.707700927651,870.801541866371,882.322799659219,884.5903525784465,875.2709702980169,851.9766196262868,816.4097618272663,772.873217445127,724.9991977967109,677.0271596219216,630.3638971777208,582.9719175193811,534.2069565072279,487.5362204837777,442.87525051308455,401.0099423111583,363.7678325449662,333.68338998,314.17060700137927,306.35849723421916,307.71337538020435,316.3167417207155,330.54499854620326,350.69944340444476,376.06784985959314,403.7901288103666,428.710262793282,447.6311835450728,462.0482369307442,476.7132494468926,495.8648734328781,521.2076354893172,553.2377711326837,592.6298949570307,636.65455904274,681.7339920105668,724.1163509175739,761.4187749804407,792.6427381087121,820.5661207518124,849.236642766019,884.2701700539593,922.9332646300002,961.8967531937727,995.9412606957312,1023.5618131835918,1044.909098094992,1060.4162113651696,1071.702754059964,1079.1500110807697,1083.5797983194045,1088.7885772362783,1099.1106203384675,1116.9062159534462,1139.6099060699637,1163.8231835698707,1185.4825113279044,1203.542393136246,1223.6016899756355,1245.193651446272,1260.7868569179664,1264.7022562201819,1260.3075411817588,1253.7609323148147,1242.8605249168454,1236.3124310514074,1240.1384018569377,1255.0812202300003,1275.4990611746334,1276.90478684267,1246.2595813801488,1184.1330197415293,1104.594422284362,1036.0807190804328,1005.2893386944363,1028.9088606844953,1106.5280595954264,1217.4074217397276,1326.3221339656543,1401.356446385963,1421.1911630114723,1388.947390088338,1332.2028703977674,1283.9567984642595,1276.8173373145278,1324.8840442593892,1412.2873237972003,1509.4710450665004,1588.2769659561752,1625.2208904840058,1614.489670277345,1567.6497734449208,1501.94516546
15kg_10bpm,8BC,1517.80340237,1511.9874914759334,1467.9400001284594,1395.7662670850482,1309.560521706787,1222.962322385129,1149.6835677917963,1102.3625402321366,1084.4668613006115,1092.7958686660718,1116.6598478901658,1140.9489381131307,1153.2775942236915,1151.9329228738436,1140.3049502216545,1123.595936037154,1106.6610755471645,1092.818903757935,1082.3765056112256,1073.698453525863,1064.4000621008886,1052.2092232441546,1036.4136974800967,1017.4157709144386,996.784024880855,974.4294572900001,951.0719591232742,927.3447248535845,904.4093809784625,883.7236523772598,865.6824333974157,851.6604655506131,842.8638659385139,837.4218946166976,832.3367237433756,829.9390848191689,829.7666452201566,832.5802334590717,837.987211553275,846.2453658970248,855.4139614624208,864.6691225903957,869.3293297223321,871.4233226164047,872.4104281782608,873.958198949159,877.6974752099778,882.4161600823073,885.0393555973222,884.5232665105922,881.0836024,877.1653090023802,876.8504616114832,882.5832190039556,894.3759717642248,910.1766251154389,926.7700856650101,943.3566255180195,960.312805243498,978.378206763379,999.1851690920378,1023.5243364239449,1051.2221385512462,1079.8672876294688,1105.1894796827946,1123.326615299232,1132.344041794327,1130.8883968479604,1122.8116861617887,1111.62281976309,1100.5143574357926,1090.0208632736224,1080.2333469025095,1071.6112433028884,1064.805332169671,1061.5477075600004,1060.606519249305,1060.1498278003207,1056.3784303046207,1048.661243741397,1040.6999850837929,1040.178483308814,1051.242537869729,1075.5521729716972,1106.9995604546662,1139.4433100198767,1168.2142213777852,1190.6193109098724,1207.0662673542301,1218.8668540231158,1235.023314805242,1269.3142983959071,1336.336804657625,1438.0326460449742,1570.9910811347736,1734.589030378797,1896.5775386089585,1992.8899107107877,1239.3925649091868,991.5090982319664,903.50674586
15kg_10bpm,8CA,1477.84826294,1355.4804980507001,1198.4933039075452,1049.1515131575793,949.0630215109903,919.4500769295698,963.8465968007365,1064.5924153272624,1176.0958158262097,1263.0586174216014,1305.8726797747254,1305.320582708403,1285.902918301386,1269.4084340838142,1270.8643821268595,1293.964830070727,1334.7633719566848,1383.1097626051396,1426.3569436567423,1460.451796777936,1473.8547495052094,1476.5878930364283,1468.6648847105532,1448.5038886190007,1413.686320031152,1364.3856510500002,1303.4027708994415,1235.7076583406897,1162.5947270824472,1087.6642440129403,1010.297836333456,933.9237261185289,863.4560035361541,805.6370659345259,760.7895061113063,721.8407915711716,680.0702778267047,632.8899989085244,584.5402863980264,542.5996171155123,511.26388362704756,487.55855580517056,463.39695332927135,433.29887729248827,398.2430272268553,365.2393916898458,342.8719742724162,335.57308781122276,341.6414183073862,355.51852410168766,372.43044613000006,390.62153390213587,409.70594861039615,428.20393395867404,443.33492848544506,455.4501335800899,470.0876969558804,489.56895863011516,512.2801009535341,538.1148987229417,566.5130029750289,596.7515534075714,626.8158313134779,655.6540113412108,684.1330453981125,717.8751414099074,757.4068744054915,798.5980308766525,831.8344009760956,854.3833181139526,868.3841478239851,880.729840049165,896.0133065214272,916.6680298584581,942.7500815204784,972.26979663,999.9397491481903,1020.9158245397771,1031.2186588701475,1030.3637974691835,1020.4022920617426,1004.4378501105773,985.3577142390801,966.4642658358646,952.8010189670188,944.9889522021857,942.7805615486557,946.9726057297332,959.923888899518,981.0068383149867,1007.8771006932074,1034.4094246729185,1056.6077966068585,1067.589531817926,1068.4237077689702,1063.8873956690131,1061.8674158047122,1064.288848304176,1065.5309850956803,1054.7137127884928,1021.11996171
15kg_10bpm,9BC,1490.92877054,1399.4997110959969,1288.0106717963358,1176.8479835292187,1082.3705241891275,1027.0983522848708,1021.5434543691543,1043.2611056950973,1076.6148972662127,1109.687522503306,1133.0834834546815,1141.2577998450797,1134.8079411737976,1121.4450728669638,1107.7614992674587,1097.4574064716835,1090.6301731102537,1084.778673177358,1076.6676150437877,1064.132701389328,1047.5834451170906,1028.6226217335493,1009.1074548498748,990.0371686901066,971.3774586577337,951.46092205,929.3777233632292,906.8413803014031,884.1529305329093,863.8994575885152,850.0661906887082,844.5919125554682,847.9221557285643,856.3185024141388,865.9176527785644,872.809114550843,875.5941103499729,874.623557772046,872.4342731479662,870.121632159699,868.9013076490625,868.0990431335686,868.3556063673202,870.21786640051,874.4315824548978,882.4302749553727,891.2625929311814,903.8947205440257,916.1469966052874,928.2439080642721,939.1561808900001,949.4672310445102,959.0145015339781,967.9839742507411,976.442897043776,984.0266108375412,990.435754062604,995.3517134570327,999.4580822772824,1004.3657406203306,1010.8356948887508,1017.9859978476384,1023.9140271078498,1027.4663276295937,1028.4965594241557,1028.391233910626,1028.310410950653,1029.748363478999,1033.2867454383677,1035.397608464944,1033.3673925593166,1026.6975445712155,1016.7371033625018,1005.989344585838,997.2748588076972,992.9233290200002,993.0914708227851,996.5963542960444,1002.6190141749254,1011.8423515267515,1027.4241038372252,1053.1183218397912,1090.546694427139,1137.7015905947624,1187.574557276787,1229.1324858318715,1249.3026396664482,1239.2756767812152,1200.8949689343972,1148.0790510980066,1100.1993107869948,1077.749698406676,1107.0288798302342,1189.5759827220693,1300.3407641338201,1414.363424918202,1513.0187023378583,1579.7925124775963,1604.7164644582922,1593.8539745176488,842.32776958
15kg_10bpm,9CA,1166.98091884,1201.0972838,1213.26252082,1187.11355744,1124.70074299,1049.71959721,997.98711618,997.44972484,1050.9197901900002,1143.78509389,1240.9117460600003,1321.1715888200001,1372.51589234,1394.32433607,1398.7292331600001,1397.21808254,1393.5502208300002,1390.05600203,1388.3685129200003,1391.65992534,1398.71560233,1398.5083586700002,1389.76301198,1367.87218541,1327.49194231,1271.80573643,1213.61412591,1159.1972708,1102.7719639600002,1040.4253442400002,970.0499003400002,892.5587975600001,812.5482981900001,738.8658671700001,680.4187337800001,640.2135329,613.3704393200001,590.2367730000001,562.76856235,530.8297907500001,498.63645263000006,472.31790666,453.59504230000005,440.90533683,431.56853189,423.00316577000007,415.41923784000005,410.25343481000004,410.1258146100001,416.83283677,428.6796428200001,440.22004992000006,447.85440446000007,453.66574198,461.94538754,474.3178574100001,494.07362112,518.47133693,548.21523109,578.19221358,603.9810661700001,626.0287197300001,646.05215786,665.7522170800002,685.9278134700002,707.8834318700001,732.6162927100002,759.0192555500003,783.7342761699999,804.8020433800002,820.5787347500001,836.6765616900002,855.59083822,881.4432675300002,913.4137260900001,948.4544036000002,982.88027687,1011.0486201600002,1025.61899431,1020.4441310700001,998.9368582200001,971.7016570500002,951.87393564,945.9550214500001,952.27803103,964.07806423,978.2634645200001,995.3482385,1015.5332137100002,1035.74245619,1049.2214001400002,1048.18634087,1030.3775684900002,1002.0619534600002,975.7992042100001,965.04222529,977.48231459,1009.0904856700001,1044.1737052500002,1066.17270949,1066.06726763
15kg_16bpm,10AB,1082.07727626,1008.5943671715548,925.882221843748,848.9043594436412,787.1377358975034,750.7736983718762,733.0469820260528,729.3721247284209,731.566390716702,731.9025863910501,726.2177230371224,715.0973481205225,700.4805027490654,684.9602159660108,669.5040234526864,653.2994167954192,636.6411161378309,617.493186051214,595.0355158636005,568.6380275126444,537.7057406027486,501.16332259218353,458.7561352829055,412.2135644297232,364.4823744435132,319.07441744000005,279.62794340717414,250.0962086927851,235.7733596473522,232.83392285601505,241.9483657222314,261.27629619597525,286.9687292257944,315.9704915803584,346.0597300784165,376.57241313262386,408.07659901816527,441.0568870948199,475.64475987059257,511.2844291598979,547.0036934739119,582.8540428828621,620.9010814401523,663.6646467696172,712.5553083808522,767.1653726192723,826.1550820049736,886.0734616634048,944.088847528971,997.0653161861077,1041.7482669400001,1079.574459306191,1111.582776454073,1140.057266104522,1166.6365120597977,1192.7596300143791,1217.5868008413045,1237.5062418797465,1253.2913928773328,1264.5883227292807,1273.2392056084539,1280.191383147953,1284.405307343983,1285.6105822010152,1283.9445269054786,1277.9482488083618,1269.7691912149708,1262.4879103529574,1260.4208923556553,1267.2447215509096,1278.7303551761752,1294.6270251816336,1318.2140701333237,1341.5410064266994,1357.6061965914841,1362.5822280400002,1356.0561407861112,1340.0424463963664,1316.9970528996785,1289.9510671258504,1263.5953833170142,1242.5448128393418,1229.9965507311756,1225.9566907646292,1230.9719393538396,1243.8833605458822,1264.7738481075605,1296.2667098673446,1344.149750410535,1411.942854927259,1496.8368798931292,1591.6982803371648,1682.5772980027912,1754.8875054567482,1904.273102780671,957.194911072964,1085.253076478831,1109.839312687978,1107.8741188211648,1080.2861457867677,1033.63402588
15kg_16bpm,10BC,1464.0109162,1397.2070164419722,1324.057675622836,1255.8617251881803,1199.394238514972,1159.9199358278915,1139.2983323682204,1140.4349060191428,1154.2325087147171,1169.3885111440634,1181.69113755878,1189.1482184294844,1189.7956013471437,1183.0684761842492,1169.5349580991851,1152.7696002925372,1136.4167830209897,1123.117872986994,1113.1609316475094,1105.6279027343169,1099.1524259803675,1092.3057606332638,1083.7352467598362,1073.303429906126,1061.0253635037757,1047.5245293599487,1033.1732042442209,1019.1956413312096,1006.5001124183308,996.0990071796067,988.6354611490102,982.7376443967163,976.5489021687121,967.0914339018577,951.6608829653975,932.1346893431594,907.8005379984379,879.420917294047,850.2105505708892,820.8473143129513,792.874030310979,768.1331190554721,748.324571242935,734.7446148713476,727.6581491201047,725.9003565648214,728.1510854372515,733.5972814359399,740.0107876593987,747.6811553287681,756.196663914422,765.5477930413596,774.8509032195059,784.9024688987344,793.8439503172468,802.5809660889214,811.0409179374537,819.9917385432867,829.4355715049771,839.7958684077424,851.0354889534592,863.6153935082845,877.2605004974727,891.8386392517499,907.4532922639476,923.3197800072337,938.3203525141239,951.0866445487362,959.238580154332,961.1765379735541,956.3863519830131,944.9959885115659,927.9317374744536,907.6583362961633,887.476364193343,871.6647157821859,865.7492760587662,874.9001282779196,903.0642789545332,953.760517173806,1029.8119583400655,1126.1306123340507,1233.9500234138352,1345.87488936481,1457.9420898585613,1581.248371906962,1639.2349596564884,1731.1390666026205,905.7429290304957,1027.882867445185,1017.5109805842908,1032.2323059325113,1041.2667033769624,1047.9980258317767,1049.4885647170906,1045.4863311023087,1035.6995904665562,1019.393312681456,998.6210413091977,974.5078207273089,948.72073925
15kg_16bpm,10CA,896.9745854,890.7433177319492,895.0960342742019,907.2684135938007,939.0404957771275,1112.6626361301157,1582.5216506424267,1464.8820289390294,1324.5403493984973,1191.9008183821493,1089.07649049355,1036.9196237275385,1042.3247661805224,1096.525694573907,1182.1289670232236,1280.2335283761172,1371.3707592844737,1440.7667910560542,1478.699900649961,1489.6126732889836,1484.1489543463756,1473.9145090561146,1466.15704413533,1461.5812540244326,1454.3632447406792,1437.0699349800361,1406.4345311657846,1365.1157962122265,1323.729827125201,1287.6637867612096,1258.5387042750208,1229.4819337981926,1198.2694537829009,1162.5307196868443,1116.6510494891063,1063.2215816652167,1004.3402053454672,943.6097188954411,885.8553248368024,828.4562198103239,772.3576445774846,718.1700724361108,667.3766723219042,621.4505990424119,581.4110110272148,546.3546955882224,513.0066423304953,479.77193398661404,447.8523139712843,418.4579266653815,392.91263885000006,371.4585126482258,353.8404570482312,340.597875550546,330.6750547191474,322.57223342075196,317.67955434093926,319.01100352389545,328.27359783951465,345.5573250285283,369.9976267780945,400.55690805131417,436.1652897139927,475.7701523802676,518.6630711655862,559.0798160633899,594.7455153753319,624.8045242945426,649.134066934276,668.922203368729,686.2953104317645,702.2132010601674,717.2877542485232,732.8359339391122,751.0104455495117,773.5318986331125,801.9384564485636,837.8635910669619,876.272967968036,916.6030065199244,953.031878379024,984.2684834040994,1006.3372790153717,1014.9812510545077,1006.720048035162,985.3239564929083,959.2772897869198,942.7363312871415,949.0611139088982,984.3908923021329,1044.0225963457115,1117.9015665941047,1187.5798073357728,1237.945007387025,1251.748217171472,762.3586898669028,581.322044006508,523.4463777956901,478.81970909134395,434.68241087920586,395.37079345
15kg_16bpm,1AB,1092.00359698,999.6261803512556,920.6058532068411,869.4066564132129,848.9085852202097,854.7210047081956,875.925858098606,904.6333226915071,928.2836081427083,936.4570637213205,928.6483543099998,908.8890054103639,885.2946069602649,863.3911380569936,846.4474863976543,834.4637225265011,823.6852466935042,810.7577692010474,791.4757623096268,764.1384572162189,728.9451365200001,688.2578393989133,645.1304534444656,601.2606673096954,558.4278582601803,515.8373040493108,472.607234305842,428.5956918921012,383.11988600042616,336.46486787246835,290.92128603,261.21449675410145,242.7542368075439,234.29269947960447,242.23561192398333,263.15901068083434,298.88097198996917,345.36142759503844,394.71420332240467,443.12104096239693,485.39732515000003,521.7510992052528,554.3638150212145,585.9367333667907,619.6330917912785,658.3872257960319,703.6828197723172,754.956621687297,809.0066778943761,862.5949195235587,910.1438272800001,948.4581957892102,977.416292539658,1000.4599759542873,1024.3794732517713,1055.0915489577164,1091.3059385323015,1129.0099087276594,1164.2169043216556,1194.1944728188255,1219.0079218100002,1241.9545625370756,1264.3668786328437,1284.5232600219965,1297.933118287061,1301.3711199948552,1298.080849371686,1293.9776866204475,1293.4392873164384,1295.6757600365736,1306.33360821,1320.6085196360286,1327.8662040919933,1325.54588325017,1317.0221995939269,1306.1584579787695,1293.7059933917074,1275.6551834960605,1246.0231703865284,1201.3517464980976,1144.89323396,1086.1831825536913,1038.1850547854153,1011.5618163423109,1017.3021166903494,1063.3362543215742,1152.084268875399,1277.6473192677786,1423.0391040005616,1572.1896114913143,1711.06722408,1822.56465976133,1899.940127602725,1936.0566047258883,1912.494538150531,1472.9131645282052,1070.7861113361012,1050.1690054209134,1025.506841333941,978.4858322606349,924.88896224
15kg_16bpm,1BC,1428.02022374,1418.3468145637482,1388.3279574046155,1344.2142334861237,1295.2948634253542,1256.5446381789943,1230.6223884852589,1217.699784284111,1221.9478712903658,1238.7662572062022,1257.2768749746845,1269.3048165662053,1272.045876274841,1264.7287868440515,1248.83202216136,1226.9988412963564,1203.8871812459424,1181.7236776631348,1159.8319780984762,1137.047425429709,1114.5367898307745,1092.9474470593243,1073.206370256222,1052.652286607701,1033.0661806756661,1014.6223030567578,998.1662339647767,982.2282633198504,964.9889488245551,945.5192595818136,922.8196743580924,897.4268900948613,871.8867876677391,847.5847815209436,827.6055794857131,812.0242735628143,801.4425295285,794.6745612385141,792.1527892024795,793.5595855817256,797.5132880475408,801.522212170933,805.4830580886095,809.2843882465326,813.6552224637944,819.3998599032832,826.5054328595439,834.6654194352006,843.0947122106917,850.819095690607,857.5380495908759,863.9162106910153,870.1062854473867,877.7989559744339,888.6303959263498,902.5845292507069,919.0000496298148,934.3716374553926,947.1776189107085,956.1663873331563,961.2651956973867,963.8962213922132,965.3762163712229,968.1996772479561,973.5494144651633,981.2104284569933,990.3474027588568,998.5832636140115,1005.3016469104821,1008.6061272222818,1009.5585782039465,1007.8914256652289,1004.8759847657146,1001.7321036229495,1000.6935860520655,1003.929854361437,1012.9782062304856,1029.1179959005303,1051.679066344623,1079.6272469685955,1111.5334041790263,1145.1112632448185,1177.1796466275136,1206.26700092641,1231.593235743163,1252.7479267620095,1270.4162140261026,1287.3530482564329,1306.025944011391,1342.1548728672578,1394.0097007831127,1457.5991952771926,1539.5264644203035,1637.8976449887793,1731.4310704351437,1547.9654327304172,973.7851114388152,1039.0945503300047,1036.2788887642498,1014.7184239812948,983.91553975
15kg_16bpm,1CA,1432.63071945,1369.619363735197,1296.7939828853864,1224.3547342667696,1164.9426241960257,1130.1228064393956,1125.8524468886596,1155.0168122032428,1207.0021279425407,1274.4668906814607,1351.0345055905243,1429.8398181901814,1499.4504198076809,1557.480223245271,1596.8577778384724,1622.0315214850013,1614.732782112041,1587.311616015852,1547.5577808009677,1504.0939126207659,1462.7872062441363,1428.8774144832196,1404.892393787904,1388.3633433601249,1371.5149569911694,1345.2200415761406,1305.686281562589,1256.7200949534067,1203.2184644535396,1153.0124743773229,1110.3656934169874,1075.5945537907683,1047.9247679781706,1023.0754197247693,995.753820182099,960.8902258233139,915.4460527335441,857.9392686219134,790.7805922223205,719.3594473889473,650.1444969612548,589.4787259183778,542.7197997477805,510.74170072636997,489.61085965182536,472.59388033499505,453.3400857199888,427.3721992363826,395.33105761201114,358.2232052519822,319.8347657850281,285.27364947566036,258.4484379080633,241.87759838106624,235.976695213633,240.04017982716672,250.93689561916096,266.906402269917,287.3613838834648,311.38079172928605,338.03692545354016,366.0702632880392,395.68820133940716,426.55591130691903,456.194443772661,486.14436021517076,515.3164954099242,543.1061200646659,568.5281638387347,591.2972983163005,611.8126913652624,629.8921249876765,646.1425572346637,661.2776135777955,675.6057042298743,690.0494933312076,706.5294327040566,728.3028883068273,757.4942053099034,795.3568936127685,841.2064466003345,891.8184194395483,942.7641071121815,989.2722233787931,1025.870388216041,1050.7316097158202,1063.2834210192013,1064.3599249287472,1060.1827273011304,1049.673204563746,1036.3294402844776,1021.1153274552511,1003.7531155168133,982.7397659083601,955.6819677510017,919.5821685587313,871.2730369189907,811.9706359056964,743.2376367432519,668.1597226850839,592.9773351
15kg_16bpm,2AB,1187.17243371,1119.7853188492409,1033.1973895818346,943.6655201804236,866.1429142113099,807.533937392633,770.2120031706113,751.6033279410511,747.868977907666,751.9061668067606,756.1129494812504,755.2339179045495,751.9501653924019,741.8370205247538,725.4701003855695,703.2561082906889,679.6641777618179,657.3990636637163,635.3622119566451,610.6888825974798,581.1431301816777,542.9026793032871,495.7615221511864,442.203682322532,386.7162388060328,336.52589472,298.4037361393351,270.57123201873105,253.65261362824663,245.38014203727792,250.35379394372177,262.3182475189255,280.0952704421928,303.76237108895725,333.6585789431361,368.56277641935355,405.11728932578984,440.40307092483454,475.6662129734794,507.88629838728457,537.1608381649911,565.4763712195443,595.9149559523476,631.0526877404106,671.5313298645849,716.7322744892056,765.327360689757,815.1050492520278,862.4575548594263,905.7056843448757,941.3681662200001,968.3954502363598,990.6147974602661,1011.355549752319,1035.0630280360785,1063.1097746127589,1094.2872090028097,1126.9188718256542,1156.1635685178496,1178.570947111621,1192.4708836241168,1200.1483944007655,1204.6929330165135,1208.6488347724778,1211.989368245611,1216.376208368023,1220.8357964971237,1226.7520517807811,1235.7295856130884,1255.3759433765424,1283.9369281726001,1309.8243700964176,1328.2914522638857,1340.4759039496032,1348.5248134192332,1356.5717746700002,1362.328520575879,1361.1545873010127,1351.0580311500328,1331.9406342144514,1301.9636148653417,1266.5837983898934,1237.5064092184116,1232.2443431678728,1259.6445926669521,1322.2150700814157,1415.8539606638772,1527.6000836430605,1642.5385066929782,1746.814476324455,1834.1932016771061,1885.4695246339802,1472.760275777975,1092.8526499048428,1112.002392564312,1140.523116124903,1140.820155493011,1111.5211812256707,1056.0653753045956,988.4748603081255,927.73442171
15kg_16bpm,2BC,842.79431664,1549.550432502523,1442.8341131045304,1380.5337123168124,1311.7268975551672,1261.1700013681902,1229.9276334639912,1219.0226582331916,1231.7716642095854,1257.9259123034112,1288.821347665779,1315.831896476444,1333.3343858288097,1334.80743195457,1319.937519693796,1292.6586829653038,1258.6785703643811,1222.29099254515,1187.6305840248501,1153.7169529466917,1121.2196414401415,1091.881910107796,1064.6871581711532,1040.1154489558844,1018.1476337702619,998.7951781192148,981.3788025174149,965.9843991966926,951.9676747594888,937.7331665621521,921.7647256541119,905.867324947296,889.1816793334274,871.6284425230803,853.1538369929422,835.7649363393771,818.9909766829379,805.1340308146182,795.3898744647068,788.3288740991493,783.819005589564,781.4902695139762,780.4883915207106,779.9721724604715,779.3435923135359,778.462437523859,777.9535116568327,778.4856215075937,780.3702254177402,784.2667539680476,790.156136378481,798.2382261620635,807.9627921832436,819.2560139980257,832.0910866408141,846.3985987653782,861.970859752079,878.6555312339614,895.8446997680002,911.173115722984,923.397998280613,931.2459203815549,935.9661176128377,939.1568940166455,942.1648157673321,947.0163828269943,954.8354927509156,966.3151639530324,979.6947562173917,994.3804920941883,1007.6108045681217,1017.9212375189023,1021.8604154658833,1019.1129147462009,1010.0485949603649,997.2369041311291,984.7713441759691,977.7388489755141,980.7757175401863,997.8958747006316,1031.1244669437997,1080.4010205101938,1143.4601176249773,1214.623885841766,1290.7224301865206,1369.7558384932577,1463.2530171884234,1537.2266364442212,1591.484331394875,1626.8867058432627,1635.7338071969843,1725.624889869607,1093.525471734682,1046.9935577022222,1055.7457025162175,1077.970286840575,1081.0136041184458,1071.4013336196313,1050.3200055767925,1019.3640800617283,982.23518804
15kg_16bpm,2CA,1500.65270096,1396.7190030121742,1285.6438781599998,1180.3692173083646,1100.72352958,1057.6927197016068,1055.64992873,1092.2678238168364,1156.9908655700003,1241.7103406828994,1336.29838583,1425.9342946011357,1498.20890819,1548.3980922705418,1577.53488824,1587.418206463198,1585.54293287,1578.4571192806898,1576.0024198500003,1580.6127860334534,1584.89039195,1585.0142230434908,1577.25687028,1559.8654402475286,1535.23838524,1504.2357783462865,1466.6585019600002,1420.8408419030757,1369.26170554,1317.0332093137706,1268.41668709,1224.2512411583448,1179.87165671,1131.578310827296,1079.8153862000001,1020.398901431015,955.0730627400001,887.0040359636711,818.21580021,751.2277419655946,687.1985688200001,627.1598603441604,572.3556067600001,522.7983814593166,479.45602152000004,443.17036919512867,414.19294883000003,390.998040361497,371.4312853900001,353.7074682957755,336.60504771000006,318.76665089942765,300.73905088000004,283.91539362898686,269.78937237,259.5233095632573,254.52334187000002,255.86552091038143,263.68139583,277.3764569456594,296.02357609,319.16228154283067,346.1202702400001,378.6432811358971,412.68342001,447.2603232630197,480.45561447,509.86631119582927,537.65473184,565.6859398651113,595.46430687,627.4236060833858,660.83316486,693.7872247025794,724.3855029400002,752.6668278812363,780.5143395999999,810.8293364806439,846.5370929300002,888.6036189740425,935.79610855,983.4833920854105,1025.57169902,1056.2284312958668,1070.16515659,1064.5459566470286,1041.9719350900002,1014.2602797036494,993.1783377300001,986.3682747457085,995.2849444800001,1017.1392336932562,1046.3927952100003,1077.1197354737153,1104.8440352900002,1126.0107820897997,1138.00638493,1139.4756458942163,1112.47281783,807.4162044134642,447.69288375
15kg_16bpm,3AB,1019.50281245,949.8825329538137,878.5303516391774,816.2565568870995,771.9013438843638,756.0655907051694,762.9042390587236,786.8593755676692,818.5050566568392,847.2307578857701,862.1751172824305,858.1349043357977,836.5480791765306,801.6469812923319,761.2477299272206,720.2035844074913,675.5676705268032,631.0825506483263,587.7380279416278,544.1020758182736,501.3105336217796,460.39908518759097,421.8854939098831,385.0488660647722,348.39888623587626,310.93815958579074,273.17687712654885,237.17913317026154,206.2503877067735,182.46832898950487,167.064337593519,160.9762475666861,164.62034863203132,176.45638791081743,197.07546569768968,226.24121763026756,262.0684504430396,302.7390948566569,344.9798186956017,385.4547665684077,421.49823950904414,451.9704782111673,478.647772423378,506.0389312338932,536.4693293223626,571.9166896852652,612.9246075629829,659.4725716770727,710.8993491262809,765.8653930278005,823.5260907100001,881.8449886748804,935.7354902228542,981.907037141395,1016.9087781859425,1042.4126775299526,1062.5337412076926,1082.2901307654238,1104.486281277703,1130.2982210170965,1158.6108232432932,1185.5670191509369,1209.5722727641685,1228.6328217922323,1240.90182140084,1245.596174315459,1245.3391181964248,1244.0295805793505,1246.6063646408302,1255.9782889146873,1270.7276319594746,1289.6670062888236,1313.553289727376,1343.2790264980813,1375.2951362440301,1398.3405820279688,1412.063576373298,1416.4838646599226,1415.604449628439,1418.3842997328486,1434.9575508524006,1472.0542712591644,1528.8058897374408,1597.7592470530549,1667.3236602863512,1721.0449360725006,1741.9692907682406,1732.7290327341661,1684.8246575401768,1615.2578279062345,1554.1065106066346,1524.3818324643325,1546.5708432178285,1623.7344329617067,1752.9419882151926,1932.6035795266912,2048.583608415589,2054.544248098863,1994.8836319034358,1856.771012323025,952.89700839
15kg_16bpm,3BC,1635.5173368,1563.4844991507875,1474.0630785366027,1383.076613517926,1301.9209798289576,1245.7183866601936,1212.5382914302954,1211.955654498553,1229.3784764418856,1261.2386313220654,1300.371933071414,1328.3393461334385,1342.3732548912972,1341.3904902505478,1329.053955171081,1311.3318633636786,1290.005237553117,1268.0675791908961,1248.062497485822,1227.880032686145,1206.8051793169602,1183.963056885895,1158.2297941622496,1128.529351396614,1094.8806871820257,1058.4016358000001,1022.090083713528,987.7277156172185,957.9376168198955,932.296927928528,910.6708287621822,892.1524775652234,876.7583886381958,862.4753371069496,847.0631562061137,831.4249465036218,814.7876026048883,796.6919134240965,780.365729781357,765.1269266826009,750.9122872664791,739.5308566837039,732.9348387228637,731.8438561416428,735.7737224471525,743.5388709152746,753.55464864748,764.119999617968,773.5789163507467,781.4564974265904,788.3582748500002,795.5994789473923,805.3453270992668,818.1781119672069,833.7109782502517,851.0965582429834,869.432818872062,887.2175762470124,905.0819543601878,922.4542735447924,938.8607445149323,954.6038425007641,969.7343456783062,984.2494756159635,998.0121324804259,1010.673792640254,1021.7373658010486,1031.2136492505167,1039.349287485834,1046.055676404111,1051.4812283065403,1054.6071939022324,1055.8822192012753,1054.0626876741103,1050.2483981651965,1046.82400128,1047.3929730627856,1055.6848195882774,1074.635906616519,1106.39105989464,1151.4036608315394,1207.704623971387,1273.0318458300121,1344.9903570312838,1421.6425043613085,1492.7561549774166,1550.9580339770298,1594.4222742390493,1631.5428361983163,1642.629606643567,1561.8930996026806,966.1319103805395,1065.7266050416947,1079.1266331974077,1095.6573860224573,1104.778852319957,1103.464463148272,1093.3927903525025,1074.5617255389698,1047.0690516585653,1012.51415239
15kg_16bpm,3CA,1631.64790248,1544.0455960719694,1438.247260194818,1337.383913076668,1261.67312419394,1219.8005195479589,1216.327835230441,1245.4563900849078,1297.2751413848785,1363.857043568821,1433.7537806205132,1498.1837508422063,1544.2453355180276,1565.7635293274552,1569.8423410498976,1562.550219460092,1549.070167840078,1533.3494680540712,1515.958722991748,1496.8180229649422,1475.5866999085606,1449.977667101478,1417.6569751886977,1377.175948539883,1329.7216528004294,1277.433238551048,1227.3424519317925,1179.694266947973,1136.2023180458361,1095.0500792873377,1055.351328705364,1017.0867241137424,981.7144754319496,949.7362609012534,919.2763477078507,886.8820064915033,848.9163210385685,801.9741083919661,746.1650746872523,686.6848407525661,628.6259240984301,577.6322989413585,536.544170410592,505.3720141959605,482.0234148140308,463.2375173165507,445.5698774134686,427.01261650297084,407.79070254014977,388.9095263369652,372.1649461879833,357.7568002562655,345.77284269405,335.6219805703162,326.6132118780385,318.95939642144475,313.9676048669427,313.47125191455723,318.7439209154307,330.04034572664756,346.726207663682,367.4337257755371,390.375186184619,414.2731758879283,439.7002329817657,465.3528889782296,490.7032484242667,517.9470635496793,548.4931242211416,582.5450321938021,619.00007634236,656.5213380378407,694.1312661721563,730.9863867960509,766.2982760387263,800.334795286736,834.0125250088024,867.3041740811618,896.4993750495331,920.9201733412468,940.0723608907442,948.3996208309729,946.5741872239838,937.3984911777237,928.2554980570874,924.6502309061307,931.6280351842529,951.1035445459929,981.4312937848669,1017.2431727602757,1051.9960052554386,1083.425919161225,1104.7756809244913,1111.629087539545,1103.5961605674836,1083.6729560024373,1060.3102427914414,1080.0645865724794,496.17391032021607,480.513999216787,431.31214362
15kg_16bpm,4AB,1109.27531407,1052.99838699674,996.0960503140751,945.2550008376817,903.9548523632185,869.3028703444033,844.8827104845004,827.5677496275358,815.9386153264081,809.8397397001802,808.303041322275,811.0091458696851,816.0242084489838,819.447135973829,818.2173023068204,808.5566972070222,791.3071134625587,766.6010863612898,727.7177403282149,680.1390951680825,630.1096070167857,580.3933109482412,531.1883534143989,485.03062397810953,443.31615659246916,406.0052574584416,370.4403800780769,333.2836253416465,294.94056292534435,255.8570993219521,223.08596337449526,199.39232125617778,184.15048773745937,177.40919414751892,182.65941388669734,192.18213407602215,206.9230622436306,228.41769746669462,257.1136723657725,291.28532349488404,328.4653710780318,366.3795777793187,403.49842348692664,438.6041316565429,472.965466139705,506.8956860403022,541.7517118935594,579.0751089641292,620.4592504501627,665.4525526979346,712.3258718400001,761.7259770534941,814.7560177992771,870.0119819915333,923.6549792637845,971.4055832176543,1008.9770165694569,1034.2525070351335,1049.1816694751608,1056.8270689184606,1062.2283041813914,1070.8427454206007,1089.3375998799654,1116.1940015242117,1145.5436432775755,1169.6891744542086,1184.978252913759,1191.921346567237,1195.1172885770263,1199.1160245451179,1206.9438503218496,1219.4497105058779,1236.5022607108235,1262.43012326234,1291.9118015198114,1325.569536912538,1353.161608009794,1364.3575878751642,1354.1086632795273,1322.8871655512085,1278.4335239169757,1235.621909916688,1210.0836116479525,1215.327717200077,1259.3002346359224,1342.6492237700506,1455.1373788040487,1586.7677009339707,1721.91711514772,1848.1593746478025,1955.9822391572359,2016.9685672840715,2015.1468435004626,2055.784824662723,1005.3043512748857,1128.0616138064129,1144.8047961421564,1127.0060407225756,1080.2507455045402,1012.4389052119508,945.62863174
15kg_16bpm,4BC,920.98250615,923.9803474991552,924.602273344717,922.202986926752,915.1751161592371,904.069073865217,896.383012120753,751.6825601941747,1735.89505408255,1526.545250115288,1388.1875038859278,1261.160318178402,1174.8907814858057,1137.7838470216489,1155.950378177673,1198.0945287436086,1246.1651022781439,1286.0204024938762,1304.297832583525,1297.7736986012842,1270.668878634477,1230.7462543577276,1190.6415942471685,1157.4083953889412,1129.4918482020462,1108.7265058103444,1092.4974307890577,1077.282941311105,1060.3327644244982,1041.2623215182139,1021.5771945712731,1004.2348928513582,991.5102388330861,985.2255218719038,983.9005040796823,983.4887081728044,981.0626741627366,971.1806542665339,952.0245924530946,927.8156344260339,900.1881242177013,871.4523264039857,848.7129375747534,833.0608102324406,825.8533826777393,825.6554759313727,828.1021548446328,831.468185027175,834.0838231311192,833.6683450010714,829.7132372900003,822.2983608385684,810.4380626235231,796.3278807892424,782.6093957921303,772.0234783231008,765.9543320428304,766.5489593731209,774.1770301315386,787.8391034855741,805.0857801919637,821.6910523166554,836.6552303937677,849.1602331959077,860.7427606344361,872.6668887111778,886.8690823105095,904.509514806008,924.954019541337,946.7516268299507,967.4234556894804,984.112709375584,994.0465660979921,995.0961534463725,987.7833485397329,973.7458506978196,956.321795681343,939.5470463562774,928.734266616304,928.8453614396791,943.9342602440664,976.6856840093758,1027.562893102654,1094.466772352606,1172.000468716756,1251.7576954173321,1327.0545121341142,1411.0886951652299,1488.6128977831681,1544.597208804349,1580.5739897244227,1600.7020913021042,1599.1387074014588,1691.1105422731277,1267.976474520178,1179.7126456624815,1194.4234366662727,1200.2436857046357,1175.1476850771105,1129.3016237679983,1076.28110065
15kg_16bpm,4CA,1474.11853178,1305.6452315683484,1144.4141077373238,1025.362668016956,973.0838449236724,995.8522168210158,1082.5954383709095,1207.3331524301352,1351.1391439654676,1486.7647677123223,1590.459122134461,1642.7675798236505,1649.953592659958,1625.9887049743716,1603.7106539367248,1583.960164815257,1566.0595111092994,1544.729009116801,1527.0922953578643,1512.8531161401036,1493.4300309962368,1468.8319324323286,1444.0933753773825,1438.213460614791,1438.726870401336,1425.0207315400003,1401.0392295753763,1367.4954260947006,1320.9705803454135,1262.8419138510906,1197.1969029417892,1129.2429194476806,1065.7757918404347,1010.4904933681257,960.4352367041615,910.8167825996388,857.8643573599134,799.9080294961105,739.8888763658268,680.8868302575236,622.9054748368314,567.4825080177854,514.7624669624951,466.82798119116893,425.0478404444053,390.0876999130411,360.7178074128321,334.56392208554354,309.92115162461073,286.48984899776906,264.873901,246.77284554968668,232.8376958350484,223.86709993436594,220.57195552282653,223.6455553991999,234.106677463335,253.03991393926688,280.6591921453609,315.5869572684287,358.3040900071866,402.78925534453066,447.0510814349447,489.31046981520774,528.512795216623,564.5249880609855,597.6651878515942,628.1614010190935,655.9802498615514,681.2742367733167,704.8674166290328,727.7749193914481,751.098543512517,775.7633288853808,802.3909632409019,830.1256938100001,860.2603292659593,893.9033983559748,929.7291640875374,965.8890924458569,998.3340532522042,1021.7187045935962,1030.5420035583213,1023.5484753090482,1002.7821985603551,977.9191603990591,959.2984810879034,955.8140108548702,973.0281858659532,1009.2481530295128,1056.124545289305,1098.9778322630377,1127.4335099860018,1133.781970766349,1118.871499620284,1088.9977266123672,1051.3630505100853,1011.4637669247525,970.3250073808356,925.5719794145427,872.43660914
15kg_16bpm,5AB,1002.00116654,928.1255079785598,858.407033788535,797.8517619098023,756.5317260863258,732.39262716161,723.2800599557091,726.3202463141403,735.4632609145463,746.7142838026198,757.6210114798234,765.5753584710395,770.5271892030252,769.4558658436499,761.1033105577532,750.086773974839,735.4378899002213,713.3322923091268,684.3958566749426,650.1270860278175,613.4842949154597,574.8750122856571,532.9689221672477,489.76428576122294,446.52176646310784,404.04525581,362.4584390636646,322.0555778816733,283.9912059005403,252.32803245254405,224.6290499744607,201.2124372537798,188.76348626347288,184.91473964956302,190.97212764739476,202.3686815252675,221.19409430844365,247.01064047582324,278.055933541041,312.210660262561,347.6346187975476,382.99518727478153,418.33971721996477,452.7277596147971,485.6024097812349,517.0880464181403,547.2991687620616,577.5789410122017,610.4058362776492,647.9031219164333,690.63449647,737.7501898637328,786.278920499383,831.903462110774,871.9303526388904,908.1759905287597,942.1838743886291,975.0508863014801,1009.0296004698288,1043.474918462104,1080.9173083375338,1116.473931544482,1150.6093472785253,1179.0377789258719,1200.3581454839352,1214.2855814782317,1221.9302645858193,1226.923515994068,1231.2810156651242,1236.5852823500618,1243.460096853687,1251.8352396179005,1262.5572632235655,1268.1888996533735,1266.5822705215553,1256.3158213500003,1239.1492552428886,1222.0572671623631,1211.5810014021333,1215.7804746764357,1243.0047047644655,1302.6608305793427,1399.054888426666,1529.1426480439463,1685.755754597236,1863.1181103620822,2055.4887689878433,2186.240443362572,2198.933720720662,1915.779971271621,1031.6776195226396,1095.1125086230497,1125.9348021379358,1147.435830925275,1163.0174729011887,1166.6173773257888,1152.0207931803548,1117.8340015314768,1066.1234498481526,1004.3617578446773,945.4962922
15kg_16bpm,5BC,845.15037571,1626.6926049298359,1524.879646308571,1449.7614894164403,1353.146299650412,1273.4621773661518,1208.635587330676,1162.1384346142643,1157.2337616374055,1182.510139740254,1220.5296906359229,1264.897661280265,1296.773135875796,1309.9808247461347,1307.554671222399,1293.759815946829,1273.9585371571065,1254.7894189915223,1238.864084569292,1225.415063427553,1212.3993194490013,1197.7276961094667,1179.2635730065936,1154.4907460318493,1123.0654289436313,1086.6921537719975,1048.5830062571881,1010.796592853138,975.7985321680981,945.8378880429058,922.405169114294,905.3260200172246,893.1622080511717,885.2678964535575,879.8659090820472,875.6915495303584,869.7000365411145,862.227583129035,853.8257972944486,843.2912152789812,830.1888598484071,815.9127591239713,800.8959452207174,787.1890533712038,775.6431978871708,767.4228457773455,763.6970510647457,765.0024973470842,771.6750922287733,783.293993636588,798.5480557991216,815.7800413671138,834.0725907704364,852.0326718599034,868.9471781317843,884.6767331735024,899.0670787438451,911.6035137553695,921.8847872919117,929.611644850254,935.1845189892249,939.3232330904401,942.6438802650446,945.9775939021029,950.2176297767184,956.0527227283419,963.2103214718535,970.4244821212926,976.4945893508284,980.5205136091178,981.5237158854789,979.1515581432852,973.8848525935784,967.2178937941462,958.6867053865228,949.4298466078883,942.6361335253646,942.3987390353108,952.3142470800967,976.0846642994779,1014.987117724067,1068.4502848992304,1132.6635413131744,1201.5319389812921,1266.947373867111,1332.92896100491,1400.7499900049418,1443.131495437897,1454.3807814961951,1437.3648128888265,1396.1857615152855,1372.9910158475525,1400.732583808607,1455.4797568323252,1511.2057067896853,1668.6071833490075,1002.3116674402534,1068.595373671058,1051.1512429688535,1045.7697349846324,1024.30217388
15kg_16bpm,5CA,1239.03435058,1163.3598030467244,1096.6055718928471,1058.7904824677703,1049.1409508224278,1076.5132439744725,1140.0489400884628,1237.6545126485362,1348.2012241885736,1459.2314317035384,1561.2565040240472,1639.5987047054866,1680.8354396879788,1700.603592622489,1704.9045158753845,1699.2022389500287,1685.0620907751268,1662.258891712033,1638.490811838948,1619.4952256722104,1606.9361176644254,1603.4070839514795,1588.4103269670122,1559.2017832305269,1518.6472388369118,1468.3911599547769,1410.1539649502722,1350.5608217248337,1290.247236282168,1226.8504573038913,1159.2307331003526,1086.6341186910647,1011.1720554953068,935.2055200301259,858.8451488192237,785.7160307784015,718.8483369766949,659.2015921767687,606.5936046613472,559.834814091112,515.7349846867085,474.7501199912933,436.69637607962545,403.13778354153465,375.20043887830053,353.69281266186624,338.53935387427015,329.0397063771907,324.25516541184965,322.7547560798347,325.46977860900085,333.6474671498055,346.62900567088593,362.3663841619629,380.062942178091,400.0264189310082,422.2355523934613,446.3069267080496,471.8045126104729,498.9620072066248,525.5032714681295,549.5486008464856,570.7324311058944,589.348323920107,606.4301762247686,623.8171606310485,643.0625001767638,664.2765957313133,686.1969907541893,707.0137233453374,725.9371822090312,744.7198015842137,765.9110840224802,790.3230231453044,818.3721761512568,850.5237301307453,890.5215866927067,938.9777274139482,993.627243258799,1046.79837156234,1088.6270523131996,1108.8852215357097,1101.8386806054102,1071.0060259963896,1024.214211116079,972.8511407146403,929.5048867953441,908.4734514460287,917.2300586611047,956.6398172808175,1019.9909597497682,1098.6145786820664,1175.3062893344122,1215.5869151929826,954.9470583964383,605.524555821945,592.924403260724,579.5075331555511,553.5182598400728,521.1182222982809,485.16783226
15kg_16bpm,6AB,1141.86682682,1045.6835878916968,949.7127800342329,872.900746648293,823.3835476982007,798.7058215375989,794.2919503981102,802.768967934865,815.6601695508771,823.873669627018,823.6803301382279,815.7431843613228,803.2267056087072,786.8421177245932,775.3062653745175,755.0106340607111,716.9979114783839,663.9091161875754,602.4817663315722,539.6488847014392,480.9776716136184,429.1431274636722,383.88685034672295,342.64688556501113,302.1905578288658,263.2685923018492,226.21475038390642,195.10147720083495,173.09096472165504,161.79144619011257,161.75136206076013,169.97222664340487,184.42930507455927,205.40491464754322,233.35138303974279,267.60207217851007,306.82734654160515,348.8858833023788,390.96262793211775,430.25597201425217,465.4375054147,497.28397095436856,525.3011091385599,549.7300106768321,571.8269644173216,593.9511982393101,618.7777339906738,648.6718530833925,685.1142071853042,728.4309029676199,775.8668953414358,823.1064153667619,867.8097719791092,908.7989598696621,945.1520128849338,977.9726207396807,1007.7720726711642,1038.3168113990125,1072.2823160547593,1112.993337375623,1157.4641236129687,1202.5278509683565,1244.5400302938924,1282.4279904229438,1314.412393272611,1338.524905663753,1350.7906333532042,1346.4395246256831,1324.5038147444648,1288.8738925012037,1248.9463873580462,1218.2816856487684,1216.1838586526148,1248.870711783678,1306.1894563561655,1361.2733467134412,1392.5465735047787,1390.3477822706388,1353.2832975809854,1288.2102087525336,1213.5893571778552,1150.199577471868,1116.5310543612165,1121.9395793219505,1168.7904720108315,1251.4494541251397,1356.9078315412828,1471.176879459868,1579.167151316778,1668.2524177169519,1729.188902040236,1761.035986015867,1773.0947744337786,1784.1089063003242,1804.4744743238316,1851.1042422660842,2030.8459207718545,1089.425913828131,1155.1036679355602,1105.7148878242901,1044.60595377
15kg_16bpm,6BC,1664.51727917,1621.8934715109249,1561.1116290647085,1489.171375283278,1377.9514036518992,1283.9090684097414,1198.0983328090058,1145.2715742979979,1143.2128629671536,1156.0191559285583,1176.4342640749305,1198.21286497364,1212.4576049357563,1216.3968272698507,1212.47620146941,1205.1522008840054,1196.2643021708304,1188.2786992131448,1181.8618643786851,1180.0908859108838,1182.2130268028093,1183.5497924768606,1180.5549110066122,1171.1457192992154,1154.8610919379528,1132.7242336889597,1107.1247780718038,1080.9480041432837,1057.5441358264518,1036.5497436262553,1018.3918457983818,1000.8496509230604,983.0974969331943,964.2089709899959,944.0919807541849,924.0868254607001,904.0772171513415,886.4224847943112,872.6634978573645,863.1107414697656,856.350135267715,850.7943836768609,844.2606936088274,835.478706132394,823.1057432535667,808.0801815869797,791.8422479053027,776.9316271256369,765.1134398272819,758.565660481262,757.0471066176351,758.6021961969933,762.3155506723962,767.2275229293028,772.8098896346296,780.5354154726601,790.8719038713314,803.7682747262636,819.9897054054427,840.6668847788421,865.4266379937286,893.3919107503857,921.7955702226739,948.1484428411511,971.1934925928431,989.9571627174996,1005.5374554014167,1019.2756763674215,1031.8030642059066,1043.30949734014,1053.821816733886,1061.1596584877482,1063.1855394502447,1058.112032722726,1046.1262577629216,1029.2549078951736,1011.7264881355537,998.9264912233621,996.9228798429905,1010.9998421248482,1044.5911527135454,1097.944714025791,1168.5548885417315,1249.498840386641,1331.5515058034014,1417.1108506874202,1504.4763778671386,1567.0043527705332,1598.9223614441987,1602.306286088949,1566.703579079899,1636.6181894542187,1185.6966360802576,1027.7506868084931,1043.053498377201,1059.954125462507,1062.2634688111518,1055.3208811885108,1037.3177322753306,1010.9869397679962,980.30660868
15kg_16bpm,6CA,1347.63292501,1156.807192803098,990.4763489390211,870.3537416795588,861.4669624559343,952.4093640400001,1114.0626898223695,1291.877037821584,1444.9361413366792,1551.2332235333884,1586.5778734,1575.6645114820735,1537.3703358335342,1496.246069978005,1466.811054380226,1446.1532806200003,1434.7347071278618,1428.4211841862807,1423.755831495188,1421.2475533107138,1419.5890807100002,1418.8288156085737,1414.693982216143,1401.4669163580206,1374.7629896159015,1334.25435978,1283.4930497548485,1228.6097591748628,1172.154039284599,1115.760418847358,1058.28451855,1001.3042453102348,943.9896994616486,884.3981071173152,821.9913491225235,758.15659617,696.3476583645443,639.9100298939626,591.704355849731,551.2223453367902,517.89108586,486.5022335009919,454.05381984741643,420.281625896199,387.7304668691498,360.58336076,342.54625389146963,334.7594202182707,336.1164498776378,344.36992569464815,356.26424066000004,369.13166156744217,381.35090543053616,392.51543395085895,403.55642909784785,416.5632100000001,432.88827916718697,452.66412790072667,474.72455557074863,498.329367333786,520.58253616,540.2642244743602,559.7313158368086,581.3375912182225,606.5890091826541,636.0182715500001,668.7906988627116,702.581609156558,734.2050724826736,760.8006278055401,781.38504181,797.5324995752459,812.8861457667404,832.1420741341896,858.8487427626742,894.3131127200002,937.4255170128828,984.6672410389377,1031.0484056715204,1072.8241546120234,1103.64467257,1118.8016895922394,1114.7746822991253,1092.7700901939613,1057.3710834185572,1022.30004574,997.0363383727782,992.6756764892706,1015.5413647129676,1059.698177100585,1114.7410705,1165.4767929439179,1199.1635800391282,1206.808820387173,1190.5776535464397,1145.91057195,752.0190214859086,515.5312720387823,465.36131325769617,432.43549648868793,400.27555957
15kg_16bpm,7AB,996.99859672,900.6061878738782,814.2428479468468,745.1516696702231,695.6157841634055,665.7638610028155,652.5225661228523,650.8897549044772,652.7478779022341,652.6347344807557,648.7275008658988,639.5381021985401,624.2035465533233,603.576100392395,583.4673728173976,558.3885011756129,529.8952774749891,499.94292273952107,471.22774077906035,444.12207951744676,417.6593641796149,391.3996737867396,366.32308184838803,343.65814126161825,323.55440766309744,306.1671205052174,290.7316530004871,277.9754517084133,265.7120712056344,252.95530448663774,239.48436844727675,232.6342701847353,234.46867627598715,243.43134759206836,258.4365578178211,277.27602575968893,296.6415672414122,315.93102388548203,335.2870887796079,356.635551543138,382.4594305343689,412.9554686300627,445.95212129486566,478.3574992686161,507.9382305119351,534.884264261066,562.2123527183896,593.0744556875815,629.3534540052123,670.7229578577848,714.997333844005,758.9039509146246,800.196175660233,838.1434782395836,872.4497462906828,902.9405833497173,929.8777971564215,955.2421928087829,981.9307544330845,1010.815706372688,1041.0420463694973,1073.5457167875272,1106.776272486129,1140.1100355737797,1167.96406470669,1186.5564683388968,1192.5465769998812,1188.777097001579,1183.0114924019335,1182.258367649176,1190.4174755662862,1206.3468152404532,1237.6365356389772,1278.7862623143044,1319.301561657596,1341.4397229587762,1340.826092534665,1318.6347457137474,1279.669312215716,1231.981775351782,1188.2621771827644,1162.0370834462492,1163.8495664063144,1200.9776244637044,1276.732481704626,1385.6547494789152,1520.9918450109433,1672.548295298162,1826.0414528561491,1961.255055492694,2050.076432001313,2088.798715358536,2095.6386120121992,1307.2144762776286,1132.0995515438763,1121.409408925716,1121.57201677592,1095.872450138741,1044.0098181443727,976.2286903015178,914.29067383
15kg_16bpm,7BC,861.96092916,866.5121704810219,874.0200142655173,882.2198094637752,890.0794029990466,883.4155461760683,851.8407646634114,1333.6820357201427,1724.9144738024747,1595.0256849698535,1423.6992224799797,1276.1637473589565,1154.5193023645666,1067.9081549014359,1043.1012528252427,1047.1091834531962,1066.2815048559764,1090.5834469641406,1111.6272068006522,1124.3745537031145,1127.8923430934365,1124.184317662575,1117.1176544603352,1110.7066232626444,1107.4327528089652,1108.52489968,1113.0091548067137,1119.5013233458833,1126.6538653852258,1130.9965494774199,1130.5293600418263,1125.159125175696,1113.3614375704733,1096.5561973596637,1075.8710151959426,1051.802073092097,1025.381757369032,997.2834167506593,968.9761405684699,942.0378739885414,916.9139655352202,894.6679245898688,875.5684017313367,860.9946709399429,848.278845879821,837.3124978201621,826.4673174458776,815.7078989326421,804.3391220641807,792.9944842383347,783.5889103900001,775.8030710252788,771.6482104859647,772.6032963282796,777.9412072265735,786.6602956629878,797.5361741726696,809.8499467239961,823.3908482726627,838.8741614597476,853.705009975951,867.752453808359,879.5827283493758,889.0044054088521,896.7445144739258,902.7642025550093,908.2677297222642,914.0012602698991,920.9202358442644,928.9221265957268,937.9080287124451,948.1965408047217,959.9696557120449,971.8511701702373,981.4781567039956,986.3763849200002,985.7672895512821,980.6597859784946,974.0362030776613,970.2066908274319,973.8469783593384,988.2352847997959,1015.9680745422997,1059.5493331311482,1117.7012230950368,1184.6754571968168,1254.0535321384928,1339.6105001275096,1433.5503822635358,1505.5892470790911,1558.9160433792608,1560.4809600925578,1517.4061467853899,894.9451173184927,1002.2141740421373,1028.5747824406526,1050.4249566411906,1062.9640456776397,1062.94074110574,1052.1752634674995,1032.48736608
15kg_16bpm,7CA,1249.65774242,1106.2962859025977,990.6307332565641,925.7264979249479,922.6675316494964,981.4066258338145,1090.8579373721004,1220.4861718985921,1346.7527162766319,1446.6310343744644,1504.0895785973607,1516.7347419046548,1506.3214400193965,1492.6519250204697,1484.1760050775172,1478.1318536103743,1479.4089019501616,1484.3651479086866,1490.503214060144,1491.201965633863,1483.9481800581161,1468.6313527618236,1445.881626964215,1414.8685275964122,1376.800165798773,1332.884753563221,1283.7510869645268,1227.4854376921244,1166.903642071168,1104.461218699626,1042.010797458724,979.9366334040981,916.9263889426767,854.3388382420941,793.4315620304016,735.29091180796,680.0966638914907,628.4222504283786,580.9023515916983,538.027368318737,499.3735610238104,464.644676660526,434.85884873033467,410.9540744346638,392.37653868066803,376.27897376584997,360.4879104204939,342.76748439682046,321.8165414815666,298.6588128788096,276.56529004588174,260.1225382238244,253.5124633658791,259.0080329182139,276.6489318937992,304.6840789871829,339.794759106801,377.7937769882516,414.73531781753235,448.7113378707944,479.57247340173797,507.84897908317953,537.6204920086761,568.6276376328909,602.5397350776349,639.2653892161933,677.5369224872164,715.21806853012,749.8656292521806,779.4948954808057,802.9816890764962,821.8165023470688,837.7244534257474,851.9384408962356,865.2747192400057,875.7639300957057,882.0264083773963,883.7069288575688,881.9834624964268,879.7935132022177,881.7028680801261,891.5315633317456,911.7624893909411,941.3863574223699,978.3755976640019,1019.6200057876888,1061.7375775798655,1103.3331703039626,1143.6456127217516,1178.277099357928,1204.8378097730852,1226.5153840842722,1240.3730783532346,1240.3772544246515,1222.2035785715966,1181.662626149983,1116.5231979287862,1027.1042077307377,919.6101618208539,801.5680337248264,683.147506
15kg_16bpm,8AB,1047.56566066,957.3123265911968,863.9776959127636,785.7462223185911,732.6629248269314,707.5590215707743,706.3891113662014,722.4701211528051,743.4377072649326,760.7072455802014,766.374852140154,758.9450007481087,740.0695067950206,714.3136040139441,686.7249380097129,665.3745225705692,639.4993352291082,608.4256725913201,572.2634906520149,533.1196265617942,495.5528962646517,461.5213337215562,429.97324922962076,396.63853890477014,358.03955324676303,315.95349174000006,271.0947137885208,225.65041063784565,187.03384831417057,164.55328849108503,161.15029256932073,173.78753718749263,198.3226100895199,230.74873488811485,265.4717072110038,298.1336465068381,327.2219699478475,353.7422797468619,380.25197580000247,409.5015649740648,442.44987304896165,478.41897627090015,515.5032207838757,551.5448621591781,586.1774042189458,620.9990005620986,657.9617352005832,698.4393238946628,742.6083732074478,789.2030251893232,835.2937626399998,878.1009251839039,914.8724405615261,945.4005430827178,968.0278019723714,985.6232303383854,1000.1389740762584,1015.5227041407628,1032.4033286275144,1053.7696041757215,1076.6481873051325,1100.350179965848,1122.623338060786,1141.959126894742,1156.0469227039555,1163.686789374018,1165.130726798396,1164.4670274460975,1167.8437330210074,1179.9269355598833,1200.6472469257849,1228.9857948516137,1266.072850670714,1298.4386513930692,1326.697700149468,1345.84913455,1349.7596254573025,1334.9431169414775,1303.536862334721,1265.0759382097397,1233.367566029849,1221.715199628651,1239.2354003001772,1292.0413463358277,1374.7300382607032,1476.5944889538175,1582.3370442542046,1675.3012916779512,1738.6879685611318,1771.4040133252638,1778.619832073272,1770.8880764513174,1766.2986497623403,1779.615671369416,1791.7551246372348,1737.6679289759304,1136.4839353683442,1167.890887779327,1145.3105258099401,1093.805792611929,1031.77004661
15kg_16bpm,8BC,840.47393126,850.0410731956131,848.0333873708454,857.4387680941561,1027.6370699337376,1628.593662336978,1514.1786528574905,1442.5970731127888,1360.565035888266,1277.6470257710441,1212.932007979171,1171.762109872242,1163.5875282126601,1176.606082769546,1199.401281025826,1226.5644197416727,1251.4079933823507,1268.0612233511013,1273.9159826611126,1270.3105156702118,1259.0973276841648,1242.0145677895284,1220.667230226722,1196.1113228225793,1169.0930281796989,1140.4757092600003,1111.6829376718538,1085.2355792544906,1062.3873557208944,1043.5174622835275,1028.1226801746855,1015.5846122775448,1004.7334130028379,993.7313537744615,980.7980684569523,962.7740440708993,938.946190049931,909.7106966758447,874.5346387329523,839.6810251317015,808.0943243468075,779.4591353089762,755.5862199130964,736.2374848377339,721.7287315480861,711.9066739414252,705.7449817221716,702.396792932022,701.6515955697657,703.2750273665738,706.7706016500001,711.4892630313019,716.8430312707887,722.2354486659711,728.2123411182259,735.2959936024691,744.3955250520992,756.9542795508577,774.0782735038006,794.7462536337083,818.4842921997043,844.6324551787732,873.0904252699856,902.9513575624943,933.2434667955197,962.6731060098831,990.1740251757782,1014.6342110439313,1033.9031247203081,1047.6906932093334,1054.5047298833456,1053.949869724959,1047.186447936156,1037.1987160476274,1028.181034430797,1025.90661056,1035.426147219577,1059.654682998792,1100.0562195718044,1154.7933909678407,1218.6759788511108,1286.1746612686243,1374.3424710537736,1471.5464069055693,1552.6547600148322,1606.5537878434166,1627.6460105122944,1617.9797856247264,1582.3460682719804,1556.5924219098765,1577.0411171014816,1625.0488878538195,1016.1352063291125,1116.2008021837285,1124.3997304064967,1122.8322134882262,1104.1895899755864,1070.3651613980132,1030.947559793243,991.3007527269164,952.24919034
15kg_16bpm,8CA,1415.04644234,1351.9821157710908,1276.6691125896664,1199.594060541122,1133.1803410114107,1084.3306421292687,1058.975675039425,1059.2048621379104,1085.1379581084043,1132.820667091471,1190.5809237782196,1253.4865178457826,1311.5470474018002,1359.1680024259822,1396.7577094094863,1423.526331242094,1442.7576067041907,1455.6008742085874,1466.1715774531756,1469.4680830247169,1466.2617238395699,1457.1479935284347,1443.2976790786986,1426.494690712432,1409.4613491300665,1395.0557977836504,1383.4068419116252,1372.251758395918,1357.5098208405277,1334.2275454536677,1297.0261203057912,1248.255884600798,1190.5629195204033,1126.6221861987442,1061.360006141053,1001.8514031667573,949.2496912262731,900.7903461016724,851.7076484718505,800.2018549155838,743.0115759937985,681.5908312617963,619.9036245416963,562.3310237406372,510.5855397267462,467.63860300145143,434.6363628967722,411.05193306161897,394.5670772691811,380.9176829596139,365.74805578198703,346.8175923242432,324.572586390953,304.1626954165207,287.72559818788557,275.79831860183725,270.6784534876554,275.7969908135152,287.65916616332385,304.701543436555,325.72401598622605,349.98431581960165,376.8047566412989,405.6719732293601,436.7116755123745,470.38761913205906,502.84034299929607,534.3064831914973,566.1130779183372,600.01504777291,636.7892673875745,675.0354856995689,711.8173629936306,743.937919431179,768.3180003978955,782.7570839542038,788.2067244145114,789.6720228903998,795.0451569398723,811.089940626461,842.5173865718706,889.2902225491603,946.4435956857682,1006.0398130975639,1060.533989116776,1104.0854304386967,1133.005833320537,1146.3275386095354,1143.8581717943923,1126.7731193163886,1101.2920833382316,1071.2538347479756,1045.7926482943933,1026.0772719060947,1013.6218797795765,1006.535290575714,1000.4619680254862,989.8006809390901,968.5811267006899,932.79074794366,881.32583663
15kg_16bpm,9AB,1086.54571799,1017.9086177674202,936.6646487994781,857.7137091765009,790.3194385072971,741.7146123742069,717.4370662425395,715.1470045171051,725.5448179420744,740.4222877928123,753.1596916536109,759.7109857476818,758.1974661850463,749.3485869052816,736.3480294077555,726.0073152803736,710.5919178178116,690.3230399602279,664.2946675517209,633.5137268472926,600.4944041841537,566.7054899557966,532.023489176524,496.8898865800077,462.2583379079652,428.62159075316293,392.82978166886085,354.90750729383666,315.6981717571007,279.0643923978147,251.1349352160483,237.99363519740857,238.69642330591185,252.7565325968752,273.93127416364945,299.8448718399981,329.71194712968804,361.32926570148635,392.7755824352167,422.458206123677,448.6585670199462,472.7876370781988,497.0399513127707,523.5141638234513,553.6920875664989,587.7603413822109,624.0692246447903,660.2377011148058,695.2761748916437,729.7774993156429,764.602688322445,801.0046783070829,838.7828755747975,876.1603124132819,912.166840213983,945.5163786397416,978.8736203221814,1012.6979489386925,1045.5125308942943,1077.0215137111074,1107.0887284591558,1136.7710697063944,1164.2202387185812,1189.6244957605486,1210.322916226187,1225.6090364063316,1237.2052430568792,1248.2358643802718,1262.5827948936803,1282.4913779525614,1307.1301440207867,1341.0443847672732,1374.5491921068658,1402.245185512328,1417.7194580570708,1420.0016997387963,1409.9325941126597,1388.295212710505,1355.3148981539935,1311.9220666438082,1262.4348884146814,1215.2860951357875,1182.839356832666,1177.352521161413,1208.260541943826,1278.38856306458,1379.790242093003,1500.1641921173896,1625.5550267804508,1745.7489639121686,1833.3214886157352,1773.3601565474858,1035.641236776335,1100.126823607927,1130.775571844962,1139.47318799707,1129.6589296867094,1097.0449576602155,1042.8319909546217,977.4372933428822,916.16970583
15kg_16bpm,9BC,1373.54072356,1271.4094318204677,1179.549158938136,1104.332190234246,1053.382929295325,1042.1098582691,1053.5351798343845,1081.829553721157,1121.7504251259381,1167.0345131479673,1212.3112866444642,1250.9159897741088,1278.3327337278286,1292.069062906554,1293.0209757966088,1283.1326160305268,1264.699651319539,1241.3045857209427,1216.1868497206508,1190.2855394276953,1164.065340418116,1138.6121835127074,1115.6030892935482,1095.283158982336,1077.747411947914,1062.60651918,1049.8316519602047,1039.3328793087883,1026.536155064748,1010.1419759283176,990.8315538122969,967.0549748143073,938.7978219783223,906.7912126268632,873.7279357674726,842.707396021939,815.3067889599403,791.2225322744342,771.0927249304912,755.164324277101,740.91005535677,726.706746081616,712.890673953149,700.3278009551409,690.7662804612319,685.5074505709753,685.1708035723346,689.7222847965884,698.7201139656466,711.8513451110312,728.33387192,747.3836960883178,768.2748383119415,790.5828056385051,813.6584609142762,837.2011288298497,861.332608209553,884.8366480448663,907.6273795321777,928.9042604946554,947.679869382136,963.7198038027484,976.348135414118,985.7017063616786,992.4815360145311,998.6631763681576,1005.7863242519198,1014.529803098052,1026.210996887401,1040.2692744705546,1055.1639504521993,1069.649325742964,1080.8893809373988,1087.8037395245397,1088.9432232192266,1083.6278770700003,1072.8821500700424,1059.1301282441823,1046.6783686826777,1040.4719573146529,1045.3269409211791,1065.164028151097,1102.0118579055527,1153.9486089312409,1218.2874890865187,1290.2379709771815,1374.01541982721,1458.080607019831,1520.9837292919337,1612.596401630822,1229.59932276115,1010.1200416230283,1050.6545561761072,1078.383353725226,1111.50569510635,1145.4276535084086,1163.8654430510853,1162.2371594196964,1143.1155079550385,1113.8860431730834,1077.25782927
15kg_16bpm,9CA,1330.82398634,1269.2004681291016,1210.5558229710018,1162.724901131961,1131.9185331412755,1118.142285689459,1119.3640328337476,1135.3859947373119,1170.2488555601544,1220.8590051508381,1284.060787226481,1353.9340899772546,1413.3792449063315,1453.0002175013333,1469.5006134483513,1488.006657785569,1471.1020241062597,1448.2777640397976,1423.9463116577597,1404.797653815464,1395.6531160521868,1395.375858527177,1399.6226990326506,1402.689967348462,1399.5249190824718,1386.1799093042127,1359.4700277668114,1318.376587055365,1267.8580167383193,1210.3710184322008,1148.7402369582471,1084.872500521315,1025.774254858739,972.151435930544,922.4924769945194,873.8672769378109,824.7198779809573,774.834477495419,721.6894782453068,666.3168754477744,611.5020239156694,560.0644355063131,514.1013112362189,473.0326362839468,436.90927497641724,406.1596296584751,381.38813172899575,363.091720059751,351.2767116993052,344.4153457223313,340.51627264756945,337.5091510878968,333.59230105970664,327.71791088813194,320.5985225832427,314.7038731630415,313.12009110801677,318.8945233639564,332.5411241257764,353.52046008325624,381.91928305035793,417.54702246906487,454.24660561687796,491.1776672368351,528.0746229965566,565.3401131572717,603.5774919800791,643.1280993267542,684.0212533341047,725.7992061788738,766.8720809569654,805.0316134431063,837.9702588379325,865.7230013658948,889.6250627037933,911.0617265962339,931.5127999682538,952.6192808041413,975.6104516562124,1000.7717896806828,1029.0742404756447,1055.95832021361,1077.298510633922,1087.4322180353693,1086.183770732869,1075.894372919519,1064.334901323319,1060.5075518166557,1072.5497848978735,1105.3544570726765,1157.6430188680483,1219.7624392747284,1279.3092634635295,1324.5213394699342,1343.5404658423568,1401.158376583282,645.2449110308621,642.7941601308956,580.9169464394589,531.3726420571576,484.57446366
7kg_10bpm,10AB,868.78563795,812.7699964775533,741.9284983460665,674.8259043979572,626.7009642518159,606.4192092069123,610.2305221244865,626.5207062145203,642.0926063041641,646.3569962637645,637.0792307679159,614.4475359480392,581.1136355640177,539.8699430452158,495.37733852627304,453.62298599811436,417.5092854508232,387.6626961988564,362.11711597426756,340.00343680743396,318.1456182579386,297.05247934445214,278.2264342339455,261.8140246901239,251.40916215904173,252.53573540435048,261.65947721723865,276.5757973522494,294.9316891672854,312.9120970957307,327.0525194292865,336.755760861219,343.39084543633777,348.815895418206,355.15477410967,363.7754968707266,374.99358572127807,388.4821351468128,403.50308364261326,417.97187635558623,430.37708288003876,441.1490825840917,452.47178288548986,465.61823444956264,482.58926363095065,505.357902084854,533.8845038005312,566.6961955254069,603.0335479887725,644.4857496489149,689.14557708,731.7794140701827,768.4818291908718,799.0581906572594,828.8333598397846,864.2317058056634,904.660655673723,942.5918722086051,969.7049615508097,983.2374385305046,990.0990034708573,994.6997543513277,1001.637014946136,1015.9565983005693,1043.6128694926938,1074.277362615764,1080.0387184462502,1040.7220165972574,962.1884325096594,873.8428609051646,819.5554901258823,827.6807769657613,895.1342497413818,982.0310554254625,1032.544362858881,1016.799196813027,961.4295316658345,912.5735599376881,905.3495951433683,935.6427398468005,980.0881009334814,1006.8341926132313,1000.2342743767439,969.9391935731167,933.7533100793144,909.3623011231855,901.1928068219621,912.1019595969477,935.2642391375085,959.256867165555,978.9926272914869,994.0695314511247,1008.4271016597027,1025.8689245412088,1045.6197866141667,1062.440631086307,1072.2425513469518,1069.396012248801,1063.772873548794,1059.2099970287563,709.36063348
7kg_10bpm,10BC,1098.46822621,1031.3029631728111,964.1951374135884,919.4906808027707,898.2697372528744,899.1989665082182,916.3606862568453,937.4283108068367,950.80548962752,949.3435772315902,932.7272093944194,907.2337447960831,880.4136565843432,856.4000727269255,837.6707842880319,823.0190079770147,810.5371509465614,797.4887497848108,781.5531277799087,760.0352244710983,735.9016847038437,709.96389979357,689.0761106751559,676.1839810599663,672.2760250403956,673.949169152916,678.6847864252723,683.8888093748063,688.7411712823626,692.806700481078,695.8064218638058,697.8442704851278,699.0102969233353,699.0210452586497,697.3130320861093,694.0346350004968,690.2706722331914,687.2223801478243,685.5971760632747,684.726668423859,684.204769394914,684.2727966156335,684.3167753951947,683.7921590683621,683.2960490260493,682.931691426898,682.2801959224308,683.1501161925431,686.0093416392627,690.4061419796185,696.1733595183781,703.3576944478087,710.8278650047083,720.1609984623582,731.5187969508269,742.9851533914293,752.8751917731433,761.6326194730107,771.6329409397897,783.1965458257308,796.9236605061824,812.980650628516,830.0427619165742,846.4634018149285,858.1263655225515,864.7233780365602,866.396219031999,865.1647287057685,862.720816052716,860.3526875510955,858.7251700509619,857.196475081265,854.2290906862647,852.6476091602743,853.5131469081571,856.1447262237731,858.3000259426102,857.8852712596586,853.201086583831,843.986401603516,833.543308115577,826.2974955841228,824.3670735593388,828.531624376852,839.7590296937415,857.8833967696949,881.6824116127249,908.4621348701899,935.3528321788966,958.652590679704,975.2064200303439,984.2159987078342,990.6130675659335,999.8855797451687,1017.6573761462156,1046.392095499821,1082.762390400648,1115.1306597678492,1151.140969892779,848.6423064710546,862.84007031
7kg_10bpm,10CA,1140.41415404,1109.6711173763838,1050.2741059608861,984.555264923044,940.4671462946752,940.272877235091,977.6862086125757,1033.2441202919078,1084.952933372907,1110.0411227828592,1105.654589167674,1087.4808265399304,1073.9686349325402,1079.0241175748515,1105.1355805136702,1139.3367295121307,1161.234244066766,1157.6217957956362,1130.2610712865476,1081.9965079475728,1025.0641912464505,968.3007780672635,916.6228367342917,873.0405671640605,837.9827401280568,807.5550223964743,777.3076764747059,743.0400279072284,698.4765863307225,640.3419926712734,572.9002617174216,505.65107046561184,446.89672867070425,400.01822613994057,363.88203245224145,335.72042454585414,313.24923823140284,295.73509915160724,281.47656726586257,267.6591899024763,251.23432269446386,232.0287433619381,213.60232236189586,200.94340707066863,198.41128694810945,207.39188951784942,224.62038240630199,245.0513886219476,264.50559239435046,281.0086324437446,294.5875397788557,306.19919621269065,317.7443532170985,331.17481115328474,348.23696896134186,366.121934368596,383.8674266095456,399.9779662990066,414.8525159193057,430.07395344907223,446.7956056537008,465.1360224987136,485.5643722043523,505.71754859391484,521.090009194749,529.7744264879675,533.7576811175292,536.0143172572037,540.2719841265067,549.7824442547586,564.7993636507528,584.3266552472418,605.7930277975345,624.0217522094889,633.641763873406,633.5999926448703,626.5126363704362,616.0528589328613,604.3419603689284,592.9421926473974,585.0515273834862,583.2943988569432,586.1314820583518,590.5365376323673,595.6360558313901,602.2745150259167,610.957864184453,622.2371478323155,633.0540356200241,641.5623608789158,645.3504839034204,643.7871207434072,638.2099965935448,632.8344411834481,632.3255536815816,639.8560538060216,656.09680909808,676.0387866216461,689.167313542794,684.6988866416167,654.2005933
7kg_10bpm,11AB,857.1804721,776.6553208174006,693.4968329849661,636.8446354318701,620.4338604784999,636.2215933220263,662.6779870041896,677.3501002504173,670.7521869991623,647.9254093861035,618.4477513502053,589.3312928816053,563.0755757527598,536.0624926228359,501.3088915192123,454.62155471347984,398.66806373315046,341.8213502512387,289.7629494334042,248.81663744373571,223.47824784,213.92486015894806,215.71003223497718,222.39564514284547,229.04389904697874,233.30099999733937,234.17937409788502,235.52140710919124,243.76676337882347,261.74453306870686,287.07931693462064,314.65350705370145,338.60295304509293,356.1614452458567,370.1011299044538,384.33151127682964,402.1869396199607,424.54574875934367,450.8120867567935,479.890239787383,511.94404601,547.5282267578416,586.3385565258213,628.763649727973,672.5304989718654,715.6769038427642,757.4115691540464,795.2437981252923,827.4816309803464,857.5459869418902,885.6923666650362,911.1639974628222,935.9809844587489,960.73801728009,981.5448765316064,994.466042702427,998.5928846633362,999.197655222508,1001.6491047218359,1010.8206391737751,1023.75810028,1031.542850839508,1029.2514130013533,1006.5056737910169,955.6147962366279,881.3438229160574,804.9596701744138,758.7671891809442,780.5678343747928,868.2218943380896,969.3621493184679,1030.25765130299,1038.9015740925831,1001.1212590553407,949.6732748573513,916.2230096412235,903.5173305621408,905.5251224431778,913.4645557174856,922.1205520148396,931.6799190500001,944.9182752493881,963.5449808614395,983.1537942532041,996.9157044301398,998.9727544512199,986.8076359620823,970.1443870961538,953.6841539168796,939.9347709799663,929.0447051360977,925.2268116856743,928.2557080890189,934.4518556012778,946.4616873119189,962.7416856518454,984.2490289233754,1010.1001456082874,1045.3788444880374,1086.390277750594,1122.7944779
7kg_10bpm,11BC,1146.62936711,1097.4107298022793,1032.2974868872059,969.9293059114717,924.6876151510045,899.2634243735487,896.2665015460515,909.9699942904776,928.1351516592861,939.78485621778,938.5127985080982,924.0264359438625,901.1044060914406,875.5557024883602,851.7749349010053,831.6185093225283,813.1711422151614,795.1870365318962,776.0295549607794,754.5609270998815,732.2465089056516,711.6187060215486,694.6604303671315,685.9447549892366,686.6819081285095,695.3887844961379,708.1786055280726,720.411492283412,728.5853405544102,730.3831201733177,726.0520172393686,717.1538389089868,707.5623269968416,700.9842796268438,698.2242870557797,698.5966376649403,699.6789511288395,699.888754267751,699.0245845032106,698.0521760163331,699.0981226147187,703.1684042342861,709.5926951074146,717.5615859936875,724.7557850348264,729.418510018616,732.8805147304923,734.6955670101812,737.7663605902005,744.8184204842555,754.9271594106054,765.9900777228289,777.0345449490346,787.6457367801884,797.0816192034407,804.4467606450104,809.5946245887802,813.8559439910872,818.4847376239265,823.3414216562072,828.3603945416106,833.3867627365787,839.4273744595347,846.9956659543458,856.3393605227069,865.9642232214904,872.5032900007759,874.8904859297219,874.9108981593158,873.5758722755671,871.3095236591981,868.2448315006685,864.3215154658532,859.768020556918,855.4802529910995,851.510381170186,849.3797879592863,847.4114259336236,843.7774451923407,838.4368634295867,835.9164511800354,836.7856818557452,844.0139957455428,858.3150323180762,878.787375123942,902.0204296147874,923.2659375003072,939.5832682400442,947.5945971699322,944.6325557136273,930.7926496193545,910.9134919207406,893.6213369564122,888.8773209690687,904.7247087990507,942.0095014123383,994.4989660398297,1048.9785626569458,1097.5343283750194,1122.4628481164666,1106.41565265
7kg_10bpm,11CA,1022.816215,974.207912660421,935.9269834895755,918.182915985615,923.47233932,954.0224907922053,998.9166187694807,1042.1229414435873,1076.8882779,1098.4508659295102,1109.8810392199277,1117.0127710755708,1120.4295056200003,1123.5555051735587,1122.8593306104694,1115.7110676268355,1101.7860302800002,1084.995511922824,1068.5900299186412,1053.2050648335473,1037.9749770100002,1018.3412741319846,990.8714698783658,957.1403266026343,920.0870555700001,883.4821376143475,850.4786869179624,822.0236365167775,796.97749096,773.719240374047,748.1254802565775,715.503101275441,674.2548471200001,625.7781609947805,573.1659927112298,521.3560681747557,475.90637810000004,439.26399956448915,409.17160312482173,383.8454463772993,362.57463455,344.21057179775966,327.186762808344,309.7491841568511,291.14102799000005,272.86980153841284,259.81431970626784,256.8034482435959,264.19604957,278.41969913427715,294.5564910982665,309.02904848350266,320.76927339,330.6523937552241,340.0505613446648,349.60252007991767,359.10393558,369.056475878278,382.6359466649221,398.5163888095747,418.3868533400001,441.2584365783922,465.6111728478389,489.51464102836843,511.3562869200001,530.1140147982779,545.6405353213305,558.7114565748252,570.9716916100001,583.9479051586411,598.5444439437357,615.2773869423457,633.6901340200001,651.8572161678164,666.7898173338175,676.6527686806588,682.04867585,685.3192583672801,689.1461230503633,694.1841247816938,699.91040826,705.1195907430249,707.3386031364678,705.9026637531401,701.90602212,697.6433742974443,696.0247235405684,698.2819485274437,704.82483722,714.077840693177,724.0354988716751,731.7487491082929,733.7259978600001,730.4825717555417,726.4156137174416,727.9535735866765,738.4621831400001,755.3760031249161,771.9227279159802,779.1512806668111,769.20494142
7kg_10bpm,12AB,835.70651136,788.052363620644,723.467132701146,658.6082190334847,612.1979998913182,592.9893103370746,598.6978019213474,615.8598327560026,629.8586509629158,630.8618055288127,617.5880845981343,593.7243794458259,564.5827202041737,532.7017028045058,499.52304512100477,467.1424637333026,440.6255892211146,415.0743666342777,389.0363768396837,360.4242000443985,328.6526181235142,295.6993708350624,263.86361637520724,235.71926328484636,215.6980176127778,204.25995443972565,200.937321240161,205.23269374063665,214.09163004729567,225.36893384464813,241.8652753584468,261.4609995714101,280.28499740513087,295.25336025876027,307.81451957588456,320.55517150606715,335.57491769907074,354.3162113517149,376.29058376873917,400.13261159873105,424.20213141918197,448.0102468530673,472.5979083171267,499.4909140090159,528.4830571281443,559.1862644302457,592.99536753679,631.8363862591134,675.3378430591287,717.4494256481903,750.81805625,773.9893406450846,789.5927075868003,803.1540902313803,818.4985462703831,835.6631364869305,854.5515722211121,874.5331292199933,896.24111005063,917.4046757287614,935.6518284161401,948.6928445506971,952.8307501866509,949.5295634522975,949.6003095114936,963.5745479032962,994.0535803689341,1026.2315575565162,1036.4736593712614,1000.4219514009096,927.1423084691146,836.0767755986053,769.3354133386223,776.5787202328901,858.0647512487939,955.9580116620884,1018.9098308481535,1019.2113567383349,966.4097282579785,898.5456089616182,842.395195163889,804.2620946738014,795.4781705817024,810.9503057394141,842.3224203170914,880.4617314116695,918.7491964656909,951.8232385833958,974.2988457442937,980.6407617982984,968.3130360728649,939.9513474726238,902.9171098191995,867.925137561868,847.0146271898341,848.7741687693307,876.2228352728719,923.6239632621488,977.059168164708,1024.0568121776141,729.56445747
7kg_10bpm,12BC,1125.30696915,1084.2283483987383,1027.2787826099802,980.9073303041448,954.4948487237623,943.26836458369,944.4247130490501,952.5341390458743,959.7475662848371,960.2961042156687,952.4339578235428,938.499920758095,921.9508787175679,905.308697412714,887.2771251726704,868.1239103658804,847.7514932014677,827.5647817180009,807.1414530548439,786.5885948722098,766.2857549037814,745.757390948832,725.8713072624992,708.9529291945269,695.4505656940861,685.3563727818764,678.2137415234823,672.9390847237903,670.136458714615,668.8773122176965,667.9604141708969,666.2014857235331,662.4443097844284,657.397695003021,652.8675380042346,650.3251387410561,650.0432212931732,650.9102014152728,651.9786967885225,652.7664217762394,653.5578971118188,654.0311325492161,654.2436552409263,654.5710795172322,655.8465798220074,659.8147134308614,668.4793561310463,681.6526385690464,696.7116708973084,709.6180008222799,718.2395815439173,723.4619736591286,727.0972754816148,731.4911409255224,738.0379558940157,746.2152722396611,755.1635240835777,764.7062585340288,775.3310073479768,787.6922703831843,801.2138643932752,815.6364377277079,830.8851773535749,845.0717786582532,856.3385579236287,863.679910891871,867.0901413002383,869.8116173580619,874.1686736295286,882.7700649623167,893.9019265846615,904.6202772659601,910.3854326802818,908.8669033206984,899.5613905634685,885.4723908698523,869.6218690113816,855.4626386847988,844.2124709031317,836.6860923261611,831.0956440218298,826.9276168947819,824.9830218848388,826.6952326621862,833.2918908361761,845.5223546569664,862.0699284954768,879.977258732012,898.3789819672553,916.5777781117786,935.0381752643517,953.3354499785646,971.688093095904,990.2453283256654,1009.7354814275448,1030.7447896271585,1052.4910771680782,1083.603718308139,1126.1662274744833,1167.639990867235,1196.90306498
7kg_10bpm,12CA,1041.7835259,1021.9424625471867,999.9773997356497,980.4439422108611,971.3060362941357,975.908610089571,996.8697710279015,1030.142506490509,1066.4405775349019,1102.8830469069983,1135.2639040437823,1154.3257938945503,1159.0812647679234,1154.2551279070249,1146.6706399330978,1140.8940137833606,1136.306193612801,1130.4355165485363,1121.9738154852685,1108.7941555790358,1087.884289762513,1057.3169717453256,1018.6696461151347,977.4912792308552,937.1233615835125,898.9049744900001,863.0637987710305,829.2562032147418,794.6052249521041,757.7465504259935,716.0657606220218,667.1806048926995,610.9364792975887,549.2671901587339,487.2873403231559,427.83108795967183,374.0047388772612,326.479706947682,284.21515895489205,243.69835699943565,205.26941113670367,171.22610949337826,146.75734858416067,127.23862145675879,112.31166382169894,102.71853028146691,96.21966006243363,91.31391926155302,87.14033429402456,85.47283249257646,88.78947152000002,98.94956962298731,114.43613870372582,131.70745700236955,149.02444851223956,168.53105915711149,190.31056951997002,214.13801081501225,240.1171643861982,270.76696049452227,306.7281432238371,344.70809556639495,381.5961353457887,414.8471157395653,442.94800444159205,466.85684649092093,486.9346083742425,501.7625557048287,511.12063647807906,515.3809526280277,516.1404451384993,516.023909618734,518.3270658943204,524.5201828373674,535.3000393318447,549.8707722800001,566.1910964715912,582.4866135256286,597.9780239581858,612.398061402212,624.7294740917722,633.8012676497419,639.6316285173654,642.8475568935953,643.271248415179,641.4184519334137,640.267675868658,640.9484750561148,644.2597547692516,649.081507432197,654.9147873853321,662.5706192729039,671.4098954049663,683.0000951782408,696.2487563745432,710.7694114083523,725.8328298285114,738.6766414216023,747.5528540531002,743.7318721354463,722.77280332
7kg_10bpm,13AB,1039.98245554,956.8695728472712,858.1601791907266,774.2874736488061,723.7716062974059,711.4131041419216,727.4021788349897,752.4880866595507,768.4012160636009,765.5413437698634,743.7248307300001,709.5750313713763,669.2832252527023,626.9889072897956,585.3348310498412,546.6196424770502,514.0311390013654,487.69888910014146,465.3999167905218,443.06414040203634,415.35205390000004,380.00269438200286,339.53641016333285,297.74968070932374,255.44097403464275,215.59018913134886,181.79613407037448,156.53387954054858,141.08447899306194,136.10448586038703,141.34674384,155.42662221264476,175.04758842869822,198.01163864055982,223.16585739416757,251.13724400215534,280.2501149702887,309.4663026217462,336.71828511055776,360.26214339382807,381.25432190000004,401.5518206581297,423.901487532887,452.0115298432596,490.0568115490209,539.8022428468853,597.081090706222,654.1961787117064,703.4829705020798,739.3558327170475,762.9772075200001,782.2649975886281,802.5397345562633,825.2017354954479,851.2475009723507,878.0039820319395,906.3566416399376,935.6916676965907,961.4470224146013,980.9065848495101,995.0730415999999,1009.2187460462319,1028.2040286422541,1053.7121513805944,1083.28501756635,1109.5262877690234,1126.2506643145057,1098.6342316246505,1020.7009598978054,919.6239524559727,833.03079281,795.8135422997264,826.4550328398444,911.7587322259349,1003.5707037142172,1049.1691956187424,1027.5282895733706,953.8334772149186,869.7853082023951,808.3101844526907,782.6006785100001,793.0433809839556,827.3362602237495,878.8170076453328,938.5797459896921,1005.0625133622051,1071.3914508948767,1123.420176548289,1151.0413857270216,1144.177356806301,1101.94073451,1033.6827439416065,958.7272461717542,903.976226475889,875.5527331376669,890.9680676302651,953.2777393031671,1058.1161246736965,1135.8186109109154,923.2624906575414,953.59646697
7kg_10bpm,13BC,1011.68527918,1011.9513680651319,1005.1608343097632,988.4745872582507,967.1033185078295,947.0981163120395,931.132915685859,922.5476054257698,922.6820284625796,927.411898868392,932.5442765000001,933.2853845479027,926.386170349593,911.9215672703875,893.4904037325689,874.2185224598848,855.9319014979527,838.694420507847,821.7933780977028,803.8807094526667,783.9397708699998,764.2897171655605,745.1934134730825,727.1979535596943,712.4687608507068,702.2549168870205,696.0772494503899,692.3290187206962,689.256992124866,687.1080681864438,687.3976712700003,691.2347455732133,697.3263004945156,703.5861478856349,706.5343663085298,703.8929557193945,696.7635759108651,687.385875113753,679.0403974474367,674.0190049024212,673.14751699,676.2492972953456,682.3663697939303,690.133755229839,698.4843274557287,706.5722507788279,713.7916925166487,719.5513705719758,723.135490074959,724.3299199606877,724.95912839,728.721129264724,737.3796006142104,748.9391862153697,760.8585416116443,771.4233843657317,778.9311196418633,784.0915304011144,788.4193577865911,795.4123992943119,806.18052736,818.548349587244,829.3367536405221,835.3602395569542,835.765040997232,832.4879321048144,827.8127405855939,823.6283346395193,820.0050665721701,816.4108051775922,813.2834386600001,811.0730117501341,809.2137956457989,807.8055745181726,806.4696145787661,805.8609793506461,806.2554888875176,805.498775112543,802.3380371170413,796.3931662252259,788.23142345,779.9836684147297,773.8408711027728,771.9159076335852,776.1829679336914,788.8735817329107,811.2079962524065,841.9583598586902,876.6855627099102,911.4105592197703,940.6085336600001,960.418657952269,971.1030404064169,977.0171303042599,985.3374839201779,1001.7308605899872,1023.1573072557462,1042.381199964853,1069.8167213501426,794.298182195011,822.04008221
7kg_10bpm,13CA,1018.32701675,1012.7686208810085,992.2086832369226,969.4677255468346,958.2731166649619,974.8096476669908,1013.0974087746569,1068.5961768991872,1125.8541671889848,1169.590476056546,1195.9443402400002,1203.5349842441,1199.6523575474919,1188.1572604563726,1178.282032315995,1175.757209846673,1179.585798229199,1182.4883979722117,1175.1035181086593,1152.2259401316585,1111.2424422500003,1057.386633360961,998.7008555526272,939.3431500307114,881.0300541602626,824.9803069302045,770.0346715232118,713.4849030652863,652.0345977307271,585.5098785458422,518.55058002,453.54184111971824,392.14356812708763,336.88735987408705,291.1951147187807,257.8517775555655,236.68064857755098,225.35950789858342,218.9356280425979,211.78155911781997,201.13288041,187.70498993619685,174.47730395320855,165.84896636822631,166.97061966025163,177.6858260680065,193.64897003161752,210.13713098317052,225.97341998028156,243.76519029027403,266.0999109,291.7072533105627,316.55704000278973,336.7228144610306,353.3822736273242,369.3624236331806,386.6736028710969,405.8467900620895,425.60432453621854,444.08230394413266,459.83443738000005,472.368930025566,482.1613487156413,490.471536792345,498.78420906406154,508.162222409422,518.8174757740179,529.9895473635949,542.4393404955537,558.5772934473403,578.6014455,598.7454572329617,613.7260681999306,619.258892418401,617.4457086924085,614.1971027603344,612.0383989477317,613.0316187356616,616.4433015017156,621.2860278805916,625.76351043,628.3078301449477,629.7518526481106,631.4486674737981,632.7283609467639,631.8504266974627,628.0564037147918,623.3057230871945,620.6037566541851,621.8122654327016,629.0702667200001,643.0765628606214,659.6969607024234,671.1651403371205,672.6254892140113,664.2980495621579,652.938507107197,648.7259444313992,658.817885928158,682.5012083832592,711.66933115
7kg_10bpm,1AB,958.77023908,907.2018122233163,857.9033921870772,827.1761586883567,822.7509972783544,845.3959293595569,876.188247867192,906.5232593613187,924.1790110805201,932.2121224790201,929.3150912649706,914.5395491927587,886.6842367245413,838.5493468303022,780.2123972544089,711.5142359532738,646.4733544784787,593.7890983282534,564.9093946176162,543.8854903859126,502.97562558821454,464.4798639124821,450.31746452354724,438.34940293818215,416.50502938031076,396.24385397981865,374.52067425977225,338.31970803833286,311.7127477454245,290.0069221530515,284.50859304276185,290.36651508037846,297.6327945957461,302.50098080961106,304.4338424578542,312.42081357690813,326.5650512406827,343.11199733909484,359.01612888631865,373.73496497287556,390.2832369566168,410.08569733713955,435.0121254295612,467.9006162595768,508.5073745592967,560.3337107719968,619.7918486589537,674.6673051887016,725.2723785265815,763.5148365960451,805.11512598,847.5797811838349,888.4893254138981,939.1998218733115,980.2037786666826,1008.8960282903356,1030.9810989826813,1061.2557388670446,1088.0421552823254,1105.0461655015743,1120.990041336295,1135.2147205638398,1149.284195821915,1160.1195519011483,1154.3401824735324,1143.2463094769068,1125.0113354384346,1109.7979450355501,1093.232404081256,1074.6784840485334,1065.4189704155267,1068.8814950516205,1075.0436057482618,1083.5484266104622,1077.7672163650461,1066.8864363165455,1064.162356828029,1067.2065051990921,1070.281576618788,1070.5933450477985,1066.1135563869375,1059.3968975981063,1048.9718483986967,1037.3694664767477,1032.9104679513898,1037.1771620013626,1050.1323201753728,1070.0976659988537,1095.73559563825,1125.9076193525266,1172.1719617502024,1209.180994444715,1232.12675925763,1259.2685311168595,1289.7710390745044,1330.9797614352565,1319.1478935072364,1280.7104108869896,1260.3895034574728,984.9360552136366,982.76267288
7kg_10bpm,1BC,1184.55420511,1162.1695916643605,1114.914009223902,1056.835511506566,1007.324858466668,978.75104405,961.9187944027143,954.4878493801012,954.3338301269812,956.7679221911153,956.02178017,946.5433599017283,925.6308590356808,894.1232402092811,855.5342037235409,816.3231335600001,779.7251202117451,748.6802296142829,724.7858360503219,709.326868648459,702.0486839800001,700.6568172866969,702.2470250633178,706.3967255104557,711.205714883193,714.7098228100001,716.4875859014688,717.5387379017358,718.7791487356802,720.479827268031,722.9429278600003,726.5591214582198,731.567788400852,738.1059899901184,746.1020784440774,754.0633772200001,759.6813558213892,762.0016648192925,761.0853406549722,755.3291199708777,748.26970864,741.1991255160025,736.0440487800871,733.6050150637666,733.4642762061316,734.7021302000002,736.3491301082852,737.957530706017,739.1429208711362,741.147321368196,745.9701278000001,753.8618614507335,763.6962226656003,774.1098302427582,784.2932146609525,793.42807011,801.8748753655964,809.9963970075398,819.051783914534,828.7112519141039,839.97658065,851.5296005198235,861.6123623339771,867.9466383990361,868.696823410415,866.2427062000002,862.6983322854594,860.4049294549885,860.33629564065,861.8533102338847,864.3856280400001,867.3610316185882,869.6742360748034,869.6636549219331,865.3664307038902,857.2321118000001,845.7421079319492,832.820308289632,817.3685390734422,801.214216631429,785.0041639000001,768.5482757192914,753.5584784394014,741.5460907214356,736.115967536254,741.6331705400002,761.8219478369433,798.817788608127,851.4738552006929,914.7408027011904,980.4027062700001,1038.3435135918364,1079.602172563406,1099.2869510036526,1095.9242935346854,1076.5710967100001,1049.1352113580494,1021.2753793587048,1032.7990966750274,718.7451437834462,762.12604816
7kg_10bpm,1CA,1164.20737931,1117.4613455417748,1076.146940872427,1053.342466315753,1056.559829896776,1085.1284412998923,1128.9754424933533,1169.7632297558778,1202.768817110951,1221.7041055795657,1227.3207336660153,1222.5841586193571,1214.6217476687982,1206.305623086804,1198.4328240845928,1195.292146724372,1188.4984465204122,1175.7278731907986,1153.9722344432855,1126.5834655014303,1097.035404163893,1069.0233728071576,1043.5128051974625,1017.610121038065,988.2386305403726,950.2191082404595,901.6824763518734,842.1097025286283,773.9696939935098,700.7380292096466,627.7168711011641,560.1847752728851,501.58035742157745,452.1084079242246,410.1695989219586,372.44506032414176,336.75797741413567,303.8366797513938,274.6278694270555,249.17056948479566,227.50114663006232,209.5023865865528,195.06135021273278,183.51316731563298,173.77436544254863,164.34068174627936,154.71504926500532,147.22848805632782,145.4146288170464,151.77010372900392,167.12102864879955,190.24063966384367,218.24331359843626,249.86137691494864,279.96186440395144,308.35650870590604,336.07352762423125,364.21580345460154,393.43161813368044,423.2182606252696,452.69552135719505,481.31065757137225,508.31203712468835,533.5230566458607,557.1918405861658,579.0043646156792,598.1318436079267,615.5457436964382,632.739991919729,651.5546653330724,671.1127474038315,688.4950333034915,701.4975388463254,710.0629421895964,715.2121801675138,721.1713388026387,730.7599617365706,745.4004671956376,765.2329440385769,786.0247247302475,806.3517794546311,821.3907815703377,826.2908354174062,819.589610466815,806.2512563488443,787.7387135249425,772.5392131997938,766.3297330827234,772.2589353208422,789.2607355881714,813.0608624385604,837.3395425342422,857.2676425125929,874.1457940023367,905.4423662527166,572.9148812915106,573.4534268490993,566.9073234115101,561.3023410827986,546.0157900513465,519.72062419
7kg_10bpm,2AB,845.93212185,818.7335495612415,786.5196041360977,757.9326563798851,740.7280007119344,738.5909372954578,747.6279623038622,760.3502802887427,771.1926071817825,772.6936786460285,762.6052595314037,741.5681736798523,713.5632232527978,679.9255335221872,644.60318440012,610.9636108544455,580.6864647671911,553.1201577182704,527.0971161096419,500.38366387234043,471.2567757119908,440.5995389658789,410.25657406179226,381.8928135121367,357.4425016532559,338.30617842085746,324.24557369887765,313.7007741681131,303.39532655411415,291.3594499385776,276.92441814401934,260.0540037716248,247.60440414073958,240.37845526653217,239.2674836282383,248.63860828565214,268.7732619291437,297.65720129936756,332.7390276110089,371.1076810081098,410.76563107015846,450.86079481604065,491.3296291307755,532.1750705787019,573.8679203497903,614.164046711292,652.6814621745334,686.8639783476526,717.9277985460444,749.1991521806871,784.6467645691015,819.2629719724472,853.0960952657688,880.572771359703,900.9157386238288,916.7785527886002,931.1877606246932,944.9542499865312,959.9020575647669,975.948832762588,991.7483786346046,1006.0643345890885,1018.3871902746796,1027.0662351119202,1034.2041503325095,1041.1128946334495,1048.9776193348446,1057.2785226210106,1062.8599169118636,1062.3292758513835,1054.4150889094617,1040.552967044177,1026.476573221832,1015.6933760823938,1010.5615190320592,1009.2810166027347,1008.1338052434978,1004.0655257119936,995.5716421472694,980.2001199840149,957.6838422366174,929.2722115925521,899.0830691800876,872.4267473557921,856.8358208330886,859.6122613061348,884.083490813437,929.037369185348,985.4529106284713,1043.1477096044403,1093.314063989782,1131.7519460268588,1154.1739758054607,1143.9901644844988,863.1780684070603,901.4562509002848,933.5784327298968,955.3761422864457,962.964974182462,959.0937469543059,945.51823357
7kg_10bpm,2BC,1039.94732657,1012.7834536149546,988.8413525309007,974.4943217931929,967.671425827091,970.3170862377834,980.3347203345932,994.8824448010939,1009.3514137618221,1020.3552767599509,1025.1496215203824,1021.915691533309,1010.359764097845,991.0667313231438,965.6059014322981,934.9358359089874,900.1333375431977,863.3114058624694,826.8059433692749,793.754384267982,766.2074676500001,744.7908214741882,729.7631657336573,719.0663575674519,711.8064733449055,705.3551286898189,699.0516625062767,691.5709699763019,681.6353815884191,669.5635842763124,656.8250897613118,645.0372564138522,635.0755250746212,628.0146877799316,624.8372653349674,626.0056627669006,631.1952772316753,638.9166669172655,647.2083497983352,654.127525866554,658.1125077700001,658.6312584605685,656.4841926261767,653.2131684634835,650.2503028866158,649.0132964147696,650.0674857923166,653.2103140941838,657.9033834756023,663.0609782895788,667.5560532329588,672.4226868293857,678.9579039318922,687.9323086643079,699.820777150405,714.2367011855201,730.2633326408857,746.3584966001121,762.1522727971528,777.1840225113951,792.01251318,806.1009778215954,818.7918909087634,828.6710205107541,836.3111594904971,842.7371566658998,849.1569391349614,856.849550422921,865.0778327015172,872.7712480562205,879.748547494809,885.3434844697188,888.8654052727546,889.4390664507148,886.188970424587,880.6636850734428,874.5263197715815,868.6847028656251,863.5734990853397,859.1043585439631,854.9635113900001,853.1618902266844,855.4498082213005,863.643577350368,876.5887188563861,892.5306298893088,909.0948940873134,923.3077458449178,933.4135865592385,939.8345267309221,944.7792522086048,952.145295497093,966.0010901236531,988.6184192811777,1020.5727105669938,1059.9267044160663,1101.0249881211773,1140.9391161302904,1175.8124414888441,1037.156907145742,898.24894125
7kg_10bpm,3AB,924.15064298,862.8746617332051,801.0475681316076,749.7267470795725,717.3098006264593,708.6402877874106,719.8642720923656,740.2245921265707,759.9847556381967,770.8444661481897,767.0880056068413,747.6055895677619,714.8383707602534,674.2759923311789,631.3879842000671,590.199757355833,556.4606536976988,527.8840795237285,500.50626106405133,471.92484300405476,439.44481604715014,402.29396996965727,361.95606541313487,320.68061285168113,281.8914184553226,249.4009414367579,225.4287879768968,212.83489039129452,209.9622170232122,211.89766813870193,215.11265217714833,218.02101529017224,221.8628961928722,226.7970634889139,233.13229723126213,243.40342159866515,260.4364277467216,285.67006939713673,318.3135953797778,356.0486503219512,394.95732138076926,431.6659597097454,464.80850736131003,495.81668028159623,528.0735319000798,564.4984788659848,605.4010667560542,649.4071242835959,694.0513309186482,734.3778017899715,766.06539976,789.6311968282148,810.729685206823,831.8838562821458,854.4101556471782,877.7432012287907,899.6040741702095,919.511668043802,937.4533102732333,957.2242618417813,978.8075203258456,999.5638304558881,1016.1552156182778,1025.7553062242414,1027.9970150896847,1025.129631048707,1019.4065821450017,1014.6461721748769,1011.1052030742097,1006.695047987458,1000.4266816895081,998.398973322914,1003.2655085487754,1015.1951262369905,1031.9914912924728,1050.607538584158,1068.1488442439193,1081.5352080000368,1087.1090622453944,1086.1178267875434,1078.8981226835351,1067.4790608793157,1053.0452648894054,1040.8880306211954,1033.409226374283,1033.079730823927,1046.4312642817993,1068.5504263299097,1094.6920478896657,1118.7362562527064,1135.6973458822586,1144.3542773133604,1148.4421399907894,1155.9023390978844,1174.657548075274,1208.5828864064997,1254.9063470568578,1307.6006152826446,1360.5324378228836,1401.9247944951303,1422.18768122
7kg_10bpm,3BC,1163.18719929,1128.2873386399458,1084.3924235664367,1041.1380681488424,1008.5398137304634,989.959455756117,981.5924382042675,981.1510473405684,986.1275764629538,993.149063075221,997.2398048935112,993.0777422437541,977.7651552037765,953.1364540671557,922.8537207209711,891.1581531189772,861.9482083236855,837.7307366640306,817.371096993986,800.4897356133949,786.7401571479497,775.0138486926529,765.4775985605801,756.9689849456216,748.0569971684192,736.7919007310741,722.8667757525515,704.8278024101148,685.5170053477732,666.7225036443383,650.6939406779995,638.6964366161786,631.1453674434703,628.5015646019671,629.5488559462187,632.8483094312342,636.5211970228745,638.2609111528062,637.5340111727368,634.5780228624448,630.3652996670512,625.3262231043334,621.2828617586304,618.5415202218024,617.7583604915221,620.5667485673407,627.737525755053,637.8944382630083,650.4293801076471,663.8443447210567,677.6863397184143,692.4411716476204,708.5688289153217,725.5677022373145,742.8504616010425,759.1686035586733,774.6084895965687,788.8567796897975,800.8533023227437,810.3317657011894,816.6531420980845,820.3090965562327,822.120397741848,822.9962058568894,824.0325836924152,825.0408423614166,826.0229132594818,826.9579584277324,827.5230457535181,828.5215575659964,829.2447286300618,829.3706271366017,828.3893089990879,826.4217230356455,823.2466956684689,819.2835320484965,815.9246619138045,815.7668844979794,821.2361593229358,832.7639499090549,851.1471526754135,874.693353700552,901.6903949095635,929.1720256435241,953.4591342112567,971.8611953445345,982.8358602594022,986.2604134896096,983.9904680434126,979.831139972554,979.003897550082,986.730286055821,1009.7227857477715,1053.358231897746,1113.011151807959,1182.2292096155907,1245.8023095397646,1101.4452901490451,964.8638420108147,978.0727431863977,983.61449958
7kg_10bpm,3CA,1205.76804166,1188.1247282162094,1164.9185495189286,1147.5498922590427,1141.7056060673533,1151.9244394349782,1173.80702055032,1197.9721198509608,1216.8129799789986,1224.8104600124975,1218.5413378643311,1202.3960654875343,1182.0411014256435,1165.2631091954602,1155.46280157887,1153.1744773462183,1156.7608653661732,1162.4553253946456,1165.624820906123,1163.3190798990518,1154.454533863961,1137.8140975261954,1112.5681257221454,1076.9374249695823,1032.3570595719423,981.0274231206552,926.3909247299853,870.5642561316142,816.0756908475591,764.155024128167,715.6428796044637,669.8282829377151,625.3746011993808,580.5979671172123,535.4399286428569,490.9973653021835,448.9462963442163,410.27139640994847,375.66142937792836,345.47317218661874,319.7269134638532,298.08551911359353,280.1060213444107,265.23258675612436,252.15152078500378,240.02593784772387,228.86577975583708,219.02432790992754,210.8609175171034,204.23416231295406,198.97792661000003,194.9613767280179,192.50634020822514,192.35197557672498,195.52925032784552,203.09794721865836,215.68876654025277,233.07119221385616,254.1862311658034,278.4286863696043,304.0741882236479,331.1099196995526,358.6193804704513,386.35700826060224,413.79893969383477,440.5447075694608,466.7199516855482,492.5196559669613,517.876088510888,542.8532709474911,566.9460361494645,589.7641128763063,611.4759726796185,632.5956992139588,653.9039344840758,676.4696638136189,699.49018019808,722.0782113681611,742.0063798158526,757.7880468738614,768.3042022171544,774.2236105247433,775.6591087118247,773.6209092075474,769.1518739243182,764.2741766227963,761.6605694928364,763.8356872795885,771.8780925144703,786.8395295882908,806.7129955571556,829.2045315102695,850.0058116502113,867.885006279266,877.9838543145837,881.7056420638934,881.7402650622005,663.203545463296,551.2482774243801,536.6065573991602,525.20268574
7kg_10bpm,4AB,977.61634927,919.6403535475541,859.7644294506456,809.5228178288941,777.9400833645025,768.9258400899938,780.782882906002,805.8824698213306,833.1415400732591,850.7660354523891,850.399854491929,829.8638951169341,792.2125308373558,742.8753248056831,688.5985461851583,636.0717078915272,591.1907398209979,554.9873903309746,521.3161933590728,487.91013423439904,453.0231627542003,415.69835423782126,376.67753486065493,337.28645429039545,298.72334838844205,262.06397613470693,227.49881208775028,194.93424624616566,164.28646353202973,137.78134790166604,124.53774454669193,120.09110402465757,124.08061601512797,133.4875410475422,148.56085995430416,168.9911245560195,193.84293731090966,222.00259356200587,252.25862948702493,284.0735046470148,316.3098795284509,348.5900823966222,380.9180620601965,413.11983075948143,444.8678261886288,475.69026424235125,505.4323162287887,534.467199905185,562.5514467604095,589.9763260838188,618.7996757380271,650.5490320106709,683.8564714481453,715.7634751488457,745.928199779004,777.3692511820308,810.8826026482587,849.1608010182861,890.3138145712,930.316924610208,966.4175431581173,997.4521868980372,1022.5691705873355,1042.7969703135236,1060.3985655806393,1078.150473001497,1098.4305170669347,1119.9485458177412,1139.283143621205,1152.3811186149358,1154.0696941887386,1140.4775679425948,1110.1775408105468,1067.8673456137271,1023.9903491313821,989.2216061063723,967.1161619859122,957.8541321653524,958.9381201076599,965.2052177679685,970.9358084362339,971.916272572012,966.1027389201043,954.3972532782699,941.5060271938833,935.4936764468815,946.1849038252761,980.2910076780072,1034.1143228544524,1092.6571069858821,1138.8759762044108,1170.9913390126164,830.4786271303888,812.0411450207553,789.984342453926,787.6616141110629,806.2807598700313,843.3426992121251,890.2567702286053,934.0430655562105,963.55180131
7kg_10bpm,4BC,1116.40764544,1066.0032321168958,1005.2322536286233,963.227799195434,943.3900874824584,938.2910444450583,946.4608836981275,963.6849294971021,983.8296094377355,1000.3915038836532,1008.0918857569686,1004.5664124486507,990.1722810050276,966.7166558529198,937.6076705733394,904.3244404812655,869.395613180678,835.5590228552574,804.2918019649923,778.3011281213549,758.6782514815807,746.2118426429039,738.5902163776875,732.6896529277042,727.5073002371993,721.9062370554237,714.1983462156503,704.0720913282867,690.0630013984768,673.2559946420648,657.6663081475156,647.0360036305781,642.3259459017274,643.8712441655614,649.2064323431513,656.1445196109628,662.0676606569155,664.932511876035,664.38242978021,661.0556086244345,656.1910460073756,651.5633711693886,647.9767031930847,643.7678664547943,637.0287578636393,625.5320345065658,609.3637505926641,590.8014404536302,573.9744654475201,562.41937954445,561.0997650622891,569.216092209544,585.9923959214841,609.7698242278782,638.24530357172,667.188059681972,695.3313834293047,722.0159858550113,747.0383263156194,771.3058374563691,794.8494030097393,818.0488933675118,839.2846242830093,856.3246032642774,868.9761902547688,878.405756689974,885.0000635488154,888.730863601707,889.7524292353937,887.9265444625152,885.8051119530712,883.8872464903889,882.3592448811298,880.2818056811553,876.7391797579991,870.5317134499313,861.8488893953162,852.513897300208,841.8982696766514,831.6333934552271,823.1048661094482,818.2879166405737,819.520801934753,828.107425910827,844.9529613318291,868.1624346069697,895.0625868364185,921.1541264463768,942.8804355279455,959.4599800793102,973.1645650403882,988.8916687002575,1011.6190916291819,1047.1683051110485,1102.1015394790534,1170.8876262134247,1245.8880573166039,1301.7886913780972,1347.6617535105547,973.7775569102754,1030.37372098
7kg_10bpm,5AB,884.96405543,829.5771497231867,772.2721180633405,723.2221811468168,689.5535108017505,674.88865606,677.7071256376942,689.9662211613893,702.4015159041841,706.8251074222042,701.9393937900002,685.7024727958752,660.8809194311184,631.7042169617889,602.1436783492165,573.90897798,547.9587993070675,524.6025517813417,504.0669343415808,485.53331763856266,469.14184140000003,451.0784802131797,427.3883996373613,397.6228683040506,363.3466599710191,327.6471995200001,294.0097011774482,264.43971416555956,239.55871693397506,219.1502525737831,203.93825908,197.67500527086975,199.89749720569966,206.6896212854987,218.51451014218316,234.02588051000004,252.97853157716364,276.33489489150577,303.2033231197859,332.0723805169176,362.15428628000006,392.99657042398945,424.4539988174252,456.88590616057877,490.1622421698527,522.91135829,553.6600243140863,582.3940954307045,610.3490493208102,636.6281981209853,663.1051744600001,689.0145259416081,714.5581653558068,740.7631548488068,769.8311639399325,802.2363790100001,837.7386772246258,871.1827196947131,903.5152277689349,933.3772172607476,962.6935033500001,991.5669549310155,1019.3033197951285,1044.3817420586736,1063.6178158371592,1075.9452642700003,1082.4787361123645,1085.393118823768,1087.1441821649134,1089.3548249517644,1093.06640346,1097.20344384806,1100.6880011397377,1102.329737061488,1101.2221479570862,1097.1847845900002,1090.79686242473,1082.5808647737967,1072.8822092029377,1062.6204115604808,1052.8050026800001,1044.4709496939574,1038.9154957596784,1037.5869048526085,1041.7113682967167,1050.7038238200003,1063.1031213904926,1077.1479394550033,1093.0174833398235,1110.8472594913003,1132.36717876,1161.0860177172226,1199.1513637974372,1253.160087307701,1312.236607738206,1368.5638926600002,1413.1727885994335,1440.6255127119562,1446.9543880462948,1429.1309458348476,1386.78754739
7kg_10bpm,5BC,1128.25485961,1094.9733558284354,1044.0964107176617,991.4662898732853,950.0851415246866,921.205327363776,906.3764569218279,907.053454232945,920.5608270837648,940.7545280571277,961.0538719292056,974.9859903895257,977.5898697784157,966.7553620617986,943.9884805241387,914.4839883118594,883.6767918572124,855.9242507299737,833.6295054755644,816.7664378161082,802.207276578065,788.8265187642972,775.0838691525686,760.8356373880781,745.1536729706623,730.781958224669,719.4183638522574,714.651461241899,713.4210616141877,712.673035681231,709.9490532605802,704.6388393879218,698.8461262635586,694.2682407578977,692.2085669019549,693.8751610640887,696.4791690234243,698.6817204958485,699.1255450349215,696.9850638950369,692.6030646284022,686.5966632032913,679.6138857188549,673.0713670575807,666.7548644538314,662.6352266916986,659.2735947561033,656.7612809599682,656.3696825776892,658.8276812500737,664.3929847039858,672.914445158366,683.6830329126985,695.9793375476022,709.067677602068,722.3863611560744,735.6303433058071,748.3614423196924,759.7649918892357,769.295504556853,777.0627861034089,782.7410066996742,785.629376429318,786.426356893338,788.0487324272495,792.6039881729876,801.4949062938892,814.1457607310635,828.3097109030015,841.1287743553127,850.0176637984276,852.7026297469599,848.044384899759,836.5731455721443,821.8542044188212,808.402434749909,800.245537407991,798.9393777081909,803.736859836045,813.0279579511885,825.3649689770303,840.1051698959624,859.2065150959473,883.1857945578081,914.1654261023723,952.7165492976156,997.0825369731085,1044.1365539871465,1088.2949135816818,1134.6162673569295,1179.5658734816377,1214.8379516566565,1241.4615776871517,1257.4788179362567,1303.8878338690529,939.3981434982915,1007.3768965122176,1025.3376104325184,1022.593650783115,999.8519459911203,961.42973966
7kg_10bpm,5CA,1101.71357004,1080.9051276707746,1049.956313206612,1029.6135330845298,1036.6371749716836,1061.2800683945818,1099.6089618861704,1140.237158796842,1183.3319069780123,1220.381206934353,1242.1668208421088,1245.7908166766217,1233.0093752649161,1210.4705904588864,1181.9609244240648,1157.5174751490604,1140.0764508427899,1127.4229751782648,1111.4114574219916,1084.7574557009532,1040.3247059957012,980.4734176491656,912.0472825993285,840.9059225416461,774.1356444347298,720.3593254166767,684.0673024994162,662.2004105418986,644.9423387243748,623.1881330985226,592.4645127574805,550.6480535315517,500.3714638132716,447.8091200746895,399.95062855384094,362.59492580915173,337.25416507685895,321.3050541673367,310.1677719736635,299.6906483041041,287.37278925721085,272.56570963062404,255.5868505244602,239.06775136642284,226.32434608116637,219.72979688987357,219.5727612082607,224.44649514994967,232.19840568567898,241.20350865902932,250.99474322,262.1432630254741,275.34003676065646,290.94695698069125,308.7279384079773,328.5032366722041,348.6982391743359,370.64757212778,393.9099286608884,417.67686205095964,440.46754166965025,460.56970062077454,477.2826589178939,491.04497483344136,503.80998070270283,518.7975465513131,538.7972539009114,564.4241715056672,593.1318014478693,620.4283862129187,641.8675565087472,654.5195234851307,656.9852696584029,651.4455763745717,642.3933360082789,635.030819931487,633.6765888923923,640.467874033958,654.5473187820367,672.3623426623585,686.640894114881,692.6114671724255,690.1268837026084,680.1290978180353,665.6098230906531,649.8915014138233,637.6996042748518,630.4503917787924,629.9765828677009,636.9570801141592,652.5115235388383,675.2623229227523,701.9479601276838,729.2170702561441,754.3689395691696,773.1879449352364,782.9551210082874,781.7000128105775,767.4070999077146,737.9684033170957,690.34701644
7kg_10bpm,6AB,953.1264646,883.1675670916582,809.4395937890195,743.9389845418349,697.012507164283,674.3771595365763,675.8785864661743,695.41562146872,720.7583906988384,740.3259323259283,745.8695460303582,733.0333687461116,703.1702857583425,662.4579728330001,617.2245710416005,573.6753434487506,535.017810605494,502.165220581286,477.24813965612714,455.1731931912961,432.346817524477,407.25486601616245,378.8790287821988,346.1968024448232,309.6221891746875,271.93408530177294,236.67753675155348,206.20066666340293,182.24684065640048,166.46846306844807,158.1765796618664,154.72958296249118,157.71209715823332,167.09400959533983,183.35778334785854,205.88946552215143,232.86544356226366,262.75634054878026,294.2687030932127,326.14145017280646,356.48421273747715,383.63064982274415,408.1609460928128,432.6860344057537,460.13502069035354,492.52114007886127,530.2696165317284,572.3267821005643,616.4948160244768,660.3831220416179,702.1962542700003,741.3995808797557,778.235939263852,812.6731156919773,843.7775002087111,870.1929968549745,891.472583242249,909.4908766936514,925.9442815380676,945.0151675271658,967.4799597462388,992.1434975868139,1014.6469910849843,1030.7810686514667,1037.9310713041905,1035.97493254071,1028.0454817556567,1018.6148146843835,1011.0724590593667,1008.2967052601699,1011.8021691793601,1020.3131707198647,1030.7962411864198,1037.2335497869592,1035.4819398754446,1026.909467326252,1015.306231906124,1004.625166216187,999.4686684782326,1001.9922864579042,1012.2813653437208,1029.1452654540103,1050.6578691545808,1074.8425448618468,1097.9317382631598,1115.407677633358,1125.3699431653652,1127.5803044019838,1123.1022839806453,1113.4751163833168,1102.6268199410245,1089.7110554244516,1075.94565255382,1069.6667639589575,1071.048341248697,1084.549599945412,1110.5979834923908,1151.969520606784,1205.7289841068298,1264.7784401853703,1318.55994802
7kg_10bpm,6BC,1193.19804863,1174.7833270330932,1122.3310914150902,1052.1080389442764,998.7186761011078,965.5976480859762,942.9041195116874,934.4487972119138,938.2432677472665,947.6861650575859,954.957523624894,954.4681306299188,944.2568494066369,926.8516349293313,906.6090719638427,886.627762202754,870.0653290376955,853.3264690036866,834.3771709971936,811.7909162436657,785.4690289049051,759.0931643773974,737.1204537213885,721.6354078524212,712.390117775144,706.42117133,702.0829362154503,696.286697280461,687.4010711697013,675.6885089777377,662.862696532034,652.0430565207573,645.2878434405478,643.2647379990495,646.8849989953408,653.0411960695046,659.9691209750625,665.1191264406434,666.6141542669553,663.4112996819988,655.022772130623,642.6879995685555,628.8859593131352,616.4509407676408,608.0371371682565,604.990221205077,606.6162607626699,611.4971677911478,619.1605192734382,630.0567672337236,644.1301553400001,660.6974563518121,677.7628820783951,694.6750571723703,709.889896562213,722.7173434636945,734.1106750090315,745.5503728907623,757.7339889992916,771.0203916844739,785.8807292813134,803.6994985936949,822.8101613583242,845.718885833628,868.717162283132,889.513605622685,905.5923707934012,917.2643481022974,924.5170925864351,928.7280332656743,931.587870642131,933.4747123249073,933.7738131711503,930.8629467152474,923.7273492278288,912.0018902000002,897.0384267684882,881.0878975525251,865.5560720431515,852.9660330388566,847.1711844919193,850.4917546481184,862.9702649793308,883.4839942766689,910.0369165460892,939.0441629790878,966.9402876773834,989.0442540010002,1002.0002303376684,1006.1666884962056,1004.846711671147,1004.2752336278854,1012.4626374902019,1035.276712080183,1077.2901707065469,1135.6952373805166,1194.739449726207,1167.8969948526606,945.7793590741728,974.3758124510854,989.05152835
7kg_10bpm,6CA,1152.5962222,1113.5727999718565,1069.0467854740682,1034.346708395724,1021.3866020652366,1034.5017065256234,1069.5005942132098,1114.4290283731743,1155.3829608238852,1186.5835269416766,1202.6861555405067,1207.850022146874,1209.322501336184,1208.9841312612605,1209.9177961143878,1207.688195615016,1200.7195945700323,1187.0062850054971,1166.8752468220152,1143.4086759006095,1115.6819149514067,1082.4856708647844,1044.9886233663772,1000.9235258618803,951.2795767561089,897.40962199,843.9812423400912,795.8023775127652,754.1256383429185,716.4447397845562,679.3737264623496,639.6656474239808,595.5226031544163,546.8246579430074,495.16212848009013,442.8951340154456,392.66135532162576,347.08995592254456,309.2234551674247,281.22475111263714,263.93031387743457,255.18350938442597,250.20546021942224,244.073545320944,233.9694884680797,221.08158645219143,207.73147474601592,196.05903163298467,187.9432291144675,184.75877926704442,187.35969574000003,195.7833699305449,209.16005085305585,225.9794200877092,244.73191492808772,264.21169716629964,285.0110495833327,308.4254121420446,332.4137564817254,358.16077414433727,385.7035309749183,414.1596388783677,441.87290899391803,467.01138271125427,488.64590537184404,506.82828279818693,522.3411597800931,536.6908504308628,551.6866325307612,568.3098669879082,585.9245492895097,603.7004887863479,620.9794957708039,638.9080511846743,657.1237011985405,674.29999401,688.4307326968197,696.9901779640854,697.4798304976815,688.9636812968058,673.0284588433038,653.5728793377123,635.7698210957989,623.9490245227247,620.184034457838,624.8686271903092,636.0042968798112,651.9182189114224,668.9957180557767,684.635335277001,696.0068014873273,701.8668117229363,701.4890306284749,696.8058556392093,691.2217634547278,688.1171642541128,689.0866458125194,693.3072178578526,696.0994776189403,691.5295892784818,674.10290498
7kg_10bpm,7AB,897.85654338,839.0031730630044,783.249560040188,738.549238789977,712.3577048279303,706.5143812281934,717.6377631892439,738.1549034224523,756.9585009681989,764.6141881708551,752.9199370194768,723.5291352532236,681.8832135872011,635.5276992070683,589.5431122904787,546.996480225838,509.3951394929942,476.78572259656715,446.8412276906191,417.5015175840577,387.9507150320315,357.74428593924904,326.03073001297383,293.375894195113,261.45841976000725,232.34564050539996,207.77549965866893,187.53448755506372,172.58446417465794,161.66820893150683,158.72526745855808,165.70648468038218,179.22372606292396,197.52299266330937,219.08286861492536,244.6922423771376,274.1373613676398,305.395739031345,336.39545179535503,366.3126495154923,395.7763765468037,425.79900678842415,456.87357597031126,488.61162920419633,520.2516684633594,551.4383054812583,580.6397785081309,609.1878929781395,640.3456354472688,676.220507728406,715.1950108775405,753.3827785029287,789.3069102136434,819.275820529186,844.1843554759973,866.483793403165,888.2322614022447,911.5498720368358,935.8136147654521,958.8878610340458,978.5496102481587,993.4924033042557,1005.571298947397,1014.885089224133,1021.0823784919301,1023.3251655451882,1021.9304313340892,1018.3945394761058,1015.0047206344962,1015.4704764505286,1022.6002565241973,1036.7813686867796,1055.565376269804,1073.9764439559883,1086.680188862421,1089.3285086973317,1082.1673137619168,1068.2430729504852,1050.222277398625,1029.7727531919304,1009.291738613997,990.5392906288677,975.438426859146,965.5427430772993,962.5002243356486,969.273537227341,991.4036694150805,1021.7627801289048,1052.322158891463,1072.5710335338708,1077.6653174652852,1069.4818040073374,1050.8802010072297,1032.9000786773413,1028.9758914190425,1050.6692913347692,1102.5753581308304,1182.1343494542587,1269.978550452261,1340.103096899633,1368.62485459
7kg_10bpm,7BC,1197.38275627,1147.5484074171638,1070.8477370195235,989.5723292856176,936.3953967852744,906.2747570576793,899.7340389322305,912.6476244978486,934.0974717148113,951.8375356776307,957.6829433104688,949.1551952632555,930.3060250771489,907.6498229864856,886.3099350194348,867.9109858834925,851.6180223395837,834.804678977025,814.7840567821868,792.3808849967309,769.55058862,747.4593470668838,728.0839669962492,711.7269854361218,697.1681251799391,682.6100754035872,668.1798393019446,656.1774059983304,649.6123833500927,651.5456020985744,662.3531602971369,678.8161487054267,697.2776300072114,711.3666717551863,718.2227252500086,718.4094773346341,714.3972316705108,709.0587637898192,704.0999927220626,700.2652713145486,697.9779281800002,697.1011967893915,698.8526983318329,703.5462205990486,709.7894600651849,715.0939988611292,717.4717382264158,717.0292330295144,715.8906360797973,716.6667077548578,721.2812375931878,730.0060116622456,741.8413670689823,751.0162279142294,755.3117903695902,754.7291920959759,752.6486011415225,752.2279498466525,757.248027936451,768.2192675488994,784.3396863400001,803.7590591931151,823.5954844108576,840.9249135242071,854.5471276646495,864.350893478004,869.8873868406725,872.4497019437302,870.2552496961904,865.9499414949214,861.669839083045,857.7993188199323,854.9965863981135,853.4000991300962,853.8403780967635,855.9905066036063,858.4104942288803,858.5321904688017,854.5162639127527,846.2940918934507,835.10369947,824.7811337384073,819.7086153179675,825.0183341170331,844.508073832515,876.4888153507114,916.0997772934825,956.0008195017415,989.8330924538584,1012.6333567222689,1022.5414770139938,1023.2008517477934,1015.032641435465,914.4657320397231,795.4788264255235,819.9946996541745,859.4495332255486,902.8296352923388,943.1741251840506,970.2028061268654,974.96044749
7kg_10bpm,7CA,877.80038534,1169.6642484126414,1135.223200092685,1083.982207517163,1038.1699205597524,1016.0859015880366,1017.9431751102906,1043.3322642975788,1078.995005399582,1117.040671464126,1145.2922969555596,1154.3694440227475,1143.882659827537,1123.9515735134485,1101.5725215000884,1076.3097596862976,1043.8024699896475,1003.1494603053425,959.5471838271094,923.1387809465629,894.1436520952958,874.0001118393604,858.3498586031665,844.9247788922439,831.6966783153821,814.7183759879034,796.9157190961334,780.2368844135692,763.8496214684995,745.0743250085345,719.8841255089908,684.1282570099016,636.6832813347498,578.9232346527073,517.3060279099657,458.91333984028597,407.62062821003786,363.5772012828068,326.8870935428806,296.5889267904801,270.6611939428959,247.49783763803964,225.62062127741004,203.81688364919356,181.9576167804181,162.20372073610633,147.23063532760085,139.75673950321192,141.30860387798927,151.09825658161037,165.6428744045667,180.16383306272766,193.4194373631895,206.99603828922017,221.94921631278646,239.56433449508867,259.5310945723087,282.09887803321595,308.21397437865437,338.3138825173759,371.9060734040187,407.2178259595785,441.7630255119875,473.2750805473904,499.1732654812311,517.748457942978,530.5825192336164,540.5257993169525,550.1123491201832,561.0757456081852,574.0090666649194,588.1690154581399,602.5131930544597,617.1428348509568,631.9122365494346,643.9538009356893,652.1351039173239,657.6662361436894,660.9193987735817,662.7464985801633,662.8385569856357,662.9068265850334,661.5014048331966,658.1509691661603,652.378924053777,644.75154337398,637.3972022677559,630.5806161496209,627.3435659192656,629.4479449168336,638.6229269904267,654.2382173156001,675.178446420998,699.6733446531117,724.0213009473239,743.5736942838448,754.9143906159823,753.9204277735242,737.8988854553264,707.3455666310103,441.04873416
7kg_10bpm,8AB,940.82269129,870.8089644092164,796.4705618145866,726.8797398815598,674.8605479688592,648.9081462369884,648.1013737281888,664.0571401255061,685.3653621765322,701.0798954792772,705.7377341102979,697.1022231034922,674.897763087733,641.9791854795793,602.603735192194,560.9948289218331,519.8525094000325,479.7667288371013,443.11468849098225,409.4167567022098,377.13030397098106,348.1037747921478,323.2420121207735,302.0820989254009,284.50869506631545,270.5585554554335,256.81911525453717,242.7904240719166,228.95617293129064,217.70600531447596,212.34984356559985,212.45488277445963,214.5051302139933,220.18378383025544,231.5436651163189,250.20870441697252,275.56612966864054,304.4876296925768,334.02165352072353,362.34987106495424,388.8067463790325,414.9021980368281,444.1013020438668,479.45041755948,520.5048437971234,563.9671727824192,606.2366062589053,645.2320143730632,681.675065769993,717.8731811544338,754.6658888200001,791.8112636523281,824.7435058872829,853.3955137372286,875.155883199387,890.8495200308985,903.1048826151514,914.284629188963,926.7876696225732,940.3924682163724,956.4633050521547,972.546834289394,986.895560637638,999.0592424809455,1008.5813063069817,1014.2590683044101,1015.0664770645818,1013.4698978452008,1011.8363850146691,1010.9309638892263,1009.754586419132,1008.7036305813067,1010.1939529768619,1016.104088840946,1025.5266294636706,1037.2063757495532,1047.508084696491,1051.6540338745183,1047.4555208467937,1035.4193692912204,1018.2314011737373,999.0897943045611,980.0565622476096,962.867582734407,950.4448776646934,946.3057360088667,953.8128329521844,974.8119658064467,1006.7778095050586,1042.8386368935642,1074.5068709729105,1092.82320994227,1093.7052273730897,1084.3246278163772,1076.2167221622074,1078.8885157558468,1103.3234338028935,1156.469051696377,1225.9137977276223,1291.0562536762097,1329.12791852
7kg_10bpm,8BC,1114.93538895,1085.0355315862757,1039.8426266230417,994.7496429857368,964.3239691887136,950.6645423412904,951.6790382456085,964.181877146957,980.6872765219478,991.646172788196,990.5710864281156,974.6014283127043,945.4118102199359,909.0621897151611,873.5359158015345,844.1514940969691,820.5209616301087,800.4225952922138,782.998439629521,769.401564230978,759.9724331289099,753.5756187976787,746.2174873974028,733.9397688701852,715.0881413054674,691.4134100086856,667.4218629628997,648.3419508517055,638.6069815699638,640.0355156951083,650.3646157410299,664.0593960356031,676.1066138175992,681.7336210748696,679.0205508276011,670.6561024893214,662.0157773509566,657.4554365846653,661.0071952726986,669.7186900520016,679.4600335730772,687.4654235418175,692.7196974404454,696.4124377195936,699.4894118673137,701.7656067209716,702.6824111748001,702.2603135698429,700.8902953273978,699.3100638569462,698.4498242081065,699.6985139478527,704.1553514439136,710.3691123211036,715.504788993651,718.8027669728522,722.2916273245963,728.852903090837,740.0899851407347,755.2247593348268,772.4864695775002,790.1858512520884,806.5206220883317,819.7405395267334,831.2899472530402,842.8972492667358,857.2712109362607,875.0786525465359,896.097770910961,919.1984846175883,938.4377424506971,948.3377463230537,947.171635969815,935.2101486993407,916.3153568797051,897.3005853353401,879.0100613142533,862.0141820177811,845.6209362385624,830.4425774242712,818.0788420194735,809.6935713164771,808.2535952708922,815.2055869921032,830.8953825709765,853.1441797194932,878.6664153306834,903.2576372592218,924.5727531543066,942.1762665977539,957.9430868339883,974.1891023886744,992.5551244242886,1014.0430776123542,1039.1388235207824,1067.0777961060974,1096.2115326629234,1124.8467112628055,1160.0063762000423,1207.6346429913362,911.78618461
7kg_10bpm,8CA,958.48516965,923.1708335888754,895.9414488229622,876.4205271176625,868.8205421802106,877.2798644130274,899.741886294007,936.4774544482228,1009.4439765200891,1087.8839414460283,1144.4503905412553,1165.5132658160824,1155.0298860930393,1130.9063818967018,1113.6567501025422,1114.3095048155242,1131.3112979247462,1154.4654090519082,1166.6197809109945,1161.5224854067042,1142.3639096932461,1117.6412868693424,1088.3208557638393,1052.9793571641328,1010.4150645726197,956.8536935102825,895.768112133959,835.1219602023338,785.5008017503675,748.9831894026621,720.8622770711169,695.1890143674924,664.538219086922,620.8722145550652,562.0945218311242,494.68186808696845,428.99670445611963,372.5540979983734,327.8439033186939,293.40045056336936,266.6853606599318,244.0890975996,224.26124542947463,210.2701053796223,207.42731696138418,217.33290875881966,235.28976484882045,254.33041207336493,268.3523043334662,274.0577015249633,276.24264403000006,284.2114206743976,300.9175935283683,322.8065866752889,345.8241688803936,363.1015002709077,377.6398412072149,394.74965874985423,418.47431511436923,449.95236268869076,486.77476649277713,524.2629915881881,556.5105098354506,578.6132896935079,589.3319649513941,593.8107256457881,600.1095316046989,612.4590346451232,629.3379083858277,645.1721664270826,656.9217140925413,666.8821818714865,678.2024331103955,691.8317909639565,705.6298631789316,713.5921763531918,710.6401604656404,697.5185963231919,680.2360256663436,662.7080333063843,650.625965569728,645.9287137913481,648.2297532492768,655.2444514265769,662.9687252842083,668.2703285873008,670.3080304082231,667.8856523736366,661.1193910891291,652.0912994545007,644.8533657737452,644.2342739532584,653.0075434869814,672.2137924654403,701.3863272463423,735.3980556353654,764.2597139742103,778.9767110055806,777.254402592325,757.5727490247912,718.18457975
7kg_10bpm,9BC,1051.91920084,1010.6860784392093,972.2357801686994,941.9109340566572,924.6054580811872,920.70880904,923.8549656036481,927.902212391341,930.6272486095846,929.0269476777254,920.6598623,903.8967954968599,880.7625912936547,856.3322887365804,835.9938057434205,821.7976978100002,813.1146219311217,807.4077485008402,800.7406566074286,793.7897891185297,786.4155364400001,778.7888387405134,771.8686551719846,763.8285328189846,753.3595275959278,741.4575006900002,730.562848292526,722.625818467008,716.924441594793,711.7708906708298,707.4827777700001,706.545014686771,710.8829363282101,719.7613407260541,729.7725607359816,738.45718769,743.7277748923332,745.0009191734421,743.2804506803001,739.6975694335982,734.75481744,728.5648019116759,721.651177301985,715.8806515000304,712.8053443627452,713.26041545,716.1749766038154,718.901941670724,718.7807639705144,714.9459907364775,709.7885087100001,707.7632939077595,713.0935447136477,726.4097761211707,744.3846865115728,761.9324177400001,774.9168217169006,782.956091388192,787.5209507329569,791.2836748295846,794.6149886800002,798.4553801646089,804.6462852623074,813.1643126397535,822.6691639669266,832.07304457,841.8855355737853,849.9225196013272,856.4569345347389,859.032738030874,858.1863257300002,854.1725071475355,848.6669047955346,843.9242651868149,839.1439758696606,836.7849264000001,837.452921795721,839.4370357255093,838.2301208587181,831.7044704406734,820.3664368300001,808.5861674998644,801.8297979877731,803.9123816313087,817.8899165443745,842.9946200400001,875.3365599782928,907.2033136363207,932.0333711386675,945.3904374362462,946.88627008,941.1327177437367,934.0753275140943,934.4388726158146,950.5850708366199,987.9807670800001,1046.087793257378,1112.5696549940044,1175.040830436071,1213.9541032136553,1201.99177431
7kg_10bpm,9CA,973.88668962,958.4409469207022,938.6739093686332,916.2040281248102,905.2543399723775,924.3340044450583,946.8200699125675,970.7025849579188,1009.5453224803019,1047.2830493490035,1075.9791625090593,1093.0289719949099,1103.5941126117816,1121.0025508475837,1131.250186290373,1139.4549068691447,1143.5525783806245,1138.7877860386457,1116.2771421871194,1076.3117525931987,1024.8667831210703,970.0326264535855,916.4214583223772,865.4492472395651,810.2763190613261,748.7686644766878,680.277307692261,612.5532204529782,549.7127527807235,492.0684791406018,436.25437144157115,382.15134445528,334.7827881939152,301.00006800340145,281.3713290533897,267.91793290012356,251.33400483091364,226.4605949567425,195.77707666286017,167.33809014711392,150.05834865713055,150.04726377209832,167.6151930901004,196.27845476712446,226.65246481555894,255.42551805678906,283.5290661383236,308.36960413449765,327.6220121927443,341.5396205704581,351.380655941584,361.5655489160467,374.94896959717704,392.0725883642647,411.6159050027066,430.6808110335244,446.4835976421189,460.14575115066214,475.6368546448533,494.68743429210804,516.0404729358363,538.127489700434,558.4892767676616,575.3196472215063,588.624530022547,601.1830814966813,620.4840543843887,647.437147415522,672.6996972997199,682.959081343868,671.2708104821895,643.2987219894084,611.1851488167795,585.2749710764043,573.2128816479662,575.0397125506299,585.2733740807644,596.1719879046492,604.4357941310233,611.1092560198483,621.062264476509,634.2500345802323,645.0116357333378,649.2886579914949,646.4287733233963,640.24269925878,635.3630599186433,632.7127837704704,631.9748395384837,634.3878035708997,639.8517559497136,649.6778105737674,662.0500995297245,674.0963516803337,686.5655913217525,703.9318264390463,729.7328553185523,754.7032884461338,760.908736102202,730.9453265050232,661.72820522
7kg_16bpm,10AB,726.213481,694.4627888583765,654.8212936777373,617.7197078580533,587.4960645502997,569.5010518803574,564.4308378174601,568.1923773751837,574.6530937278998,576.3563813402133,569.5797835774914,559.4434502837767,539.2775289027984,511.00628973275434,477.9261180950636,442.4766929654945,406.4425796162253,371.06719103363275,336.2647423446224,300.2449241943177,262.703386224352,225.78635733794403,188.86665314743732,149.68740214362074,117.90921044262109,96.45706317522205,84.54306390305304,80.26548369083645,89.55185342813697,101.69606565190973,119.29113234357698,138.9598188040224,159.27509392079858,178.75666917014308,196.84635595511335,214.2665884975662,232.29945468208902,251.50575622240072,271.5894706764126,291.75489124331466,311.1877648468551,329.45386041279994,346.40875523392486,362.3341397218423,378.46200829902733,396.21978840956456,416.69588734092855,442.07897908426645,473.9070829859706,510.57532406714614,551.8369132800001,595.9390995935938,640.0614307497619,680.9866391740827,717.1289350035254,748.3765170154157,776.1406664016727,801.0430522898123,826.2153526418521,850.7994237030599,874.7927298514008,895.7300898120051,913.2788408680626,926.2699400167596,936.1566408543405,944.6096484824662,955.3256240184239,969.1186390091517,985.6640621583794,1003.9252072027782,1021.6769589474192,1036.2491641018744,1045.0256950707237,1045.9853102083575,1040.1506786415725,1028.6543606498458,1013.97476418368,999.1470242404397,985.9097370404841,975.9650731281649,970.9207814244825,972.3357540365174,981.5330739231307,998.7996961840306,1022.0513025069794,1046.7660483326438,1067.118958596017,1078.4909356699757,1079.9817285757695,1075.7578002505898,1076.5593190328786,1094.1309958301708,1135.4606297018508,1195.2477931754202,1262.5575575306746,1322.2273474240317,1360.0396138816263,1402.2873073869184,998.9460990167419,985.0627678971478,932.47977254
7kg_16bpm,10BC,1161.48282808,1141.7429149274149,1108.4107350248971,1073.51741204504,1042.8350717148546,1015.2520254088344,992.8372825778114,978.3788601415933,973.1096103521393,977.2794327325105,987.6982840470049,996.1268280330349,998.1439760985697,993.0608977803528,980.1666338684298,960.7118146296878,935.6951486381504,907.1412763915113,876.9064593942528,846.732589782099,817.9210856033969,791.6878004730708,770.1500430002408,752.7618098669062,738.6686827732816,726.3914599700001,714.239139989579,699.8975804321872,683.99277751394,665.5286669521081,646.2234029406834,627.4831108592492,610.3671139759606,595.4909313637586,583.385212732587,574.5215241870158,569.2061198598631,567.9000116095173,569.4783858105629,572.7542320647541,577.2489720471815,583.5153045341013,590.925713615564,598.1401843441753,604.5308443965598,609.7852170148673,614.5334196292338,619.1808323294864,623.9048366818009,629.401727419066,636.4491711000001,646.2830479430263,658.0056370909817,673.0519733988559,691.2180495505187,711.4002459049078,731.4826945526241,750.6316460948378,767.9348227567847,782.3193294403884,793.9224634511434,802.1202014167501,809.275410183013,815.5017627596079,821.8416581992751,828.8071876434885,836.5260945172696,846.1764962904573,856.1316383749623,867.0025317942363,877.4087790282605,886.7400329214964,894.5066736260932,899.8617697324644,902.7865611887803,902.88261071,901.0845169012944,896.8650241728028,888.9817362710797,879.1663375071253,868.9693196267247,861.3415583943143,859.4442458680144,864.9991279120347,879.7115115221372,903.244586387777,933.9451244794251,969.3264949856973,1007.4778059894016,1045.4670700383133,1081.0761157928503,1153.3027967317353,925.7434564218532,905.2811691109976,942.8440823045927,984.3138917866272,1014.0143808582461,1031.719815370854,1034.371873920936,1023.7775310583878,1003.21006087
7kg_16bpm,10CA,924.89938999,1200.8512720129909,1201.1255050909294,1182.8823372918412,1144.4858179658431,1106.8419593597232,1084.6833015119596,1079.2907111750549,1059.0282302222465,1060.0552874655598,1068.7988222314636,1083.5088518518269,1101.922488951845,1102.180610551661,1089.0300424712166,1072.5182504282757,1055.6485716490392,1036.404467333805,1012.8928456620343,987.39727728521,964.3207767918049,946.9535042336759,938.3049978765039,934.2884053904512,934.4915358848763,936.7942847852773,940.4361640856722,943.3414153136277,942.5600902874116,934.4566499462072,917.1118589227536,889.8654967819218,853.6102710386439,809.1499944808232,757.5077656485763,699.9216573805331,639.4029107568539,579.3726269721768,524.3373734929586,474.17419680994743,426.3566074023797,382.2888019773772,343.5456657888763,310.61502683019086,284.92386473057763,266.76300033515435,253.99659295823056,243.95870406090216,234.69752770586408,225.33580473932764,216.88545383000002,211.44860887204072,210.61765085295502,213.20342442838344,217.7952825281982,223.2291452126382,228.8598500828125,234.47507522676793,240.56835957909408,248.16244062931744,258.33618158220816,271.914187601155,289.3033018857758,312.00378516816534,337.576120295691,365.1351796596822,395.59123179651453,428.08653871343785,459.9654032581,488.1796429525491,510.66345714447596,526.4432831084877,535.5813152403047,539.7329250601973,541.9527394535015,545.0665815017145,550.9460125895171,560.858582017955,575.2544477521476,593.2467251864338,613.037967065609,633.3112774603674,654.6453253495553,678.3839920675118,703.94480834969,728.4597499936289,748.8129289432676,764.5999735282479,771.2539988728804,767.7124965547991,755.0334481034398,737.0099425796204,716.9484104503392,700.6416998994168,691.8733523732732,692.4861141272265,701.3199424803148,713.4687211159896,721.002746974285,719.8553054593893,706.28911632
7kg_16bpm,1AB,787.1964351,748.9443713046951,709.0417317693529,673.065329533083,645.2496907795571,631.9674868602331,634.317612020649,647.6177184798149,663.2863914124684,674.115643363679,674.7643920119117,666.1202088857762,648.4266053222037,625.5186059917363,602.7839320547157,578.965232696237,551.629746979293,520.4705666088871,487.24976358628663,453.945977086236,421.6606720600001,390.3445999107001,359.5545224296477,329.096531286689,299.7080381815496,271.95838693730866,246.18282570665377,223.6496093531343,205.14566778297686,193.18114540758137,186.2428522515379,182.7504603118231,183.08331109939422,186.76320652903624,195.03719594811963,208.99191582661234,226.73036498167082,246.30138144319056,266.32202926450725,286.6129337104283,307.65138275000004,329.9684551889122,354.381633197742,381.5458432697337,412.40275364180104,448.2236152108764,490.5049524622262,539.3287610623188,591.6760254021289,641.4413775876931,684.3026465580442,718.7525120313426,746.3760894082935,770.0681210149467,792.6419252065135,816.3570750309534,841.5493040423858,869.1290252217485,899.7767454230303,931.5113770305378,962.68556456,987.6390550324753,1004.7116935041907,1011.0034904594543,1008.8826628116049,1001.7923003320205,994.5656743938416,991.8274256095744,994.4980914110058,1001.2845124299923,1008.6653959852058,1012.1059675738895,1009.7683693310668,1001.5618559072099,989.5167150378891,979.107459395424,973.1957468189561,968.6120146505797,964.8457363694154,961.3376070744714,959.1581700499999,960.1600698513279,966.4214007557287,978.4477415928257,994.982443813923,1014.4464947949515,1034.5651411959557,1054.8754628058696,1083.1515888987296,1111.6814687242609,1136.7625465096075,1155.4969932606452,1166.9079826880848,1174.826548757521,980.5869269862612,915.0828417348818,899.1754936603674,889.9418841206757,877.2038197581809,861.5776177486529,844.46291849
7kg_16bpm,1BC,1162.50048691,1126.1802697075484,1080.7043454715674,1036.0076656269964,1014.0899040862125,1003.2041123531626,999.3699653862416,999.9955139036284,1000.4168061266,998.3894385820637,991.976641082601,979.4392058494332,960.5431235634163,939.0637240258928,917.0447257240442,896.7419298337878,880.9562275960666,869.5446519764541,860.7592136525708,852.8414866713238,842.2943081010432,828.6046134141042,810.3100561595146,787.5750514816125,762.0337154598401,734.5033125732482,707.0410300326618,681.8744458298181,662.8317974116585,649.6223873838338,645.5422375339963,649.2877093968875,658.7292357210476,670.9837358975727,681.3487928590148,687.1989087026766,687.9988038074182,683.1869284645275,674.1637219019365,663.6463432500896,654.2116821241809,647.310690160338,643.1929264702426,641.4606154601083,641.4173780519186,642.2155223568803,643.6825111417605,646.4576860975858,651.5901307115956,660.1381430355565,672.37304713,687.8303227479194,705.5245683777598,724.8093569806767,743.5824859338586,760.6345254993736,774.3022952334488,783.5134839157284,787.7576310355731,787.537893232857,784.6616811519239,781.7955161122572,780.9458908555782,783.3676035083355,788.8181615367498,796.1399243364316,804.3842023863367,810.5511200655466,813.1805052028733,812.6055294918922,809.4325763978729,805.3330377505323,800.7507212139367,796.4664349696717,793.4202901761078,792.2542796063863,793.9278051943736,799.2981663070741,809.1593220057781,825.1767784714095,846.176846131262,873.0785730850974,900.1515683766856,923.9070864709192,939.1816092865307,944.2451923322544,940.4285124565811,932.9284101907273,928.2042507940312,932.8215856301753,952.3740025569459,988.615309455022,1040.9360651303948,1102.5505499330554,1162.2733240867553,1214.3835315477036,1271.210609644387,1055.5177296134802,997.797822355988,971.3552177713615,941.74270722
7kg_16bpm,1CA,1115.30024638,1069.811548788308,1030.0670030176295,1007.3765634521096,1007.0284089554729,1017.1277585399287,1035.8488599526213,1063.8349585848814,1087.0814251224901,1105.9287332083359,1120.891967994022,1140.1667293602786,1157.168032187105,1168.7237094253912,1172.2742570606688,1171.6613291645092,1162.0374606857667,1144.4642645575486,1121.5147247849384,1099.277156491352,1076.1516247380669,1047.6809949350477,1010.898253795194,964.6660973162034,908.4192040501505,843.3592347796274,770.1104597205447,688.6082368333,603.2654704145082,520.0618461414829,449.0366163946146,394.345114483078,355.8905060082175,329.8685748130808,310.7668701033804,292.67064605573074,271.7429641476845,249.56585386568025,230.5146887437133,218.27351611097586,213.65092857945325,213.6952129548308,215.3741248188335,217.385879783712,220.6910181533972,227.28196098515474,238.58736709554194,254.58820368244054,273.97398397706826,294.6567973711362,314.46672835092016,332.42277755837387,347.66057679289503,360.8881926661821,372.69908738042426,384.82198711327453,398.83810650726576,415.4370131453199,434.0451965149472,453.4684006789587,472.75659097003734,491.5196104939069,509.6977402518485,527.6244517785292,545.8450676017571,564.2427687361696,582.0260859988426,600.2686896854958,620.9290416656854,645.0567364071106,672.4998034972261,699.9163647094628,720.2439675990108,725.8289838310371,713.2878055269879,687.8184440002968,654.9902733254366,624.1866335094836,604.2676550790748,599.5582811090354,608.2644644153855,623.2348292520471,638.3787140886712,649.4331793886683,655.3450626994654,656.973743242639,658.1667279502868,661.3469033896905,668.2717193364983,681.0992057816062,699.1736857632917,719.2521245175967,736.8177748662367,750.5058970550566,760.4795673596803,765.1779984277323,762.1658745733748,748.2391497829873,719.9275043169816,677.940301571209,625.77257536
7kg_16bpm,2AB,911.24603341,856.0268704948735,801.2707421146578,753.3433623495921,719.0136479222458,701.3839538739647,699.7960987405322,703.8906551168251,708.3969621577097,707.5817907133846,696.7097313047475,675.9961436532337,646.9385441842356,613.742440875828,582.3198966125747,553.9207358771484,527.6183211576833,501.6090576913342,473.2820628083738,439.89440666901265,400.7513936602887,357.8973667139308,315.6225019802355,278.3557868268724,248.55369057930096,226.36890190700797,213.72330916328502,205.4221687341591,200.37806878830077,198.01012683884255,196.7725461537334,196.59355943300824,196.11869499466025,195.733962221144,199.02343005452792,208.7579843073137,225.4717004709572,247.31654224513207,272.0586245123035,298.2548272902494,325.9166864232158,355.68481172412544,388.3811856861302,425.5465842455663,468.6816104402906,515.0360707409361,561.5949391312927,604.8708729506902,642.3764861008603,673.0393261575967,697.3311863918401,717.6003283061264,737.1598938486701,757.9345036756745,781.0838570979599,807.3498885958808,836.3952937924727,867.6145162423612,899.0441129727574,926.205313685134,945.2234630258246,954.1493006702299,956.1361285825371,955.4678759383318,955.9516471457848,958.7586501937021,964.1563542805727,971.54126391082,980.3032431020858,988.9452856710369,994.1665735219403,992.004435851373,978.8074086156059,954.7157452051667,925.501044666974,899.4765660172026,885.5348114607717,885.4824090499563,895.2105296971143,907.2377207793659,914.3336516855239,913.6720117911171,907.7243163895773,902.8077769896372,905.0333926012,916.2407917455038,934.942894355821,958.687604608125,984.8885109918033,1010.7877239229501,1035.778659768957,1060.0220837511533,1085.7860028184696,1119.4789267088004,1161.9146017802439,1206.9749483568482,1265.769899866774,928.0001917785238,947.4802668831812,919.8032856763571,882.61302977
7kg_16bpm,2BC,1092.16758545,1066.0935520461042,1041.6110353113029,1020.7007680506016,1006.3281951584901,997.5589862281545,991.8345721895095,986.3929118844234,979.6705464959884,971.39578193127,961.1674401371054,949.4932531376332,936.766863299852,923.8110788894419,910.5978341897987,896.5614103574786,881.3884868592979,864.898679403734,846.6179767402841,827.2362475902044,804.8170321516391,782.7498811731849,760.9848952005624,741.007010555657,723.1050479008308,708.588796401252,696.1128132931439,685.8178641549428,677.3130901150748,671.2833510152454,667.9438881778257,666.4391389439382,666.2519877352134,666.7570943168977,665.9474443937457,663.5247862507432,658.5536591250815,652.1410878692562,644.4065104627473,636.915453822522,631.143190400889,627.9596372719482,627.4549379303684,629.1892075075041,632.6516937729907,637.6136831216709,643.8740042470146,651.4339637932884,660.1841975575885,670.1008437161468,682.1404249808794,695.8515913053154,710.9734621498914,726.6751564355696,741.6426508291362,754.5603370051036,764.559990149378,771.2170358436704,774.8938909255392,776.2216437695839,776.2108653141221,775.0666236426906,774.0203431712872,773.634404029772,774.8314323396654,778.2514148420732,785.0887683401811,793.7512773423798,803.0991774167545,811.6325079542019,817.9415123032046,820.2038055685895,817.5046894041121,808.9008449896996,795.0304199267591,777.4364398879816,758.9606926335395,743.2611333991309,734.2031951812369,735.350215437664,748.40078894713,774.4981798198313,812.1855873030438,858.4875356768747,909.9470827930451,962.4641439324652,1011.3438679796925,1050.4335232255457,1075.0674403354133,1087.349949719483,1079.7738080722365,1031.7105444808008,811.2694389902761,859.332063163473,881.7492392916404,907.3964811625879,933.3917905155406,952.0421993624534,960.9770712194543,960.0294148880768,951.78939361
7kg_16bpm,2CA,1341.07947671,1301.2979498104028,1247.9459173474324,1189.9491897152125,1132.9417719809326,1093.0318280734334,1074.7762820657847,1065.1414615545964,1074.16211376066,1095.9161578708724,1119.8026770249267,1141.2731638609612,1160.5102979084422,1178.5898918495964,1190.9570603564675,1192.1265425811525,1192.6425933016114,1191.7400141504374,1188.147288764091,1179.073908766814,1162.4913049183574,1138.3304769818242,1109.9030610889943,1078.5471657726648,1047.106150400531,1017.8491943571094,990.5769968542545,965.692302119177,941.8179404152061,916.5735120953101,888.1951528404932,856.143694852865,820.8549157781081,783.8038988756231,745.5949047917128,706.5102855234883,668.0868046770447,627.57230218774,584.4337191540627,539.7733184282005,495.23205299520106,452.2234867847161,412.72830499809254,376.74495259183243,344.411365188815,315.59288338548606,289.70438717773044,265.74065242654535,244.12355986226095,223.95688332155805,204.93964341170806,187.8438730356463,173.59622541239,162.93899687791858,156.27553335224,153.35198670229886,153.78445338094343,157.20219036607864,163.27532549016695,172.01174163725446,183.5013666088927,197.80046235920966,214.9137018162746,234.61425305759596,256.30100299807225,280.16991071190967,304.13353660228586,326.9696545743273,347.95105810152546,367.2044913877661,383.9969895653648,399.3917028241524,414.86898720824234,432.11883469894065,452.47882235335817,476.78424066278853,504.9985664072239,536.4375855005908,569.8779673042729,603.7514387719067,636.318785876223,666.0091764402363,690.5406458356438,708.4567701480727,719.0890595923563,725.9540212458982,729.3056915121647,727.8720859143367,723.4754100337113,716.3983069346849,707.0568070636623,698.0246064101004,691.1027645722111,690.0457022682438,695.8469648776131,705.6869843457976,717.1143759801873,726.6667639820273,729.8695888360189,722.9443317155102,703.48031231
7kg_16bpm,3AB,820.78432598,816.8210994965619,803.3485452081443,775.7843889652878,740.9211823938431,702.5649038909353,666.7005913875422,644.3760199569972,636.7154028663037,641.0880129014276,651.4106380389231,658.7815703225912,656.2214853150497,643.9508959339906,619.4609156620747,585.3494711511879,545.8985619740713,504.9277893973878,464.04579544758474,425.44164987831925,392.02932710056325,364.7096116611819,342.54720232561965,323.67697914808514,305.79968988268655,288.4202769123708,272.1001066000471,257.41017997515564,241.75756802865672,222.25431430974976,200.4248115010191,185.34805719515234,175.37335492986364,171.9764481599573,175.52066313228474,184.09298831694917,198.11924077634495,218.5298629174476,245.72346720434706,276.91882026305035,310.46217019826446,342.6563805463462,369.7395341474484,390.07179835674265,405.6708834558499,421.3892994907106,442.4893192622721,472.1974449023372,511.00581525172765,557.5238517812301,609.660610520484,662.9706865622674,712.6933882684186,755.8965407319114,791.0535549039354,819.7721672043208,844.6380278476744,866.2257949209056,888.6365266437322,911.7436029424703,935.6565787671308,962.0881735028617,987.8182181377847,1008.921953611345,1022.233974465884,1026.2787241434835,1024.128160939424,1018.992003773939,1014.7170352812377,1013.3762341034104,1016.241121621993,1021.5350229481116,1026.5684937948988,1028.4075381222983,1026.271345236948,1019.8925410650628,1010.302203698986,1000.5466822032938,992.7922479809139,986.6029354279005,979.4041718656653,969.4899431594156,956.8437819729909,944.8750127984106,938.5811887163845,943.9757215983328,965.5081773470723,1003.9611909029906,1057.4421069336859,1118.5077006948964,1178.2238576710852,1232.3107964935036,1266.711841535096,1307.2333129434012,906.6423152920347,967.5675751873947,1000.0431651769836,1025.4415830937244,1038.1608074964342,1029.7358609145692,1000.50372705
7kg_16bpm,3BC,1115.82849608,1101.2891675397702,1088.3712988682096,1078.0687718549837,1070.692999303413,1066.0242511501144,1062.5129179013477,1059.2571946529672,1053.937482720753,1046.196508851991,1035.89299639399,1023.7037601260344,1009.9937067438061,994.8032398407072,977.5473518817415,958.8575233136127,937.9328758419592,915.8841311767279,893.733114605424,871.5293057441893,849.7735715409511,827.6405378060942,807.2246051275237,788.5569448489694,773.1830762222032,761.3549852100001,752.6986612833919,745.0169633857822,737.1670082704726,726.4720492941949,713.1372622779976,697.5738089004752,681.0658870845471,664.9969283611703,650.7118002910844,639.5189290190423,632.7126422393438,630.5297481411355,631.9736034292459,637.0261124419167,644.8340615515376,653.3914346295567,660.2187707030921,663.3741011242715,662.0782092854992,656.4038203160966,647.2597670308807,636.1625799566839,625.1390762858266,615.5284511504207,607.4205381400001,601.3499698994657,598.0827660510527,597.2192189599206,599.3476475218622,604.0203484473229,611.2642348224516,620.9217623005693,632.2340296891467,645.9821587534159,662.4200957849982,681.8916575560423,703.9464548783327,727.5724728112745,750.3672074840031,771.2072482529951,787.0476532427116,797.9084093419884,803.3916712017708,804.4327409826292,802.2335497319448,797.7367364064347,792.3699588037748,788.1245765874781,786.9072283886317,788.07571824,791.4640960040028,795.3273438076939,798.1859577641275,799.9934976476145,801.5074964616996,805.2291565623266,814.8996145223739,833.3950063233452,862.5438309475675,901.6655008234387,947.7927055570472,995.8985043372234,1040.335407993753,1076.1308938667746,1100.2503675431933,1152.9544762849853,920.8242130595548,893.6852098576853,920.2556751066661,952.4554153891519,976.3185369618406,991.250627235758,991.7867284316814,977.7662999631259,955.62613535
7kg_16bpm,3CA,900.6266819,930.3874075162596,965.5429110410064,1186.9364597873064,1130.0493653030148,1069.7067123679187,1029.212345578341,1010.3069034075224,1010.2014294739811,1012.4409188717073,1022.5165750525939,1031.8392253170005,1039.6009829292082,1049.4501574885287,1058.998985408061,1065.900792080482,1075.0639791055562,1086.0447211215305,1096.0061619024978,1103.428452220525,1107.9201561565508,1110.0112387747076,1109.6153617445723,1106.3922745325253,1099.1361446508688,1085.2832878193399,1065.0806157335019,1041.048500172035,1012.8379586402385,979.5993524871739,939.0962381815472,892.3425096645602,840.7896509204253,787.3490757025488,734.8698665255068,685.3805517908085,639.0894916045914,593.902494867689,548.5943888781711,502.67681742830825,456.31853757370646,410.1954400921715,365.70607598843554,325.2768763319607,290.9057737471691,264.16238275529497,245.5775479420186,233.5277603868326,224.5785468966663,215.5079699413313,204.48025481872165,190.9439967814092,176.04230902329883,162.13374539955825,151.50003297368355,145.3841056669942,143.90722572788087,146.6464999651255,153.31848728734332,164.0219150401123,178.95361437583014,197.97582715694642,220.37519985525986,244.51193300010982,268.26051896425037,290.8709012804604,312.53106643051376,331.849202394709,349.8658785027993,368.84946572642116,391.1604219429986,418.15525039091654,449.33256380253886,482.29160325563555,512.7260445979274,535.9274598323203,550.1440931154732,554.6596796007276,554.3657674204601,552.7014591754685,553.3712166449099,559.8849683556975,573.6599333841722,592.9488808277423,613.7976212014105,631.195587223032,641.1334603008291,642.0754489826558,635.1109010083192,624.0958510842282,614.8684085191666,609.7448708873122,610.7125449888636,617.672714682362,628.5218431257858,638.077927123638,641.242520164631,631.4560880651723,605.9422027662852,564.8168245430054,512.70714
7kg_16bpm,4AB,625.04223886,612.2924267061312,596.022309165689,576.7873359179655,557.1439736402616,540.8460103271901,531.1385263412541,528.4655855217311,531.7886597221833,538.2652520738907,543.6569062646046,542.6285288812448,536.731197564124,517.6409969424943,485.5585692459037,444.96732173325273,401.8704500202499,360.1183157015915,323.05802470566243,291.5601889160259,265.0335561461887,241.66815678229753,221.39786602628237,203.05990462065742,185.5965899871235,168.86887894258268,154.74494976589548,143.19086520483992,134.0145998191614,130.89856751099285,132.304369922992,134.52334593071643,138.7235526714924,143.25535401907703,149.01986828040123,156.50331871388263,165.9511058025189,177.31256032103678,190.60563666469352,206.57779527695757,225.6475334555653,247.09451570364723,269.6992644547529,293.2648440837202,318.97636585105965,349.4521715942618,385.9375848169103,425.7003023712223,466.62126903207275,506.2330405820381,541.4576933873202,571.7436275616343,599.1283508811046,626.8394810039557,658.254312386085,695.4148800392867,738.3277421405146,785.7685762777962,832.5637756884948,871.5071346064249,898.0001950808487,912.0183744897384,918.6535960971413,922.2289910743922,928.3472990823482,937.5381875970845,949.2253427441369,963.512602967116,980.2468070571175,997.9993392213548,1016.1229453275049,1031.137876632325,1039.909510149728,1041.8529401463368,1038.109459920313,1030.5017309355383,1021.1445182609858,1013.5995319676064,1006.7596814138077,998.6352985231741,988.2779765378814,974.7553411640476,959.9070218706291,946.8717661492336,939.1713692339904,939.6534370826216,950.0916546873701,974.5509598303291,1013.748006818209,1065.6649824933845,1130.464655630087,1203.6215840492753,1268.1057493102385,1181.1217588560446,994.2090122589726,1022.2977565489969,1043.4632075513325,1047.4320801456602,1036.264061524241,1008.094607470981,966.76180363
7kg_16bpm,4BC,1093.95022898,1077.2534491556357,1063.3924000070651,1054.613364188348,1051.693047339666,1053.6064805785832,1058.6663727243206,1064.7584035773118,1069.5829942481112,1069.7926035366863,1064.4932507346832,1053.2589653316875,1037.1404598631298,1017.4667122851205,995.363510081935,969.2249269821069,940.4382903392652,910.2780455063852,879.0741682526422,849.4170885709415,822.085324053694,797.6993222214741,777.4822127768523,761.6481036792313,749.7826167697004,740.6690242900002,731.7298229375222,720.5664132862574,704.9206264344851,684.048475657013,659.4431440152832,633.576058983617,609.267534875271,589.1030289917414,575.583112595386,568.0237232999348,565.3147049614859,565.8011309082405,567.2254362272053,568.9408140947826,569.4582299965384,568.1927364969254,565.3609416218302,562.0419917699761,559.7782183588273,559.8456719313571,562.7996208519742,568.3475310835568,575.7476950545594,584.3409449827772,593.8636762200001,604.7004072940149,617.6232493744182,632.7433914528863,649.2357263113913,666.1168503357643,682.7967809424431,698.9894067505475,714.6308911890187,729.6327462915135,744.450714294859,758.3326349072539,772.5842885338687,787.6319918607314,804.1160817866787,822.7279513435232,843.1231933638056,864.4429969139355,884.6891968786053,902.3495529945553,914.3698379175164,919.324561222928,916.9282491043875,907.9057105609215,893.9335706642232,877.6343153700001,863.1766502723877,854.2509372882391,852.8737872279982,860.5986005160077,876.4846663198666,898.1334197437989,921.9960012947784,945.5775371900961,965.7391609244455,981.5950916474304,994.3855873704081,1006.6615402869365,1021.1679080222611,1041.6471687757796,1068.436472141348,1101.512548205696,1164.2682963300883,987.423689599694,981.0011679293513,1009.7179513396538,1033.2992946781822,1040.468681150863,1034.3708859999908,1017.6379655775955,994.00962764
7kg_16bpm,4CA,1021.59552549,1167.3122260131545,1334.8747802434334,1269.4087774522375,1214.3831481533193,1173.4494283171466,1128.392356907812,1078.6214460098465,1070.9486848357299,1069.236675966525,1083.0742523045858,1110.5340494967948,1124.770353198946,1137.4201959506972,1149.4352730464714,1145.202270932134,1131.470101342666,1118.7467377150922,1100.7143941486377,1082.2557530950469,1065.1937466798913,1047.7307983101389,1028.9033284428456,1004.8633227108933,974.0000467793034,937.2563011029665,899.2164790614255,866.2343966643174,840.6830005770289,822.6388973000533,810.7881172715207,801.8404263865284,791.8742610047706,777.2990828093791,755.1006820250038,722.2944412489901,678.5766482765422,625.5771074886279,567.1651466695868,507.3809251944058,450.8384032788688,400.28134804154183,357.4828369101349,322.4744505250318,293.0479657531075,268.4824779532106,245.8456845210999,222.8411184732035,199.38870834740982,176.87795635416884,157.92199612000002,145.54950020050364,137.28143332748184,134.15060280652833,135.23192362579334,138.13083175337894,141.21085253164256,143.28377721174712,144.0011944863234,144.0057109689864,144.81253800388387,148.4069092369165,156.58587678161442,170.2960341246678,189.41134283996487,213.56070953373947,238.64118618367672,262.6077239300079,284.12714508041273,303.0822561605465,321.11821977419146,340.12212913325,360.22168472006365,382.5791344384591,407.9731941778105,436.74100958653327,468.6862085315803,503.0721564878619,538.7707014552897,574.4545169788342,608.702184022804,639.6028391276942,664.9305903742262,683.0176777582644,693.5740796673338,697.6266123884488,696.6982037242382,693.4096069648954,688.0827199664512,682.0667814349796,676.6098223581567,674.6515092815497,675.2446749345481,676.7823433164328,677.5259220880805,674.82439869397,665.9418884456013,648.146582933469,620.1767679712603,582.3064562556558,536.792076
7kg_16bpm,5AB,751.07170399,715.3487760526739,676.325665,639.7715653191152,610.09040681,592.8488185083377,588.62592559,593.1731205010756,600.97449003,607.2901645794841,608.45715338,600.6734897770002,582.4345888300002,558.1793927277538,529.9778786200001,495.97533565355445,459.5631265200001,423.49895683741715,389.3358617400001,357.6984642795056,327.88550775000004,299.20998638954677,270.62213417000004,242.28285710281185,216.07873313,193.15364349048824,173.68263895,157.019802905551,141.81178167000002,129.49724979586074,119.28937789,111.56861516594107,105.12193971000002,97.64918385020468,92.04444804000002,91.4642958096652,97.66605749000001,110.96043831720536,130.31199973000003,154.33450949065548,181.71787038000002,211.0144116387114,240.39658013000002,267.7124862713498,291.47798839,311.9293564035993,331.0276211600001,351.1921059389887,374.55168554,403.227200686493,439.59984552,482.94122454212606,532.28379954,585.8439391604545,641.2327686700002,696.9008447754909,747.3842571000001,793.1071022077742,832.3115047200001,864.4545218327524,886.7549072400001,902.0617028528502,911.7844500000001,920.6697094715425,931.54127774,944.972396213196,959.2759568700001,972.5340680485169,982.6852031399999,989.5042285451749,992.6862033,991.4025936161372,985.83964221,978.5044227594375,972.78669074,971.560993418115,974.4470388700001,979.1196149423353,983.1680825000001,986.1961654692045,986.8940028800002,986.6470105952818,986.5773813200001,988.910290991145,996.61414202,1012.9636932864328,1040.7085332400002,1080.8201081518553,1134.115926,1202.890145927107,1279.6633906900001,1349.022871677335,1440.6630850700003,1040.5335217039876,1144.3427959600003,1200.6908144428114,1238.61641516,1246.9826077160676,1219.0000945300003,1159.3751822266813,1082.51005027
7kg_16bpm,5BC,1195.50655288,1162.1917741324728,1128.3490529619366,1098.298037070513,1072.0483273525158,1051.6295689422366,1038.584163606655,1031.952355149974,1029.4387959857659,1028.054687315191,1025.5868859146203,1020.8016303762967,1012.8747515218898,1000.77145450047,984.4053447271519,965.3933903819922,944.6413281701415,925.1223047593309,907.4391833106448,892.0797377823029,878.4321039643676,866.023653280939,853.0644060251861,838.6541379537807,822.2434889989086,803.5002791925376,783.1062691627839,761.4641254801991,738.9493163389706,714.3778092457728,688.6541559216741,661.9340874456343,635.694988046978,611.7595262212968,592.0455761117137,577.9642669427751,570.6713436309127,569.6036016790205,572.887824311948,578.6225448971852,584.9073101779024,590.2686238461931,593.8003957489657,595.274999167773,595.0582538912821,593.8285835259696,592.2950419840657,590.9200122144051,590.4308426788782,590.573542515484,593.0430725007144,597.8499489822635,604.702078469539,613.1697212460199,621.4135428964119,629.195299287147,636.2886136840549,643.2108570873564,650.3914796138749,658.8393236091389,668.3486371596706,678.5418050516097,689.4743144694991,700.8622460917426,712.0524937350048,723.5583206852365,735.423415341322,748.6959921961577,763.3156363241258,779.5533226726162,797.2486384402132,815.905454057739,834.2508054287503,850.4272113014695,863.3774003800537,871.276657060112,872.8986742313797,868.7073128805523,859.8706466685877,849.4795948230034,840.4003669192359,836.3096782702414,840.538375485,856.1955847436816,885.5077093013737,929.0261265792255,984.4582973827138,1053.091501874469,1119.9239385501844,1160.517691284357,897.2745872926774,987.5641397585777,1021.5536525506632,1062.6963650359507,1094.7424277903572,1122.8377434498702,1147.4610207340024,1160.6038992220053,1159.2193742591335,1143.2834354338154,1115.9165468
7kg_16bpm,5CA,1054.74460275,1287.007868317005,1262.890062666822,1243.101575256516,1210.6888466931525,1190.7136035745493,1155.2693637000334,1133.4791157030143,1131.442404879511,1130.9578491434747,1148.770725986114,1175.0631625988815,1193.2632226600258,1222.94608750922,1231.2585083903432,1217.3078125700038,1199.753086194715,1179.8701176467068,1157.2726194648803,1123.5541500866875,1093.4363631488152,1052.3584301585897,1006.0667175572883,959.2955500021869,918.6036849764773,882.3992217228962,851.6723099893429,827.6965647597017,809.5674250726174,794.153648205923,776.9684309354021,754.3916581459921,723.8667877125475,684.3481623792773,638.3317566777603,587.7488850784306,534.6217964552555,479.38750053556623,424.74121338256015,372.83973741018093,326.5856096659025,287.02661445851567,255.97196125427917,231.27869093713718,210.5535690769446,192.37878145224136,175.5294110924029,159.43151857104354,145.11294867287597,134.3811619741848,128.94764939879627,129.79998294645847,137.0561491348892,149.93254094622702,166.5829061035128,183.93866361549485,199.34105251075889,211.1516572748147,219.4359289173789,226.00851048116442,233.35266705804085,243.66503880552273,259.1091213211869,278.509365695391,299.51850762269646,319.35417116649563,337.2252311951139,353.0649223896493,368.0159523040468,384.0069390201233,402.6302019111842,424.4502948481358,448.889066970708,474.49291857886607,499.00603535022594,519.8437863979121,535.852768314453,548.1457523538538,558.8033003115664,569.6621701391681,582.3631393450717,598.0974537114695,617.1803847311472,638.3603364566426,657.9176872282168,672.7086891097617,681.5628196960279,683.9061421796723,680.339339401263,673.4883725682498,664.9125281875258,656.9448847245342,653.3084336923828,656.275926728405,664.8968802885507,677.9900294298384,691.4089045654879,698.9051371062411,694.8853621980544,674.6018035441845,638.08148629
7kg_16bpm,6AB,777.91409493,738.357598475061,688.9208304222511,635.9754353345302,591.5507017309384,561.2271223488323,550.940572922433,557.286974463332,574.8613124520407,596.5397327655528,618.871716037068,630.0862344949948,625.8501102002377,607.9021984765463,580.1316725734861,546.6316560187834,510.8908325617244,476.36763833608273,443.7802803490249,411.7474120234443,380.45795748,348.71244659157355,315.91435610971587,282.46442410428176,250.57299299413472,220.58907343496975,193.5460438142928,170.72794715557836,152.219883855343,136.74466723207914,125.92465891352315,124.72997173498841,130.927461538275,141.04772892147105,154.41542751537625,168.15527627164707,181.81625535427776,196.0352440452214,212.66153301447724,233.45928926379108,259.84660705,291.8851795087672,328.4033630431719,367.36931176559693,406.5978268743947,443.6052503970495,476.0727789878908,503.168299447354,526.2575748564221,548.448049155209,573.0546372825589,602.2660849158812,637.0179670317767,674.4503419690803,713.2287940967673,750.7207725233895,785.7460628541576,817.7242537356277,846.3675570951457,872.5527691164899,895.6255738100001,915.857491148443,932.5917720081668,946.1921584369995,958.203057433853,968.747933035862,979.3196270690472,989.4866883660518,998.8905623768252,1006.4270012153622,1012.3449899032213,1015.4136619667067,1017.4413792936399,1017.9800419490238,1017.1631238719826,1015.6416520621692,1011.9908824078398,1005.7126121605145,994.581824008044,978.6390577043395,959.2752803800001,939.702581033119,924.8801755635086,918.6030238631153,922.4880483858054,937.4260651593797,964.0157577728106,1001.1168494497978,1050.1697048723481,1108.7424113502577,1175.136728532234,1248.3094862675807,1325.6906577910702,1387.210369995094,1346.920181635901,1076.3458153717368,1153.9977052602253,1195.4345733633984,1204.0578374269346,1175.8875530140845,1119.99793583
7kg_16bpm,6BC,1193.10527111,1138.9248337934978,1091.0138906004618,1051.778680673676,1021.21979412,1011.008881767536,1009.7413188330848,1012.2167867904268,1014.28456032,1014.7694469446755,1013.2481265560576,1011.5255572093279,1006.74496942,996.285048091213,981.0200525637783,961.1154430875872,936.9248346,909.4877270653196,880.0862740622067,850.278305881562,822.1943221100001,796.6554667832992,774.9492304773706,757.221800736249,743.1477582,729.0659568705058,714.3577971765353,696.1467396548306,673.6053711800001,648.5097052121814,623.7035876461034,601.0636031869617,582.36487203,568.2479952364129,559.1821826745303,554.6521283025368,554.2475030700001,557.5122519365917,563.5706661553489,571.4654670458498,580.8593515300001,591.0279501571664,600.8329801241296,609.4716185117229,616.66186697,622.497661185623,627.6974763285943,631.7139888662105,635.4024429200001,639.2850326131148,643.5988719834916,648.5603249430111,654.0936460300001,660.26048771937,666.5717653786202,674.2079542456486,683.9162045100001,696.1237003085464,709.7224076005419,723.5864136900468,736.9583811300001,749.2164100334014,760.4316350790828,770.6942905909762,780.8293025400001,790.9943757759459,801.6347339511149,811.9341738869055,822.52933605,832.4378480717421,841.1776223263547,846.8463864689587,849.50089372,848.9277291001913,845.8040868642641,841.4016286083504,837.3164558600001,834.0279936226746,832.7471316602821,835.3399136393937,843.00005117,857.4785009698838,879.8696608029256,910.6010363164893,949.0741384700001,994.1011262637093,1044.9259678316494,1096.2851109963553,1148.2258878400003,1213.3197681670474,1080.180116149081,944.2690995265561,1003.45648484,1046.7742678806942,1086.3646623576078,1120.5534818345259,1143.8006352300001,1152.705090644772,1146.27486660277,1125.7006665071833,1095.18483942
7kg_16bpm,6CA,1219.06904047,1235.026575268169,1229.443885915637,1201.749579195609,1169.5335398602688,1143.6489466009973,1129.8590153787309,1109.7779587973203,1114.8637478574215,1133.6495034914565,1167.3912672757183,1213.0194931985075,1262.7983299219777,1299.3173031380209,1297.2184280185513,1280.0361271576785,1252.6037218431047,1217.0662608329608,1178.1563128589678,1141.580250486286,1111.344989238669,1085.1933544787141,1060.7371391634438,1035.346580997584,1006.4568528798994,972.229109683908,934.2791827539489,895.1142115074517,857.7849566158926,822.7500148118476,788.191264059488,751.5634338691818,710.1337650505455,662.0837465428624,608.0408717020081,550.3467375810105,493.9018744370658,443.2862577438544,400.85908470344555,366.3046721558581,338.3935269919972,314.70752381045213,292.8093402279289,270.99316885878005,248.0450306981159,223.8133600095442,199.38391745788147,176.78595979740288,158.67077801170538,146.16294943246209,138.81231193,135.86680362216313,137.219890108159,142.0192388743058,148.25685505504745,153.7895167416744,158.0674834138502,162.72617501098028,169.89524537518116,181.03340385562942,197.1849200579491,219.3618793130246,243.52840637027847,268.6940170705057,293.1839214407584,315.98883802006054,337.50198835892024,359.2575928838917,382.77033302197367,408.8359005410499,437.5331712267884,468.341033132263,499.8937725372661,530.3669375488349,558.0958942731138,582.1100448288537,602.0146687257322,618.0822151253781,631.2991608891338,643.2402248256257,654.8783102447629,667.6446059363362,682.90014245126,698.79581660909,714.5476359065598,727.7715551872069,735.8683315025457,738.0416164085824,736.2019149248058,733.7436125545112,731.7925035284957,731.4988199834064,733.0246711310475,738.7190342011621,747.515978386544,756.3031582427511,762.3642407812953,762.3605194619635,753.1051195961927,731.8157809620847,697.78332144
7kg_16bpm,7AB,694.2478229,655.477303861499,620.0520429476661,592.6983959996088,577.4928034072188,574.4006878908568,580.9513345433212,589.721368309266,596.4177976921234,594.8934849546778,583.5213254522354,561.309199196988,536.5871448117999,510.52235977988914,479.34142135175483,447.4038042155447,415.8456146163102,385.7024972913292,356.51168569369065,327.79602795502046,297.50171930205545,263.8632086003813,228.3974820691035,193.18936255711523,159.4441009956479,125.51201449,95.71557640689346,74.28672584112935,62.17513619339009,63.919526411736264,67.83670398134315,72.63135849742754,80.00380177019588,90.2047140057104,103.79935387522495,121.4464479237217,143.51684172693334,169.40841418014514,198.12324448618298,228.18804342446285,257.8735848684726,285.9618000109684,312.3767494385468,337.53691855141585,361.59965526515936,385.31496265138543,410.35709782097655,437.97137294304304,468.5706639174306,501.7668950914725,537.2441727,575.0832189405464,615.8714497295317,659.1629375945187,702.7688131160085,744.0268466563871,780.4364544151347,809.6549572180718,831.0271875657962,844.6658005659762,854.9900255210808,865.37396340549,877.3147281850039,891.6929984227177,908.482167240213,926.3639007447772,944.5075766073718,961.9022312668429,977.6986733059769,992.3076940315152,1005.8280792149069,1018.711018515885,1031.0539835984152,1042.7390471356964,1052.3179913333022,1058.08035333,1057.8642644441284,1050.4522733970646,1036.828578322046,1022.2131933851509,1012.487803198752,1012.0958024210036,1021.8207460298291,1039.4368393584489,1060.08606171578,1076.005713263042,1084.299568671877,1086.847102860414,1087.9505431582702,1093.8393561066555,1109.8107513687817,1140.4748263905415,1187.6575032150956,1246.6350672730055,1310.4502500917774,1370.6128750031926,1420.4127962282355,1434.5123237452299,1406.8896188354422,1018.7106270782484,1025.26099321
7kg_16bpm,7BC,1062.68975128,1055.4894205098922,1049.1568753014824,1042.0480733625966,1036.3210203060944,1032.8249936103307,1030.7997683719739,1031.903705200309,1033.8146331403582,1036.7151543012317,1039.4441324442234,1040.2755972834634,1037.9599444106145,1029.3995168363301,1013.578391930585,991.6129720983048,965.1505703960902,936.579741693939,906.4989385824896,877.4910010564317,849.9389472433669,825.0761527697891,803.2869295155131,784.2611299669092,766.7002432627553,750.0700663496938,735.1547331308952,720.6160030984574,706.5871431152914,692.3201713607953,675.9643748620475,657.6147059997389,638.3737150459127,619.0971545464452,601.1566299815807,585.8813681012074,574.6056651604015,568.4179328644324,565.8695348006124,566.1505124039988,567.7730083759099,569.3853188375623,569.6045357258799,569.2310098124067,568.0756297117059,567.1692621065359,567.4246743350278,569.4826836561713,573.8045052070773,580.6056741603448,589.7450617700001,600.8351239220974,613.0877517978489,625.6880545608448,637.6555539959076,647.1789671787227,656.4960546667638,665.6768326104146,676.679776000393,689.7552988882316,705.1627350399208,722.020350523438,740.3509163268342,759.0830528706847,775.2599030014097,789.0558870559166,799.9432657224465,807.1735957525605,812.0493301880787,815.3709706891706,817.689154599301,821.7643996084324,828.096387565675,836.653468939452,846.4355093462924,856.8628042253204,867.7357412912223,877.8531909305142,887.7081447564997,897.1884704702433,906.5772776436872,915.6441646986237,924.277557845149,932.3128101107965,939.4605468519842,945.6952143262203,951.3179143459611,957.028874572174,964.6234048391962,976.2734755640504,993.8657653690951,1021.186226763583,1078.0282237993888,1021.9337228223502,929.7345027460752,995.3972216644365,1040.3232854765936,1078.662108288448,1101.0417472031825,1103.8458974233442,1092.99826919
7kg_16bpm,7CA,1249.42728871,1197.7553070032131,1142.6646227478232,1099.6061269639547,1078.2390067939627,1066.1130927443398,1085.8305512666582,1119.5052350909248,1140.0570146742093,1173.6711872748995,1219.1279697506016,1238.0803614828424,1243.027422251817,1249.8130757789352,1251.8181545654702,1243.35168703771,1227.7247717371124,1207.0071709816552,1186.6730132244477,1172.8465687124508,1147.0536664462936,1115.4316727838407,1081.4715577815757,1041.4182807072468,993.5123992525655,939.1995911600002,881.905985410807,825.0123155538382,769.6083956344552,715.7505264076348,664.4631509900681,613.5708880760849,563.763742983711,512.1909238232905,459.78572058879115,408.85080288389014,362.29594067409914,322.58899303079454,289.975187665038,263.3627245866267,240.46735276833437,219.12277304433204,198.0737591755712,177.5311107924254,159.15313389662688,145.29801441892658,137.4774616085651,134.86133659269836,135.03291900630467,136.56963944872376,138.84227601000003,141.296268055846,144.40796802546075,149.28374107312703,157.27462127291255,169.38107425274444,185.65548150695057,205.25788357560788,228.6550007738953,253.999869289477,280.2022725379492,305.7611513150711,330.26766738026026,353.40726528273177,375.39135195773764,396.80655926344247,418.3164837205766,440.3688486668187,462.44650906145904,483.5764405926189,502.63272026277275,518.4976378074565,530.0107971553854,536.4267636931422,538.3322594783368,537.81373134,537.9624292288319,541.5751778235499,550.250344248527,564.588811429162,584.0394959588739,606.6161628619333,629.6018188158812,650.5288006907083,667.922010182398,681.1266145577388,689.58572309242,693.3011886523194,692.4064988330265,686.2197988848077,675.2862762483371,664.1383060150606,654.3080562356694,648.9938320370253,648.9849296999311,652.385423429282,654.3731322811403,649.8561503002765,635.1368968920693,608.6535666160883,570.8788257
7kg_16bpm,8AB,762.26822686,728.4345296124272,695.4207466287562,666.4787990842428,649.8375514741616,643.8231271299999,644.9053771104484,649.2342334043017,650.9815316072671,644.6170123642818,627.79885426,602.0878637033077,575.7970833903189,544.5320746065718,507.30861635364477,465.4582239100001,420.18527729475915,373.7519961050966,328.97100078870005,288.15496475834726,251.50229163,217.81207342561174,186.20643107778938,155.21156437300417,122.3272897341806,89.50387771000001,59.80834851482468,46.091045890452534,60.42715783184433,66.13978008332286,59.52683304,51.771591424184344,44.939781938088984,38.49193294107616,63.470805153906745,89.38971089,121.42658543180514,157.98782071398037,196.6231844049512,233.73163571139105,265.9283816000001,292.205107526312,314.2815785799844,335.06879376888105,356.7441929703122,380.93890432999996,407.75783507699515,436.73170394796233,468.1502025982718,500.98901660741814,535.05342112,570.0761716247881,605.456816114299,641.8570750210731,675.4923864231023,708.0944325400001,739.4939185915731,769.3984785051479,799.3309215456527,825.193057491295,848.50747164,868.3015904196511,884.3928551188478,897.5863736560894,908.1090874236511,917.36870303,924.8780573982896,931.3633710947689,936.1152031824173,939.2921124587224,943.23524277,949.6118343055937,958.9342460826504,970.2844851822716,981.0372957956616,988.3633352300001,989.3759784624494,984.1258729000374,972.8328787254393,958.4444266319439,942.9241531300001,929.6059639604902,921.4152444313784,922.6718514187842,937.973182830231,968.3767529299998,1014.5563439593664,1073.8904300355111,1142.2063429721923,1213.4797045901423,1276.6722303899996,1320.054943657001,1405.752389639314,963.55052740933,1045.4241228986662,1072.7517250500002,1113.168080343106,1146.9947121871633,1163.7676689493403,1153.417906782879,1116.26386164
7kg_16bpm,8BC,1218.23820956,1187.9525859358569,1151.799435260156,1115.3477438887066,1081.3188961515614,1052.11958367,1028.562512578924,1011.6577307183654,1000.5983990204952,994.9925960921995,993.40308372,992.5027217106282,988.2407575446471,978.695152708263,963.5294481426282,943.6798723000002,919.7244488869999,894.1341550423979,867.2680666657476,840.8664190266655,815.4581812300002,791.8430447298678,769.9026503910757,749.9288606582489,732.148586408854,716.0796162900001,700.3461433995222,684.9039062271098,669.9285645616856,656.2303536426823,644.1463170700001,634.4070462922442,627.8040553350686,624.311020038775,622.8627884108182,622.66942996,623.1431031807286,623.7345432555342,624.4838973057266,625.6267518650874,627.14356369,629.3248669196075,632.492082488241,636.9050743449862,642.736059329384,649.34429708,655.9403319647548,661.5964102957802,665.2878577947756,666.5095513847458,665.4102489400001,662.56414923241,658.7678962228438,655.5851406908033,655.3789813679907,658.5006038000001,665.1334740755437,674.7977220161619,685.423502856138,695.0751221979633,703.0616290800001,708.5017633339814,712.7444679959667,716.5785699551391,721.4852177815304,728.1109978699999,736.8594414895581,747.4568685998096,759.6182786118816,772.4449530504181,784.8059032,796.0253256548301,805.2590109407291,811.8614463316095,814.4248903387092,813.2012117700001,808.7203717731204,801.8887461998324,794.4548647502457,788.0487953192868,784.7051322000001,786.7153794543877,796.0793002669773,814.3952169450652,843.1283639531672,882.4053222600003,930.9885630277186,988.0076296328496,1055.3706669822343,1113.5654484258557,1187.99658544,905.4822755970932,987.0441858771607,1016.915750421017,1051.6689739308918,1074.01352685,1084.721544153854,1083.7575741147687,1071.3885684821912,1048.9134539499782,1019.73378738
7kg_16bpm,8CA,1253.0669498,1222.076042924502,1183.9667170825298,1142.2640712691593,1108.7859282196719,1095.9456329765765,1100.2413252120352,1118.6673577635981,1144.8386912102712,1178.7358288113094,1213.3185018028978,1241.0846523036328,1253.5730860637136,1251.837592077173,1237.210409696705,1211.536948196105,1176.66412701709,1135.5486342224676,1095.6478838872767,1057.3247683645823,1024.746926094398,992.3206032878138,959.6790737475487,929.9401878422989,903.8071092130436,882.7922084247709,867.3528440361274,856.9317569160587,849.5867664153617,842.2157525546064,828.8946718886432,803.8274846470147,763.7310535948305,708.2358810310681,642.3630817278372,573.4530244235137,509.55596851284724,452.43795627206276,404.6154478595593,366.90779657747885,338.41010214276616,317.4930628884617,302.3273959505846,289.8076515261893,277.30385091708837,264.22479083448474,251.04852037964963,239.10173599316693,229.24910794508975,222.48958660844968,218.58665593680365,215.2059137301151,211.25640078734995,206.73124142717037,202.8372845910194,201.625861831748,203.76076385938822,210.21062427828244,221.67968195633438,238.98802125718592,261.23765915466925,287.87572809976683,316.3110309257689,343.7308834479526,368.93235434107794,390.9865709606166,410.91123111983563,430.72699985754815,451.4982175796275,472.7851373470776,492.9980666013386,510.23633032170846,523.4961869144202,533.5714552342504,542.5527783276252,552.1622577595745,562.9034382405413,574.2133361102607,584.7724583576897,593.2308535800046,599.8128608537066,607.1165482170144,618.7857390481314,638.3724414524196,664.4685824402525,695.1633215978873,725.0949532821596,749.2893718924303,761.4304253728975,759.2940676125427,744.9744891217584,721.2450849381682,697.0828539333135,677.307919494731,666.7198754926234,666.545135112879,673.8344766121821,682.4454385847155,684.1599061180649,673.210282245209,646.57622302
7kg_16bpm,9AB,771.33664925,719.153769079153,669.53742164,629.0574625259742,604.8438146300001,598.5509422314333,604.51226656,615.865382158245,624.34553471,622.3641169048287,607.65271055,589.3343541019137,563.1301324000001,531.2824295431616,497.14247991,462.54420536993626,427.58616274,392.25929570765163,357.72314818000007,323.8840649509334,289.75632981,255.26148892381457,221.94958584,192.2348470694611,168.56508477,152.83173973295888,145.32769112,147.33816033292732,158.13322634000002,170.93461935357098,183.56702504000003,194.240387425131,201.96141224,207.99652574586838,216.29342511,228.29037041721395,246.25057362000007,271.4787184840074,302.88325202,337.3539581344019,371.02598802,400.6234269633416,424.74526401,444.2944380143381,461.52183885,478.7542305410803,498.91800278,523.560918749484,552.3847863000001,584.6946605307553,619.6216807800001,654.1049734224958,686.97976584,716.9252895294584,743.65625151,766.9835951894242,789.73203828,811.7017948004807,832.65829279,852.8238319805874,872.02676777,889.4806883727294,903.27913549,913.5578214587288,919.99405998,923.3419181033697,925.4033698300001,929.0639143560571,935.53216053,945.5483425366657,957.08009313,967.5513757598327,975.1188609400001,981.1823163420419,983.7957516000001,982.2154415277404,976.8353817800001,969.1180475704579,960.96177246,957.9039201834545,962.9828396400001,980.3269320036607,1011.6161870700003,1055.9586977174479,1111.3334924300002,1172.8617359678003,1224.5633133300003,1256.2846703581904,1261.59972168,1240.8764040200504,1202.3784956900001,1160.9833574242075,1130.90333714,1124.5330158849106,1144.01538079,1183.055594870443,1229.7139485900002,1266.790358342058,1287.4644155,1289.4276176425412,1277.15972907
7kg_16bpm,9BC,1173.27283339,1137.083276065024,1102.8151448400001,1071.9494842525921,1046.9602300627043,1030.1096849900002,1022.2215251129339,1021.902617778797,1026.3420129799908,1032.0342920369094,1034.85929279,1032.0838953300367,1021.7514531498114,1003.2150079478067,979.1142834898883,951.3953909300001,923.5679674974198,895.8045384146649,870.5456707439097,846.0335693665883,822.93691936,799.0097805994043,773.9662452514235,749.590293460629,724.4288858700698,700.88127452,679.331567973706,660.3784614762782,644.0803107750673,630.9212224173722,620.60102687,612.8732176630493,607.0271275904742,602.8337017551871,600.106121574507,598.1128306600001,596.1237093923667,593.4694762689253,589.6913894202204,584.7054727550488,578.85306508,572.8292243578444,567.5039169175265,563.7456202651723,562.3071594298901,563.63747634,567.7728602299065,574.4573484515315,583.2362604726537,593.4343523567005,604.4311313800001,615.8532338542758,627.7806542879877,640.4992523796049,654.0541217992729,669.2336537100001,684.1859156835305,699.6963971589477,714.8941000844825,729.4129072677333,742.5364025600002,753.5294612589237,762.4083228152728,769.8472282681382,776.7511824069998,784.23907979,793.6768679732726,805.9192381735869,822.07515766039,841.925101703384,863.16039144,885.5867650996536,905.1262258245605,919.6711505161271,926.1277864500163,922.92183538,909.8413367142298,888.8570140346234,863.9234635650355,839.3574799081988,820.3831969100002,809.9051061063982,810.7106453725236,823.4452288169194,847.3413624482484,880.4535630200003,920.3912549149003,964.662561454755,1014.9695252517195,1055.5775081287284,1111.6479133200003,848.3372644322984,914.869596911443,939.0645395251802,972.335834012395,999.7542915000001,1022.1068731354331,1040.8635501097624,1052.8608116366497,1053.961020249134,1043.81985939
7kg_16bpm,9CA,963.5912376,1216.3468571403855,1193.1448505166104,1160.454537311027,1113.3357910307159,1078.6539318093305,1068.6221031202788,1073.5540561754995,1079.1282803022418,1090.2528953528497,1104.7473738987662,1122.1916078410104,1132.8372396026496,1134.2532716266378,1130.6877337332528,1122.153757892889,1109.5334345914944,1094.6212063533626,1078.183243835315,1058.7095638766307,1037.661715225694,1018.2018150000409,1001.8761526229233,988.2698692775293,977.4533097031914,967.9694961300002,958.6575355637779,948.7244796472115,938.7601079203039,930.3900833840172,924.3156359841746,918.5227328302309,908.7905110168814,890.8919548268229,863.2838388691695,828.2142721934158,785.6798791133868,737.4730216284853,686.8348213812369,636.3184048683752,589.028383115323,546.535400640363,506.87086114294385,469.43341427003395,434.35453005091466,402.2119919283783,373.5105207671857,348.2013612037879,325.6260004330641,305.1931506595848,287.09146729,271.48171532086866,259.3143736171413,251.59383130036997,248.70010448915252,249.96769223821966,253.91068696269448,258.6245776335153,262.1907576840747,263.1578467088077,261.24612082833613,257.45335214116534,254.02246300553736,253.6140065548421,258.25916717448155,269.5620255331673,287.4420875728064,308.66858801545806,331.97274284574866,357.71214662363514,383.9260315710451,410.4817662405812,436.4195516450438,460.1735608003864,480.2627529914995,496.35482742,509.8553011470539,523.4544034807132,540.1129617188218,562.3595872891422,591.8630173398957,628.61207650073,671.6798452418095,716.0313382311972,761.2359634178584,799.5550925154866,828.7356868812013,843.7382784315416,844.9910848178374,832.0680681743897,806.3076916469337,777.941785731172,752.0377509241741,734.0935073670396,726.6965253427877,728.4518058127485,734.4969264837829,740.5773410235594,740.0862375252932,728.3717427706858,701.81885538
