cond,seg,p000,p001,p002,p003,p004,p005,p006,p007,p008,p009,p010,p011,p012,p013,p014,p015,p016,p017,p018,p019,p020,p021,p022,p023,p024,p025,p026,p027,p028,p029,p030,p031,p032,p033,p034,p035,p036,p037,p038,p039,p040,p041,p042,p043,p044,p045,p046,p047,p048,p049,p050,p051,p052,p053,p054,p055,p056,p057,p058,p059,p060,p061,p062,p063,p064,p065,p066,p067,p068,p069,p070,p071,p072,p073,p074,p075,p076,p077,p078,p079,p080,p081,p082,p083,p084,p085,p086,p087,p088,p089,p090,p091,p092,p093,p094,p095,p096,p097,p098,p099,p100
15kg_10bpm,10AB,-1.81982125,-2.4652625149822156,-2.555087680460053,-1.9921202049036681,-1.2282150032310826,-0.9330569179925181,-0.9350503064718545,0.1573135971173455,3.446030323796279,8.361974245810833,13.297990360000002,16.31665833601014,15.891494988187855,12.553954564365073,8.933797973814471,6.979926399885767,6.399172260665709,5.701882268698358,3.8541624668616135,0.9168207102465569,-2.0621150200000002,-4.056010008129415,-5.16223670160108,-7.081311564951544,-11.927188471597182,-19.811014614740944,-28.06755716339903,-33.19910539784179,-33.21673923888629,-28.52422452742135,-21.260051060000002,-13.682830504050306,-7.189806745378769,-2.5068135680351253,-0.2721450326246651,-0.8885078180076744,-3.7123631864586804,-6.857695454870712,-8.028479330975287,-5.872187229639388,-1.04951324,3.9511332102415517,6.639943214985792,6.404307303728779,4.413277871547346,2.2929128772959078,1.4227869569031442,2.5797440805027207,5.361259056260775,7.831094265197157,7.47437325,3.409081057294925,-2.330042890441465,-6.540954863087418,-7.578689298011433,-5.571656114818119,-1.6147848599834869,2.098234871582118,3.090401609369821,1.0014617260069514,-2.11627196,-4.058319270058504,-4.223481508209577,-3.5481320954326936,-3.0515196600760133,-2.995820982879452,-3.151219648920987,-3.063660778613292,-2.3838981078624344,-1.103476737946277,0.39800966000000004,1.3248114397069588,0.6300990687276745,-1.8127122674138647,-4.782580315404261,-6.921947003246894,-7.755303774126755,-7.405350267882831,-6.1751018305769065,-4.674674984112903,-3.83847894,-4.289233521369546,-5.534287360771649,-5.979248821682589,-4.22353678504083,-0.647558690600728,2.4127215330897593,2.1351248833245586,-2.3770032735552085,-8.629720311044156,-12.318365920000002,-10.866329899950463,-5.7741953127663,-1.1323132736795865,0.6784555219659886,0.4049310758718461,-0.4118068669475235,-1.3406302727736905,-2.834727972238358,-5.279738054958966,-8.2082425
15kg_10bpm,10BC,3.04433102,-4.468651250146278,-10.643448800299591,-13.121766677766631,-11.389638824913446,-6.978612728199771,-2.1473630193459576,1.7120107859535978,4.541030509895881,6.799403472229081,8.594767515528325,9.57812936399977,9.41997587772698,8.371686453838729,7.252918728171817,6.819415335178637,7.16575312022524,7.77798027239156,8.170944208385153,8.425804867456112,9.11631512,10.52385524580836,12.018110616960394,12.437453162998375,11.03728051886204,8.104927202704902,4.770142793830168,2.266205894427177,1.2384921257899546,1.5588599639159546,2.5414600453415455,3.3962514765415763,3.5494117567927814,2.8772387597054863,1.8328909965238807,1.1903652679602876,1.5374299913987466,2.8759803856434836,4.412794869998104,4.847733752706676,3.33064729,0.19139891857901953,-3.228750791391005,-5.303686595319713,-4.970554943897822,-2.4050875263532028,0.9609161051909624,3.3397910616935595,3.7107969581950386,2.2102887927557253,-0.24093204344830138,-2.5025573931459317,-3.7274934705136213,-3.695052760841458,-2.8000690564034287,-1.7139336833249743,-0.9119094003486393,-0.47729461381261945,-0.23003196136937518,0.06994665694398267,0.49681397000000005,0.803493696541375,0.6037389741968957,-0.1730911082836065,-0.9715684009184794,-0.8160808238494461,1.0058974929402569,4.283218694015101,7.862038096986246,10.291499777598684,10.653177672525228,9.056660067965163,6.558841208089266,4.587123295816461,4.13420169211246,5.2367889618532715,7.159896792313264,9.08369430115212,10.553175703204872,11.41536171275908,11.591927820000004,11.044376154323535,9.835012475189814,8.093597154516505,6.027047593037459,4.029656438989679,2.605380434580062,2.0115179022538836,1.982101075779578,1.9786199153765005,1.8637896624312347,2.110107635070908,3.188101090689277,4.982144163032984,6.749254051450298,7.5916192509970974,7.068817438615791,5.414904933814497,3.2544736528010683,1.2701376052698508,0.12253742
15kg_10bpm,10CA,-0.51881596,-2.5408205888944786,-4.55898046108802,-5.840673038913178,-7.023088611764952,-10.07480797301963,-14.225085543537038,-15.14889780198051,-10.74414633013766,-4.360562892623852,-0.93078951,-1.0559553502180565,-1.2850782582541878,0.7581375294816064,3.856410042128471,6.050078891420978,7.616964007072098,9.630845640755162,11.191272590345042,10.425981786806405,7.519497340000001,5.156594662499061,5.763681792711839,9.261287297349096,13.549551765579757,16.360634312445153,16.407710199358856,13.882833792208855,10.499809552784624,8.786807157938075,10.255677880000002,13.912044933631652,17.476796683634607,19.794098740457,20.926196860429663,20.444999651101437,17.61099413270545,12.986952081742459,8.402239637343367,4.59267801070523,0.7158487500000001,-3.4342598768097257,-6.986235065855112,-9.585310618349615,-11.502047845251907,-13.068416362138723,-13.977132214297589,-13.520101882920676,-12.161879786891436,-11.519793286870318,-11.96292554,-11.290291485268094,-8.198973259732346,-4.262295707712672,-1.1613894461322192,0.09079967639106332,-0.9265599758352191,-3.414060625591142,-5.631111222147153,-5.250572269675695,-1.36453593,3.5114553978550744,6.1174947895851535,6.162623985744305,5.605982264857957,5.503071896812639,6.180393378128101,7.83327059752633,9.336468504175464,8.709305201993134,5.67731556,2.1411609840818624,0.877530099359483,2.5703424093503404,4.1623813017270015,2.435757691495971,-0.8533653289233354,-0.951099866960521,3.1197306726994274,7.469961986953449,8.446594060000002,6.994884546595821,6.277524825617662,6.530989672439737,5.818882589502038,3.925538237370385,2.9169192519968536,3.379195854700649,2.5660034620384407,-0.8014342200469344,-2.62878098,0.9338401131594262,7.082329025777727,9.017621890745518,5.063553113075345,1.7291039324206543,4.039088401336408,7.815922578438416,8.060471341400522,5.94085028136059,3.92247526
15kg_10bpm,11AB,-4.77322383,-5.016042217685905,-3.5858907803926736,-1.6168183960318578,-0.12558211727869711,0.7984036062708364,1.5388874174177993,2.308066363424681,3.4343654362710927,5.515188109094191,8.737516603795333,12.200797467738772,14.459954370464425,15.025869025269646,14.621223834814504,14.193052593099454,14.084790142997246,13.819320266098481,12.507476081002114,9.427270516955453,4.69774434047128,-0.850003429875245,-6.375662384504185,-11.093964009609977,-14.330090231416504,-16.10596943,-17.341084492810214,-19.424903598099505,-22.68308172428182,-25.706763417924517,-26.528434728053398,-24.35620654281876,-20.19689070001106,-16.08662684934689,-13.42818569886428,-11.86798894417676,-10.058192804626973,-7.371635384971745,-4.475835147658518,-2.3974409323022394,-1.1700967096292527,0.252083339379295,2.5936538224620285,5.066196585870787,6.279028422137374,5.925135577907443,5.008149519275458,4.668414535220873,5.075984999760452,5.118907129599141,3.6666690800000006,1.0045521730681668,-1.4267470331189358,-2.426777536277096,-1.7908812898091182,-0.24282442199698767,0.9645003732448721,1.3406405126242544,1.7407126212859356,2.709782433354027,2.955115883637097,0.8612719219073564,-3.213848582812218,-6.802355046868699,-7.936991042790427,-6.971434556680861,-5.57697017188844,-4.765755127981086,-4.352344383936913,-3.721392589368887,-2.6063143565331996,-1.4370327314996976,-1.1161606510435487,-1.8928429067165988,-2.5265318690017615,-1.6242237600000002,0.5934377859078231,2.4935741036060253,2.7447274541708047,1.243177433505258,-1.1072610555049172,-3.3107932454519333,-4.69713858732009,-4.547492437424117,-2.0092344246551948,2.9820747190813774,8.651603704214676,12.189145190110102,11.84974938458837,7.613154574084347,1.202696061040591,-3.3748562462235556,-2.4733008689637663,2.928750162829309,7.911605325470445,8.542633962571614,5.500471212120878,2.5745683987415897,2.0380269524852457,2.800357291630231,2.69323846
15kg_10bpm,11BC,-4.39398729,-6.523941821612645,-6.126110748041627,-3.4258125766244425,0.23835847425465992,3.3002418797974036,4.808888099668949,4.842654294076476,4.348554632142361,4.457176714685897,5.673927853862845,7.692149805615159,9.719966233356377,10.984192132685042,11.191553427647445,10.695347447577687,10.12112655066304,9.84955234548997,9.883649658669537,9.965425089835106,9.83313688651237,9.351822969231286,8.555174228462263,7.682369440582792,7.050933978067033,6.777041233369382,6.593478671880972,6.005578941327547,4.861566373582447,3.6940515270018537,3.4147081822390133,4.567257567653179,6.731983967118738,8.544938976939884,8.55671725645713,6.129836603715383,1.748661150028352,-3.2201056640326264,-7.113169125092597,-8.598143544715354,-7.216066876599018,-3.721242902377616,0.17179552378959387,2.7836726914489613,3.4877239110039753,2.858147340542558,1.8785272705739477,0.9693165056730415,-0.3352589588281632,-2.7413212110722154,-6.096191862658947,-8.921017100142796,-9.375478108010995,-7.087505660461396,-3.688504365367646,-1.4692645747234143,-1.573345638934753,-3.232219366191467,-4.5989032617435015,-4.2108131298532285,-1.8482616711407562,1.4894611334572954,4.316021119736217,5.508733610803137,4.876617660207951,3.1773221496521047,1.6167578046303528,1.0819449128306535,1.5294039966599555,2.1499747777454465,2.22707823417437,1.912460817877773,2.0641270675088803,3.330669662128015,5.476083673270349,7.48028314961311,8.129918590082342,6.729990850420885,3.5889004806046865,-0.03479473835387713,-2.6667630086675436,-3.4937650481784854,-2.642198784559493,-0.8682100176883837,0.881241565815716,1.900240084095329,2.0101065166296173,1.5124748741489495,0.9270073744459097,0.6674653902580304,0.7038268284790984,0.6593825386036809,0.2685116960044438,-0.41834479532300606,-1.107352351762997,-1.4566202584239094,-1.349106158056906,-0.8783937860699597,-0.002993163923590489,1.5111935389259148,3.67485692
15kg_10bpm,11CA,5.50777591,4.250878916355893,1.6248149402600596,-1.9487914580450711,-5.1804600479753695,-6.634958915537682,-6.149879091650728,-5.150615677944904,-5.387054494895718,-7.414135341826155,-10.082351177287878,-11.755642232231358,-11.542422176762221,-9.335017338827747,-5.478282044450864,-0.9248348555303832,2.631822117304458,3.5666735842245285,1.7131966610043952,-0.7485039078895617,-0.7736997270241311,2.7095851562178046,7.71849474017996,10.958886445014885,10.78156204259132,8.47708078648035,6.802301807437366,7.4867298170058385,10.208854076707789,13.290159966980813,14.976508566117372,14.335662827189882,11.959090596331679,9.872638872875259,10.05637341467936,12.744074485984687,16.22894499277834,18.60896975457255,19.33460076926213,18.939123008849638,17.932676985403877,16.336729097838976,14.492457225734194,13.278271927963571,13.020839678137348,12.79528412610547,11.036758689067165,7.099892823274559,1.8137555488843249,-3.4820915423834444,-7.674797900000001,-10.245576591987247,-11.514815115901207,-12.46885089643014,-14.198279350801817,-16.84500810121414,-19.125567116354024,-19.120084732608735,-15.74357016197997,-9.86976069030862,-4.240027705067319,-1.14441096511125,-0.4646779574588786,-1.1125450232383673,-2.047110008175817,-1.9973840959835603,-0.20603890137377795,2.502420475934731,4.8739072751302635,6.631507347793466,7.677716768400204,7.316739295185286,5.1096807986595,1.9207720073257437,-0.6226796398557227,-1.2374355581333796,0.1623179960808222,2.1278614184999554,2.9267329191578058,2.865935228976143,3.9281251822107537,6.488763746511266,8.220667769890408,7.739695772753535,6.598168715535968,6.665639505095461,7.287444652033505,6.362487122429686,4.305715155784144,3.7435000077741614,4.857157055582253,4.055871294456872,-0.1922575459743046,-3.6165698402317745,-2.466277816428842,1.3465571072780054,4.360736781848405,5.458611361048241,5.329354297238659,4.77983839524901,3.94640455
15kg_10bpm,12AB,2.44135838,-1.263663830883481,-4.1809647113381905,-2.950790542571094,1.2971272747294893,4.062457426629804,3.3475115659373245,2.0120743792313047,2.980509884275899,6.062231183786463,9.530560824431431,12.002877132331612,13.01349478496729,13.181101641848812,12.972035145339742,11.484237234308601,7.845457712636751,3.236393235843623,-0.9156271080079738,-5.156222244414838,-10.38073552,-15.220386691770178,-17.519974563780274,-17.67935266802826,-17.840586763846055,-18.911085430368146,-20.186958477989677,-20.786670058138686,-20.466239096211382,-19.103509374599824,-16.247729635541543,-12.196422108482126,-8.47281518100739,-6.910762937591032,-7.752681264717978,-9.037058116745959,-8.941807390121307,-7.785415917665047,-6.867306962775204,-6.487356951065317,-5.57745465,-3.101943972853312,0.596448057344976,4.4123128692282005,7.325346818026307,8.511577023330652,7.9756146641240635,6.334286450849024,4.028654284019502,1.0652285073225662,-2.3534403680908498,-5.413385711013771,-7.024980864769881,-6.9303412701863625,-5.598290750707823,-3.399960502920137,-1.3058349815676973,-0.7336177629053431,-1.8059689742083207,-3.493179320242237,-5.7663359199999835,-8.103195201276591,-8.382866637776166,-5.859830278369481,-2.835263744899943,-1.8731063809750563,-2.977529000705287,-4.468028439822392,-4.995292435107018,-4.6470879542298515,-4.17601364554594,-3.6353575169255117,-3.0635354510286024,-3.1164321628712757,-3.5850069429434432,-3.004080124098123,-0.7675237628087317,1.6913551528997186,2.215962854499122,-0.2397771242483249,-4.54097453,-7.792886171911514,-7.682878729494785,-4.4005789120856305,-0.45807762314976763,1.2491682382326188,-0.3191817478297966,-3.6495410221845392,-5.770546356688631,-4.954629337821291,-2.491586256106493,-1.134078088065591,-2.0179003560520172,-3.823756679686346,-4.569634748157868,-3.564396255645961,-1.7930449459419753,-1.0586423402588798,-2.5994982259277744,-5.622320941612664,-7.4871365
15kg_10bpm,12BC,8.7453068,9.14599332963349,8.228909694543924,6.13365303015833,2.8881515827217004,-1.464367560092431,-6.213703907370365,-9.457749431224807,-9.018159380256312,-4.381423874837445,2.474679865601239,8.286305197561356,10.622649708572945,9.151893711674406,5.375704245864952,1.33319943314338,-1.4896592060279255,-2.3997190892839733,-1.3193257388310509,1.3953338259593622,4.949553084797293,8.185741065071051,9.9973859281851,10.02085563037891,8.908780593516392,7.76868494,7.430915357038577,7.966679092593428,8.59749862492118,8.287443938186422,6.460991138900238,3.341675881584458,-0.07052728015933642,-2.3529266217313594,-2.5892603803691037,-0.9836776155431816,1.3725844236595917,3.517212908055131,5.133646878564396,6.228183096744102,6.732472594525352,6.334115207597933,4.710653056865418,2.0223263289990903,-0.8247782540943438,-2.6394417591366706,-2.769183332262252,-1.5423440193210798,-0.09054999696323376,0.35503632522249673,-0.7405484,-2.7957182501810243,-4.39149210219515,-4.372332847211575,-2.94285210282147,-1.5211260113772715,-1.41972798165939,-2.730421920125931,-4.499073733465114,-5.653332594889977,-5.570785906648334,-4.149091494450581,-1.532477357835296,1.9016109044150484,5.150961262022248,6.7290217636637655,5.591776904231359,2.201470667653338,-1.550532125790947,-3.7532633391960575,-3.7281868185396547,-2.0536017852533672,0.25682121114239786,2.299202831952007,3.2188702441395476,2.4133569400000003,0.23495230339188333,-1.778708389348556,-2.0258310932301447,-0.30078160276729526,2.0349651406266682,3.2226543364212357,2.376259464362247,-0.12440582336784958,-3.150986936379748,-5.60881494701004,-6.927679184765972,-7.003378506295094,-5.992436417298698,-4.332935677356882,-2.520179871686118,-0.7301440175623433,1.2386006509400398,3.269048407375613,4.55948753934614,4.664903485278709,4.559292912568436,5.917737083019077,9.094453001421059,11.982613009534493,11.53117297
15kg_10bpm,13AB,-1.97251679,-0.7388005396229841,1.3431750417540704,2.6763375042380515,2.229907503203325,0.45151047080628437,-1.4612656664827077,-2.410562548940971,-1.715178695541572,0.5340972834972012,3.7231606641468487,6.876963149016175,9.642554311331578,11.791709536947586,12.94025924676716,13.302647261198876,13.45526831546066,12.719188652392772,9.527018755222068,3.5854982426294066,-3.145504817188367,-7.708722558412062,-9.041116382697046,-8.933509576082699,-10.02480888302675,-12.625388407355121,-15.19764179326283,-16.871619280979615,-17.775175982006367,-18.014335270905278,-17.130984543661917,-14.607927727058051,-10.535799675008063,-6.38660815162062,-4.72910707461861,-7.04700382981333,-11.701671122930001,-14.842843569733928,-13.44802779350052,-7.48021764141565,0.5255371598863224,7.400367999600339,10.95885769671229,10.630856609141892,7.889655305169108,5.818596446691595,6.7234186238811535,9.751435308439433,12.432387454877608,13.786237731932033,14.728156322702546,16.005248561958524,16.87624591777475,16.119170426462446,13.308726833851008,9.151676353170803,4.656070378857475,0.553107065792105,-2.5564833211228675,-3.7879587912612434,-2.376328534626227,1.1614552594941872,4.146349323822972,3.562760982018236,-0.8215427543729388,-5.7665758845211466,-7.390226231420625,-5.061662092660179,-1.2226844766837235,1.6424961771391415,2.104435529378737,-0.48864833796569923,-5.0298089482139545,-8.102515482371302,-6.793265936300544,-2.1650458060263795,1.4183250419257514,0.9873429742352442,-1.9452449084858,-4.11607299812934,-4.7293293227595825,-5.079061779841166,-5.293985495831673,-3.809519170150153,-0.14013528760511934,3.977373373635564,6.988857056790084,9.018308645201238,9.914230639135667,7.885808604370183,1.662731822154434,-5.608723201272688,-7.161946651570167,-0.38564137259809644,9.291220718132415,13.930728016940513,10.755457785371602,3.521341319796231,-2.49062174427221,-4.899425962349836,-4.02005903
15kg_10bpm,13BC,5.61275653,1.1872717027960507,-2.953683901879727,-5.88947667584289,-7.2631466728610725,-7.149000838985795,-5.793962970545631,-3.395287959750533,-0.21881920230624832,3.0755099317417116,5.486759401837685,6.2982350889319525,5.670479158552856,4.555625747105193,4.056033256675759,4.708622838307951,6.246179598403244,8.156537667506841,10.204470255870463,12.211990791713443,13.763422269790235,14.35917532939923,13.787974349920251,12.239310734979329,10.160747120575085,8.03942828372558,6.189080936720089,4.6974610649917174,3.5596562351991277,2.802827810970906,2.4783807738956547,2.728511341613013,3.721106592887684,5.371416480113849,7.17391860081777,8.370075163103865,8.371629280121155,7.069723540889369,4.677794056229876,1.464029463180628,-2.1548993356052994,-5.50283580106173,-7.771092361944433,-8.316169780597393,-7.130644406028233,-5.102970262049942,-3.6815818312845976,-3.795550014702015,-4.8823716564824995,-5.311953628016937,-3.9103808895135326,-1.068500108748927,1.5482287290379453,2.28423716180531,0.8267456994415363,-1.5373957807172631,-2.9043174667544194,-2.030686522399604,1.0097886986514109,4.950099792552944,8.154281479701542,9.658218142605993,9.68877612127628,9.175131970849185,8.553397446790902,7.401358261467995,5.250341547698817,2.215420050393971,-1.065765684698384,-3.8168210332009007,-5.332733207730929,-5.182959530795175,-3.6412900702345827,-1.625237985567502,0.09709825168277383,1.4467465397387305,2.69838404116205,3.964736018860348,4.99399841510966,5.313795450024002,4.640270795929923,3.1194578618209854,1.2529584751376868,-0.32702554000501277,-1.2352767358329129,-1.5790565302039263,-1.8322766147340606,-2.471411513849257,-3.5508223988521497,-4.37919761059699,-3.758661513292496,-1.1390146304780022,2.364684381709787,4.616757439630742,4.369436233895955,2.3994955786773486,0.8111831496933066,1.2852093835767204,3.8403989594646166,7.007361466043674,9.08815261
15kg_10bpm,13CA,-1.98585283,2.332145985649836,5.760245170524029,6.1047389738632925,2.0087165281834842,-5.580441690035153,-13.245808823962975,-16.95843656192348,-14.99700012595816,-8.856533844427782,-1.6155519888688297,3.9945120240967786,6.676105634646427,6.463999634910633,4.6553094557008725,3.6211682004476056,5.377317755359744,10.559646016267784,17.69998548189794,23.519144558234775,24.789444161181045,20.231466442979496,11.3733439301984,2.0921658738971405,-2.7902886095792248,-0.4355452020704748,7.167903918579799,15.192577971659952,20.1060455123411,21.424191337430706,20.79497128603997,20.070318644189253,19.48201717511255,17.83174734551585,14.776095162654727,11.839309447063172,10.216010310544606,8.82777083169533,5.830931944482411,1.3207627116763883,-2.6027335298419914,-4.068675904687858,-3.371124091274911,-2.936041414694562,-5.149810314808428,-9.799416488975748,-14.077706041809133,-15.524424174694603,-14.72134651422099,-14.291460147584544,-15.76782707,-17.93373456164677,-18.301121825933468,-15.73381115902036,-10.578419336294475,-4.794209254945621,-1.041010413063794,-0.39592802325443005,-2.2722278607876527,-5.192600094873263,-6.85482797734619,-6.876005459298173,-6.727940019758069,-6.534762626748866,-5.033317151569619,-1.7777075477349666,2.3545017049304513,5.583414122842324,6.007235554636608,3.8632658228194745,1.773537511876442,1.5613460005201483,1.707673682086374,-0.2401407176734583,-3.3932071550419627,-4.762255663241739,-2.7524661687412983,1.0511376722497139,3.1627978591711745,2.277156825862865,0.8712280511219334,2.580146540476435,8.020618989207678,13.154729907698897,13.517472053102168,9.70846152320431,6.30640521465916,5.622453613461185,5.76336383060593,4.240287693496864,0.919732016658162,-1.9252998839105073,-2.4403899687058894,-0.853291097030465,2.1338294361973302,5.006448781123532,5.928363215416504,5.274685472350149,4.214642396384111,2.837235464366105,1.51012394
15kg_10bpm,1AB,-10.84200593,-16.58162565,-17.43205196,-14.51885824,-10.28360206,-5.80830299,-1.40530228,2.2470169299999996,4.646630610000001,5.850650150000001,6.85090444,9.41506607,14.100275540000002,18.767522630000002,20.41702348,18.56289221,15.69854155,14.351074659999998,14.79376775,15.718509290000004,15.04096721,11.00421101,4.169458650000001,-2.5133575399999994,-7.188845880000001,-11.413516560000001,-17.999454550000003,-27.21373602,-36.00536290000001,-40.30895749,-38.35794622000001,-32.19783275,-25.442278360000003,-20.06416585,-15.857679070000001,-12.33000134,-10.348957190000002,-11.119155650000003,-13.85217131,-15.82938956,-14.657659809999998,-10.140059580000003,-4.30027325,0.36900472,2.89030122,3.98615591,4.456772630000001,3.88794224,1.88692069,-0.55160364,-1.68161629,-0.84212692,0.67926997,1.2496025900000003,0.39884162,-0.8722707800000001,-1.46237916,-1.6739068000000001,-2.4888410900000006,-3.78385003,-3.7376384100000006,-0.8495064800000002,3.43359759,5.88650824,4.951838230000001,1.7508467999999997,-1.90375352,-4.561959100000001,-4.644588330000001,-1.4909891900000003,2.91167821,4.7989207,2.47274771,-2.3497119000000004,-7.121738320000002,-10.182255099999999,-10.478816010000001,-7.503793680000001,-2.0614694100000004,3.1678108600000003,5.039303960000001,2.79634538,-0.81526607,-2.3511171200000005,-1.44232409,-0.5678659700000002,-1.7038762300000003,-4.535811660000001,-7.153787100000001,-7.16693248,-3.1280290699999997,3.80367015,9.875808700000002,12.03559675,10.21943498,6.276896640000001,2.3453517800000006,-0.21337636000000001,-0.8521103400000001,1.02081873,5.3789369
15kg_10bpm,1BC,0.26962366,-0.5307306467161879,-2.833278282976645,-5.2492772838006045,-6.176687211825525,-5.011587202260981,-2.2061778586676986,1.3706474261635435,5.055361573061617,8.484913272246573,11.31078175034487,13.239984062129036,14.394806410097102,15.29978043442215,16.103143749466845,15.931007668896683,13.88408506555788,10.367546331508228,6.844138108032848,4.575609184634232,3.7696210098252356,3.8252170641320964,3.8606042027137875,3.2277678995630836,2.080704256988595,1.4462957429364203,2.289548107311464,4.363436445308451,6.167364625153754,6.163047591394796,4.200438736285008,1.3683769126589582,-1.2634513680102404,-3.036497249020292,-3.5502283753523685,-3.0914436879427476,-2.5807742450626834,-2.5100324794253215,-2.3711639978030283,-1.3480593881785348,0.6062750895244925,2.8014590375770854,4.61064943474223,5.55223581065483,4.995734463033679,2.7215130117220387,-0.3856109741624775,-2.6758442188326224,-2.6927527891898886,-0.024265852053620682,4.116353536110837,7.487053544061666,8.543018925335943,7.482045635231512,5.694635983500935,4.3852609990683025,3.862167740028117,4.042802911893107,5.0307371108491665,6.640705157081174,7.870885955966524,7.670477004735596,5.854962289701431,3.3843639013082325,1.9307016985391736,2.641322149758152,5.225301511820929,8.608359440571093,11.821784844505938,13.886651107555108,13.703549766786852,10.987922367941877,7.22250786203887,4.778004571043806,4.776858881420399,6.460290218326044,8.448434492781633,9.816123445588147,10.052099581868644,8.689694655271534,5.436353530500711,0.93894039551059,-2.682296902024664,-3.1990956972948963,-0.4827290842000428,3.2929087560306356,5.717235714520983,6.167542597931365,5.807942755641036,5.847104601283541,5.924160714818383,4.40547723328157,0.8789707554811752,-2.431912026020326,-2.754795481627011,0.49284216647349993,5.31546957087054,9.118148843292342,10.197767869941643,7.976094659005165,3.20912765
15kg_10bpm,1CA,-0.24938838,3.8079781819659155,7.342065534374323,9.041172534538562,6.966707186768165,0.575263364583118,-7.739606526236886,-14.08494273605024,-15.889231724161213,-13.141441701277184,-7.351199749006761,-0.3055431582491285,6.185295162459526,10.670166712026163,12.646513367939098,12.099992072719346,9.268620853803029,5.426229151902614,2.8268610566401633,3.1701254720874976,6.2118173722834795,10.264143202322787,13.757800889390657,15.978056575106939,16.580113660328884,15.460325932568878,13.029439359264481,10.390170137132655,9.217043561924323,10.553911662278267,13.841352792281853,17.313278515730282,19.053775322976197,18.31288950550163,16.04851049421746,13.899238716502731,13.04760078731974,13.61800879283819,14.42661399006897,13.576229553264787,9.925432395057518,4.187085186374639,-1.3474682460183895,-4.5305472041022545,-5.222117294410528,-5.175315598205149,-6.000052235532518,-7.960490764964197,-10.591625650949572,-13.131440381640394,-14.85235104594995,-15.20054927392455,-13.999567305250565,-12.018781933340604,-10.32698431004715,-9.096288008160055,-7.989706168080007,-7.106216890129751,-6.323207000375778,-5.143162775131308,-3.105484749227248,-0.9366261739958858,0.10213999945507478,0.07792181763840732,-0.12269715199214377,-0.3620509445394966,-0.4271709413002099,0.37423741262604776,1.5986882153478954,2.390369335755751,2.605999567970416,2.5656224484224683,2.6740286170026244,3.0504107207043516,3.573539574800588,4.616255356062216,6.977807192313832,10.75830719107312,13.985086381806132,13.783101291056452,9.586613388422204,4.0270850510578775,0.050386053161510944,-1.1981054383708167,-0.7962938142903873,-0.7328529688468194,-1.7143274990372084,-2.665351854786004,-2.2021739120438744,0.060809141874820255,3.350513841678359,6.117003806017652,6.929884806489227,6.185904771491934,6.242755811561676,7.544882596700918,7.334116260801481,4.247061420966144,0.6337633453076283,-0.3599676846411277,1.76118782
15kg_10bpm,2AB,-7.72223069,-12.083097806933786,-13.221410004759358,-10.527090982085449,-5.333818653680805,0.3464240101520466,4.995322666530763,8.287812830621126,10.667566935568374,12.705118688870217,15.339556400000001,19.018737468630306,22.492512967640433,23.24248596096374,19.65723022139353,13.341181952445547,8.755311383878253,8.870441872091549,11.307654800972518,10.696512792782537,4.95214304,-3.0076654873960584,-9.294893940726283,-12.734827321528186,-14.857707826684946,-17.993919321389075,-23.45684242801059,-30.122276045011702,-35.287980977420965,-36.70717600198517,-33.73710729,-27.650617415981717,-20.80143936866829,-15.249045921055151,-11.86950139901459,-10.426603485891484,-10.259735339677599,-10.789118192482311,-11.336728778278456,-10.975606747973448,-9.23564666,-6.535474548933517,-3.8819666530244206,-2.071734975808182,-0.7009246967576145,1.7227948400077553,5.62588743604991,8.746415203670107,7.787371290429498,2.049677532002244,-4.99712108,-8.610786019153144,-7.139348826049074,-3.0399202520624726,0.04993165111853072,0.7964798088565943,0.7153497175103622,1.5227037526117027,3.1747198161262573,4.292330845487359,3.7710115,1.5150191798244979,-1.923784171256999,-5.688482738411876,-8.86854181757633,-10.967861785539743,-11.838288875408745,-11.053897667632805,-8.00085623142026,-3.000705772949679,2.02376557,4.5235272363153465,3.017568597499332,-1.551377164231256,-6.1203769671139545,-8.018459072980841,-6.539809664369947,-2.7119771935414727,1.525385748076034,4.401947843823822,5.15419931,3.8724207296412745,1.1847227080898086,-1.7895406296657113,-3.8767632803582197,-4.880420153729448,-5.434738741877113,-5.318552280628396,-3.047201394139805,2.34435256492304,9.81049261,16.660157993428708,20.289171988331095,20.090703863370457,17.40032641599797,13.754040460512808,9.572739185306562,4.618484927938776,-0.40934737777527314,-3.33154541612499,-2.22386005
15kg_10bpm,2BC,-3.64413203,-6.838742727780363,-8.290382304885618,-7.625212904832241,-5.310594618365991,-1.8221927981351065,2.62957130560357,7.383250721539195,11.113146727999933,12.661974417725656,11.9810773422613,10.379298210252193,9.54328748245115,10.161215963266086,11.469635197040967,12.088949579331254,11.310821571755895,9.502707721833458,7.445342669179239,5.69160708363978,4.610775044126564,4.491423527613079,5.18200133164113,5.911700509537226,5.889496045969518,4.8533168,3.096088592885227,1.2987832576699474,0.10126896539501767,-0.18867372944820104,0.35654784587018085,1.4133487309517723,2.5401855362473302,3.089907921396403,2.2970646914394632,0.06166299616182951,-2.491013874548558,-3.577588377445989,-2.044717281197735,1.6820735258200938,5.73866264161063,7.921723995811546,7.004823410758775,3.3360371642660684,-1.533579717187799,-5.456762082049469,-6.219404001835144,-2.724984509508676,3.5539113673249,8.992640311578958,10.524442540000003,7.958355173044626,3.6009915353259636,0.1294614708672319,-0.9338532918888962,0.5684879211745457,3.6398995210682004,6.507884957156325,7.676615381175083,7.090732622057564,5.997435238156051,5.606683521175206,6.227451897330246,7.425907873759746,8.61049935738999,9.634885037392406,10.763953442325995,12.082877115527324,13.136296729378556,13.26900746568186,12.22797922458051,10.272646159721475,7.978673996000525,5.953466504744822,4.6099317807358,4.129128940000001,4.456971343208151,5.282878441597814,6.232901642918395,7.008921744570174,7.468644070391748,7.869063549379259,8.503411510417665,9.016105428994214,8.599616331330148,6.950469941189758,4.650286574020019,2.5170323525698013,0.7082163237857696,-1.2418536080945788,-3.527710849271164,-5.591236123131093,-6.400420519474998,-5.048195526651539,-1.250450239896431,4.33153803497518,9.933577546888888,12.938552576501571,11.01120226722899,4.04336938394399,-4.82620223
15kg_10bpm,2CA,-7.00012615,-5.60001962,-3.4399153899999995,-2.39695773,-3.6967724800000004,-6.92146689,-10.16759355,-11.36255768,-9.67823922,-6.126767930000001,-2.6626894600000006,-0.9327797500000001,-1.1547411400000003,-1.5368050100000001,0.023803379999999985,3.7979047500000003,8.124662630000001,10.810617000000002,10.415815850000001,7.50860538,4.896962240000001,5.035774739999999,7.75067282,11.03032998,13.37691822,14.886074619999999,15.760641930000002,14.967874469999998,11.67468802,6.960180810000001,3.81022586,5.098263180000001,10.513568090000001,16.07140721,17.30641473,12.98904653,5.719667910000001,-0.6660185,-4.28539922,-5.596280370000001,-5.418476690000001,-4.38846617,-3.7076042400000007,-4.48883287,-6.1006084000000005,-6.877140980000001,-6.6190988100000006,-6.82568325,-8.62875009,-11.316832780000002,-13.047273,-12.176976510000001,-9.41575963,-7.768586120000001,-8.59947438,-10.24172351,-9.589397730000002,-5.764514650000001,-1.4409050400000003,0.46400351,0.25636829000000005,-0.8809749000000001,-1.6881290000000004,-0.7196387400000003,2.1146339000000003,5.317899790000001,7.388493310000001,8.121277380000002,8.20986002,8.175953790000001,7.79964786,6.802256750000001,5.32474215,3.9104279200000005,2.9904075100000007,2.20733523,1.02490447,0.31534316,2.1291240100000004,6.547468430000001,10.099060570000002,9.04294276,3.5926855,-1.04733432,-0.33045192000000007,3.96033677,6.08769652,3.4726969100000002,-1.0695926400000002,-3.4687297400000006,-1.8337043300000002,3.41275324,9.437120370000002,12.213358140000002,10.451942860000003,7.47682677,5.7463755800000005,4.418984910000001,3.1742175700000006,2.6918035700000003,3.33419895
15kg_10bpm,3BC,3.50519234,-2.704343757031703,-9.595269300505036,-14.647971740596399,-15.822697047512909,-12.69017900024463,-6.671535310690931,-0.0632647812426195,5.347187454842016,9.005113543874844,11.222182527603913,12.5785504294046,13.68967341140823,14.91626486868431,16.07656078723414,16.72898495265565,16.69559457110571,16.27397059515639,16.025341634554096,16.336021180524522,16.97937231605031,16.992765287587027,15.271337318100679,11.799748487504282,8.05373238938818,5.601106210681515,4.560326359709203,3.7824110275196325,2.475181300050091,0.9233768594752672,-0.05193019355825125,-0.09588861035193691,0.5107453092770887,1.3441636153658,2.046892458152985,2.2342712266069005,1.5584757375271507,0.13906328444296873,-1.5059000183954214,-2.69758252325033,-3.2447906227668577,-3.2759890224590915,-2.7782070066032083,-1.617534112387095,0.030547505167695613,1.4005710638844973,1.5252861966003608,0.16660162919050595,-1.7917122464849589,-3.1260295269026726,-3.392451072838441,-3.3526806913203506,-4.243417512931622,-6.371598076437646,-8.510928420062967,-8.627686002334348,-5.4117091112293965,0.2745114317031815,5.505682714504776,7.554798420374624,6.120900541958385,3.359183025570869,1.8288085586655016,2.455571181644615,4.220926776005107,5.5515720352519855,5.891115771916608,5.967628277414253,6.823297654221777,8.66557483228069,10.424028405114264,10.858370133896583,9.964570572553601,8.67565809236065,7.65973506987892,6.826622479658974,5.800847815781279,4.496324153612892,3.3191216795111442,3.0912612033676368,4.285954960252338,6.048649524722644,6.726969767391114,5.641437693992934,3.8004250620274695,2.6229264659238805,2.3172408439986487,1.720999649160611,-0.06266941563179519,-2.404204967673702,-4.094076381402666,-4.86415963057212,-5.233409673224291,-5.114600171009603,-3.3134764487908153,0.9255405192335003,6.584345021562949,11.627543271034472,14.566903224923621,15.016122945286114,13.36550731
15kg_10bpm,3CA,-2.22804209,-6.079541086682284,-8.340971304790495,-8.120629910470438,-5.637483917288113,-3.374377356212937,-2.7905235081733184,-2.675334327584568,-2.5612586069224528,-3.501099881278252,-3.3748361180589863,1.157283708446919,8.103746650842904,12.681313053732632,12.86598238386736,10.356912186098887,8.81645019441037,10.309504900965008,14.105209168952864,16.9870781879764,15.957147491658379,12.435396215094322,10.00789406145511,10.488582374766445,14.212704978549382,19.166487236732447,20.902658296933044,17.278728940488485,11.509442578220462,8.252257854870711,7.546521343850129,6.0269609983477395,2.7716362968092128,-0.25427088454910135,-3.190824279160005,-8.408345983786214,-15.004431228777356,-18.15216181550534,-15.660038751999823,-10.275891316744325,-6.929270640445095,-7.8937077018145345,-10.576291004589848,-10.340563915010653,-5.83952915153821,-1.7152639033335475,-1.1422891612642547,-2.434242831532857,-2.386187561872233,0.3969985247914192,4.06426183,4.719487186535883,2.058223262411924,0.49882862087663554,2.673335485733171,7.1015125895448135,10.209461773410865,8.65706780923177,3.2369653151396327,-0.3721323467511022,2.0529652082607623,7.7713329175341,10.26490388611466,7.601916115468462,3.123983252635102,0.5493814069597709,1.394112250577528,3.6909184829752015,4.880746452718358,4.828591127611168,4.598074706440764,2.8542888935730337,-0.27672485197660734,-0.725069941356152,2.1089624948989996,3.9059728497352952,2.82982115284438,1.2790376306401836,1.1793138978409003,1.7504149757503262,1.0158104542427313,-0.2573647224415906,-0.33892138403897415,0.008100918841562901,1.2260706209862116,4.852112272846215,7.059821544474063,3.1400979726269265,-2.8979805957556923,-3.644157392914572,1.028134966158001,5.448554822094405,4.997021019922986,2.277124602758918,3.6924454586251185,7.486451761112848,8.586831456193712,7.820202693424677,8.328663848932095,9.508259432388437,7.18493449
15kg_10bpm,4AB,-8.45714844,-14.78398067653815,-15.000889877711472,-9.46883492398322,-3.6504224692782263,-0.712040811023832,1.6974316388354995,6.6229513985773885,12.595837034831918,16.100982933512704,16.456157001501488,15.869065318534606,15.94453065853318,15.591699463627174,13.424748746914311,10.579987906524458,9.417010302857044,10.524865722450846,12.212168597977758,12.559050086250851,10.97564161,7.1625483930122265,0.35447994218156775,-8.949900609563965,-18.310242943553682,-25.360725734298565,-29.605422365063745,-31.50760555937004,-31.445697201024448,-29.980398871746434,-27.320956662978126,-23.398023980176383,-18.857099953180438,-14.92109239938538,-12.094501947031645,-9.328940554576393,-5.253694765822303,-0.28596371714531055,3.1974540712027046,3.253339455769055,0.68984816,-1.751930876622147,-2.3597500987524684,-1.6524329985255604,-0.7163521984908781,0.2989031433592244,1.7407393289161843,2.6396909071674948,0.9741382947214585,-3.3431846445933378,-7.2948881590051995,-7.805594011166046,-5.181275856540803,-2.0892452532869505,-0.26729661713341224,0.3875967734710133,-0.2268881739326396,-2.628998418555723,-5.549051605057817,-6.339059051915436,-4.404229820000019,-2.3882075692102425,-2.8082724738403715,-4.711851513139639,-5.059407999738025,-2.961756984721736,-0.46583611521242646,0.4290560701137673,-0.6131633164124511,-2.503420455893086,-3.7201867646450246,-3.98717686106955,-4.8475214297634714,-7.54249694618433,-10.316535864961892,-10.055397083732817,-6.043035805666681,-0.2590789621730523,5.226137778430994,8.794035130471235,8.686305620000002,4.714728773467387,-0.653002216960812,-3.7937146445648207,-2.356083416724708,2.9075740558399152,8.862542184560041,12.18380993672878,11.40955779087487,8.056101176263107,5.108117547475231,4.371309326124846,5.013752502533867,4.038507823386232,-0.4277865716743925,-6.113695175914799,-8.936016510602023,-7.550428922215891,-3.9349291021084274,-0.8583202359874232,-0.09684293
15kg_10bpm,4BC,3.34528513,-4.525499375122799,-11.618908760581544,-15.709615613368848,-15.987650140473399,-13.364387169505317,-9.274298985259463,-4.472497333335415,0.7296125783483074,5.828272951765827,10.239909194328746,13.734193715377092,16.328763566703984,17.723551626388073,17.033979416893025,13.503931706671764,7.603237217662686,1.2811387557191998,-2.97619703143234,-3.6055698188428638,-0.9299675592923516,2.9630540890852863,5.650933633298395,6.165641805998488,5.331487990525904,4.495495611595081,4.208687659656408,3.8599579060579217,2.304946423964503,-0.9683220784505926,-4.938977080801067,-7.621560447715339,-7.574682211426865,-5.05984512941572,-1.583166445885257,1.4190845663621174,3.346642401795768,4.067232225658773,3.3853134968977745,1.1305731265742989,-2.183592050911791,-5.142525122088576,-6.261166250859964,-5.1690083384565915,-2.8028234397199676,-0.38348855585425534,1.4537305674275718,2.6742640513918667,3.5619562798770006,4.4046108346796435,5.001800382907903,4.608548252955056,2.709130549439214,-0.16638863774314921,-2.3842780557589687,-2.2530241954370434,0.5616192144924459,4.650037963918232,7.916291615986345,9.090614406238458,8.310055549636216,6.598680526913233,5.01511734074286,4.234031504969763,4.443436717415384,5.48504292044793,7.022281749663174,8.377049390183476,8.611331351806937,7.212593262089925,4.849260179560989,3.223989699549903,3.7418167345279265,6.331851226006921,9.636318943915558,12.128243696492905,12.947706220364307,12.094540441805936,10.084459591218758,7.312009260155417,3.995216389757462,0.8015161755196087,-1.0656244031188278,-0.8139582073019124,1.1575582134897355,3.5376408326525883,5.055675168333821,5.2499898280752015,4.436974258932519,3.0838461852465127,1.1622879253655558,-1.7847115368242583,-5.6438373773569595,-8.76571830330678,-8.410769923655327,-2.7646899130053253,6.977880390471128,16.459693341144114,20.436027239652372,16.175574004218014,5.60500565
15kg_10bpm,4CA,-1.98140944,-2.4049362559783236,-3.8030252646022635,-6.91016443700191,-11.179874686298325,-14.508301192800522,-14.826449761016313,-12.067992513340153,-7.671915104432316,-2.67180685651409,2.21064890323463,5.4373728940068355,5.714785754246715,4.283480052104977,4.363617850234214,8.027140629484306,13.885382664513125,18.42138249742057,19.037463712301737,15.716759274553192,10.750039977336922,7.143600299247673,6.858475456041974,9.879265374878242,14.280146424790189,17.567606216660234,18.30178347711954,16.661813683538465,13.979630397616914,12.086251849795758,12.669001841230674,16.13340165234324,20.656455261046464,23.243586386578205,22.078820814288147,17.246108818978925,10.151647976285222,3.338555769885779,-0.69813540092509,-1.4764222458297256,-0.8516511609318493,-1.453029108263472,-4.454559646388985,-8.644214975508186,-11.785338530621189,-12.542669205255386,-11.432253351631877,-10.43011854488493,-10.987435243109891,-12.039347628503688,-11.247145543264772,-8.220809970284384,-5.311641888845988,-4.943961936199771,-6.872084764295748,-8.693816219855524,-8.573192623456972,-6.6236869686893005,-4.372161814455902,-3.1028462603766167,-2.9913391037324013,-3.471244790424613,-3.653399705048238,-2.860495027294004,-1.3643381694663321,-0.18779998462516323,-0.07418321766356961,-0.8779568593285163,-1.5926208778761133,-1.26526172925588,-0.042253731609299065,1.1291983764173075,1.7660553120379896,2.447272018985393,3.847207083335671,5.556913725572925,5.8745847195344245,3.3360200125962196,-1.0535896272303387,-4.040421164720546,-3.5836551457308645,-0.832060165991404,1.55699002278323,1.723203665476031,0.19110237182645876,-1.136519854772755,-0.8035926210152232,1.798879479622577,6.322961640101933,10.471965192113764,11.318161602106452,9.24436345418956,7.793542471592014,8.291969373965031,8.271281887414426,6.028289292974415,3.2154453484735988,2.0245015958227373,2.1612967060145944,1.2842537276852544,-1.73169178
15kg_10bpm,5AB,-3.44913253,-10.024709496296008,-14.572346952691875,-14.076124566006069,-9.843132894980018,-5.026450967873518,-1.0012285532621377,2.9644379368702216,7.694653466759588,13.089724112615631,18.18942303370642,21.485560627604887,21.836214304255336,19.676009688106358,16.960466964050504,15.22944744410255,14.136572400731017,12.13128648915487,7.998354631426805,1.8261436462583207,-5.239433186407464,-12.199808227270934,-18.67481708879394,-24.877644334833057,-30.83685814152755,-35.609946635158636,-37.498683627445686,-35.20659125274533,-29.37094471695531,-22.547637835954223,-17.408899741328803,-15.250165852817396,-16.07247018408336,-18.78787739483893,-20.684375145637496,-18.58843854825472,-11.44844210168484,-1.4720676575903693,7.184233172172477,11.141774378610828,9.964305360023314,5.58380446730993,0.09302753272764477,-4.995542547352387,-8.004126461676726,-7.330383293882711,-3.1328087194609533,2.0386363062594057,4.944896565712903,3.9583231359835254,0.20498926000000006,-2.945568400574778,-2.6603761144415037,0.5780545704537066,3.6400392328838107,4.170060815176885,2.448461567125352,0.0884761111010526,-2.3157401957629022,-5.084411309431279,-7.66965609446218,-8.888946962113035,-8.728147460128918,-8.349151340726,-7.995909954569383,-6.220630769585679,-2.4033057436105905,1.0305641365017273,0.6853885651177603,-3.5171958004892407,-7.287011771129174,-6.228277648294268,-0.45870993382717695,6.343907799697377,10.805522771103922,11.483503961002649,8.723893056392916,4.42417924198986,1.0383792254287472,-0.35759318867039896,-0.4374685056691898,-0.22514247089430878,0.1639634120539231,1.2664137911258688,3.0068318354566173,4.146606222515496,2.9565691415012787,-0.9513234674729285,-5.084914728847845,-6.159498108640324,-3.883654545746925,-1.517264426451201,-2.5117965112243423,-6.400700210188159,-9.070982155495761,-7.293505955867063,-2.009836641992182,2.5321862870734977,2.3249041633550447,-3.123427255626367,-10.15402097
15kg_10bpm,5BC,-2.46948676,-8.480704555902003,-12.34002122518549,-12.038316660554695,-7.981938912764236,-2.505472359753921,2.0324027262436437,4.832293952587167,6.632060932166576,8.379590521989215,10.286168734971408,12.02089292278597,13.139412481460749,13.346204918179186,12.650555690146676,11.374011291108685,9.951355515098074,8.738647001072723,7.937207312250481,7.602368104727402,7.580327427024077,7.471693115920441,6.87997553422417,5.7469152980616265,4.512382756939964,3.8756017352813337,4.347043851870651,5.864769479775393,7.755224926158572,9.00902692703385,8.859752230555559,7.386355676152841,5.46260932273909,4.108188843002382,3.594533027209439,3.434006908254168,2.9920440639561123,1.8881438378041895,0.09166414082011032,-1.9898042746629405,-3.6192304370883477,-4.095744260399791,-3.1800448623304836,-1.3515613155968043,0.29747722960116224,0.5979008630222362,-1.0131066159730027,-4.082278197138948,-7.2510497136727015,-8.84946662777062,-7.771277390000001,-4.091590808777617,1.0555336437213014,6.130187721293009,9.92999481318403,11.866565288272948,11.75685639891205,9.861070735701489,7.03050994272912,4.519965019738066,3.3301713020237047,3.608529444642253,4.585087561582553,5.202739365604954,4.865636448207825,3.760110712102551,2.6375197543367124,2.3654484492008017,3.483817025623152,5.875979178626722,8.645807488559795,10.50909081297967,10.622396566892004,9.227698285437636,7.441474462236187,6.254412860135599,5.741071478275696,5.170322108258849,3.8650298903154128,1.9640263457896143,0.35159152859829523,-0.14414049370759904,0.4593142916937297,1.3443260286013967,1.717261994446245,1.390381477667453,0.6611198129866421,-0.11789153895880111,-0.7467833713030129,-1.1184950088124588,-1.2435632611466292,-1.232614195911827,-1.0671766053031257,-0.42241954755234157,1.059051745266384,3.3377163808703205,5.839229387789652,7.601455116596653,7.885336172631507,6.856882149855949,5.40742056
15kg_10bpm,5CA,-13.8739269,-21.575974237347925,-22.403772255738286,-18.33427602991896,-13.394244486577971,-10.07788850670086,-7.881687583373345,-5.084335309050919,-1.2318811321430694,2.351792938277616,3.716066794937615,2.0755352609489908,-1.1902557927967674,-3.5406443115503166,-3.214191116080053,0.08075806618209401,5.461680004861586,11.308747890763199,16.02145803810175,18.78614712920707,20.02882914097419,20.504971037179793,19.84574139058983,17.332488427579005,13.741244368968589,11.036190420000002,10.438051933637222,11.694411400135293,13.621554808367282,15.1635283275074,16.211945571296663,17.18460595086652,18.317276524367976,19.239055433661818,18.760214149873086,15.55915993968804,9.654248437151672,2.8526020593470074,-2.617701322550364,-5.480575204344897,-5.65235483406893,-4.2212187612087675,-2.9758916877339514,-3.392618528340059,-6.054348054373137,-10.571329735598702,-15.835882238670687,-20.334132600913332,-22.456209681457267,-21.138992483430318,-16.819663850000005,-11.49004883512095,-7.252872007649532,-5.146321648105889,-5.1514123483105845,-6.233918118865286,-6.93505510673051,-6.811738063723357,-6.507911447605157,-6.391388750593272,-5.484593082971242,-3.06176868594687,-0.33323234713735145,1.3912323623943497,2.012557056142917,1.8397708244699946,1.5059416744028613,1.4568306205224804,1.3876907045387965,1.2608760693241825,1.417641263277479,2.1911576251039713,2.970198242689994,2.826790725842847,2.502123215696644,3.0107510900000003,3.9679494772081623,4.35638536006906,3.982656349074902,3.4429548498374376,3.2655504042353605,3.7433897711786206,4.5432179030500235,4.866731234637324,4.506754357965877,3.8115294661347985,2.9443946457394747,1.9314070454222088,1.1713000234557605,1.7528299770177969,4.598798949480902,8.148810057284273,9.334362335015848,7.119472491745075,3.3678538359266867,0.7465311726852374,0.25974395218255814,0.7970067258137732,0.7655589345278931,0.06896583735624404,-0.06585651
15kg_10bpm,6AB,-2.29934634,-5.655423660599038,-7.345401840938592,-6.302825083812388,-3.5782333291581727,-1.1605252705616549,0.0640562559922313,0.8947531271313028,2.7333678388537894,6.640810022851505,12.472927080000002,18.481573112292487,22.089233232635962,21.634620504921855,17.911590010857207,13.410636380208576,9.770308582665686,7.045929253968528,4.822104936864594,2.721390968154195,0.23868939,-2.9914622909207664,-7.0102479448675545,-11.999256809466209,-18.173520989266887,-25.072610892716536,-30.93835646963074,-33.60462157727177,-32.46486505362979,-29.23568101694939,-25.818922140000005,-22.21103303608995,-17.4352531549508,-11.985637445663556,-8.027525927179255,-6.950182148676852,-7.8810967140299955,-8.643010843288957,-7.6985447092543415,-5.143563581228591,-2.08078657,0.40064410787330784,1.5976334378889596,1.3110061317576036,-0.1494739458741534,-2.1297697545926297,-3.730936956876499,-3.939233411602679,-2.4354429252225636,-0.2423886978578896,0.9816064200000002,0.4743766295559869,-1.1409211126796381,-2.6942063441832644,-3.1060619209317335,-1.5001625612784433,1.997162428593128,5.8905191958085545,8.349987088452156,8.66752874254777,7.62074736,6.736799928241714,6.853656142562376,6.701810465604833,4.093128183411002,-0.3607279422453029,-2.731204412539079,-0.5471092693841763,3.7894189660262407,6.2890212132655,6.300631830000002,6.155301657340341,7.160129392098836,8.258075404065895,7.621851264486843,3.905639067549826,-2.4161048356537305,-7.954326668351312,-8.489240478743886,-3.184236537782466,3.7068169200000005,6.363620714173709,2.7348191126127555,-3.881352241474627,-8.100741799780044,-7.0836255114717686,-2.4067317142198705,1.6866605132908195,1.8723386390554972,-1.3105680050549888,-4.096971120000001,-3.6290023073067332,-0.840738906416546,1.1851169723878736,0.7695011645161701,-1.238617284184846,-3.0284334468125556,-3.7277650471562382,-3.8082586712236552,-4.352918801849987,-5.88695385
15kg_10bpm,6BC,-7.80336715,-14.431039052076894,-17.449361850667668,-15.652687660074996,-9.940981887226476,-2.963549179591618,2.5075585898595785,5.211606870135801,5.731209442380418,5.564184511747795,5.958891275554941,7.188660553450872,8.656105460241891,9.636621142522158,9.75063964156394,8.91377944336861,7.305367082424308,5.504063522385066,4.411744309988959,4.667520756578038,6.1073825873162155,7.830186834878262,8.783018019280714,8.445471093501531,7.099718289802997,5.473161238510845,4.19027951685624,3.5630022162855823,3.74651364395425,4.835053117173303,6.449462865394689,7.5021783097339725,6.703840387398485,3.608115775310201,-0.8193855257919165,-4.733458593797207,-6.588809470245077,-6.0118635951031685,-3.827280973854635,-1.4923239950985767,-0.33656997744921535,-0.8455700897174074,-2.342052031972101,-3.3956145842223835,-2.8250174960387926,-0.7400506295636087,1.2869845031618228,1.3386738194984256,-1.1695664013445863,-4.719706001911456,-6.682252710595341,-5.229666024905089,-0.5092582126200313,5.576822804045405,10.464268211384434,12.321535387197532,11.011031082779501,7.801309185622381,4.388533765197798,2.1103150904750225,1.7540350715973827,3.409170182105274,6.398553485995733,9.580551902841297,11.749003558246713,12.241232247979651,11.467686753422742,10.49948806242936,9.98282092600264,9.678441509926481,9.109367937558842,8.338705200625553,7.921891079630261,8.283419013687489,9.227068451660504,9.998117495220269,9.958581126091186,9.117215702126934,7.904403682715046,6.6680133911432105,5.507703571723874,4.325340353564028,3.0616233228817515,2.015602231494754,1.8227587405410444,2.885605928657746,4.6096931423255585,5.543225025165052,4.602344376626779,2.051969916768546,-0.7447987567916374,-2.275040892582991,-1.9403188783629233,-0.39419716987673237,1.2647739187234874,2.7022098979568576,4.429374133598443,6.624821236801547,8.427335983144344,8.539564851521728,6.20400035
15kg_10bpm,6CA,-5.05269997,-4.499678011977329,-3.1455670962827416,-2.5624635944556515,-3.904063936496138,-7.103368548662656,-10.757152402010792,-12.72532633336475,-11.685706380461678,-7.960374230897669,-2.811747851398508,2.4031140067386105,6.3141255553466955,7.9147400098386465,7.4445551888498125,6.464971293565301,7.110831698912248,10.481358976295851,15.104904138464754,17.971341504900764,17.375274579405577,14.313294861491647,11.270356587901258,10.025274490659232,11.22870609051958,14.37027785807349,17.92576706178997,19.817573481623594,18.894518666065718,16.07073705634039,13.478058606467203,12.588457977686016,13.453554091756569,15.140988053088837,16.065640789385064,14.72298478570743,11.081941341292286,6.852473674071134,3.746083808302189,1.9752751178406807,0.7294851685539616,-0.5341047555366818,-1.7743956698449517,-3.078436397014319,-4.832270002533758,-7.1078699564745325,-9.424567421470348,-11.407287351501623,-13.275447863792374,-15.641625984289742,-18.344214008754758,-20.219096326142612,-20.610441762552913,-20.15062751641256,-18.923063510690703,-16.017056429939675,-10.999378175053703,-4.627524219892837,1.2182135906271934,4.664274111937844,5.277019463294042,4.116677295651194,2.502746342438741,1.1256550208147778,0.10301307219676495,0.168820369477217,2.29478781074386,5.901555764230555,8.79754027072302,8.942312967102316,6.747822428378636,4.602785978717307,4.3441795465185296,6.075860994917251,8.175382488477753,8.450613123460602,6.125755619020764,2.571111670326877,-0.09308610803737055,-0.5459940851216434,1.414782732329174,4.740834970412489,7.693091470377001,8.874190876735366,7.525837390091653,4.021478760582061,-0.15306056918975702,-3.0903463946663314,-3.0515963307528047,0.3029898159452959,5.215954350204521,8.696043056435606,9.017981039802983,6.89097095426155,4.197079794869302,3.0270097266425364,4.37710087968809,6.902512234100365,7.931711314740047,6.07404636233914,2.44127239
15kg_10bpm,7AB,-2.17882627,-6.157480471368149,-10.514777585035086,-11.488260129034058,-8.104556641654227,-3.224844214428377,-0.16041238661391544,1.2822769156932585,4.114694702516696,10.159789219725807,17.685590559810414,22.72247942000309,22.87876010178103,19.040452260820654,14.22381863497122,11.0523483949099,9.555273885221299,7.862228259922191,4.902940268256901,1.5186983545668404,-1.1285821810846768,-3.4576053424997784,-7.077960977647694,-12.995809153405766,-20.690466739996328,-28.42084295986939,-34.186767526057494,-36.49070626441872,-35.432041852335956,-32.27113696389671,-28.006310673948697,-22.792647899657414,-16.564855431318275,-9.957059198892178,-4.733658072145239,-2.785165260102717,-4.141268450958665,-6.215949295642271,-5.832781954115745,-2.104799296423699,2.8025485519495943,5.902498589772339,6.116135465310283,4.436387651318778,2.0252544418400276,-0.5387523827304188,-2.4800631018456896,-2.575271290959555,-0.44922469200074167,2.5346742291126225,4.077395620635136,2.922546910155561,-0.1277261221721355,-3.378028894455835,-5.541432854564394,-6.246688437760089,-5.906498182891311,-5.162818701340552,-4.401536542261693,-3.913951831144996,-3.635795976663316,-3.068634630166319,-1.8887342543160726,-0.3876853016008728,0.9557777829127314,1.720641016909586,1.709035719507536,1.6786057945202404,2.8998941862936847,5.230805241326957,6.8432185549968265,6.001722740676743,3.088953171811807,0.8690721416569324,1.8763913325795654,5.431689520342154,7.971779241240144,6.346062128282367,0.8560931966502501,-4.570258075272812,-5.938601173279361,-3.302766798318558,-0.4062221058916081,-0.5196268797411884,-3.383925629467908,-6.0906790868185166,-6.210302981501197,-4.515446496229465,-4.2500828153746495,-6.393530465830311,-7.368333848988098,-3.468538738424324,3.5015373108229944,7.253795823531319,4.090614937874989,-2.7158801918264257,-6.7067508068469595,-5.204160080635152,-1.478360167723684,-0.5493881524829893,-3.44242244
15kg_10bpm,7BC,4.28960286,0.5345800358021568,-1.8142739818857536,-2.072651914297421,-1.6660436565301406,-2.3246932101434488,-3.8329565283318923,-4.182661269268266,-1.8006142054163505,2.978496524379756,8.427042446640833,12.964396798306263,16.10308144047952,17.935307346628655,18.27249574087566,16.741972172879287,13.52964708636513,9.67295735393692,6.373887533301581,4.192204617335276,2.9415172686181426,2.122529119609913,1.589862267593203,1.608611569132282,2.4225429227890527,3.881820621089284,5.486559782238459,6.6566541667380745,7.102630321881536,6.8230002750315375,6.0757188706563126,5.226810941012194,4.5045449726715905,3.886693694317118,3.163438342231421,2.042446448519819,0.298044434615402,-1.9339797291846466,-4.073281151490309,-5.1557763558306124,-4.301122817403732,-1.4552497962837627,2.1731949739652032,4.745305656251715,5.058795923688094,3.3572458630423387,0.9827254353348384,-0.6805142176420587,-1.1437218982630242,-1.017722643621372,-1.3303177624790814,-2.3991719977936534,-3.3038800322513553,-2.6925406390525843,-0.23249184197523354,3.0205913359537426,5.627520936449365,6.921959526566584,7.357407792849245,7.8195668412996495,8.697722270369113,9.662658854668729,10.274777731886362,10.593921594762483,10.975299216172711,11.424632753962305,11.491296585371355,10.874103700010075,9.802232048808897,8.821846402389355,8.422279743328104,8.727023152920847,9.451056786534847,10.039233326256126,9.950812425414007,9.007751760070821,7.577488395731941,6.394058370796696,5.924794492979172,5.9500950782376325,5.99828910423776,5.991760786410112,6.132370657309368,6.342114298800318,6.181616066156378,5.357194962141752,4.122045498217593,3.076928815643643,2.5092868298853643,1.8902795465976348,0.35732257903507786,-2.11958408846362,-4.160209617364717,-3.8974407838477547,-0.5182938760472484,5.1609447271551625,11.122664059505585,14.83660067157579,14.145040488302826,8.528147596793467,-0.028017
15kg_10bpm,7CA,-2.26909978,-3.546016412812483,-5.6577162596675405,-7.911448567811139,-10.276720178754093,-12.542023010000001,-12.715984285988185,-9.159694078201246,-3.755278053475439,-0.6074174206579531,-1.02883868,-2.01596855196021,-0.1593808934718237,4.9608948927326075,11.052730194544207,15.5075064,16.0949173964009,12.480016080852591,7.5894895795675135,5.415001867361571,7.568224060000001,13.061834855922719,19.97295661769969,25.04552701061744,25.180782000931426,20.756304429999986,15.448298639151536,13.088406386403463,14.518927595185726,17.078079997928835,17.454879940000005,15.607592341360771,14.28096919278976,14.8121307944508,15.724080583874171,15.17591377,12.53721270442218,7.384973760772872,-0.5365423281853688,-8.94217406127908,-13.65247981,-13.382615936648897,-11.087315429856563,-9.813803650454968,-9.935467496432258,-11.040824640000011,-12.422338007853787,-12.22892205841423,-9.171966248950127,-4.610378955816862,-0.961158809999983,0.4339093125391185,-0.4110855827284262,-2.0084569042119997,-2.6792436996162543,-0.6896803199999777,3.8666111927086257,8.509709903246746,10.333366431340371,9.11678967885646,6.92903764,5.437240788138574,5.025672998115406,4.698657857589247,2.749126315609011,-0.91458934,-3.291958560168959,-0.5473655081266217,7.165777058365794,14.35898259399183,15.471401290000003,11.439211526480875,7.530724753998009,5.8355371424009235,4.159248766327344,1.7329588200000003,0.9742254557636894,3.43109231195073,6.36873805836594,5.963268304603135,3.0498639700000005,1.1358575743212347,0.9337086780333316,1.7396612071630129,3.6590853246337804,5.684042550000014,4.683371231124527,0.2753798208202941,-2.593025807720844,-0.28063424241140356,3.679925920000038,4.952722472045696,4.9165463623673915,5.493398164316052,6.18776211079558,7.352659950000024,9.453100084054247,11.023554388089678,10.002759379572629,6.526515227021326,2.43127492
15kg_10bpm,8AB,-4.79665945,-3.5619066238090875,-1.592916281397802,1.265613375365657,4.522982877101192,7.053166597966001,7.994187339014664,7.605114687281224,7.454929065869081,9.47985699899251,13.975301124799572,18.722555789315223,20.721999992893227,18.780792173941627,14.188067823503237,9.490699361732645,6.848811012761863,6.751608099070568,7.463953747248298,6.252195555870478,1.9872911664277662,-4.0912881329633315,-10.454463740939172,-16.913357143273462,-23.660533089429613,-29.61132044,-32.69372189208236,-31.52370594725855,-26.51033645874247,-19.80101993958723,-14.216230081415318,-11.610757185508257,-11.942978363333392,-13.768063083498337,-15.240789520041917,-14.85694516256974,-11.898167894946605,-6.992958711294282,-1.7974647439284699,2.406064337350034,5.429810062476562,7.627047358323294,8.996512123674057,9.011924830171935,7.115850137365902,3.5227015164698194,-0.8303945430839234,-4.72625892251515,-6.941174175534721,-6.833235042779107,-4.960732570000001,-2.50956611350722,-0.24215926349265127,1.7564324017338728,3.463777695393657,4.675661482192595,5.2854927693634615,5.310951934573194,4.805030846936521,4.100317468541757,3.6756858711120866,3.31799363957264,2.1265680851845534,-0.34938251079708754,-3.313186534908195,-5.472166439516341,-6.151485007381831,-5.485936364855434,-4.135091141585141,-3.0398752082444176,-2.8232898574742866,-3.2412273129416076,-3.72122770479606,-3.93840594237471,-3.857946278196243,-3.5591412600000005,-3.042652159573917,-2.4691530308894785,-2.6793885340252346,-4.406903795448096,-6.6099572284785255,-7.099420243144633,-5.211670822445171,-2.489593562432621,-0.6127436082020555,0.25740139680012264,1.2428475703021071,3.148398304857694,5.279887946843855,6.478794403353571,6.623021954839805,6.178741437224104,5.179691947630068,3.635905875307321,2.066668835870723,1.4722496263741693,2.776401896172544,5.386075021770283,6.900378144193912,5.47143798292357,1.88048773
15kg_10bpm,8BC,6.20562717,1.0384534974713984,-2.9418359609536138,-5.103072230047007,-5.775188555621403,-5.480537819336989,-4.213427260241448,-1.6273751259954303,2.11327268936241,6.050516495235531,9.041091071465239,10.480588781866132,10.603429947608783,10.19334725537145,9.998304281401632,10.3241955923752,10.968184247362483,11.41004893176445,11.26470207158449,10.555871498893937,9.555491590041427,8.53920232833815,7.598852911271197,6.662426406319101,5.607409997914715,4.32767822,2.8090305781273184,1.2180020175129767,-0.17167151566365432,-0.9345944107333838,-0.6153081040911207,0.908179358989753,3.216229342422395,5.507828724704224,6.919764955065072,6.8754734242813305,5.284334231392632,2.4819954812198963,-0.8254573488854233,-3.6224610803870334,-4.843122191851015,-4.115438432310956,-2.0666974167478966,0.032403238244156335,1.092140265252702,1.0036837130376755,0.5456698733783071,0.390243554514505,0.3802615665568287,-0.19404559445986913,-1.76362308,-3.963544883403299,-5.692771369645272,-5.638625826428639,-3.2733678926291923,0.47494462189208086,3.746825000109137,5.084751729895758,4.440898353873839,2.830496664830514,1.2865843051437345,0.36556607066114255,0.24005169515817942,0.8987971136012771,2.438382096768896,5.069560323107472,8.537723070959508,11.6978674060501,13.179457763754723,12.646457038389912,11.132869803987797,9.983561941000154,9.588455107268357,9.32812722625605,8.468636416865712,6.979555690000015,5.555762666247698,4.940843773517474,5.231801500099989,5.8252473374826845,6.244256359431344,6.63631264716911,7.129447260396793,7.285587034794864,6.4981925618634815,4.6012156983505434,2.0805208676524813,-0.25278436078379596,-1.8068633621320287,-2.498467513764079,-2.555335181111224,-1.9981154211527816,-0.5560516470166007,1.6292095892096532,3.4920728481999905,3.8200351420781367,2.5812983214025707,1.2497454221279818,1.6010259416619514,4.1650670786008455,7.69705475
15kg_10bpm,8CA,-1.71071298,-4.580406870068512,-6.603093470234368,-9.16540001358063,-13.120086492874082,-16.618967503607077,-16.551240592369417,-11.97259750273887,-5.269890975653746,0.14047884786459514,2.2573309067869953,1.2515009945063835,-1.1628587275598723,-2.602875034582816,-0.975977418659425,4.354621623062947,11.772518683727462,18.10871713098062,20.916856402223136,20.131245466413947,17.734998798923176,15.79409454509068,15.169227681594009,15.50718206386974,16.082581887263903,16.383158390000002,16.40789135363442,17.126697392212535,19.520807831506367,23.150012429024994,26.62337778415715,28.677582274259645,28.429728010421346,25.486205353616775,20.596631115832764,15.993453668160964,13.601513735521863,12.993972646905554,12.131073183069637,9.695074665468372,6.101084691885636,2.2240601585508677,-2.021418237587263,-7.199271884655156,-13.209789942005138,-19.04528283726641,-23.31310760028271,-24.98498293598958,-23.856470473099776,-20.89564925988118,-17.775337360000005,-15.563760623737108,-13.452605492926285,-9.61545830233098,-4.179390276394661,0.683299681751173,3.0437184032467477,2.2338033974992006,-0.7577963673760744,-3.2750474951106496,-2.9661789798536815,-0.4910529262269836,1.8258437977843902,2.718702463914921,2.925350095972527,4.600348080663113,8.081695397087925,11.09582851250216,11.638367013913014,10.466420693694886,9.761105531705573,9.805036626526395,8.49246183519083,4.700339975552552,1.0454949786474852,1.58812356,6.4689115051700465,11.058056835338178,11.350991602715842,8.58715283534048,6.930327085367498,7.61208290225634,7.60324943960741,4.869250881220868,1.6980983611439346,0.9887463625891196,1.7625871411939573,1.1205191738635139,-0.9346547062267627,-1.6569243405343808,0.6481633110536794,4.538171172482925,6.905828354997894,6.975448890885817,7.057344423334952,7.787528484591138,7.9118727294465705,7.015013247026472,5.376463319933838,3.9302009720034525,3.47649617
15kg_10bpm,9BC,-5.13420601,-5.892373040958057,-3.5247587020856432,0.04762216004979128,2.2596409957995633,1.8752452185168786,-0.07470258967748905,-1.1859329428232859,0.3734171668003175,4.670421162819702,10.305086599024076,15.502421401592688,18.915825785647705,20.02391906049624,19.0552255222801,16.554854727681835,12.995047072928394,8.726779571244482,4.273691735905279,0.505786058671585,-1.6724729885145477,-1.7913854336761488,-0.1437369971550326,2.3143742452147094,4.481195989650689,5.59082316,5.535503081149631,4.796923844495261,3.9697648834049426,3.4511641537855966,3.3386376942982876,3.581644330511607,3.962651536721735,4.128611438047073,3.8262726231990167,3.026209088032442,1.8025091159894486,0.23410428923561316,-1.5143819098948081,-3.240119582514001,-4.843218693105565,-6.132049088853559,-6.573696770369293,-5.574130079705703,-3.2298747691624268,-0.6334118165389363,0.8000879905824485,0.40367291994555027,-1.3825801964639537,-3.6022580509187105,-5.42319924,-6.448707836029505,-6.71025165056318,-6.409355112248756,-5.66649299890814,-4.512363848422707,-3.106168048021041,-1.7842073829970713,-0.8427191165522135,-0.19727198385381284,0.5792706928432576,1.7167134203223833,2.9464364047509832,3.695673641141831,3.5597205493103994,2.759933190326479,2.0710755317556204,2.128830310459276,2.8617713177301325,3.617878066590707,3.809638128937209,3.4181650158012644,2.8166580218818846,2.3052546956237676,1.957748309430205,1.7602323600000016,1.7017839149959535,1.7880899599576325,1.93217270222363,1.609120585687473,-0.03188878928194657,-3.246444894264952,-7.031792834250295,-9.590665705370073,-9.576358375566455,-7.156355447527836,-3.884512204364872,-1.5102872490063926,-0.6121564484625989,-0.22131773880594607,0.8755488370503729,2.4707776909333674,3.1611302944585677,2.137109032650098,0.30304082965971774,-0.5378050966808087,0.5673925689144089,2.878134907263399,4.835215405110632,5.453197725300138,4.75859554
15kg_10bpm,9CA,2.25081866,1.60551715,0.5516365399999998,-2.3088768,-6.909872260000001,-11.550122860000002,-14.406497700000003,-14.88624098,-13.233516710000002,-9.689559510000002,-4.70591109,0.16249214999999995,2.6310763,1.9154287700000001,0.15351384,0.66688049,4.505265170000001,9.217603240000003,11.593732270000002,11.297560550000002,10.897291200000002,12.39600527,15.032046800000002,16.541841730000005,15.943367770000002,14.854658039999999,15.532531270000002,17.973535100000003,20.401053799999996,21.453111780000004,21.35063215,20.96327609,20.16752614,18.12882745,14.95661747,12.092705850000002,10.698798210000003,10.333837550000002,9.54599916,7.4983327,4.5706098,1.2704390400000003,-2.6288421000000004,-7.077086360000001,-11.227869169999998,-14.321031530000003,-16.278184850000002,-17.355461810000005,-17.390904070000005,-16.056477760000003,-13.69208805,-11.478228570000002,-9.874162910000003,-8.11696455,-5.822535440000001,-3.98561675,-2.7739706700000006,-1.22179778,1.0452237900000003,2.5618928900000006,2.06446113,0.9754845300000001,1.6591469499999998,3.953433790000001,4.9976436500000005,3.5049316000000004,1.7240614600000002,2.954570340000001,7.39855996,10.599271760000002,8.519844110000001,3.259606750000001,0.7595632000000001,3.41551344,7.47396949,8.694154650000002,8.14701809,8.928912569999998,10.355280890000001,9.653352390000002,6.166097770000001,1.9992138600000002,0.20669445000000003,1.77911642,4.37539365,4.88069887,2.7317085500000005,0.05469952000000003,-0.4796182700000001,1.4941060300000002,3.59002511,3.2979437700000003,1.32814943,0.7956723300000001,2.2056692100000004,4.10402717,5.80922225,6.67072199,6.586084810000001,6.28099339,6.10731691
15kg_16bpm,10AB,-17.26163863,-23.038172084950208,-23.87233331957391,-19.07710143694174,-10.853596457204102,-2.5714926539393232,3.8595296553982017,8.777989194038847,13.47494555511816,18.472826675453657,22.924599834174245,25.398893448662204,25.052518542953102,22.162760830294,17.887581721107846,13.755690093414119,10.97540521288272,9.691859623652793,8.83157926698281,6.831079169139167,2.6700442259871116,-3.705168364195859,-11.426099599002828,-19.143800912289798,-25.737457062781342,-30.812052600000005,-34.56633089080494,-37.1862191528363,-38.41958330146758,-37.51758385270603,-33.846771302667705,-27.56233613013811,-19.834923523894044,-12.385158711957839,-6.650592141637246,-3.1937677668991844,-1.648491625787825,-1.0058654698905567,-0.0923782818387299,1.794686234592255,4.4005077141194295,6.715531705156161,7.796527147493674,7.498479568679943,6.62868132505509,6.195530674478422,6.59730730893242,7.594928932559503,8.740740471633414,9.643472671342654,10.04172683,9.723308703570762,8.504343496307838,6.316176017829903,3.390126008067525,0.5252638561822967,-1.2866656285997204,-1.7276768132830487,-1.4932987641613882,-1.5955315583205993,-2.363058278600554,-3.084347282964971,-2.5757626418957673,-0.21909183220136988,3.3884272350850613,6.633469592283459,7.750750484311157,5.6931467076513265,0.6731827599363628,-5.528501527279337,-10.024547126949424,-10.40250526867979,-6.465276126384295,-0.5081063958053509,4.367926058921314,6.471212680000001,6.314174079089955,5.380033582527033,4.429964282692244,3.2561954128396997,1.5716538416977162,-0.34014502777069644,-1.7182133101895156,-1.9218726971243754,-0.8232412564298159,1.3877230716040074,4.5294105010916725,8.461526132345172,12.68819590185414,16.13157974971164,17.74613087885542,17.185550922687234,14.958227972502828,12.28240858172855,10.580192879213769,10.611442429119492,12.085949750891618,14.159452700513029,15.992625930274903,17.065120871795617,17.17359376
15kg_16bpm,10BC,-6.6589347,-10.566809005881296,-13.042734854583793,-14.069502668196252,-13.951723576188508,-13.08838494375809,-11.68994707747284,-9.650360797924694,-6.6877477637484,-2.619129696425983,2.4520170572451576,8.120719540131688,13.756702165865,18.62660802833762,22.091791509393996,23.80039964022051,23.771017243349117,22.37766491547612,20.2231845711761,17.894600201128057,15.791436043118605,14.100704612835736,12.868346768436378,12.065366343854619,11.60633671624081,11.329173639113362,11.009664904930872,10.459426859203168,9.65346209061624,8.787316960814582,8.205711798215864,8.199772547532152,8.787176325684369,9.640266210898039,10.1835669933174,9.901765618034753,8.51081847813639,6.044811592351735,2.8366940977998305,-0.5712377387203295,-3.6026372938114988,-5.843177406573975,-7.115061851015839,-7.430121551242951,-6.900217386629412,-5.6878761291701645,-4.034781569832781,-2.344535815176483,-1.1008039212216976,-0.6657864505427165,-1.1592128779453674,-2.2740949574352625,-3.3327228811105485,-3.5293497640723754,-2.2974803241132276,0.31394126645625686,3.4830959061093814,5.908308796069604,6.477490784450569,4.873724622818824,1.7261454357573884,-1.7057615914287432,-4.106673534478868,-4.652573592052397,-3.254706918729859,-0.46887924825497096,2.7733492870650847,5.576857007335987,7.386351562572035,8.15541687840049,8.179680985134956,7.822692828951104,7.302468134006042,6.6396736797604845,5.7446841863701135,4.525936640082923,2.970918362009475,1.2309045589424668,-0.3452299535257596,-1.299876352699636,-1.2547578207942112,-0.1187804279977962,1.8370898138226357,4.154594269675057,6.474275415805751,8.642203019015511,10.524438210646661,11.73478033225091,11.615477234576131,9.628096159152033,5.88326284837285,1.3203952523464655,-2.639833884056194,-4.7459518452101275,-4.4427285585803125,-1.94995277910267,1.9816611181004784,6.33747775825133,10.078699506232761,12.332411263998607,12.52714786
15kg_16bpm,10CA,7.90293083,8.913485561606553,9.979187616223413,8.634050036674243,3.8429344161973984,-3.350543225911393,-10.726434509012737,-16.281835549806946,-19.05139866582052,-19.1494115889207,-17.376335141653954,-14.738429695862163,-11.993690247429265,-9.652840085461373,-8.187038262022854,-7.827602708864723,-8.25713555241789,-8.477984789354393,-6.906029139361858,-2.4133990586986256,4.694717932885993,12.639628781595158,18.98508498345569,21.70978045737659,19.974440790376185,14.383801900474179,6.653109674060668,-0.48837447973348036,-4.588609821100225,-4.406190404182564,-0.2631189768686079,6.283960310464011,13.270242294606572,19.095578167995473,22.76434050408043,23.95823602580667,22.994681351410925,20.56075872565231,17.286408308880862,13.480349924699482,9.175858323827564,4.565625323776385,0.3134546078513739,-2.846937138644745,-4.782490050369298,-6.0973799667251,-7.64955919830843,-9.811615795672184,-12.211312950533804,-14.141456531918244,-15.40302467,-16.80705066611145,-19.30595356480313,-22.778178713232595,-26.386722104432355,-29.199614219792487,-30.15171301429064,-28.72463552678218,-25.469131807701668,-21.46172407155627,-17.550920462833574,-13.874107804338676,-10.092507908510592,-6.198483396612202,-3.0247502156333486,-1.7820216772545088,-2.8400815180912,-5.051131828042925,-6.386753873760446,-5.363772270857197,-2.31361866916462,0.8681344445884105,2.668060352877843,3.435232716333129,4.777890156414848,7.646140404866096,11.140506101870683,13.251129320781835,12.54448349913482,9.43102301094295,6.117064007924266,4.851673419853136,6.241401231166615,9.057934400778363,11.00800969076161,10.236379969101296,6.848352580078968,3.013388064342071,1.2758957748324466,2.9739040367619225,7.74086762642007,13.438985193771364,16.907191363244152,16.039194136706055,11.803055147628092,7.344465390779124,4.6217243126498175,3.020022545174981,1.1785527861076555,-1.2438723030667755,-3.48648775
15kg_16bpm,1AB,-23.72943602,-37.02705493206488,-42.419992179796445,-37.8410815599847,-26.09827446793645,-12.403818410327853,-0.7563472422339654,7.52477538156478,12.873706397340023,16.221229041693835,18.29976368,19.552479620174324,20.16503050999495,20.07546989222556,19.240087576619867,18.008178078669076,17.33340938386363,18.09462898861866,19.684202969708828,19.79814551555569,16.75668433,11.430681298423218,6.121006302110919,2.0237126411467026,-1.59576539181056,-6.00019150906374,-11.364084741556713,-16.857075097542825,-21.793749861190875,-26.19259796040649,-30.310918160000003,-33.77424291692441,-35.4499532934729,-34.46727263717717,-31.220454667897783,-27.02927532572643,-22.94239635973947,-19.087623451407683,-15.032787930847602,-10.58093341827282,-6.069938160000001,-1.940749749799388,1.7191960236537547,5.0692516103224055,8.08222646340749,10.466719616351194,11.827620576548332,11.92965044892893,10.975071424611171,9.549647196306449,8.3625515,8.13207461261375,9.450701603869579,12.2016210019074,15.029068868062295,15.822015457308726,13.23830993865146,8.025031022215945,2.6358625524262216,-0.46839014562918513,-0.5247474300000001,1.1300913816245874,2.3600442298880617,2.2157355169885227,1.5638990814021558,1.8454299445478313,3.3642694716954775,4.974445112372814,5.514056143796653,5.103155015529826,4.6906894800000005,4.9161989887824955,5.7987031738876995,6.861835696231242,7.143499417350188,5.601822475428829,2.033783877814787,-2.4798726814840193,-6.032990229397082,-6.81553222057223,-4.25126863,0.3846093045036449,4.649767019125683,6.740156918363492,6.689495674496444,5.810948810290441,5.239140137613678,5.15800990993006,5.289856948737091,5.692833770921047,6.548450610000001,7.519408907221781,8.042663638916794,8.23469575549491,9.1019851202517,11.534947750203413,15.012454427265956,17.610630881449726,17.522798917058317,14.731055070634367,10.87050455
15kg_16bpm,1BC,-0.40550476,-6.667257054938912,-11.65384405728779,-14.785047215004703,-15.801735387131103,-14.774721888470559,-11.994321319544037,-7.866392562820785,-2.840182579465881,2.6511025476713144,8.187343286317752,13.336727714014717,17.717077292549494,21.064448893272836,23.192298402234794,23.909685958757255,23.04694603154534,20.65245219351845,17.180495520674175,13.422485997348785,10.232001579618906,8.180975763694537,7.3302295733044645,7.215516509176363,7.163369727178813,6.686953170320885,5.736109232120805,4.6209370150271605,3.730196085710421,3.2511315272915,3.0328909573699803,2.6932785615839885,1.9146120639773552,0.5448168220888921,-1.229345483267583,-3.0535549152142636,-4.565797386719988,-5.537043748954106,-5.929722759464593,-5.83133769146812,-5.357617438747621,-4.579310977620056,-3.512993650252658,-2.2061179219160207,-0.8408069949739432,0.24969461420842337,0.7404035621600357,0.5552311756707692,-0.006803038720167846,-0.45563688029065563,-0.46329839283200525,-0.1291748171299935,0.027297656466564756,-0.6340275801016863,-2.4368241661126944,-5.066121439108753,-7.609738289181371,-9.002304381207017,-8.591268780162453,-6.444502210638076,-3.3259808097984074,-0.30361650509360283,1.7148868748421586,2.2912891590330298,1.5056487146152293,-0.1572046777780633,-1.9865393297305463,-3.272126573688395,-3.5751157006023067,-2.8934552076086746,-1.6168176999959563,-0.30912422055179056,0.573300735697418,0.8482179909380684,0.6495240084602512,0.34444319237645876,0.31335713016683653,0.7397021016467817,1.571173059489482,2.6625924252366557,3.935152522831978,5.410100852443348,7.095056217041801,8.833333813546549,10.26709713001835,10.966761778888982,10.652598271827513,9.398801847168178,7.654323708064363,5.9845819356947505,4.757507146429183,4.040402252405817,3.6601355908784603,3.3605207653652385,2.984514946964125,2.5356648736874003,2.147571685717161,2.047064098242911,2.4429354987492027,3.3582590114957456,4.51069109
15kg_16bpm,1CA,3.40377872,-3.4653137085276304,-10.02956388861583,-14.765493236862573,-16.753185835500165,-16.030357052852686,-13.66526445331096,-11.275960473184398,-10.085744544295457,-10.193142353230318,-10.681423886162358,-10.378739211946503,-8.668568686913842,-5.762514751428198,-2.2775810672776453,1.3439193557069353,4.732260679631204,7.326571947622614,8.64005561689841,8.73836784901731,8.402622433808546,8.64994145449249,9.88183425223587,11.382505510998035,11.549889864787334,9.992301542589635,7.287586081756322,5.252889471449234,5.775983168364593,9.461792919141669,15.00079361369254,19.788527849627265,21.571383399823763,19.82520988633609,16.001128059726028,12.511085501568845,11.285798236329885,12.729389493560408,15.543208098027764,17.560585194166947,17.037092820896945,13.543064456686642,7.926048557602439,1.5396166684967945,-4.484937771598336,-9.445375063659707,-12.993094053108385,-15.175205434426635,-16.532060284607663,-17.787377026392548,-19.32963370852406,-21.14446477358711,-23.051425722704487,-24.944671560710862,-26.820321221790657,-28.486637471439945,-29.37183927333549,-28.700756425425535,-25.974688207579206,-21.40271248235619,-16.024950491019236,-11.333961623825275,-8.387542903324768,-7.125321281345301,-6.626757445333314,-6.030645183914065,-5.1898178831329655,-4.490656899558561,-4.159617912489073,-3.924322567741389,-3.3843208303755055,-2.517289008630646,-1.742301922159508,-1.5427222308507746,-1.9751805642327542,-2.455732675902759,-2.0461171429452247,-0.11091882698662722,3.1305731028669808,6.6201437817204045,9.056302126930523,9.757261504155686,9.30792450643632,9.379001735734551,11.64950676161038,16.541856798560392,22.62193881744163,27.22528685997111,27.937259586389327,24.046411242634488,17.325016383082684,11.156288479309307,7.989388509345833,7.730481422722923,8.548464027342108,8.666667036843466,7.32773188437068,4.617572147917524,1.0029705739360173,-2.888104674157554,-6.150245
15kg_16bpm,2AB,-17.82887351,-19.924342047037666,-19.344849640996653,-15.956683897225211,-10.3354237928989,-3.7252035448639695,2.695092681310009,8.344664580958156,12.961920086400676,16.40672433611877,18.729522411474807,20.274445683277772,21.520052328779784,22.56620308895825,22.834173962038896,21.35697516234448,17.515086360092816,11.759892643627314,5.653237964028165,0.9796096338495816,-1.5300519638821897,-2.794948276730618,-4.7399129472740125,-9.08699995941857,-16.327890120205726,-25.181904110000005,-33.297782015556756,-38.67350037013085,-40.500460964855634,-39.165812124879146,-35.76295006969753,-31.597078833932645,-27.76826272997765,-24.941119139907038,-23.370554605224633,-22.908656329135205,-22.88995837722519,-22.06257327495914,-19.033694733960196,-13.179810812865542,-5.274583415611322,2.6725572616894735,8.477250704200788,11.06022546983377,10.900386541437712,9.370184388308505,7.723259311948641,6.579274391581303,5.882537277210669,5.20843885589146,4.07416392,2.1820429197880156,-0.21469080313215244,-2.3811890081301375,-3.7365756065705384,-4.399889612876691,-5.104603094438168,-6.417272907054482,-8.043526911593103,-9.090383068283444,-9.06426695643427,-8.417981806449761,-8.045320845063436,-8.08846414230394,-7.589723102590817,-5.453650345871427,-1.810960976565312,1.5079505419006387,2.1122568883357253,-0.8339969903140928,-5.493221356722148,-8.642651441299158,-8.254317137217143,-4.851062085225978,-0.5352058598238888,2.9719875400000006,5.3810858025669255,7.3470105775360235,9.178684644345642,10.02461371459937,8.550736638790205,4.506032284240028,-0.6280914900900307,-4.482643595405396,-5.3167951097442865,-2.9153978633701563,1.5567631247772244,6.384486491731243,10.338729717910397,13.214790688354666,15.489714813047517,17.540273423243434,19.31208602193678,20.362775584533576,19.992303087553438,17.729294554786634,13.996984323094003,10.236072483440676,8.054012597359542,8.018788400030488,9.13563076
15kg_16bpm,2BC,-0.59241178,-7.158359082011704,-12.324773577682466,-14.481569415243936,-12.957964057251111,-8.306903159142351,-2.0223207203597044,4.216075022829237,9.272996215019424,12.80846034099142,15.044845235204448,16.401288127292286,17.228437743497473,17.738840671169637,18.10494979320708,18.50651962811809,19.0279293503684,19.518458244584437,19.555206049788683,18.593681634053212,16.273240273794936,12.698251165450314,8.514116167598976,4.688778542769105,2.149148889783592,1.4280296483070343,2.461840467092436,4.620807934797632,6.977728548995562,8.687227626663773,9.239334651288255,8.533467699290012,6.848704696312813,4.70270303246376,2.5458241831092665,0.706173336654848,-0.6315007858160544,-1.414489819240206,-1.7284123354046674,-1.7759214195765645,-1.7874170169792623,-1.9074936340783721,-2.1222317478435344,-2.283891387358532,-2.1965415592245856,-1.7100573770530276,-0.8408957244205479,0.13640121396805296,0.7341587168685304,0.5086573161596923,-0.609733033237825,-2.2058171744162394,-3.584248648975605,-4.149727683441616,-3.711273979230821,-2.5856475439630096,-1.4387714918276422,-0.934141901502851,-1.3452450449127835,-2.3462092758241786,-3.190874007704898,-3.1481635515999153,-1.985359765437501,-0.13007645834377457,1.5301390489092537,2.0551384377782864,0.8653429641475396,-1.9631494754002647,-5.676944802182954,-9.208191105207902,-11.640363448177697,-12.548037940044686,-12.010677114382702,-10.389235066974663,-8.094972375499196,-5.510607003202599,-3.006205640713895,-0.8908340716949583,0.7042424846505501,1.8930670327743182,2.982876430132556,4.305801741036918,6.030835483134346,8.056836990746783,10.03328768041555,11.506020467182685,12.084695163907124,11.528580252107622,9.763957127800586,6.952238124451745,3.600021904386518,0.6059448246601624,-0.9692708706148602,-0.45385232661799413,1.901302131819504,4.891506095129526,6.944554735037584,6.956311139381692,4.897596371940571,1.779113787263109,-0.98405461
15kg_16bpm,2CA,-2.38359002,-4.589593867905607,-6.19545641,-6.279408042120119,-5.038544090000001,-3.7545852505981525,-3.83335017,-5.634111588025937,-8.08847787,-9.475688727053162,-8.65796633,-5.737368766459469,-1.76621467,1.9109623066955803,4.111333610000001,4.2520422257893,2.8464937300000006,1.2882296622608542,1.2726464900000003,3.834504810396278,8.6591936,14.207926304632702,18.61280808,20.62355905370324,19.93610602,16.914782376548917,12.81344013,9.087673529502982,7.01449649,7.419666784296018,10.283012550000002,14.686781394604152,19.27958802,22.814715317538358,24.44819585,23.88201195840133,21.42930968,17.855926701842645,14.04151465,10.797660727031214,8.80633775,8.375619310034145,8.9876456,9.241776907443342,7.630455360000001,3.607888864162168,-1.99904107,-7.577013820126042,-11.770344130000002,-14.23049041010798,-15.688114290000001,-17.245730449258957,-19.43204449,-22.06161595467643,-24.639507470000005,-26.463112091316674,-26.753247240000004,-25.065929866856752,-21.77268764,-18.052719545882063,-15.207080630000002,-13.756178392276079,-13.145305420000001,-12.413780829511927,-11.168199400000002,-9.863974639353856,-9.18014369,-9.235237241587567,-9.419940650000001,-8.88036267809279,-7.13722689,-4.380678022587442,-1.3259674100000003,1.1590550438897835,2.5001085100000005,2.710420055318693,2.30020426,1.9615598620381935,2.33766056,3.939136169945244,6.92263294,10.700478945809103,13.9412836,15.211169331731456,13.889824940000004,10.733589242905227,7.625117220000001,6.440437378446895,7.537430590000001,9.313861147856258,9.58809459,7.910290490527666,6.358856610000001,7.447087237205104,11.280658960000002,15.385108557306966,17.13436588,15.884064777832785,13.12967352,10.998980121638224,10.3332084
15kg_16bpm,3AB,-23.45863918,-30.989877323059773,-30.665394990496754,-22.80245788286404,-11.202227952355463,-0.4542292688730489,7.096088982349193,12.248391235086293,16.948777643234333,21.981711357669276,26.684554594241902,29.920250782006512,31.109676566875017,30.530618555185264,28.892846897781286,26.765110654341015,24.250219689663233,21.157605918132724,17.25152302010927,12.396346225965607,6.766083225274147,0.7386736930103067,-5.45534223680621,-11.819216816457077,-18.33438004435323,-24.651715001306822,-30.17346750853801,-34.40029588437868,-37.278481053354874,-39.15029626398135,-40.04794484041487,-39.43074163890969,-36.62162712681655,-31.423414490063813,-24.48421178504826,-17.38370506680202,-12.070178980594953,-9.747278933413943,-10.189695328315018,-11.950049894552983,-13.071062576228764,-11.974223749125638,-8.358295922764611,-3.3752366461380916,1.3547761014207527,4.67422406573774,6.309974921861991,6.698767135145097,6.381105017491176,5.275094774789017,2.7444996200000005,-1.376103149987835,-5.958114490421193,-8.774388358275052,-7.772789948190178,-2.5395209189457093,5.1324438334405915,12.038267433546672,15.425202960932275,14.576887530422567,10.784157107118254,6.378225061968097,3.0832631806468322,1.1920192591208045,-0.00022428777573373082,-1.1897334820141283,-2.535120580830167,-3.7110048082523557,-4.1123343431626695,-3.272410997435852,-1.3409391498067074,1.001506370625107,3.231075991473251,5.485412505536604,8.121067350624454,10.803292501231601,12.344487654821757,11.694210913040688,8.989433525957478,5.607478749305781,3.1068535074987964,2.04370723929269,1.8498539004491361,1.7029261535040916,1.3795408706794896,1.5445881035199855,3.3187048266828034,7.208978612791733,12.289633227098507,16.620267853212333,18.76023922396162,18.77111050207575,17.528555997215125,15.631904900593772,13.199781322405299,10.167548657638275,6.612611565281897,3.0287371461680466,0.19529658878302916,-1.3311161640885012,-1.529664
15kg_16bpm,3BC,-3.59256396,-9.659440426666336,-15.239378311201586,-19.35344754709881,-21.217997146233934,-20.462729759645356,-17.204819995521902,-11.938484542354173,-5.376663652159954,1.6591142304556328,8.337887241634865,13.9417889171784,18.017570385461088,20.46434795507294,21.473347249490537,21.356524819413,20.375943415196225,18.757629638002843,16.851082104989946,15.173282120630818,14.20289350404876,14.083381568764246,14.510938373121082,14.873278407897354,14.556901178273456,13.175948670000002,10.667233247742141,7.240539410668079,3.273538530965738,-0.7663754787423458,-4.440515225034373,-7.289265017295279,-8.882604552991754,-8.940714429752024,-7.453842833692197,-4.691368765738719,-1.2975114178295608,1.9568545350958704,4.35564786768197,5.38531460580609,4.925070889687114,3.3425851921812026,1.370880456212176,-0.17009913455125927,-0.7011273026340027,-0.11219556775145392,1.1942606546803838,2.432038229260816,2.745985138463771,1.6505635827977259,-0.6460108200000001,-3.2960913590415237,-5.31276291303025,-6.173117485471886,-6.043991271981947,-5.523811488213907,-5.176186850858576,-5.205455045451581,-5.3946401396891,-5.270652814616053,-4.413542404099932,-2.7147522352449225,-0.48956610073761275,1.617075353415817,2.942737811023337,3.2084491266137434,2.7269466199772787,2.22512683873214,2.4564877325577994,3.7664591297906607,5.7902288478622905,7.544843180325183,7.916858988514241,6.31103075673293,3.0773444820162816,-0.59393258,-3.219082474161695,-3.8190455123630787,-2.3844853638026553,0.14747526923167636,2.5334409309911368,4.00708550947087,4.653839502038674,5.242593780630093,6.653358201453086,9.199882972012663,12.211792117871651,14.155311848569129,13.376458148718882,9.150672649205367,2.3760287735834864,-4.638240009063777,-9.269077960277775,-9.845426131348816,-6.393820657948515,-0.5382653987148623,5.383501677627668,9.424946587780438,10.72617363424388,9.509866585158532,6.60566674
15kg_16bpm,3CA,-0.81792061,-2.756589991787945,-4.776085409102871,-6.300533487727004,-7.419385881485109,-8.746730784556616,-10.697228814750368,-12.864581835132539,-14.216299827441315,-13.884788067442663,-11.727997454040622,-8.33931231292873,-4.639884749274881,-1.288592521955394,1.6352515149735216,4.561693430557546,8.021913617899568,12.304374710857864,17.204468031817417,21.737383841440373,24.41878796759763,24.008138582232466,20.236731097250736,14.108821371318415,7.418213897566597,2.58715005162541,1.0281683661259313,2.6816753318490374,6.234989056664962,10.056843876811966,13.04580936948765,14.877161438757982,15.670469759666922,15.74059531040622,15.444670844308305,15.235585450141953,15.518234096268497,16.29302305558907,16.999511343835746,16.805887302648983,15.19275292532935,12.338048134164305,8.8354007592672,5.056870292936011,0.9173242540109364,-3.7399516456936404,-8.694820290377436,-13.411951985501448,-17.36681627603909,-20.172820931167088,-21.53976847165934,-21.304990346521013,-19.613214393832273,-17.056382608607215,-14.550918202690621,-12.82979345556488,-12.13496303285659,-12.391624795413954,-13.4332587024403,-14.965707288907295,-16.450671474231306,-17.245490125572204,-16.8720948791096,-15.239265008377718,-12.758491993672433,-10.116598785674377,-7.7599299018936625,-5.633835336334296,-3.429825255992259,-1.0073533085686555,1.4465653785993293,3.588243325041199,5.126641555054163,5.93953310269243,6.191815714461912,6.285446552925525,6.429783969473938,6.372328594759161,5.841593478898157,5.123118774988013,5.092325197633922,6.4887951732229165,9.004201515035453,11.19649298425045,11.373446492171178,9.013207792891874,5.570704226749287,3.4487510571218603,3.9597019264875724,6.260825218517841,8.028448482852244,7.456732462625914,5.2221514439755214,4.146913563595165,6.256070625574575,10.540615867541678,14.166836138107676,15.207048687429262,13.899090378660848,11.85309391137929,10.2777922
15kg_16bpm,4AB,-13.67358622,-17.383865743644805,-19.95333986193875,-20.39051294634439,-18.04641258388054,-13.128616784158508,-6.861029047577512,-0.9580207683379246,3.315042044455852,5.804218250338944,7.411545337535574,9.26339666364594,12.11016215815572,16.324981479768642,21.602956709642143,26.57837226219391,29.36787915818398,28.947866340188774,25.98521439365136,22.279291012688855,19.184082077398706,16.42762955284143,12.699641825738304,7.213853482302211,0.47819026505159523,-6.3469551592385445,-12.522877572545383,-18.2525186646397,-24.406466647735343,-31.648514330162293,-39.589468034961094,-46.62711270718834,-50.618829672506784,-50.03799258965311,-44.90394841634612,-36.867495063172015,-28.40330403602895,-21.679245534037626,-17.666023864703835,-15.995241638574509,-15.42709667560105,-14.488176216089116,-12.073876650305763,-7.825444024244587,-2.2422721992881547,3.358703587943251,7.317982770384692,8.416661632210118,6.598018457549866,3.265068777636942,0.4785316400000001,-0.46540011192386355,0.24703040591402906,1.468733046573752,2.2246158691199334,2.4638853848493696,2.8280860006672306,3.7228487384659705,4.748687345384819,5.2080210818233095,4.8409913025183275,3.860086130929798,2.3451699059183944,0.0980930150006016,-2.903463490622801,-5.9048763482842075,-7.563500484504032,-6.965149498448942,-4.509434595513784,-1.8009221133684041,-0.4741622217909678,-1.0345531553779097,-2.8783133800018836,-5.080944910535749,-6.865419675071528,-7.502021936289086,-6.293252398825349,-3.055369147205376,1.5060467173197454,6.1872525148623945,10.077765159671603,12.934518717491441,14.760969975716037,15.228933191704678,13.799670566498108,10.537791899606706,6.6778657971089,4.163291192669629,4.502563832324905,7.718344368594655,12.1654167939396,15.688874655602595,17.158902603067727,16.93523753816743,15.67707700349487,13.161905215687796,9.02619730718681,4.285224460062152,1.327482082943812,2.2248040274100043,6.88565729
15kg_16bpm,4BC,11.43657322,13.361167617230775,15.93796557606937,18.0024694258714,18.13012455880478,15.199988816930063,8.91832274159707,0.08742166736217832,-9.425713767847512,-17.13293717778003,-20.84039729224375,-19.657140253453292,-14.457847297906163,-7.304019103068903,-0.15206657822223058,6.093637920784852,11.440285826610404,16.04259936101502,19.71850350353002,22.064575722670945,22.81121446393327,22.031961602786147,20.089838758287485,17.452691968594117,14.541642203771982,11.646937707654796,8.897636366174947,6.344739449021716,4.1389186632170585,2.615277901925816,2.1701403620252946,3.0332820137588206,5.024451929270582,7.498932009429286,9.600303005702585,10.673615068517687,10.530934643670316,9.354967435932815,7.599673346559923,5.889710609420103,4.685846465612109,4.057960562532039,3.738593886901908,3.3934427204509734,2.842923086655577,2.1422130622924636,1.566479547050515,1.443376579237986,1.7526890861046072,2.3242264818352614,2.703884960000001,2.5634203523148646,1.8279128291031872,0.546401598678742,-1.2275112481039643,-3.356122362911578,-5.493434402243112,-7.161846954602222,-7.985058424184423,-7.812500850831904,-6.689386305907477,-4.810907285030106,-2.547786683765932,-0.40518149699996375,1.1609425917190521,1.9394128291686343,2.0648343882786038,1.969784959347922,2.067953894960706,2.463809590735024,2.8730530828663596,2.936312557341571,2.7205827376776495,2.619996751535485,2.987538618266232,3.9580241139843175,5.438398269292983,7.127853257509058,8.592313659409378,9.392683695143377,9.229917973966465,8.109554051116637,6.492276712880352,5.175899803413357,4.757268512232801,5.209517852826439,5.915393298986259,6.081040479208606,5.224114244806352,3.5005813200365323,1.7474798263500497,1.0436378963009545,2.0015817916184178,4.417593134078532,7.422835370924599,9.951708142373747,11.208872931909271,10.833292995373975,8.958926321687148,6.267572008144182,3.58708719
15kg_16bpm,4CA,-12.53972882,-15.130294236762836,-15.936709191053788,-14.71642677603015,-12.653403038268277,-11.38682648080609,-11.48851389334545,-11.999849704284905,-11.340797521592414,-8.626680385864121,-4.3771665111704054,-0.22566304487987052,2.1275297597541636,2.1254450880128783,0.9087971700104471,0.4881629159802122,2.4020973529140606,6.756689838763336,12.103832995343732,16.16951318455458,17.041993436229607,14.18534420948948,8.618079198818476,2.1132840758233917,-3.153996705797074,-5.458392040000001,-3.9310347747307017,1.2439341375182693,8.641937710412796,15.967384592913271,21.146299512533695,23.44194219353058,23.641483053771257,23.197823431750816,23.07920238130221,23.136372859157948,22.511703264179165,20.6209950471157,17.698857405809388,14.450723228700662,11.288321316138225,8.037056432094628,4.380185307686989,0.42335580370446346,-3.2507964701612124,-6.086328313445979,-8.185313537533778,-10.412999062630039,-13.619431042860743,-17.73362797919683,-21.735329720000003,-24.387494772391364,-24.864465934505382,-23.070074894902895,-19.815914200089882,-16.50931135406959,-14.398845168263225,-13.908419736939708,-14.557388917585715,-15.49376040910825,-16.113008268279035,-16.25730605714218,-16.025124611146634,-15.39392915266158,-14.003451004452812,-11.403666406457907,-7.51359733529807,-2.8863466578455186,1.5415255425106429,5.0552344981871356,7.488329566001392,9.004450922748095,9.713861827141015,9.535865757990495,8.330147946068172,6.18698745,3.805680838852172,2.1847537149343172,2.029947598669557,3.6607931072407847,6.98273480725683,11.24294419673706,14.925104152433015,16.127816481987864,13.4162727192865,7.012372700787213,-0.4211657099786224,-4.764748233093272,-3.2516953538254967,3.3817551656355134,11.12074947008992,15.435563011127876,14.766636720732597,11.396084201798395,8.607328701639588,7.430002940047615,6.846270513544736,5.980942224172002,5.12548466278732,5.074422182592384,6.03636318
15kg_16bpm,5AB,-19.24092903,-25.097647366298947,-26.057567375474505,-21.65054375111307,-13.27140814542765,-3.4078477793052016,5.406931125100461,11.64815381333156,15.39366509913074,17.970304813628367,20.678466343825043,23.624477310128913,25.80641283743058,26.292298391355036,25.26940113330669,23.90178225747799,23.10929183312749,22.706586755934776,21.735539233735675,19.363332933795203,15.417887228730775,10.288119705183517,4.536199219867654,-1.4607411728564896,-7.727901535539118,-14.585848160000001,-22.09992473241398,-29.642061714785548,-36.06466661482284,-40.326242771646044,-42.0134985408197,-41.56174285949556,-39.71296508547429,-36.877681331350715,-32.91121693647227,-27.567855867398166,-21.154754724359094,-14.74797876797137,-9.533370854337539,-6.0213101797330175,-3.9296746718780704,-2.5070737749414516,-0.9566702518244795,1.3391119137101835,4.557870931438256,8.078288457658461,10.556995449397766,10.705876098017136,8.232612785235741,4.147967057759511,0.1378512600000001,-2.5711674713338413,-3.780616386710887,-4.179896957391464,-4.551880319856533,-5.0386883521100145,-5.160969315109279,-4.4561391329232025,-3.120481798812879,-2.142455982354755,-2.513636608762018,-4.0087216950621345,-5.074360121339483,-4.119810246256219,-0.8368581182271785,3.2797298603825897,5.748294441670414,5.2369541307450165,2.6364265438556798,0.2337798229032913,-0.4119755274354356,0.31427591857160364,0.9464364888624038,0.7289780006632571,0.3031945155493997,0.80789142,2.6134905321549904,4.986370557442425,6.844105906890513,7.735805144584397,8.073587522098306,8.58247315976688,9.68981067129976,11.39647701293103,13.427719046893921,15.351253554548727,16.72015719493436,17.20757973574982,16.573302706107334,14.622533988777805,11.662094112342443,8.838303851867554,7.3715725658491476,7.508382016906969,8.490129156053136,9.369508483364704,9.636401992987354,9.266996161419078,8.559074062724287,7.891309027709124,7.55214715
15kg_16bpm,5BC,-0.80647854,-7.27444320781502,-13.13405705172577,-17.133119044091078,-18.511467069234435,-17.309396401547474,-14.241903448649246,-10.200147638333561,-5.764523305738579,-1.0748988062234817,3.921314268116337,9.136331171424402,14.21712691760058,18.66384296162353,22.042327018285732,24.14674193386128,25.034529249551348,24.91019291704591,23.962413128972965,22.28720384751053,19.9267692653988,17.003165838391816,13.82352575417138,10.815890965171825,8.318600726677973,6.424119687408309,5.0289781826698245,4.01714963998639,3.3401472650719297,3.0128561165586953,3.009460449162203,3.1629890865534116,3.1927092291936,2.868408892126424,2.1567766595711992,1.2289486504435947,0.38930657951650877,-0.19570487457352811,-0.4536346969818935,-0.49347209139029863,-0.49290006862918173,-0.5434700277402764,-0.5492481113183192,-0.2455587192165023,0.6400231983944543,2.170748300375304,4.09565959484557,5.912263524335296,7.045005973923847,7.03537513211778,5.669840714011571,3.0591805704113155,-0.31967924800261927,-3.678783849303113,-6.148658115812722,-7.140433527135046,-6.633567868051095,-5.18263552548646,-3.639245150280918,-2.7725877609185234,-2.9526630275489696,-4.012019309811886,-5.38944345017206,-6.4695228751460325,-6.878969134496712,-6.601207673049176,-5.923831177803431,-5.305019123373065,-5.182150266141598,-5.732671581843822,-6.722969475098196,-7.559519094403517,-7.533609141997831,-6.167053286871131,-3.446050680218603,0.14784371598783713,3.813923627324567,6.729918307595468,8.333970255177032,8.483489292302991,7.430766899172912,5.642410733001603,3.598315077876637,1.687988546732187,0.19514957748780182,-0.7244313937800921,-1.0725482361260954,-0.9835792574686333,-0.659538616736082,-0.2784625403412747,0.08583258988733833,0.5396952568577811,1.3466114959402131,2.689933689894527,4.361792307003687,5.71909752414989,6.057428439029716,5.182523588807919,3.6543220766923104,2.4577297445241086,2.37759191
15kg_16bpm,5CA,-6.47736328,-6.650820286681293,-6.356787378216609,-5.889833147276273,-5.7902453745412705,-6.613042470641762,-8.513153237607327,-10.972474849829084,-13.020129267956454,-13.68909119620091,-12.193838379854483,-8.022053812579877,-1.5241471589591056,5.593335689870531,10.956073815630713,13.207501296573797,12.900868763506807,12.122928348065978,12.640042216934884,14.565490813354819,16.515278212407903,16.77146106097948,14.495001663944239,10.351883022175896,6.122046246448825,3.8625591777888886,4.7431879085046855,8.569273237200896,13.665898709565917,17.613422640000085,18.73261983572745,17.18762468038477,14.677387195688844,13.234598026330762,14.032998160607384,16.64294896993535,19.17391017909884,19.438051516137907,16.436965796162134,10.984909407409035,4.831594832348305,-0.7443018138544873,-5.512832004178644,-9.838844183334654,-13.978526141430853,-17.875394618603615,-21.35125463445835,-24.063684325544823,-25.491688025589305,-25.305954550431103,-23.391987665080222,-19.999955450638208,-16.11622046293194,-12.804505006891036,-10.106810006078703,-7.440730513967932,-4.705467495541043,-2.3811837116069934,-1.0838472674890998,-1.2107452479445593,-2.830750945248341,-5.541579990692924,-8.325743078152483,-9.825577698472127,-9.134595909275914,-6.46880305231163,-3.0570702673475614,-0.2772054518843382,1.22153455233433,1.5746150041563296,1.3337652094740942,1.3248474905131291,1.926141936492815,2.682655049180599,3.0962859650975383,3.2831489291167824,3.9832814170949096,5.82954310372779,8.620757152894608,11.628301145567125,14.311321562142508,16.53817991382776,17.816753736563886,16.807393945569977,12.247596396596434,4.3458130818974805,-4.808614467906844,-12.138994297347734,-15.106672624291912,-12.589600519768638,-5.293489568007236,4.172278708919771,12.136331241477912,15.574875098653056,14.236110031131645,11.04178058543844,9.227834917173684,9.631832177711347,11.179185700114957,12.407004475039308,12.24155862
15kg_16bpm,6AB,-26.93322892,-35.08757632869924,-34.87770320169881,-26.118441468802597,-12.77787985944945,0.1464852749467568,10.067263765895522,17.201001734093627,22.762714399917314,27.799233821682957,32.80573058028411,37.41997511801779,40.36828163052026,40.29954417933406,37.12000037924637,32.28409650991186,27.545487637862852,23.53136470584251,19.671458021633303,15.078009880197582,9.154501825326681,1.8380430977318574,-6.5701758872767,-15.473374196332632,-24.042737086248025,-31.619348518789167,-37.984866069837665,-43.281659396732245,-47.37994782913992,-49.47595169099346,-48.669680540769605,-44.910371793131816,-39.28788815770219,-33.54028542041147,-28.930143075025374,-25.445248963840317,-22.081693868194485,-17.67100077054858,-11.68223001673082,-4.566550431594862,2.3939695510083125,7.652990813795245,10.19438995804026,10.117678377956784,8.480074668656776,6.568360112790321,5.230875833374387,4.781063100583183,5.117922742931071,5.989676926337452,7.003102624211084,7.625409606949105,7.4111392519573425,6.380774922455065,4.939440865235044,3.4010518257906455,1.933082812288741,0.7891211323159323,0.11658041215969019,-0.47861973047772466,-1.553114887049428,-2.824569656739585,-3.182244944681898,-1.9599823986222178,0.02779334789033735,1.2361368742128516,1.3759542930024666,1.9963966953432846,4.523105970797398,8.0683014825758,9.851268849249745,7.764231562926607,2.3255963201795766,-3.713411107759995,-7.302194977589664,-6.753692382055176,-2.2921488793666174,4.123806830560356,9.519153294637661,11.481858756464288,9.879408071248324,6.882232984205514,5.008217780688697,5.227504368101667,6.634613296834155,7.677536598615863,7.640613315240535,7.167067920311304,7.362622308371593,8.349323980074164,8.955316603858236,7.900406060574189,5.343519602517701,3.2160122464596514,3.8216977226369657,7.782753785554638,13.18597743196612,16.835042610749927,16.69211579513,13.445755956034404,9.78983092
15kg_16bpm,6BC,-0.56954363,-8.021286389043945,-12.900615610435326,-14.920473801116062,-14.511971097109486,-12.561769843632144,-10.003963867289798,-7.369650372809033,-4.6131515622833925,-1.3585880668904142,2.6140489398216777,7.043454355116277,11.259334644080752,14.551107082986709,16.514648169792924,17.14712873704984,16.713435553268578,15.568060577590716,14.048809547772239,12.485307795279553,11.277074237176649,10.844341527556503,11.410377684062688,12.789034290590008,14.400272190445923,15.510581047713925,15.522209808010077,14.14506951041187,11.411183894369854,7.63905091863723,3.382604660718293,-0.6726199320097654,-3.8351398384853366,-5.5527213172709775,-5.530357627118668,-3.952898328591138,-1.4301961414112343,1.2214428789770728,3.2264389387234904,4.080687227354854,3.693814456355188,2.351145264250595,0.5397636221041696,-1.2408319686042244,-2.6191868948562793,-3.3967556940045496,-3.4921921269617417,-2.8620622925070527,-1.4953197826764086,0.47434351855650264,2.616745360699037,4.230256411565809,4.617233631902825,3.4577227650720324,1.0165435676258423,-1.9602919088974202,-4.557995404429509,-6.0457079917533685,-6.130334464840359,-5.037997739746249,-3.377507696454403,-1.8265056960635908,-0.8714797405229725,-0.7320583727095475,-1.4436746957329396,-2.895873545665819,-4.775560378320721,-6.4961052473430545,-7.357917254540544,-6.928361341036563,-5.3405793942199935,-3.240323422433347,-1.4565473580111932,-0.6139828831851333,-0.8118502655114852,-1.5257057131804759,-1.8285200188214465,-0.8709663379159128,1.6134331109377014,5.101704893801731,8.475524781608982,10.528667250309928,10.564339639294472,8.775176845797139,6.191336963282277,4.1195765405428935,3.3818354334548903,3.8520102324745684,4.57893884731757,4.464139391474094,3.0843124274285967,1.05461125131431,-0.3912794931624715,-0.24031132036256514,1.6451984053685857,4.4524133733276265,6.972169849110758,8.316575696440449,8.25383851547897,7.001855852221952,4.83077101
15kg_16bpm,6CA,-11.52552727,-11.453102610351944,-10.070082415903753,-8.645212126177897,-8.648349318074047,-10.36641319,-12.6570390582607,-13.960874803111155,-13.485074593317675,-11.612530189693349,-9.369583870000001,-7.448765819530259,-5.7084874581651075,-3.542665205638472,-0.5246803066161599,2.9576032,6.145676476748454,8.583324016395858,10.214547979052819,11.034538739208152,11.034476340000001,10.518415866026109,10.069951966915465,10.040020350968033,10.267437634958988,10.304261310000001,9.79804122458409,8.650114930024174,7.135681949129277,5.915417869002831,5.83001801,7.4366176366998715,10.522503843018988,13.997452420074382,16.55927202826043,17.633904750000003,17.363053191938,15.953985797059755,13.332988851630999,9.326309077701486,4.06084804,-1.9272505208808006,-7.90129724731077,-13.110325131334731,-16.956373715785876,-19.250240780000002,-20.36779332627266,-21.044054593399917,-21.651166335095184,-21.563660808285107,-19.526702360000005,-14.955038217081121,-8.82327369564032,-3.3903833960752485,-0.8270352434396763,-1.69496527,-4.87024313644742,-8.611895876779057,-11.628576952874319,-13.29271500835295,-13.585516390000002,-12.523037409097826,-10.25153589049569,-7.4001328015937196,-4.6706174907907245,-2.43082014,-0.6982248946713597,0.5936538537116614,1.362683101114451,1.4531137005425565,1.0006603000000003,0.6814079528492824,1.3868289404480945,3.427270319442622,5.9876488203491895,7.48728004,6.778943481025063,4.277552054738973,1.9522324500093828,1.9836604876417814,5.072629040000001,9.810252002927863,13.348143575712522,12.960860403159556,7.942820145587282,0.30106790000000005,-6.2748105491254345,-8.157353732855986,-3.836141355737892,4.836835895730938,13.611937230000002,18.55775148977454,18.844435008617552,16.75092512979408,14.679007583849028,13.181505400000002,11.75941512909408,10.002017813510829,7.802887671816829,5.102717063337067,1.9547286
15kg_16bpm,7AB,-23.40917961,-26.374811369084195,-22.686438694677612,-13.094505287909309,-0.6948285200012301,10.760577662252885,18.77597663230128,22.921392050084634,24.258465799421238,24.321799319598032,24.43195017728153,25.470057555899412,27.637509713197712,30.01468635300785,30.53623658830071,27.009666395516355,18.821164414932053,8.042515685853441,-1.6807206704500057,-7.887464704887573,-10.725072471027605,-12.045492004373376,-13.461925079872456,-15.24976790726851,-16.91256014632539,-18.370503384232936,-20.37059672016597,-23.887841555013306,-29.184093796416654,-35.39432536249192,-40.62733133457452,-42.61808661819623,-39.75492563189646,-32.11648252313746,-21.614584699099208,-11.159231316644796,-3.414411739221413,0.13596875258970978,-0.21928355707836963,-2.6012939999316753,-4.597414860408039,-4.478006626638074,-1.8921440842874802,2.2019178346582047,6.29856939264897,9.094282376057409,9.725613074289594,7.815008530988226,3.7085221103985213,-1.2132284626460963,-5.066223378174289,-6.564023750243245,-5.899991521454408,-4.410327676202554,-3.3514420740797597,-2.8730207331423605,-2.0704267239779095,-0.19244400419427188,2.4340843704645136,4.7611903501849495,5.853916681447045,5.267979283846161,3.244062575438914,0.5626872327519112,-1.7378347476011822,-2.837768952346498,-2.6147372658735577,-1.5615810684321416,-0.26541568501657686,0.8052566400341741,1.1624049093125592,0.49682118037684775,-0.8690200330502591,-1.8923955663946246,-1.4312459249738063,0.787143560075604,3.7553541289832335,6.02887383466566,6.974131729182042,7.034321823535387,6.911872040094889,6.855852431715691,6.770308315668663,6.659434172585097,6.810241994500508,7.62555492044715,9.36116594662613,12.01480791435106,15.087827580635977,17.40676917323918,17.635140580533257,15.352898926527319,11.836571975048598,9.327950080430483,9.041005356146472,10.01625245477377,10.232029603411366,8.81612756109017,6.761214463784281,5.668474634491841,6.26077592
15kg_16bpm,7BC,11.73676272,13.239472794592393,14.62965108004318,14.730083260875878,12.650140967853792,8.183577157748358,1.9307275370226546,-4.8301289569763055,-10.60821564547568,-14.236330417417689,-15.19364931957017,-13.688893321426788,-10.48427880286039,-6.472501789625275,-2.286299149440079,1.803700583324266,5.709791484246972,9.309439489949249,12.373966722254611,14.642230107501703,16.012743984446505,16.64190213353793,16.84544754013421,16.92621449890139,17.01058925109064,16.98672771,16.5926976793469,15.596497874550648,13.97717312974368,12.06684399438747,10.471921410115169,9.755719423934408,10.10629961498665,11.24733058617462,12.633237074177119,13.712163155384617,14.110529132364197,13.714825007637812,12.59181497297649,10.872094083682478,8.637540135620121,5.9734728266383,3.0305452327480227,0.13912027697675586,-2.167706281798516,-3.3264093313802148,-3.024169287145183,-1.3894733472304412,1.0398403285395206,3.5296734200641158,5.42804024,6.355637271134347,6.254600084136623,5.307674691753868,3.7734539780402456,1.8679079397105032,-0.21429606674322338,-2.2201886279897742,-3.801712488642577,-4.536219458186476,-4.038083097535855,-2.179067986967804,0.6927207912451235,3.7047737982507885,5.777335669381574,6.204867221827392,5.0880549291495685,3.2764874050964745,1.9261368963469416,1.75812711088457,2.5882969555134556,3.481933014234892,3.3865019317535694,1.855803274179069,-0.5686415657276641,-2.654221470000016,-3.278405588237516,-2.194005475049415,-0.1689863718252428,1.5955170463341504,2.293470141511056,1.9349625711698981,1.148355603049103,0.6618017977613855,0.9327681592832633,2.065086346764364,3.861658885348723,5.933717450388152,7.877109594346868,9.416613184399779,10.387724550353097,10.625791854486609,9.997790833173907,8.637120070655556,7.064677262719881,5.907602498120695,5.444166964148321,5.456419153078234,5.532322573214941,5.35563081294084,4.69361095
15kg_16bpm,7CA,-9.87113426,-10.267075761377878,-9.399587535295213,-8.965786087891397,-9.980818307912324,-11.96321576427663,-13.492328003950421,-13.566429092098003,-12.503845531690859,-11.643668157831998,-12.118659571695925,-13.762820263618236,-15.087980246405682,-14.135760815883541,-9.844563457666244,-2.4246280049136613,6.504123038455802,14.49811229536633,19.396653164919474,20.327028811920172,17.99090889778585,14.070590619328213,10.423985038650317,8.184508460566077,7.553810934624466,8.307387121948791,10.092585296853533,12.311350712906226,14.187310648107346,15.305012319364709,15.966566338433797,16.8118629577405,17.97304695577957,18.65330109096869,17.79263804239262,15.06978170927139,11.108400039294407,6.967870903164385,3.491573532458876,1.0088470599711334,-0.5369598972864068,-1.535339018046485,-2.9041292046942218,-5.917589587015791,-11.278235990281983,-18.18367301703756,-24.36631963097484,-27.33131342536491,-26.1161227949179,-22.231874321140896,-18.55068498670077,-17.060076944478695,-17.531706600219742,-18.058375055014917,-17.101243286310535,-14.940637434588446,-13.28421232387203,-13.59214523788656,-15.704482369187971,-17.860834193674037,-17.96668089478557,-15.085748323917281,-9.92256833519095,-4.061938790763614,1.0405610693688172,4.423213711881658,5.593959834191441,4.730866008341897,2.8582764787112347,1.5351581715805078,2.0960238819911656,4.8023079214206374,8.323066540192421,10.279891950026041,8.98600022774355,5.00510744326619,0.9283307206983045,-0.7021112445553352,0.5000751223057526,2.645937626347696,3.2977263043283056,1.2545352949846198,-2.7940300666894764,-6.847666108445993,-8.768638981460542,-7.114534987603775,-1.485423469747261,7.06284528628943,15.686048529079459,20.555142636614608,19.26112615497947,13.34402659386052,8.015410642666815,7.812596121313395,12.333668506350088,17.157420701702993,18.33125057155096,15.12970213600417,9.56599808977752,4.449970742419644,1.39487328
15kg_16bpm,8AB,-24.09306876,-27.754126653000277,-26.382224940489138,-20.271731925697,-11.03932925739551,-0.716322639536638,8.985809686861533,16.932834009313158,22.660258531848672,26.32530819720197,28.31183272143587,28.788246619350083,27.672335806366664,25.06664021213837,21.584851615542473,18.182745278018285,15.730580451323208,14.491783928371358,13.632401503657347,11.588264379194477,7.148109089814247,0.311552318900265,-7.871797550725043,-16.038149969802603,-23.111785409538005,-28.552724240000003,-32.30616255949862,-34.50344892411241,-35.23868306530679,-34.59368178546475,-32.72954233336143,-29.795291389393302,-25.96563074833098,-21.65582167254223,-17.56559240051296,-14.313885821849743,-12.039780173885152,-10.212561033732134,-7.814425083876401,-4.066604229756337,0.8264092092732706,5.637517231233613,8.953636055783075,10.169680324219323,9.773522933655036,8.716541914510891,7.6310195130863665,6.640993816072309,5.647985683246715,4.536676055337335,2.9984679100000005,0.4888961210672939,-3.0511940789883822,-6.4694984753675255,-7.950989224121446,-6.4443193635542,-2.6490825948798444,1.2718540580102093,3.1173605562420392,2.3151809735836557,0.31151888974573433,-0.6947701703098569,0.4054472514627425,3.0134706007700265,5.347615908349058,5.833936116255387,4.245840321405672,1.7125315353167476,-0.18092418946753544,-0.4612662326425708,0.761093867152269,2.693516252341055,4.571216355232264,6.1234799154827915,7.512209623402763,8.842052700000002,9.919311269485046,10.582314458843227,10.962716716502767,11.357687592145977,11.88863591357209,12.319599174445884,12.340933545119661,11.989285713214946,11.768395684588016,12.306557269997493,13.855315165132794,16.022406081181927,17.913276634265426,18.47394017485716,16.967193493277545,13.585298911280193,9.609319033365196,6.796154056100371,6.342210726438468,8.046657720698988,10.453292025008162,12.027123202047164,12.331498074312822,12.097150858011092,12.24446832
15kg_16bpm,8BC,12.92083472,13.173196096867962,12.067240769632345,9.057344302420772,4.309125966682706,-1.2239384361079282,-6.178440540667937,-9.380146981220818,-10.354856626678263,-9.452689655724878,-7.480101763786477,-5.112043595034656,-2.505461948363856,0.6282896002490151,4.590941401178471,9.319914324487947,14.337332512359996,18.92664099242294,22.403181801115927,24.34726834797559,24.70012454657189,23.703863744702904,21.756048994600345,19.255746189651845,16.47052936910497,13.52078897,10.511516921295206,7.6729591097086525,5.366000788449702,3.9558638644483937,3.6740615011660265,4.523159700478731,6.222202393058726,8.239911276101775,9.93961307101638,10.780391834779431,10.484349590158908,9.123492454776406,6.970302642065387,4.472198639527812,2.105483182208715,0.2721259881532145,-0.7621173646820412,-0.946488669732328,-0.43640201325172023,0.4814642885053696,1.4620576932837746,2.2243960892921426,2.6629391943755776,2.8415319087349378,2.85451383,2.6627864296545627,2.0592654106914585,0.8188117339815661,-1.112373877927756,-3.4691012945457107,-5.6429700265055835,-6.866430724974529,-6.5432553559513575,-4.575104222264594,-1.5528242268291081,1.3795793194846444,3.0908296483249424,3.083242413181061,1.763506390526682,0.2548564017458125,-0.1614613881705433,1.2724529546934165,4.3657577476675336,8.065607028990279,11.057984278635876,12.386880098527598,11.737960814288567,9.40198141898071,6.14410830181228,3.01469909,1.007883652628284,0.6047303836216565,1.5012148999554162,2.824868435320844,3.777768726651156,4.249448104564459,4.920607474189803,6.726841085216601,10.022332042566637,14.07186114672567,17.211038315415728,17.624796695845173,14.302893202869342,7.760146243283982,0.005612659370712647,-6.335532511872275,-9.22062508080522,-8.031102414705982,-3.6096119909701234,2.277720940024293,7.591129534061681,10.609289284640223,10.416939908657689,7.142038474571571,1.78544421
15kg_16bpm,8CA,-5.52789898,-6.852903952217478,-7.642510216751039,-7.604048031743034,-6.836962918027695,-6.141969104690182,-6.626757422337363,-8.680001955655138,-11.335543850174558,-12.851210024651001,-12.071552752484422,-9.24973461021626,-5.658519878022327,-2.5880314886809965,-0.6056822565846172,0.5559480272221557,1.8678287102171671,4.228441707434347,7.784100391966279,11.7592066470057,14.808377663654664,15.728568835536816,14.224632616182369,10.9393280180821,7.607850766670632,5.643064414254309,5.6823453262533485,7.7837904072267765,11.57011050369389,16.16173880953135,20.225978717457238,22.44927188292057,22.266858691881435,20.175745387208085,17.416335470471388,15.248291401040474,14.271414021568178,14.215934216344467,14.397029883194225,14.234484673859422,13.38905522396792,11.78672617761047,9.64004689792189,7.264587587607495,4.744437706359474,1.6863426273801285,-2.6549831623727576,-8.72814823105189,-15.952380933668547,-22.6452679081194,-26.98001382577093,-28.18222321656962,-26.947272787195935,-24.836339507296678,-23.123473137125767,-22.148727455436962,-21.484549309462267,-20.537519648743988,-19.13555808414829,-17.692771156370164,-16.78797097741101,-16.632295955585157,-16.841221698593795,-16.539446045908413,-14.796140714596428,-11.423410065045596,-7.4963105752810115,-4.676581832885129,-3.6093227422954994,-3.201944013309877,-1.7033160898742268,1.6689257409351461,5.983433046586063,9.176189823054745,9.395333553658071,6.396462873480685,1.972084425778633,-1.3973167391785153,-2.400512989066273,-1.5485198415901076,-0.300691619455269,0.28226843859320305,0.33432761502203845,1.183390581196513,4.376649524124588,10.198899028628407,16.795914203930487,20.899129068000416,19.950786575460107,14.153947014693168,6.940663870977858,3.028845557878202,4.816231932498972,10.214795931734642,14.591402372818347,14.949796501477124,12.159804416879307,9.118951262533344,7.400833273432081,6.434278651284172,4.93294438
15kg_16bpm,9AB,-13.76411304,-19.74431250312107,-23.099363126080984,-22.549136781757877,-18.35286186529035,-11.775343565461789,-4.150938735814441,3.73948776195106,11.64613300989979,19.240922376158736,25.56713464033198,29.312806257298774,29.681316767042095,26.997533531948044,22.617932437748927,18.17325199009506,14.606868821816615,11.85521578694698,9.371490716472083,6.786696248103707,4.105969624007556,1.4814329084865174,-1.0360032130314556,-3.7597600116544405,-7.470070971098849,-13.083250456059274,-20.868257834670054,-29.90799957450194,-38.361695513939885,-44.38329538815313,-46.935040965127016,-45.83229352243356,-41.39927372074936,-34.32943054937533,-25.724689000321614,-17.1526159373818,-10.228978053994366,-5.75859347852323,-3.321317893927778,-1.8007348702725117,-0.3508325824176333,1.1127774341690362,2.274961629933544,2.9640705151492943,3.19373922692956,2.933161688287113,2.0993611635692875,0.7044108630217263,-0.8188902681412108,-1.5855918387569612,-0.8304927067675926,1.4087081786179974,4.005343706493426,5.2780362265986165,4.059909081924118,0.5734132819279589,-3.578800113010083,-6.333380831737549,-6.505235293201993,-4.6400152683188995,-2.602151956468204,-2.2451929011600362,-4.03391187545136,-6.8841493879289155,-8.747472262259592,-7.954481126639725,-4.406616989670746,0.1646735175495172,3.3202391517780616,3.766672310425315,2.1250005336617708,-0.0007747175272516879,-1.4059188181526616,-1.7762828743607408,-1.1801022943097188,0.5182085868529439,3.5643733149734227,7.73420966744165,11.920996899983225,14.405354831708028,13.803675679072555,10.15415705326499,5.194774849412728,1.388474207157428,0.42697919671853574,2.391395684949326,6.118289275778092,10.106524122645368,13.02521802201481,13.92930004362967,12.637903796703245,10.047103553264929,7.68423375818069,6.626756971509639,6.9755269362105965,8.34861963857866,10.47641731865288,13.0735322758923,15.335651309806009,16.037988900383077,14.28627421
15kg_16bpm,9BC,-15.70517396,-17.322230395188924,-16.08321445839706,-12.616094589838703,-7.987837136183485,-3.344060051524249,0.44701601019396486,3.047303082541566,4.664647525562949,5.833112152523698,7.111591484788077,8.892985078225244,11.356166004649058,14.475111341887585,18.020691448387534,21.568328482502817,24.56055419026998,26.411551051291067,26.652506641158613,25.110976424920636,22.004521695317024,17.865791807011927,13.351316155660474,9.074594618386618,5.5077127421020675,2.9405161600000005,1.4853510266891128,1.1199767715398592,1.7194455440230736,3.053652721695822,4.77915586235568,6.45121145703632,7.639116392895079,7.998869337459922,7.3946856587380845,5.995396445895348,4.179338366528929,2.394568598278021,0.9999910556366497,0.12342094790377993,-0.3567557594986685,-0.6553634450156937,-0.9125230042102288,-1.142236434591483,-1.2984923625722997,-1.3778655548420076,-1.475862498186887,-1.7576494517072612,-2.400761216258722,-3.5195432327394243,-5.08056762,-6.790587280586144,-8.078063220297635,-8.28840663041963,-7.031470431755124,-4.487373177990379,-1.4853896743748933,0.768481701520161,1.2349883132325088,-0.4080399888516649,-3.4895343977661355,-6.560575658772702,-8.04261589396283,-7.040474213430026,-3.8485136513137745,0.2231894515819515,3.585682711320385,5.1761868264796815,4.824213547502863,3.0682973053184757,0.8236255335635851,-0.9963045714839378,-1.7893432606780038,-1.444788904808578,-0.3068251217450636,1.04470823,2.027103919766457,2.21570792146163,1.4626583520061034,-0.032282491833963284,-1.7433012002130848,-2.9488732698989053,-2.949892340643141,-1.329239841805488,1.8388316428546971,5.92421639113889,9.85799593414663,12.4333801426684,12.731306702369418,10.493375769615238,6.271201033299884,1.2838242245985616,-2.9967499018323327,-5.3450606793359805,-5.161961222615536,-2.6572444020704435,1.227719118647037,5.162449240331235,7.864552150826021,8.427469294327164,6.48378912
15kg_16bpm,9CA,-3.3501786,-6.324883857209175,-8.372830424095618,-10.29711280889881,-12.368296313190301,-14.197971930412306,-15.147596404175706,-14.853150661905914,-13.556994268432506,-12.010976116547544,-10.988433646550131,-10.816366020731593,-11.291347483208439,-11.932891997948161,-12.219277280325251,-11.711062194877895,-9.99279776130976,-6.890182713391226,-2.7446939840482454,1.4040455662393114,4.122454876116341,4.368672144746267,2.0610608153163477,-1.7164900823762108,-4.938963581812818,-5.935049740342041,-3.826207651975569,1.1945054904504238,8.04638345124319,15.13226391831194,20.77691155477477,23.79855095224111,24.039345872745653,22.35349950789567,20.06796266831386,18.280950867913045,17.224486465426644,16.10611314942163,13.734875467297437,9.496937507045118,3.971727484350075,-1.3909361475285063,-5.360344279629488,-7.648332011438505,-8.806631685442659,-9.747501258706354,-11.225552552550518,-13.520699387446149,-16.46847939463903,-19.71292827714576,-22.932541104686955,-25.95435549054727,-28.70044489085514,-31.01999796815271,-32.53798433564445,-32.67791910186748,-30.954548685448465,-27.282407320692343,-22.102496320800576,-16.39920464100113,-11.446210648934937,-8.218376027997996,-6.915757243621761,-6.937918617594337,-7.268279998842598,-7.067984929081359,-6.049581741099926,-4.31525475390818,-1.9661512809425725,0.8972377583134408,3.868547518067217,6.235767527018335,7.437166848199839,7.423556525611766,6.5209667962154185,5.0465959140931425,3.1770581907740345,1.2736107274685962,0.25560709598693,1.4144553841331295,5.6074041643212125,12.248724883354816,18.92151036912028,22.35674198327182,20.37719648648953,13.341676000585894,4.24737785317314,-2.659873779605241,-4.274366534228892,-0.46252824752184607,5.893049804434272,10.903015190953376,12.42487829283626,11.620498685380083,11.603655975440256,13.874352247705199,16.624070606125777,16.717532075479024,12.61137170796977,5.35896759724468,-2.468802
7kg_10bpm,10AB,-1.08497926,-2.0687614349528514,-1.998116174337284,-1.122603556801242,-1.1490763110549127,-2.4033804844410063,-2.700772349913717,-0.04000192142035668,4.863737529106242,9.570211288924805,12.854649728986976,15.19341726448685,16.75352875869464,15.976017459701886,11.356796866921615,4.575638261675144,-0.436139119453722,-1.4423894025762378,-0.5998029549861275,-2.7189611787592507,-10.530455738899349,-21.44414228582267,-29.072260045201343,-28.78911923239884,-21.569317661198408,-12.766424855464596,-6.852361284428877,-4.12557732256141,-2.7030353824872924,-1.8970047701624515,-2.572878467981684,-4.95334378321748,-7.679838053688542,-8.902256344636731,-7.530901200304509,-3.953993769021385,0.04796669919496596,2.69888180033639,3.5501135328428015,3.1761763647155963,2.216148218168442,0.9641386863879997,-0.5746469995817196,-2.3725519921397655,-3.9392999060428706,-4.126883074090469,-2.2246656955451387,1.0946136226495105,4.1468536074294775,5.416404538678542,4.520037150000001,2.5074678494750477,1.229284886113342,2.0155621205026097,4.524708384937297,6.56776946479562,5.682758668664199,1.6018699086344401,-3.074478411221918,-5.631337783017517,-5.911672976167131,-5.667523677422822,-6.508294891710929,-8.824832667670282,-11.780676284767308,-14.390378236030502,-15.80714717203992,-13.987524969945788,-6.928544439401063,3.9418022415623857,12.804672287947843,12.739200966725951,1.607530652254041,-15.02487089294256,-27.064003745484193,-26.033202056938066,-12.669035226395245,2.0251426113034907,6.694235534147571,-0.15182084506206484,-10.34941521488472,-14.249376051241914,-8.953963185693402,0.1873033162611769,5.83310050446355,4.850041557805276,-1.4253973014994195,-9.814166280930142,-16.48867247654042,-17.55805857336351,-11.818491195616074,-2.8861957911232707,3.045733432610505,2.3100425099676025,-3.3891446210408507,-9.220660120135735,-11.437405560957233,-9.54145197653651,-5.9773750493592415,-3.686480252691155,-3.95295452
7kg_10bpm,10BC,-1.62243707,0.40962443462407994,2.870120407242294,4.3175918477167405,3.759197562980086,1.7565221992065605,0.12998734079699142,0.33467774301459485,2.2238301951592505,4.3267905458396685,5.088397457495302,3.9895511173601474,1.896579272577899,0.30322922111729694,-0.017227098588852456,0.49934405834158574,0.7350795010903252,-0.21138235100312558,-2.342717082511447,-4.735079235191281,-6.168426324451143,-5.959985301501202,-4.409918826049233,-2.4135611196376283,-0.6052922885931896,1.1048139884459207,3.2393661084515206,5.885688263912027,8.25313764518734,9.025804872844933,7.280462166477585,3.2907128760183726,-1.3487272563726689,-4.835356667232797,-6.163977927577231,-5.43003744394655,-3.491372990062165,-1.4328828067300026,-0.052740085480911865,0.4986281106480228,0.611365651430375,0.6677624717474028,0.7746781937625153,0.9823541690829309,1.4457490890164377,2.185870034326783,2.759224328011592,2.432233197201764,0.7239521470203923,-2.010927470570731,-4.665368210651799,-6.078038031702277,-5.70530971016772,-3.8421476736881672,-1.323424324318979,0.9813251216864847,2.5691244104961375,3.378184190312372,3.5932592156229712,3.484245639099425,3.2101566485749307,2.5448701744659536,1.0136150099562085,-1.4546417764015522,-4.155213666870241,-6.031734493465821,-6.240018613796296,-4.676800192517673,-2.239736383743535,-0.3365167077814675,0.04146035440909045,-1.0195138270287964,-2.4437721937103625,-3.0227022245234325,-2.305427980171885,-0.7751448493626721,0.7598459157076222,1.9144598577979608,2.92409955598366,4.245729635160493,5.834319702776008,6.768387963273172,5.812914997459916,2.6099565022066367,-1.6514123435910257,-4.86637898579783,-5.584421613981261,-4.043291441904675,-1.662361763776974,0.27157134523210447,1.325786519302445,1.7099632808091045,1.8048606434132846,1.9086847628257044,2.0529359915931034,1.838702381614827,0.9097444151191947,-0.046342181450492424,0.694778827130513,4.2162134396646875,9.25416416
7kg_10bpm,10CA,-1.04559526,-3.6997716793290625,-4.857300583197958,-5.689881781473277,-7.158494749708745,-9.350636765410353,-11.165037091383931,-10.74444713456073,-6.946207464990469,-0.6818032068626863,5.251433950625089,7.874030173266156,6.359563019351514,2.6214120013565614,-0.5478952131655168,-1.4891553569105882,-0.5033504475409004,0.994708065060818,2.158251851464136,3.2515063582639474,4.5667538184208665,5.490189403849646,5.126710082657801,3.370698754200479,1.5073472001452057,1.2678373493303638,3.2263249598742383,6.454844484835737,9.574919913314263,11.699862072413593,12.28334429405527,11.00983789998827,8.352266500762694,5.632233634828127,4.05493796119021,3.7730887903403802,3.87367998388642,2.8119768595747714,-0.6612976307790166,-6.602031818992002,-13.912624863895159,-20.706229645813124,-24.830207995032552,-24.63438455063849,-20.053914605905074,-13.59149739777198,-9.25828720287722,-9.365713972374667,-12.311900928933055,-14.239229408735753,-12.72171202536983,-8.62220635105819,-4.766002463008526,-3.202761997855052,-3.7264688227951064,-4.573890459755723,-4.257223043304476,-2.5586018968767927,-0.0843077675599182,2.500086762402324,4.534225556865209,5.604726301716262,6.247325117781646,6.514497014922124,6.071385127066586,5.217704357720458,4.493685802933838,3.6647815913360087,2.652860525191735,2.254237141312157,3.1855092112718406,5.164724996995978,6.758836617139536,6.605849111265454,5.2799083161925155,4.56690215435154,4.975572551176643,5.379560285914981,4.215025467759866,1.2289683982948465,-1.842137752221685,-2.9805189689434095,-1.7923052230814458,0.6333215379191024,2.622951520122706,3.02215800709212,2.105818141775755,1.3279832937488119,1.7776844003964125,2.8543765348116397,2.8802663547427274,1.0510749872174752,-1.1722006392375521,-1.4788160469080007,0.2945171320603567,2.2121597007090146,3.220942315154423,4.126676485845693,5.51109711513561,6.462007999060927,5.87269247
7kg_10bpm,11AB,-0.03613469,0.7204520336910593,2.991254113505635,5.258088666102702,5.930538433190612,5.1770881908114985,4.824681479872279,6.666890516702154,10.906998981516669,16.3108923053052,20.863214076439977,22.3848535798346,19.83211902186997,14.450977902362593,9.217100152482642,6.099400747777866,3.7844521712842814,-0.8950952104058156,-9.216101014676024,-19.049924242995267,-26.88756423,-30.293598828264642,-28.828037741013038,-24.313770397134217,-19.44166901587354,-16.15160206852591,-14.518644412922505,-13.269958509437894,-11.326973745608118,-8.527435082495488,-5.860452196830974,-4.158966867660591,-2.8300826477241636,-0.6635236539543721,2.4178768055730497,4.9047431259850605,5.397238671343816,4.408574479537686,3.5127335262278496,3.149565669481722,2.48262472,1.2590508275971484,0.48702343582607505,0.9308730839394302,1.8349250434510822,2.087836554542407,1.5621727182015965,0.6287607468461426,-0.4907790479969152,-1.7114585990574043,-2.6421205378121364,-2.056094135503556,1.0586579740318665,5.459099281659701,7.621885091504053,4.562869643411574,-2.4534280984497983,-8.34845948572778,-9.54482788749731,-7.88813125293147,-8.394600789999984,-13.095573806981522,-18.17598429517875,-17.667078069608408,-10.092113654411438,0.055820483663857584,7.02455028964929,7.73716118332926,2.4592870935135425,-5.9767631239228445,-14.54028863577228,-21.246612190247482,-23.83109749090952,-21.04310444426384,-14.330390174961916,-7.380756688382688,-3.825858000405798,-4.576643327901022,-6.979228740513324,-6.88702997635278,-3.2180637299999995,0.30602586664442266,-0.2881167351195511,-4.433771669241666,-7.7253260010962945,-6.93682490564814,-3.090033967180365,0.39488212839120845,0.9255369764109478,-1.8233893936828778,-6.148335170880121,-9.516915800792226,-10.527301996142972,-9.64162466540043,-7.940985436927784,-5.944550913603149,-4.07749691734108,-3.2176201461141165,-4.0580213275026376,-5.818234835462748,-6.78563956
7kg_10bpm,11BC,6.34219644,4.608479458187133,2.1959064772929735,-0.16836788372992645,-2.2264124418896114,-3.7681077832563474,-4.208621822575089,-3.0614583847725774,-0.7264856583841466,1.656135715406562,3.259852610442358,3.8714894478714474,3.6059425463124763,2.7927427752148595,1.8337347670910404,0.9335267171122125,0.022166099106827358,-0.8891009937051443,-1.482171138881038,-1.4683878820506364,-0.9226048235129843,-0.19477983052220996,0.3268178335340128,0.44926854865626126,0.373224972989775,0.45472160164288933,0.8671698258891656,1.481785900870231,2.0608540895406526,2.1144590000520793,0.9777282511947117,-1.279874371434391,-3.372599171871889,-3.639612497227983,-1.7017758296789092,1.0078129849172872,2.642997673352125,2.383526118671593,0.8579567684342259,-0.49210663759947243,-0.46070809010354824,1.1435764048281771,3.3312570912625312,4.438709854492203,3.2660041847509604,-0.031038998936149406,-4.202000259236223,-7.5784679827596335,-8.702948856955132,-7.041774607510115,-3.556125663829967,-0.3776451920152626,0.8527351241919084,0.3419362814220924,-0.508334938256998,-0.636981033223967,0.04237142317761801,0.8732825462976483,1.2327039729509142,1.2690670008701144,1.732700487644583,2.9376609527652127,4.0648627264135895,3.8226607568276614,1.5651565352335746,-2.023127095401536,-5.1795269523964365,-6.359562068140134,-5.144114771138833,-2.182101257839442,1.2340785316644112,3.772911858314241,4.721116870821983,4.154067391316282,2.643613032773013,0.8630850680845018,-0.7058400729069567,-1.879024794894275,-2.712719962542186,-3.3453855464497915,-3.7008061302618884,-3.3514124518499515,-1.9198122271852043,0.25431454002347587,2.0837898046404835,2.6687905586455027,2.1675036628674142,1.5902677323489312,1.665745565947732,2.01316290694824,1.4769846484136104,-0.4834725643754677,-2.992151776515637,-4.4776163195663905,-3.6370447971385866,-0.11372470735152015,4.864677507691998,8.343623003044804,7.2225012259636845,1.103075651729607,-6.38861425
7kg_10bpm,11CA,1.18054656,0.7469622772679588,0.7178134824400528,-0.5961514209988122,-3.93896383,-8.07056341718661,-10.63167250678159,-10.212416714456543,-7.37001381,-3.8522644271795636,-1.2488124931686042,-0.2537390918974654,-0.54755558,-0.9837356700316592,-0.382203667267106,1.5909727661533652,4.030522620000001,5.209222452679813,3.889278330914417,0.4303451563658175,-3.0449594,-4.362067954141964,-2.724752826218305,1.1391518117234354,5.970011350000001,10.652076146454851,14.245722225712324,16.163765018262566,16.315160560000002,15.048791534829158,13.001817338162011,10.811537816385904,8.900521920000001,7.596554525215728,7.001019019843814,6.662713552675383,5.86127855,4.204657515092449,1.983258139313294,-0.0704402153989951,-1.52939756,-2.621651803715203,-3.9574987038482736,-6.0252213490531,-8.818885740000002,-11.934399694271603,-14.69535572957301,-16.441494652369716,-16.92255823,-16.116886681140198,-14.089063480680334,-11.322604206774795,-8.82602543,-7.572329387661575,-7.636580887457027,-7.963825947016133,-7.29921421,-5.338929931263805,-2.882139798902058,-0.9948658958141344,0.019714099999999984,0.9099021729502318,2.578163475813683,4.907873382214893,6.55899319,6.2250061037831115,4.0420616524713475,1.5376331666269878,0.39390500000000006,1.05855471158529,2.515616430626697,3.474981133896188,3.79673355,4.548124734529259,6.348051065415712,8.235521926557325,8.541407590000002,6.602254198334859,3.4452291585909767,0.8345343584412157,-0.27137172000000004,0.00036919096925149,0.9680043231755731,1.9456353648787967,2.42664883,2.1534497067953176,1.3780852089307503,0.8091243776853091,0.9834574300000001,1.7753907314537252,2.436669397889032,1.9441581741202647,0.028910409999999997,-1.8575017092854325,-1.8995950394291636,-0.12370132127704346,1.9212669700000002,3.2221619504993257,4.094805548294702,5.027595040148443,5.75328936
7kg_10bpm,12AB,3.35021788,2.4228054466488573,3.1883110821089846,3.363526908925117,0.9056993315759143,-2.8832550541512116,-4.499815245406572,-2.1916050886094545,3.1267910453578893,9.408720276848925,14.583817821146955,17.276379129005605,17.192913014215133,15.003518682057502,11.902135126716553,8.907419629492251,6.139854648022004,2.884005401597576,-1.3771381892670838,-6.160397142065641,-10.622843143673716,-14.819432124947374,-19.745019660455586,-25.588001436462967,-30.110252650602053,-30.691190603923342,-26.91894461620306,-20.660665476383933,-14.773045940515159,-10.917147001429097,-8.77273476934273,-7.370023301253802,-6.1016060881591,-4.7112158743907875,-3.2256306520197464,-2.0236625110883106,-1.4970198328802216,-1.433503688310247,-1.5135032386985918,-1.9699554125318568,-3.109984867495747,-4.621294782700729,-5.829545041875716,-6.247019816971263,-5.7313524927234445,-4.395238271882984,-2.6593430775873212,-1.153690849710553,-0.33486733724718226,0.0872589070348652,0.9823592200000001,2.7415323134116747,4.251878466277201,3.758092242742154,1.038324761922947,-1.8112031886626807,-2.544754172683837,-1.4858806616520523,-1.0151062948414344,-2.3803090238935987,-4.213744468511504,-4.656783080394385,-3.9304409441718495,-4.181494251400208,-6.818717534312193,-11.317333143365817,-16.0669551833804,-18.733201422359386,-16.500304869602044,-7.848277270220431,4.885004582008063,15.944571774863983,19.613256205289925,13.476501158293564,0.126871466802204,-14.14100106039158,-22.69172789920897,-21.44587550118426,-11.264779695617944,2.073343790879842,11.732585117097575,14.387569327638655,10.96227981735149,4.2150855079399765,-2.794557489073574,-7.02940522350872,-6.6751921327951065,-2.5742740435792695,2.0493673289744083,3.636296545276734,1.1596967086732386,-2.8004008673021814,-4.853854626795446,-3.8717581565716084,-0.8905030521518443,2.5100836605506687,4.896776585634095,5.147786878468751,3.196043695699324,0.44793788156791836,-0.93731678
7kg_10bpm,12BC,3.51087411,-1.0192875108053425,-3.575634506671145,-3.940021736230999,-2.886185397955702,-1.2392256602875693,0.7256540424842547,2.957852912366902,5.089562382295884,6.388795316321625,6.240419233288224,4.732887253321337,2.6145266198224193,0.7331410946077862,-0.5906061360698561,-1.6078018415527102,-2.623303815128641,-3.702099759881112,-4.614966173407576,-5.074959697986185,-4.992960886329577,-4.4618257377387,-3.61850446983227,-2.5446674529437106,-1.1843666695934731,0.49073811916251514,2.2209007320430434,3.509257363101891,3.942202946545528,3.4878819671742978,2.488247098675277,1.3120034114601729,0.061255688568982614,-1.3207324559121851,-2.772614272518663,-3.9942710178142553,-4.581657016350864,-4.378673237852812,-3.465469409021039,-1.9368827768107975,0.14569535099575148,2.453389506081604,4.223663152683443,4.602477153139507,3.2391468656336184,0.6160377222352159,-2.302675006816071,-4.598440990189816,-5.615312647116235,-5.026237056418389,-2.980017720397372,-0.21054389705641555,2.230794514707291,3.447340913722966,3.082558542819588,1.5447830953535826,-0.14024627528881992,-0.9179243648236916,-0.330592481074105,1.3209370608650255,3.2786154099673164,4.606329650374092,4.509946830767143,2.779733213798583,0.009195124255275869,-2.5717819653718377,-3.679233644870033,-2.7473573854019295,-0.30658603973604615,2.3774533245114924,4.173986927391407,4.7618800074641126,4.663883620119204,4.552035887800049,4.515424438057995,4.120821803999374,3.1374830862318257,1.9476504662563692,1.1273150884982752,0.8348995814857068,0.6899120041922558,0.20084905918342183,-0.8488237403063362,-2.312909933844315,-3.7112933329759867,-4.331596499136239,-3.4346265800207965,-0.9123732127951196,2.081085001774409,3.7419714728274815,3.187413218502209,1.2497558649340788,-0.3792289194566189,-0.6509964074423924,0.25653733298997794,1.7196766859184422,3.6396037630682927,6.399955102890327,9.926995980708647,12.991534413918686,13.57859034
7kg_10bpm,12CA,-3.25458039,-6.175325322665287,-6.955561978817548,-6.801779533740952,-7.108058812369767,-8.17933624064145,-9.383765744077772,-9.849962698703179,-8.887461824055176,-6.240482650439024,-2.308311648521521,1.7271218072819772,4.499679104436434,5.482905755102816,5.214037151244601,4.514486862991567,3.568155873733856,2.088221570334433,0.19831271613697468,-1.238793741311214,-0.8114089439968338,1.783447574230095,5.377515389057405,8.195503864888659,9.322294012135295,9.272907470000002,9.384454923227715,10.74004708807894,13.387331844036975,16.46318050390684,19.013935755628005,20.3751580215013,20.19015106113019,18.654816415517722,16.44719838909333,14.202977531927088,12.229450523345507,10.468059720909393,8.546660452789183,5.873299089882321,1.918611463204304,-3.321281082443973,-9.207294676258295,-14.729902290559814,-18.743613150680332,-20.357262888709858,-19.887370931714862,-19.04450633637024,-19.73828461467381,-22.58153852841015,-26.125236790000002,-28.171946022372076,-27.31306631145716,-23.60064422684281,-18.079395144437274,-12.030192735722247,-7.215536556505814,-4.859819625963716,-4.24886851422341,-3.5141776664717606,-1.6447756607621775,1.0162677389198542,3.8703945948334963,6.303640430959443,7.823352203892357,8.589604607239078,8.575413526968106,7.340959679466154,5.0210479876166305,2.377968767932186,0.3883498273524054,-0.08031841760424395,1.0386922293657728,2.89584284832452,4.535720541291171,5.402045940000001,5.358271303376261,4.80491515740917,4.517698712008364,5.121349788533357,6.293843853633154,7.077852904550515,6.88338233011979,5.761512508210919,4.234326128040265,2.9851231819932886,2.4442757677435822,2.5547844596849187,2.819645284047857,2.82443510401168,2.626236554188921,2.2877715972838684,1.3634308705990192,-0.5956958765822309,-2.9510386153499297,-4.2083203281598225,-3.4016387341538583,-0.6715279252326869,3.378741066327336,7.947367749283689,11.70018156
7kg_10bpm,13AB,0.78727521,1.574191881586957,2.818524064221701,3.891702961516524,3.3921105728496497,0.6726627368125446,-2.738942397593116,-3.96565956729393,-1.4672289004112486,3.418569385377486,7.70278201,9.577927319933082,9.50837478368946,8.78251121102569,8.116712978196562,7.572026774166286,7.192871501878905,7.220836121046545,7.6499540090531015,7.595432915388227,5.84867767,2.093520022860851,-3.0595726506327936,-8.984920437944613,-15.441391674048706,-21.926154446554484,-27.442053687015886,-31.266843976756068,-33.049561541110066,-32.239019666513116,-28.165783220000005,-21.180039392733402,-13.138275270411304,-6.442259428344662,-2.6951124912761357,-1.721695229641135,-1.7591079547719417,-0.7566481744595056,1.908693673375023,4.9264772735169045,6.278866940000001,4.882669920135068,1.8899657685932707,0.02159639054891833,1.1372075621328388,4.509393553582751,7.784140886596211,9.216208356590087,9.13350658165511,8.544466623742645,7.24168862,4.207438469231543,-0.3704124539025015,-4.625354033932835,-6.704814488015335,-6.346408025287378,-4.571679875245609,-2.377356652693532,-0.05556828594246534,2.2270681376247454,3.3551720800000004,1.6637950657070781,-3.354935466925192,-10.236873405100992,-16.445941411098886,-20.11553497540851,-20.760866174724,-18.24023390678657,-11.868765194627864,-1.425616994261726,10.73869139,19.02221561677423,17.70636378787893,5.356373634711519,-13.582170169401154,-30.358472606299802,-36.18318548255165,-27.722300588663337,-10.01717316864901,6.64164641352875,14.19959634,11.76486114439113,4.0904264304593445,-2.7533900314934727,-4.562552107749205,-0.7415300381190988,5.606758951499466,9.726421196203068,8.818447218690475,4.422465774541706,0.60624337,-0.3867605434138207,1.0076912846061892,3.407815768585694,5.535380588954131,6.148165667249686,4.434172744146153,0.9248836804328859,-2.371693420961875,-2.950605127414487,0.31295626
7kg_10bpm,13BC,11.56815203,6.6225883926269224,0.5940654118144786,-4.0351586340029435,-6.095275729914171,-5.811760981625165,-3.874184587894799,-0.8585213688625596,2.5349965592889303,5.284776034481625,6.3959224,5.437718760483258,2.9499902250993717,0.22638877739802254,-1.5164566784832536,-1.8144859855935285,-1.170342370851442,-0.646160179129085,-1.0617714322992382,-2.4078394061913837,-3.9789662100000003,-4.982622853817533,-5.0798365611466885,-4.455418588590388,-3.4393176729218196,-2.260506033943645,-1.0033699958983666,0.20794577626850902,1.1729308335187332,1.7017826843010682,1.67140097,1.1313932940131524,0.40693218013010646,-0.099322063583305,-0.2867012729714714,-0.4889200160351948,-1.1494399470437533,-2.2979174701137643,-3.2426908732276924,-3.119213084873066,-1.7362713400000003,0.4055087019820788,2.540192096167747,3.9776995168531077,4.271213782154197,3.357672993383063,1.5771576884052778,-0.5300709522037116,-2.396284783443197,-3.644329700561395,-4.384028100000001,-5.030592200345302,-5.670169728033404,-5.9510743135322,-5.556114799583492,-4.545502455015951,-3.272845350750425,-2.0604366286514013,-0.9667951738402786,0.03163114409239682,0.75662235,0.8846140714090962,0.27868314411970496,-0.7975266410725453,-1.755059291162356,-2.031729433093429,-1.458578944251751,-0.39259808175124045,0.48590227972339095,0.5970393010354826,-0.06611590999999999,-0.789435060464201,-0.7285569256963937,0.22273343707446255,1.270866647703156,1.4820521739733474,0.679612801211918,-0.5270696913152462,-1.5499677478636937,-2.418910740890778,-3.44012924,-4.493169704264217,-5.055695630498059,-4.8437243657008935,-4.096939014747887,-3.3274948660778323,-2.9207962259983993,-2.824158525009624,-2.648230984423064,-2.104085177961142,-1.4052794100000001,-1.0900558604362087,-1.4105825557795428,-1.980896919089299,-1.9026420249270628,-0.38098299557554627,2.6131269393782155,6.221113488756261,9.275274149838335,10.794960658837088,9.99207792
7kg_10bpm,13CA,-1.89832635,-5.0101576066286135,-5.506261000966282,-4.308635846196593,-3.514638487861286,-4.255333334841864,-5.976235814496269,-7.143048891774603,-6.462588157262652,-3.7895452732025174,-0.037580810000000076,3.474509301987577,6.091943398952331,8.078201725179236,9.772745970707108,10.94516442302305,10.751057338959304,8.484197360863812,4.822521813181788,1.9166453600416238,1.5756131600000003,3.572838744650622,5.921916284868633,6.71464004741943,5.768035437912212,4.427665850920541,4.274047438565924,5.938150085610252,8.697809645324714,11.198888669710563,12.30630217,11.390727822821544,8.433420050479116,4.204828176212662,-0.039092559146324715,-3.3544408582341387,-5.722469589592842,-7.675070484730782,-9.465838453592017,-11.326637505735373,-13.81120932,-17.1383664731438,-20.27464873602905,-21.14385766535095,-18.707162270385506,-14.562566483399815,-11.751546587045901,-11.776666802250952,-13.356605147056825,-13.64993810773928,-10.88713555,-5.993876310127436,-1.7133578063623343,0.4593653700775838,1.1326528120907065,0.8938104580130094,0.1369472029761612,-0.34658487490314366,0.18743770490611675,1.6552324774217462,3.1932433699999994,3.9522495729867564,3.914564234519797,3.8724777866894424,4.543993104655847,5.894516997740382,7.08107880356566,6.977359872387193,5.515341310129906,3.8916160390286767,2.9010960600000004,2.311984658794034,2.16822038345011,2.964166062164852,4.783249455360047,6.847039697715692,7.979486979927535,7.446730240197297,5.506236038732705,3.33872794981894,2.0544585600000005,2.1777146386829185,3.3330855454419197,4.378480284183437,4.365635479464086,3.328965737198003,1.7479025289409331,-0.10181504557216244,-2.070337107331545,-3.6924048450184426,-4.112234480000001,-2.935050270223126,-1.2321881200173617,-0.45038006358069443,-0.46642283153927716,-0.2633991045460362,0.002419747823263139,-0.5424755334049179,-1.7185229702545572,-2.2933015840990123,-1.26685836
7kg_10bpm,1AB,-2.69265317,-9.718044231048356,-10.330335341168166,-4.766790322525732,2.5555267234184553,7.533187513692931,9.361115143561756,9.910975453966024,11.095192421115986,13.141738412412113,15.189610628819374,16.422237233909414,16.3785583676612,15.522342000497392,14.553422234380957,13.532066554872195,11.976218748919962,9.391431179474475,5.849804011409618,2.0451827126561994,-0.8927702189666784,-2.597187832208128,-4.186085539419344,-7.413593995196247,-13.266249639983982,-20.375997865400695,-25.27164828378821,-25.335559013610673,-22.036244097391375,-19.70923927263754,-20.36343869776194,-22.72819426371358,-24.8909602625738,-25.907935701445425,-25.73511751569517,-24.136616349358782,-20.516231950728884,-14.94019994902843,-8.770676474892948,-3.641814270447961,-0.5289980494194949,0.7086811968210512,1.5148944280857726,3.505671788489607,6.809401540561313,9.939622840971218,11.677507123855271,12.271386225071273,12.57552412649259,12.593807284174916,11.382497460000002,8.892834757542321,6.921513814303724,6.616333500844412,6.605776974840179,4.911483646215997,1.703089582998779,-1.1138290542543758,-1.7171143928383081,0.5078525487789503,4.147118205919356,6.44249419152735,5.435294190315497,1.7493237273349178,-1.8845517875027542,-3.182450774608685,-2.3497386063576697,-1.0758184443884786,-0.4773708968207927,-0.37186791030749666,-0.2834272446943574,0.13022863503532292,1.5143758110149594,4.024939893496723,6.299651335866185,6.2411294474294685,3.0286463392799594,-1.6966086536319658,-4.952753148630745,-5.202693080529658,-3.7631423801778263,-3.023178503704767,-3.4640298525478954,-3.1790950521428147,-0.9001379921096693,1.6732691895105503,1.8397772944406785,-0.6439286064847127,-3.7942643865743593,-5.908948084240922,-6.562677491018839,-5.857900085814111,-3.7435635146961297,-0.1659273511059128,3.9162790401494036,5.074967320818291,-0.8701109383703995,-12.648980709348363,-19.01146956071796,-2.823293089632619,47.26101034
7kg_10bpm,1BC,-2.90477019,-3.882060468165905,-3.4024003948665738,-1.7157813755162648,0.1541572133961802,1.29839365,1.7042115926240613,2.0610743247099754,2.9068781405287414,4.252488520125712,5.716237439999999,6.527969992542153,5.880831839583259,3.5502930166246363,0.11884088033222504,-3.38529082,-6.214009413463404,-8.153840471566342,-9.214145841188799,-9.420597083549998,-8.93089059,-8.137610954452565,-7.477447209312968,-7.026820686972489,-6.333805147923412,-4.8013454200000005,-2.418551320613911,-0.012665115812752746,1.2807898662395234,0.8715253821954633,-0.87440296,-2.8619111485186592,-3.964500263396186,-3.6577831250308313,-2.226318196406869,-0.46880995000000014,0.9318253138077834,1.7672939640301304,2.2369132892319423,2.7075310033898266,3.43778672,4.376660529150741,5.056328479201628,4.829317064856564,3.437909550645767,1.3749608600000003,-0.4246771151739355,-1.256387584513037,-1.0230661504666718,-0.09277329715654348,1.08229784,2.120792801722125,2.732270574146981,2.8022508840858698,2.5109791174452782,2.2513584500000006,2.3490991257506684,2.810756607095543,3.314730528109053,3.3243570616016633,2.32446928,0.2971851006049843,-1.9629771393674955,-3.2609870637937317,-2.877944811834203,-1.0129383900000002,1.3724188538098463,3.0724378531143346,3.4187580188180062,2.7773066330445473,2.2761611400000006,2.841066350209672,4.39502102010623,6.061932413287588,7.005653271302764,7.044696720000001,6.6083200746526884,6.085275187681584,5.267867299161243,3.5874371506419545,0.9718644300000002,-1.6383720752248823,-2.855838448400281,-1.9557860260600841,0.5543266927139876,3.27878654,4.86385917264129,4.804530517771106,3.520121705778311,1.8202730388623114,0.37965814000000003,-0.6633762889976914,-1.7422450074937559,-3.107844214268406,-4.089992514435996,-3.3324802400000006,-0.016773851730028017,5.131453189217697,10.108953193615118,12.95635625182558,13.07963842
7kg_10bpm,1CA,-5.32389764,-7.859985758069499,-9.768564936250288,-10.659016616645493,-10.676473590508097,-10.088833218118012,-9.089987492830108,-7.747098817105326,-5.914608879231812,-3.4494091965172595,-0.6659919802873561,1.3579893570564854,1.3546689585999543,-0.8250502709899097,-3.667396722873396,-4.967724483277105,-3.41876598346427,0.4144898430760657,4.715854413306508,8.039027079344395,10.368274475300941,12.563756869296125,14.9466087328331,17.044257547016556,18.24211178198083,18.340367457188577,17.586889553629675,16.17607584477398,13.961953780763256,10.74692064667773,6.863267299040376,3.1925864506495296,0.7634871732355795,0.1753292221820181,1.2956939136352403,3.368826057140898,5.411597945917675,6.52320946948685,6.039628725858852,3.5034123131618458,-1.3324320649715662,-8.329811574591966,-16.711234153458804,-24.805676087263453,-30.533265584187745,-32.472708098409704,-30.454498514108515,-25.155073123891682,-17.99087344185404,-11.112578921848197,-6.506804803605861,-4.946235348198268,-5.648634590655629,-7.01536432984126,-7.7058340816579065,-7.068866248127361,-5.109333501683745,-2.2421215309617235,0.8241176544494903,3.121211068380084,3.806827600151971,2.771614577831732,0.8564344047118051,-0.4829967431464114,-0.07030298274861665,2.1544212703832395,5.17974229669889,7.852006910472196,9.576875582215665,10.076535871975858,9.296176829938558,7.522108630078265,5.422691674550263,3.7023778399474083,2.701894641735018,2.4962935828392174,3.152676095494164,4.526191720473533,6.030310547956026,6.967645334623982,6.910149512212943,5.871752910047517,4.237526712302486,2.5729658247468445,1.3520456469346116,0.7923519732067766,0.7694919291792356,0.836468817748445,0.5173907464945148,-0.31168531289715,-1.3754560011998151,-2.130002384887319,-1.818122095194201,0.12193072381233011,3.271639255136252,6.241552286102769,7.835547818215989,7.939509216351004,7.211325387128763,6.384306318347269,5.70264374
7kg_10bpm,2AB,-8.18937577,-9.31859961490575,-7.263437452990128,-3.0238147041083816,1.290859647745621,4.055233900170658,4.822735804589084,3.983915515959735,2.223682588459666,0.6314792239894524,0.7704475652965679,3.7143459796640808,8.664194616597927,13.063272910168605,14.464188924118067,12.435547103005959,8.945978185170508,6.828888511629278,7.5655721678668755,9.918769885025084,10.59102133928157,6.641320309532735,-2.3351847098787775,-13.659621383583016,-23.198542051240157,-27.80401963013173,-26.502684299246724,-20.6885475299079,-13.458532540517478,-8.149606560341486,-6.93466452321233,-9.90630703424383,-15.286596318161719,-20.499744482644196,-23.260870385983573,-22.459715232852965,-18.4539699632957,-12.730781002732428,-7.05849143114696,-2.447529359109877,1.1348148277781283,4.050390310181729,6.43339472634348,8.11741172789004,8.851572566394752,8.582087451038962,7.617375111740232,6.563733239168758,6.087400947645235,6.50489236371518,7.39403459785782,7.829690095001073,7.193856422132182,5.657061984619938,3.849940893333262,2.5183570893128113,2.137196083375546,2.5777506124833875,3.4633324067939015,4.456204222886543,5.254332362149349,5.837473291074131,6.301428924753415,6.278652590151134,5.030763656223405,2.1327564205424774,-1.7905279754696375,-4.974204872684264,-5.547736778158922,-2.8089587629500237,2.1025174034395295,6.825440097177781,9.566299644823893,10.377843233590383,10.757481749581759,11.927257311313536,13.383832655655102,13.236640230514684,9.893215822970005,3.6762014612568197,-2.8734974487060083,-6.4943129471934125,-5.486217572299214,-0.9804505593495437,3.749257421407606,5.311422991969255,2.3497366105513318,-3.5998037888354526,-9.178298801517661,-11.342788208238073,-9.27638922202218,-4.706091464200193,0.03312026435062791,3.7181910870646258,6.046260159398061,7.070536391041645,7.3712539305257065,8.029007813304474,9.69798328312409,11.771361427835478,12.65978726
7kg_10bpm,2BC,-8.49412748,-11.318490394566014,-10.979585899829294,-8.115264497685935,-4.3400398046344755,-1.2494329306425827,0.4416061486916616,1.06095855980157,1.3873531473460003,1.9756409174041027,2.9444057720561467,4.0485357774975235,4.862512040574554,5.0093306085890825,4.247941820913858,2.485966764358453,-0.17597583243575504,-3.408200667953466,-6.716003723605777,-9.50984257038435,-11.25910263,-11.646310570932911,-10.705078661682037,-8.892112427944625,-6.877717574874513,-5.166418075640328,-3.912667303565006,-2.984055411710182,-2.267787627836415,-1.7161785355535728,-1.326216832014001,-1.0517736626370005,-0.8635620993053008,-0.7774692617703953,-0.790720175614037,-0.83672546352735,-0.8046711289562022,-0.6472023066313772,-0.4517489740715856,-0.3825183351536289,-0.47178057000000007,-0.446879599002517,0.2271759358074129,2.052448374771052,5.08939694869214,8.71791656592955,11.737910200880838,12.813552409808834,11.10167414764855,6.716226927352855,0.7487733582115701,-5.139099765018254,-9.326531324031448,-10.688701510628459,-8.898966372241526,-4.686417405441697,0.3296827367898742,4.40729377268034,6.525366098005736,6.648361877878689,5.2783942800000005,2.8232831515649064,-0.5020622857139618,-4.201373562724503,-7.1205696265632215,-7.730189237186679,-5.006328069901711,0.7665087823390384,7.871834279974761,13.779280621332962,16.3405947682731,14.959323337791325,10.803617815485362,5.920542272922412,1.9918896569648004,-0.30300011977958735,-1.0683219902144345,-0.605352915083584,0.9620557593368312,3.584015942748068,6.863499190000001,9.754253447334854,10.76391330893249,8.805712890042445,4.2103350140781615,-1.0060497259676,-4.102465896399414,-3.272952682227891,1.1417480165929539,6.73149177459884,10.388037885985682,10.081425910126152,5.813583245079341,-0.6023409710648928,-6.464983252085131,-9.292270924629324,-7.762470909209908,-2.170366401298395,5.691530449784309,13.228525049865782,18.06788707
7kg_10bpm,3AB,-4.46625693,-6.325044400534749,-6.726305650940378,-5.739293120628898,-3.818485861532506,-1.4528620186529344,1.0342460225970946,3.654673534258039,6.7281910943524235,10.422743767801,14.269858896434064,17.247602333703945,18.455208354773934,17.79570994110344,16.08142596869352,14.419517035211461,13.401397580661108,12.842624652573003,11.976603910339218,9.862992472767962,5.920402877462393,0.222581679722486,-6.708635065671799,-14.234574068636263,-21.497566799348988,-27.390263773761127,-30.746965966657527,-30.784746806677624,-27.882768828344755,-23.427998460755386,-19.033876642474763,-15.951800422161774,-14.650638678358401,-14.777680694782086,-15.513493148335108,-16.004666255144006,-15.653559603640284,-14.136187675023944,-11.313700346974288,-7.306483675850723,-2.5483910692214464,2.2593772031836243,6.199237977994098,8.24855521187816,7.7962036609369,5.195085070964053,1.944423426173869,-0.17327587406999498,-0.13129065032120713,1.9256200006570852,4.80759852,6.954525043266329,7.419923885004863,6.384470501328802,4.828765485086225,3.7405836270612074,3.6106776488734287,4.164493732506684,4.4825163434853526,3.623439660783776,1.3150188252791586,-1.7702490506226165,-4.390444339450165,-5.4855087632394595,-4.8946201547684165,-3.446207936193676,-2.437253065332435,-2.8149142641419402,-4.522961675233178,-6.564279786275031,-7.677916212101086,-7.2677018634869475,-5.636885006355848,-3.453126180671742,-1.040988369180498,1.7937443329540967,4.97639007349701,7.657753504020562,8.944727666765587,8.989945751051165,9.006375583286394,9.981306647778355,11.643963226772605,12.842533130092448,12.504185618878122,10.110909440621413,5.814392060543935,0.6624134689055391,-3.6720443197788133,-5.92195086552325,-5.936765133450857,-4.215892902606908,-1.150026098187124,2.978211205527622,7.542797656606956,11.320306460446977,12.853710818765729,11.178199608934735,6.455644727854489,0.11098071712302324,-5.67510503
7kg_10bpm,3BC,1.38026336,-0.4346259653880506,-0.4897363004441999,0.7719279431424017,2.0375704955582328,2.183769846718623,1.1260682429530033,-0.33125932774452127,-1.3135211177138328,-1.4583864776182294,-0.8243756602278344,0.3433163996128049,1.5944820576527,2.43721229465267,2.603815978815985,2.1016162625682564,1.1141296381692005,-0.2124778999282685,-1.8090207754270282,-3.5940937031402824,-5.356197835581816,-6.781494106025172,-7.568532168212407,-7.418118022140409,-6.191463959008262,-4.0469674280038355,-1.37252316835188,1.3389166992899963,3.606597803946969,5.003356781199767,5.198794755062649,4.124831753970069,2.0866473151984666,-0.3383208846417055,-2.571836671832298,-4.291148797119665,-5.44990075391189,-5.98670688611534,-5.6265093922133484,-4.1217618736762685,-1.613234900725037,1.3037371043453998,3.8122474132278854,5.266192288811671,5.52806123799286,4.902473254069769,3.764640323178384,2.3314563699106285,0.6375520098627123,-1.3160012396351224,-3.3805755079789575,-5.254926589254589,-6.55316700218758,-6.820923657215939,-5.686009288568727,-3.1308991009170053,0.3846178942902129,4.009241690677284,6.762095041085939,7.848165887358964,7.040050924859439,4.991801960196085,2.934490371965303,1.812874936055752,1.7086699608121914,2.023527826897826,2.061332151671497,1.6085127875117997,1.0528313207731588,0.9666654177246812,1.5886482766039545,2.5690351800970905,3.198932006510321,3.0308706995460577,2.209997301462388,1.1960178633918086,0.3688084560764091,-0.11649859955981483,-0.29587619498199685,-0.21822798719035175,0.10717439248199727,0.6277312663036434,1.3496451511674858,2.379941084829924,3.756942294222536,5.324874103177121,6.72626181541484,7.485001955268276,7.210340904862245,5.767219796350133,3.2576725177474777,-0.10542604247490664,-3.871111800214115,-6.99961850215294,-7.926994968779723,-5.312642487566313,1.016798245708521,9.529183774327151,17.261549072652173,20.980423395423884,18.73208261
7kg_10bpm,3CA,-7.28326395,-7.057259253281729,-4.99766089692952,-2.5909225355502206,-1.3641188240806625,-1.7555624568460855,-2.983611746089646,-3.9690486941713266,-4.120000255475569,-3.3722566424098654,-1.9384907354774783,-0.0889612973095744,1.9417678461914576,3.8402624620720003,5.218329525420631,5.925726820426417,6.181102329655975,6.351230877781161,6.665724895061428,7.240010279245835,7.97959678155842,8.59662738355519,8.773382641889325,8.315974629304963,7.211359533824138,5.703737052976089,4.33005428992544,3.690298949996298,4.0781032249686575,5.4439066919570385,7.40844756975628,9.559870978484707,11.49936721785264,12.696947305089454,12.60850502846695,10.996284823045668,8.093327058856959,4.524235190249401,1.0005777690742512,-2.004324819387739,-4.351199113149022,-6.171255652359618,-7.809460844490509,-9.717923857617837,-12.255945880624393,-15.375241540032642,-18.454790968047448,-20.63002682518689,-21.26784637494143,-20.16598882883071,-17.647790340000004,-14.519845544901003,-11.793699553762405,-10.20767229243601,-9.846531015086708,-10.157947947642207,-10.367415475232834,-10.018730601397312,-9.214939896408588,-8.318524807159084,-7.422293714070783,-6.132998678262658,-3.948289387384902,-0.8610850257094265,2.4128544383915727,4.793842220114739,5.626005080293825,5.12507700243811,4.187487964680322,3.7864780278925183,4.3984961503820585,5.9169198592569225,7.7811595909556965,9.258993717930332,9.920508649081853,9.907436092194896,9.73020144058127,9.805125606314402,10.134454675025092,10.30731059074972,9.88706148439167,8.76946322529097,7.14586270601024,5.383358956261708,3.8038839704004013,2.489382663886603,1.348508529240588,0.3559490757875743,-0.35557246641188084,-0.6188504781743399,-0.48601133401349883,-0.33605315334581076,-0.5849711308191832,-1.1803975587037703,-1.3239906495555929,0.03915174317403103,3.2003577016273654,7.227949165732156,10.50840484850906,11.740317564303593,10.51103673
7kg_10bpm,4AB,-6.40579675,-7.55806359518561,-6.571583110298742,-3.982204283779218,-1.2211779607113376,0.7319460208702331,2.0079842625957984,3.35405543508561,5.3218308171957505,8.084632614838439,11.61867673832623,15.57566200600612,19.037383986059407,20.84990366361661,20.452829953519007,18.30566356207865,15.547289442645697,13.432208663395503,12.784123122256878,13.345169784076678,13.346439959348602,10.441040391747698,3.584110834987227,-6.09177919315389,-16.04339125786402,-24.117511175287575,-29.506607218197146,-32.338318404072254,-33.17894765703636,-32.804661509247104,-31.895247132230573,-30.888644166854224,-29.82965771614677,-28.441729801362982,-26.400194324524062,-23.477884406245,-19.600923497642547,-14.858117445066204,-9.616471220613414,-4.545671851548153,-0.3566056794525443,2.492202886203969,3.991074756119606,4.546028824771592,4.71969314686917,4.9018586730813345,5.144081058541008,5.323745996825389,5.360197240686632,5.256768127408455,5.0112318915658856,4.399255043346494,3.0674527557681817,1.176812205715423,-0.5363667944231951,-1.2097577227881704,-0.49456922921315205,1.0799893354882417,2.4287647340046825,2.857126347833187,2.7495803082768706,3.2586997724887423,5.073694641110959,7.430776514653547,8.55858746902184,7.26450165026807,4.226108088063071,1.5238315290331597,0.7188517551656676,1.2851667357854502,0.9337371639566828,-2.411653819583992,-8.457280740741105,-14.144024720496038,-15.913588643502885,-12.831418476100806,-7.361418616811979,-3.0912279512701653,-1.9165553171601168,-3.1746857900448537,-4.871908103073572,-5.639857497588147,-5.588065393312391,-5.495653951403842,-5.717154064214224,-5.912322704444885,-5.530592617250452,-4.296781649031008,-2.3550722624015097,-0.2747754978577778,1.25563221754172,1.922764989431101,1.972219807745992,1.87927988314729,1.731666112535147,1.143707657261513,-0.11863330111618726,-1.6297907727526502,-2.479708103594718,-1.8018445016716014,0.7670183
7kg_10bpm,4BC,-2.65527381,-5.95378248135832,-8.804614981948626,-10.941861280410283,-11.952591245741331,-11.259574354571097,-8.512287038902647,-4.08824551822687,0.8232674101692008,4.786313533556536,6.941706195054805,7.400423764533277,6.8686583849938705,5.9880318068402385,4.994128343686448,3.7362626998602995,1.9311537253351148,-0.51288432331625,-3.25824081602405,-5.682735942099066,-7.260662156751781,-7.784509530177183,-7.2756818825440845,-5.823991343336933,-3.6054146822295383,-1.043075604574351,1.2894430921568112,2.8227250634130856,3.25374173994462,2.6969478768107447,1.5845587180415281,0.39202032820565025,-0.5900939014664196,-1.364121004903579,-2.106243612644161,-2.8637647936000943,-3.4649463444858446,-3.6222701094008944,-3.2652159527565647,-2.435828584599783,-1.1565807720910728,0.6070375864144406,2.8126835418486724,5.204608372877308,7.2629336906910265,8.316532596900677,7.875698493852681,5.940024026575494,2.9654950512718,-0.5137562704756635,-4.232721973040532,-8.078238633624487,-11.606531371554599,-13.85451252629035,-13.865227022541452,-11.456152822484166,-7.527610186765347,-3.601736916557958,-0.9075815387459851,0.20271406039918133,0.2852182695648625,0.36554887353916765,1.2833020966399193,3.171390358544785,5.356581257559584,6.897768377351388,7.286182748061681,6.633730227232042,5.37665673741356,3.886590032969588,2.3765905166275707,1.0593153660932206,0.16426561686048777,-0.22766296793777155,-0.16340184173969527,0.2626722206001957,0.8334924866740219,1.2821084892040662,1.4727231295763765,1.485730398463798,1.6020538936599604,2.0455364908827938,2.650158808270422,2.862506991211398,2.152570850433445,0.4903681464687316,-1.5901175565024246,-3.3004108092051383,-3.987028719748575,-3.4208986540536883,-1.899316381210229,-0.25166730003439663,0.41477749084634896,-0.5766448962582021,-2.770636562533443,-4.487474994911163,-3.5602390706779743,1.2680186450487148,9.163341379820764,17.325308733812086,22.34945187
7kg_10bpm,5AB,-2.16431707,-2.7941164483178,-2.2531020905101,-1.540040538995901,-1.3220602361217124,-1.4537366700000003,-1.0947220540334082,0.7641349243638049,4.465917643003819,8.950143459393436,12.389061950000002,13.668152468520232,13.22051236787546,12.509229437539677,12.660142725568186,13.43865603,13.588467546400816,12.081470597698578,9.122013106931028,6.03755371363558,4.174715870000001,3.7033549316951704,3.155400206831217,0.37860550594756015,-5.822476746309237,-14.596749060000002,-23.435480441660445,-29.742913469429418,-32.14104925977021,-31.052520651073475,-28.194590010000002,-25.327456343630406,-23.280574658121697,-21.917284754516267,-20.67615636869759,-19.05401098,-16.86224047562827,-14.296054042944698,-11.69100752529772,-9.098665896150013,-6.22153783,-2.754923170607705,1.2437918031577972,5.1566794035766215,8.008933031554795,9.11754916,8.562989310039567,7.085009558175065,5.569720188624688,4.544005478376717,4.00233597,3.5513198979886895,2.842202035268057,1.8799341521778792,1.00956954972493,0.6703990000000001,1.0855651223753136,2.0167474626463076,2.8246421769845385,2.895694792770424,1.89254859,-0.2623654031215428,-3.1662079418763454,-5.705010959805192,-6.4682614900823925,-4.76985509,-1.2592743606995334,2.4873949868420473,5.070165754286687,6.02979232843681,5.715482280000001,4.699351220989364,3.4388558577283908,2.3451726699965767,1.636948387639003,1.04809703,0.07578648904672022,-1.3707434724868297,-2.803507838733765,-3.650818361570912,-3.8845581300000003,-3.9610015468709676,-4.118903690255664,-4.1479596288924805,-3.797888801192267,-3.275707980000001,-3.27177562910327,-4.487512211071477,-7.077283809122362,-10.187815718029025,-12.030243590000001,-11.086464645494145,-7.470636532616922,-2.901137423316593,0.6198609280600661,2.2140156100000006,2.550826617746732,3.1387749435255516,5.193932338580169,8.859260707737826,13.01697696
7kg_10bpm,5BC,2.75889878,-2.7720452088441503,-7.1980931222921685,-9.901345011038122,-10.815475099064354,-10.256636125171529,-8.538722190644629,-5.899708020072069,-2.7549171202129124,0.2775852489849523,2.6716193707222806,4.268261502600092,5.194157375731901,5.520774058583488,5.151648540796507,3.9804982872753336,2.037031690367164,-0.44949267330792175,-3.064666171747664,-5.333158222822452,-6.861642942118609,-7.475801836150998,-7.330856240198317,-6.840304661068786,-6.460578095188483,-6.44195372607305,-6.593626660669979,-6.397839714086635,-5.3918205146205,-3.475447515953978,-0.9429848166714407,1.6697727594610616,3.874317498314765,5.379716595105338,6.023357068228056,5.651969070032113,4.157844575280849,1.6378619649085053,-1.4228323242282683,-4.457534710248473,-6.835367580180031,-7.872927585886217,-6.953584887634047,-3.9207206888888546,0.4942599983348486,4.6658539071665,6.80873786141746,6.059353214073115,3.0183699523387975,-0.6423713269884412,-3.191438622130838,-3.692022061314344,-2.1976131902456735,0.48328013617320154,3.1466342071776356,4.523733460504921,3.7474901459529018,0.904820402056785,-2.9144720868136327,-6.219747512827529,-7.8535497491070245,-7.283612698235532,-4.611954755382014,-0.5948566921570857,3.4230749819845205,5.860076477382019,5.651832796171087,2.955956193869822,-0.8105423015083897,-3.697270605153783,-4.222743637283343,-2.053811160937923,1.8739964851463513,5.872101991147831,8.418978154239111,8.999347010112226,8.232077325752233,7.184311663618781,6.480079191198742,5.939987264446136,4.870584935454656,2.652136652161069,-0.701422515268523,-4.345546700889719,-7.040892264801479,-7.771768728472083,-6.052264262718545,-2.0267448190484116,3.5494168838645193,9.3928931812189,13.854081807470758,15.34944082565434,13.077670772881858,7.623195289371279,0.946461073143027,-4.534164180576269,-7.138378658014882,-6.46945983770176,-3.0724832048117743,2.1236491869951575,7.88576442
7kg_10bpm,5CA,-6.79621608,-7.106921975679141,-4.7277428164434765,-1.4735816704465592,0.6771395880297474,0.7815766248562136,-0.6986970506403519,-2.474361783832403,-3.2453634931855646,-2.3524525840364063,-0.06313054696017928,2.52226259101114,3.978977870362086,3.5164435621161,1.6163804805810016,-0.2725872331236681,-0.6324044503677319,0.9894999904104489,3.721857836939237,6.035195265760298,6.716849009987643,6.273478850770342,5.827358399321963,6.122611253234171,6.930943329683788,7.227946816404363,6.303435568483458,4.731654459869921,3.9291931354398253,4.654115095716052,6.329079826936606,7.722924378878432,8.038691757546536,7.25699096951791,5.615072410344416,3.1913238241393156,0.044283291010333486,-3.679534725694272,-7.747955551547327,-11.675578199817659,-14.528934196252075,-15.456029857689508,-14.594079484956401,-12.973821818801914,-11.368646848174194,-9.97937732935548,-8.823972167170956,-8.122565207107154,-8.171774517612127,-8.993076360821977,-10.136724430000001,-10.96438917992742,-11.11278204595377,-10.631667190193342,-9.708262974955995,-8.298363407449099,-6.15850905168872,-3.2898888981764465,-0.25123709401172983,2.1259700572071747,3.3425777199588644,3.489661978059333,3.011431076809811,2.25947344378889,1.5919316227965181,1.6655439999159798,3.156861052831574,6.014287940732742,8.914270093785609,10.014604714815942,8.623028949983745,5.686187880049672,2.9528847430320186,1.6862798735749163,1.7188844440745001,2.0238553562150767,2.030182774930198,2.0236610772980965,2.4686637119724937,3.2628172758371528,3.816990186765492,3.705710975353986,3.0307454698020933,2.222487492660646,1.7611342869811486,1.8747822565486856,2.2062160972688134,1.8317079330878634,0.31149185551408376,-1.4609234542216678,-1.920303308288739,-0.21207203967957838,2.8645771897876307,5.334488446287712,5.5762270513507275,3.869029717300482,2.379780501600277,3.157713737634139,6.448741728972151,10.662369962431667,13.4107308
7kg_10bpm,6AB,-8.47435178,-8.112437537672074,-4.848750508855008,-0.8474695457076935,1.5829098790528218,1.786250435191038,1.1639106777084052,1.9037266510351512,5.13771739550489,10.24715342064355,15.454831699825593,18.84936639712638,19.370180439077117,17.37989715987327,14.321750602381549,11.67927414365529,10.087735819320784,9.098727667078775,7.509544004983357,4.345012064885523,-0.2277922479322288,-5.004695151615823,-8.846870061082605,-11.728853560797958,-14.544890957754417,-18.07739817182032,-22.31237694322406,-26.44897591621416,-29.513351232430626,-30.88091951658962,-30.31423887241556,-27.92690417741833,-24.16642124344384,-19.779836001072532,-15.579129178027578,-12.21228948002987,-9.98867270545577,-8.738784500781843,-7.9305579622601945,-6.897627445762834,-5.117671456473499,-2.5369457211611732,0.38965121531724134,2.9460138397777684,4.578419150516331,5.189197464442658,5.147553943927843,5.016043726557925,5.167835775696987,5.660719601862218,6.21635938,6.339492819484695,5.79601673940619,4.981725014500806,4.711116360873346,5.4655827153786385,6.918844578778268,7.998135113180057,7.436191285696866,4.75609158388439,0.6736437309916002,-3.3787553452804584,-6.021950938992758,-6.508758192881174,-4.933390020320907,-2.027388738622328,1.2590828568697074,4.072822052341972,5.769262789333176,6.074169364700537,5.25550205271481,3.888974585375992,2.364774332321312,0.7299803027697083,-1.0887534236959115,-2.853797826076118,-3.8726027244838765,-3.545340953003702,-2.1525287372059076,-0.7750133986222933,-0.21842581982520648,-0.037494302185010916,1.1730638975013765,4.33299109408195,8.766704689828302,12.524720055010718,13.559261425104163,10.980847857323084,5.78032222028751,0.34356670992904925,-2.9373296862962923,-3.0643154163992703,-0.930849567051801,1.5340043820192855,2.889502834245148,2.954856293231873,2.4183981668999275,2.061734907055709,2.174369605131086,2.4941818794090205,2.62937725
7kg_10bpm,6BC,-1.60258384,-4.456825123007116,-6.055132654959778,-6.402124655034635,-6.089338655206427,-5.510264189990959,-4.420694488690017,-2.28569774338096,1.0164854151855875,4.815047336826409,7.873129558251945,9.08498194035893,8.122793142289622,5.535385658152484,2.248944011590677,-0.9390360530584001,-3.4715152207562525,-4.985806535297726,-5.237298297559752,-4.312675614605905,-2.903208035119156,-2.1532668957939385,-2.8385356535480755,-4.521788003874169,-5.8614546039281095,-5.450930910000001,-2.8951557662271274,0.8182481040176307,3.9767585045373153,5.193621108871918,4.0846962711418575,1.3055176251500056,-1.914872512396069,-4.394347461754008,-5.513902244041756,-5.235936855552546,-4.0613837400792185,-2.6448197712110493,-1.5138975824441678,-0.8501967084222967,-0.4306057514987426,0.16954471169703603,1.1659943129609702,2.2728022747904624,2.844518082629016,2.2928483584352444,0.39267833815038805,-2.6467009769845533,-6.126528787807998,-9.002770998645449,-10.35181412,-9.844582719382581,-7.984308753627558,-5.808388655317928,-4.150335457472384,-3.165541763652814,-2.557393885330686,-2.003727843346148,-1.3619088944662066,-0.6008609698661644,0.37914694180432573,1.820720060355466,3.620845596191429,5.0511673892641635,5.136964095207134,3.4765670580623653,0.6927535100338122,-1.7988472417704793,-2.5813193513305834,-1.225806012010065,1.403528377552335,3.8766603306675536,5.136270678786124,4.89111880286604,3.615240487189937,2.1563707600000006,1.1200027577645704,0.5887950371801868,0.34287716538937296,0.15774424768862144,-0.12309019655699446,-0.7320303449325241,-1.9793659096179153,-3.8696304836816964,-5.677561713205733,-6.147265930551669,-4.361813063727105,-0.6531323456000246,3.2488502111171362,5.188858828096018,4.054450456554059,0.5763450700404651,-3.1797498170457263,-4.989753261308754,-3.532920907953502,0.949781591499152,6.596360980118439,10.61242658786196,10.655152401772147,6.315869045144191,-0.29765959
7kg_10bpm,6CA,-2.27523757,-3.1385140507508242,-2.6745268309443735,-1.8389701352537369,-2.068398900985053,-3.8070786258046256,-6.054926909330163,-7.395068957551038,-7.1090204069839835,-5.35604817198406,-2.7922833727044867,-0.19996162433104323,1.9642096281768395,3.8224074491943827,5.747556569941323,7.742139084328604,9.452926672961718,10.273367303792918,9.903167750363734,8.671633053453528,7.201647777447347,6.028564478956453,5.458067852174739,5.594428403416769,6.498150642288194,7.870337339999999,9.094195622426746,9.8773214882711,10.501739559234206,11.284942630101915,12.101766862805107,12.459825604613892,11.961049894940839,10.728248977055237,9.193627404954366,7.524820245045972,5.478170434989594,2.7396789598417555,-0.6656919203601457,-4.262457394380885,-7.505810037862108,-10.250089507277728,-12.761707298303255,-15.347826890094957,-17.659535385282595,-18.71590345051334,-17.95569471557824,-15.759592084514926,-13.221905080406785,-11.60363286205005,-11.59884556,-12.914122307718776,-14.637946397615636,-15.981217956463636,-16.470376991409232,-15.683849821793471,-13.245201389862451,-9.274476253064519,-4.594671340945684,-0.314370909441965,2.7093851214415126,4.1511950713845875,4.222285524370524,3.5387316791814554,2.786540340078664,2.3468374354046957,2.222790057696707,2.4686932951876233,3.483466457524505,5.612584523732143,8.463099196469775,10.979366318548372,12.246345142471538,12.03428993726111,10.820370805778506,9.404256950000015,8.364887285914435,7.627421467109729,6.660460097137262,5.139536782736613,3.379318338452549,1.976772317782486,1.1209136188973483,0.24659490569184883,-1.3217998424266932,-3.3159499461425828,-4.412927511232586,-3.3130401463035546,-0.01365015797836924,3.8273848946995064,5.910332441705853,5.112219400303152,2.5794746588879813,0.8984871346508826,1.602860620405817,3.6627340614222135,4.792606996031349,3.976854588487986,2.29485471941629,1.4933703392792714,2.17089077
7kg_10bpm,7AB,-4.37935071,-2.0763547206515915,1.474390848700666,4.419652613159252,4.928971467923799,2.890087540265062,0.2918738352915966,-0.15774136909322437,3.0812986728392846,9.287282581463666,16.035613871770018,21.02269157487646,23.17196941920366,22.529853354152117,19.421309639478824,14.24827134560727,7.99808361865234,2.3638525867716678,-0.8662367799849763,-1.2363483175314207,-0.5435222143044102,-1.7019503541234102,-6.365911785938336,-13.485892321033802,-20.49671364528615,-25.381998412075028,-27.51827483867774,-27.658905770824976,-27.15464806002727,-27.047778840121904,-27.426833403514966,-27.4074135131226,-25.99247252762046,-22.838582422733936,-18.380089195847848,-13.501734623209774,-9.010985774870791,-5.273732357231508,-2.2819325560285533,0.02737078016361634,1.5505816376911428,2.2578592770405836,2.2619131792226823,1.6547292424027542,0.3934190720561078,-1.3828045747985716,-2.8752800345264076,-2.631357929379544,0.018801584714650637,3.9053511511230434,6.596442727711405,6.239630820894863,3.1786546621273297,-0.31858793551158165,-2.0342887237236282,-1.3027750547400827,1.0392432129164098,3.508915470871299,4.64498628484342,3.4186959624892355,-0.0325516721549355,-3.941460871754947,-5.582692361307513,-3.1441363489942913,2.6539730560648023,8.878638936574916,12.295975452594629,11.60171322941383,8.08538841387584,4.187063932318418,1.5100251219820986,0.15987428667447282,-0.3984461253273535,-0.3776210549203799,0.32037985637682254,1.4664828881599572,2.2335124593870854,1.8066912761868592,0.20191524379939754,-1.71351575269108,-3.0254476355215303,-3.3813386969982604,-2.9091817596302287,-1.8993408134465986,-0.6129802050335756,0.8232653392286158,2.4347854053256057,3.9524571954022067,4.669403491137486,3.971580313116821,1.9575447589933086,-0.3339724913101265,-1.4903290662682238,-0.8548842371523093,0.6746332713907264,1.3249073884083857,0.19868394670527656,-1.7147866542025103,-2.305037559085985,-0.09638099535057176,4.54735873
7kg_10bpm,7BC,-4.69949548,-6.2623707421662855,-4.469580304263822,-0.02433874554552401,4.849658217503686,7.815790767139959,8.10134357220219,6.811993200355029,5.523371296075825,4.826063513497082,4.23647072246658,3.055937957873496,1.1159019146214229,-1.1589573504259914,-3.234731860434916,-4.833798697139047,-5.917254549868132,-6.4829166942990675,-6.396638434185087,-5.536782532676556,-4.055247980000001,-2.3886613833214363,-1.0215573594829812,-0.3770675087011721,-0.6450300544028734,-1.7409144060758914,-3.2109680854853826,-4.297869855988292,-4.411807363223533,-3.4795405459702593,-1.8902462501724877,-0.17086033649993324,1.27683388007097,2.1444051615988275,2.2928025575304707,1.7045083317880865,0.5150567213491145,-0.9366995053112582,-2.058939895164802,-2.228759236079373,-1.1939752200000002,0.8352573758290928,3.1859186981248953,4.68553389686853,4.161882493478686,1.5070391431924361,-1.899857841809565,-4.174826564998375,-4.34858604335534,-2.829087930643908,-0.7871161713805712,0.7729725636095288,1.4014542512049177,1.0742457669419545,-0.015456074709320382,-1.6355358986127482,-3.4232176036002913,-4.69738045314908,-4.759724630726169,-3.515560028204994,-1.7477153400000005,-0.6775522540065047,-0.8722428456957207,-1.7287157927451016,-2.0901624974579556,-1.2378984488269023,0.7197601040370472,3.1569147746462174,5.2668772397653365,6.306953516284475,5.94778882832484,4.404605314189146,2.214394793761856,0.0013460793142394609,-1.6689724836638882,-2.400623204194039,-2.1837941314994995,-1.577968926358736,-1.3520471151472129,-1.7844921676513705,-2.45509368,-2.745885192852532,-2.3973970083364873,-1.5773947334554366,-0.554213101546563,0.6818228863755208,2.2187455542904977,3.6916371527514316,4.120415623008454,2.5256299149024155,-1.1361254250384942,-5.568276478819829,-8.470518385283897,-7.709520186333327,-2.9333984023219357,3.724222640799364,8.845702223951797,10.147992498992243,8.098357477071646,5.33702146308251,4.50648571
7kg_10bpm,7CA,6.05625199,3.7299860645767287,0.2836043423613026,-3.282871722305905,-5.93083425301456,-7.372109147028872,-7.8826150563195725,-7.628717298001932,-6.447186963528118,-4.186471042441379,-1.2034303381584204,1.783933776881692,4.203961466032818,5.906457798756283,6.715530440544306,5.906210220085305,2.7756892255706123,-2.5216444164037477,-8.836105452809838,-14.505195186501998,-17.290939152523347,-15.686506503778178,-9.476205098401259,-0.3681830529536436,8.56793267112604,14.566154582979376,16.990706772133787,17.012053962181334,15.99972180992116,14.455578032987885,12.31753413551966,9.91220331450191,8.163072726787567,7.74811674085969,8.392339443750071,9.16634261287801,9.166487554228262,7.91736382779826,5.617023175101561,2.872497846061875,0.12096087751511087,-2.6479755324857326,-5.919164728955735,-10.300724262948759,-15.599127840091187,-20.260159755237193,-22.33179418201668,-21.21082543766947,-18.239841225867135,-15.544656855953015,-14.484629847400793,-14.784579577220114,-14.588461092514445,-12.554495125918061,-9.238429459773105,-6.149373308005617,-4.435596008295737,-4.129919456117652,-4.319013326368861,-4.007609629532948,-2.7653527285580957,-0.8559550002532967,1.1489730626323895,2.892272421410422,4.140265984331951,4.857212767032496,5.369718747660244,5.87528757311929,6.432175799570162,7.070705771338276,7.733219833236972,8.102603100869784,7.813550887037919,7.016847113031908,6.057521146234922,5.1047661625733936,4.3592577914058435,3.8787093153889045,3.670942129159188,3.9112852326339893,4.617535008713634,5.51824504248903,6.1297177423914935,5.774095466390412,3.864722830377096,0.6916120581558641,-2.2902957938797863,-3.504498959188722,-2.445670094190857,-0.12754523451161223,1.6327339390434572,1.6714564728465569,0.4085212839047913,-0.8483434350787247,-1.312788120377751,-0.8676812832891767,0.6135681939016681,3.1898885563185826,6.019197752895806,7.649515554360575,7.26675061
7kg_10bpm,8AB,-1.72779836,-3.0281676386328114,-3.0527668167154927,-2.4542095713492085,-2.7249215271460088,-4.068560978433314,-4.713368238698002,-2.9203110173216054,1.5684014997062266,7.736608521481604,14.11036879664686,19.382788392797263,22.428118648074612,22.399613238997897,19.170617143793596,13.538750523614874,6.943559901049131,0.891884375184033,-3.7056868146657393,-6.814767859705633,-9.032821047620748,-11.175572296081242,-13.837022455158213,-16.959611018948497,-19.78085116111167,-21.470221645470218,-21.897623991816985,-21.51710123801817,-21.060275676710756,-21.099979043968727,-21.808477384933163,-22.995153124896493,-24.045708285523002,-24.06024009811267,-22.142939628083774,-18.140749974421354,-13.060243702828252,-8.346838069541292,-4.922562133738079,-2.7698182179516393,-1.0625783709072305,1.015127277443835,3.419179947879227,5.294339408521975,5.833528405631784,4.931224443358962,3.1629136474287196,1.4120864196278564,0.4750856581369102,0.7527093776915332,2.1032647800000004,3.7722587741460285,4.757087343624495,4.376307163494831,2.5012483893038513,-0.5823412134995964,-4.068445947566104,-7.204305764010466,-9.48666623861831,-10.685089232987297,-10.591632287904774,-9.049933120798528,-6.435363289083481,-3.8171878537534853,-2.2153535505686586,-1.64603636075777,-1.1734338922160659,-0.022344992524029775,1.5223459189559783,2.2845013901543076,1.3080050422355693,-0.9021193690970751,-2.6009522159743073,-2.441274006532329,-0.7046393308609206,0.9861478826987699,1.339044007817218,0.5707750233015445,-0.19994956502153738,-0.18574577293649594,0.5417558118924263,1.3789059240388637,1.6977446344486966,0.9986234979346026,-0.8157680572970654,-2.947438586371901,-4.037912851298486,-3.32339156707499,-1.1703130735768288,1.343012392654099,3.3073832158905896,4.453692885592942,4.906946890313035,4.838372200916889,4.106628756489811,2.264665237746775,-0.6832666385534946,-3.6098985742389216,-4.903544945397681,-3.709337385038857,-0.34270662
7kg_10bpm,8BC,1.50124865,-0.6626415671538546,-1.2108965519234125,-0.20970829711771602,1.2789093933814963,2.2434669678807873,2.8084349189434716,4.064412154250731,6.395307295252742,8.642000007783942,9.275769709580455,7.729700238224947,4.502122980849044,0.5015212244787258,-3.3824897991546514,-6.37881591756287,-7.87521486672977,-7.590790462774498,-5.803873086755413,-3.3657672731148653,-1.3453749299605444,-0.37009766053396087,-0.09582662545520045,0.2827023177624527,1.1659050466565357,2.285080024534555,3.0706589598742036,3.1338598230719037,2.4939380338462973,1.5222302808119683,0.6807949597881086,0.10107745688375636,-0.4814793794480193,-1.3570954391721213,-2.5140983322604704,-3.5689968093064466,-4.04903379007646,-3.5945025357270293,-2.0414183354479993,0.35828940773637985,2.8134754181442485,4.412442949128261,4.813810660513189,4.461943683805755,3.9939105825275227,3.5041248506278153,2.4398235283573606,0.3092342608092322,-2.674028310239343,-5.354956402238139,-6.364704719479616,-5.155367820881774,-2.3973698728386057,0.5581344394588913,2.37549406152997,2.2794428318243116,0.5143620148939858,-1.7766563453448014,-3.3048387784029685,-3.395025512464643,-2.100882145665909,0.08774052271899077,2.498729855769804,4.469587509796517,5.607768708573097,5.804223995391649,5.327269933436038,4.8101893692387225,4.6711862212955495,4.6239838376930225,3.955198722152702,2.243618994043552,-0.08295220819452023,-1.8762168764700053,-2.132858697373526,-0.8711833927938463,0.8979882116917244,2.14476780924685,2.4746745229835656,1.9129950722482605,0.696085527546799,-0.6514593486943889,-1.496115604509328,-1.5366509035765106,-0.9771701916840123,-0.26521799465034873,0.31630010253863067,0.7092180000328349,0.7979473093817078,0.2897287313207224,-0.9505007529965167,-2.483582374135329,-3.1941029599823447,-2.021834033277987,0.9167054208083766,4.272562572197672,6.383963486761431,6.15266565318786,3.541016530939105,-0.3244544651601802,-3.47520017
7kg_10bpm,8CA,-2.65554211,-0.13705780405616177,2.8790732975490094,3.8614686429817917,2.709605415413246,1.124119414572973,0.03422989019284534,-1.7506953533406746,-5.854875972857725,-11.179790648509005,-13.799615768694403,-10.902900121862439,-3.5372269881626015,4.1891097856717305,8.216269881144237,7.4831019066441185,4.43828372274656,2.644924112534894,4.0743861183998735,7.838648872377537,11.13993807547003,11.666397839877476,9.754769275792274,7.684532309100123,6.839367817267928,6.584781488077353,6.059814282057691,5.356590192223617,5.159711794635667,5.750545322036639,6.735365189238795,7.899621905001626,9.928086639564837,13.184598374941768,16.546122593343682,17.914557106550994,15.802993028421202,10.454755911798653,3.741366081654916,-2.324149900166756,-6.836640165436405,-9.970321323324152,-12.158379903902897,-13.704651789386247,-14.535361077604005,-14.330332576776176,-13.046781128960495,-10.528741092640754,-7.180255785797728,-4.5596002996680545,-3.94867075,-5.512441734369306,-8.338353998541281,-10.30658272672656,-9.665264689153359,-6.704553486206686,-3.08342380029682,-0.010059230441288095,2.1354476648724163,3.1614228875107337,2.9102394557740823,2.3023721224561804,3.327071482035811,6.894689210668751,11.07369961259688,12.676884887694417,10.206114752886513,5.464826158389469,2.066292458498039,1.7401627255694976,3.308936121615972,5.046157774065721,6.406758806831997,7.332856721484019,6.939156803626547,4.294160194239582,0.3764438598833348,-2.0613107517920657,-1.1379244635784456,2.0870692892891802,4.683352770677733,4.250660042675529,1.1454364169257203,-2.090752389683166,-3.490896186891897,-3.1649265492052487,-2.3097676781987984,-1.678554637117327,-1.4294827844780844,-1.793219579599359,-2.8307686284671645,-3.832829296000356,-3.475291124009321,-0.8421614416455199,3.06416562343952,5.269418383212721,4.085667374669186,1.765390463370897,1.3711327483917366,3.036125672511207,5.16675527
7kg_10bpm,9BC,2.21652304,-0.19516581136169908,-1.46173733349272,-2.1024855485807667,-3.103842443145436,-4.599677660000001,-5.493842571944203,-4.659567856667595,-2.1692000503469053,0.7743455426825312,2.9951248600000007,4.222821359504022,4.849899116749618,5.3157094218502605,5.665147054139644,5.466830230000001,4.175980542085486,1.7707110214334496,-0.9505230048358935,-2.8035644231142065,-3.0930740300000004,-2.1368487267066225,-0.8541679665138968,0.025578518421110943,0.07582290441574854,-0.97767903,-2.9736682096021085,-5.08960422118506,-6.193638351575136,-5.585488716025768,-3.57926983,-1.1272631868732925,0.9642412115337687,2.415966667317221,3.2237249459558215,3.420811050000001,2.9186530741958583,1.6061997950738456,-0.2566514878032649,-1.7337399603854506,-1.7217887100000002,0.05796174553052846,2.811493056443841,5.29454548136879,6.46033106197406,5.74068436,3.0816080213141337,-0.7837871413810518,-4.365256636899121,-6.280415778449849,-6.118085050000001,-4.625708963491986,-3.0391495670117212,-2.062717994041401,-1.6726290316603127,-1.7299412100000002,-2.605742386814379,-4.816751427517687,-7.978603395896248,-10.313273366283566,-9.609185640000002,-5.139031682619667,1.2475821274717798,6.159480527578125,6.912531511831388,3.3720315000000003,-2.0204711143320018,-6.113257130004233,-7.0907757094764525,-5.10893208851963,-1.6576777500000002,1.4584422042545766,3.0430024226293355,2.9694028756401476,1.8104226712406937,0.08239371000000004,-2.0306304189162327,-4.105664010931134,-4.982244900692541,-3.5045337892713757,-0.0014684800000000497,3.3241666291546963,4.022038441222775,1.5338713971768558,-2.4288766738621757,-5.53590354,-6.669760244950646,-6.174396069578998,-4.93599081794808,-3.539859396237619,-2.00651033,-0.09253657371246772,2.3005048979302285,4.936351021916406,7.122610258361677,7.790900710000001,6.171425968295524,2.349694566186467,-2.738463411408772,-7.417271171194519,-9.4331853
7kg_10bpm,9CA,-1.68396482,-1.983166462269314,-0.47065598024804794,0.9162353920224546,-0.7315110956999173,-5.883135518922461,-10.802555416062246,-10.537680168234715,-4.394867798449499,3.518566830518243,8.108518158933919,7.033608413738488,2.490173700810205,0.05204371521431466,3.144584455287677,9.258390783949483,12.878947921109889,11.726609638875907,8.57967118407238,7.393807332541704,8.328045677067925,8.795780122175255,7.437708228275236,5.529794880592277,4.78974426843673,5.692772644982244,7.459602809871556,9.015831746112271,9.968892457227852,10.66828570312051,11.439418735943578,11.741547081566074,10.623250237704841,7.196392034036177,1.5140747013042737,-4.665226468266737,-9.258393585967129,-11.265830527437233,-10.66835261870744,-9.296671864075366,-9.561466469243419,-11.507333786525669,-13.22410410008327,-13.448382034431887,-12.652671701974072,-10.959999051988492,-8.569449533687298,-6.513779110629206,-5.591608753868747,-5.5484660150875555,-4.674438211256704,-2.0810734838817178,0.5980652378410672,1.6341099866636133,1.1727020384844615,0.6687073674729742,0.9737039707721377,1.8201742235865184,2.697001169199323,3.622174985587734,4.896625703376501,6.044360958834348,5.687872105236881,4.0625868227047235,3.457404568791856,5.457314445835257,9.323690128281132,11.938072548665358,11.022880231011293,8.080461294622818,5.626071526955604,3.5244492923893027,0.8731222183548889,-1.5864731167980266,-2.5923622004701015,-1.831852718794413,-0.1771281208284975,1.0324387378587059,0.7924316600391768,-0.660140838075678,-1.6479446540715907,-0.8109944070845914,1.2273458524190801,2.5442075772727644,2.0611573664306486,0.6329708475639754,-0.15468594208521153,-0.07269338359864785,-0.27939519898948406,-0.9974203448129699,-0.8571847179165392,0.6135339200506664,1.6221690500977737,0.753773562694906,-0.5640026299139139,-0.42111398820357565,1.469555785705217,4.735761158775907,8.338939054696464,10.33897655729096,9.36924464
7kg_16bpm,10AB,-10.10585104,-12.491838393333206,-11.102798642832298,-7.207583389028277,-2.62399362425076,1.4484715220901798,5.149571744005801,9.499312941271429,15.097273814955024,21.37794746813346,27.073620149986354,31.023978316520882,32.68996892880863,32.12647886116935,29.602198572467408,25.349148720458402,19.52523020880302,12.320484752500013,4.075722985304487,-4.691926172627395,-13.260493214776892,-20.856522815761345,-26.993749627718454,-31.519173412845586,-34.54659625258568,-36.43111376120251,-37.41494919836125,-37.37659928146661,-36.016048469581584,-33.142201222590316,-28.923489871409593,-23.861182339799367,-18.43323514076681,-12.955856464363793,-7.827868511571705,-3.5790121532372847,-0.5643228109530919,1.284733284285099,2.3466285588640847,3.0107365800255153,3.4504024181432635,3.581123777288492,3.218818951566845,2.299978089283499,0.8553419400037781,-0.8659085861697288,-2.2973443320263587,-2.9382216889510984,-2.745164632625239,-2.258251223731738,-2.2429294900000003,-3.048881011763397,-4.007521584002308,-3.849016833104181,-1.556142143524963,2.7122775700187374,7.489904006360218,10.706747892302849,10.982941807620337,8.492455081556738,4.659961968329839,1.137304991222786,-1.0985914564285901,-1.8239485663149102,-1.8051975473521542,-1.9796038532975344,-2.68086146640019,-3.487329347068506,-3.8308918073894396,-3.7164693383029657,-3.7257164098700626,-4.292875417752811,-5.18710199169895,-5.534916897560119,-4.312495905785406,-1.0326889271639714,3.694920328269866,8.152635661599273,10.261233094806757,8.811390708196003,4.441117984618943,-0.554388298193317,-3.5530491896651473,-3.016553743952714,0.9598234193722751,7.052348744022625,13.378125005113494,18.00088157196233,19.515169627715945,17.645328041966366,13.420040196254941,8.727420881368328,5.351501238696008,4.16086292261364,4.98645866423574,7.038622090299285,9.329427918571689,10.857769173797516,10.864424532396207,9.223921257531247,6.52526473
7kg_16bpm,10BC,9.19901972,7.214395403634081,4.620780674232325,2.1052721212346315,0.26133598573051187,-0.6339227150979553,-0.5878284597335071,0.1957957159301506,1.3516773408024119,2.449771397321618,3.153763316574782,3.3268187226885737,3.0453849014984535,2.5477153285683034,2.131249604699727,1.9803316701352742,2.0669992668306616,2.1873968209187904,2.0967427777528274,1.6441134976626237,0.8304777094048463,-0.21041681506514132,-1.2421562861959663,-2.047367167632818,-2.476754235989414,-2.4329822400000003,-1.8733829733468748,-0.7985072058631533,0.7017491853942149,2.370670619599412,3.803295415884214,4.5828695380517575,4.470732531291266,3.5271706854114586,2.0691272480827663,0.5089823855097247,-0.7808149974115435,-1.553907376753559,-1.7380240276295926,-1.41808652863933,-0.8085649758833203,-0.21937815714271844,0.06519052093680887,-0.0016638746014902947,-0.11493542175442498,0.279871428514433,1.6648066276786322,4.122666785593214,7.2071928300279975,10.088134183538765,11.876705320000001,11.933618706208625,10.017578288388586,6.283766344411395,1.2546109424511958,-4.318578561103109,-9.544381987471182,-13.649455745123829,-16.044236698149657,-16.366213183520017,-14.556925307380215,-10.961960004085675,-6.356815822340699,-1.7761799360186448,1.817223622340627,3.8367547318666992,4.244098823793745,3.5260811593682586,2.444376586252403,1.699430102410117,1.698158666151664,2.4892120062554532,3.8331853153079223,5.372581057382547,6.796890774625719,7.869594530000002,8.360085434168973,8.044946354882143,6.8193872910570486,4.791206398564677,2.284296816220979,-0.2438327840719146,-2.3404146685909737,-3.705430884799328,-4.270247334420251,-4.146707904188717,-3.5370890928725913,-2.685574008860981,-1.8649193781238567,-1.3394922057287184,-1.2690095862421582,-1.611919141490056,-2.11405977712444,-2.3871444143138496,-2.0721559912909955,-1.0600789510842943,0.4321106683320738,2.013008767489128,3.34383875010836,4.301913515633352,4.97190867
7kg_16bpm,10CA,-2.69687688,-5.636638385600583,-7.040989169773102,-6.7903035650908725,-5.61805487391961,-4.491371521646722,-4.03218970991663,-4.339748261174455,-5.217550759174015,-6.460058108440894,-7.938437460370201,-9.513717155687205,-10.780040388032457,-10.965381797287247,-9.22239102312642,-5.030555890501506,1.22573359892848,8.193580044777189,13.887603535295986,16.605937655088393,15.915972596108263,12.891714446796968,9.22179289675217,6.110649903065728,3.903032534176571,2.5112332403364412,1.5477824132065667,0.8063378569894183,0.5844445855629159,1.4066336942540794,3.498381826849204,6.59046357886541,10.174788348619009,13.822334884654984,17.155573963021368,19.75167630910301,21.268019644195327,21.583879171060502,20.748912546992596,18.84821091191989,16.015976365191698,12.499305882209754,8.615981122483051,4.698711588705228,1.0483339327233827,-2.2343892190972503,-5.427609877168334,-9.139197739837698,-14.046024935756538,-20.342043560111115,-27.15507552,-32.75396795723035,-35.473224759052165,-34.534063598432276,-30.310298154814625,-24.124375754853972,-17.791259902848992,-12.941442078255164,-10.31130927177632,-9.479149920568535,-9.319208572043184,-8.736685247334508,-7.2458485240012935,-5.0867036160886405,-2.8396123454753943,-0.9674688735383002,0.2946185266442667,0.8222665312914587,0.6767539408677049,0.2912664988262774,0.19606388642698735,0.3868044809981813,0.21580037750751282,-0.8443760661618525,-2.4191073323115093,-3.368877057544205,-2.663631720726856,-0.171948298621582,3.148639975762598,5.845542753477458,6.937951161847411,6.594995755552095,6.091908614247209,6.719762247049245,8.60630378088288,10.715753668622742,11.73797993902989,10.990000505647801,8.800098341348434,6.197764759708557,4.210104421178063,3.1632230715427823,2.560069656132793,1.8179204051626978,0.9704872753278906,0.6124185684931961,1.0416430755363253,1.8816028576186428,2.842510873691331,4.280258952362739,6.63973924
7kg_16bpm,1AB,0.94627205,-6.281285498177957,-11.791837039897262,-14.305789975932253,-13.818645985747409,-10.875832922204218,-6.139792726249537,-0.4917159400843136,5.032533293802344,9.730449244105552,13.591146737326168,16.980941636794864,20.153200844676757,22.909356832822798,24.524583479474348,24.039895977514966,20.807844495176298,14.959079229909442,7.583377436286525,0.35753182053173915,-5.385333290000001,-9.328907384858429,-12.233029414534812,-15.170597725401816,-18.523537508823686,-21.800975162879688,-24.052680049287012,-24.413556384309878,-22.960178060300233,-20.84250407168341,-19.29845925202253,-18.790160001748443,-18.910678565965608,-18.844907765988907,-17.946469209053117,-16.115167763889186,-13.85315920827285,-11.795569995857257,-10.178284246791126,-8.796946597154566,-7.3109468,-5.58367830891191,-3.868792015812031,-2.60516612430365,-1.9345841924153113,-1.4436971894349666,-0.4414740911773497,1.4693251621631542,4.000900792343286,6.21145369682324,6.972150729473119,5.727676081743537,2.978041503073497,-0.03652261483298439,-2.1072653575666704,-2.600305925132197,-1.6624487851539398,-0.16751493048919702,0.8399240938868984,0.8871590268523816,0.18359683000000002,-0.7954287476212109,-1.5244146941856687,-1.5457540689218077,-0.6380610313988259,0.8994256450632899,2.1401594475953583,2.0273968902326387,0.25995847924996995,-2.2877767467403585,-4.09128914587228,-3.934742114954134,-1.5987821202814219,2.0962614807286393,5.801693234674437,8.23833070439518,8.688700005059484,7.4337313363238735,5.689001578237269,4.655713831340357,4.520882570000001,4.348037493348237,2.9884418536623043,0.28153829949273446,-2.5319078767290355,-3.5328335564587543,-1.4116812409794588,3.3201615750921283,8.22521174624363,10.562938370723444,9.418385583316962,6.316007514079553,3.7830830845080516,3.154219694170196,3.737945281085266,3.961006246162423,3.014078733894168,1.2669583801394089,-0.529789913123714,-1.9413306818539233,-2.80341937
7kg_16bpm,1BC,3.17618017,-4.978024678692076,-11.734052845706358,-16.130424394539713,-17.628564096909017,-16.32952998747586,-12.939850997554528,-8.50339190169929,-4.054362872825885,-0.41217295151943234,1.8888694529735652,2.6363904622127667,2.0064333182545178,0.5868470393764254,-0.8354510043369695,-1.5858860888900248,-1.372552652522367,-0.40792074984180116,0.7630227685683907,1.5853481658879671,1.7537336560687096,1.3328152922386804,0.6211691265066994,-0.1376528732971463,-0.8678023431340015,-1.5469710626698165,-2.1740019974069926,-2.8134475134176125,-3.4615645858387647,-4.028298052052269,-4.405259340071042,-4.540388709263542,-4.447133818552818,-4.17306483129938,-3.7705647383840817,-3.2648771802444396,-2.577907906827337,-1.488273953459725,0.15435379074486028,2.1820582824864183,4.147705193148097,5.582477722533731,6.2269957070950355,6.045419431549013,5.056193606059558,3.215791480586243,0.6658951255958481,-1.9933101518194156,-3.8123989132881073,-4.021785538961041,-2.6088181,-0.4784557026784603,0.9757515285058357,0.6681635288244735,-1.5328453002808726,-4.761185583208583,-7.718819411536711,-9.395916703159937,-9.463019682586218,-8.279691942044286,-6.651453372683821,-5.406567312320133,-4.921379277474515,-4.95422880726393,-4.846112179011614,-3.911231160508346,-1.9013806661425425,0.7796792680467177,3.2376622857663415,4.516536799235127,4.1643255881986905,2.5614297497393133,0.6717971819609911,-0.5528648024778688,-0.6710858126751087,0.1245105372493831,1.2469741483914585,2.0317542725267046,1.9627375082509968,0.8711816994339275,-0.9446125108813626,-2.816527876016127,-3.9598655417480377,-3.7895533613081858,-2.2009915263062383,0.37933727245158977,3.2050581386449792,5.503890729975211,6.772211643709722,6.976289203044914,6.409255513828414,5.3311267611864706,3.8809614179488947,2.2705228067890713,0.904176218265536,0.2717310000974839,0.5831101127960637,1.4317833044040613,2.0024405196594364,1.752316818735503,0.8900432
7kg_16bpm,1CA,0.30387259,-3.832432022220072,-7.178161798388628,-9.503978333281895,-10.578820116017813,-10.306404068011688,-9.313189787607378,-8.709059278630427,-8.94015265624114,-9.367687161837077,-9.10710839124162,-7.825851883355547,-5.717847348022153,-3.3838163483472137,-1.5334153108201325,-0.4442467570238322,0.3713341619909291,2.08979189636212,5.5847052317786385,10.134491206879943,13.63743450789896,14.445485597176193,12.993405932114273,11.281639158646927,10.912244869650417,12.051434621162905,13.94837301676991,15.820542300967896,16.8796719008989,16.130513287450515,12.788278428702194,7.145706117014503,0.7905723165795174,-4.378729673513585,-7.484208588755036,-8.978392633668514,-9.800529841933571,-10.463451760247095,-10.735395283124753,-10.404261526445364,-10.160980119340175,-11.052333418334994,-13.124150290126389,-15.054916067901573,-15.3116017117945,-13.328066937050053,-9.560851210096583,-5.1060427210170065,-1.428248811940506,0.3272438406935174,0.20314245021330646,-0.6802414754138241,-1.1855851058807585,-0.8350596146763218,0.20079645559516246,1.2694570342124578,1.6843229071913246,1.3425986875942715,0.8021191018528285,0.5605066921395165,0.50884354894018,0.36122295136074256,0.40988156668880554,1.4257345316577126,3.780014957128906,6.607668706576442,8.269346390125131,8.006236974243484,6.515499598066129,5.461881192932279,6.286528104021873,8.71988973246398,10.971719154045449,11.4272369291301,9.880516254902075,7.020868913773711,3.6450513777509888,0.496081682048205,-1.7692984825425846,-2.836329721691212,-2.7586248508777738,-1.9464753759993512,-1.1427399058192012,-1.430785982945936,-3.3165964856896384,-5.908998032054416,-7.552283412749501,-7.107968199346279,-4.731223596085676,-1.460417387535705,1.6019156880525949,3.4675542222333653,3.650946772203399,2.7132064575335098,2.167295052002008,3.1955688814123007,5.333029863337085,7.215832551914606,8.135997372012866,8.161329100001781,7.25879204
7kg_16bpm,2AB,-10.86794478,-16.892505675059684,-16.52668464213845,-10.586694939996935,-2.895842812280796,2.7416962419692084,5.192606531192512,6.156644752124362,7.925532480535688,11.394767713546514,15.98231268708933,20.624492582837163,24.405857420900357,26.57098219326451,26.43612365244161,23.622464437103275,18.421321572517858,11.72341710810315,4.620070679756701,-2.0308282900196843,-7.805837187000019,-12.630373243081365,-16.605488372500893,-19.913484322279622,-22.744872052614383,-25.26779092565777,-27.45604608619337,-28.85261699733198,-28.857443249266264,-27.18278240436539,-24.188762009734535,-20.889173574729256,-18.44180376665722,-17.44789461661244,-17.60316258940492,-18.076762023576638,-18.127737298719477,-17.236616344702387,-15.067399588524964,-11.711317920375697,-7.865784172161001,-4.436328080392687,-1.8127783687106795,0.12102848234333367,1.5367395045971437,2.4280799932326196,2.79037954225814,2.713263743597041,2.283434246346977,1.5525130866330044,0.604775143003642,-0.3446721575417283,-0.9130452620318746,-0.7771986373873833,0.19787336912140363,2.007552571333154,4.363552587126657,6.556768319699172,7.675346940491622,7.133111650905319,5.221279653824891,3.096923202801917,1.8625541322408041,1.5480422749491243,1.0716675461292051,-0.37653132757353935,-1.9959326889481372,-2.0177712927497335,0.2474842640309894,3.442238408740493,5.521029155211514,5.8065893849369745,5.406860283190513,5.633592560801827,6.395042421359165,6.1759375997790755,3.5518887560628443,-1.2117134609597662,-6.013493115149828,-8.376240127724067,-7.27297639926304,-3.689011907826255,0.36237270166194313,3.196722008380048,4.162355680954941,3.7458721877178838,3.2923804749479406,4.138002620590246,6.622393936449588,9.81747290476121,12.215117407883884,12.6704562111922,10.878851332203872,7.397198328440695,3.364244374064188,-0.023141444870767858,-1.995247398917328,-2.2689975506584763,-0.7369155074542257,2.462616561666393,6.55936791
7kg_16bpm,2BC,-1.01402696,-2.0706550913409494,-2.305426837969877,-1.881185288987942,-0.8825384857783547,0.7109337002852338,2.8961122392157437,5.410339197630832,7.62658116475595,8.746250115048534,8.170979750160265,5.834776899543093,2.3230460956226278,-1.3062259385379165,-3.932296917198591,-4.781974947534232,-3.7085191261243704,-1.2360280590241026,1.6454650648208173,3.8359253743445736,4.513417216599028,3.408375727708451,0.8548401605676114,-2.377219867568869,-5.386183788486814,-7.451939016220922,-8.202826162455462,-7.590524446853338,-5.890571653657812,-3.526254366155997,-1.0157360641356188,1.122348435974652,2.4753047467623444,2.845725864191212,2.276456622018862,0.9809678476471956,-0.7413694763011098,-2.5754784385424245,-4.225098040902038,-5.428496347642617,-5.962991883820984,-5.672611897621034,-4.558626509327952,-2.7991415533944752,-0.6725505293528506,1.518315996727348,3.4625154622913805,4.87259460646051,5.560569539888343,5.482217785975908,4.775374479144321,3.7278447961271635,2.655748716776386,1.8168416522444555,1.406944740888855,1.5414769504490093,2.1442358220992666,2.9304058856165756,3.5299483258273305,3.7010088644374384,3.3854538845573265,2.594081520246555,1.3049312979162249,-0.5117117763871002,-2.736038872667889,-4.976764734999567,-6.632461578979758,-7.08071648966428,-5.93441250434438,-3.2718191572347446,0.34291104327015093,4.077970266324458,7.147240896131136,9.027126168747774,9.488487309913452,8.524163749001705,6.293061534646437,3.1223070310955503,-0.4977452020928175,-3.988709236546555,-6.808890868861642,-8.577117089424474,-9.141486121441682,-8.569188257714195,-7.084073418509451,-4.962946039409276,-2.439838011060909,0.27976239960747873,2.8710320844403543,4.802244846369791,5.571769641989237,5.1099070846335755,3.881825604772829,2.587870613098921,1.8107029059345945,1.8482402748681102,2.6739846172683586,3.9524823083108025,5.135006782803874,5.57604919928139,4.74135194
7kg_16bpm,2CA,-9.56244764,-7.092251096545916,-2.962522090613461,1.1663260313160637,3.570944409520917,3.2484332972472987,0.33159493375209764,-4.0976894467227165,-8.65239433896765,-12.341787269520935,-14.749335157017233,-15.809990267515689,-15.457678918732567,-13.545393487086335,-10.069529289242082,-5.4192842237293,-0.4154038093766567,3.9634310443706195,6.952267606839048,8.21016236189179,7.867402560223751,6.310265888635797,4.2617399816682475,2.318471506398821,0.9277629683056788,0.5204431218441861,1.440566921622434,3.8144160150406825,7.426568854733011,11.721815981450211,15.968781150199348,19.515185951391803,21.978322550348345,23.27995914330237,23.563083047873533,23.10356667547097,22.21862638546545,21.141110687530958,19.969322535626514,18.71837574605556,17.34623024384364,15.710549529801888,13.560803000873127,10.649150284274718,6.917300826024351,2.616595420567721,-1.7977648440226262,-5.9836889633206045,-9.943869205489987,-13.954214367664921,-18.263582561714152,-22.770096334195266,-26.91612717452282,-29.919819418388457,-31.1724846882834,-30.54433238505813,-28.448225117674813,-25.6480807613756,-22.92474561742505,-20.77577536288973,-19.285816381136488,-18.199520132183437,-17.140301675045574,-15.824648191795848,-14.145476804892091,-12.153849784779839,-10.039753187140889,-8.087355346410913,-6.545067644424798,-5.461994384131794,-4.617172855752763,-3.65895992528388,-2.3741907391829167,-0.8476531277502897,0.6222076404369504,1.7957997862249386,2.7311671771829826,3.776772670458531,5.309586828671109,7.417074340681396,9.748738583338573,11.664085751930493,12.612818341735851,12.506012841703603,11.834454269997506,11.356227974346414,11.5241373972224,12.16867934364911,12.631441414371114,12.180473019485143,10.497580149353395,7.971854037861196,5.524977851894107,4.035758951576014,3.832442470985809,4.6209031524446,5.832639342223694,7.075257401266075,8.262627946606877,9.308307545969669,9.88106871
7kg_16bpm,3AB,0.60409298,-8.808036181307616,-15.20156251416081,-17.604204953806,-16.644313982724515,-13.767358817426933,-9.884545523208814,-4.758971763332818,2.0484274982604047,10.068315192429832,17.81805779294733,23.539240386921165,26.23752199746295,26.187537000610792,24.529724095610003,22.449820518006675,20.435425783517015,17.947413936861913,13.920170546638445,7.857406901877082,0.5257210787624131,-6.411789137633398,-11.43834213155807,-14.175149874594982,-15.617088885884277,-17.353027410068197,-20.40600235418816,-24.70016687055018,-29.276520507858866,-32.82391565660049,-34.228688563170216,-32.96368209063011,-29.171788870435176,-23.494433099038968,-16.93706972114918,-10.789412819826845,-6.257775395627454,-3.897517845258117,-3.3955789619233396,-3.856481966464623,-4.243065331439954,-3.7975882953603946,-2.3394871595902584,-0.39755776075129623,1.099905392646994,1.4368970860136567,0.44206902201483567,-1.455544492806692,-3.3783926903623493,-4.3744255903565685,-3.8683114566881636,-2.16733766641136,-0.4245437506835789,0.26170464658526205,-0.3069429166584785,-1.4967863259405545,-2.552209158709117,-3.154749460076674,-3.4434228960301794,-3.5549538020248512,-3.346045526043386,-2.6499572156057596,-1.7236094565495654,-1.212677870768187,-1.7781180259027547,-3.351648399241388,-5.001940000330667,-5.605389742292542,-4.561920749551908,-2.2320117256036998,0.31949482011019087,2.115478233933874,2.925685888598818,3.254270115378213,3.69646657435792,4.3369022107970014,4.784807085736819,4.629644336883277,3.7016028065797264,2.0807368627687044,0.1497620844944738,-1.4333569797967018,-2.0083307884300385,-1.1876909323832494,0.9215645892769522,3.6453416590639374,5.9606045331682616,7.154268300538299,7.385233260826013,7.507718922976309,8.342273213361452,9.871054839932311,11.021311472187184,10.549237951319453,8.396135360018553,5.795146552145862,4.141567425077566,4.105720880524645,5.410685339294799,7.055057627306109,7.84294363
7kg_16bpm,3BC,5.1228229,0.6534702275536703,-3.2117876097742695,-5.9145038954969325,-7.257949363006466,-7.379952413015035,-6.593367581270951,-5.166858428629306,-3.185000368017536,-0.6564262862436149,2.2031700187716705,4.889882903784593,6.840863725089272,7.706603245512706,7.456765421559456,6.33946454400612,4.737596711648606,2.9933647656107976,1.2896689137071276,-0.3435893176278017,-1.9232782454450428,-3.4005463768785935,-4.654959727597257,-5.571904504256273,-6.0657744732902605,-6.04565293,-5.391133995453962,-4.02087351505983,-2.0065026677734807,0.3915538981767236,2.807081025099426,4.831412703662499,6.139047274808198,6.599550199778169,6.276724775065143,5.339006474516601,3.9563298148438726,2.2525067271723844,0.31687552480955283,-1.7228880287906616,-3.5890700230907706,-4.830987785144815,-4.985130021369271,-3.7802636943474206,-1.2432779594632757,2.2494926601043477,5.968302594511861,9.005103271330233,10.611005111439543,10.517694708058457,8.99270636,6.664486537851035,4.14441023847623,1.7360981047227537,-0.5290518423267263,-2.6000257271687466,-4.156357684621462,-4.6797024964507195,-3.8153762154621096,-1.7128616035874356,0.9124251498217292,3.0759190578927873,3.9908719721882715,3.432043321532315,1.8013196887297203,-0.08266585971952252,-1.368845408551031,-1.5949115285510702,-0.904925483057719,0.10887963244612127,0.7832644582683531,0.7486012200710385,0.07714250905054916,-0.8676847509687264,-1.7224703199888614,-2.3272783300000004,-2.7365398661488993,-3.081719890210831,-3.4246098786206205,-3.713258214130742,-3.83504820535073,-3.67280338424999,-3.1274824865514597,-2.15161195235938,-0.79760298413454,0.7805226236132403,2.408907567192361,3.967917371439248,5.318910625005946,6.15320159325745,6.007009898959662,4.55784006459333,2.023189142408833,-0.7676574897527105,-2.806933160498847,-3.4831352638554782,-2.8352138562921634,-1.3904565214889746,0.23650373830561106,1.6709830534666084,2.77640831
7kg_16bpm,3CA,5.22076146,-0.13336530092323673,-6.667476505287199,-11.747498723412013,-13.008225595636237,-10.050575725793161,-4.7644155096164225,-0.20813906541169608,1.3871224668471256,-0.09221540162859225,-3.21058849893071,-6.340983111671752,-8.451168762522704,-9.038027469733496,-7.931790320558698,-5.410957956827603,-2.2268824787333203,0.6607614963408626,2.528854834607661,3.2170883030155992,3.1495114652059444,2.8342771404890246,2.226051261457891,1.7278070079464662,1.9268950644799483,3.1736826454532854,5.582576576083557,8.950499368727927,12.535313497564776,15.340014259118425,16.622290028140974,16.434886256644404,15.580325628898917,14.964354179801056,14.983510014111092,15.391290446554867,15.669338276235573,15.533972477878473,15.066275255809149,14.391211742804744,13.339666931122553,11.442460944792431,8.249386459188454,3.784510763909426,-1.299015290861239,-6.111178966142165,-9.9943020178231,-12.614187122802807,-13.81564278907468,-13.775507827310197,-13.20866097650412,-13.055241359441277,-13.967479985740406,-15.99845400368118,-18.676079796916664,-21.24597700680215,-23.01534256825211,-23.682719751467133,-23.39089623443979,-22.42570352723296,-20.927405999247686,-18.923457782064894,-16.525976721522653,-13.995599779206756,-11.570632556057694,-9.352862372085369,-7.370757260111409,-5.601487852979694,-3.883533490384804,-1.9084695403056795,0.645819547590933,3.871944067737374,7.463718889990246,10.717704647078216,12.717676298783362,12.883764342402547,11.583049774499772,9.961904627484145,9.05822563878428,8.987838071236224,9.12275217522987,9.089515737472198,8.874527375944236,8.362863082256906,7.456793205901749,6.326381980683174,5.501100531459469,5.505036889420576,6.3069256563520275,7.178280819278534,7.178471395563021,5.928422676386591,3.916523619792633,2.1172969564347515,1.3784972761071734,2.1235804325825622,4.415081743448215,7.815591391764193,11.093075398720766,12.58669349792255,11.23469534
7kg_16bpm,4AB,-3.09579737,-9.575362202227971,-12.16000758545527,-10.57614791779692,-6.422218093022686,-1.9768495159950856,1.4373014378642683,4.316586284965765,8.105238525395444,13.631941497675937,20.396729234574575,26.92066457194345,31.463331571893125,32.74316643970336,30.473527667469874,25.402289466004706,18.808481982758245,11.813488903439152,4.977635608847836,-1.6424238235704804,-8.119966561694568,-14.246126086508204,-19.405493557040355,-23.154191136162144,-25.69756688123724,-27.513932813495714,-29.089257662216347,-30.72335410559566,-32.29504733138815,-33.31138825113052,-33.11354578401395,-31.138493063169083,-27.22629505061623,-21.81623527297616,-15.809941552132672,-10.280791858356,-6.155439340825742,-3.836892062511349,-3.0279113704880385,-2.9680712392926267,-2.9971593431235672,-2.9923085920466366,-3.328415494662385,-4.31786675758603,-5.63850254979688,-6.271961859027342,-5.243166289032247,-2.54866172619342,0.8211985319515273,3.8416985436146103,6.110428588369043,7.751005840833019,8.52485426086344,7.53956592469816,4.001023203747822,-1.7849827679424843,-8.216341370006852,-13.088402671381854,-14.634005306006154,-12.48932214539291,-7.937164826387025,-2.730794954927357,1.9364847391239846,5.516320001894206,7.629740768465024,7.850830503759609,6.094553814033513,2.996113771923706,-0.3053503852801722,-2.739412803826359,-3.771417115802945,-3.4846753041186496,-2.4261024402128206,-1.2626985764356458,-0.24445930374333286,1.104054485043795,3.5127616329395503,7.012129436010678,10.442454214792221,12.097111525738963,10.888121919605238,6.9778475399437445,1.5637132757739503,-3.689729281106401,-7.1742100857498015,-7.810189251172479,-5.436700835154392,-0.9481130201071806,4.0620564827567165,8.012016853351572,9.999203045785766,10.067344046074961,8.94228961281935,7.483134551305799,6.4363626872458966,6.408278386149177,7.630946965471388,9.803360244379391,12.129603902839909,13.534494448897926,13.14733532
7kg_16bpm,4BC,10.49900654,4.8382124081183955,-1.3929562119370873,-6.911652851070675,-10.500501870541857,-11.357977979272816,-9.32672539683037,-4.962935304687242,0.6192972258985969,6.11040802682709,10.35476197461892,12.608429650832234,12.721605262103633,11.139621242312673,8.672094760913446,6.144914926451638,4.140354693361206,2.928870859941992,2.532326808409936,2.752048247837021,3.2314828203816344,3.5381253473881435,3.276912732574981,2.2498636370668725,0.579056925046926,-1.29645792,-2.7659070405689294,-3.298210756641129,-2.691002547624176,-1.2151288402274762,0.5056862271091961,1.710541808415718,1.893456649909491,1.074551723453294,-0.2659044268156977,-1.4740448842501443,-2.0507333207965077,-1.8658784024752921,-1.147865984956388,-0.27152293242902537,0.5024775440787276,1.1278712425978363,1.700308098629434,2.2945158974292963,2.8142798952742485,2.9706680123394587,2.413355149559723,0.9536915021577268,-1.2444333226313826,-3.672470934208647,-5.705133930000001,-6.867854612091304,-6.981800536077303,-6.134328851598603,-4.5807458338631815,-2.667557727727024,-0.7599216722459988,0.8243275084051159,1.8606030833191023,2.247949522170401,2.019217958816088,1.319077314612772,0.3318399389179751,-0.7605352963769222,-1.7327378100747848,-2.2815533855156165,-2.1044853837376274,-1.0911335601522438,0.5440127562311637,2.35208584716512,3.915762514878308,5.017253012750145,5.601212209836678,5.698535575173146,5.381419851927309,4.72173504,3.800529877657243,2.7643832274592905,1.829457370359558,1.2124360115071466,1.0334223929863557,1.2706830504917364,1.849405075969558,2.772740917979117,4.067950619496486,5.562864293179757,6.761532006318394,6.992693367833763,5.784723750092172,3.264601297364334,0.18862743077853322,-2.537168627909144,-4.375887783527017,-5.227769436240454,-5.098739588181664,-3.8225827881373853,-1.1851121108144187,2.6465175816727515,6.841598700031156,10.108305687485162,11.27033783
7kg_16bpm,4CA,-14.06009411,-10.655675140038925,-6.756709541717692,-2.8035332669206197,0.5574216070127767,2.5990152629789915,2.79361910146397,1.1043423934908558,-1.9842239007339009,-5.681319879632275,-9.141389415001546,-11.639888840923327,-12.737311266938468,-12.284142977944011,-10.348549683294804,-7.144444433018298,-3.0855773858521682,1.179960174012148,4.892662611552838,7.37286746806378,8.020747843134265,6.457735816033632,3.765217942412199,1.2863506123821784,0.39213243124218794,2.307745546414589,6.335476601868433,11.604086747373833,16.654593661338303,20.00597155505464,20.87313683848082,19.54176184776614,16.995768765955155,14.218224831031995,11.777375956155453,9.876799858640148,8.587274522278362,8.012375614679087,8.287674349217511,9.386892934645156,10.90231351736124,12.086316731479698,12.191900821975395,10.791252306822946,7.878470435489327,3.814127294234192,-0.8299935099135926,-5.536066453785854,-10.014486102925398,-14.214365661571142,-18.132828520000004,-21.56404748701856,-24.100057630605935,-25.372927648829055,-25.29901795975373,-24.226033545322988,-22.846956996608128,-21.798124296919024,-21.293585551519513,-21.12866079654506,-20.924750102889785,-20.376913000140178,-19.369838830098896,-17.916616478250898,-16.063849049736607,-13.879996066264075,-11.450177364048116,-8.861218066099093,-6.209443417083283,-3.644123616415448,-1.4111366603869224,0.2350541723187251,1.2108157230219143,1.6568019766732565,1.9069300514875727,2.4364415565650317,3.667590348913859,5.731071555124834,8.34799479286234,10.973935201525196,13.084023754359485,14.261905108706086,14.363961250020871,13.702000718475443,12.929765521194001,12.616617386948572,12.76095919492904,12.792175847644819,12.002708764536974,10.057341758885983,7.28036161430675,4.590151223633028,3.058906099465707,3.303959595556059,5.163265579365719,7.897851262936505,10.693351083747777,12.973482520841582,14.261431913116914,14.033560433550035,11.96941182
7kg_16bpm,5AB,-7.12611108,-8.26667906634435,-7.87520515,-6.234662507381672,-3.94811258,-1.7117880223086133,0.23385269999999997,2.448012514929574,5.8804530900000005,11.111960423470775,17.77709545,24.517689857090037,29.63352126,32.00360992784739,31.593812230000005,29.19969056734561,25.649616590000004,21.300867587680976,16.182247940000003,10.324680251993653,4.025639760000001,-2.0843016151009066,-7.290910070000002,-11.224610619246508,-14.121454500000002,-16.799459097830646,-20.157251180000003,-24.386467298559964,-28.80055082,-32.423186912051335,-34.25680166000001,-33.64919136602082,-30.852033310000003,-26.88443602486622,-22.93319719,-19.804041168435866,-17.552650510000003,-15.529402520218929,-12.857677810000002,-9.138993542679854,-4.712886130000001,-0.462847475428669,2.7730175700000004,4.728926051220642,5.733765050000001,6.151634298205268,5.956259470000001,4.935154457105432,3.0358521000000005,0.5649493198122719,-1.92704122,-3.842825701093564,-4.844600680000001,-4.931511910446965,-4.469104480000001,-4.021345821914268,-4.27178054,-5.851102518761114,-8.721735080000002,-11.741040897507805,-13.07396571,-11.177700373333057,-5.746439950000001,1.9085111520766336,9.14514785,13.102237459098102,12.33617593,7.754057292322134,1.91432329,-2.576643357349078,-4.444987210000001,-4.14677455017008,-3.2936854,-3.2939762288067906,-4.236321950000001,-4.83848026687681,-3.48311645,0.35361871390094457,5.491263190000001,9.820102421527697,11.68294753,10.763450750408932,7.96168603,4.490913595957944,1.12146836,-1.7457085527220146,-3.5518416900000007,-3.4620611681631743,-0.8573967000000002,4.052598792207096,9.918530410000002,14.586274824644175,16.15017365,14.231187803795809,10.54342527,7.833481827973737,7.942005700000001,10.849033047819955,15.107197519999998,18.749651944138535,20.02075517
7kg_16bpm,5BC,10.04039226,5.401549842951618,0.9428629681821166,-2.944617317345126,-5.9914343427110595,-8.046783960173443,-9.041916351628528,-8.947821125342255,-7.786788858639222,-5.698315694701728,-2.9809858180252142,-0.046149265181679944,2.6954025412654063,4.931115702518553,6.49465235532191,7.382911551113292,7.708292957092011,7.587771006699497,7.068605032934848,6.071490703137376,4.468080156608424,2.224925278125331,-0.47643813276330177,-3.2065464386769347,-5.38463067866383,-6.460337138358727,-6.084098645961373,-4.215577103078666,-1.162742304625954,2.477873295995947,5.97499229765276,8.657317087461937,10.002405044557872,9.800286766627305,8.192695802663062,5.6361509163539125,2.747291453015083,0.1178528559926586,-1.821840386284281,-2.865752484774679,-3.0326730283179155,-2.5282300009140246,-1.6737129574384801,-0.7978738743970759,-0.12465011449430564,0.28061732920837557,0.48080303537806296,0.5781678162490508,0.6260792096874989,0.5873949955335981,0.34353328240109776,-0.23241079230784836,-1.1550674248113584,-2.251969923147178,-3.2054034322929845,-3.7120216984309082,-3.6724759296104947,-3.267172893756733,-2.8483789784843876,-2.7116547044455714,-2.8789611453052864,-3.027473383001554,-2.6463960087895835,-1.3472150629702189,0.8606684149473443,3.483238829978722,5.690238383873488,6.637904082009725,5.831986561194268,3.3618385847057475,-0.09208487151327777,-3.500866187552549,-5.894482308800011,-6.70049648177178,-5.880127936528961,-3.8565237839611304,-1.3104890570611787,1.0617676590073184,2.758930886232727,3.5941420498927794,3.680044684051035,3.305821456766061,2.7716815862714594,2.262574674432208,1.845254140432257,1.566453783692947,1.5344406349305764,1.8876515536160234,2.645646517271456,3.5751103724808644,4.241736048538446,4.256867642659,3.526431179712318,2.320010436023886,1.1611511080228418,0.6332274499706055,1.1547951913927534,2.7793320487518556,5.14558559711779,7.64619609293908,9.71333517
7kg_16bpm,5CA,-6.6335282,-10.279373051034955,-11.677602264045031,-10.754785850243383,-8.297878431753084,-5.3971647803375085,-3.0316321710984355,-1.957229555237303,-2.5981360106875098,-4.850503286888252,-8.02030168268295,-11.105359291484419,-13.137015531481024,-13.316897725343834,-11.116064129124368,-6.386038832526408,0.3993435526029925,8.048514287703691,14.9336985875534,19.393217741571622,19.94025753121186,16.534742996607203,10.212970068565967,2.9334174323954993,-3.00977065407153,-5.888378046097527,-5.228621144752689,-1.9618858397926844,2.2758953251914997,5.887379353091572,8.041128186029223,8.894113458583348,9.248135266508978,9.946278543237673,11.405695253644039,13.467911305343346,15.52386809847723,16.764518432741333,16.547788876390765,14.70658270953827,11.555698298235253,7.630620783245735,3.3557486869389974,-1.0863032436519253,-5.620340753851264,-10.111290394632254,-14.425487384364358,-18.422968893231747,-21.82393415995464,-24.257195729873825,-25.445043387970234,-25.398922099990003,-24.451161244875415,-22.968669106251948,-21.034881692361616,-18.55062916488781,-15.61223213332055,-12.68254988889126,-10.418370902085158,-9.339697575725301,-9.589122414979654,-10.821368957764555,-12.26680235624087,-13.057350546232808,-12.64766884733329,-11.105465461239417,-9.010340364934548,-6.990234415196703,-5.329796638471233,-3.958068766805472,-2.632137598231118,-1.1300061771527066,0.5878282415463043,2.2956125098641484,3.569306613165247,4.0957478677405295,4.146316593678014,4.516365033270378,5.714106753988858,7.547482482757632,9.475210247358323,10.953104238656966,11.68138906961418,11.639075267563426,10.904571533872517,9.701340745683895,8.517034517690306,7.982573322092901,8.460897126360742,9.635477273023103,10.49245682082621,9.915203380761726,7.548112453138909,4.256763228189858,1.682429141470997,1.1005161686385856,2.672647981074149,5.628335754558407,8.923071510148786,11.710494234416831,13.28579867
7kg_16bpm,6AB,-7.72394797,-10.462522658221687,-11.981482016771544,-12.925588673380979,-13.56468641967488,-13.370040141008197,-11.24576086470089,-6.273301378163432,1.5233999846355577,11.000081346326812,20.233566034063024,27.39524737282323,31.535528545301318,32.640845873816204,31.28152145020023,28.179950275512272,23.92861155081991,18.930094723574832,13.371915409137069,7.253895869611366,0.6008865100000003,-6.259182451489353,-12.591613547075175,-17.632508214805448,-21.187893569101842,-23.668978288259385,-25.675076414916813,-27.70624402618914,-29.882355819288,-31.73835542982445,-32.57239841227175,-31.973079357634585,-29.98168325407133,-27.06757443329836,-23.883679197906332,-20.89129964924582,-18.187279823998058,-15.431644195223006,-11.914601276489542,-6.968206830955702,-0.54529644,6.536093430524491,12.766844572952945,16.65403766149683,17.6980985688397,16.58599834503136,14.664728662238934,12.904931438363738,11.174198897620737,8.883746992186843,5.5480601082184675,1.5134454686114025,-2.1787005763882443,-4.587132953063809,-5.544717150479149,-5.585162187553705,-5.372089182376038,-5.209976981381177,-4.950578134701879,-4.255690776199616,-2.94343005,-1.2114967217539219,0.46109919834734936,1.8124877379952213,3.0724058345139182,4.6367996960921385,6.375990922930537,7.708251597211707,7.775537763202454,6.199890719343458,3.409050747414447,0.34758141210582083,-2.133581319824416,-3.6433888065833324,-4.092980288975162,-3.4365989083641004,-1.6507354959683709,1.1455117988001575,4.679805863757123,8.568034858615928,12.223585120000001,14.722536554135754,14.967854317134197,12.30627683826294,7.218731422518669,1.3904897715076463,-2.988703499193156,-4.287642090486089,-2.2614192743720865,1.9577722714700525,6.670351540832963,10.348488798108196,12.009136639428398,11.51079436231849,9.726371590017978,8.215838882563613,8.24641585058404,9.940271972225007,12.419972117255314,14.599305212714002,15.77668154
7kg_16bpm,6BC,13.56366209,3.2831013450836064,-4.967497741901305,-10.18275968998496,-12.39720181,-12.256595321342964,-10.616391000689452,-8.2030137779466,-5.49736141,-2.8200434763731566,-0.4343563814366048,1.4566729622291736,2.7550431,3.472288241914257,3.702188752041294,3.581046987462139,3.2009733400000004,2.5583876398260523,1.5508245485394168,0.04274320815113533,-1.99571226,-4.358849152538774,-6.573857370828893,-8.023329938571631,-8.18407874,-6.8830843284727035,-4.3953185521716405,-1.4015490968211495,1.31570106,3.165662246150712,3.914029441845762,3.6623297398964305,2.7018795900000003,1.346688226138778,-0.16630812166012587,-1.6595784449133055,-2.9608901,-3.881895961719463,-4.248832858664602,-3.9650471940695313,-3.0833089700000005,-1.8492565987479674,-0.6387584764182668,0.2205840243789675,0.5021041,0.25640559915392125,-0.24614556076026095,-0.6826388473966924,-0.81274438,-0.5415924696284786,0.057282099347213594,0.7455811553576774,1.1626969400000002,0.9303331296770545,-0.19120089412241525,-2.1409209724992473,-4.44876704,-6.298002787183908,-6.833628428468559,-5.5923570043402435,-2.79182982,0.7193127575658039,3.8390468391097365,5.691571704991432,5.94233137,4.881746519854269,3.204483155518996,1.6494302221057473,0.7354381900000001,0.6581440237246177,1.3164299488874107,2.4464688510725923,3.74005473,4.869755012428757,5.541765439995683,5.593600566024935,5.045675410000001,4.034642889261792,2.6733111317384877,1.0019112996876298,-0.8988849100000001,-2.755504941091485,-4.06008035116058,-4.200726447993839,-2.7186120400000005,0.40391981472353955,4.5527968885217875,8.54397825003851,10.963152460000002,10.706275909842555,7.487937831386706,2.096089422613553,-3.76278064,-8.059852758389587,-9.279340953745882,-7.059936103032104,-2.2856588000000007,3.416954077968844,8.430113948132323,11.650880530909934,12.62458598
7kg_16bpm,6CA,-7.74766822,-10.189889363677871,-10.302929718408118,-8.18947765318531,-4.936574368612239,-1.692736296450651,0.7814900607494402,2.066409395379029,1.9992498434048283,0.680301561284164,-1.580325967828011,-4.149686770323527,-6.001540742167597,-6.057236964248298,-3.8852527464912963,-0.07921105761107489,4.077783988780331,7.329564926105127,8.95926397672682,8.85925138569892,7.364516825758366,5.633788229617254,4.730794287970712,5.417764615990456,7.78976799231551,11.187877940162828,14.578568065441154,17.064992822078167,18.352079325682457,18.53957530159266,17.87191722184128,16.70224472998641,15.506066292122467,14.74158841507943,14.616114774375076,14.936403662690022,15.2413828795385,15.065616090755688,14.124864886590002,12.3646303027548,9.86715468671632,6.76438282729592,3.2113196009064797,-0.635146147177549,-4.648404973029849,-8.761931542950142,-12.922889761370845,-16.956379852055893,-20.478694242162458,-22.924314558669185,-23.880688840000005,-23.185951936182253,-20.855926930197,-17.413896146691545,-14.083840414666446,-12.222445116190432,-12.3053226718673,-13.552728569386117,-14.703163041992346,-14.933948296620597,-14.19417899628198,-13.014584696699762,-12.028825015889275,-11.435781316257986,-10.819388301368733,-9.46647300025708,-6.919403320940493,-3.426561602127681,0.1367719388164525,2.845322929781325,4.314194738927218,4.824274747602247,4.98674948321387,5.305642999089162,5.920436620751876,6.635847837331117,7.14240554120313,7.297541092524906,7.281776785192284,7.480651114529802,8.193842028561093,9.39716367733634,10.631476922641735,11.130619295704156,10.195631516952322,7.76395458778179,4.774028862991808,2.761806406292962,2.7990456007877897,4.553163625091612,6.3629724974782835,6.473762148923146,4.426402170789954,1.413573509281194,-0.6440979028455,-0.5115829874072308,1.6839009357998231,4.911394817641207,8.11418842551464,10.6522221308467,12.1614098
7kg_16bpm,7AB,-14.57939066,-16.390261070906647,-14.714300159303093,-10.313131977656068,-4.648446213351482,0.9520081602471834,5.953175691561659,10.733837409199406,15.92452197718758,21.571279080194703,26.90352617189357,30.794411016216326,32.463499126688525,31.89497426043445,29.694859693712054,26.566555780853015,22.862210377746532,18.525048828258445,13.321511813173617,7.142433288736098,0.1688343821291125,-7.184761772508126,-14.503915456584592,-21.557618736226697,-28.311407071116484,-34.83287553000001,-40.918460848837775,-45.731386432042925,-48.062535336817525,-46.922455776081705,-41.993847347475054,-33.99121150128724,-24.53931887048179,-15.475657309863745,-8.201034393984456,-3.4824153845699803,-1.548837510026651,-2.2098570385592935,-4.814349091847886,-7.981959544569075,-9.905178901839944,-9.193935075383209,-5.668297448175441,-0.4725007840729038,4.462575022097935,7.281670160549678,7.146760621678939,4.663416555183565,1.4115319746164927,-1.1750365509995544,-2.57008068,-3.0891079885676898,-3.2744945267990606,-3.291375534162555,-2.9761097572295196,-2.282953599817318,-1.4075654550164947,-0.5510960025533762,0.22749006073537245,0.8774570707692937,1.1371371140956192,0.578272881703095,-0.9516607398231434,-2.8514964434604524,-3.896610552084514,-3.1695485789687625,-0.9689831181583722,1.1425980425343782,1.511220696550779,-0.23298490753544332,-2.7432514076387116,-3.915926324227419,-2.472529474278604,1.1483594594622657,5.219883441195327,7.947966910000001,8.520050734354205,7.389884696994311,5.811643022679911,5.017108192692039,5.506574378773121,6.915968191565618,8.400117169637099,9.120772646935048,8.524668194506278,6.4822592229382465,3.363534720734088,0.053132592832647985,-2.2534665391123463,-2.5121844000049807,-0.3787369696076281,3.550105052886511,8.009264528057187,11.577986028667338,13.164464644881388,12.391660107217103,9.77821841708147,6.595696613467159,4.355976042077041,4.0278341276152325,5.54849837
7kg_16bpm,7BC,-0.96545396,-4.8003874919299365,-7.518685225624188,-9.160047093819674,-9.665919610004789,-8.925559223366857,-6.896187138979856,-3.7254030451830586,0.167324125079997,4.097630331063025,7.250175460169784,8.933580131479689,8.854194223709419,7.226000677325766,4.641134357002702,1.8220422700468177,-0.6210695306393361,-2.3482245025002966,-3.3304038697049254,-3.776089134079984,-3.985899288001955,-4.200902789390284,-4.50718579969001,-4.819525890063653,-4.98767557368849,-4.826792258652757,-4.195742748652589,-3.0605745389540515,-1.504321461844876,0.3168630813905779,2.2012853464114475,3.9521326852668404,5.327649576009901,6.085141727950679,6.073529487494853,5.272890557582599,3.800558370280933,1.872971220320812,-0.21981915128070154,-2.1247515374816786,-3.482007714972268,-4.024723292603644,-3.6688340311502032,-2.522906500346448,-0.812812857545099,1.1508971797276502,2.9591151008190746,4.169071712169844,4.429406079454481,3.585631938151182,1.7918888800000001,-0.4199809133667638,-2.267293060967795,-3.041412854532811,-2.458250475505703,-0.8649567530398404,0.8324765905518187,1.5898442062498943,0.8069671460828015,-1.3145350228277075,-3.8945805533026707,-5.905525839462061,-6.740390933171048,-6.453465168103419,-5.601761243324261,-4.848301198754687,-4.560580474501561,-4.624961748592259,-4.555789649756009,-3.8323542539122513,-2.2194334007142578,0.09068132719135251,2.5352607840305574,4.430512430360629,5.273444946093073,4.949888827503688,3.7600668928600967,2.247759466331204,0.9379926663080583,0.1602266010179734,-0.003846187174353116,0.305451047594158,0.8286936814452102,1.321992162140642,1.6509634660501926,1.7985013077644656,1.8039239242722809,1.7176738617487681,1.6050446209600744,1.5845167854550868,1.8327155924546876,2.5063000679291383,3.6358283233173387,5.07683429690759,6.537237105919005,7.655190888895912,8.076355029907903,7.4963627866872855,5.7198846620700765,2.771302669904063,-0.99496222
7kg_16bpm,7CA,-18.01032618,-18.061198018682163,-14.668625750899396,-9.529434532887182,-5.064264256620707,-2.965420719743857,-3.3219182756889754,-4.937665136855572,-6.419470425109831,-7.099002797165436,-7.236679625751264,-7.306717814196079,-6.874427862921803,-4.219692648706478,2.1544892495448167,11.654056261511602,21.40640257145514,27.746144288238803,28.332332890553094,23.29329153798622,14.909113871293641,6.294121487780609,0.36546783395922905,-1.3361807981051792,0.7088573888776288,4.79243464,9.054858293206808,12.30586068121675,14.296060503306766,15.339919595046117,16.00675901959287,16.89145575417031,18.30093778868871,19.855877710097992,20.557206149624307,19.39793654078649,16.011178583401414,10.838147546457165,4.849025205226428,-0.9203763352209031,-5.7034459765416115,-9.119180828778664,-11.19843999686831,-12.347843019006016,-13.197733166336695,-14.381278787412471,-16.34422496745849,-19.385310588645517,-23.433794998418243,-27.475969286227496,-29.815709080000005,-29.12873428629765,-25.196384508872125,-19.074242806770773,-12.604719278678303,-7.540250087333002,-4.805036434200747,-4.312210803650145,-5.266332908792526,-6.547204136544607,-7.164323501326936,-6.694282779622649,-5.302471425252898,-3.3738600691824527,-1.1447394714826467,1.363964215062465,4.098353422816992,6.674741043405481,8.45926264867175,9.035990757344178,8.541160402396748,7.441468149672073,6.14546808489851,4.910205357094432,3.9480202964801845,3.4201211600000003,3.3377900490895382,3.4687059620643153,3.526219822925432,3.661781385068157,4.406016849745329,6.104819142333201,8.457615431151362,10.454753462716072,10.968866122298957,9.600456509769874,7.101728005040198,4.926940901474092,4.057618993290626,4.157302000975564,4.144007786635569,3.578223558807052,3.1720014356595234,3.7511528589240775,5.046305543614566,5.931942819878115,5.747343243868688,5.03935325430934,4.8781509031329175,5.5748919724984995,6.38426959
7kg_16bpm,8AB,-12.70529835,-11.842695966789966,-8.645271088062955,-3.9379302047978046,1.2767652181091567,6.19597231,10.489992705843154,14.375525603186405,18.34536429002709,22.76863388597549,27.577212049999996,32.12924839832653,35.33910636708021,36.06718309321023,33.59841655667476,28.004733250000005,20.14555770354188,11.380414818465933,3.035521356682431,-4.098672105635847,-9.98346942,-15.1726921965004,-20.333867183038755,-25.745148512160505,-31.127048987254227,-35.97997749000001,-39.792530580389226,-42.05475844236909,-42.266003863784334,-40.06041102250584,-35.46477335000001,-29.0837822329265,-22.022636438635868,-15.504855183772422,-10.427649794341658,-7.14332391,-5.426151173996112,-4.55072494529087,-3.5972874059141215,-1.8923426000765111,0.6993198899999999,3.765090554893728,6.502285338080014,8.081104797333294,8.06066328699215,6.564032240000012,4.157674692732572,1.4975680547017984,-1.0072142982301073,-3.2199590195543317,-5.00499629,-6.061058605176819,-6.064621642402949,-4.830457823456211,-2.688101278068917,-0.39223713000000004,1.367114567123811,2.3559560357547173,2.7998407092988997,2.9711082007337777,2.8599534300000005,2.2711799827475625,1.0304974996559262,-0.8966032858697133,-3.449927929989289,-6.49315794,-9.711323562199617,-12.417914017043497,-13.743884076365745,-13.173166471674504,-10.96071411,-8.096419626209642,-5.773768527569789,-4.767424805905363,-5.140126715582366,-6.267006250000001,-7.10030595244603,-6.6771974409178165,-4.653286323338277,-1.4862272473911298,1.8243557800000003,4.220648518864209,5.034137821285011,4.206279537178852,2.20153180351648,-0.2604839999999756,-2.3162971160868904,-3.0153584756886924,-1.5569423798307571,2.3083759994592348,7.949054009999939,13.876875424468594,18.278721813882573,19.934085529157155,18.96798699487622,16.688235990000003,14.592310217471113,13.45305879433213,13.133751284130764,13.016559362346234,12.50904371
7kg_16bpm,8BC,9.45377311,6.346702167290906,3.7782425357054747,1.63383395289082,-0.3323573994724566,-2.232375,-3.9381441841340923,-5.153334993999239,-5.60833228094864,-5.233693917200592,-4.19667,-2.801288023049996,-1.3697742528479933,-0.17332414347378877,0.6248029818744978,0.9944120600000002,1.0025348975270976,0.7603842045662339,0.35142314949218145,-0.20831569470777145,-0.94897944,-1.8853643736138002,-2.961382889189806,-4.0374291592945655,-4.9194343057119,-5.414828800000001,-5.392540142735262,-4.830911363184042,-3.823892524051048,-2.573828183007741,-1.38948641,-0.5739761080999418,-0.3388636473659823,-0.7339617095985295,-1.6391382502385718,-2.7920916000000005,-3.827090848181872,-4.363202330180443,-4.140704024853157,-3.1143298829800905,-1.4495246900000003,0.5539613762767381,2.5594607702919685,4.274197925408898,5.51445006324443,6.249147790000001,6.576614342427742,6.643530104282729,6.58077030392752,6.470117671595767,6.30443331,5.983369833243848,5.381704297160547,4.433451052107833,3.1648146327556406,1.7035237900000004,0.28531244788094434,-0.8276553819309282,-1.5158115179373248,-1.9108360352230698,-2.34214913,-3.1257779140439115,-4.329033355745194,-5.674070276445707,-6.664932343492632,-6.872566689999999,-6.203186494284979,-4.9640736045655816,-3.673553839498752,-2.755442188592043,-2.33425119,-2.2315566138161413,-2.1308159449868174,-1.7611800783682061,-1.0028849774026751,0.06455448999999996,1.1995387530712514,2.106228624028162,2.5297829299727046,2.3261074903299046,1.50874423,0.25865405257097657,-1.0881111167471482,-2.08522447290289,-2.2842402418396803,-1.3863438000000001,0.6309784232363871,3.475895579633843,6.594013643369708,9.287633375496734,10.904787590000002,11.050974705811413,9.726670628648595,7.334845850691306,4.562656549064636,2.1686707700000003,0.7530851740063839,0.5645361938645387,1.4047468097024853,2.7246482642514995,3.91384796
7kg_16bpm,8CA,-7.29467536,-6.532281574599125,-5.4973439331408205,-4.986220401692739,-5.409814964356727,-6.536066224779403,-7.744843275646529,-8.496333769741618,-8.636622278596638,-8.261123865616968,-7.335483898094091,-5.5937886795551535,-2.87214650213808,0.7732960073025256,4.807253128850849,8.290746456918235,10.197652796450607,9.893917147708796,7.569846954322975,4.090523645893629,0.4717824036098664,-1.836404034496093,-1.923378679296256,0.3456997385774389,4.212304091242286,8.316714448775556,11.285229402314807,12.380441689189079,11.850206191888176,10.661475738529617,9.866609139538776,10.077099322872701,11.265902039783452,12.895855632015868,14.262360816322888,14.774367715078593,14.080508656755713,12.128275120967425,9.106741336210948,5.345264323365807,1.2886774428187848,-2.49912161481114,-5.508287767699474,-7.515745682101096,-8.616071413196208,-9.311184234884381,-10.548831854478415,-13.284164050092018,-17.606443887350785,-22.32711695406998,-25.693289543491126,-26.47127157036484,-24.574578984206923,-21.08524701373951,-17.648384798793536,-15.477680851493725,-14.698828211029186,-14.492761149151528,-13.794716238556688,-11.973153372899203,-9.12873228688516,-5.913197395693584,-3.054235659406232,-0.9884690228782802,0.19186965439716477,0.6491980910282371,0.6243699070138157,0.21109497305239766,-0.6908938970482044,-2.0830289334766463,-3.602660694420513,-4.6374335843616565,-4.624083293520468,-3.308075669716921,-0.906754866798154,1.9308437956893065,4.428188938712072,5.991968624167103,6.315495540357891,5.402249799437256,3.6927144551477453,2.022447290372392,1.2214033711352128,1.7759615336667953,3.7022790955712863,6.639549127011655,9.96810672069443,12.76841140031415,14.028815462751865,13.297670119971956,11.18790158492488,8.922446116072942,7.253846182085131,6.018962889826445,4.820439451062015,3.766348115413072,3.3765909256354845,4.056802719835416,5.74627287224443,7.895162063662146,9.66367948
7kg_16bpm,9AB,-7.29657442,-11.142140179984029,-12.154253359999998,-10.178289448154823,-5.646342410000001,0.5863182327848788,7.44913708,13.765333715841157,18.498186410000002,21.296080290974928,22.62761544,23.239683257212597,23.621069370000004,23.803234425219948,23.424990110000003,21.9261708888503,18.721456210000003,13.387586319564226,5.878293990000001,-3.284838782440014,-13.000499050000002,-21.985978207683488,-29.12820191,-33.790877705518675,-35.863849480000006,-35.439305180345684,-32.77903874,-28.525049580256052,-23.627066820000003,-18.930025768839556,-14.79861456,-11.230356923837016,-8.251341229999998,-6.161429366635489,-5.34341309,-5.9386168711175795,-7.510998690000001,-9.009884069000416,-9.326539210000002,-7.995992577110877,-5.41573931,-2.471977124984063,0.04022593999999996,1.785048870032121,2.9202511,3.7934264745637867,4.524492030000001,4.838071745151001,4.34088449,3.0462706363342167,1.4409950900000001,0.07218988171974222,-0.8915193800000001,-1.636174554510811,-2.3969994900000002,-3.250265049657584,-4.002520070000001,-4.398676935794844,-4.399143620000001,-4.176875829010558,-3.8726993,-3.5485425594061395,-3.52801181,-4.368572295620189,-6.17814437,-8.013784290844006,-8.20195657,-5.619157197991469,-0.6529699900000001,4.565640517650365,7.478865220000001,6.719707870172507,2.9349359000000006,-1.6354248553707118,-4.42781482,-4.084838375895504,-1.17893934,2.45479896443692,5.020139940000001,5.645800051425653,4.483853220000001,2.352813895179099,0.38819108000000013,-0.2635068132387873,1.06777108,4.269478586987839,8.521203550000001,12.370949999871163,14.031764060000002,12.40369425846173,8.254221500000002,4.045231755118986,2.2440904700000006,3.6229908953510193,6.95038625,10.14274404412803,11.82707855,12.076428796241553,11.842864609999998,11.852012630061182,11.99746994
7kg_16bpm,9BC,11.91254061,7.019293190575058,1.3516293785647155,-4.167002383973688,-8.640463937758934,-11.36489367,-11.916225724025756,-10.21593777452189,-6.589484172731273,-1.7399920827423074,3.40260502,7.882550883194769,10.913675807288081,12.067961689839773,11.379056698775557,9.286646770000003,6.471623795418099,3.636214615325234,1.327139432511202,-0.1831739224268263,-0.8993823600000002,-1.0185353738214227,-0.8368002222762442,-0.6523849544214448,-0.6731932002984203,-0.97219182,-1.503088213381872,-2.16028078317625,-2.8473388892546234,-3.49985909310594,-4.066570080000001,-4.4692631741566915,-4.6385136878721465,-4.507864620848987,-4.021141584114592,-3.14034617,-1.860965102718467,-0.27216341880073086,1.3794997061750875,2.710425200282,3.3665876900000002,3.2295175626338017,2.4769509903829747,1.462657680409879,0.5181288036065345,-0.21043115,-0.7878671347563297,-1.363501837365213,-2.0117731831592565,-2.6747343211912145,-3.2138480800000004,-3.5005264522413513,-3.495681855109276,-3.267662284328838,-2.9552591009124507,-2.7496967200000006,-2.8717711040137432,-3.479120263657396,-4.538677061435602,-5.746960712008224,-6.57398678,-6.462412152890393,-5.0836366556677826,-2.502150315083848,0.7926548448497656,3.99039596,6.199914672967573,6.746485653432258,5.396942702116654,2.4213204345766046,-1.52430449,-5.603019738335887,-9.001291430542278,-11.056162054785608,-11.342200991927577,-9.72394868,-6.406719435710966,-1.9425718916708417,2.8775020019511195,7.192755108234147,10.2294379,11.44724470544419,10.688897696421899,8.268713690689427,4.911636229015375,1.52613173,-1.1279924869652678,-2.7271627556839784,-3.445149327161745,-3.7545798143108597,-4.078505370000001,-4.494607695584699,-4.739127524710735,-4.516351137408613,-3.767613721920009,-2.64400652,-1.2895587893681468,0.28878035792269896,2.1066809262985315,3.9843491182122888,5.47302787
7kg_16bpm,9CA,-6.54687553,-7.177296119256111,-5.723403276684256,-3.1529224535659726,-1.3314947221067346,-1.6039046531729209,-3.873185269893524,-6.777775390052008,-8.699208321056377,-8.80233257349909,-7.405937007106224,-5.516791671004143,-3.933586030444613,-2.772329272864415,-1.488722602360274,0.5081740073954252,3.303164333870823,6.345610568408474,8.704080601524621,9.58145799894763,8.806981276690625,6.941482608520758,4.864320464363044,3.3259776318559977,2.5845221482248735,2.3164805500000005,2.1209067168036575,1.8978337232371545,1.856280870206074,2.361367194359158,3.7272297685852545,5.949712109008144,8.55160045530912,10.739225959969716,11.847195035766747,11.762129350334382,10.977785818642815,10.237653930618336,10.072185496306973,10.550509856116806,11.30920498165137,11.75771266038596,11.270834379572872,9.280969444119071,5.443870559012176,-0.025498612271883325,-6.19007717612723,-11.677263453762297,-15.31236724433135,-16.711442133494796,-16.446496800000002,-15.607047127449983,-15.093729849567488,-15.274981971462937,-16.09049701344772,-17.28202920204209,-18.506932251366276,-19.403057927868264,-19.671775871559642,-19.148431456994814,-17.840066613352256,-15.90018300307013,-13.570821004263117,-11.144007069470858,-8.920130829297712,-7.131239030336871,-5.910009278411836,-5.338945531089903,-5.388975341783608,-5.809441402322463,-6.1484937987691,-5.881485184006625,-4.662249978318795,-2.602897151698389,-0.2879677727910301,1.59102312,2.6863462755208913,3.1578960851967164,3.4590697999776103,3.956581907983355,4.658917471539269,5.286498222950046,5.655568019908925,6.069587496358242,7.185539106211166,9.320062003243207,11.973195472639947,13.967869414093505,14.081151868924014,11.899780037853247,8.34104955613755,5.248135842995715,4.060079700615376,4.693296892108559,5.861158559149847,6.350212493568239,5.993323632800759,5.617620471916111,6.108871276940541,7.505280120559357,8.91856231
