cond,seg,p000,p001,p002,p003,p004,p005,p006,p007,p008,p009,p010,p011,p012,p013,p014,p015,p016,p017,p018,p019,p020,p021,p022,p023,p024,p025,p026,p027,p028,p029,p030,p031,p032,p033,p034,p035,p036,p037,p038,p039,p040,p041,p042,p043,p044,p045,p046,p047,p048,p049,p050,p051,p052,p053,p054,p055,p056,p057,p058,p059,p060,p061,p062,p063,p064,p065,p066,p067,p068,p069,p070,p071,p072,p073,p074,p075,p076,p077,p078,p079,p080,p081,p082,p083,p084,p085,p086,p087,p088,p089,p090,p091,p092,p093,p094,p095,p096,p097,p098,p099,p100
15kg_10bpm,10AB,4.313358,4.431694804464371,4.5549575306901,4.6732704682447945,4.731743538264498,4.579785198653001,4.365765370580836,4.290758788188588,4.321126763598408,4.337910418471285,4.2226043,3.9790515528102124,3.528719667947037,2.895389515785236,2.5754047318830877,2.650820415950935,3.037304681036843,3.5256125720635416,3.834320462997701,3.89981417640343,3.8910353100000004,3.7478580943621203,3.4290748051095714,2.895653481577738,2.116085175798824,1.116415678025135,0.29219819445238754,-0.2826371017536126,-0.647786995420954,-0.7730230625152705,-0.6038511400000001,-0.3231265302023098,-0.02933699275697793,0.22942945812367033,0.4327800538559713,0.5436055559971615,0.5364548106542392,0.43637638748858565,0.35647386674878956,0.41660693858399805,0.67084173,1.06414493917233,1.4882172471971968,1.897370789381105,2.3022758939036234,2.7688527676131462,3.392745719523259,4.248660850199208,5.379286972204498,6.755393899864385,8.205808250000002,9.637703303703104,11.030245506686263,12.556025902767713,14.336223460940083,16.40043309940836,18.679107466977005,20.921901589232995,23.045418268936512,24.995149665637463,26.94800738,29.01280669944025,31.28313066530745,33.729261638556515,36.01668005325776,37.60637773984053,38.19062475516391,38.69350425147739,39.18761994677283,39.714189898699345,40.23393965000001,40.84020616671761,41.68324872414138,42.63253420748276,43.405722256960374,43.75209472756129,43.7147160912092,43.504150682988346,43.41373901688869,43.56009966473665,43.68235982000001,43.502557769252185,43.00826111872226,42.439069869661,42.36528656156882,42.98044240765689,43.83953955885883,44.446905858521966,44.52148018356329,43.8768870797904,42.66640357000001,41.438087884309674,40.23260816394457,39.53093958709589,39.14687954388781,38.51262240120378,37.49419766676188,36.293274263310145,35.24261063908373,34.5066466220823,33.90698995
15kg_10bpm,10BC,34.26276043,34.06313002076599,34.16144919604984,34.69665035553247,35.650242228158426,36.91450176362002,38.12849884934224,39.033088766056245,39.50749324013978,39.82865930198901,40.201296937187486,40.51417241111348,40.64317469078086,40.563914479096844,40.26735003996157,39.753598236311966,39.16449192423349,38.6231579569801,38.20016391885689,37.953949239887386,37.87990567,37.90242722305659,37.87110626532291,37.6792159697718,37.34386483905911,36.96618722727461,36.706577669023986,36.56263137345389,36.53819198071042,36.505461925408454,36.46448103429029,36.38820600670583,36.25606547144707,36.059940449675516,35.76660349148842,35.35212632947521,34.82010534356352,34.24520861767729,33.76822772757558,33.497083755228516,33.46310181,33.603428888262385,33.82918947398033,34.07111022235276,34.22244861866134,34.299667798538934,34.26462094663198,34.19733553833742,34.131344576051525,34.15380082045728,34.32056312083061,34.65293574453838,35.11989682761962,35.66779624002359,36.22022124649386,36.69143853977111,36.985638652228026,37.05444520950827,36.91454615285939,36.655340604751096,36.39476635,36.2475519117614,36.287220350831376,36.49645054922155,36.77443195226336,36.99451574192234,37.06901650790458,36.98930032457092,36.80674590773549,36.596115817751574,36.312516754671606,36.15774110968663,36.23952568039013,36.59062339920409,37.20048493216376,37.980646279209104,38.817496748392536,39.60850666360679,40.296333967071966,40.83808029026598,41.222679160000006,41.47222375284603,41.67653905222912,41.94142162287702,42.36610904131281,42.98993045159346,43.71201570729604,44.23893393807174,44.29551400736322,43.67221567005233,42.66713644611538,41.76532885053997,41.362336080133005,41.35382997888508,41.48365457126818,41.60122409880212,41.732217751834106,41.84309508500275,41.811672794018975,41.38324035705986,40.47759356
15kg_10bpm,10CA,34.27938088,34.89288958613739,35.640166111053844,36.647995841434124,37.22173622589123,36.17279590011579,34.594555538962794,33.44969613756147,33.076331776371255,33.11414749899394,33.21658662,33.179432463805796,33.32282580425306,33.544048025896934,33.6832685613338,33.67021311818505,33.39432016380556,32.87073273345919,32.25721891484917,31.693843639534933,31.0697622,30.158874222669912,28.81967317601543,27.308576874744364,26.011992926681895,25.092377565925506,24.551508578618456,24.14924587981434,23.24391090605406,21.692157358473622,20.05592089,18.826421038914035,18.03849369978704,17.19720589948753,16.265499568007456,14.824235536632177,12.829277822036023,10.559095385754222,8.401410905964452,6.6346970315365965,5.159578710000001,4.004362609678078,3.212221907943162,2.620802015922526,2.0989552256487443,1.641898651599199,1.2606016132608586,1.011484312464015,0.8726828945440214,0.7572714918352277,0.6254172800000001,0.526530296571685,0.5534070942652846,0.6940023623340192,0.837938511681829,0.8591412338465715,0.6500955100044237,0.34645159788743074,0.027487203223827514,-0.24097380161788173,-0.55510078,-0.803825962261198,-1.0550173163137784,-1.3498184961626472,-1.6164880033216622,-1.816646740442991,-1.9603971732325645,-2.103388225177717,-2.2619396043099895,-2.466448162657165,-2.65200524,-2.733479159861499,-2.6382421940174,-2.3958825462204287,-2.2344210893203953,-2.309969886361739,-2.5597607477130073,-2.720883128823516,-2.577985587106701,-2.1797075155600236,-1.8017262200000002,-1.3054983835409943,-0.9709491107234177,-0.6765964299387444,-0.4607545617955811,-0.32315654855971226,-0.11847795199466916,0.21285264026896025,0.5081875466543273,0.6871182935130234,0.9537705000000001,1.559044787331793,2.443690607793867,3.290366151314271,3.80066758382668,4.218601336744795,4.768059936943385,5.285878287017764,5.726233893528486,6.14884071270108,6.53739597
15kg_10bpm,11AB,4.06260895,4.050230616635516,3.966947018452592,3.8483448885830405,3.700881969365981,3.3473476872636017,2.987150985756457,2.800695773380451,2.817543055467381,2.91025777689215,3.000605043870111,3.0233274993036354,2.8599573180630147,2.598311789459613,2.5218141540665546,2.682371242443275,3.012713470172225,3.4181455424282525,3.792963061975383,3.9443811964170226,3.7324784979394092,3.278461380389781,2.7278625845599174,2.1847699112565584,1.7144660783238554,1.37289771,1.1001614742707737,0.7403827768873829,0.12300887337831115,-0.41782033535201546,-0.7548717019050525,-1.036360584916449,-1.1435302537964738,-1.2103343996655869,-1.0698254131995208,-0.8369482318872357,-0.5887304972977311,-0.32137718144919614,-0.1005973725984076,0.022190877422842405,0.055918659159742735,0.05308430501232677,0.05268019246619965,0.060166514785190146,0.10632097344115489,0.29886990407527564,0.712372048565575,1.3839145454562662,2.3879384890962894,3.726922584401714,5.38020876,7.214087442126037,9.16307895359131,11.025014929988938,12.74728899578854,14.38470000131716,16.04414490256822,17.91886911250533,19.987760429718115,22.1825292372737,24.392415717404077,26.49556625310646,28.430582442272495,30.28028558380961,31.98727636808932,33.70172563388611,34.96919637291401,35.725913336912384,36.463344822888246,37.156376567126046,37.74168028049236,38.138751939564855,38.43265549523711,38.80856731918725,39.26008780030005,39.47796410000001,39.236618513771546,38.609231724397176,38.01423652144295,37.772011674451434,37.81396410402377,38.1266000499388,38.73202058346326,39.496348270372835,40.16028841551142,40.67717039816506,41.36644152965077,42.62004120555067,44.020851652534574,44.5156765434506,43.75406114450668,42.74212165706917,42.66400222603834,43.2538810408424,42.88000070760776,41.46897727103375,39.88030189016489,38.967501490117264,38.28125033719731,37.35913017171401,36.06901746
15kg_10bpm,11BC,33.90434658,34.64643706341288,35.68049549614779,36.92872511139183,38.30728741308757,39.57912034215654,40.61292753191103,41.39300263105305,41.89089586374357,42.133997088504266,42.05595744785218,41.65348302008637,40.92792017837157,39.940604787006336,38.92181976036764,38.06835939380581,37.441775329694686,37.06756563330329,36.888065348525636,36.835463775912665,36.914084771686596,37.063873205807226,37.17151625808447,37.15994781830242,37.01163482835796,36.7898574734928,36.611023835018926,36.60287984597009,36.77388284936397,37.080857161191624,37.40151405933501,37.59969187396699,37.61280260455048,37.33988785190179,36.777008263842255,36.032466342483985,35.21460153801404,34.485539118874115,33.930716263978454,33.56573972425344,33.4062871425292,33.3751924143838,33.44098358554575,33.559790022314374,33.71075625120451,33.85085154852112,34.015422235769044,34.20792685678206,34.38156718510733,34.53346016128095,34.580623410849185,34.50597343936101,34.406491097607415,34.44134459515791,34.71965127013057,35.29898992701959,36.10725663282014,37.0211810847524,37.866106296642954,38.50819708909925,38.87212814744875,39.00084961442281,39.010387037341154,39.00933827431257,39.00721075205413,38.991926435832795,38.97605547412264,38.99926152162832,39.13977587250205,39.45655846326831,39.96179743546193,40.574861345490106,41.18073767946483,41.64899434041589,41.89457988591641,41.90065540158672,41.74807022438864,41.58526788212666,41.565052861642364,41.772398943966685,42.18290211275298,42.6422177875088,42.8860598583196,42.89696999325836,42.86982313745014,43.045302710480044,43.48636926401229,44.066843668325156,44.56041110364983,44.69906783341655,44.38862843426365,43.90112491899161,43.64154342841742,43.84281786182991,44.258579798247716,44.45764224351168,44.325031181549264,44.04055844851755,43.691459699480326,43.12103276781082,42.22874867
15kg_10bpm,11CA,31.0191649,31.771741767659343,32.3911119483089,32.9523599426376,33.67075082987056,34.82829716184043,36.51508233123146,38.5913425014041,39.284964059886796,38.178196208833626,37.25554410656222,36.84082887311878,36.659054297455334,36.37465571958342,35.657735238315226,34.56015144738197,33.35706607749204,32.25412848328486,31.356805085968624,30.64642470346531,29.905444701132883,29.076377420670447,28.27097146173835,27.638049204444105,27.183984117468576,26.812431947815494,26.459475419878988,26.1187391856193,25.802106923444452,25.49560758830311,25.230872912956098,25.18186420957966,25.657599355338053,26.697259142336414,27.415750855992563,27.875625409912267,27.56734559572491,26.75238913319335,25.571891332803325,24.224372284605522,22.58759341781966,20.66491457669858,18.622194987673456,16.666273216045703,15.005030065217476,13.348881966657299,11.52316341457987,9.703205522516049,8.151958405930309,6.880106664708762,5.74975945,4.727781543795317,3.792444146089814,2.9745584323616328,2.362695771858034,2.0314805267085565,2.040057182558082,2.226176286578443,2.444509618565879,2.6105746746081206,2.605678826805609,2.5052603545354377,2.459225421974767,2.4431369596058143,2.347155910874135,2.185008267585832,1.8794273805909079,1.6452249286353124,1.4006933834921496,1.168061083847754,1.041556956482293,1.0654586952918355,1.2092627541972873,1.3889052892304043,1.5250985235232208,1.5529285387341714,1.4599849462771883,1.3017931148871835,1.1861100494456553,1.1741709715673314,1.3192469662281137,1.5429402082968882,1.7321723566640783,1.8938042501477643,2.252293761357015,2.860561397179784,3.4944604528836996,3.8646870507589024,4.191598497379569,4.655715948838418,5.190063977807251,5.4793853523572125,5.4873629873478045,5.558947437614882,5.920318200573989,6.427785245632714,6.933303270943444,7.362226036545919,7.726115358497573,8.021536048692374,8.23282515
15kg_10bpm,12AB,3.53302636,3.81095245723493,3.8791658420819313,3.7456782940148727,3.524837622540678,3.090201224995525,2.557382807509987,1.8521706864714629,1.229399983568556,0.8706115984939389,0.7508376879635842,0.7433481122334987,0.8206373087383023,1.0882000839976804,1.6175396878039234,2.254513071800693,2.5963417165302873,2.5679541257303913,2.387199184220508,2.1101787504049216,1.6309233500000002,1.0464407226125372,0.40421218136920256,0.010229194472234606,-0.1931103920179115,-0.2963199038965119,-0.3876580193335173,-0.45656021921502055,-0.5869211924019988,-0.6998809131228652,-0.7142759998048258,-0.6008056389961878,-0.310116078411661,-0.005397042061218257,0.25825580022340616,0.43670703554946944,0.4909641257415797,0.40908171865237275,0.3119127053064874,0.455483027189556,0.9979400000000003,1.8621615494654713,2.7933107118452893,3.5888947529551785,4.198189223051935,4.760309289313878,5.531090800807813,6.5600331710384445,7.944168298224359,9.632530157140224,11.559372314709105,13.436504518869036,15.223211421666939,17.054991773904614,19.161500232057676,21.530617788623815,24.098900784561184,26.5667601838338,28.919388012210113,31.100112974836506,33.222650069999986,35.322242779779714,37.251837503626845,38.786098029852255,39.454687196348964,39.36687140810583,39.15120837932414,38.97397053465211,38.996456318583405,39.207550774553454,39.60094442922342,40.15228628198299,40.58756290136526,40.85811710535282,41.06580072816464,41.33757882590751,41.801288025190395,42.33029933209726,42.46027662055012,41.89050924238004,40.81943118000001,39.80742629476288,39.36115521453556,39.879770046728076,41.23753154688691,42.61996955535068,43.16828284598883,42.69811349411458,41.50641076387668,41.02798103990224,41.81945883775085,42.35692923308827,41.39161250895668,39.93672023566282,38.598676652719526,37.48367003694246,36.32791993834104,34.93159205149757,33.59146807964306,32.73626343051124,32.44381343
15kg_10bpm,12BC,32.54079184,32.004919005660305,31.80148692767411,31.78615881721474,31.864088547961156,31.98882224656877,32.21914123006855,32.7001739007807,33.69028196993061,35.2259444578995,37.230439114947146,39.231328734926755,40.683169492628586,41.27610386050863,41.046432009053454,40.23830761296924,39.504740728374294,39.203044595128,39.297567066752556,39.61085901312929,39.99537048403823,40.14526511686465,40.16010404628317,39.90615896058962,39.41726211835726,38.83757196,38.29230237468878,37.861387030316166,37.54095999540464,37.29839199197006,37.099373222679766,36.96877440910917,36.90272842742963,36.80178534041081,36.61323543148432,36.384324276022824,36.10531743378942,35.7009947005905,35.279467133263374,34.856343186613884,34.33199593867644,33.78478989198092,33.318754211671866,32.88694092777681,32.464703916967906,32.099541846302415,31.793401533943932,31.612394506350928,31.67525718897573,32.00824511882697,32.48385904,32.967818807139544,33.31982312657222,33.52231770236871,33.63859337561972,33.77123512936948,33.97979301760971,34.259939905652146,34.47038503427446,34.534253226699505,34.47955353207774,34.47606564571324,34.6575440706042,35.00069361840911,35.41514995440388,35.78672178309021,36.092607095483174,36.33722457194658,36.52141263065939,36.664624468411866,36.802058854019094,36.94124672982381,37.153682070791945,37.53637945449788,38.04159359445534,38.53323376,38.98060425961007,39.32607360072412,39.50660551316894,39.682994455472,39.93915025281249,40.192793752744414,40.31996632861555,40.30852714287394,40.31295294327502,40.57979287319698,41.279196828209855,42.19476185410317,42.681720717642946,42.14003201145521,40.71942341749018,39.448291129787805,39.15536898001179,39.67570097384194,40.310917467426734,40.51341307247254,40.31261911178841,40.15918311261493,40.119492930327816,39.78455873077917,38.80628088
15kg_10bpm,13AB,3.63245474,4.412229958308748,4.968065416079151,5.22478488899571,5.14384360980332,4.755585760573658,4.196623005971922,3.601880401110038,2.9739885893354976,2.3352220245096293,1.8386778520365017,1.589570648916227,1.5477689222495057,1.5815722732000046,1.6233084864757443,1.7156889816514143,2.041656391395525,2.6141368659550954,3.2495524843954535,3.520128600144147,3.420415700161875,3.10075543730775,2.789637608378655,2.582533523614015,2.377904164572836,2.055059469184148,1.5910960894908972,0.9014908950127337,0.16104366404342751,-0.4344808549254678,-1.0133109543489418,-1.2355366997914456,-1.1088362380844163,-0.7536663906282866,-0.3182990631569322,-0.08123654484040761,-0.09555987242314576,-0.26149430702156823,-0.39446631190227116,-0.38842628379042077,-0.25597982694417687,-0.09291118605332006,-0.030767065462652423,-0.13623872341741325,-0.3329390603375774,-0.5145257058576764,-0.6218226299379529,-0.7461446145036112,-0.9100869048686422,-0.7858339995549727,0.12427866566915846,1.1364667870884382,2.192993155026635,3.066505134031755,4.412789509623513,6.259805624097011,8.59289606384542,10.812635992284054,12.832990438230045,14.763671751698716,16.876006958467933,19.276134835641695,21.82697474313176,24.342858872183108,26.719190898165433,28.872990155164338,30.768239649991756,32.399260889289614,33.852189148772446,35.30111684240359,36.79160048657067,38.39632635793031,39.99699099439462,40.84277297301558,39.94076827227288,39.12482607161638,38.83587138347189,39.01915409546973,39.418313437183485,39.69456682371932,39.68450255291231,39.44387299273438,39.21185673613794,39.2913665118114,39.860808459667496,40.85063076332847,42.21712660545774,43.936968769326576,45.19931035961899,45.3608581638557,44.72637373770374,43.59439598300574,43.03429011655895,43.40618320033594,43.04023760755659,41.688893633076965,40.201772060246434,39.1208831923604,37.92429410116461,36.38085241580809,34.83721642
15kg_10bpm,13BC,33.693485,33.90012154069764,34.57765874427906,35.76962660337445,37.44642833664851,39.38842041297457,41.42375886332907,43.407257113993744,44.9582514492311,45.78005400135814,45.98049248879388,45.74519482761307,45.20306960786767,44.49913287396966,43.74447378116765,43.018480949797,42.430291478575995,42.10729943912357,42.05262506863622,42.31601453049111,42.70259807596913,43.02900592283305,43.10214907990651,42.86185429397655,42.20648507668065,41.28957210134069,40.13617934754011,39.02045225151502,38.080539533520735,37.41844835424709,37.04292657552888,36.84068084747954,36.70332359874392,36.521423574066645,36.24319000274053,36.010896227478035,35.62978266539833,35.0965099966578,34.56707605052135,33.96909346860071,33.36605508959284,32.78721123489456,32.26773921243132,31.82432730272292,31.508892589459652,31.35526956837083,31.372107508045538,31.55906726398068,31.884981892424598,32.32430579930631,32.83019052280574,33.277757992857296,33.561390910480334,33.681253508400474,33.70311885518602,33.74249851819007,33.961772577566684,34.38956678627248,34.96051395876913,35.58276798715262,36.16277924984882,36.6435780052208,37.00269522468926,37.246933522166636,37.40892775078324,37.515331610789666,37.683384042529106,37.962291079511736,38.3789590413656,38.92160682845063,39.57241434352776,40.26199059233508,40.868180303151334,41.29614937553865,41.55072286546617,41.66531547830156,41.719623291979026,41.79524224803892,41.892383799320214,42.006099412272214,42.13339259489641,42.26381529257695,42.39751720049042,42.53844407262235,42.72450808634891,42.961825027637424,43.10948979714104,42.98202556968866,42.51783194408679,41.85825474496613,41.29495164429489,41.14843029367977,41.20099245258957,41.07615691675638,40.75099680810869,40.526686096037956,40.61280304191161,40.89308844873122,41.03670665672166,40.78683211843482,40.17114312
15kg_10bpm,13CA,34.73626914,36.18586684640728,37.94981203444257,39.18606303219388,38.766772131987814,37.26733440361935,35.4919953019258,34.14182296405006,33.60730093870521,33.59965749785377,33.59900710321939,33.54480235393762,33.40492936961167,33.119022962958475,32.717878684342736,32.34393923732378,32.100099472266265,31.788965138062057,31.023672732804833,29.60788642391504,27.79012994211882,26.248752068939353,25.576922555264147,25.857090681963868,26.590660934900463,27.19595484130217,27.303633162594753,27.15199978502391,26.93377217175952,26.629375853074947,25.86378639469276,24.738975794659392,23.221543331739195,21.315847073458713,19.11289668035733,16.871879555038934,14.777489009405032,12.858489260956866,11.126651007501664,9.48495910714508,8.083073807690987,7.061514375118683,6.342526282253419,5.684480076885117,4.93883670262076,4.086455107537931,3.304366762437751,2.683654866204824,2.279218026596602,2.081715303234862,1.9407345400000002,1.7391211388468548,1.517297599341018,1.3362404424588388,1.2004107969106355,1.0479464545411348,0.8199655474914851,0.5786168046646519,0.39262464998341196,0.22553976161860906,0.05824816583525217,-0.1488209238030521,-0.45678149703707877,-0.7744483597500704,-1.0740744934315687,-1.3271511836396779,-1.6152690460423271,-1.9288510245239021,-2.246518768163807,-2.6193556658678783,-2.976557426779567,-3.3483406184581277,-3.695370784383387,-4.0268724180147935,-4.316654095429137,-4.430093854175031,-4.3722594924930975,-4.202202107268514,-4.101415852405771,-4.141421532821328,-4.21110550542057,-4.0658907934444946,-3.579606670763583,-2.911318643540098,-2.385836320471618,-1.8502485277537661,-1.1447705219776283,-0.5321704750308377,-0.07206053562280747,0.2368076301606596,0.4428035864519986,0.6391477462696035,0.9882051731979853,1.53233361909732,2.051226190532998,2.51532998564703,2.9222569865986086,3.4099203841115853,4.048299036009626,4.695017143974782,5.14892802
15kg_10bpm,1AB,4.14839526,3.9355963599999995,3.5755699099999996,3.0033636,2.1954758700000006,1.5051785200000003,1.2706319700000002,1.63532515,2.394106,2.90743095,3.11851315,3.1625819100000006,3.21586041,3.40093729,3.6550294,3.9055353700000004,4.193268280000001,4.45197252,4.61667324,4.67339156,4.65810282,4.539768060000001,4.25613618,3.96684652,3.6371815300000003,3.16296356,2.4701041300000006,1.67810247,0.93651102,0.29436967000000014,-0.19662878000000003,-0.52116736,-0.7545640800000001,-1.03210505,-1.2915700200000002,-1.54872852,-1.7530074200000003,-1.8625522000000005,-1.8515126500000003,-1.66825165,-1.31731036,-0.8671735500000002,-0.41669679000000004,-0.03511859999999999,0.27715737000000007,0.5568186300000001,0.8977808800000001,1.44943409,2.29082379,3.4557876,4.926819680000001,6.571696490000001,8.344721110000002,10.27876719,12.18250746,14.11700983,16.02790297,18.046909040000003,20.187236270000007,22.450618920000004,24.785707230000007,26.93598,28.513746810000008,28.88684036,29.00669398,29.145124060000004,30.07658737,31.46971476,32.57829892000001,33.003045050000004,32.942660710000006,32.89142318,33.12543095000001,33.74080003000001,34.70879621,35.81048901,36.81702893,37.50081574,38.02259481000001,38.55307449000001,39.16496721000001,39.793169770000006,40.219314350000005,40.36472863,40.39226652000001,40.3220517,39.774992680000004,38.34212386000001,36.37382138000001,34.92544984,34.64498304000001,35.23064910000001,35.872096940000006,35.97512744,35.64277374000001,35.23317811,34.671890950000005,34.15909957,33.93628358000001,33.71722054,33.22812234
15kg_10bpm,1BC,30.87794771,30.713411646374563,31.14111750097637,32.4802813427899,34.55641032363035,36.9600321996459,39.03040025038403,40.48078083202135,41.40934518568834,41.891556874358145,41.96973547547848,41.80540319334794,41.539831332526674,41.275169265746825,41.034075329822045,40.73792488789897,40.416222399492945,40.02961297404757,39.30924596992498,38.37189247017605,37.493334458483574,36.958890887783724,36.741029587931074,36.72483021955042,36.73069324786797,36.63904154310537,36.33926426518291,35.9769688688382,35.60823308663848,35.27658413924474,34.758180474159325,33.96408004204993,32.96694881250038,31.934431980508016,31.002696107069536,30.25769069975968,29.72057123515777,29.306348991182034,29.00353435905869,28.91766947960936,29.123485115391865,29.552715283519788,30.13216238300921,30.601424382407526,30.980298067461952,31.316211219564728,31.686848043854038,32.12173969373905,32.58843935016882,33.01812639609607,33.36916279913086,33.63935933818595,33.85866822498879,34.0758521296033,34.33988221627982,34.672126138462644,34.9947254270041,35.31729771522392,35.58871919986133,35.788679172475376,35.899984243819645,35.93188529764432,35.91816413607026,35.93309026098048,36.03896289679471,36.233786912397925,36.45132065930812,36.61356047074025,36.71162702256463,36.71663262385417,36.665407302058235,36.592231524081015,36.50041642950794,36.47184553332023,36.64636066796902,37.06134795330036,37.60614113681584,38.105449062892134,38.458962035862996,38.687802803635414,38.86010591050134,39.10486897497848,39.63949203165025,40.46725266172799,41.53051726742229,42.77337881070516,44.21971022456659,45.24775082450657,44.10940478367482,42.35235263816966,40.80862627131554,39.60346929492429,39.26160547264016,40.29899587380335,42.01364508103244,42.337243422656954,42.07550474683099,41.95832835233403,41.75527795053638,40.84613088094241,39.04081895
15kg_10bpm,1CA,29.38181631,30.351842401770305,31.394709567556298,32.11260500028265,32.446832172547154,32.70149880089379,33.615551626267,35.83051889175412,38.86391021860603,38.54440999499521,37.76341881700982,37.53484684266438,38.26890684285032,39.634339872586786,40.94110754203734,41.59965946726663,41.361798606216745,40.23869230442852,38.411004621533344,36.218493943980135,34.071350241897385,32.201041170151456,30.58307285871421,29.019802564637633,27.338099141586177,25.49819869448727,23.69816852343633,22.182160490048588,21.142155667398267,20.546635871553832,19.847076189859617,19.29265599164237,18.508206030109864,17.909099089824167,17.370419547419676,16.34170256413868,15.023678834640695,13.830819687219478,12.350277407519386,10.825400206751228,9.45167420313237,8.172695590929491,6.9286264882057615,5.818202056830469,4.808724148211669,3.89472887159042,3.1054784827028565,2.4327294174636727,1.911419729972577,1.5246026837253934,1.2256537792839928,0.9578148799026999,0.6505487665861162,0.16975157381269756,-0.44028100350611715,-1.0252545611693102,-1.3612906180706472,-1.408157423969751,-1.1551651120933977,-0.9451175504985541,-0.7819011058264431,-0.7494019366475452,-0.8988382521413312,-1.152978908698795,-1.405754932315274,-1.6018359169475127,-1.7202007009578124,-1.6913468139322232,-1.6469848775135711,-1.6441784722173851,-1.6741291974480725,-1.7420289204571957,-1.896327690760386,-2.1139831771104136,-2.33221545215978,-2.4280518832351663,-2.3300943521502115,-2.0323235482711626,-1.6763881821655207,-1.2893320461921391,-0.934310839266808,-0.5915705774118332,-0.06795035438679436,0.4735392001442928,0.8385090088504167,1.0418293018719171,1.1673054703709327,1.4397387823340424,1.8746284001631022,2.376524502327176,2.8583107122195566,3.2865772122098225,3.615210148780347,3.824755288485045,3.995768514434639,4.172816646890036,4.319150698758551,4.460274463229266,4.726704809120499,5.143777464920017,5.58602149
15kg_10bpm,2AB,3.87321843,3.7031770613597956,3.573948936053288,3.6172428975527717,3.5754876257352723,3.2845335048423974,2.9062549289486275,2.5792608394452032,2.4093593363778822,2.293569322096038,2.30013537,2.448668913967977,2.6605093083122617,2.8142674886945067,2.898281841115434,2.940405292285297,2.96698232480874,3.176616752157175,3.4549965507016256,3.618072576282242,3.57254279,3.421473941056882,3.1520511547033183,2.752576794408562,2.1369724955341955,1.4200937168734722,0.5914791229276158,-0.07649770543008633,-0.4981592583505563,-1.0176304724983825,-1.2637254300000003,-1.0936325635943667,-0.8748890345315835,-0.7033113790850412,-0.7250285321546427,-0.9015056489597184,-1.1244479001018444,-1.2994448650785488,-1.4078112705005625,-1.4436610058937032,-1.42463206,-1.3657790606703215,-1.25860412620735,-1.10847797786311,-0.867011846081788,-0.4337018199174378,0.4007808164246036,1.592530247830471,3.0642379841625065,4.668177805616727,6.22665105,7.942347837334652,9.961751197108837,12.216979937243888,14.505508330013384,16.469433378668263,18.197697778453605,19.939757076222133,21.844504459388446,23.784297765953745,25.596680380000002,27.167489788129863,28.55342002365,29.882387659059546,31.328489345314694,32.9627288926071,34.74932773044023,36.56118454737311,38.22968159451902,39.67777501144291,40.81865247000001,41.79050063929739,42.596882772515535,43.22650132465655,43.6989470222513,44.095872163995125,44.42507972546667,44.71740511420443,45.012960334934135,45.34690476928244,45.77663297,46.31720125515055,45.74659114421196,44.80583594955508,43.984192642249255,42.79486980956849,40.96558181045389,38.95661552759294,37.39783862854259,36.69451005328226,36.56557762,36.70120903169301,36.81364802056462,36.582610081923605,35.789340731098605,34.62301731570477,33.48663380809107,32.919556136304585,33.1646577319215,34.00083296650053,34.42456905
15kg_10bpm,2BC,31.90650075,32.12529949770248,33.22252528069738,35.24056857185689,37.87429000686142,40.59193097724554,42.59304256141656,43.49177410607876,43.46457165063679,42.89300827473807,42.14015753971423,41.33797847584808,40.59122476163327,39.828509921565164,39.26158518503412,38.82346207448712,38.318951553965995,37.69272323560081,36.95514611103761,36.14551227701196,35.35122313423466,34.73544856054226,34.31519839048633,34.06332539364987,33.94515046459053,33.77398081,33.42359641236331,32.987780124570264,32.65886035890994,32.25632355932988,32.007146256992044,31.944601190762672,31.89992890645552,31.848964335183403,31.710046230344712,31.36813892858059,30.862385335139496,30.329219179165587,29.91787423759931,29.661045614138054,29.648260282897407,29.830967678152646,30.089220562327345,30.304604727364556,30.532822443923706,30.82241461854885,31.199394072364512,31.721649601151086,32.320225705433565,32.90782569324589,33.39254339,33.70496763421134,33.822402298480064,33.829451778287556,33.81376754319697,33.88407236247026,34.05769542733173,34.28591004071453,34.58461154252103,34.93460307549979,35.38319560109708,35.89627879784463,36.35670748293571,36.627150725759016,36.75998454456359,36.77370083677773,36.714375793520965,36.64189004716764,36.73732420541702,37.0214252426858,37.42163383369929,37.78765401278679,38.068760735580845,38.247839619742045,38.34070780350461,38.423195660000005,38.61740313726888,39.014022990775686,39.612220282508986,40.34960451648636,41.115929095076645,41.743643378198826,42.11275001987042,41.43088049932364,39.694247312675294,38.031555701411136,37.137109410179974,36.91579597850882,37.031860419454596,37.08352400083075,37.08344077378882,37.440957796570785,38.327427890859724,39.335722454132956,39.97127637671562,40.675206090354294,41.69222176177183,42.484786419357015,42.281457972426374,41.08259008365868,39.18341968
15kg_10bpm,2CA,30.85150736,31.71463425,33.12133231,35.37655295,37.87722696,37.54588291000001,36.17931336,35.11051806,34.17367435,33.43633556,32.90457917,32.54059908000001,32.04984666000001,31.21741037,29.86860061000001,28.354492949999997,26.95552928,25.785879900000005,25.046331190000004,24.862562980000003,24.971814400000003,24.3368412,23.349252640000003,22.253034230000004,21.5620404,21.37193833,21.1656356,20.63408706,19.69711752,18.58316429,17.54357567,16.568199500000002,15.58252652,14.719729190000002,13.554319380000003,11.77165943,9.83039955,8.148990740000002,6.83263139,5.826036500000001,5.0814319900000005,4.590339330000001,4.22048333,3.9091971,3.5159841700000003,3.0086742600000007,2.4286528200000004,1.84509297,1.3791347300000005,0.97678106,0.69633441,0.57755203,0.53893958,0.40249032,0.05275932000000001,-0.40518762,-0.7075501,-0.7614123200000001,-0.72009944,-0.8533788500000001,-1.30002515,-1.8919350300000002,-2.47479724,-2.8569683300000004,-3.0389065200000003,-3.12936015,-3.13597211,-3.1086366500000002,-3.08755805,-3.08827955,-3.13915187,-3.25895288,-3.413108320000001,-3.499904690000001,-3.496131300000001,-3.43187657,-3.37247626,-3.230520790000001,-2.87158605,-2.28949452,-1.69559947,-1.2568916000000003,-1.1125871200000002,-0.8192764800000001,-0.242738,0.42657337,0.95930518,1.18446671,1.27021752,1.3523315400000002,1.60992405,2.1048462,2.66233377,3.07126548,3.2123940500000003,3.27111246,3.43899361,3.756146180000001,4.2283099900000005,4.749510459999999,5.15530848
15kg_10bpm,3BC,32.16470634,32.30820639032543,32.4003204483844,32.84642440396618,33.98905645001654,35.820094794161285,38.07363885009994,40.292080358578644,42.17001987721501,43.63697855414948,44.64175851326002,45.12555512320976,45.1458123010312,44.87624257341449,44.43573488692416,43.973458805360785,43.56069277100754,43.26492760984229,42.978184716432665,42.569894739409705,41.85779208276898,40.75079067249993,39.33728808722168,37.75121020907203,36.25193021163743,34.991626450417044,34.07712777147079,33.477717554959426,33.14917449554838,33.04525515531406,33.059553890691866,33.218750794681725,33.53740492666355,33.84086243548923,34.02869020057438,33.71838906471969,32.73365604071909,31.507305328738155,30.459860235442182,29.59568416660194,28.875196579283383,28.264028234932088,27.71458096849826,27.284794951206518,27.13843989393235,27.295526277945108,27.730086384591118,28.286654198930783,28.93352409687266,29.63700866275193,30.284541539186648,30.8824298797429,31.391028963625477,31.76998727157441,32.107296706173926,32.47429118212551,32.899545408817154,33.34871426587424,33.769881265657055,34.14480788220293,34.46753234900695,34.70634026896587,34.90203406680656,35.155542276815446,35.53582422632896,36.02754426540697,36.507462794025344,36.881819953912355,37.106628535010614,37.20113979476799,37.22283846040731,37.20327760087649,37.21192667141504,37.287718195596,37.491326617062384,37.81131841299935,38.19937564116161,38.578538269023674,38.90786608207681,39.18989878232034,39.44339640323339,39.7318396181436,40.13896046111499,40.780457683626295,41.72706744590551,42.50253953140375,40.67899103262492,38.619831793811386,37.12745918557698,36.23477367976419,36.11016180532384,36.73376919324455,37.83267542438136,38.7490148128398,39.6376046331897,40.52929692013996,41.740363773440784,42.93998265912869,43.5671272681437,43.22485208109485,41.85070118
15kg_10bpm,3CA,33.17715423,34.43203919652903,36.5818072344571,37.917925140440204,36.363648815153624,35.70147978998939,36.00051675110844,36.48334548572454,36.32433693897939,35.344500640347334,33.92897259315158,32.17274499403954,30.283862631524933,28.59818355043838,27.018351554632105,25.398402055940302,23.96125542406711,22.730861648339392,21.5430705774172,20.745768586171746,20.319334371869108,19.808048257361317,18.64534778883593,17.495265805844646,17.11189371840993,16.654243789730742,15.824296127518174,14.553720942374575,12.870858815021608,10.985219580129629,9.187897548003267,7.527127754786501,6.1275532709510365,5.007919721609271,3.9819245721154144,2.941113392187308,2.0616948509182307,1.505946569086023,1.367187166695283,1.2985657129039347,0.9409783841686059,0.3744376110131257,-0.10079163636390294,-0.3037519573878765,-0.28301643812712474,-0.29215291957553535,-0.4828660957614994,-0.8501727439057248,-1.1711227086610865,-1.5363998932493614,-1.97354635,-2.254265869012748,-2.4444213802199752,-2.679729288057318,-2.9043000701579915,-3.0723421918986373,-3.2079141486569416,-3.369680259829596,-3.528079701225379,-3.61639752478352,-3.6469361814794223,-3.774815659702938,-4.055621452885295,-4.358804519050721,-4.502953007147393,-4.43426018063631,-4.24600501979859,-4.156254344197163,-4.2047855266233105,-4.142736991218125,-3.8097433454334717,-3.359092939958584,-2.987056904012682,-2.6827977530908047,-2.3505096915846226,-2.2645983195103776,-2.4227059572686986,-2.4210071348474576,-2.0092142881045336,-1.4367980467661907,-1.021594983327083,-0.7729024830355662,-0.5702673546368222,-0.44670495290444556,-0.38107497143108965,-0.18486222633450813,0.010026097102157362,-0.0097227260331041,-0.03541146285132444,0.28306340144173847,0.8347498685842881,1.2774450915081252,1.4954224539518794,1.6006476712553521,1.9218518638666007,2.614448285301046,3.780080032079971,5.2812792820635615,6.6675443646568935,7.554398908906542,7.82552386
15kg_10bpm,4AB,4.06393806,3.8349587078617042,3.68654120093129,3.7543382663232214,3.8889045848841772,3.9390528606307473,3.802597320331525,3.6351629391961247,3.6988653509368783,3.8476100441662586,4.011339359044919,4.16569013111863,4.20059409193055,3.9192910321260825,3.781494935078798,3.8881764308828775,4.075835745712072,4.352316352755333,4.631478235645153,4.7552409854629545,4.780492150000001,4.631223176044762,4.182974389384981,3.5076936350007712,2.738742244464908,1.989498276929733,1.2263267008699699,0.3364097082890109,-0.40412582641215344,-0.7681518306468482,-1.028011495973544,-1.1722080084300277,-1.1575801021559062,-0.9750101824145271,-0.6417288872267056,-0.2651847279392322,-0.002112279374872756,0.1095026336900862,0.1576956419331038,0.21221280032765585,0.40098446,0.7500187196794643,1.252585092675763,1.9846757092116238,2.878266069539389,4.054871464137685,5.435873078507017,6.985753575605038,8.678669995996982,10.362813449466016,12.159717998612198,14.128324593977586,16.128554022338097,18.19581800332896,20.35033456139214,22.722493955138297,25.233045849258648,27.73720902982666,30.021552909560725,32.025215352266066,33.833078619999995,35.52992304045435,36.93107331244293,36.5591152749783,36.29634822506515,36.4941313839413,36.94780057950523,37.3151248921939,37.34538684090478,37.49361030587406,38.1000182050526,38.72879452265539,39.39589014074254,39.95550712695345,40.34947545989264,40.82160833876452,41.30016836360114,42.05394326021098,42.74963663454962,42.855855092945205,42.47687669,41.995453689705954,41.01429634063522,39.01214843348309,36.843003351616446,35.65299258191067,35.890648182791026,36.893099787186834,37.57065169087178,37.55638943836955,36.674562776607196,35.75720601557635,34.97164752269007,33.60203641714315,31.82071626286477,29.902389798061908,28.12405675849719,26.654371510854585,25.4032501057876,24.40656833629758,23.79627614
15kg_10bpm,4BC,30.30676299,29.908702914283566,30.24531750073963,31.627906251948787,33.95802375164993,36.68158429833594,38.88208450417399,40.02610193601486,40.56240699671048,41.16688033386613,41.883118665204506,42.925719051711745,44.053529415505814,44.764777607016306,44.66130427705986,43.58487034200858,42.10220632464571,40.54448435380498,39.154542139805905,38.01676175129994,37.1195154028594,36.39950201865614,35.7512736339828,35.151435821119556,34.63689383961862,34.24148668031695,33.94335812327895,33.616836710594804,33.18981422498862,32.680196026737185,32.23141429740377,31.91378756822682,31.511194874740916,31.092761424635164,30.655165704316122,30.322842128605135,30.141733383746146,30.085971895989168,30.063090289705666,29.932000863081424,29.635707617027194,29.183895457988744,28.667207084703346,28.21439528982401,27.86890812498243,27.665331452704454,27.611848427053804,27.6688181807937,27.886783855792594,28.24083728848895,28.70363591574803,29.276662694558393,29.763544953785544,30.235263236640243,30.73470637854583,31.32296064173708,32.03655740336135,32.84983276676488,33.67198404000849,34.32606515608092,34.682207247094894,34.77172527870016,34.73404198219003,34.74623604999085,34.92052131154632,35.277766940793406,35.78341969557232,36.33969175334172,36.905720458191865,37.431494755232464,37.868977761404494,38.24109869288873,38.53960052364809,38.73340570230749,38.885464465575446,38.8773839288284,38.74079633977915,38.57829572135094,38.48994225696921,38.542934578039606,38.74590266862893,39.05627552175889,39.427344092936266,39.87195781877523,40.412351924530256,40.100558480505775,38.354390710197265,37.21505951576465,36.33151753682568,35.60440005517027,35.037377551103475,34.81252635486619,35.150090419665915,36.03562992245829,37.2144243680173,38.467327589161016,39.94180816563298,41.56240375304957,41.49330187516646,40.128398729143356,38.35608745
15kg_10bpm,4CA,34.1340819,34.970458963960915,36.594121205024884,38.453671842980796,38.071358920571285,36.50600877501093,35.5545281790523,35.275420497220985,35.14940659285472,34.73960996143049,34.10730869424316,33.5927181289786,33.37911524454389,33.246852346239216,32.82121616695924,32.10364817033643,31.54990670476229,31.449913473111312,31.4630942830268,30.951113406153137,29.835063225736832,28.396407219251962,27.067549008804207,26.056864451033395,25.40447026070833,25.129262528468573,24.752958888640574,24.523450017181002,24.119305216912846,23.567952840771632,22.879446015561086,22.101212109478833,21.171624072831083,20.331827578347138,19.03423951477264,17.216011019080096,15.198304925912531,13.241723357025398,11.501321807923517,10.0379360618604,8.74032056762431,7.544397557991925,6.490414979228612,5.657390170446209,5.057109628229679,4.716636163866626,4.370388560987089,3.876204199964533,3.287965949735876,2.8495091981433545,2.570369977360037,2.4023013996024987,2.2683717213274566,2.123617638582767,1.940675213755396,1.6924281329078819,1.4007740396700574,1.1711991545959926,1.0507633265854368,0.9643675656996675,0.7959309606984482,0.5105952335076596,0.09454575191745529,-0.37745287867509564,-0.838223457360504,-1.2894152716061142,-1.7312854974518201,-2.159388136666099,-2.5293421370173697,-2.8765345388616477,-3.168325195931847,-3.4828620237371264,-3.760359173911339,-3.9780133554769086,-4.109950288688435,-4.1566290595502435,-4.11670308579571,-4.034473561696278,-3.951950515465464,-3.896421316837108,-3.837290417861929,-3.732513593707822,-3.5441631756344316,-3.2850287199193313,-2.9912965968911083,-2.6178336649929768,-2.1786971935746795,-1.7130512946936538,-1.0548126053540914,-0.2887753977659885,0.38883384759891443,0.9838529193199348,1.4185027629734464,2.147528681789874,3.076390850684038,3.9958661575050534,4.695534309397206,5.116653314184011,5.286631216988605,5.242336158049371,5.03292877
15kg_10bpm,5AB,5.65813543,5.310960712526064,4.6967537602478195,4.089499836112383,3.5442440099960497,3.112113935196902,2.8138312339268783,2.659617258457704,2.5295828515470307,2.2545151903319693,1.8085375397931291,1.6396156930343866,1.9188541637967227,2.5028812610571993,3.3054613375249198,3.7917972257639394,4.199403346379362,4.439396138289605,4.480846614733391,4.2818790232863515,3.8631537971192196,3.2340606625745334,2.3902185593081384,1.4485474723956726,0.5624335286760912,-0.08424753944837995,-0.5244322005011075,-0.9369259697837645,-1.1578304081932178,-1.1547120882575932,-1.0354096021372348,-0.8877008065733659,-0.7919903004028082,-0.8700874969966047,-1.0942566029677008,-1.2905383936982433,-1.2383697703169223,-0.7881607288838115,-0.04998101098228467,0.6336317270161725,1.0412831374066203,1.2140095295948568,1.3552396262769457,1.6649042776180976,2.2922263711126827,3.2188805318919025,4.5378279286159975,6.073009726120094,7.789104120772026,9.595623460958544,11.3878408,13.064798841352548,14.770758011784578,16.573034641177873,18.369397377863205,20.091811375614757,21.60419524137832,23.07682547569167,24.787132483607284,26.847765006444927,29.099513955889762,30.840937140390015,31.077232807206403,30.00179239184563,29.23197709217372,29.381093991586727,30.622365171571495,32.46882579570789,34.21290180033454,35.4611189896883,36.22510283820034,36.802731991357355,37.47498349991685,38.03468302118049,38.108701330696256,37.68199781731545,37.23126014663868,37.19083188803284,37.54072125183693,37.90648641806578,38.59161843315698,39.54898497504636,40.341285392102705,40.81909240226947,40.891891612079554,40.60522719310904,40.23249853565284,39.44697821831835,38.69724533074399,38.128263793805495,38.18328985962235,38.30056890526455,38.2034588184314,37.42300458593328,36.51865379845551,35.405459458823486,34.368253322040125,33.635017984853214,33.357177720893674,33.125637132952974,32.8454165
15kg_10bpm,5BC,33.42426868,33.19793654660256,33.451582098321104,34.374327252171746,36.08192634316604,38.051872741586465,39.664933712138534,40.59016220580901,41.05628945065085,41.64186241149352,42.3869669428582,43.12496181307883,43.64260192106849,43.461919505944245,42.52919993974539,41.10109852820438,39.6937643157223,38.767906847608515,38.31895930651304,38.21898775523802,38.28387303347114,38.2977868197923,38.241130101372455,38.18660664312458,38.08758510342507,37.97514526137339,37.768872313893944,37.24885674503675,36.762897448367234,36.37953392228382,35.83558698434613,35.282164337601614,34.887310536491064,34.645937336235235,34.49597830324377,34.33584420527902,34.08410609846492,33.60567679194003,32.926656350959,32.0319641431361,30.996007051682657,30.016438336074344,29.209574766992453,28.608267455340712,28.172371528904268,27.878490057958118,27.742079828939744,27.727607813580534,27.856260747602253,28.160599970301188,28.594322229999996,29.111535056514533,29.674846577402715,30.36394872421979,31.02639144483807,31.63064036050994,32.06352223712342,32.26814684954476,32.29918969155149,32.26458193254357,32.27580991903032,32.41965184039406,32.72578819894781,33.1657168679231,33.62449757992364,33.97234482359361,34.13669998131484,34.133738055164685,34.04981264859623,34.09169497611346,34.280988811343576,34.5547490097771,34.87272875061038,35.17644505587123,35.43813075459634,35.642000700762075,35.833873940461274,36.01895787993177,36.240659198516795,36.53318166102989,36.91883758397433,37.369666966630774,37.95348532093206,38.7412889766572,39.717064163137586,40.645724103699784,40.230832404151236,38.38919180146673,37.14099801605633,36.78001331726694,36.82667491743801,37.405679928151024,37.74624919524687,37.79876168813055,38.01140939171155,38.56232125611744,39.40117331875814,40.135486879553845,40.25792529526924,39.52540445200822,38.0961663
15kg_10bpm,5CA,32.55998595,33.89280839953444,35.333965643269536,34.400391582624025,32.391599566161176,30.842971195293263,29.834863066596355,29.03371680342668,28.40359923399798,27.80209242377311,27.300182224317805,26.949992388336373,26.630641485857648,26.029076131428035,25.135215081812685,24.047163701526216,22.94510425957846,21.9889992571865,21.272842775251128,20.703534905261876,20.086769446802673,19.489058140521216,18.890889510971807,18.34870904382454,18.093516780563853,17.17100857,16.10520943441746,15.30582496428452,14.994647658208956,14.550858900444052,13.993367990030702,13.39144598739689,12.556908763066396,11.545328364244309,10.387691298649763,9.25243224728541,8.054056444439862,6.694080377184135,5.396451281458208,4.31309524031836,3.4761061447863373,3.088381260175879,2.9342997819908194,2.792337196840165,2.599118797808375,2.359752629721283,2.057763945264192,1.7200428025971195,1.4077677981972407,1.1788931260379722,1.0295829,0.9241637159314029,0.8149431826808259,0.66805546212959,0.4335551898725155,0.06418832276488512,-0.516522467349921,-0.9261088684634519,-1.2088218723573236,-1.3933615692647539,-1.497510889217553,-1.5377677421459106,-1.5858750719412795,-1.7001978899082866,-1.8588515376123043,-1.920909046654362,-1.9211443929276544,-1.876485528701679,-1.8496352795399462,-1.8801144404554633,-1.9509030646389494,-2.0797525764833966,-2.244190647815555,-2.4932821661871643,-2.770153360794882,-2.9834017400000006,-3.121495513088017,-3.2002606450368583,-3.2288675677684027,-3.22644087283026,-3.147876321220521,-2.887904255325334,-2.4299641923656496,-1.8724664769379906,-1.5096423446392966,-1.1658902384825935,-0.7499137955662322,-0.30264511759901275,0.06242740916145419,0.3712174011175623,0.8253479406701778,1.3446098299137923,1.9292619620990399,2.489577652713985,2.927748489280816,3.2277665298592546,3.4793289068647018,3.76768716425762,4.1139052437594845,4.48604962762231,4.82769702
15kg_10bpm,6AB,3.25891623,3.2629803467452727,3.2843696239649636,3.2747298683678623,3.0814714920735717,2.469391159999292,2.0067195112780025,1.6576267994634155,1.626406504274908,1.854553617653523,2.21769466,2.5611258669910724,2.8496179977160234,3.0943103179979,3.3001599759603684,3.490835477769344,3.654637830765904,3.7864099645284477,3.836361933027369,3.765149337602022,3.5426002500000005,3.1985557561628646,2.7450358596138336,2.250567526542653,1.7596049034373085,1.2398110796397814,0.6772835989146505,0.13355112020186163,-0.3932306847474024,-0.9178562049845886,-1.2961021200000002,-1.4174292050720902,-1.2848814912926263,-0.9061128233331647,-0.47401487775304274,-0.06611352176461441,0.35578603082706994,0.5529735206175674,0.4835129302948239,0.3391468831665525,0.33568071000000005,0.4610343477014393,0.6322684123144363,0.7513649922027633,0.7666675302164884,0.8081943286933398,0.9420238291090278,1.1716413378961248,1.5040571213259157,2.0035694566329267,2.74422069,3.828473507791057,5.259272408594439,7.073865618746771,9.186657744028611,11.52910689732319,14.023161397306612,16.5781166801238,19.00031130820621,21.19467330319184,23.024589310000003,24.461297582587303,25.719971952089665,27.011622282033525,28.342224693572497,29.553960299808033,30.565303176222287,31.619919798177225,33.03570975797789,34.77562138232913,36.59235771,38.16268383204053,39.15959606192685,39.7260179558515,39.67355007752168,39.25377047372683,38.88680722300251,38.73857745518472,38.91969006180613,39.23865292861097,39.5435214,39.824658749804506,39.95313508094216,39.92967805684803,39.94422258765277,40.26376799662878,40.7070978742162,40.59655583207343,39.403205621887466,37.697252022492464,37.01473228,38.06783785314755,39.73049914992653,40.08318042501115,39.585635412935304,38.36206109799314,37.273556022295026,36.48403189172268,35.713929274556094,34.7673133499517,33.88413558
15kg_10bpm,6BC,33.14812581,33.27248802177645,33.78786006977989,34.78680831756148,36.29548021153506,37.94250511277563,39.416560653578856,40.42484793642648,40.867611746458714,40.98408258657992,40.92901642514479,40.73960606444099,40.343180970939606,39.73656303315687,38.94852799336563,38.02427312905926,37.08562296679106,36.13428120080934,35.38502400695723,34.80270138456477,34.45825978043508,34.32032437006072,34.391493269848716,34.39168444843154,34.27406217092745,33.91547942141734,33.44449216661335,33.2251274950315,33.28417464215411,33.439166635254075,33.70130225569279,33.825563922201546,33.6946175658895,33.30039977563664,32.771568694425355,32.237936950053346,31.81615297187093,31.568580341008527,31.469366134027727,31.43714026597209,31.456559566698235,31.48036547295068,31.51686629373099,31.658911516554202,32.02476227445878,32.66269908583426,33.591643542451415,34.68146567689308,35.74468587985391,36.699726731149,37.44035933813172,37.91941439194161,38.175950638067995,38.314760405344074,38.41847809172831,38.4829363396563,38.45150054154723,38.313602448173114,38.17498942510339,38.21570602283669,38.5607333155227,39.18951084999848,39.96847032927636,40.699978766312256,41.235727518299974,41.523533863024205,41.626710133408835,41.67344712515009,41.75193625753468,41.8585448477031,41.93967016416084,41.9039178614291,41.726365307262405,41.433231789943676,41.09533512744345,40.80183145883125,40.68214491179171,40.75693127610355,40.96943240814458,41.19895670884521,41.35093373233889,41.43380619215314,41.590116093214405,41.93256943409283,42.41221330568191,42.660483181698545,42.02237076235887,40.70789722875935,39.18178378381483,37.947111259513676,37.66799421280645,38.06102149507272,38.488318152724695,38.59234142903052,38.55829128500579,38.64657012310477,38.998454203836516,39.25862678057972,39.18973002324638,38.61609918708904,37.73943319
15kg_10bpm,6CA,35.84372115,37.04824844092251,38.03539693055382,38.27680756746278,37.732804348008194,36.544660034826556,35.11342970412025,34.1099075598613,33.78051720094711,34.031083624286616,34.39362329368588,34.567948647945634,34.30142250322952,33.624776321913345,32.69160082774361,31.621028146191218,30.570730148086582,29.637869418895807,28.858978874624686,28.262890977138365,27.730385419654656,27.097074651493234,26.297698948237066,25.45514809730742,24.855578590941033,24.594693890354815,24.399663229779854,24.216142036755393,24.059391777875895,23.315349952911262,22.225359745494753,20.826090576089623,19.401123382176987,18.2025410609412,16.8688791234951,15.230307920055976,13.440483277659064,11.780797757229415,10.383465121425347,9.123672531895082,7.957889627526306,6.889667124054809,5.953166156340141,5.1879018221818844,4.603532371507554,4.138560258886196,3.7101591176737467,3.161340365587259,2.5061425629780487,1.8181075862111555,1.1325499133745636,0.5954822816481857,0.29544899585919565,0.1983339727812037,0.23882159189358076,0.38286071252138765,0.6018749947949582,0.7695664922991102,0.8030029482630373,0.709132802076208,0.47018990246378434,-0.016667217284361217,-0.5236004100981603,-1.0201562364947756,-1.5274535269711342,-2.0088787244537194,-2.369016331508957,-2.5677874725108802,-2.620791850914498,-2.6353431512837795,-2.678621533825134,-2.6638542736648283,-2.6108091653121437,-2.581471333294885,-2.599951023701054,-2.627158091262965,-2.6095473428291807,-2.5336808360979752,-2.484642706405463,-2.478991470508161,-2.438135406986626,-2.2454483336741604,-1.9013749709583891,-1.5344848520196308,-1.2363208060415067,-0.9730425300215828,-0.6447536086074994,-0.20794007875407994,0.3222345588795819,0.8794652538167709,1.4417223399660013,1.8889445014329567,2.2621723590575553,2.618724745105637,3.0074886249295427,3.5923260629356704,4.344324939441208,5.090365202094887,5.652362560348109,5.999939916176259,6.22139317
15kg_10bpm,7AB,4.79336382,4.778597474955324,4.569172699239033,4.2862054179793665,4.060843000334235,3.9939685384771475,4.06832912655521,4.349378299799508,4.777325576415119,5.226066043076851,5.447495459309733,5.311474348991838,5.049934383447699,4.696539689884071,4.28018116827807,4.0397115193494235,3.998021360175808,4.052676605124617,4.1596199106586225,4.1651789352742306,4.047134897709555,3.842171138531073,3.550579207200491,3.093192743964001,2.426354432330046,1.5546741609509118,0.6101757839707945,-0.28978078052992656,-1.0450025322231937,-1.3686500483562618,-1.428340060117053,-1.2393100270965887,-0.8820141446707243,-0.4386404363396664,-0.013297393378577887,0.27500869686985663,0.36929079878769416,0.33607776017896707,0.2965686375697587,0.31621269844947236,0.3618617788389281,0.3741249761805329,0.34760094736365743,0.32354792713627467,0.393631359940825,0.6399926204795368,1.1369115504385512,1.827332255793966,2.7706839559979297,3.9765551642425976,5.4075779057729605,7.040212433566051,8.792890287948573,10.594887400416157,12.47241904160953,14.341580619307509,16.334500918587036,18.48370465562749,20.873180077391837,23.43382973696036,25.973007019660454,28.400584004835363,30.785493831451777,33.14309720351997,35.28108493870418,36.693282073715714,37.437951939061946,38.26751818459395,39.365490548813156,40.47664476449197,41.41436480075196,42.35492228759767,42.887157604993824,43.14227887289022,43.15932192252066,42.455593083515126,41.24052596611042,40.15495602057771,39.54057785321664,39.52338095946564,39.89231530319909,40.392202175242346,40.81683806108122,41.04587813345578,41.25571755444889,41.68996333482589,42.337797186514784,42.89568226623273,42.882890402654496,41.72236299565675,40.52404895249106,40.26117847732801,40.65726681736258,40.21910811043579,39.05014056664925,37.431974822452844,35.602000668617706,34.42843488270958,33.8799875485574,33.55380335903084,33.27701314
15kg_10bpm,7BC,32.55148698,32.85672196346038,33.73269474040508,35.18263717966355,36.997366794963796,38.6746666271994,39.71975214329797,40.02392693838102,39.91527077613313,39.71229888594214,39.5010778829116,39.19250055141775,38.880794672334254,38.577388271156806,38.27723930183883,37.88261579945516,37.32139354517134,36.70206780137494,36.070578145483154,35.50488949310637,35.038067763850805,34.64228474157118,34.26463702615967,33.9370095419692,33.68549258843268,33.60157394484316,33.71066443246036,33.957232538528054,34.20648471552579,34.355826369971844,34.43968096965632,34.40126485772254,34.33439013727534,34.311093575227595,34.260069598885295,34.17779018534276,33.9789460698113,33.681258383456786,33.34779598558398,33.09396518761254,32.935737999605465,32.918814779217634,33.04258891295288,33.2344061650611,33.38799425111781,33.48892072215496,33.55414236611823,33.57041972440746,33.49867348264198,33.284702989967705,33.02355923187184,32.79171283028931,32.74712658649969,32.96296216530689,33.460050513616515,34.17026078832837,34.92513276067316,35.521288497441844,35.8616564249763,36.01442572741457,36.12562163106152,36.26736271726958,36.447469490285116,36.65607165857718,36.88091321821087,37.09686058002123,37.30716303131692,37.515162775938144,37.72079707843454,37.88066060560174,38.02717985360002,38.11444092790643,38.18428614389576,38.295597085813846,38.43636655056366,38.61467445022096,38.77684368454773,39.046543720725936,39.34197422770605,39.65343499558243,39.991267368571044,40.28699240504996,40.554792711044925,40.84540169719299,41.2581135694324,41.88207125775594,42.489266869736625,42.24741897799801,40.78304463057163,38.82332302820326,37.1859132439069,36.38816411443349,36.62966382921219,37.65112492799535,38.71654275968824,39.70577477470541,40.27471098625412,40.55147842645799,40.34946023442044,39.466495861324034,37.90667999
15kg_10bpm,7CA,32.75437735,34.028164477877205,35.851720711812035,37.00780473757379,35.408878841366324,33.689128530000005,33.12190009356025,33.52260193438163,33.93219292073212,34.05468729288251,33.73120101000001,32.86657853194968,31.785131516164984,30.81134140997291,30.083518270688483,29.588071640000003,29.182898355760855,28.638921038416864,27.57958564895439,26.33583682503724,25.18493147,24.51889717427727,24.33595014886292,24.051846581999104,23.581991306925957,23.076571550000004,22.4753386415461,21.348155044826036,19.89631585588495,18.02626872078259,16.462182990000002,15.335761021097099,14.10952759563264,12.783776318342913,11.207461934289732,9.489519790000001,7.685764271454765,6.017780723739099,4.5745173758245095,3.337657136549641,2.46239268,1.982199545864611,1.7033545691836476,1.5127055759609076,1.3784287195473437,1.2649508899999997,1.2069291499224213,1.2393338401759897,1.247208881570009,1.0663480240066496,0.7558466199999985,0.5202092395345227,0.15495242948973717,-0.05150166927665073,-0.11016894514844179,-0.24517683000000148,-0.5385448870806714,-1.0547078848636073,-1.6445187972764526,-2.11475037921447,-2.53802558,-2.947552480487813,-3.2335588500287757,-3.3512816518871817,-3.4567182994547574,-3.7217006400000003,-4.108471339492446,-4.278139298965313,-4.007234245030204,-3.528719475858842,-3.2460729700000006,-3.1618926802862513,-2.8461035756207296,-2.3810991203070886,-2.1653927657312617,-2.1905628,-2.2848389511108813,-2.207122171249127,-1.9588093231409174,-1.7758184668368886,-1.6926055100000001,-1.5287997023759932,-1.2342436201818145,-0.8712152303817805,-0.5522201099991513,-0.3374064799999983,-0.3024379880921461,-0.38345795171922326,-0.31234811361174514,-0.013907766353904732,0.29112852000000294,0.4640631556825878,0.6483032678127046,0.9268433795706355,1.2151557934885546,1.7851121800000112,2.8347097973552082,4.2238053280441115,5.458490254199249,6.23920230053968,6.51917006
15kg_10bpm,8AB,4.34135996,4.552341738030775,4.688035726612215,4.666753898843115,4.516931445486329,4.223522961244441,3.992820835111824,3.7840135380268194,3.5806583699749335,3.3665164027173495,3.1047525327124355,2.7519811302674695,2.2622172924572506,1.8362640758062478,1.6067043431800254,1.6398814781570898,1.9929632711720187,2.4640917516875236,2.8196924835005563,2.984584986708886,2.899056980503978,2.4840139799660714,1.8719184840069203,1.2028150556761323,0.5490404939625452,-0.08510677,-0.6466367812071016,-1.090632129681322,-1.2205402427218648,-1.3057223660019721,-1.1517474348916201,-0.9031352583548742,-0.7342767061910417,-0.739498166328517,-0.8523208071273162,-0.9147847076656787,-0.8114096489770939,-0.5461058304028408,-0.2299392923475886,-0.022231278763613145,-0.017838399011525514,-0.07522608432927314,-0.0521378041136744,0.13465336651861926,0.5669676700422579,1.2657292836312766,2.1892432630648018,3.282878640158536,4.574942601227062,6.0259382728657975,7.69170961,9.481870417422474,11.382617715236082,13.416056795016875,15.537863411664546,17.700706210307313,19.85993956784726,21.90728430808155,23.742041925916762,25.41513912996581,27.06627517519784,28.838240324213714,30.740896391320778,32.7342905310138,34.70372281110162,36.14842965768267,37.65880408615082,38.84620139561309,39.683852514444915,40.138314595622475,40.21251332079148,39.99029448557386,39.890844571888316,39.67574187234791,39.13842707563548,38.27585773,37.21310160655957,36.34868015111892,36.38774677654854,37.43428992399753,38.995894095010605,40.36775580237722,41.230056070568885,41.430498117603946,41.72422100577491,41.74428684092687,42.093093674107344,42.64644371912782,42.79826405822099,42.134961785420856,41.62570450430102,42.18361648535837,42.30711717175582,41.736039216501176,40.333638207720576,38.4538697884233,36.65652873640319,35.17311597942885,33.835858671775036,32.596253579689794,31.71645675
15kg_10bpm,8BC,38.05358283,38.21613733081271,38.558071504236906,39.30396050872663,40.43365053270853,41.944375467517744,43.54045183501539,45.05579791820001,46.44892463978407,47.52639696007688,48.113756815548506,48.18292350278075,47.85015157329721,47.12944397370636,46.080492846950065,44.813341299812926,43.51204847624966,42.387042541214115,41.451235089756494,40.75316056494454,40.17736116927388,39.61693892304284,39.026207869289706,38.40792703060927,37.80626281630811,37.21961055,36.60205256655347,35.95813419378387,35.3165392001272,34.8110179919223,34.35373562510365,33.96787767150436,33.66334518427448,33.27112121065898,32.89719882112327,32.52333260334361,32.37872363189398,32.59880834290641,33.04217549548093,33.4826878620928,33.724573217852154,33.625497248081345,33.38968306916064,33.041618212245545,32.76358159538474,32.62725394021557,32.733894945713104,33.09341585470388,33.5945649708735,34.04561715387305,34.31400936000001,34.33267985250895,34.26112849895667,34.24160309177461,34.455893842046386,34.90565556322391,35.53134764461376,36.20701324793753,36.79151924246295,37.246871586189016,37.63638355219007,38.09455545204252,38.73080074180821,39.50327397747316,40.247956374203305,40.8103007030479,41.14772342144328,41.32786137664803,41.38754924513941,41.38405776428852,41.31481927083308,41.18991923677619,41.02435724294643,40.839626668247654,40.703975541990495,40.63261867000001,40.62140315081857,40.62531505349296,40.580862040517545,40.42250609269987,40.193744110997336,40.045602750924296,40.035085274152316,40.12896695397382,40.274156197228216,40.470819803120946,40.87771207292645,41.60424283322156,42.52829250153065,42.95944385968625,41.564545939681366,40.13774564528872,39.89729828325528,40.64760820058308,41.940271188900724,43.30366068455485,44.30420830938056,44.49007984058939,43.83469538438286,42.572528116634075,41.02637844
15kg_10bpm,8CA,36.52336557,37.60992183720012,38.63254252464898,37.72507322869488,36.34402342562715,34.99926533683729,33.90135150023095,33.08122758745555,32.27303687098057,31.45278554287338,30.760128718501,30.15172364184446,29.484586456502132,28.77736337833768,28.181044904861515,27.799784907743124,27.499756638306277,27.282199517089282,27.129480168405692,26.97008192062615,26.319420014966223,25.255655395659275,24.360585658654553,24.138553352890522,24.624250074907167,25.47040764,26.23945416006359,26.64404266749136,26.164201776988097,25.21648516975462,23.719483190664405,21.838099243675334,19.94993810109925,17.877819110947186,15.777160522552506,13.840855584513259,12.084758756747906,10.29992802622998,8.578527515701095,7.054692801998204,5.780865314137398,4.785877818539252,3.952213577208437,3.1173939146816054,2.229540160288937,1.3393300565826125,0.5316458197930716,-0.03983920038467815,-0.33326558905267445,-0.30921268257874046,-0.07201504999999998,0.21563906149764078,0.43611895387811617,0.5019874606235868,0.39015946893637843,0.11894872356509074,-0.3052151531356724,-0.7330063484467885,-1.0810925843414754,-1.4162173601145818,-1.625699171410669,-1.8095902218300164,-2.0194941222442786,-2.243222643703816,-2.4428713362182464,-2.621345439841288,-2.8014031915671618,-3.005911422382424,-3.2291247814018846,-3.4080550945581765,-3.4919829450881488,-3.49730271041773,-3.5318274042820343,-3.5206579393408384,-3.398726220285283,-3.0999422800000005,-2.6302564287565477,-2.178275283890701,-1.9504089394078212,-1.8875694385327695,-1.652663443951426,-1.1239512852524645,-0.5611545079427891,-0.2247079655011132,-0.1812393190768777,-0.11664157000971387,0.04314461192141912,0.306514449689275,0.5686490476519978,0.9040699103314133,1.2747050877681951,1.7712577635935347,2.177141487233884,2.4882248311247017,2.7424917678639815,3.0640549803805275,3.5735131925562995,4.3572757500256785,5.2706012495333425,6.075569154835237,6.66140063
15kg_10bpm,9BC,34.90078539,35.805973282924676,37.09620695004526,38.53898202193197,39.875969784394286,40.97502973747981,41.83846129510956,42.62980704856994,43.41468774417288,43.795246922824624,43.619135527574905,42.88386596732745,41.81271154285186,40.83402451555494,40.01474684310365,39.34804492744629,38.89298650054373,38.64964177670863,38.523180849503746,38.40425844387222,38.19878795979755,37.937292622177644,37.68218973887436,37.46871403454257,37.23892593167133,36.9827674,36.58766162922187,36.0772157831276,35.628427049596695,35.287451391575864,34.92478334830528,34.504873533482346,34.06809046715454,33.736055801404916,33.55199587194215,33.47624982510189,33.442896658086255,33.372364189836574,33.14776455798229,32.75873476581862,32.23260980206357,31.615145719638654,31.077754756415494,30.686124824185057,30.545213774954192,30.68597812342071,31.07081071609728,31.55112500456482,31.91089723342126,32.27058494479023,32.61559249,32.96113419643167,33.38162518047439,33.82640873465303,34.238305524724055,34.52972782511674,34.78343779691874,34.98380381000497,35.18704719703923,35.40202134908565,35.59714942995517,35.727555947223486,35.770019069801414,35.747481391241095,35.70296216906467,35.67239226986648,35.67923547454428,35.685881057462254,35.6864579083787,35.6866794370767,35.70822059648229,35.74018569561611,35.810267865107754,36.00077877631463,36.33575040347445,36.78189813000001,37.27024230315259,37.731455301529024,38.12919440079873,38.426483038011696,38.62249300854765,38.74140405128873,38.94518532519672,39.37361118361287,40.00467409577823,40.64864307140048,40.977871491264686,40.80420005158793,40.26480325047872,39.76635908484811,39.69502709824468,39.91393981452393,40.10793963608095,39.88731829648735,39.4736746896483,39.228627590814014,39.20720554589753,39.2188291967706,38.99256498128447,38.460053415674665,37.73869948
15kg_10bpm,9CA,35.58667701,36.654650829999994,38.316568190000005,39.85602285000001,39.74295628000001,38.65160533000001,37.659694650000006,36.92960568,36.06462606,35.25130261,34.41529579,33.56093283,32.76779666000001,32.07069751000001,31.24612165,30.328861000000003,29.29154682,28.21718717,27.117230380000002,25.990653439999996,24.865550760000005,23.879032040000002,23.15956186,22.65537993,22.252912580000004,21.919564680000004,21.62035639,20.60079349,19.2300234,17.83907824,16.770185940000005,15.475254090000002,14.26681512,13.08866632,11.914262160000003,10.6474142,9.36582617,8.13836198,7.14637145,6.14904443,5.17515221,4.30501758,3.58377903,3.02050676,2.5490098200000006,2.1672188800000005,1.9021914700000002,1.7742505500000003,1.6363140000000003,1.48139334,1.27666433,1.07691532,0.9767099700000001,0.97458998,0.9678205400000001,0.8269381200000001,0.36484971000000005,-0.14190811000000003,-0.7294007500000002,-1.19447043,-1.5388790600000004,-1.8232820300000003,-1.9975140900000001,-2.0407380100000005,-2.04890101,-2.12427587,-2.23104148,-2.25468373,-2.1655421400000003,-2.07412083,-2.1281806900000007,-2.2535696400000003,-2.3422369100000004,-2.3578917700000006,-2.3822447500000004,-2.36629954,-2.25514986,-1.9652650900000002,-1.66606305,-1.40271439,-1.08802561,-0.6859750000000001,-0.30726369,-0.037006460000000005,0.17391867,0.3379310200000001,0.47194433,0.6619542200000001,0.9602258900000001,1.3972254200000003,1.77217798,1.97224573,2.04107402,2.16310365,2.3773612800000006,2.7595636200000007,3.37284568,4.16706999,5.000450730000001,5.73208367,6.32223778
15kg_16bpm,10AB,3.81416996,3.9939649321572115,4.359869657520241,4.754062576665033,5.037449209161211,5.061660687244844,4.8228022394940515,4.612552946185281,4.554252365347374,4.6659542574417046,4.816955396901976,4.911831141675378,4.909560090461452,4.771943105999828,4.558821468984545,4.262763121308777,3.9785548778688504,3.7178879347049807,3.4975173666702863,3.278545330637276,3.026475936278455,2.7058679369849523,2.261522169651079,1.6442691890637737,0.8748940871490404,0.10909544000000004,-0.5333064528091109,-1.0410903784281613,-1.1706621610158405,-0.7081796771667624,-0.2640298991948219,0.11100357765177218,0.4297391666422332,0.702856470782601,0.9575895904153147,1.1920656939134755,1.334127075292297,1.3484546929522054,1.2326692187790524,1.0462064869287042,0.8533228460340871,0.752026268322939,0.7689670469435006,0.8794787553718911,1.116395364654885,1.554834584759051,2.2357043337337874,3.157332987595917,4.2604369149404615,5.48983662057553,6.822069899999999,8.332613328851924,10.054803648629727,11.944950534914561,13.96300792791868,16.072213175550495,18.236021448973304,20.396212511253637,22.477089433246462,24.45461172730562,26.428639808503576,28.457704184887778,30.551816063242843,32.106595532163915,33.03511077583839,33.70822350122046,34.03105350193323,34.37763021743666,34.76225897494782,35.099850670685115,35.35520616189489,35.52731517200855,35.67637196056292,35.85945681807886,36.13397177951128,36.44573286000001,36.676785962022166,36.75527672525106,36.82280925787954,37.034914598519116,37.512594635810316,38.29225406810997,39.11485575925528,39.74418706979092,40.463977587723456,41.375391591648295,42.593105799114475,43.8865210637556,44.69898068394182,45.590979533413446,46.726473106325706,47.2357431678988,46.45824030160496,44.143118353345606,42.25348015192756,41.25370878147458,41.192748982844265,41.89147512780943,42.985231437407826,43.79540170575703,44.52519303
15kg_16bpm,10BC,36.23720817,36.74715881848417,37.85202737669907,39.35775035756841,41.126583212568086,42.90438553008602,44.567985187429294,45.97228333998556,46.98740893725086,47.60444567261388,47.77769815707278,47.34994987029267,46.39607414631361,45.12546636149692,43.65989671348785,42.1549999339341,40.743343020853786,39.503365513510694,38.510752771499625,37.79436740322962,37.36777590204279,37.212337934176546,37.23271541497408,37.33623927659865,37.382432869733485,37.32801486339175,37.096931430990445,36.75894692875076,36.268032541533856,35.74956623286446,35.247585597331266,34.76973272115683,34.36929063621658,34.12207051502874,34.035567154951224,33.957370043637624,33.866159864123574,33.74500237990755,33.46605985684096,33.0662521472443,32.57999515305,32.09673848932512,31.664774202771167,31.3367849992998,31.148297018712842,31.07518059791484,31.06636138386954,31.1054729917285,31.09532540727175,31.083189366396788,31.051976072994634,31.05348162064412,31.120131331471732,31.2507439742546,31.41300352122945,31.57918283026043,31.748154080953903,31.880881836320103,31.954762288085323,31.99226883486081,32.0189386605244,32.06968972676684,32.17366210337175,32.33473339389124,32.46309509191289,32.56854785806609,32.65913236452684,32.79108533451372,32.962888508398144,33.19985399631343,33.51708750862508,33.91636972026082,34.38334985311465,34.893056129404336,35.41946090431164,35.90226346599856,36.31076480340852,36.58166511678773,36.79161217665968,37.08405901153196,37.661327503415436,38.76557931901082,40.44320822756008,42.71908736636199,45.28702107976667,47.67844615593786,49.31029268704341,49.774411980644274,47.643992367703184,44.896936763013095,42.68553164078716,41.25794826645533,40.61105113022113,40.58486704267858,40.831442153316665,41.07290102615965,41.15001478656475,41.09178958652376,40.436556984234706,38.97567308878062,37.45561186
15kg_16bpm,10CA,40.08755879,39.88764493441845,40.04634792924258,40.420069980164094,40.61062104973273,40.39177024813311,39.97510136366811,39.99236211031263,40.94751359598782,42.65868661051393,41.92048267724039,40.66406303911636,39.57692101666125,39.03077470366124,39.08232904410481,39.49393182468685,39.88774705923676,39.84760709990633,39.163968629469444,37.81885268777739,36.01714979640839,34.01080028013752,32.029744141427614,30.266305943191796,28.90738438983931,28.08644851632779,27.810829560604436,27.910713072497362,28.115946273862626,28.210383819178734,28.038828683434982,27.748036453218063,27.595557165499415,27.506537566434396,26.747803974372605,25.725592037442794,24.39253011580615,22.52138180847691,20.17576246638352,17.908439475138984,15.807983348397928,13.975764698318121,12.34731951867013,10.906495198661858,9.60415250817195,8.404561939271433,7.351401958939632,6.513186289316279,5.864355192468346,5.256479915612211,4.6498963,4.0754959490112626,3.506741050166277,3.019836947252159,2.6165676414770256,2.2355951542092223,1.8608315813149199,1.5106832339137137,1.2117089467467415,0.9657086864637575,0.7702043509267316,0.5968373796475711,0.3947475522901788,0.09887550336110816,-0.43203708799462176,-0.8726472923238348,-1.1954439755301722,-1.4124981531405716,-1.5781062777245043,-1.726378364721353,-1.908770751004863,-2.198046452789654,-2.5569915715491787,-2.924346051931128,-3.2709419605148944,-3.571340310903016,-3.8014312689321748,-4.0016156645995675,-4.187475915188037,-4.374246667856587,-4.533763853030208,-4.57688553585326,-4.397240275026775,-3.982053104379865,-3.445836356559794,-2.9493186616173457,-2.5351659230451933,-2.102329171753828,-1.4932931068119375,-0.6158383109967845,0.5178420534479076,1.790100954810168,2.8377759089370804,3.551428123726812,4.087630487554451,4.678546488294263,5.300280372453181,5.7920110233111,6.058426907936414,6.089871379219699,5.97177699
15kg_16bpm,1AB,3.8400822,3.2428241206765054,3.0397521656423407,3.2116185674991025,3.637041513361691,4.058815313551657,4.542904209710465,4.824835536907573,5.047697862692495,5.2171714511453064,5.34715929,5.3295725121597926,5.156125306223298,4.872997639668369,4.609841045361849,4.3777036992682445,4.32087244128958,4.519807472082455,4.879770634223561,5.079798677542682,4.911971340000001,4.501632299594723,4.176645374798528,4.002133864028042,3.827629681731345,3.462700377411581,2.929406932868048,2.2894995292410987,1.5815426595122088,0.9406384771378327,0.25172340000000004,-0.28240406447934235,-0.4506954827197514,-0.23945328307172242,0.050911404101064595,0.3499984181242198,0.6192616723743402,0.657086891303072,0.5380364904447166,0.43115849513251614,0.39012628000000005,0.39812857488601344,0.48586334007281984,0.617975054320102,0.7876116895349896,0.9985758024578104,1.2551457039765974,1.6153051926542066,2.170917360156709,2.9591411737734337,4.01373417,5.252190122332291,6.678010757380509,8.216125941631836,9.852215386173485,11.569658452682061,13.39715026937848,15.293367964037007,17.165228707629563,19.11166304624582,21.031519370000005,22.953297672240875,24.82426698878816,26.624705729989252,28.382279071165673,30.003058487991808,31.523374435090062,32.899264100585015,34.20640018799896,34.624789251683566,34.632258900000004,34.579085576800104,34.82832970502194,35.49216229379914,36.27328365599671,36.77838436425716,36.94556753210939,37.25959202535519,38.32483427906524,40.215740925165946,42.34477374000001,43.20883438055991,43.03601081124278,42.466012664511,41.9080780463552,41.51287896856922,41.45427660802036,41.84660770557528,42.54926787923914,42.85866195070037,43.05836952000001,42.62182573071798,41.714442149190525,40.516909027747694,39.243576697382665,38.21522186547549,37.747976129897076,37.96419000590278,38.94139108880019,39.64090973822329,39.73727926
15kg_16bpm,1BC,35.5146018,35.26038206893876,35.71295917002199,36.95140152273463,38.84383807186487,41.065315517393536,43.33997322281161,45.20381496342529,46.4482402436898,47.02482804107012,46.958491809464974,46.37323589385042,45.65697685042661,44.94426940719814,44.228884908127526,43.41928733224315,42.50826653104549,41.55589758154012,40.5858230345408,39.605102331811196,38.66999857334597,37.74326075780025,36.99047103978167,36.36214234423926,35.78321915013142,35.23865698109306,34.70142035005521,34.12042576673201,33.46691790128334,32.79187789776996,32.124227768322314,31.547310345156898,31.166265407621,30.884920436745332,30.687848801213384,30.585782071122676,30.518206641967943,30.45664833780304,30.4236771348244,30.383980899885245,30.37009991436814,30.31270453146437,30.30323531727482,30.258068745771695,30.31603033023953,30.412509822215156,30.56314227337521,30.830226572323312,31.14602667145475,31.514143290359087,31.872811151080278,32.211989456294276,32.446961831472116,32.58300758953157,32.65266487753689,32.73357857982753,32.85357010252088,33.067779517145425,33.361972427991724,33.774425876669184,34.19100774874299,34.60785504098451,34.902222183694576,35.064602169460166,35.14285916608056,35.188969605218354,35.289515297892045,35.50673179930719,35.86364993903442,36.38258918163048,37.01724765355919,37.68361593621238,38.30339561614872,38.81447503567232,39.20750205731933,39.49624608953094,39.707494094043085,39.882118163336514,40.08120702951923,40.369977261002035,40.76179744662927,41.24803809578697,41.832974125368466,42.55719501078184,43.50826893903219,44.77206873546786,46.31540656752731,47.84947809915239,47.64529670074687,46.599817634811025,46.042728660315724,45.59626273311361,45.04158989625424,44.4881399972381,44.134115520912566,44.17290044944402,44.56221265782372,45.06986641749939,45.055654182740625,44.00047518744129,42.35970023
15kg_16bpm,1CA,37.63503856,36.91535310575109,36.55120611254607,37.37296423483345,39.727437647108836,39.85008201465817,38.50414705010043,37.64058060959793,37.35191130169486,37.474195079045224,37.69568758833281,37.567510432908946,36.71011648522132,35.407024207455336,33.81719182704616,32.14378073550248,30.55670685666724,29.11507079514904,27.82903250651235,26.65446921852698,25.53810399534578,24.453652910154624,23.410291729644154,22.427432761181283,21.48615007089816,20.702584579349153,20.363669581263366,20.475875169784132,20.946671337429308,21.097883473751374,21.150713117446276,20.73960027615389,20.330769696521774,19.898422695949556,19.193107181467123,18.157739894878326,17.13219606859627,16.094665546689455,14.834358753543873,13.331510388866551,11.705883164730043,10.158074535083932,8.853475043632406,7.739282902249858,6.708930893938002,5.706372217084522,4.69873293275154,3.920390127587242,3.1874018529912362,2.486166663413842,1.9080981745498904,1.3829193002040536,0.9529531279215101,0.6519324772747698,0.465515209719114,0.2812802559861598,0.09749126080989994,-0.11295675167887412,-0.36014529600444195,-0.6574146900545705,-0.9969176032819437,-1.3509379731417301,-1.7811591835834581,-2.2978081627454237,-2.705363976318321,-3.1022439076962063,-3.391447905133443,-3.574785323954969,-3.656427059430415,-3.6612374407464374,-3.6097283653816064,-3.552899387639252,-3.534249285231638,-3.5446426349852063,-3.556738709873726,-3.544280250174494,-3.516197593941361,-3.520623345599816,-3.6119951878694527,-3.800665981605835,-4.0211211523526185,-4.199861483593014,-4.2228139077318305,-3.9802068804442,-3.272644594956944,-1.960863296615788,-0.5930377578171918,0.636359108909044,1.3209743784111383,1.9030120604453802,2.392920046067253,2.815850000484601,3.2839627245293066,3.752131045302428,4.215929949927304,4.61703650022233,4.950710332912718,5.185954805198611,5.255553996413223,5.215156996337,5.11894753
15kg_16bpm,2AB,3.86985118,4.210250927397797,4.671190095486609,5.265127237238513,5.709440729511361,5.999253137520306,6.16727939289084,6.270790277834,6.338433620301614,6.350461172551052,6.243521821886133,5.9548805512610885,5.4848313947273715,4.730314563605009,3.8195911255893056,3.231677093177652,2.9171129839798198,2.7907969145816525,2.836611759530504,2.9566968048958167,3.023988584241453,2.997171035713099,2.7857979831123787,2.3584339096920455,1.7124804782250653,0.8226582700000001,-0.0757561986936156,-0.7008660161049142,-0.9271625702846127,-1.0708875773074826,-1.1885563953873122,-1.2361428248155695,-1.2786008738891896,-1.2495257431122546,-1.2308175492732725,-1.3481215654996854,-1.473809316788952,-1.495849417221217,-1.3617936804788857,-1.0582892751575268,-0.6314430935002753,-0.12631204500317952,0.2974607312712691,0.5756008288877158,0.7565529563828849,0.8966400208044791,1.0423498037269845,1.2785094124131835,1.7327683957252948,2.4361506038285357,3.35726911,4.478582766084045,5.760964614429688,7.129352056947182,8.494590375611336,9.856911921335277,11.282846887962869,12.86458315324622,14.598041018213946,16.39947213668222,18.186069401153365,20.03906603458516,21.99596733427849,24.138989452929835,26.37926935394324,28.6462252988315,30.350450397738566,31.31648928799898,31.51216615048063,31.713867324110943,32.16151223605979,32.84421143556551,33.5996374192856,34.207938079068214,34.44595101389252,34.26712776,33.81272051313014,33.405537329473134,33.27370592794737,33.53890439227767,34.35339831060335,35.76537224709638,37.63868164297925,39.620341899279346,41.58074106828479,43.036821868779896,44.61654895119855,46.188540274874505,47.06492818200334,46.79558846642257,45.0962946180244,42.52225122787856,39.90196608548737,38.18010677681603,37.631318738887735,37.994150156605244,38.794893646605445,39.99117899013302,41.116789497523705,41.51932900237379,40.39571016
15kg_16bpm,2BC,34.57850266,33.96930457190652,33.857571849225764,34.58873792681216,36.233490619545385,38.55311620624329,41.05992984829589,43.26350350279758,44.69285326962595,45.307045480485165,45.05621956035293,44.1302127092744,43.24326588943712,42.614496645317544,42.184345611015715,41.89271174740495,41.645462108439176,41.413698439424586,40.92787042373659,40.13990478447521,39.1346042287815,38.054222610048996,36.94114869327956,35.85235627340697,34.8119260282982,33.90251093485457,33.11921324471891,32.45816889352851,31.91768499362436,31.481041619764376,31.059277385756225,30.669968123581704,30.32226948313973,30.0495273090945,29.8385655868301,29.745684763146706,29.783542111808302,29.92343041100313,30.09081912008088,30.242175130712702,30.31070727095828,30.256420494198686,30.143245495772227,29.96176469881753,29.730517964696205,29.507465765486856,29.39266784552359,29.35703345222371,29.456702947267093,29.698117713898743,30.07525454463484,30.55434792165092,31.084780921711726,31.639482731346938,32.15376167478867,32.61948580273407,33.03377004912728,33.41007302454498,33.781074319254756,34.12491280344847,34.4194925797159,34.64856762650635,34.81304622733126,34.93580216075167,35.052925980873276,35.203301817260446,35.41701739084287,35.698874674678414,36.034341729691675,36.404698038681296,36.751535902511485,37.10720665252625,37.37556133670161,37.66230497442327,37.93662535977106,38.19265556178751,38.43668418868178,38.62636163989365,38.81485270759564,39.09992920024499,39.54552731086867,40.25864810845998,41.22020704459238,42.372252119514314,43.5905855963396,44.801783422821906,45.93146329180731,46.84023072998635,46.99412446848022,45.34236370099958,44.051105119106495,43.23844101427363,42.82313260629502,42.756333379175686,42.936361630021665,43.21138212767146,43.39197369252845,43.39779652374082,42.65030169839573,40.63973624257124,38.54200441
15kg_16bpm,2CA,34.83654223,34.02915725574655,34.17972204,35.80760552814141,38.702555440000005,39.22654733715042,38.840172300000006,38.815181062536894,38.82279317,38.70832513593109,38.56087235,38.52984409654605,38.41217773000001,38.03526867617467,37.218746800000005,35.93608049487167,34.31977799,32.57654833924868,30.866128340000003,29.246347520446534,27.780206660000005,26.442366233781595,25.116554160000003,23.715894495410648,22.161650520000006,20.550874031114937,19.395774820000003,18.889809752862856,18.87457968,19.05487803001674,19.17870838,18.903141198766882,18.413108720000004,17.72814884035549,16.8447564,15.98849989899767,15.098339740000004,13.898508129265698,12.839240860000002,11.683077142936165,10.432745940000002,9.168600973053648,7.868797240000001,6.768594892024147,5.74747576,4.807429016690715,4.04257483,3.3640408488086644,2.78927597,2.325950806508749,1.94572293,1.5756579427364334,1.23125797,1.097614131196712,1.1538666600000003,1.22454415628454,1.2882483800000002,1.2312259907571925,1.07097693,0.8513988268414409,0.58960061,0.3061280847378846,0.03748863,-0.34840119321144236,-0.6013705200000001,-0.7661146452428858,-0.8932511099999999,-0.9163394554085004,-1.0060160300000003,-1.1799206297650884,-1.4392169300000002,-1.7537492868069022,-2.0381335400000005,-2.2217081550260103,-2.33079325,-2.405981863090551,-2.5264768600000003,-2.741150104265349,-3.0587852900000003,-3.4251514738613293,-3.78310292,-4.005216289945518,-4.01510219,-3.6911144327217293,-2.9842560800000006,-2.064779818524599,-1.0592504300000003,-0.1921695877491474,0.5081760800000001,1.0802837077302647,1.5209231500000002,1.8737725620253936,2.22008845,2.6554713106992907,3.15205832,3.648462505361533,4.062409950000001,4.4539795780010225,4.85422583,5.306939949835341,5.75177523
15kg_16bpm,3AB,2.81539959,2.6121752276403543,2.6456320686631942,2.906757214563268,3.2166220244375356,3.317085525749018,3.547953038817045,3.9453660091484606,4.284240230346731,4.739269867092572,5.116820763602649,5.26820011742135,5.181743729830386,4.825955606490426,4.449880680225189,4.136638979581177,4.066144920370434,4.263738078972831,4.569432492933023,4.825733314627546,4.887779106987732,4.686356019087792,4.2271167570612675,3.5612381295057043,2.7117516827016517,1.7349622187556062,0.7601247682736662,-0.0765723696064532,-0.6550909750058259,-0.9400095936174148,-0.9384708632167338,-0.5015870384682719,0.06903016916132687,0.536090109063082,0.9181001221457012,1.1154068075942298,1.0511745781225779,0.7337774503699002,0.27007722375877663,-0.18621400391828613,-0.5639216505864775,-0.79615570355954,-0.8523478521536225,-0.8438697986656628,-0.8266363358729218,-0.9193796732666066,-0.9893569560490952,-0.9708394050467722,-0.8361221372766308,-0.5493425639115814,-0.06352755000000002,0.65343491828828,1.6765559946451338,2.948105299453728,4.486602788327631,6.122690210082496,7.863938686410604,9.694179168481966,11.462732730658637,13.141149506028972,14.724498454111824,16.41079821187254,18.20833551809481,20.3037501382408,22.631398270262622,25.04219087203986,27.39017393102168,29.49122035627333,31.19083131709548,32.35233178457205,33.42999832304687,33.85303566711468,34.225472827576304,34.59165693875336,34.90911880671349,35.171868674611446,35.35609421040637,35.46612508148324,35.508932228758205,35.49964348090201,35.450286128119956,35.433064937113386,35.59480052127596,36.23205697986347,37.60971704043016,39.69853629598645,42.03843342481404,43.79000681915696,44.206814560035106,43.63284351156145,42.656755128258396,41.909315939034954,41.41145121348255,40.72882215576118,39.50824223844713,38.10267173415825,37.342101033429245,37.56407318097683,38.19156003069755,39.397491245743296,39.87784995
15kg_16bpm,3BC,31.76851103,31.418804198059675,31.728391222754347,32.91767163593469,34.95269299219286,37.500837019063276,40.05757645115543,42.18457557537881,43.583231005086716,43.84948131537518,43.10363917984258,42.34169956712557,41.73859661009056,41.26320482507641,40.88020109637586,40.52385916139676,40.13515701749596,39.72035931592055,39.29056687879094,38.85677673662056,38.453635690079466,38.09898515719371,37.77866788224399,37.39426042939266,36.771634249212944,36.03947558,35.071937343022796,34.06331642843199,33.06511214963648,32.15292854458968,31.4079607178984,30.916283401411818,30.679986231051362,30.673141479927892,30.83914680688574,31.074831004769933,31.221598301487916,31.29259862369978,31.260412710972584,31.110742187507963,30.84789682113748,30.457198665768356,30.05814837801809,29.668207705335583,29.374408078332177,29.203665992621215,29.122779971655078,29.18519107607171,29.24154568721632,29.404682168953286,29.63060512,29.916513698425987,30.28785420360399,30.780664222332913,31.380459163561277,32.05825301761384,32.759696636302166,33.469977552664865,34.12858428692082,34.71607809577078,35.2287252541222,35.63889737500194,35.96505044295922,36.2367514415796,36.48968001739105,36.75228719047422,37.040371110438386,37.362523105262404,37.720923693144,38.1062484403004,38.49265013331779,38.83683490806817,39.14260607631096,39.35568409167576,39.54847759804589,39.70015766,39.83259609878898,39.994848582862446,40.24790958827984,40.68322179829163,41.371236305905526,42.32558458432475,43.49129582362097,44.82794822418532,46.08608096677275,47.006412848337405,47.157781036312,44.55132198666647,42.06483836292836,40.300954296951495,39.11376113416182,38.49404549158288,38.39739282003586,38.71040637347348,39.242461323714835,39.7642301652305,40.090302328533376,39.82630051514928,38.5228954835177,36.74320950541279,34.89043848
15kg_16bpm,3CA,38.16097331,38.00156433243419,38.474857403175974,39.92388951376459,39.49687608317223,37.78255571940984,36.11981278648567,34.95220321383741,34.341839216694055,34.040508045391036,33.71065639269722,33.30589368617579,32.72476993086547,31.9507799542855,30.934927536529724,29.701328653919237,28.388400057692078,27.042226060190586,25.70376378121126,24.419568430879476,23.25248909709238,22.25687517509578,21.401046988084463,20.61006060628089,20.37422454011875,20.37773864049002,20.56169498909273,20.7656651057713,20.735638629407873,20.733303225778908,20.347771209357173,19.8401591766907,19.21815385885364,18.48378732358034,17.706845178051843,16.785511503790403,15.902471030445744,15.00567990129402,13.837592090186083,12.369500380905198,10.792418871895006,9.387516765661232,8.18135202677857,7.138801574088056,6.216454961227274,5.398047130212842,4.721644270212907,4.215068880576174,3.801832003801422,3.4008046761247153,3.0802799892747528,2.731394409435423,2.3753450141228667,2.036780420285367,1.7645960035319037,1.6004746236452283,1.5172834972325318,1.4592791277560695,1.375230155063615,1.2465102388350098,1.071810426517894,0.85914998725614,0.6341257514025208,0.3835805361365876,0.0067809154562281666,-0.3182249152830871,-0.5228703733215478,-0.7154629316800227,-0.9384196220414638,-1.20710764462537,-1.5107993366962609,-1.8351097767266253,-2.150957609845669,-2.431115045997432,-2.621635928979571,-2.744788415058758,-2.7487440438591952,-2.6777534047838945,-2.2908620922006295,-1.8404633276492288,-1.5962008235187701,-1.3955454048276457,-1.2150639983012788,-1.0277067006679304,-0.9882905995744607,-1.065431715000422,-1.1368826443395341,-0.9533126216565624,-0.48221635271740537,0.25662838846747144,1.1028056707331464,1.7649156028405608,2.307957952579339,2.8897193554170393,3.5861836443567423,4.338654895697859,5.012701884227734,5.591663060077299,6.033209078508131,6.39588644054249,6.61907188
15kg_16bpm,4AB,3.64224351,3.676647107286139,3.611123229466667,3.525180527880094,3.42479448065531,3.5293849181122443,3.7914272573578245,4.203257554715956,4.688307576037118,5.151019439159117,5.574855969168099,5.840289679689652,5.9631560423123435,5.908669517481297,5.67408112207844,5.3853363945126835,5.183120688959298,5.082222357757953,5.060245888013734,5.430904021135494,6.012969095961626,6.548312961102291,6.772876727683302,6.554797010529373,5.905567935434343,4.9558764534003785,3.9140590919724976,2.8921551172155255,1.9825528405421557,1.1778110960840553,0.4130258676024973,-0.2146868765737413,-0.5611916050073823,-0.5886148825685714,-0.5307108286967192,-0.28620668266084276,-0.05339892053616161,0.08948536791016813,0.14443064291445132,-0.08676725708595007,-0.4989231754418007,-0.9439113217985685,-1.3111840206237964,-1.547910348312365,-1.654112943437951,-1.680635387751626,-1.6589312174694812,-1.6679732887019152,-1.606502422498967,-1.5221643315536377,-1.3859026000000003,-1.1408512270337767,-0.6709153686704954,0.11842595968599405,1.212091103524268,2.6314182988724504,4.34366083664282,6.188574214665912,8.099736392366113,10.008957302666042,11.784230919342072,13.465795967859268,15.064146094893623,16.808099742293063,18.72314346583001,20.81738763120132,23.090605871582728,25.41098712574512,27.68437947790541,29.456234550198914,31.126186247873605,32.35486564626725,33.215149819717226,34.08398045104174,34.98640153544985,35.806117541721925,36.39297264735298,36.742617285344885,37.040075152501906,37.533037789584036,38.39182061556493,39.47909807273215,40.51067300979752,41.29951412951445,41.92561548020705,42.6684706223768,43.68150513016661,44.84449542790417,45.899589645869526,46.49810632890678,46.222467732278204,44.74222424914204,42.17470565826707,39.23956099276839,37.121830819579074,35.95243637029697,35.8403845193944,36.63011250013639,38.3384257268918,39.67259794822941,39.82599387
15kg_16bpm,4BC,35.41961149,35.138333811648494,35.340917065469085,35.92367280815197,36.36252853731442,36.52674991199586,36.089875265966704,34.98190471079956,33.71401398551815,33.07082370063523,33.62493342296232,35.58936785663804,38.73387920837434,42.47598186499641,45.866547778267154,48.27011462952801,49.182951360935306,48.72160755523225,47.837811222797015,46.981274095095834,45.96785410647523,44.57637437276706,42.96220676344968,41.477728663580585,40.21322796660726,39.18160211996119,38.35186350876453,37.687114645593404,37.057348029763766,36.51130599122374,36.071754762446105,35.67377811432418,35.36345215314872,35.081475146745134,34.82939383404763,34.527262374095436,34.221188536255,33.90066396939184,33.678601990393254,33.683818285646694,33.84146741719056,34.0505053818447,33.97164581252536,33.68361602258239,33.17487518143379,32.70275347542454,32.36312707987884,32.172704264351744,32.10303821822582,32.046956407468095,31.88402728,31.55977535490964,31.19072720670205,30.89391810133244,30.706673094926394,30.572874625741584,30.496022646244825,30.523016735293115,30.707485636477955,31.09864283883585,31.68131247728216,32.386308617823225,33.12976697199244,33.849722601125734,34.51521554368662,35.08710128883633,35.55098018089411,35.959135112223585,36.34162290240017,36.74587122885706,37.20912842217012,37.71759414902414,38.25531044738269,38.69000831494165,38.98734747200253,38.890982259256944,38.569923670958836,38.16285624768316,37.805058907599204,37.64092564273603,37.67519742310673,37.94021443631414,38.394127519353475,39.030222982095644,39.90078824948422,41.03623935286365,42.43203492430091,44.109845126304755,45.99441478943319,48.14679358480337,47.310029398144714,44.524904028924304,42.751178745367184,41.847511505465555,41.88920294566194,42.57276965140134,43.42000929359403,43.946809184546865,43.88713534026599,43.31285945934023,41.41985222
15kg_16bpm,4CA,33.83387504,33.45077256062331,34.45436492754534,37.08089390264725,40.111539519961326,38.44289913673586,36.90713696726323,35.811194363154435,34.752032875966734,33.64632797145438,32.66031698137973,31.807324067729542,31.154833320826214,30.62250178350353,29.816156415383773,28.606667394183887,26.98178900058282,25.208116133039802,23.690420425191544,22.54275595228265,21.755713783253157,21.2087962845641,20.662760889156452,20.22365213588172,19.50333162149674,19.0722981,18.92576855128842,19.002277767454483,19.29272939541322,19.24423267669512,18.958010037897797,18.162126845952066,17.313923872001205,16.309253444002653,15.242253589507966,14.171805096276614,13.347637933012193,12.359933584661015,11.114206859412725,9.579251433917861,8.033762042749107,6.6033590923086365,5.257935529802716,4.225980236233346,3.4167370832597257,2.767388259414191,2.237161682801798,1.7798564794159233,1.348566095322797,0.9520522242569417,0.71654141,0.7231814752018774,0.854943857262422,1.1057869255176893,1.3717906498330918,1.5656754048896115,1.5925271576093478,1.3913325361591118,0.9727486831778128,0.42177599907846375,-0.34211106498441535,-0.8720509856929843,-1.1961818549637369,-1.3632969627238893,-1.446368641766273,-1.5101158210788401,-1.5867391791396521,-1.6778425361671425,-1.7792409507284466,-1.9043954524809719,-2.069967838859211,-2.2373158989105177,-2.328813036629861,-2.3890056934819803,-2.4543909165775175,-2.54827821,-2.7235374512828776,-2.937629763102895,-3.1469543877763164,-3.1935775402202045,-3.027295754014238,-2.6726402227730137,-2.1737734993312627,-1.726718146474685,-1.3290351058435346,-1.115701557854303,-0.8828119138460593,-0.4571675373215898,0.09561269011043416,0.7274383782660596,1.33041545745832,1.845556714790421,2.168704731776781,2.6042677419671967,3.220715351191636,3.926594708882442,4.589205382261104,5.134066744192584,5.561064190831101,5.887785401375648,6.12587369
15kg_16bpm,5AB,2.86322666,2.8570145325558123,2.93311420468128,3.160823365695178,3.2846650064235052,3.362351475471723,3.533283234152319,3.741903394263849,3.9347300170461645,4.042023860794868,4.034662774883173,3.9277339491174548,3.718100010113118,3.5605647511475937,3.522051522324967,3.6621536246403545,3.8619579453726622,4.041488884196444,4.3855617274874445,4.691586437650145,4.774911246296211,4.684000156478737,4.473804366623508,4.099590091886282,3.5548418853971397,2.9000701700000002,2.1661776671659116,1.3954014370434935,0.5757869605197614,-0.1004627059469952,-0.48388032634787126,-0.570751189828296,-0.5521823709520679,-0.539210084628296,-0.18758264444488681,0.36389054854347375,0.7659399026410221,0.8807241670446556,0.690680389727026,0.2666940254899248,-0.26380000374245566,-0.7491800727520772,-1.1234850029835424,-1.3645849984355354,-1.4987966385657912,-1.5868991651951725,-1.6159943122627831,-1.6195476373859454,-1.5739497179168462,-1.4522113535846979,-1.2097114900000001,-0.8186780547407395,-0.3402094991023482,0.24187303311124078,0.9433238781594929,1.858527422506187,2.912610620763767,4.222673321715267,5.835918835546001,7.72529025666931,9.934107204268722,12.304748518214238,14.737184135360968,17.079878750567268,19.338939484288325,21.483265217531912,23.50618264047782,25.464762994895374,27.365211863684348,28.896558365415384,30.12250182583723,31.390969185363268,32.68877412048081,33.84864815232172,34.86377582098986,35.744549740000004,36.60211578848845,37.49680843334475,38.4678949420958,39.37884098687429,40.12830505995383,40.74605868919255,41.25881106313122,41.751101575315396,42.188546455060774,42.529849786172704,42.663290205734455,42.39550385419275,41.507051578566234,39.918037941435095,38.00129976735413,36.583144986638466,36.067320353083005,36.27695623010485,36.93179379585,37.66329507627494,38.3823535479551,39.27987035673929,40.585723983119316,41.030176496126195,40.45772045
15kg_16bpm,5BC,37.24594875,36.14663409849244,35.37254440319097,35.29046585939115,36.09746932720803,37.77035067791634,40.03041602044945,42.50884254744353,44.695159819417455,46.196786037284916,46.29268694001637,45.059829689563074,44.14659720583606,43.58822260160093,43.31393979316782,43.203116297265765,43.11649260228728,43.03196696259714,42.90718902579595,42.65032427933656,42.27079397448404,41.74367637431279,41.044379333128454,40.09170222660801,38.970351374239634,37.72549702764624,36.4898946386206,35.29922233694334,34.21689408881214,33.24050874330411,32.400002111082046,31.721762053976025,31.213315393923956,30.870481707650658,30.701798780138006,30.6287459562084,30.66993908318075,30.877936964923585,31.169785809449735,31.482999922456578,31.713466232290646,31.840426630512862,31.78132967910171,31.547865811644513,31.1804912346459,30.762976794721247,30.424738423003298,30.24248368326382,30.225020070072507,30.407553225304927,30.721362405182163,31.1297741152798,31.550242791751394,31.924811580660364,32.25055268100517,32.53945041277288,32.824395652027896,33.11961477776204,33.4147046782957,33.68526354665161,33.913665703318244,34.097023944634195,34.250050889046996,34.41366707529042,34.640744462447586,34.97731767527905,35.42750581790431,36.003273528715575,36.633160914081174,37.257563602651885,37.794392663312195,38.178963589919434,38.34891364560707,38.32161111793167,38.177460404022845,38.03416565490529,37.975062857507005,38.06147256130739,38.29371760368956,38.6689056264816,39.19914226677088,39.83929275409086,40.56340001294152,41.3549711705345,42.1865964228473,43.01294835003911,43.857848588312926,44.698028370050146,45.288000875293235,44.556070482922465,42.55216229795394,41.16495784324147,40.57372442940927,40.759703879304524,41.469862834105776,42.32060865440716,42.9620198866193,43.16109503181396,42.686705701752835,41.41794455790093,39.86021019
15kg_16bpm,5CA,34.66612266,34.954355599174534,36.09976054242002,37.951154028949034,38.25938837396287,37.20213575525308,36.13183068872521,35.289648667893346,34.86849851172461,34.39107907195625,33.70403595278311,32.85303444388101,31.891057817258314,30.801800159980512,29.51524136300786,28.04493623415498,26.52484024161096,25.113241091682998,23.874315130759403,22.83978196679327,22.02926214958084,21.295922917523598,20.84992279726726,20.408581541204732,19.6566057669614,19.0372453451618,18.48780053801344,17.926872224024045,17.363581984815212,16.555195972047883,15.622662808010686,14.647038415678832,13.824620850927083,12.725782921523416,11.765175245297202,10.928022824736876,10.325252866147745,9.416743727800117,8.17284241072083,6.90981651231904,5.653839006017868,4.59740376297783,3.6991047151932683,2.7993389091991103,1.9227759184655282,1.1353210854767593,0.4825526997794836,-0.030945042474052678,-0.2945931038451734,-0.20715727290487132,-0.0080514745743268,0.3303486246931352,0.7085504866926009,0.9925237334094624,1.1827699855572704,1.258406411314361,1.1733592592220246,0.9069080710508989,0.49774747598615293,-0.09222995417816729,-0.633267265258437,-0.9311445419825743,-1.0492595484659306,-1.0661364649718248,-0.9907860372622075,-0.974008849709611,-1.050586827774578,-1.1368227319258128,-1.3129110639894062,-1.504480704246253,-1.6871747515437665,-1.8171054128390784,-1.8993176534386256,-2.0039165134625394,-2.1872838376974957,-2.450909777023447,-2.7514400327191453,-3.038046751538089,-3.232256111152075,-3.286003792211912,-3.1850782206207153,-2.8365794778656714,-2.2888834203109143,-1.7367912190869257,-1.4971586316154726,-1.319652478826358,-1.1692828730978195,-1.0062440850434036,-0.766763700243267,-0.4025372849435593,0.1386747348961375,0.9213680799803046,1.9050284329703213,2.964448729271357,3.813001953837868,4.671654316821231,5.518665386765717,6.347452192581999,7.060191172799151,7.573120760271161,7.87619198
15kg_16bpm,6AB,4.32887019,4.391227999600536,4.648824120933856,4.94307806496468,5.0774441810569435,5.1052996522952085,5.1756048681282,5.276107912616668,5.548221572200361,5.739296973261367,5.589628884368154,5.037941931920453,4.2187466209009195,3.3794009880422324,2.7905425072814585,2.2711042838476745,2.348041809348113,2.7856468703609076,3.2507016448785144,3.5300895329989608,3.5345586521216146,3.2590116107523945,2.679214998987944,1.7745598459484975,0.699604414569735,-0.38373504154706517,-1.3193118062715192,-1.967682918142849,-2.3278064430725047,-2.5137105196062204,-2.623691691153598,-2.622899851220305,-2.482823196638477,-2.257139840921615,-2.0709490917547417,-1.9174829459662661,-1.7482321605101458,-1.5333813418549387,-1.2843722948116942,-1.0540711132435832,-0.83354993351979,-0.68397124039685,-0.6629587469372108,-0.7751489924826906,-0.9798089201482101,-1.1696030387562093,-1.2622291775487453,-1.1952554145660332,-0.9343280537265403,-0.469237126904249,0.17579731365138376,0.9525150344616721,1.7933838698996738,2.7835898456617802,3.9156334555838757,5.270310180972457,6.866091110485802,8.75008643356613,10.816757765388088,13.05792608332778,15.328937940218724,17.66928431239068,20.099264932141534,22.657957139513314,25.391584593026543,28.137957360930223,30.665946282184073,32.12468314628948,32.969775236093376,33.558730343676885,33.9100414450173,34.0263215304645,33.975140427630244,33.769997667400695,33.4424137657009,33.11781403502445,33.043230814343026,33.50655194822154,34.59590321502491,36.386043818361976,38.626249902108405,40.74946054242249,41.72710986285898,42.114477523642805,42.23882884003318,42.25401497793197,42.338436774644144,42.64843317054836,43.35727795270576,44.14883983787994,44.20135710565592,42.966716528354084,40.77136272384088,38.73816199915424,37.52258734667943,37.19891566041016,37.37413601422091,38.021374527348804,39.16315775949476,40.61761132678491,41.32880727
15kg_16bpm,6BC,40.45889416,39.70888401726121,39.268089154041796,39.25851334812906,39.746795191517954,40.69000605371835,41.84149413859494,42.99742502015259,43.85705815041646,44.52591783720931,45.020919393365844,45.209187123324085,45.000297463320024,44.63997655212963,44.02920046826027,43.111641371118246,41.93503175746056,40.617093143018245,39.31356439647633,38.09231447721014,37.11356846575781,36.484306414839196,36.280065604217505,36.377909216489854,36.66550623935103,36.99585496180609,37.1900419089074,37.20634388026471,36.98203464877601,36.640472291720464,36.17535073408582,35.60618992526435,34.93456383704616,34.27003965756802,33.569948319164354,32.91968583419545,32.38671117031361,32.00403961146207,31.81709110030978,31.809498014491727,31.92603040167745,32.053214275444674,32.087896678228056,31.93679866964716,31.57324627278933,30.992477283541763,30.305437582764718,29.636489170705403,29.115346166535115,28.784274518503757,28.71106667776867,28.92498775050471,29.325344782666065,29.90732050471365,30.55140806625409,31.123958772666434,31.532439373028737,31.82111484127685,32.07242205011199,32.32469790385564,32.64152219982325,32.97383843776977,33.34866861364387,33.681633658474965,34.03652135345651,34.337339196557565,34.67658463755858,34.984019007248506,35.32517112085539,35.67859369691619,36.04166467647914,36.40666064689682,36.73190357389098,36.99844422899912,37.1760609597443,37.27983270510718,37.335255691668564,37.36889037215125,37.459379249906185,37.649174267923456,38.0237308266425,38.630980437949404,39.516525129625435,40.70953808971977,42.12287626724199,43.689604306670596,45.30695754039601,46.79603808887188,47.491982377964106,45.86692744357631,43.9744231632753,42.72036181892862,42.26743568519629,42.46486551634746,42.96056771363731,43.35899489728976,43.407370580726116,43.078419747343496,42.43626692062033,41.21337015593156,39.68866895
15kg_16bpm,6CA,32.69113933,33.10798605934777,35.076125012864985,37.935590140781805,36.1646464547091,34.20340329,33.248702060991434,32.815189870653505,32.53194021614491,32.432769473643546,32.70879511999999,33.01770316303454,32.82873607936066,31.805286592624395,30.34203638016998,28.661961710000007,27.112110522380032,25.864453389427105,24.88389666669027,23.96074987494853,22.982469920000003,21.96902255072096,21.109705699659276,20.3726990599871,19.712272751749403,19.189108830000002,18.791828614351036,18.120492317253436,17.372422182200097,16.595659931282064,16.00466016,15.756775725436936,15.444962248118193,14.857683584472817,13.944519791191464,12.93645095,11.76695013030627,10.413319202348964,9.021133405692241,7.685077944982799,6.458519890000001,5.427250315065993,4.540942061312556,3.9116421016734266,3.3452659026832268,2.8683065800000005,2.5036058691647387,2.2481120521839233,2.100195027202312,2.009807035728477,1.9492236400000003,1.8972555786621836,1.8609357768565755,1.8173033942432464,1.7214971047600118,1.5416253500000001,1.2833708617606658,0.9738999205795549,0.6600754809736,0.2945991518615662,-0.0670071,-0.3158737702734346,-0.46714202498200424,-0.5510526329783967,-0.6143426335628727,-0.71328964,-0.872098655117485,-1.0614822577207141,-1.2326522545000127,-1.3584378601989426,-1.4606456300000001,-1.5864669994318208,-1.7597136913994351,-1.9380679849421643,-2.1309398112683424,-2.3287813600000002,-2.5539093860638227,-2.80640277197073,-2.9765634310097084,-2.9999029261580556,-2.8089529,-2.4078084610951533,-1.8847075875013353,-1.3784337825463793,-0.8947640221164869,-0.5597228500000001,-0.15916163974426295,0.3631465585879609,0.9496284176589055,1.7002496897522434,2.48226685,3.1382636708458613,3.672943599408726,4.224165854090692,4.854962617609795,5.541677400000001,6.136840682966326,6.514694154779261,6.641692934127924,6.541508598561759,6.30922835
15kg_16bpm,7AB,3.26629833,3.660757245148114,4.236938524295245,5.058448051587842,5.988089902473526,6.7325970969448585,6.98923131411183,6.615640537265863,5.771544094192895,4.8260263028831885,3.9638052907104777,3.3040715083751486,2.8645747012005756,2.618846959393987,2.474071872473594,2.241527401575201,1.9486290494484562,1.7465024376512812,1.698811149255861,1.8230269292540378,2.045193040627649,2.2230569192726795,2.2246413604622615,1.9954854507860236,1.5149460687926732,0.8568043364908993,0.22054095435890825,-0.36635482982945605,-0.8889492614876008,-1.197568427897419,-1.2867029670186343,-1.1739363436138295,-1.0595300221809436,-0.9464896397356369,-0.8361693748328813,-0.6576529079811492,-0.44295830518942475,-0.23184493347372495,-0.03876381766704951,0.07150712277501532,0.0034471891572614836,-0.26810393832116963,-0.6687990925874986,-1.0734646506070726,-1.347588226533277,-1.4986728863157044,-1.6059219447421613,-1.626251578306958,-1.6020701873257184,-1.4597970807150151,-1.0924306459861688,-0.4527608392605907,0.5643870413447439,1.8507135116159743,3.3071153037007246,4.775568098707556,6.29817278664139,7.907949232553868,9.571164318854734,11.31889202766404,13.182460288764918,15.162242949489878,17.103463877183863,19.074005653970204,20.908302087607947,22.577895424921646,24.165684444662617,25.76421162522568,27.485310463944238,29.475471237040832,31.73435932176858,34.04954828308959,35.00583742612557,34.75237281363187,33.62398287057998,32.99427981708351,33.33766496487383,34.522040614814244,36.13479641496589,37.804391339582565,39.28186453755977,40.51138954728699,41.47293425373375,42.093795016874424,42.318470356637405,42.23528173912459,42.07723223587712,42.055771175262365,42.144715535521506,41.99993760227492,41.24003438515342,39.937033507103365,38.69460140600686,37.979420741576725,37.72859393897919,37.995553954445164,38.31029245042361,38.789398819945724,39.51190414149884,39.711651985813994,38.93673849
15kg_16bpm,7BC,36.23359314,36.290954750702696,36.525215035671096,36.92767900519996,37.32598339915386,37.48366488776239,37.15593113900496,36.31528400807944,35.32728798947482,34.6883095918034,34.58205109662495,35.15466360844871,36.41069780593263,38.139788526970065,40.00468940081638,41.558388040831005,42.565404247761926,42.92267835660784,42.715233416796856,42.062753606355145,41.122385494465824,39.93835611744942,38.524899576125456,37.10211508788376,35.857038928103194,34.85475258,34.12014222232489,33.6522045516679,33.41902892431601,33.36603332926915,33.465067069047976,33.65327018472713,33.86066361682329,34.06970268141878,34.23444223677493,34.38372853232402,34.53808537089777,34.61164165061429,34.66232605307383,34.52758807275318,34.25252061192325,33.851970942800826,33.35428547303557,32.718362749027534,32.00714881469879,31.33264063145737,30.67459551270321,30.182462462990838,29.86820312981782,29.711569835951924,29.655171390000003,29.722601681417835,29.884343146744385,30.1940972554772,30.65827900394058,31.255574435467743,31.947911730086947,32.70502037496535,33.501150217082944,34.32839797086095,35.17077462386356,36.011994447146485,36.838015004821564,37.61910769202599,38.297884159716396,38.822653077213815,39.13661641200516,39.242268348420616,39.19200908497837,39.06471734555113,38.87624899197864,38.81251141870461,38.89362744930201,39.1060412287848,39.38409276515824,39.658493350000015,39.85959837372486,39.98437231259848,40.05028115693065,40.068441647024926,40.039645859605166,40.034767609554194,40.034658348293604,40.09136682984976,40.32349642228368,40.72440776315956,41.39195695895545,42.33613312182284,43.5466251479056,44.909816488871115,46.16182673778089,46.82673160490888,46.476563270346524,45.74659875062423,45.678050360235,46.09798537873567,46.62827265174755,46.900249209079,46.42648409323204,44.866311529343974,42.85070444
15kg_16bpm,7CA,36.27281313,37.21450474323738,39.2740779515774,39.53197839312945,38.30740818062937,36.88127857032889,35.94305032818724,35.271025017517246,34.61616504161442,33.825918062330345,32.91119910793587,31.874520406302157,30.6123314641683,29.105957057271212,27.618204910102808,26.198194396327228,24.90694788739378,23.830232634970994,23.028069551599607,22.4534139158613,21.92244217736189,21.39906060823813,20.809985118679567,20.403567151271627,20.383984123702582,20.692265349663938,20.81740903080655,20.460834967946862,19.596678361668516,18.61836475502787,17.4594982790467,16.418158050683715,15.764333713483195,14.905855320957997,13.613052016279884,11.94404433397775,10.270118183504808,8.863533127833552,7.69183770040238,6.674335977618242,5.769321734884814,5.033942710094211,4.4513868293771885,3.8695300163556863,3.265363473113724,2.711886634318138,2.1441268390925705,1.625742284913876,1.2168306603306283,0.9827140776502056,0.9305956001445778,0.9557644407168085,0.987570137165825,0.9783867059773564,0.9009177263513838,0.7537238454062436,0.5621091283523344,0.37321554326727696,0.23427090457143387,0.12517984360616446,-0.007684337856919035,-0.16894082652320516,-0.5010755742179448,-0.8399617379750746,-1.2266017340422721,-1.6751745144851784,-2.1686050749951966,-2.656642833826213,-3.0761350016688818,-3.3694262455858293,-3.519361479729979,-3.5856243395144256,-3.67007175625196,-3.8593044092871778,-4.163783830739199,-4.509726928120831,-4.811619941535361,-4.993444300039068,-5.016498793061773,-4.911623916378011,-4.71589230856103,-4.5267750032904335,-4.399568367769045,-4.359677381609691,-4.308385441891616,-4.068222825013318,-3.476660353837199,-2.5294174544849133,-1.3809651554641071,-0.19779107751150102,0.9342995621990192,1.718972276643204,2.630847846768371,3.8149912414166613,5.108451476298508,6.1997242399883525,6.872200429977632,7.089434751540901,6.938933020666248,6.607477232904575,6.22749915
15kg_16bpm,8AB,4.38226464,4.562503649175346,4.9026502044363545,5.3046567982565005,5.5494524173789035,5.685904114906906,5.696967096990031,5.755321475957042,5.858028466223221,5.938692924395729,5.828062718202753,5.476778078049474,4.947288248899129,4.360883326983928,3.877595010557551,3.5550795876600163,3.3142743316148677,3.3479629973366385,3.4940328162301277,3.557783740522967,3.3433754704412553,2.8854698844947095,2.187769963651828,1.3257836036741835,0.5949026169722074,0.05195755000000001,-0.3135452588520535,-0.47180049275719066,-0.5054899408155864,-0.495903952274417,-0.5422228052458709,-0.6226651976389763,-0.718384000337112,-0.7422029568745905,-0.6448782613869392,-0.47197840244136,-0.29883253738347665,-0.15808076750883765,-0.13889608716512675,-0.24999049853638877,-0.45832532228717143,-0.737775015735916,-1.0510130154736554,-1.3548300059997556,-1.551868846222596,-1.6615362407248389,-1.6598456403863389,-1.509997444970967,-1.2207376667227219,-0.7514183947972987,-0.007085610000000034,1.124445882454924,2.5735273260718707,4.229597258411287,6.002579366074798,7.836887537797384,9.597535805495463,11.291546058091889,12.985171194205243,14.738936790527001,16.594526313891336,18.527507610840054,20.50895220559971,22.50154283569093,24.38722940140485,26.14805638549224,27.7926745267038,29.415696667027223,31.13048548175786,32.883501169000276,34.484862056771945,35.97954755794967,37.18206121803869,38.21335855036367,39.15284391940229,40.098811170000005,41.06194422408976,42.00300857937333,42.857786663654956,43.60426900181001,44.180629469293095,44.59174186892273,44.83836651794855,44.959570603847006,45.01439636291221,45.204024605783395,45.7506741118211,46.63087908385563,47.42162214874405,47.459948896094986,45.79363393607211,43.37038827171978,41.39828638008206,40.64509094782178,40.882587692701385,41.341047611643404,41.79559546133827,42.3490500973723,43.29466199236956,43.81535551978416,43.75815292
15kg_16bpm,8BC,37.58744631,37.827872693284874,37.86166899685013,37.584937244667636,36.9918427771206,36.290717402119675,35.77475445887571,35.87290579933987,36.93352143203437,38.833834844728,41.39639523192925,44.047927425556175,46.34074540344318,47.91394932632822,48.5889446949033,48.260734937888955,47.320874929500405,46.28832976944959,45.16075681142444,44.002301344690096,42.8845555434452,41.84149608946806,40.90319589029194,40.086358388764744,39.416665491820666,38.88780972000001,38.47798480823244,38.07689692526321,37.753694499832854,37.43835159238028,37.133775652549566,36.72826674904844,36.18865201849859,35.45181695308088,34.52697087884749,33.50644645363829,32.601351051666356,31.881815899230606,31.4123031167425,31.237599480738158,31.19584903543522,31.12811864065316,31.03324087207335,30.83271041969051,30.447118697159713,29.909863219049388,29.357380326209324,28.84065343227321,28.466036383266704,28.183134600213926,28.046940370000005,28.08427585301944,28.290873825657354,28.662353721940367,29.169450078530808,29.793020246228494,30.471586233786883,31.167801401562933,31.844321577341283,32.46010658780162,32.989050308778154,33.44535470965449,33.86558454589954,34.24427433262073,34.59083169824785,34.94132099943907,35.31733393420351,35.788172969457264,36.30983262343486,36.87950260322402,37.39353369328329,37.8272044708034,38.17523956819929,38.42875085848702,38.65873123342842,38.967658140000005,39.367636764969696,39.909735923794834,40.56914014448627,41.277244369687175,41.98840347135947,42.752409771097874,43.63651455250698,44.747597500940806,46.109767617154716,47.638146585034654,48.94092627954917,47.13749674716712,44.6006994879631,42.428019261099976,40.84239165149281,40.31783448313288,40.62501494043016,41.33151186067741,42.01425613073439,42.32225719259827,42.195739366562854,41.757167452425996,40.13525536564843,37.87497485415207,35.50783186
15kg_16bpm,8CA,38.07084392,37.96570710130149,38.314151931306064,39.341627602981966,41.030876373330265,41.59016003702469,40.115676771670394,38.78187282004687,37.797574961429625,37.168581299953594,36.78673409250708,36.371724449743404,35.78504972488025,34.99844181388944,34.07321255801199,33.088842560441215,32.09648351335707,31.17534158668735,30.358057053415706,29.58861807370954,28.797438680252032,28.142079904181333,27.57196458378809,27.07253827676844,26.67353682525803,26.416552651871086,26.37114148608231,26.549960145460915,26.9879146851696,27.647831932237935,28.347352199319232,28.489889372339142,27.779690568195306,26.009497855027817,23.870193532971122,21.99166634278856,20.23859555501883,18.567029728120655,16.793341211304718,15.024018219339162,13.436736903591,11.736180216776697,10.017297322675379,8.455561474418355,7.226860774040567,6.153936149744732,5.229324650799587,4.407047734421025,3.6442299298496796,2.9533877916304294,2.415379932780239,1.9618132055579123,1.6219564925643577,1.39158371289876,1.2649137259513885,1.1822647203554781,1.0745630995795918,0.9162447338147753,0.7081176281887946,0.4663251248469854,0.21737729751199109,-0.006044724768545598,-0.16994524109494746,-0.26359144019976477,-0.3787811410663716,-0.6552776059407485,-0.8881354402418178,-1.1655428441855529,-1.523949963866845,-1.9106510631408653,-2.2361707747512884,-2.4271006531465593,-2.510107236352893,-2.580790042408364,-2.6933214099797858,-2.827180289418334,-2.961488963583497,-3.074024330363393,-3.184728689621779,-3.3320598122569365,-3.5404107652581307,-3.8093249324000893,-4.105764012843653,-4.315572114119257,-4.2840474455615265,-3.877505129843425,-3.095458086310333,-2.25018736658907,-1.4769137419085743,-0.7079728455143676,0.01863654288220095,0.9665553422419247,2.0451090191677803,3.2149773032353193,4.161070886688629,4.714677999534426,4.991368715523082,5.237935856527564,5.5374947241607195,5.82906824692885,5.97842923
15kg_16bpm,9AB,4.66967693,4.745853294804611,4.847075987397145,5.009961624122238,5.206275977849445,5.442978239611497,5.709040221214835,5.9224819520310525,6.0711073524148285,6.14874172933669,6.110484026877129,5.935554903138735,5.610132485237357,5.152288272846021,4.592746405880376,3.847941468422057,2.979560611962043,2.3444867473706417,2.076525709508067,2.156286947486894,2.3738084045670953,2.5574575802849915,2.589715846908931,2.23664500379876,1.523545375097576,0.7345702990871859,-0.03559560970233715,-0.6985140973000893,-1.1920287910624947,-1.5247960127135145,-1.7598433879926367,-2.123466269988588,-2.3706638460134677,-2.4026775686181177,-1.8419761790247988,-0.9409707912069172,-0.166352522600209,0.3640187366162534,0.5813259808414067,0.48338210745690086,0.13267176877222311,-0.35290170019157696,-0.8644231239705729,-1.3989449118157191,-1.827708203164645,-2.101491174249491,-2.1854647843181123,-2.0222341651269686,-1.6258581956784908,-0.9385243005782414,-0.03149929325105526,1.0705476110800518,2.3258063311705572,3.7079925575312696,5.10552651072492,6.6131996447048484,8.25543901333118,10.103187654911807,12.057299635026231,14.081358224612547,16.234042008233736,18.403443613510724,20.680511053306454,23.01086276451266,25.399552937348304,27.849045507139447,29.724187678636987,31.152278612468297,32.43801764383653,33.3728756414289,33.722220870011945,33.83670243298246,33.88489574042043,34.01610596276117,34.34685486588637,34.916661437582185,35.71725801121746,36.55846471852554,37.16884766848236,37.55768583943894,37.95994591383403,38.61733657910027,39.51558499749881,40.41936180152168,41.14768650835285,41.82538336940708,42.743224730691225,43.93047502773746,44.90576844863693,44.9809444739304,43.857064256420884,42.01804014271001,40.379245112314194,39.58452745807916,39.612007437445286,40.29042854337543,41.1077374894104,41.67295592247564,41.76743036210084,41.79617401741077,40.75370904
15kg_16bpm,9BC,35.43209373,34.79499720374944,34.77982633771083,35.67344788860857,37.38531264964318,39.710052168988945,42.281638683457096,44.68566903444347,46.60850953596102,47.885941446769536,48.49090460167386,48.3959939100908,47.747186460581936,46.86682518520696,45.96204457208516,45.08964540294331,44.23106043539033,43.37490559237743,42.55506304717089,41.72921335666108,40.86407916624209,39.94468728535291,39.05193804957105,38.25664385685081,37.49380137658559,36.79207006000001,36.06081689283128,35.24194767144387,34.32187908624276,33.3237631606078,32.28918632869697,31.325668961107112,30.51690232941487,29.948889085284932,29.71595607379152,29.61070761777199,29.58860688321514,29.63902493119913,29.72480781998837,29.825373420313216,29.851731880416168,29.69037454763979,29.41166212329095,28.943869071873674,28.314079040321822,27.626770364514552,26.983274302775374,26.474803468051253,26.157720874818665,26.060652290496336,26.16195494,26.493263153395972,26.930378178244325,27.446789441350496,28.01093765275798,28.606712813579534,29.232109841727866,29.8805215301354,30.514976189025482,31.083037676777938,31.53831549360517,31.851788938132106,32.05172606244778,32.169743891908105,32.290477194275766,32.4535102157836,32.68006868607205,33.01891244746716,33.462289037793816,34.02293067052099,34.671229436496255,35.38768988185918,36.04546952458968,36.56245847163709,36.87430987342193,37.00844138000001,37.00585593558986,36.918453342729606,36.775512020355364,36.637856963693686,36.60672381736155,36.805976328887795,37.3673308176042,38.360647698614585,39.776333568042425,41.53936659449086,43.393889498497416,45.055723034492196,46.243812729196755,46.42531686734461,45.32618266368174,44.40369284312489,43.794424931824835,43.26255771291802,42.628669371609035,41.79277043645072,41.06746047716653,40.66655319710494,40.68813450967739,40.78967445423058,40.97399044
15kg_16bpm,9CA,37.83782119,37.83884032742099,38.47812220499888,39.85886285676974,41.74906250949505,41.88358519150409,40.90930016954387,39.81759843455446,38.66787227846241,37.63155924750363,36.33460092901271,35.14952359371048,33.94315235641668,32.662120585494705,31.375793398108332,29.352309172249747,27.986013315091046,26.783470057252895,25.75871848216524,24.89064653669501,24.09904721156667,23.414648160320368,22.796989531946505,22.329069391524687,22.157435397190785,22.16317681019716,22.308878840089754,22.627685419882333,22.93977650045646,22.8886673570969,22.574332839847916,21.808839001128895,20.88296004004448,19.73657395542102,19.085203774782624,18.213508249614797,16.814833298644775,14.959447204072177,13.079134854668336,11.303594177057416,9.655487105619278,8.186909374535983,6.938253936069502,5.884651785807219,4.999399468353472,4.293535188421346,3.7443594369404725,3.3124339384913073,2.899482874930829,2.4508991861581517,2.0425548577215005,1.5916545352958515,1.222185311355615,0.9789577967411489,0.8968797473958645,0.9659640284640589,1.0977170791206186,1.180403039646061,1.1180968469736408,0.8511683953638653,0.39459285141493894,-0.313787146824794,-0.8463693133515702,-1.2375787317241567,-1.5052299279282721,-1.6689257834421847,-1.7586484535698033,-1.8205610515718205,-1.8967574071219904,-2.006941893829863,-2.1497393657895025,-2.3269015099910924,-2.5011132410315216,-2.6327439285567977,-2.728384073909913,-2.762661474878101,-2.7677881478474373,-2.733949502321651,-2.7866828939422184,-2.879073583789999,-2.896593547982394,-2.795701325575889,-2.5302382054658197,-2.226948168434348,-1.991660340389992,-1.8534364473615355,-1.6247158788240788,-1.1399665023669283,-0.28978530381007916,0.8684453769424002,2.204619577973683,3.494772211685899,4.412642877557397,4.959513041949836,5.450997451233738,5.961227561492111,6.480027563161655,6.901094656722991,7.116189103934139,7.107132516974,6.93735348
7kg_10bpm,10AB,5.28190588,5.3770500995350945,5.332615377854949,5.207048591994928,4.962670697121756,4.635753538744305,4.342490637582933,4.368747110068879,4.522054233941446,4.701178479199046,4.917351265289561,5.145713836221369,5.327661748217813,5.396794106457737,5.383989159160487,5.211331826190355,4.927810701189282,4.63895475806553,4.340686804205132,3.9499345635583922,3.410838762275859,2.71399035946226,2.022642977285065,1.4957892782285183,1.1242375711068575,0.8359106141664353,0.7750519011791142,0.9074279472686646,1.0246655781798375,1.1269191086874932,1.1847690139364484,1.1693574641652589,1.1269583483034484,1.1403487922189053,1.2680962839028047,1.4748168409417242,1.6895037165401903,1.8577178336431523,1.968034020424546,2.034448566807398,2.0867732238224024,2.1495683732232673,2.23348477306325,2.3702981205734424,2.5839343493600984,2.850228940888696,3.17569491279889,3.529962042936374,4.039693699531705,4.772488991251907,5.833403660000001,7.233306081485761,8.841611582493806,10.765915526506783,12.724057782958413,14.540693135990733,16.331742538253117,18.124485051223605,20.001105544650677,22.092305478535135,24.399328429899377,26.741419519138113,28.816527544741376,29.984741973166592,28.51342688611833,25.9452746618796,24.33933504164684,24.38217803860503,25.88802673418152,27.50937236196199,29.34887936691804,31.553317908167585,33.63216349196266,35.00323094976495,34.85212310401017,34.2227535603741,33.774446776298376,33.124873189097364,33.25642742496297,33.991612643825775,34.84016649052298,35.72207481756416,36.00119695001879,35.67204217831664,35.072130440173794,34.5423950719422,34.31066293999488,34.3422822256829,34.393166745654526,34.192669864664886,33.68696417211172,33.2151794189967,33.169148234994616,33.518324433203425,33.94904172167437,34.091073662289645,33.74552243176568,33.01573556746527,32.049152560565226,31.48221855575754,31.3141032
7kg_10bpm,10BC,32.95946089,33.787438530403605,35.038332197012096,36.33558148685666,37.40209594655766,38.01083288961403,38.0600837356633,37.80325722747101,37.467239860196,37.09771008858168,36.523298914959376,35.6493002173127,34.464158856041934,33.21358622376365,32.09799550438845,31.145528463918094,30.337780894344323,29.581448157117265,28.811179421058416,27.98769841564765,27.15757856409836,26.39181704323641,25.770964396765095,25.330359644462003,25.07311383079902,24.939095551113315,24.787491579877383,24.563288341021156,24.29206254056032,24.048423496093513,23.921707227986797,23.882879482207247,23.895272661745725,23.908821353396853,23.86768140282723,23.747238541682755,23.57042790206447,23.385253407797425,23.19424560837949,22.996965262581085,22.805463483225402,22.641493146346196,22.495821482989374,22.446628389027165,22.571102874624536,22.920499027597575,23.47163995191298,24.0901530832366,24.61830932331459,24.910498756681662,24.928240656921293,24.812468206421315,24.78211927073626,24.994629595080443,25.416655379433063,25.91426198570992,26.39237541022724,26.745802999422597,26.972262003949076,27.138302577790228,27.330792469608987,27.662802145048843,28.150375019129033,28.700070989700876,29.151808883556274,29.4687464466574,29.672723262322222,29.849066174339896,30.03498628930851,30.304036305599904,30.614635152110527,30.89678462588649,31.09939031235043,31.330879849820793,31.59600028591368,31.92633378815967,32.31847974105526,32.76591474285283,33.198220068876005,33.51370275060067,33.64818472833447,33.66261638258808,33.67147024229607,33.81457659487544,34.17300986595041,34.693613264636255,35.19473024591715,35.521716613180814,35.62224827720412,35.63118288961469,35.723228550358016,36.020458503697945,36.5649226722713,37.37766944351193,38.40655342935324,39.48581189282438,40.395394486158004,40.975064946515715,41.13926482433473,40.84210063135211,40.16333609
7kg_10bpm,10CA,38.19686109,39.35802666029066,41.11940044808892,42.06161118253751,40.57975580947647,37.861677469365894,34.886847326940746,32.01722056350141,29.866263517783366,28.724044722592797,28.294717185687233,28.347458184192092,28.183711477684618,27.176062384440176,25.262863358306266,23.027208241353414,21.144866065821958,19.8860671296899,19.183190447915337,18.630914482089104,17.977911514646266,17.177878397372623,15.937975073293149,14.331107754186434,12.8379855545821,11.631315295821814,10.81213006815864,10.344368296376748,10.07198222583753,9.801039475960744,9.579006484558128,8.957631963251304,7.952673850987583,7.038357724234955,6.149786931147879,5.590596412395214,5.150680009027451,4.717943520490128,4.2695593644837535,3.7502157181248386,3.154626735489035,2.566429245292303,2.091783676982576,1.7483298669918859,1.5255118130234975,1.473230120458616,1.5051400981463352,1.4950809278450465,1.4683787092809828,1.4365608073850167,1.368644787611975,1.255529906867072,1.1376835446093743,1.0272734637744003,0.8377650241942376,0.6290670146190827,0.3222084357102433,-0.02447042024131233,-0.2946976668752251,-0.4435563947604023,-0.5097616585748075,-0.5554573956270707,-0.5966695877267565,-0.6528595583666617,-0.7455899871989127,-0.8643145655484015,-0.9342894848033125,-0.9674305401722584,-0.9361087542580022,-0.8329680242428666,-0.7129361698417008,-0.6178159882354327,-0.5570052233384983,-0.5323019508429578,-0.5328232049311843,-0.47719393283354555,-0.30200757957949387,-0.05405507121461423,0.11138564133405654,0.14934796495669114,0.09868788667516995,0.10194028635470567,0.19095683923621112,0.3345763445493426,0.5119488710172648,0.675489532250549,0.8573194948185623,1.0316424523704244,1.2017415311074358,1.3487118784723882,1.4305658318592387,1.4256085112331174,1.4028080920634027,1.4623383084777852,1.688086635645055,2.0357897538446434,2.4845043778432654,3.08011633025267,3.8170942316953242,4.572992451953888,5.19582066
7kg_10bpm,11AB,4.96829021,5.1453345740097,5.106020187939547,4.859946704339006,4.54140943664042,4.265427091929106,4.178165931175806,4.3992531367974745,4.808751452399586,5.210792539241152,5.445133275013881,5.519188657434736,5.480585220884134,5.405543656774134,5.257964950352426,4.987976678456327,4.483168642002129,3.698514701258932,2.6036464203138405,1.586370700776047,0.8090653800000001,0.2957511376748227,0.1012941461878619,0.1725440335578972,0.36307478645222685,0.5278108604431293,0.6630158756032217,0.7015998347096044,0.7439320242763304,0.8484741202455228,0.9772860494814196,1.0822821140912393,1.3228999335917362,1.6866630480544889,2.0595292751169505,2.3335477916406497,2.4828112839483594,2.55682470134919,2.632325008606971,2.773310746885246,2.9921877600000006,3.2825326153858243,3.667039332244149,4.187060024903835,4.908544352927679,5.876870804699168,7.053602000374037,8.384302649482128,9.805463846257812,11.187936558049676,12.785487130386297,14.567721040047974,16.55999501063499,18.667936832595515,20.50508970244616,21.84782502090377,22.760108177752723,23.777699484170345,25.315567880519048,27.545120845776133,30.13915364999999,32.352870385547135,32.9486192271059,32.09427334652532,30.981792332470462,30.246263904299354,29.90423104621109,30.65522199988954,31.701489753424642,33.2770599889138,35.4358110203051,37.152795529096586,36.94182703299899,35.37743114201293,33.52528262648154,32.41131443979144,32.27854173282711,32.74784981645361,33.38887813332751,34.16038252492755,34.89703603000001,35.517152235157205,35.86242661047036,35.82090740447935,35.71755803014167,35.80828581329923,35.963921459108334,35.88490187634048,35.55998898832092,35.15769933884558,34.97982590913438,35.006175444297455,35.002563866889496,34.772635698293236,34.231035836626525,33.654945195041094,33.33706688239296,33.26151152987829,33.25333139096295,33.416486898362116,33.77787518
7kg_10bpm,11BC,39.2332413,39.561923636356944,40.00014367160306,40.30707109698283,40.31127510061126,39.99163243788884,39.49954751856027,39.05011027981422,38.79757619891107,38.509618550741735,37.93820283992407,36.96865058238785,35.685614437253385,34.3255630603698,33.06669821862736,31.98518368294424,31.005145318914447,30.120937545765248,29.34279125698462,28.68965543228753,28.16557130996779,27.777520303302282,27.522706941461283,27.398162729394357,27.320401367807065,27.287868524727585,27.281339869410655,27.25822964423025,27.257315758607103,27.34231994721546,27.47215346133177,27.43946055536737,27.108749233919113,26.50802131190716,25.86422061554006,25.37511390912736,25.13090262950213,25.08614398246341,25.177626208239737,25.331879472600004,25.50870181421492,25.80546805741167,26.28374854340457,26.86153128482595,27.37939909387448,27.692782612946022,27.6859681171506,27.506473509494846,27.33525404399155,27.326861683874842,27.49281995703489,27.73723337595918,27.941682148636932,28.051463687151895,28.084314572663803,28.168432359491778,28.331281338401944,28.547689397380807,28.7521352827786,28.907858317661248,29.022013321828684,29.14694859374505,29.295966531547116,29.534912334669773,29.794807741232948,30.04619590743283,30.401307382833373,30.86677680878465,31.499785444720917,32.161477968245926,32.73783837030266,33.174997161601645,33.44707377817529,33.602619326519545,33.696924922521454,33.79969692323888,33.991145151284194,34.27975033033538,34.57634224150385,34.780190120926804,34.8706095069416,34.942967779762476,35.07420875687331,35.30089822988255,35.566259606183564,35.77389607111513,35.8964875404511,35.946817986969805,35.889119427841045,35.672372620073865,35.340042970877505,35.07064273172202,35.00442853595347,35.14956362629899,35.48771341341892,36.08830234039978,36.9805547693307,37.93450569547619,38.627288861389765,38.72523149991058,37.97892621
7kg_10bpm,11CA,36.31820523,37.764483979138824,39.148376902923786,39.242270105133244,38.592857609999996,37.771461286911965,36.865907151061634,35.81523104526899,34.42969473,32.76194652043025,30.98784350037222,29.32689745314266,27.924942690000005,26.787541997550306,25.87365728795735,25.104875284004823,24.436365070000004,23.833295687295355,22.998268932709323,21.95257194427456,20.915735570000002,19.934082948116068,18.90027578624255,18.12123420948431,17.61132085,17.14193778171989,16.73409110991727,16.21950231297212,15.57051411,14.86247342668901,14.209468696782043,13.5050957394888,12.683941300000003,11.749877129106695,10.675299502474184,9.477195688355922,8.475619059999998,7.539644175295871,6.738588002313449,6.163296970179993,5.679827140000002,5.24240339218358,4.77060534621243,4.222434760347142,3.6168976600000002,3.027173861266144,2.6601239040464497,2.4605428148634796,2.3790734600000003,2.365678095649672,2.372907644388674,2.3516989602341316,2.30050399,2.1804975524432932,2.0188760855671535,1.8735948163416072,1.7830760000000003,1.7251638066502781,1.5628648276864618,1.372445672248184,1.0860648700000002,0.8576093483381152,0.7492112491537416,0.7574818190649466,0.8459125700000001,0.9557941147649109,1.0153455709836683,1.0240667573001012,1.0276261,1.0479959460506785,1.0783948565353803,1.0910383632771723,1.0589401100000002,1.000574965036428,0.9717638774934619,1.0144002210082865,1.09919292,1.1062066741103413,1.015386719394503,0.9025770824421798,0.8748111000000001,1.0122720372196363,1.2570078370904045,1.5199751786146471,1.7489504300000003,1.9447224827660767,2.1292620634673134,2.3240483952700264,2.54244727,2.7884169720076266,3.0338409160187494,3.185189510007991,3.2135981100000004,3.108214834672861,3.081178279717756,3.206095659147808,3.5231003299999997,3.952669346554973,4.479119378882982,5.089484914598646,5.70555234
7kg_10bpm,12AB,5.25570818,5.299519248751164,5.1787417753749,4.911999608069887,4.533598659660863,4.154434403681329,3.913014392374619,3.958201750692931,4.311549545777662,4.807838164946882,5.239254863993189,5.444157940899848,5.441168998855247,5.30591904904693,5.143207248737452,5.004082153250328,4.794899436173439,4.261964688148047,3.6600459091433866,2.993705306659869,2.3586970463146493,1.7830319514455395,1.284955504735925,0.8518969246668989,0.42844777094455677,0.1920290435991699,0.1740583216084604,0.22316770760428017,0.3539900890906216,0.4937458559665389,0.551127801772718,0.5531678014591357,0.7334374928105495,0.964441809542784,1.2109575394168228,1.3926337151397599,1.4672194723704108,1.4163300849148686,1.2730799538161501,1.0998044928356172,0.9882747712395459,1.02090472851561,1.2288024194186622,1.6040307771659397,2.0767156383058203,2.5293690166831824,2.896546002586796,3.234663689817867,3.6972820071542873,4.455849909688058,5.557580790000001,6.947153009119009,8.396348076418116,9.792414223547901,11.18158449915629,12.679146868006098,14.33634533112505,16.126975324120778,17.935049562445943,19.688700989573146,21.266565170450832,22.699871291681617,24.058146400971257,25.405112525872934,26.743292208740673,27.79444690324405,28.090674619652525,27.6591482627013,26.981044671714887,26.886084485848464,27.120686513455908,28.154999290482202,30.26837635628675,32.100423785035225,33.030268061605796,34.204251033089264,34.88224569424528,34.3700802242299,33.59055177658515,32.24122337129424,31.228924401881688,31.611499010064236,31.794221581887495,31.747239984155254,31.543098149115234,31.16656291214684,30.85892027257473,30.638391063559737,30.524060047839644,30.488706340250033,30.668094087801173,30.914728508115395,30.813855244766394,30.178103518480125,29.094223789876363,28.172982820212457,27.910962319357708,28.286771788562163,28.869590979426732,29.26295930175284,29.30951012
7kg_10bpm,12BC,37.36649717,38.379675309390265,39.35415106785188,40.09865843093886,40.5401277907222,40.652256438041796,40.480364080492684,40.2186413340313,39.9707686202031,39.694873773536926,39.196776420111235,38.33251747044334,37.137807962687425,35.76241690757208,34.37938127310313,33.040006605795426,31.822812670980632,30.797817981786288,29.958984407946488,29.229459631655335,28.499325899540388,27.76523692378928,27.034184046549456,26.273737385512984,25.533467555368563,24.8408059636268,24.296840172444668,23.909869172543345,23.532659309660147,23.14784733363879,22.810799334889722,22.483646123511217,22.25586881459207,22.17792507081365,22.206634845727663,22.226435916033477,22.12071395581304,21.890894666994054,21.594124308434687,21.29746408930511,21.046584959906365,20.903854195337956,20.88032080843511,20.96039236486501,21.14550915822544,21.438579080521116,21.882274532002455,22.493553612925137,23.18935598700047,23.8438673003707,24.393749271451004,24.816105232792804,25.126884913396868,25.365473731300344,25.578270699900713,25.786582900569844,26.01172306317386,26.283574648714666,26.62957798877838,27.035221369417034,27.486187616273963,27.894379477487384,28.238227347651694,28.552467385062556,28.856387137825664,29.24205839175977,29.803486110809086,30.525549193907473,31.291998589707124,31.999426909975867,32.65130809677475,33.14683002465574,33.48814932666818,33.56437683347463,33.413189269320874,33.149260910830236,32.913293721312655,32.710305689116176,32.63284022208836,32.68819947481849,32.797343167481266,32.92445288171266,33.094342965939255,33.311456395375416,33.49921099941906,33.578348832314084,33.493042765914055,33.33993922830674,33.22689485811556,33.21361941804474,33.28775727290062,33.400735558722715,33.53262624730059,33.74723171891466,34.246429055054755,35.259032932503395,36.82854588865486,38.62748806190287,40.148568227351376,40.97868316865689,40.77990884
7kg_10bpm,12CA,38.7981276,39.919523975469104,40.624427417123044,39.01349734470489,36.808840378292984,34.85365797076817,33.12692737530699,31.59286506003651,29.91135952202765,28.21108585915068,26.651458319782517,25.24703225793521,24.161278399494773,23.32196551851741,22.50586345041558,21.601384485177892,20.564660210456406,19.476146661518047,18.342788719199902,17.24960721057085,16.306133506401245,15.567737719029008,15.046922864431103,14.615616984364348,14.203652778672504,13.509257149999996,12.25650551895849,10.855974580717017,9.722585410700347,8.901018972661666,8.3122004734312,8.062001292994934,7.93576548584042,7.68737329359227,7.298849295346037,6.843121784071317,6.240763412999465,6.022711949124829,5.89774221108611,5.908035791815744,5.6233630534182915,5.040634647956003,4.026585420524628,2.9856248647988073,2.139900622110114,1.531687542838393,1.0726171800552766,0.6818200774194939,0.3915493767140994,0.2179195340402621,0.22027902000000002,0.30665666411595266,0.5055428697304805,0.5709315252236415,0.5482518593509381,0.43251724178088463,0.3024598647842994,0.1214686456679618,-0.07214370834236794,-0.2711055507850328,-0.5242303872355027,-0.8048886124245899,-1.0602698053524218,-1.2437354910735923,-1.3038001004818291,-1.226327401541636,-1.0559233958662122,-0.8734411522703602,-0.7539002863226374,-0.7306519918039553,-0.7871435319506445,-0.8298885195832685,-0.8422451713285998,-0.822757067462285,-0.8185544131538388,-0.7677436900000001,-0.7435493756162437,-0.7710661794666968,-0.7716776136408637,-0.6672738328308265,-0.4490783699317732,-0.1904320171447521,0.018898321291853554,0.17700885675411027,0.35627804363676696,0.5615383653030207,0.7443647854953279,0.872515026544114,0.9451627757903012,0.9993669633023188,1.1511125463384304,1.424013375251505,1.7885221985126871,2.074355244798312,2.332191855098571,2.667296545267101,3.1684960522051213,3.83459789556591,4.468080751380728,5.238601317252628,5.99858508
7kg_10bpm,13AB,6.10221885,6.57018641612016,6.5097966502321265,6.215813069537935,5.846656292788185,5.515653075222137,5.375610231936141,5.523928590312112,5.892267537396526,6.295403295599929,6.5349664,6.582424146280857,6.607824202491976,6.631086267368881,6.681751755002028,6.703396121686241,6.582759656830986,6.249708225094322,5.803877651204946,5.369059884156619,4.917563050000001,4.361558755852915,3.6962109584342695,2.991614955509389,2.166479779740055,1.4506351605062338,0.9364809945261555,0.6498893105158855,0.6326332237314437,0.9586337783632192,1.3433643400000002,1.5349050510223952,1.5066156945164504,1.3078740499062642,1.0725175150573716,0.8877826873127891,0.7774962861540694,0.7333222267009527,0.7797445568501549,0.9461839858813575,1.2162000600000002,1.5436334164972632,1.8520497501642164,2.0512320519476113,2.093934189042139,1.987453921801825,1.8569459940067805,1.8428030143814482,2.062871444649882,2.5438292687810447,3.38853005,4.54253830123778,5.818621863030193,7.363264892152043,8.997587457087782,10.651852409570882,12.246913541483982,13.865424911027388,15.661592413482945,17.664779693341448,19.84199784,22.20633334238602,24.801559157989058,27.5655309737435,30.26987941439562,31.779637453702613,30.810739260720258,30.465064402847247,30.94046424732938,30.786271459546896,30.487625040000005,31.414926437096792,32.97903368516688,34.775539138575596,36.45847028411954,37.494829387139504,36.478032381349024,34.43757105000332,32.60568796081834,31.81348368876951,32.68355538,33.77848819158542,34.55055637677859,34.99879995888069,35.0795869475831,34.841678228401136,34.39289344482403,34.31926494853681,35.17334036828067,36.8903876888906,37.8747388,37.12881660034676,35.84010694787629,34.727218556352526,33.77750560642411,34.059557253536425,35.156080331593486,36.531426796240396,37.804246342091346,38.6886517692696,38.9464916
7kg_10bpm,13BC,37.15437959,36.96359623753436,37.19669381342228,37.737689060797884,38.33361466526876,38.80625155080646,39.1340132980397,39.24543135405735,39.20723562285183,39.09556141378265,38.75743460000001,38.09473880688621,37.11737007858923,35.93853314370752,34.79272851177852,33.74366102658163,32.812230961614105,31.928531338139226,31.03137872782279,30.1251928379227,29.28265027,28.47443563902786,27.7688518429778,27.1945778732384,26.644687143969826,26.169464037211416,25.768436196811006,25.43810573875725,25.13073655539965,24.79997596525964,24.48639222,24.247003637863124,24.13620453786809,24.225711569752246,24.410702054648663,24.58773717139824,24.65000734054416,24.458438552021992,24.070157487604163,23.664483141674786,23.378166380000007,23.23187563197122,23.17376974309172,23.193007259922116,23.30722304852231,23.50166439634886,23.735752997179752,23.9401556582532,24.03233325106598,23.959766107647432,23.779666970000008,23.666260018068336,23.751310455863447,24.067066847220264,24.569233949985982,25.26153296848292,26.042193664441445,26.843155716197096,27.565571234803926,28.20422773858014,28.720669510000004,29.132904799655986,29.435409954629186,29.66051277476932,29.83305821227303,30.00952474189326,30.180213565834443,30.32543838986129,30.43727077433963,30.52522276160969,30.62928633,30.744903003520047,30.944728899667286,31.169076549294026,31.401363066372024,31.65569839256545,31.918080202093336,32.156620530765316,32.344736582551114,32.495784020387305,32.64370868,32.717246431930285,32.79891638473406,32.84233630659229,32.92044559287086,32.987742967950105,33.18061817145933,33.367359483812976,33.447136527985066,33.398271434591464,33.35777014,33.47556957077359,33.747329814811714,34.156293373111644,34.6918966056166,35.472308708678455,36.375537340922115,37.21987119823595,37.93721628953999,38.32645887655333,38.30634113
7kg_10bpm,13CA,36.0514575,37.385317883356464,39.25004709526966,40.29982200396015,39.63473491562066,37.77327744110096,35.51649437708529,33.21996442157206,31.281129625889108,29.924286088578803,28.947968690000007,28.05378845623337,27.139780228647158,26.275915062328806,25.576440806527156,24.97511203778426,24.28375611373667,23.358587583186694,22.222992336712586,21.030746495730995,19.714430440000005,18.461414101122596,16.72530323062443,14.735091565379001,12.788569576742841,11.12280071514337,9.849409423283845,8.94369972241927,8.273919558857946,7.735071959796414,7.1630461300000015,6.478237668962922,5.901481321929616,5.222459773207334,4.57450868865221,4.153057119048122,3.7641312340166357,3.31849164913566,2.854559807179411,2.4402934650957113,2.09705165,1.7592534484367204,1.4200791294274795,1.0967822026366334,0.8630277020181188,0.8908184390610552,0.8718394098446808,0.7993480001572741,0.7569200741393849,0.79054291262379,0.8722995500000001,0.9141692246941208,0.7753474851142484,0.5105659839109296,0.2931548212927173,0.1475632366390807,0.05091586861889997,-0.03844992311822561,-0.13602296039971093,-0.23620136876192319,-0.30250595,-0.3413012303937361,-0.36062042022660934,-0.32810845636295555,-0.257349209088657,-0.18849346111049178,-0.1906272145306374,-0.31645540319276055,-0.5648403288156382,-0.8335302005511094,-0.99824324,-1.027825992187652,-0.9155525809514864,-0.5825441167920377,-0.13555064482799872,0.15326353054502834,0.29685685907601544,0.31392694072934685,0.2619350733643107,0.2810479706981579,0.4403585,0.6695737744471311,0.9019870253668794,1.110510878862366,1.3327929858897067,1.5473138099310197,1.7281507883291503,1.833715460872457,1.82149060914871,1.7572826668760109,1.7431173,1.8942053951175553,2.1882806720255226,2.4648792585082075,2.586336475877162,2.7056214572767456,2.9075193661052086,3.1583493243316942,3.3632747802828056,3.568400912575303,3.90165657
7kg_10bpm,1AB,5.42505332,6.379913197841555,7.722016431143457,8.907206826874054,9.297062416500411,8.914556482268878,8.84196796970906,9.01932208291944,8.716263417020505,8.279079638378883,8.190596441459673,8.62269730003043,8.771692848296713,8.990756235721568,9.58133752514058,10.42244569483314,11.471536392620008,11.973838474219322,11.492713888461768,9.846649347503355,9.826752126828666,9.66307726367721,8.60242018326211,7.306889465450695,7.196530857033108,7.367853271559361,7.294678444816498,6.630651815180255,5.966637983580604,6.154427568941451,4.103017877994998,2.1894796745985996,0.22746727386955934,-1.3978245018057673,-2.1320038045938015,-2.3182097927705225,-2.1432031536635456,-1.7012233565917698,-1.091971277083849,-0.3760192867822308,0.5141235415859517,1.6314886044876549,3.0145618858210574,3.5623336926645015,3.8675314848005793,3.2377289587207327,2.4297091088501706,2.2631454283414736,1.7711062161369526,1.5830078516615171,1.6371509400000002,2.335540824371101,2.981292224177473,2.6683350772836008,2.236885063325507,1.9584692823637546,1.6643654911763632,1.9754473755510835,3.334197310762591,4.435379130697318,4.485951521149612,4.513752500937568,4.45201303235452,4.365362783808331,4.566674163154957,5.496019485626504,6.319865015900783,7.0369355699776035,7.41514092407082,7.927955144125624,8.39339685708082,8.876322097424822,8.852198678810357,8.973211980904276,9.3263257044008,9.680102606697574,9.559685828887908,9.356962622236892,9.305010402516217,9.381056785775904,9.34518903375293,9.045035591226894,8.418661419155631,7.664188141932364,6.865400142460072,6.587426110227085,7.078168711085849,8.220912305900818,9.34311019356345,9.764178005912253,9.16733714049985,8.262033515299773,8.376326325595619,9.054660949235272,9.286413173628546,9.051614596433573,8.574252973219012,9.129381278505427,10.757642575169653,14.076727769282368,13.61846117
7kg_10bpm,1BC,36.24557661,36.756681632324955,37.30519515838233,37.77834623490881,38.09487240401043,38.22471122,38.24774982450006,38.23470861409002,38.32403629203362,38.39284675446714,38.273669,37.75605437930395,36.79559761621806,35.505833589309844,33.95311430632043,32.25654840000001,30.615366928225686,29.204979753131603,27.989038370729492,26.945515518386635,26.010229350000003,25.256304052856994,24.69809500156099,24.25761052522499,23.915718197782248,23.668691130000003,23.498218045530283,23.394653713903242,23.321605193766064,23.24853542714125,23.143311230000002,23.069944748840793,23.029389045125196,23.065355432090193,23.203528536781537,23.473976620000002,23.823327914245873,24.16290662765739,24.3853104949069,24.504913756021548,24.537861169999996,24.54990251547174,24.572656134625515,24.602011349717515,24.62246581445104,24.64684861,24.76226046059625,24.996372239324597,25.297693949427188,25.62728025436435,25.880701440000003,26.062666384737046,26.180031416477647,26.260786815153406,26.34831842289209,26.4868374,26.65086335633618,26.896262458061727,27.13910621762121,27.352034370389955,27.468051110000005,27.496781597719323,27.49351625516901,27.45569534452383,27.410452978122837,27.396768040000005,27.455356490935316,27.619259623275457,27.888203174479308,28.22117373490213,28.59430848,28.992158115138928,29.396469071054113,29.767685806207616,30.040504482413176,30.165897640000004,30.186196003363722,30.14083861886091,30.054859874163803,30.01825032429559,30.07512518,30.21555167361275,30.388952156027006,30.560426507569755,30.740819101436205,30.968877220000003,31.27236127439644,31.720027640553447,32.33783776140919,33.04045156211473,33.56905217,33.776513643129825,33.70090831623885,33.687869706635865,34.01859508434676,34.539547750000004,34.94154006220303,34.97158710823342,34.69035885176086,34.40636913114685,34.42394016
7kg_10bpm,1CA,36.31554413,37.214839188512556,38.14829220118129,36.93114943497614,34.61064665692842,32.01760139291172,29.54005396417131,27.778847633177527,26.39184923369845,25.2713032581158,24.277614781255146,23.401670189681216,22.57872266574425,21.692221590198685,20.559399119543414,19.386095194831274,18.34726702751057,17.58318660768682,17.12269447680539,17.085722738696507,17.306359477081944,17.39687238052893,16.789187975362843,15.779378872514261,14.561241044500973,13.57488634345501,12.630571737541528,11.650761343618475,10.771930712965377,9.934270274771604,9.061634179824798,8.17036028126973,7.320277145645542,6.786314615178136,6.459311679396909,6.100420389025553,5.722245458955441,5.216804905146128,4.716682764200327,4.063253142403955,3.3012630214422742,2.5430737874035825,1.8789435578524283,1.3585438899251743,1.0124001551246509,0.8530231416506902,0.8486951489499398,0.9457215532611283,1.102921632013812,1.2502470435492918,1.3100585095513761,1.2291238761579735,1.0281665883736066,0.6151824259471387,0.30163102632093264,0.07473326185397361,-0.10900231427670447,-0.251357118021097,-0.3578564753424333,-0.42677204629934107,-0.46118326324824255,-0.4760187399998411,-0.46338554452062275,-0.3928041807210634,-0.2310789305051243,0.01706143906661424,0.2948782943763459,0.528203728191509,0.6609968642863969,0.6739272548908026,0.5837762499144388,0.4376042605221651,0.2987110135229438,0.22943586703823965,0.22671808400529,0.2548216668771106,0.2821831885955375,0.3238370080375611,0.38675786720770977,0.4832097956402779,0.6086098480767699,0.8016345602578786,1.1546730529743712,1.6744545570637897,2.158476971172854,2.7079030380540208,3.162344956752012,3.4204813662983926,3.5850788555173194,3.7886062919667203,4.074112159635931,4.420583851726296,4.772449200011296,5.075303046611692,5.34516618974393,5.628314922321019,5.936082614084234,6.310391673985489,6.721794106886211,7.122030661831227,7.42964882
7kg_10bpm,2AB,4.85232201,4.793523377129408,4.840098189007532,4.87223022955249,4.817267737791865,4.61503796261566,4.460735352305669,4.4009949149334995,4.4637675094912534,4.57570385704955,4.664152981129713,4.702091340009995,4.6075661946713025,4.468217043804586,4.420617565679942,4.275800076423613,4.0776511703621425,3.9171727736078874,3.7602114795114536,3.593469933755381,3.3094175101609977,2.924420944348308,2.490480944970838,2.0185090402731825,1.5537445941698975,1.1053435685724626,0.7247807786306,0.4804736961633368,0.4345608973848771,0.5453610066027589,0.7008397586094562,0.8500094135247386,0.7733769564241646,0.6317432411024836,0.7366701908655527,0.7733576897207627,0.7528561350432325,0.7363138187887784,0.7566254337856556,0.8148061587854953,0.911234749857105,1.0452731806406483,1.2054392897434802,1.4226945927334023,1.7548204487047585,2.2175481137385984,2.848535151992615,3.66498594952289,4.623846946664434,5.647525252933657,6.6875760101224735,7.8438742771453,9.122823551796206,10.590416410136262,12.120565182786379,13.63276141611325,15.083807616335202,16.44488402210736,17.833216680634518,19.270231908194486,20.76893874959352,22.28711366434842,23.761999638421837,25.102802371131528,26.233854819190093,27.11540337143017,27.88271781986367,28.59291548336657,29.323859560645033,30.093887419554363,30.891988277535233,31.65001988574899,32.40319401239927,33.100967843051755,33.72428298260736,34.252848295203385,34.61737662002163,34.77384925086374,34.62617560568992,34.25010294350329,33.71997191014469,33.147823434954574,32.703648445447996,32.59222219617188,32.83854373081197,33.255731762250534,33.61215400361356,33.863919050707,34.20820520827286,34.671321661694776,35.122256492496106,35.523021331723015,35.9575006457196,36.43330119853392,36.868817633417365,37.483130595166,38.112173038122876,38.44239860353201,38.46544501441371,38.18303075016888,38.05928714
7kg_10bpm,2BC,33.97812773,34.424349095643414,35.3993798157813,36.80647660532042,38.3655764278698,39.61298078521588,40.46848739514687,40.928622228642524,41.04992814757585,40.92411120467658,40.52810293201457,39.77631240251962,38.66752101666071,37.23948881023977,35.569715588587435,33.79716464042602,32.0447553647029,30.406407064061078,28.973256984366355,27.783230777666667,26.87347297,26.30143394672746,26.015923487892053,25.827988535484838,25.69405467532962,25.472291070309943,25.137748030197155,24.641991673964796,24.132151542694647,23.669737411966853,23.200491887385937,22.786543744513857,22.475284704742442,22.291391157293948,22.230861689681312,22.210059896233137,22.143756829151027,21.992285019265722,21.761618417500625,21.466867555633076,21.129401810000005,20.79096673388077,20.475213009523742,20.21779636963617,20.081922932173466,20.08890286943689,20.24582431286259,20.557979288179627,20.999622829269594,21.50630617965167,22.034222099472213,22.527448866634963,23.004362034597605,23.562285927678953,24.232213997449744,24.967864462815776,25.663058917457718,26.211590383545733,26.5248937377426,26.684290003618862,26.759956610000003,26.857063443583378,27.054524079389857,27.479907551350102,28.116843923779886,28.922349447235995,29.855541112406314,30.747043047057176,31.446978829820413,31.952299729235854,32.258832562645175,32.42171484208791,32.49140636984862,32.50267282076625,32.48996236066131,32.51514577987366,32.65674697654549,32.953680473940395,33.38542802502847,33.87298623854511,34.31314299000001,34.628594487066486,34.77954265067956,34.834514570011144,34.87254952863508,34.97226343435001,35.11260033625834,35.07658095421889,34.73701424164288,34.14718180806746,33.345093262609026,32.673705624247425,32.30748900330285,32.27545042496895,32.29796026146614,32.31744896437564,32.484504073472756,32.922799544044985,33.79074209601337,35.16657942720075,36.90262859
7kg_10bpm,3AB,5.29851702,5.918598741215906,6.270473594466777,6.41022711465681,6.375853016897658,6.229009773185422,6.059401702714159,6.040154750546929,6.19870627839057,6.427615752671775,6.646156286966291,6.772511775400554,6.819411895131737,6.843430183808845,6.8482447654339795,6.853542514463887,6.795356905378164,6.554463292969138,6.11058778090823,5.588680763094026,5.01471824582234,4.387991224004433,3.7194471130320506,3.0102571650668453,2.2735807333962494,1.5447177109446644,0.9529003669000352,0.46727881033177154,0.1164714923390478,-0.02999977951935442,-0.018267412502573334,0.10049072267716586,0.23195284683462586,0.4273565502539264,0.630093789924947,0.7495110985776703,0.7770575175981116,0.7577688268226433,0.740751677583738,0.7610750554502795,0.8768504720538876,1.0956642049573615,1.3577340660418644,1.588916491249407,1.75174144472132,1.874793325075353,2.0348184446002975,2.3154607275137145,2.8177563633066525,3.6174516206403657,4.727159670000001,6.070189273961619,7.380982697508073,8.70430012651074,9.866491033111906,10.962661704930337,12.072442480284751,13.17636263689475,14.287985135937223,15.382314254670069,16.416880539523476,17.400115611569703,18.379778576332992,19.43478934314129,20.664689427802216,22.15700904485427,23.87219606491343,25.592142226072244,26.991372107515883,27.93721497487127,28.618967200413206,29.387642281614298,30.210305915761268,31.16333546155428,32.1858177369661,33.18910910564884,34.198176148613136,35.146698629929155,36.08126811772068,36.89808362295343,37.45979499028802,37.69132142532432,37.7225639787781,37.61969593079599,37.46585985151615,37.328736875814364,37.16960068024124,37.08130161313944,37.21456475210325,37.46140961521109,37.663576524211365,37.58593155296024,37.41663213812308,37.15715984892404,36.84263927063979,36.59627591604963,36.46092479272335,36.186522921966834,36.08462413633791,36.259596392415396,36.6145198
7kg_10bpm,3BC,36.40550488,36.76988608580419,37.347112215214075,38.03377552605886,38.57742079037492,38.828777040555586,38.7946337688102,38.60016073477679,38.31887927189468,37.97635230659387,37.507561155345435,36.755891435478,35.717584202483735,34.3513061323997,32.75667917535985,31.113504699118003,29.55365328871487,28.17539696079468,26.977930392361387,26.01144924456726,25.2809051886892,24.701194826260178,24.228599534929046,23.726575649387733,23.18603572996384,22.60645311887669,22.003623321307828,21.494846173790787,21.098026679920878,20.783958567821948,20.63878796627503,20.60135490301287,20.597546903545712,20.647078740922876,20.61914453478465,20.504972662740283,20.332826699666263,20.162707016422523,20.038604311008992,19.99105037334867,19.991748125940862,20.09407373737768,20.20653165459904,20.344366553396213,20.497231603659074,20.692883090344598,20.97209364581361,21.38151686665476,21.832400064771875,22.269707873283057,22.668595667559998,23.059663486617914,23.49495440407642,24.00480277364573,24.574449779025127,25.19309649654889,25.84301846031083,26.47359938849972,27.072067149542537,27.589135103362487,28.08140637215662,28.53380745294708,28.96938456408563,29.391925218574755,29.774075604484867,30.07520581760049,30.24171027323207,30.33770725657478,30.43546007576086,30.6014690105048,30.86265666807413,31.215214594851947,31.634928922855565,32.050288617081506,32.39869172699861,32.62934567882316,32.73539972636376,32.72375590052442,32.68416754118115,32.6640462627467,32.82503165254596,33.082264436588055,33.35103449776576,33.57689485798391,33.68893419629715,33.74215796505142,33.89206594837535,34.25147385022046,34.81804371399279,35.402904283561675,35.70572128993047,35.605932271926925,35.39824881477162,35.41971533317943,35.86073242702741,36.87760866407475,38.27437784189917,39.73023425897005,40.75834333793055,41.127051086285746,41.05915448
7kg_10bpm,3CA,39.68635334,40.66411347776655,39.38002321135568,37.250476311476426,35.34822780821258,33.70100607617965,32.3923460576067,31.33495784898885,30.508938472350536,29.756357685085984,29.10705614982397,28.48657987184277,27.755526775622354,26.95326503822721,26.075233135249594,25.16915592409573,24.30701133131915,23.55516654354909,22.921920153472794,22.35285009999758,21.81822379464401,21.303334426922973,20.678554281045198,19.902925060064412,19.088265854463824,17.86184357230928,16.297366310660866,14.597720412651544,13.026092641817748,11.600715979804376,10.416273298057876,9.469144128883043,8.708838054368986,8.060461469171697,7.44789681025512,7.2073392789906565,6.885480490262205,6.388657435264095,5.716182013167041,4.931565048785553,4.2103594271359635,3.6091132414796117,3.086891385282055,2.5937318342529867,2.1038861523525236,1.6332317735360684,1.2107773981962606,0.8963281408644558,0.7079218564450882,0.6377046023659615,0.6702981500000001,0.7535501540831944,0.8544590974168633,0.9387341505888634,1.0018129186284803,1.052197627281798,1.0914481017661968,1.1079942202316568,1.0850414527760188,0.975430954092658,0.8073370019052053,0.5924265880842201,0.3969200917827571,0.19457080186463557,-0.015549894259716087,-0.20720714941440066,-0.3259270535770366,-0.38333799093776194,-0.3865100700153857,-0.34904505560769183,-0.29048043689882197,-0.23251130633282005,-0.1985024490421139,-0.19788904990284525,-0.2505200731119086,-0.3192757897253268,-0.3729337248336794,-0.36229279183895874,-0.23084610100583197,-0.031688131861858544,0.1771278899909295,0.354044509327334,0.5314125704126023,0.7214569893660348,1.0004366388258699,1.3439067133973275,1.6928914603264262,1.9924345658485076,2.264530204303102,2.521094322910801,2.8393995803352783,3.2660967202908107,3.7561828079077024,4.180774534585515,4.5933144859441954,4.954471344513603,5.2837196100511035,5.6048131578256974,5.919170939405955,6.230130448483526,6.52590696
7kg_10bpm,4AB,6.78608351,7.2386468054836595,7.483527906541303,7.645183946692215,7.687108131616827,7.558669717086689,7.288850718354875,7.044155197454434,6.860977630490466,6.815550597953317,6.861617336284601,6.916206017503315,6.881569842107203,6.8321519856340975,6.675253121985587,6.38974681492911,6.024165965671764,5.598658954459388,5.244893550133745,4.956912701044712,4.611052715881845,4.1213681445767705,3.4554775398623865,2.649201458427219,1.7725432526988354,0.9223312121293925,0.1811355225800044,-0.36355571450607105,-0.6242366092731778,-0.6836770812222366,-0.8818965053949422,-1.1157098000655383,-1.2864502470004628,-1.3047216173693907,-1.2372041769222473,-1.0950291876679619,-0.8402401499433204,-0.5417046190749535,-0.32360427867108343,-0.15240413820318607,0.008985077619114844,0.14363886145023735,0.21253101685894718,0.2132582202871479,0.09877729961275197,-0.08185237723691703,-0.23156829304095272,-0.2961818478943461,-0.19637134126197403,0.08972967929061446,0.5083709992805224,1.0708421976176092,1.7687102943165727,2.64613482750395,3.668518669271187,4.8844578330357615,6.391148693591598,8.15775551021681,10.07521235342835,12.139889806911643,14.280487488172648,16.290129763188073,18.15728352330805,19.795577208435905,21.21293395989878,22.522348697869592,23.76848220713652,25.197559751472667,26.82584852136793,28.57462183019269,30.242370121125184,31.520497108932748,32.29478157856475,32.636693958240755,32.80229674332631,33.081447707974625,33.50707207294714,34.100520858094775,34.72674714580265,35.28293061639986,35.70992955978771,35.96519873634536,36.03226137102495,35.92186761300186,35.6048222807909,35.03474009397854,34.46944092698831,34.215720389656916,34.400077762830996,34.75019576006797,35.361545368735804,36.54571880332576,37.350144386059554,37.59794372703088,37.543523409667046,37.49977012037301,37.58553321243274,37.81963350879675,38.09627900241016,38.11963838498743,37.72423978
7kg_10bpm,4BC,37.61590736,37.72257598384387,37.96601634870727,38.39903957990557,38.92230488294446,39.53438524917128,40.20662779024136,40.88870843759497,41.443094571841996,41.69508353786478,41.521624586667606,40.84775732888575,39.641922191260434,38.05695292956197,36.26319995742921,34.50532197444622,32.83069608085493,31.335870652132076,29.989167034573757,28.837051180168178,27.922843470133934,27.131330471661997,26.482688535412223,25.932214336448908,25.467716648926878,25.061743946193285,24.64833233683571,24.24004964049024,23.815539438719703,23.640717741561424,23.589338971010477,23.540640472553697,23.532568982602488,23.39418384074693,23.15430732416587,22.81082874009862,22.37870006360742,21.885643857666782,21.368140081914373,20.890783684220388,20.518621213675473,20.28394181750616,20.149113859315573,20.0256501989258,19.936926693783803,19.866115767391044,19.783692360543288,19.685924810155296,19.557126799689794,19.425817633111006,19.310165106958564,19.262348504005388,19.43852299059845,19.782920694044535,20.336973901861537,21.029822642199626,21.780693743032565,22.531502864784787,23.236181054796752,23.96747981433116,24.735004360783662,25.57314426569428,26.50220683456238,27.5005084554112,28.507431275924333,29.388270483492104,30.0484004002934,30.4249158827689,30.491807820411015,30.396894743686612,30.261615170802017,30.23977086303084,30.378228324444606,30.642342148003372,30.957307920348544,31.290171136054276,31.584974917480857,31.844140361776255,32.057913031232374,32.26581587088857,32.45955556194069,32.687347160895165,32.98168274010579,33.370551124952726,33.81904742950699,34.199182604517674,34.34942106112207,34.16890035786888,33.73987920777271,33.303546538618164,33.04851559244557,33.08681007355575,33.384256343782575,33.76277067894726,34.18813100327324,34.69526033736481,35.55145510313805,36.669083869049565,37.898734233366945,39.02875824018771,39.93701947
7kg_10bpm,5AB,4.92675619,5.466591171690814,5.711321752168668,5.643979216626888,5.380738908759182,5.068006340000001,4.830458525601289,4.788528138526183,5.042464977041855,5.356096914075291,5.55733154,5.6479152940788255,5.6671333375504,5.6221978582685574,5.537105963109728,5.363983330000001,5.195988254969798,5.0193669413745345,4.811674853475487,4.60621484027804,4.3958004,4.014775973455663,3.4094115154611506,2.711772699864418,1.991207132522082,1.3253678700000002,0.7672837096898745,0.3164682261749742,-0.014145200555805894,-0.1829849015879518,-0.24738245000000003,-0.3826363773483842,-0.6049403018125236,-0.5896439427992061,-0.492283535486356,-0.31476166,-0.08908442117076468,0.12970875699796494,0.29486709955310514,0.420899297330107,0.5505454700000001,0.6981876071829219,0.82987771305219,0.8967726178620099,0.9233354321557312,0.9442630000000001,0.9653886722584135,1.026706061362786,1.1551144208536916,1.3836202132110869,1.7414973,2.2560068947338445,2.9356384745868573,3.7531037141612926,4.6583181390494035,5.690289870000001,6.819590514702782,8.072728143909778,9.432968325939822,10.85911529846823,12.33935341,13.852235033734988,15.297060912291203,16.739328623127633,18.20093065683145,19.71596591,21.22676247921725,22.757619268120322,24.244769150060165,25.643207990765205,26.904920170000004,28.006781455814885,28.938655159433612,29.742551398809706,30.49373602563721,31.24300137,31.990692350814673,32.74501746397201,33.54092664357877,34.40872420475009,35.35538472,36.30492630145225,37.22876117929124,38.0897369731864,38.81740114499017,39.263470180000006,39.329880701798025,39.071917405689334,38.724665046551266,38.49054798655156,38.27941903,37.90626496351962,37.28293679482483,36.688720913549695,36.24840848325893,35.71955869,34.653782148590814,33.54760073607752,33.05603533049424,33.48462479743428,34.69448293
7kg_10bpm,5BC,36.42561352,36.451863853224076,36.71867519047639,37.14939939919239,37.567307236588384,37.94528060856209,38.33397505701994,38.67014784719761,38.981619241143896,39.14879731596804,39.09904963109281,38.763043575431745,38.09424774021389,37.065943641899175,35.76402829557175,34.330570094492174,32.943330457606585,31.662128865064275,30.596413940048365,29.715584863384052,28.97097143933304,28.300264327907023,27.6548335166823,27.011963472410518,26.379146517025983,25.884676182456463,25.50559961481256,25.253002970474935,25.092870337426422,24.99101708069602,24.868169414086232,24.886363580693768,24.86554931109113,24.844755757909397,24.79042647220047,24.661976811013197,24.38003589319608,24.00686868292787,23.53205757337712,22.97003140173285,22.370816961775457,21.791251882697278,21.31322002414577,21.048578414544444,20.96109016865561,21.04612080528552,21.258609636959456,21.645131267223153,22.14636257361194,22.697226036217884,23.248529106274123,23.753829582798176,24.191643893094096,24.56490321262954,24.887889601680914,25.1595266312498,25.370752315827342,25.50706341726331,25.56938868029413,25.60311066695889,25.69186741522195,25.886428753021484,26.191891039404723,26.59840777800724,27.095462898980884,27.67769187289143,28.25099337409237,28.755755763492076,29.099160390295545,29.29525923391865,29.368796325927775,29.412622044674702,29.412736611324245,29.427607626597293,29.49694698526596,29.67616346064414,30.04159375788154,30.63216423129479,31.462455156098923,32.42116816800713,33.41445716834202,34.325863189078206,35.11993994448899,35.926537959988444,36.83152270426754,37.82926675428083,38.87047792067825,39.78295966822897,40.48506960843946,40.97490605690025,41.40262562995052,41.93035514264748,42.74241558375902,43.761019400384185,44.149637225607336,43.25852357987648,42.51017550710905,42.256277224347016,42.435359206183506,42.73535821104612,42.08655175
7kg_10bpm,5CA,37.59872211,38.64776920052718,40.43967929354088,41.111085103172165,39.420902864669564,37.41959174892273,35.178109351667075,32.95479087646878,31.337872044181818,30.120046038560144,29.15438757203676,28.312111275366835,27.5154798655848,26.659653313583014,25.903776035520828,25.08575638023305,24.201641315017348,23.230257100650956,22.17252200391633,20.909354972876077,19.544939649440913,18.327809309673455,16.78125102418669,15.069121391620666,13.506037081111648,12.207626974069646,11.16620247883704,10.392057747619745,9.866126961086431,9.487123972324534,9.104315914346914,8.60764954499311,8.248547095552052,7.683624407627287,6.885433214677197,6.075111994015965,5.289067467162586,4.555319135756833,3.8771880685256286,3.2677600083109533,2.779864905125703,2.4587877620663443,2.28256991142127,2.2042489915862835,2.083358011384402,1.92446181099533,1.7484154136311578,1.6079577971917236,1.559238860616908,1.6024489005014313,1.69318628,1.7610649422355442,1.7420065610934228,1.613047863353345,1.4007858818016503,1.1156170566370152,0.8650568598688376,0.6268532522384869,0.42894887383224245,0.2311007853997793,0.03299903551944311,-0.12551149676546353,-0.18799577813238963,-0.1563054979982992,-0.1433511036129894,-0.19420001213587942,-0.3415663858892823,-0.5647655548836353,-0.8137862293125794,-1.034296246623777,-1.162593186451961,-1.1572858988337036,-1.0163377933239368,-0.7792947720992949,-0.5746049897422298,-0.4839051987861403,-0.5112872843974349,-0.5941385090165329,-0.6595102185717306,-0.6361340996835052,-0.47257752200537273,-0.1601041417112913,0.10369137238415205,0.24987265775286732,0.3993616431945199,0.5947563511219253,0.810208157080224,0.9756009114023787,1.0979501487921812,1.2092164861710528,1.3684934525841084,1.6179022046786806,2.0290892066864314,2.530436787648698,3.023649851940963,3.514448464203721,4.025228564805792,4.6292719588276,5.340840589206988,6.066180771877018,6.64488738
7kg_10bpm,6AB,6.67337201,6.991457680531655,7.297881228405888,7.513782840932017,7.48564102424497,7.157249064542245,6.706109534416922,6.339615583533563,6.163569502430229,6.165809689030543,6.265154162726679,6.293765638725561,6.2514303207846025,6.107186541797817,5.939166822051685,5.803998147195914,5.602989017947723,5.470154232384864,5.25118497890228,4.823777944703765,4.248778673288717,3.6532039661185087,3.0122864503325437,2.312304457486648,1.5684883595275283,0.843577088062224,0.23047225443788635,-0.17746957488665338,-0.4050623090700108,-0.5404937475021875,-0.4727369495212373,-0.15694684969347178,0.10618146401551738,0.36270740569522686,0.6281314364988682,0.834604365000025,0.9467473311112162,0.971718666567331,0.9551583409026183,0.9545764781928224,1.0389492568214702,1.2745728414220825,1.6041379257153885,1.9182235675549382,2.1416092561317366,2.307316890330701,2.4536243348878006,2.647809209175872,3.0027207940130642,3.5986629055303876,4.45797883,5.562759960295239,6.805173998533533,8.238174525500376,9.650918391870563,11.239930808364385,12.80131401254934,14.358535266142761,15.699789594792644,16.889714437566788,17.797195954993338,18.58867796630957,19.34008872938916,20.18213256639934,21.314626685615828,22.798338501454847,24.546904293163465,26.376565658208374,28.098666431473013,29.523065493151236,30.606332905355544,31.269136090866116,31.64039819591225,31.931387306378983,32.43667287932381,33.08849460060745,33.82872591320997,34.55763168722862,35.28126823601986,35.91242474603317,36.55412560118127,37.33917137250611,38.17577213378395,38.870633478397,39.47320327808999,39.95556028783318,39.92149311678946,39.36277527176229,38.67595575168338,38.30259221063675,38.29083063273912,38.34792246494255,38.12933451754099,37.46037470168679,36.81995492239374,36.30672226160327,36.091510675894135,36.31344102648017,36.80965332869158,37.51898803182474,38.19724741
7kg_10bpm,6BC,36.93511437,37.67894201089497,38.61920258303496,39.51550387472841,40.090336552178336,40.234168858949474,39.99199184179265,39.64040534519177,39.37715615186816,39.17656828427112,38.82342091542492,38.12740297040691,37.0590166563229,35.8154323434,34.523365466036154,33.36804163337769,32.37596649158266,31.557596963257083,30.81226098857182,30.121244923074247,29.359199329076237,28.61066754559031,27.839160335622864,27.1533660602699,26.65323012712868,26.329900030000005,26.186989220960633,26.048965237347804,25.87058644232638,25.71808685973894,25.54294885652837,25.193832672419816,24.66689845599862,23.999434154871558,23.211126090567987,22.55170003121647,22.05730415250974,21.662418062842587,21.246524983993734,20.74581264371088,20.208036819735494,19.674168597109357,19.181247059358356,18.79965637060063,18.618995936916107,18.654785157949416,18.847370145163715,19.10339210633902,19.405835961930848,19.79929626635354,20.313998,20.92117285406592,21.56789934338131,22.226898748878554,22.87222096212434,23.45557460283112,23.94350839765906,24.35233987181337,24.750575749682856,25.237302118377055,25.91203279967877,26.805871686349548,27.905813276654577,29.006177066658456,30.00030958186073,30.749880471899594,31.290474217288224,31.726057255859054,32.23403927617091,32.84642236219548,33.47792429112854,34.115053636756834,34.650642601745666,35.02525053090962,35.21994728505793,35.25514573000001,35.18755362894691,35.07802752178657,34.973476416659445,34.872900177353756,34.81971737118186,34.79585845473279,34.85953020515741,35.023973247514164,35.268554480598496,35.45163570644469,35.47402771212787,35.2631735991031,34.99394984947541,34.87054129356894,35.01452280825965,35.33513890714221,35.726271712714514,36.1544570935402,36.78709527570606,37.74942111332612,39.00770625910936,40.288298793310425,41.26077918235051,41.66102232210013,41.31757899
7kg_10bpm,6CA,39.42677322,40.600743045049555,40.374760587092894,38.56866854390266,36.874099605787066,35.183018237073014,33.48930436210432,31.996187876574048,30.66560494967681,29.51685938119948,28.523085317536204,27.576793566361086,26.620416096803474,25.59456231686125,24.56665933066971,23.701080706723346,23.182256492443983,22.839616396005745,22.450013373687117,21.76077331932463,20.602469463837398,19.382068089919365,18.195690104841788,16.785751126444644,15.465107620741735,14.030601000000003,12.793413588206672,11.721010188508451,10.836478177889788,10.150165311883738,9.663769869381536,9.308643025996838,8.950931931776472,8.700514123566068,8.292411917781797,7.550559521802474,6.600635053577326,5.569105030479071,4.761770332247745,4.052984615730328,3.436037753592852,2.9204028347527,2.502885822114083,2.1654875956814137,1.8871752140508558,1.6717606063644443,1.5083655832871405,1.3659122411671343,1.2613728936652537,1.2174197016054475,1.2267086,1.2476354027385834,1.2356217670221734,1.155046679655565,1.0072091409437964,0.8293048807006544,0.5719733787477872,0.27740731278749375,0.12435460773518328,0.015108512987257917,-0.06261876991580109,-0.09769565703808077,-0.09196777118775595,-0.06551200577547257,-0.05585738130763444,-0.10504894969135037,-0.20746543806194426,-0.33356375454879233,-0.42941837196692745,-0.44694043817929063,-0.3651804658949206,-0.22288455944209165,-0.10679474416236716,-0.05036535875622844,-0.03708515398913767,-0.011712750000000459,0.07868080530994785,0.24076190824670923,0.45028907771895577,0.6754550599820207,0.8902474435326163,1.0583738496806112,1.148985766038551,1.1585888491102765,1.1280270435246504,1.1221122140204967,1.1964716677578355,1.3567243215071567,1.575641971450405,1.8460314618749163,2.1385984183940243,2.3931938807327002,2.5963736836704845,2.7535551367805784,2.9428662582761773,3.2414291481790563,3.6195572501025195,4.035338260805755,4.5033154003095515,5.047602265455411,5.62910757
7kg_10bpm,7AB,5.48980565,6.158462469310451,6.53357638856027,6.628065922697104,6.46606477697738,6.160031295254659,5.866441437165834,5.758475964433982,5.915231512407691,6.247375195522814,6.58352035686762,6.756294920084552,6.748958358392087,6.532422628596806,6.138722199698648,5.725875996702089,5.315838192198282,4.920662815617889,4.579687411584746,4.31401169672299,4.066810375399966,3.6437972102480267,3.06676697273195,2.3794255656482837,1.6392776627335224,0.8971147510107529,0.22955452070771706,-0.23305758228917037,-0.5020232311766692,-0.4826773443064533,-0.4756208765271194,-0.5176102412644522,-0.5634166145302211,-0.5665122563299135,-0.4504180700416381,-0.2953854207358231,-0.2047395720463393,-0.18504545842327352,-0.17074974224184328,-0.10564622045122272,0.05304835117076244,0.25967785818698813,0.4837809210181618,0.6982355042865224,0.9565039198897546,1.2602673094538093,1.6218969385427395,2.033094136304747,2.478783199240725,2.9942716834135448,3.703562156150855,4.679013591534577,5.923241598622225,7.401693982352896,8.961481033794897,10.567355711202138,12.12655407986323,13.608818845205844,15.060659088702227,16.589286446416637,18.182491022499946,19.932515515325512,21.811957370183805,23.7987830432812,25.777755102371902,27.633111952060123,29.169544397319882,30.239920926547928,30.97631995269684,31.59716228594191,32.35402639106418,33.29697800808015,34.40370927563738,35.53699915252758,36.47087475488865,37.045442627228596,37.386242038231885,37.62071646506214,37.763911418343866,37.68256689601237,37.44257212408218,37.23322427675737,37.13358660877415,37.10223580136757,37.003734893366406,36.73637306209518,36.33514848046391,35.878459201944274,35.464561575325504,35.164775490558334,34.853762371446074,34.43401985566853,33.935015595673164,33.27036132936762,32.48404814772481,31.905299344009357,31.86038111127322,32.447035324233966,33.440607135123194,34.475296507535724,35.29477752
7kg_10bpm,7BC,37.74029572,37.8063523638218,38.0851422424246,38.679659332225704,39.365664766090205,39.8535829883601,39.93865736404938,39.6876507997356,39.31767735212989,38.96229508663805,38.45905171718624,37.63216920137282,36.43441073056644,35.01926875697407,33.57274838769644,32.21845069388255,31.01422494200063,29.91889778605554,28.923836750553626,27.950746855141496,26.985329180000004,26.132679388295184,25.36897511559164,24.692285269347373,24.056049452242917,23.51785265395242,23.143679325786906,22.88058954575114,22.66315007964119,22.5629491682352,22.602690076023045,22.771940687287504,23.055188777966663,23.37549210669202,23.624554252742143,23.73541972162262,23.72197962899361,23.622465495646157,23.49880568185662,23.350759992425278,23.09253861,22.816138629963962,22.621348011494135,22.581443402678676,22.723814026095603,23.013241383390433,23.385802352292007,23.828599953711844,24.350268855363776,24.953027902652437,25.66147120312128,26.35789518527413,26.752480680882883,26.90598087943312,26.904752447235175,26.836505313172456,26.812332350093193,26.933112063037356,27.245636677395307,27.745132749112123,28.35303663,29.007612729993735,29.55000375960166,29.941974740592656,30.20675766119898,30.35654096370906,30.51437726925818,30.76626996690952,31.13456746717143,31.592605799401753,32.065559923011975,32.49036866260779,32.84657710149218,33.15970800286273,33.46709126582066,33.7636945986945,34.0223031538597,34.21258734217621,34.28508818298819,34.20133992220032,33.98032241000001,33.69609085185395,33.45679993806872,33.38367592822619,33.54701399385848,33.89598635429116,34.320201439831834,34.702589495576085,34.99964710743586,35.252337218021175,35.501644969182514,35.711186007592936,35.922264070787776,36.31505659940489,37.08348841486167,38.275132614108315,39.695910899554285,41.04868677063786,42.031936801204004,42.481251477715006,42.1982769
7kg_10bpm,7CA,38.59026281,39.23389963347171,40.19505486528743,41.47305679988109,41.4291761553449,39.51945393586602,37.214594634254794,34.83243632087928,32.65631560255074,31.041600186742727,29.928253504531256,29.054855169068944,28.358214370623077,27.55075081620798,26.384142261208975,25.054908211412265,23.833754421356407,22.888143773253727,22.061712310663093,20.956707856012873,19.545290425203337,18.46212563895544,17.467452241904923,16.620683411804077,15.825443403783765,15.073411958981517,14.283536754813765,13.500647210004342,12.869311350647825,12.28906531939057,11.68762588186298,11.017892102537711,10.14789939519141,9.208882048836081,8.52363573275611,7.803962010813539,7.087236863213917,6.331774388728019,5.622936251084448,5.069907218024788,4.540509057616927,4.045876435009596,3.547595106963393,2.997311955061319,2.4091147466080436,1.8683927672953147,1.4864522413526968,1.2943407815210424,1.255488932142423,1.3356947865534967,1.5456240846550007,1.6429238147742191,1.5851146377164715,1.429904467562486,1.2514883960893746,1.049925623005247,0.8555114939303118,0.7237081024880708,0.5993962675870722,0.4129304468045601,0.15750592286880577,-0.12005130051740749,-0.3582068680434311,-0.5215593631177382,-0.6343160231117304,-0.6993027909281475,-0.6914669898979242,-0.6304365508004005,-0.5675331023216142,-0.5071487219709462,-0.4538984776593593,-0.4170133253991163,-0.41630162378515084,-0.4560619672564963,-0.4534799388248096,-0.39988234048924953,-0.2927424635427447,-0.15439692470517294,-0.026140027641076397,0.14430276997014155,0.4129481240248376,0.6526803581069772,0.8068778487714843,0.8988401092888874,0.9424916959121887,0.9931822006986164,1.1196037541453696,1.3583219532437525,1.6428451523716912,1.9097401419842075,2.1529733466882184,2.4002960663782322,2.715918753001788,3.078559702240009,3.4547588467229073,3.763236032039003,3.9606278226089495,4.176791973629485,4.554659425601298,5.117768546617259,5.76808555
7kg_10bpm,8AB,5.4667737,6.037892038429693,6.240557124013292,6.278891649243982,6.09969966011128,5.7284735513964105,5.371283604323303,5.200031748495347,5.272826630056081,5.553165272350123,5.996095080269823,6.426234284237295,6.763838124714635,6.996052460571592,7.0040693065841095,6.782243918555612,6.40719325997888,5.971419557737383,5.514269533360524,4.943300586295019,4.129398307449001,3.3606056239721562,2.738518521320779,2.309813797527163,2.0145997958131767,1.6887315806616567,1.3987390778569528,1.0947074208928045,0.8037639782636865,0.5068384346770465,0.2467162128983423,-0.04433017260304164,-0.2625877694423194,-0.2720341275573703,-0.21492685931813013,-0.0960673606711655,0.04403792975390471,0.23050183108772596,0.48315384377790216,0.8025024560468318,1.1845215983495383,1.6062702610208242,2.0196806597269865,2.3904448460671297,2.734131467060942,3.1060249408794043,3.561874355948241,4.149680549245448,4.898592562736929,5.830708933433361,6.82816809,8.077724412428577,9.31786008044966,10.569933815998189,11.83871877890002,12.985802252028043,14.023071401502754,15.03909863547824,16.27786328753025,17.71879243401229,19.49902911550109,21.452951799514786,23.498954784789724,25.495944523622533,27.305828076382344,28.807177988536285,29.99587973222089,30.922406451252712,31.710996216513532,32.479473467312104,33.18725355473447,33.82196036757382,34.39561027311935,34.95387383052015,35.56840928809951,36.30394120111391,37.063577748826255,37.66399484477128,38.078173413741766,38.23441515575611,38.22590944707741,38.030078785864106,37.69680704202187,37.35232229561838,37.048523355016755,36.74340106196492,36.37416113759208,35.958765890395284,35.664101136022644,35.86502160064235,36.585173352137424,37.23695081616232,37.561397576766524,37.549770042747575,37.09373602941793,36.52871141849869,36.10732224785445,35.98441637735406,36.12041483297381,36.15172014692582,36.58387003
7kg_10bpm,8BC,36.09561138,36.94042619099331,38.17937158263493,39.58748167233025,40.77087777670587,41.38882920059936,41.43142734343173,41.185842583008835,40.892721362221394,40.51501499196527,39.80344470929886,38.64555271597429,37.01990927570718,35.212907449560454,33.46667094449577,31.94281768509765,30.626589748523006,29.460122116481386,28.456677186995567,27.705251824462795,27.24958716596625,26.985866389804606,26.754129029017417,26.389101339309278,25.74723591020244,24.85151700405059,23.872387705888833,23.008567503822054,22.474268538058734,22.363002068101377,22.642709745198673,23.18419047324815,23.71692379766064,24.14162417741527,24.33563358400953,24.28388549059401,24.040803922896554,23.70824570936476,23.361968427755134,23.150135709538173,23.16948178945079,23.38642762347369,23.64308936430785,23.929870654846898,24.315172926745788,24.724563583008983,25.02679290149788,25.13748260891842,25.03176039439686,24.7640334320962,24.457555408976386,24.271315575512453,24.34417783121711,24.658873224571472,25.11950490797105,25.6007530622954,26.004238647720832,26.320040456039735,26.582054171056072,26.845270099355478,27.17927019001811,27.57468574416342,27.993000463896507,28.342914039450356,28.60184670167388,28.79981393179343,29.057000566952727,29.46670364226454,30.02050512570541,30.552571301183388,31.08874719688076,31.57621829631106,31.991576375883948,32.39636716163916,32.769231448882785,32.929634888005225,32.92743068346169,32.98197541803916,33.13382538004315,33.29817170795241,33.34662024991643,33.26851289714476,33.14703981534581,33.12419689349688,33.265488983175615,33.514036109508126,33.722964066754614,33.7918770693952,33.81075015841255,33.98620222871936,34.43148153242208,35.03306271013308,35.57793229054595,36.01089718903127,36.51083381122037,37.25666228079065,38.30565610094264,39.49582160275211,40.64773328661939,41.55405533378603,41.82935559
7kg_10bpm,8CA,30.7136999,31.47938790544448,32.032121961646865,32.400527296784176,33.183994934636026,34.999030309667766,37.906241741255464,40.511116401301884,38.816756384331235,35.966319768734685,33.18983050615589,31.210664077113396,30.015858770556708,29.14675447259036,28.260320191289555,27.1138299070971,25.72636659373542,24.36367831495758,23.278775703327398,22.499738348804062,21.70073673275801,20.59585399238937,19.318969747504887,18.14985851753153,16.9442361284999,15.166618927029068,13.24979201884568,11.197040363805307,9.617394449690828,8.738783010828762,8.455193102354478,8.511346358702239,8.675485401436866,8.76422697128772,8.674852999685058,8.062391431984526,7.012035380671867,6.037799501983523,5.423488473064613,4.812033802049952,4.0417644856648085,3.1635373568479537,2.301527518644849,1.6036306439120462,1.165503823082808,1.0864319448142508,1.2008580305227536,1.3446769979879118,1.5152950136965218,1.5776838385442127,1.5375852000000003,1.3866920946149712,1.1444800004424762,0.8212005367671095,0.39097324276971157,0.15670511841072432,-0.029375947878044217,-0.21192146061387201,-0.37759310138497026,-0.5092532023200947,-0.6537353662051224,-0.8363069022428443,-0.9299927814870517,-0.8514410449433675,-0.7407470987367173,-0.7166245513041564,-0.8509651155173634,-1.0926620968506269,-1.2817513352589693,-1.2898426469511832,-1.146962096414994,-0.9818610806449919,-0.8348194822824936,-0.6682172380479374,-0.48804703073551,-0.3220011874900082,-0.09104355372708547,0.19271197346755828,0.44197717265014097,0.670953724574625,0.7862437117598844,0.8266929504773024,0.8250788840182999,0.8229635197161108,0.8941626971116436,1.087699791672246,1.3495578716755092,1.6592134051157919,1.940423123408675,2.1265591352960778,2.1607203598580056,2.084902270610163,2.038504505369628,2.165135032283972,2.49588319380027,2.8991837589851577,3.222068334385068,3.5011060754116663,3.9143672752030643,4.496502225072342,5.11446464
7kg_10bpm,9BC,35.73616147,36.23516757769748,37.0858074812547,38.079109560890394,38.86111229490196,39.30230771,39.42439439082345,39.39822594495202,39.10901270427367,38.56623298047898,37.72220626000001,36.59386410461964,35.27414814848214,34.021368643290714,32.959775218462745,32.06552462,31.231569784986114,30.365041179494508,29.434424848696395,28.5642283411788,28.021077580000004,27.731875432851663,27.62815012168995,27.555303095598223,27.347006607907893,26.871825590000004,26.20886376706901,25.528785338819333,25.018552477252975,24.838250787519552,25.014418650000003,25.42523501319641,25.920584979066998,26.318649333471207,26.49948713413891,26.41988979,26.149780236002094,25.84191747147681,25.643944241025977,25.602406884923553,25.726253299999996,25.96938230857711,26.212694956264517,26.345459123220845,26.40493219896178,26.50301933,26.659016774894738,26.79286958674303,26.794079586558233,26.59485584049245,26.252134820000002,25.939276362209963,25.85900368008969,26.108480610057118,26.61854181029062,27.173054210000004,27.539905077225388,27.610358511788366,27.554601691294412,27.559539953378717,27.674160750000002,27.959432044190567,28.4113262478537,28.962948302449316,29.47318398554836,29.825829560000003,30.07024102783625,30.423470923354813,30.946407108589955,31.60215680223661,32.26996507,32.80772177249524,33.23458456207357,33.50972862598856,33.78135781193441,34.07380362000001,34.4326587430714,34.747416587747836,34.94404728333833,34.9606888287659,34.82711119,34.675623899235916,34.577797763131095,34.638816587920786,34.89447970349664,35.26467295,35.569919095331116,35.669363286897976,35.5814294672361,35.430895795972305,35.266085110000006,34.93842206671885,34.55716686804334,34.357078185557576,34.552835629186156,35.31126598,36.56631300731395,37.990175831193184,39.292957787591035,40.01400706826377,39.89024707
7kg_10bpm,9CA,31.0429496,32.97088775085466,35.59289820918128,38.18771980177099,38.01443099279982,36.10400990455935,33.26591187669831,31.224286874386525,29.414839933270365,28.102016722551745,27.07288059310572,26.119496491894893,25.091857072438252,24.11262401083063,23.396666545035856,22.740045810643164,21.83347359523158,20.648753991873154,19.41610302196403,18.310883529034008,17.198773441183782,15.655992566682448,13.976810907119296,12.425930845930862,10.992224488710628,9.647076046352433,8.65036078343236,8.045929551845123,7.764397074537353,7.5698560093931455,7.375762736608481,6.743990929932893,5.953293214524369,5.168807057840849,4.703820863137105,4.310950198803495,3.9548314265919413,3.5549745972282403,3.1495755725479566,2.7640926567052246,2.347918130504108,1.8551146312435571,1.3878880505858542,1.0574720105131346,0.7847656579042176,0.5017229920881361,0.1293473925694479,-0.22149822492066606,-0.4560970192616495,-0.6335173861123241,-0.7184540010118358,-0.7450722375601704,-0.7874087475155197,-0.894941444693692,-1.046940419079353,-1.2133628240336327,-1.3559959316555723,-1.4424923204753775,-1.5092654319974697,-1.6216284924514375,-1.7962580326381794,-1.951112364842192,-1.9481710856794878,-1.7620719152696016,-1.4690953617908244,-1.196802933649235,-0.9840752044202941,-0.7867655662895756,-0.5720274255924555,-0.3373276349804366,0.02325468847857753,0.3779551633337944,0.5678084843058394,0.6016461844393656,0.5010086057924797,0.47316846395771994,0.5478733799285356,0.6411128957267861,0.6866519053709197,0.7618002909730979,0.8590125298889713,0.9631856528354549,1.118352372277628,1.288011944926426,1.442124177504973,1.5919094210208822,1.710374170730479,1.8069944339787687,1.8795815865245644,1.8579835538007508,1.8638073736225977,1.9937260774821737,2.1647016678386364,2.230894372904164,2.259632131165665,2.4654753077174845,2.941543504718214,3.736203510457797,4.789209354739443,5.75801925312849,6.44194793
7kg_16bpm,10AB,2.5893799,3.2876561262599826,3.9528120428216287,4.31940149961226,4.51135985638259,4.573524320341588,4.5668867666624156,4.564005208298933,4.592073895527814,4.618496158965104,4.643769228237162,4.479520724864433,4.016911205093748,3.716224669902851,3.5179233629184337,3.3677863597879525,3.2126963753750366,3.024187847966637,2.762134029704033,2.4046560691331775,2.0662645356831275,1.651582261095797,1.2556709844057812,1.322263641717691,1.567299448875171,1.499702033455947,1.1575829757681217,0.6913297472575043,0.21393567264367622,0.09239732098936733,0.09337196602414868,0.4217392874291627,0.9848890371047723,1.7170870663884827,2.496666398235292,3.154751331743349,3.5453842234599544,3.626031051557515,3.4654390561871513,3.1997895244836396,2.9677223114622286,2.8291087830039237,2.7867958553103986,2.8034495577185035,2.8150978663306714,2.780590963960122,2.6946550954771538,2.568964938347711,2.4737636354933277,2.514902512215413,2.7175319900000003,3.0859037229052473,3.6906062072519448,4.608238944368319,5.814004070387272,7.218888711210196,8.721690206943508,10.196730830270914,11.536612111633163,12.780435706370719,14.013611403068067,15.3675786120468,16.868875083158024,18.537239321283504,20.40422282283329,22.375850240229784,24.407684414917455,26.456996273151372,28.44310242062062,30.35960765569479,32.165836436592556,33.78813827455113,35.21481328038469,36.32875718128945,37.205142582531536,37.99280513524504,38.69655923614273,39.21808196337371,39.497013800641966,39.53488943385275,39.426785302872545,39.33497093130652,39.47566386241848,40.0106824154468,40.91569401786043,41.9163809653749,42.56873934030493,42.496437570653555,41.79248334003959,40.91812851789958,40.573935303773254,40.71730893040582,41.134304419525016,41.050170662237676,40.65132353885135,40.31771889177685,40.27898845408119,40.56299148527066,41.09441017508894,41.75159532171715,41.29648278
7kg_16bpm,10BC,42.87899913,42.34567507534103,42.08791775855126,42.069272238946134,42.1015305583364,42.03996726641943,41.724855100168305,41.09657269247517,40.25270341957832,39.16614412200698,37.96423743522121,36.877001655109844,35.905035365778986,35.01036969928434,34.151860509569566,33.28451420208266,32.42767364992038,31.575359001834613,30.733117757699123,29.89197626461391,29.033377599338266,28.133841611857388,27.219442190973616,26.31735531546096,25.434734696136303,24.678653890000007,24.096303266252434,23.70932729509324,23.52636080889558,23.452352260758744,23.41322196701176,23.3508924489241,23.242848599702505,23.077290658622868,22.82948656855528,22.47499458006419,22.00541522903814,21.426772094071,20.841399211693567,20.3437864141913,20.093120818131137,20.013996901895826,20.068076046693587,20.2128394885383,20.424140416397226,20.676494354082447,20.937934523247435,21.13787708077404,21.295788385409047,21.410187323318222,21.478621820000008,21.51841807686022,21.57034731331345,21.698310377680016,21.892329403533427,22.216222333343776,22.622731170875948,23.065529769771317,23.50111654264301,23.88196569875718,24.22948773230945,24.57199961632472,24.961355607006244,25.376723105312735,25.895170277929417,26.41342360763882,26.85715251088935,27.235827143912427,27.510183254812258,27.678662617814197,27.828468899747477,27.96081561998298,28.123633741328188,28.312343043999007,28.521613432518542,28.7423116,28.944322911111374,29.09392830776385,29.090499573298967,28.98070663850547,28.826518280861485,28.675999303832242,28.59392751245149,28.66272754723583,28.951123667371654,29.47238442455427,30.165265493851276,30.855021056935858,31.38342744900938,31.66791651189636,31.800116916836338,32.0375969161483,32.61150208707115,33.5876406429913,34.81366271535524,35.973123841416886,36.77880805598603,37.03349759186267,36.6373172216057,35.773871706066764,34.71255865
7kg_16bpm,10CA,35.6118434,35.45439289704395,35.84158434146469,36.96229399770376,38.748985695212426,39.1870341947192,37.997565024455,36.417242404840884,34.691293741886874,33.11489274526905,31.75114901980823,30.393838381913902,29.24649655678958,28.29355465868023,27.47912079958927,26.353265015930084,24.920925757015816,23.55062978260095,22.643903894201344,22.0580658784592,22.085756595564906,22.069302709094647,21.93996024070761,21.40763252125507,20.484115722848806,19.266123179214652,17.89528784380046,16.58715225152075,15.499445730934559,14.716076579692935,14.195440413334794,13.800211899412991,13.507863553059078,13.254829318085473,12.929224406124678,12.498530113464088,12.277963657077503,11.727478789212148,10.802491422105621,9.68544659298548,8.627599629941907,7.792194542803102,6.899504144121021,5.9820470847545835,5.08209879430951,4.250007424643391,3.530072641726785,2.93844441888692,2.4316890875346244,1.9663870555761196,1.54640163,1.2271743247027784,1.043821368734265,1.018714131461788,1.1019323952997804,1.2254038425297225,1.3397006898215624,1.4215605169593244,1.4805471881691945,1.5351151017575237,1.5810163437964326,1.58688397120655,1.5131746734112226,1.188539509924232,0.8049891763896891,0.4468887039758184,0.09461198932067595,-0.22050423312360223,-0.44942614918509194,-0.5563033157009172,-0.5447364419370713,-0.4581839182350885,-0.3646411455357341,-0.3244760447689462,-0.3594357829659574,-0.4406511159038952,-0.47949727241608925,-0.45188593868190313,-0.400030842691045,-0.3457832741378678,-0.3137078549690237,-0.3142637938396693,-0.3064427886138707,-0.2073522811517379,-0.070215488711835,0.18694347828500182,0.46258291990858813,0.5609883767675345,0.6222816432527867,0.7251085297697389,0.8636806596796835,1.0571910175478634,1.3913385776598777,1.7170187396880172,1.9761668728406072,2.2725728909530343,2.656530632596904,3.0733160477825625,3.46319899003327,3.8362237328770097,4.23217937
7kg_16bpm,1AB,3.08949048,3.006141218136375,2.9557585849439265,2.946268955630061,3.0577296196292463,3.1222602397300956,3.2480369672536655,3.3992839418065643,3.6637164113400846,4.0637256617172115,4.462618198400515,4.797788070165003,5.0138108349993065,5.072356896622781,5.048964845167963,4.752920695336818,4.468574299364056,4.254757003791135,4.043513017632046,3.834048480353975,3.6369550700000004,3.440866120999328,3.2163550759867134,2.9285418964358265,2.5450641921627777,2.0984000399788476,1.6771139199290397,1.3549993181221136,1.1582482401833694,0.9792971715470701,0.7938327178727791,0.8297327732408104,0.8888011139402917,1.135401400657519,1.4019834506660773,1.524023524024467,1.4941992881498525,1.3691513221828888,1.2049226196248335,1.065760741243758,1.01023707,1.031287632790652,1.0801240657570679,1.1040112062742942,1.0817224979150168,1.0059693583947802,0.8992805101759741,0.813478418852897,0.8329116278354064,1.0550604733298201,1.5190462226428278,2.171515611103463,2.9101833450919425,3.7245395691704712,4.621726217912294,5.783731755325883,7.24095243505425,8.94191068056565,10.768223438344357,12.60629302055665,14.288965050000002,15.939961735495267,17.469275853223145,18.97018178716364,20.507556596320338,22.107858417729076,23.75137337972704,25.41907696786263,27.112608076856194,28.844072482682236,30.616508374097403,32.28133539758037,33.69804075732037,34.60865661024487,34.365073527994355,33.26682182727616,31.969869307235378,30.861911101449902,30.300711024873298,30.446345456156187,31.28026414,32.640461157348106,34.33101754294684,36.129285885787546,37.80112960919336,39.07595675594234,39.796728408727354,39.89585006377514,39.74389364383723,39.01171699035666,38.178573981930306,37.76066269467978,37.933351619563595,38.497911804126566,39.100440337565296,39.40468830842948,39.214135952145156,38.299633666821734,37.20860017437349,36.23603052934763,35.32829245
7kg_16bpm,1BC,35.07477985,34.17329161837937,34.05307503681431,34.7271057001863,35.92143859933102,37.21940617698937,38.26469138575383,38.82389628929512,38.83767895896047,38.43035354578929,37.81478087993025,37.04830670831874,36.14920722318196,35.10176041169526,33.9635211800802,32.83245353143541,31.816236572283444,30.851198961191653,29.955376546774506,29.08742984720179,28.2456521158454,27.47281754591894,26.809804571944053,26.22771449835615,25.718988229420187,25.262969023701665,24.852892064416814,24.519443799035404,24.32722101048213,24.29692609309224,24.398103972463275,24.64169466997134,25.00513075503361,25.428584744578345,25.843670728420793,26.16947090207845,26.292341962663343,26.225888819487828,26.002932987261744,25.705313442942476,25.385316908079357,25.079768096555675,24.79577230880579,24.522177639941805,24.250059929975507,24.00226422207224,23.79133292467817,23.612633827030884,23.46321344967247,23.349115757925038,23.28333033,23.262486193403106,23.289811898890783,23.33737876296257,23.465564363518105,23.662668500832847,23.954895504107636,24.24676031270434,24.5974518545012,24.95294397643154,25.27115144471953,25.589125730589824,25.834134428864854,26.12670562291347,26.428171731339084,26.812875760504053,27.233258498849654,27.632118068997865,27.97231966960185,28.244701398665573,28.453278626677747,28.669715949640732,28.891676532153728,29.14314672390501,29.414386609247497,29.690166919828897,29.96020028471799,30.22468288215994,30.51418986555377,30.880960693379436,31.368276763240956,31.96872022746109,32.700675870834196,33.45834011571824,34.17062923136922,34.59378474878643,34.675435872869066,34.456777200610865,34.10905759522302,33.91404332759943,34.2452287150824,35.07832970385685,36.16264246025246,37.351591403462734,38.52141582098047,39.5017669080306,40.13221502713924,40.27443008991199,39.865921641829125,38.89230664924575,37.50903197
7kg_16bpm,1CA,38.20989508,38.97907505639225,38.87120640705908,37.08986099100083,34.91055974135997,32.57547253104844,30.39245942868274,28.006489193920885,25.888003271206106,24.098190268557847,22.563475395200363,21.211434898586543,20.021812711733933,19.037292816300702,18.338113195584338,18.048925747350403,17.94269466267353,17.44213846851594,16.634912741202076,15.543497829763162,14.265419654166706,12.330734733138259,10.387484698501664,9.298156593810292,8.529174372835108,8.097275554892413,8.000246708513686,7.893384107916422,7.592174810180397,6.913466678749653,6.108464853917791,5.275993293726551,4.438086670154985,3.8515529740837615,3.463050230849477,3.166937344550619,2.9972281474449844,2.8614160342028283,2.706926775096386,2.538710059881395,2.3610080162708105,2.1803929123722487,2.0442641402942505,2.0902923227861003,2.2468634347244483,2.4220115218973817,2.5685476949856003,2.621580748124435,2.5282299438536793,2.289506276197122,1.959573371493597,1.5832294432285765,1.2992668220570809,1.1242883203980287,1.0638058999971802,1.0189158323454552,0.9249179790817156,0.7626727809716094,0.548192290302548,0.29955741678746683,0.0738048685763445,-0.15581018592651044,-0.38782017620954534,-0.5465225760248548,-0.5787234466358288,-0.519760245777054,-0.4505743296408152,-0.43362751017423584,-0.47227439203349186,-0.532281038208694,-0.5539982814220896,-0.46118200807161813,-0.17823419505130278,0.2861570184571538,0.7650356055478553,0.994331667010847,1.0566056172839713,1.0492464008011317,1.0371709616386038,0.9986359427877378,0.9143318743433807,0.8116264753108908,0.6964220086857057,0.6502225993168693,0.7517702875441697,1.0380683834346018,1.302265306900471,1.526247575605468,1.7191300109952343,1.8755783037066074,2.0664900340612506,2.376670870810013,2.7442011925714933,3.0643962456799145,3.258955386786807,3.624565068453905,4.269248551697382,5.099557758811214,5.906106157054324,6.520948343623492,6.87445376
7kg_16bpm,2AB,5.2522097,5.334723875961782,5.561900620902691,5.98318781160143,6.3678913276468965,6.395712736611976,5.964782221645239,5.425083075360579,5.066891858991344,4.912711246253594,4.949288301173504,5.036978745380714,5.243266440717193,5.375904204907512,5.192630048476857,4.736860184384101,4.3121460145181505,3.8946073502603173,3.547885289430639,3.305012077380103,3.0965762327684363,2.8111330952993416,2.3838786813652963,1.8024572694352576,1.1665334131432492,0.5983715926209996,0.11726565933554045,-0.3109071308642803,-0.5240645742303078,-0.479523674121254,-0.36853614218858066,-0.29895931813696175,-0.1729166844464269,0.09733943971103198,0.36222566475175605,0.42661669441535066,0.25912927002786046,-0.028940889306756,-0.2890617774044938,-0.4243923802497287,-0.4414286996548799,-0.47378737307584584,-0.5764477547269606,-0.7532367821248686,-1.0213659824138586,-1.3502827216575088,-1.647657440951952,-1.7891278621755113,-1.7050511894086127,-1.3503446324718718,-0.7274339443784594,0.0831490773748102,1.0282524688464323,2.1663470072516566,3.554254006925873,5.222954178000521,7.229688795984698,9.390067864976224,11.572983064120221,13.565263904310237,15.26578524872906,16.72282392025196,18.01701874022989,19.351082883471122,20.753087826747404,22.339300920385966,24.033107855454077,25.83796344111057,27.67127660360972,29.337965281226595,30.655140651761798,31.51729569137545,31.937601117740677,32.08779746851894,32.068180518044,32.096560356411686,32.27933522945416,32.60041299694772,33.001376665473224,33.408482930563004,33.70054120796615,33.86400004083269,33.96271406665816,34.133625574648995,34.55491459036623,35.29951896464159,36.24028323047551,37.0497624911564,37.44671065527184,37.60671171281186,37.587510793346716,37.5816676530162,37.65509755188813,37.86316001885223,38.04634891584323,37.39844131878127,36.610040902869095,36.28193533978661,36.43112776735907,36.8026069420462,36.0479743
7kg_16bpm,2BC,38.41652513,38.423652080601904,38.868656089475735,39.53986907004565,40.154311215612495,40.52901165016658,40.63453613030156,40.47254982587192,40.118460908459696,39.57561820516644,38.84744317787942,37.95801523115963,36.94263969900668,35.81077256366573,34.70775198204878,33.646295757330876,32.65753493282338,31.765129125624796,30.973551364130913,30.242590264223917,29.55584781655356,28.905917369756576,28.3173878975049,27.808075178312144,27.435964737977635,27.13476025992216,26.925141335395477,26.746064226198193,26.62855594329024,26.485457030067757,26.37222436442261,26.253271205955816,26.122852036941502,25.966644570127517,25.791259401453146,25.60098662993514,25.371863816606297,25.086528690563025,24.782916957304177,24.489190826536014,24.241770488757364,24.061030631088038,23.941861581696557,23.866115334287624,23.821614856589093,23.80903946887935,23.84436859212488,23.919691210871644,24.09428391335432,24.299155689147998,24.54804376771028,24.836643049731567,25.165296567539404,25.531071046649597,25.913324737476966,26.278829091242237,26.59062050830856,26.816356332584313,26.945359653548664,27.010961973100233,27.03096242638399,27.05784838164208,27.11652884744029,27.23712567505654,27.40961740556005,27.54049358010086,27.644815306688017,27.768403526751584,28.000267942897665,28.339696073323406,28.75025629560324,29.18258068410525,29.5936896348495,29.94018557741026,30.229562770143556,30.43365138897694,30.565622861014212,30.66766439086289,30.788666640621518,30.92756400623985,31.13476625300132,31.455339718741378,31.989621333291446,32.73518483323145,33.708544471950425,34.84153992457175,35.864394454292075,36.561531068971966,36.804628965273885,36.677894420275784,36.48421043604123,36.58433305650365,37.18040545360911,38.21728441869408,39.49894523412745,40.685888315527365,41.243653662926306,41.40935999501535,41.259246499723425,40.72775183439176,39.83205598
7kg_16bpm,2CA,42.79637175,42.4376623943244,40.90147755283422,39.764303293376805,38.86691192214178,37.996159978243554,36.59488103158783,34.63521649575177,32.61188026858685,30.69777963482077,28.894094753130418,27.328441812795052,26.067806273055755,24.882331538116883,23.804083853410773,22.8442959776289,21.924288185594115,21.052279026549357,20.239543556731046,19.4704129525361,18.809253693346466,18.06908092822236,17.791975123170122,17.729661415036134,17.416049141913557,16.892844825827297,16.00147996091832,15.246143777880812,14.632712088323034,14.079450893260528,13.634283793627192,13.23935720756844,12.88325747843918,12.563810846113874,12.215735690860408,11.823487593364577,11.31520629574722,10.736792318386888,10.208576920590088,9.738809606667422,9.183965725969221,8.564661075947207,7.919667892130649,7.291755782947641,6.63836360474165,6.143420658749027,5.7760419396404155,5.4286673127332925,5.059850071984285,4.649780842783789,4.216569762340233,3.8080894580354974,3.4258069678055407,3.1104740557961135,2.8780431206855384,2.8134300059995767,2.838959076262161,2.9099277168642548,2.968725669643689,2.9828724199442838,2.937905869143643,2.8356756116307276,2.690862270743532,2.5220561082676745,2.345551945281832,2.121822148343444,1.9286026773975002,1.7730822900306151,1.6228850561691168,1.431297229346091,1.2625724279466866,1.1165313474572383,0.9915261867377573,0.8703093941326712,0.7317475531796837,0.5791899686989097,0.40166310294141544,0.20301405853970309,0.024898031775974532,-0.08513680807092391,-0.10498622206574836,-0.026988095713721266,0.13099261074533167,0.3933708671611645,0.7639573074452637,1.0330962875197296,1.2619403527823125,1.552343087361978,1.8692505723310084,2.191792518457034,2.487608441287243,2.7184715902924665,2.921131504089712,3.110598147964203,3.2844694441516133,3.498071660454037,3.7382776583727377,4.096661683277049,4.497718232619322,4.923953015296386,5.36657277
7kg_16bpm,3AB,4.12085929,3.8023245619713917,3.8031001459156997,4.302111898336385,4.852589126538518,5.296292498129082,5.596161634762242,5.672341885347181,5.66053376080161,5.705868404309098,5.816084835089747,6.0221570083624485,6.258528945909049,6.487927771708816,6.442467497242177,6.231476001539539,5.908153106557716,5.443212580175322,4.799761209670396,4.054538346560929,3.250099391683562,2.517862722135151,1.944782628250805,1.519906031058306,1.2465536984489718,1.024862805864457,0.7701926380167092,0.41085850293478055,0.06220993176683566,-0.2945434594186651,-0.48802928698134374,-0.4573744224103048,-0.2675521697174651,0.06748237172234606,0.6014361930171734,1.121686495381238,1.529764277424028,1.7540935009223102,1.6930900602261072,1.3976675178694609,0.9440097580302172,0.47899307206573655,0.13846116662665547,-0.020186994784155386,-0.045710730586727186,0.02340902752564574,0.11795766228350789,0.23223788705834855,0.39834529906049776,0.5783743673187365,0.887747130668493,1.3579924136458554,2.0111298365472816,2.882088331946336,4.001702846736429,5.4645863011832,7.14604476354334,9.017833715575838,10.977394521770025,12.944326563899018,14.865072565085796,16.851981960945825,18.893753635395512,20.932877184009232,22.92669791441941,24.799223726325373,26.497942004835863,28.01997749624984,29.409085736431784,30.693182888832684,31.918916238961188,33.04760485028185,34.00912584886739,34.78449177698901,35.38638025373048,36.11870937657115,36.943216110684155,37.623440971108735,38.10372786357917,38.16733447151871,38.08899584637466,38.006557909908764,37.94516396964881,37.83194443241161,37.600224591280366,37.274934898918964,37.0197294347981,37.02603813204731,37.3264317135681,37.6257925198475,37.62502624033053,37.247612033705394,36.94721192086338,37.18313827835086,37.973401181657515,39.21729860363957,40.57860809894647,41.71752792084929,42.283147233998086,42.37416218652717,41.56216173
7kg_16bpm,3BC,38.74049762,38.75148181881817,39.21788047495376,40.0031872863703,40.89358000763751,41.67702239990773,42.220525790070994,42.46742240553197,42.39678335464529,42.0404635404943,41.38924785969036,40.47011971706424,39.336452038653675,38.04122276201182,36.6231947430751,35.21066375499172,33.890211901822134,32.68058753364137,31.67643208648811,30.757200654963423,30.041345342940133,29.312760119549086,28.62703642802092,27.986793907390712,27.391219976140007,26.769787230000006,26.193207911057065,25.649266496316827,25.149574376407433,24.71144604618593,24.379532609459524,24.179495830112703,24.09634066675532,24.079037110203124,24.167627596153235,24.391103862785414,24.744222478042943,25.179690047657807,25.68075880798978,26.19702934363363,26.66278241366645,27.015157938900998,27.211413179849476,27.23782515781708,27.1048315252791,26.828426252080316,26.43137842408352,25.958170413863897,25.46118055837932,24.98382160104988,24.57773178,24.270157363772284,24.082659062549062,24.085774287621845,24.271102501889985,24.629901326671437,25.109481862245342,25.63610028672558,26.191874273980858,26.77312233695499,27.40792119171131,28.102923351991674,28.8569985532782,29.6844189518272,30.527350624676284,31.357747330549802,32.07921954318287,32.66034103185713,33.04424117404243,33.31467040378709,33.44202343162284,33.528204638924194,33.57118008407603,33.65329559652607,33.77112268982761,33.99230351,34.22519219414307,34.49356974033712,34.71460656340203,34.83312212733463,34.861088741056186,34.88158926917638,35.02151598827386,35.38814129280647,36.0865938667053,37.17226457240728,38.51433596168822,39.83717684741172,40.84933397904145,41.41291547331414,41.616792450400226,41.71806196788062,42.03642593510144,42.495214814708774,42.27044126479059,41.30670091704157,40.63441995474405,40.32909350740762,40.46733284429137,40.99958449459013,41.42305466
7kg_16bpm,3CA,42.01985872,41.852170924103966,41.4295548161413,41.123033450015924,41.48763922544894,42.755448616024694,41.54552709932951,39.75869124579569,37.94520021214626,36.17855981966724,34.80137407302582,33.75231173477655,32.93300120844633,32.13933199727424,31.23434110172204,30.18845461086043,28.91095343187544,27.432905028271932,25.858541856820317,24.270555286252485,22.740481855489143,21.355239253360796,20.148399155121336,19.14114132279806,18.38295841873915,17.861826305684573,17.483724500130485,16.912844951111886,15.875281226176394,14.473018761886149,13.218181122907913,11.924034532666806,10.96568956513961,10.242936327063049,9.679765546307873,9.187816786782498,8.736021904681621,8.356868270942625,8.061399073169088,7.813880291488037,7.711410329043187,7.522033841660213,7.030735987172727,6.438215115100788,5.699234043336138,5.024491408245498,4.452624830566398,3.9799552496992385,3.626930740973259,3.4092089751957757,3.279363020033622,3.1541859959727283,2.9602614218771497,2.6707126373610697,2.3735675509784,2.0491634674413004,1.6801620557935006,1.3421536347716487,1.099809051558618,0.9593503085695596,0.9190019106759649,0.9710442193371973,1.0953252285066206,1.2459329385249898,1.3649403341493518,1.3701044516788787,1.2093001037278441,1.0124197093811953,0.8028151303875577,0.5805056052845725,0.3336517545037954,0.03985831749131118,-0.3159864064385664,-0.726147554733335,-1.1277173373780869,-1.4234095936179463,-1.5533936242091704,-1.5088657006276982,-1.3245027239488627,-1.0815584786148484,-0.8867744662830265,-0.792925707342278,-0.7695508466183943,-0.803941503504358,-0.8950843461409623,-0.9571852430860028,-0.8812647520764161,-0.6621816875617484,-0.35513203948973016,0.021777678506189016,0.34299913715067853,0.7010492223889951,1.0872786598782018,1.4977795432169236,1.9421557105876766,2.406112709088446,2.909952758306379,3.4973137004035992,4.152076307109797,4.751818965839559,5.13209125
7kg_16bpm,4AB,4.66194716,4.469212657574754,4.386348333862384,4.378758164331309,4.335519041648387,4.17399696522795,3.9141399266781964,3.6004626140089284,3.387935654528382,3.244107324615682,3.252965857991711,3.3325712999578188,3.6004523439364537,3.751550020284562,4.187542170217499,4.588107488972681,4.732096805407877,4.607443370682309,4.2167566171836315,3.586886219913318,2.789358011519021,2.0543332371854977,1.4368531280076853,0.9776208810944598,0.6522291031745086,0.39144714676710607,0.14482646456942652,-0.07854044424753102,-0.2204950028680581,-0.3865793511389523,-0.5736143210435019,-0.6595522612931464,-0.5943823504444227,-0.3488761991167594,0.11065266730936468,0.6889618132389584,1.2871225381521216,1.7850157264495046,2.127379774042165,2.2615919890646143,2.171211773872415,1.9318062830158762,1.6591620835079588,1.4232644443687539,1.144612768841212,0.7965044747883354,0.44710956756921055,0.05311696250101753,-0.31326122122484745,-0.5475805352983919,-0.6254920143054407,-0.5575380226205392,-0.39918994175427336,-0.1682397669192074,0.1520997173817651,0.7237804530687735,1.5644212113594187,2.936570325876596,4.701283043010758,6.894378691033958,9.3144460301966,11.743517801147068,14.086866928658253,16.275889712113703,18.289186319797107,20.223732620579845,22.04726491319758,23.82581992467742,25.576747042610226,27.310987833395583,29.072956675071644,30.810060949472266,32.48149916450312,33.98194889060491,35.1829233572265,36.02887669838227,36.55215873256549,36.663359752543805,36.45596473920879,36.08402046207548,35.59264283016169,35.24026268412936,34.996578930496526,35.09426811419017,35.44719784018585,36.0399626085491,36.81271601125626,37.62386910479429,38.279206375706856,38.78202370841906,38.97450295373016,38.74648903832423,38.063180215163825,37.30881161413416,37.06671007240201,37.679274493840076,39.04019903050191,40.662943522259916,41.56254448991545,41.43787224818724,40.31589233
7kg_16bpm,4BC,35.86469687,36.21633976854085,36.861999926974974,37.696905309122876,38.56419876954759,39.38366804154643,40.06166291927218,40.47733813297674,40.545542735646976,40.2248856253613,39.53804810806064,38.564187538603505,37.42401943681675,36.19855087767309,34.97801507659595,33.775799925222586,32.63844234022727,31.40718908921837,30.139559605473703,28.88465754920946,27.751201342114303,26.80458450028317,26.010919453217642,25.44893264882774,25.0929224654504,24.84664147000001,24.62287104537545,24.401086517014587,24.132555014255306,23.852545043548023,23.592535815267162,23.249797105775862,22.938899161344413,22.742877367251392,22.556966757562428,22.41014293820798,22.270680554865574,22.124201182918448,21.935205546913828,21.710454018954493,21.392470028958268,21.031862490780295,20.674333774610734,20.37038115334047,20.131295673913744,20.042767418748266,20.080528817514125,20.25567276511909,20.52967633867957,20.869351031039557,21.249830960000004,21.6660827990573,22.13724590702281,22.667005564216513,23.23028135305783,23.794512682774677,24.34253831779032,24.88023695610232,25.4237628945724,25.98420581863788,26.563842604741094,27.17747819865551,27.79142711644794,28.407833216954423,29.03360057884768,29.689130321324722,30.38123093289695,31.142068601980583,31.927163696398413,32.62085902099238,33.205844105739345,33.61236573555858,33.8081883530946,33.81332104865449,33.66334242199467,33.42498100000001,33.13836427383917,32.90134447575409,32.751745901287386,32.655786089701415,32.599010809803126,32.62942569433545,32.814552475665174,33.20223035516298,33.783640458135764,34.43726549213188,34.97702492795179,35.2983043446865,35.43884846829793,35.61451159165455,36.107957012023114,37.07022010855821,38.292621186875046,39.693514368126074,41.10823767053608,42.36747336782731,43.23603094546948,43.59105717435334,43.36170226962181,42.59513572424158,41.37780637
7kg_16bpm,4CA,40.10389956,41.118256109053185,42.46395656462017,42.47217939037157,40.91951892648857,38.97532360514678,36.471745523349995,34.49102589102645,32.94117513935841,31.385407198618054,29.874535570566795,28.57662660316715,27.482619523758924,26.45206390668575,25.123164495706746,23.82665291219305,22.62979448229892,21.482569262252913,20.421495092086776,19.473567579357763,18.69193612993422,18.55777028073868,18.57731002886452,18.29239253135639,17.71507284683175,17.000364661242934,16.29983809803529,15.8200990014177,15.524761003036152,15.209877877775428,14.67953092097505,14.19555992575599,13.629578682428457,12.93721530072079,12.160208924117553,11.356306865861656,10.659208831598809,10.231673220284245,9.931021637705829,9.635971387586794,9.239508896500283,8.826186470134997,8.246108713596382,7.793291202257534,7.246112848503767,6.521260746223958,5.685918226811787,4.8467831964293175,4.078563802764606,3.342579612841507,2.64917733,1.996809874744241,1.4416800230458904,1.0780953138855656,1.0673699945239878,1.1309926826343464,1.1561211701019696,1.1408752829139506,1.104166280822823,1.0450565158311953,0.9561568464646275,0.8359852351569299,0.6707500032682254,0.4436147479344391,0.15526734818797738,-0.23088615232869572,-0.5109282711594509,-0.67895592409965,-0.736255579856853,-0.7392805271230539,-0.7653028438134,-0.8040337626896016,-0.8856708284000498,-1.0195611175346304,-1.1856644520020774,-1.3470434304603163,-1.4747140862014227,-1.548705990505414,-1.5552208854025515,-1.4912606538277995,-1.3559003178507785,-1.1544705442154388,-0.8883025530363665,-0.5725018045222745,-0.2486756248245909,0.07619705731728794,0.39977835639480785,0.7096152301861038,1.0781361467846218,1.479358368841311,1.8730900031850648,2.1231762151381353,2.4055430651958165,2.7969778844099085,3.2953008527589267,3.847705525061516,4.386735098934326,4.8777341644925,5.27175156314069,5.5683310673527355,5.75149223
7kg_16bpm,5AB,4.20229799,4.208144827578513,4.0970363,3.9309149267809724,3.7700099,3.6598411960609316,3.6055139500000006,3.650040589300578,3.82564349,4.073364164059021,4.387850329999999,4.747201387130353,5.053725960000001,5.2000898551626635,5.005676860000001,4.8046259881611935,4.6169651300000005,4.4063428792053205,4.073113040000001,3.6306878281621504,3.124528370000001,2.5669390276128627,2.0007141700000006,1.5640492034689712,1.21134721,0.9002973532506339,0.61123228,0.3591685524980619,0.21094226,0.15796792060014636,0.14426499,0.06764289379432739,-0.08225458999999999,0.16556587834483016,0.5921358400000001,0.9749951022745051,1.20180122,1.2765807546309182,1.2716121100000002,1.2481960744177671,1.23265473,1.210760504395189,1.20692077,1.2532640220324136,1.3243534100000003,1.3795490436693192,1.34530637,1.1626012784129998,0.7978857000000001,0.2262228876046885,-0.31852755000000005,-0.7847228526067982,-1.10035582,-1.298286437051181,-1.3351777600000003,-1.0113345019817805,-0.2720064200000001,0.8608358401037524,2.29887601,4.094900682836654,6.0417434,8.15603509739027,10.283803150000002,12.335798032869366,14.122561120000004,15.66179786465272,17.04765974,18.352624092689194,19.813138280000004,21.47212582175925,23.355055370000002,25.400201524579803,27.49604156,29.493003168840897,31.259794,32.70830803444357,33.861839970000005,34.91411603384378,35.889441940000005,36.72439462692954,37.45144356,38.05917626082047,38.52860066000001,38.84020336040609,39.03449791,39.15239429681258,39.389011360000005,39.994125152839864,40.66887218000001,41.36813121426479,41.881540890000004,41.83780720664087,41.24317347000001,40.41931198541047,39.84934765,39.88661394951457,40.53179420000001,41.4813328585822,42.41049613,42.80187905921141,41.96148128
7kg_16bpm,5BC,40.76688976,40.59108057220013,40.87367453647264,41.387083599020634,42.02795143731367,42.61700797624637,43.0294111829251,43.22280140722157,43.18562084065027,42.93275129270882,42.500198507660365,41.88909371496973,41.1177045882954,40.191205807394695,39.07382620391696,37.82476679942781,36.494039726306916,35.23523158789493,34.049648148163506,33.02439664425201,32.1102308710402,31.283652684135422,30.53669051106167,29.759166601317286,29.031773675101466,28.19019995840833,27.32106739270137,26.35444205421258,25.286032997225085,24.205984827527352,23.22752998842575,22.434949700570993,21.840870825750585,21.52529827578175,21.45667668664317,21.568972592306917,21.750814860765846,21.941208616158086,22.124942098981883,22.254756619579233,22.3145974076669,22.32547158873902,22.316267980571606,22.31261899971944,22.336562809043798,22.39833742399185,22.489060615012747,22.57969606695746,22.618219884266463,22.674639806906207,22.70848727186479,22.800405435488617,22.97117183757879,23.215155629792136,23.5204492050042,23.8606069036989,24.22138911672961,24.608323779736814,25.02042422575233,25.426304187348652,25.814503770740068,26.158337874967835,26.4593432133546,26.712337490537596,26.96156584381773,27.19898603262475,27.457020011793322,27.753872536515317,28.092315278008954,28.4614907352078,28.813151186032847,29.18294475082229,29.573131875190878,29.976346820643705,30.410898987206373,30.8709734847877,31.345440181193005,31.791397961509425,32.17266414104455,32.466348229567785,32.69371534104205,32.885752481752064,33.11381899707152,33.47715475878177,34.05703489491049,34.913250233461454,36.03606645056458,37.36422010599354,38.74714310698191,40.050243714408786,41.16026656340138,42.0564751758362,42.82437959127987,43.57508296132939,44.20936206094581,43.986381363689155,43.468140138122244,43.165190215674954,42.93708379471058,42.91630869914653,43.11543904
7kg_16bpm,5CA,42.2958139,42.497283686812175,41.803918728779635,40.19982763324404,38.4969440849719,36.76185720462108,35.205761571500574,34.03196667145898,32.506083410715156,30.839885307461117,29.284852282357384,27.88791713986203,26.73126475500055,25.75355194866476,24.727026504018106,23.53292055549294,22.15406125748676,20.42919338703607,18.638670748817596,17.23629918267604,16.396513104512373,16.061752164226725,15.795616181077895,14.860315976434723,13.237835161138985,12.154425100361777,11.108884233161378,10.222572581308004,9.712429584041333,9.44585098255428,9.298872714728033,9.161914201119863,8.990239323890004,8.777510234375386,8.560230769691904,8.3379801094329,8.09486387593071,7.930112257407584,7.534224855570401,7.087976427837313,6.680066644563338,6.37956940151831,6.007953877793132,5.525459017041169,5.026551940344662,4.49544044736082,3.936691928082614,3.3676828255401214,2.8082510758673367,2.296959367949425,1.8688236071271562,1.5285432142414652,1.291396446278977,1.1275997261214885,1.219938550003173,1.3655349337401006,1.463265921305609,1.5121685013659443,1.5264382291038734,1.496782605333912,1.3979433382137212,1.2012160681266002,0.8413720179822999,0.4555811837549727,0.12798007014098225,-0.051937467142788726,-0.15263344575542478,-0.20139829255732086,-0.22711751832215554,-0.26243390088497764,-0.32758730066871944,-0.4275058777456269,-0.5509450765940972,-0.6784991299583206,-0.7911730860972138,-0.8739935021333022,-0.920158101056866,-0.9273182904361765,-0.8991515462063244,-0.838085064139132,-0.7904523973074545,-0.7628551296913824,-0.6960592962601155,-0.5563280334683715,-0.3314532739941958,-0.03282908084320423,0.27016512591668995,0.5244822528070049,0.6661494665694262,0.7759202968505563,0.9623762880142953,1.2376003537858198,1.5300773132627081,1.803323232468133,2.1637826577274923,2.6259922768751127,3.182379330570966,3.7817885934873248,4.3744138556603875,4.900478791924296,5.3167169
7kg_16bpm,6AB,2.59567246,2.816842088300607,3.2616865251029927,3.802869658552169,4.067492944383022,4.119581412114279,4.109483509727679,4.125946893989762,4.2424353011637,4.4384300486155315,4.770083400274001,5.080983008180018,5.202852741936368,5.350405441389461,5.4995901818585295,5.59209311645491,5.627795250434252,5.411605258098023,4.988666980426793,4.466917635010794,3.84596946,3.209762696619793,2.6454767371467085,2.2007285987512453,1.8592590730492893,1.5617396493213773,1.3030764198054654,1.0432518599222984,0.7719763424362541,0.6015228116803096,0.526765994608281,0.46723470692761515,0.4889724661420553,0.6237297458397872,0.992278669261251,1.6776029592508124,2.5355895736018,3.4305175453478776,4.2195853330033515,4.785054860419515,5.068417300000001,5.059520435875865,4.788045602395372,4.315315990197504,3.741808801481107,3.1677182105785926,2.6843959885865987,2.3751782807856245,2.3169237932383213,2.3662838735111555,2.5411782298326857,2.8441485034894765,3.32629798855029,4.024992358281607,4.961936196942385,6.119391068861517,7.456322579573251,8.895209421000379,10.431970853172961,11.965680452468215,13.42609193,14.873707330947735,16.372926627590175,17.931840324654896,19.61770794573931,21.378731717847838,23.240905001742124,25.14017028823254,27.050896862965914,28.84123646077643,30.496744236991887,31.978684651289758,33.289125538032266,34.52129118169613,35.6450827633199,36.633890487766934,37.424542859590375,38.0039660784062,38.41079578271309,38.651455898480584,38.80524529000001,38.897054323017834,38.96700885585418,39.03454147953486,39.131005657769826,39.30568982953887,39.667178138930126,40.15876905690978,40.488335641485996,40.73125993214908,41.05042548059895,41.288735449807135,41.28556256462414,41.05746748408948,40.22485327941828,39.08532842554973,38.22967010725774,37.94964042453604,38.45986913514259,39.68852546375491,41.61913342
7kg_16bpm,6BC,44.41573678,43.51799361159261,43.0510064158555,43.044294545199286,43.36842716,43.76737914192053,43.96578960564631,43.801844642999555,43.311135910000004,42.58031840169387,41.7005113599656,40.707792176872644,39.53866385,38.246544292814924,36.86565983176016,35.40685665449071,33.88347181,32.40047724686697,30.965630256924705,29.687747372321645,28.51951711,27.50507218159105,26.641691894754914,25.902259917921786,25.232923190000005,24.685083739343167,24.229893364267866,23.927816993871094,23.798920340000002,23.69261940348981,23.564081681560403,23.47111371347119,23.338021990000005,23.207334044349263,23.128309832251126,23.13068013908401,23.18653801,23.228267028895637,23.288569524872393,23.313498045801634,23.26041165,23.131333289896432,22.95583561263453,22.750525759286596,22.539129730000003,22.35860750202832,22.210083176478996,22.07248294461295,21.96694461,21.829456569726865,21.697163069073294,21.56878143609204,21.437683050000004,21.30545722072278,21.190384295707506,21.141458218967824,21.207657370000007,21.409990389478516,21.738167877442834,22.167723979954626,22.637168130000003,23.08752091308391,23.52495635818304,23.91868297888594,24.28036586,24.643262796990154,25.060620381785267,25.574806820221358,26.188805050000006,26.89148886135758,27.671093505536252,28.46449901600649,29.219232620000003,29.870159436374333,30.37481704121928,30.708851812022118,30.87609425,30.87919344315762,30.780854367955907,30.64485070653896,30.549810710000003,30.57138789453976,30.780720726200485,31.22114712923967,31.904729310000008,32.75456745427366,33.73290135539345,34.74434314128213,35.59026620000001,36.31345199585806,36.86912082268716,37.409067428283834,38.10326038,39.049381044651895,40.14911151534955,41.19233960044357,41.7251887,41.60024763867542,41.066802740491646,40.22868283510591,39.06078568
7kg_16bpm,6CA,41.30210261,42.338540909658086,42.11098992108496,40.77756477354326,39.727338185182155,38.808429723522835,37.627043719978765,35.48475338526679,33.64767736589851,31.610965575425197,29.99302789875022,28.470826033075994,27.198113555182413,26.14383002437437,25.160669856511916,24.353700959392025,23.4646341602454,22.333535721368413,21.34930276383314,20.274452504892153,19.2458296272184,18.441701605214263,17.992066561339797,17.575438564669938,17.243069730148935,16.680799954531608,16.265368118056188,15.652571543713208,15.024568144823851,14.368527507895292,13.71467899653454,13.058729061344406,12.341930700634503,11.680721690840581,10.980653528049475,10.099887593225427,9.102938537003835,8.188028429069496,7.357840171583088,6.925966997021169,6.56562823978403,6.176036218796994,5.71852019187124,5.175881472281878,4.575468312786736,3.9767264738409174,3.4394995861609483,3.006284645833856,2.6330699524917867,2.2971702968259398,1.9872136300000003,1.7330834832652464,1.545518680259269,1.602402721417316,1.6458819315523665,1.620029616432906,1.5248789937508236,1.3828812021169419,1.2090430139883004,1.0090080675316873,0.7358258297281871,0.3642976700875127,0.10934583611107783,-0.0925414898828317,-0.23135007113186218,-0.29206997904219917,-0.26768564106577564,-0.1855526370858901,-0.08826145902208699,-0.024602758956713724,-0.026208640961166176,-0.10170500953571845,-0.2358685613045856,-0.3899654738245775,-0.520788259464637,-0.6028023363137519,-0.6251802298106555,-0.5895785823832113,-0.5189180943967275,-0.4518711522099271,-0.39156318675367413,-0.3199433201042623,-0.2096243531194736,-0.08361561308134108,0.01578601462096414,0.0740433245756595,0.11693383684420006,0.23248711148351026,0.5062728135765999,0.8937128937529016,1.3118989114762567,1.7256698910017292,2.12165739506856,2.4611057788104276,2.865035320569065,3.44044900799475,4.1277547365247615,4.825355014368538,5.43074467803649,5.914228117428786,6.24452008
7kg_16bpm,7AB,3.7335009,3.848191962380789,3.7783539532921515,3.699667476597247,3.5745579980300115,3.5434095992769024,3.671147648220584,4.01783302104106,4.380675975330388,4.742578675416668,5.074759359471446,5.339413452908046,5.499727901016291,5.208215694203634,4.946916385659238,4.67612117978777,4.3775671778525895,4.04916017118094,3.6880016375246436,3.211974788993701,2.6182059294358657,2.0547933438879493,1.5104923495874698,0.9271485233084171,0.38733984279469813,0.13046854,0.25864720774318284,0.3782934615918627,0.39802980060545573,0.22883118530395133,0.355390028834415,0.8015695511781376,1.4436865249191866,2.140837046444455,2.7372631678625665,3.1292766248314106,3.2520030795215993,3.120958568283256,2.7734471292048246,2.281607606736321,1.7406854586871874,1.2415185005912182,0.8856438859672776,0.7249154092534389,0.6885171877692796,0.7638854723191288,0.9110230210477688,0.9993013702456315,1.0233003383503632,0.9591602061465391,0.86403353,0.7978958873050808,0.9286649414173385,1.3684589611210187,2.1776647816443173,3.373057492285273,4.908999341887687,6.653187106199159,8.406691813587615,10.09876030907691,11.724655727557368,13.353654484194035,15.000412729319715,16.74822842175891,18.580964120796157,20.60125955342629,22.66223350151607,24.743644450884418,26.79004416188185,28.832844532347654,30.86546013895501,32.78349567708458,34.61870391669873,36.08716224524884,37.08056429092842,37.59572759,37.94416766495202,38.09062864579621,38.12330244257692,38.16751059636932,38.12446042306753,37.80965242122092,37.111699014585376,36.06234181152261,34.86652220817006,33.779015895412954,33.06731304261797,32.976225241818945,33.68282606247678,35.18231899697857,37.171483017686015,38.97979368557825,39.91011019265758,39.78502122512518,38.97032705907096,38.07567721638848,37.708019374593015,38.01831593460815,38.83359597158426,39.396982730098166,39.49322035
7kg_16bpm,7BC,38.25682517,38.21998629033325,38.56922847761163,39.2787669727597,40.231439634587076,41.2256373979773,42.1089424296679,42.6734093349574,42.842575053365984,42.62025487108565,42.06351914833057,41.27184648942836,40.29621569650719,39.219292281258575,38.09212052079804,36.902370387786945,35.64965361030937,34.32615823164359,33.01635929340529,31.746017028909215,30.45197704124661,29.179520831455996,27.934639789085406,26.68331351702999,25.585783645546407,24.562659628031888,23.67668359866258,22.901943643318933,22.20928882674318,21.561513861431347,20.986349199656097,20.489106579692653,20.121650058599407,19.903540722064324,19.847213068005313,19.888928070180146,20.008341115263036,20.14083796142312,20.24563034829081,20.276411505241327,20.179622615530825,20.055949421674654,19.925659151805217,19.82989556229119,19.744445193500194,19.73541986485129,19.802501285029226,19.92301239706125,20.086855899719303,20.235649560458864,20.491488700000005,20.753288484149547,21.060839581206558,21.365027572954517,21.663001312191383,21.94530856604051,22.151047452875673,22.335216268538286,22.561978559903753,22.85705939009435,23.26409874229801,23.81281360286366,24.508405214951967,25.31860881103085,26.184325980187065,27.02834967496945,27.80528936735423,28.50997469733826,29.112866305099924,29.627882437797712,30.07362585087201,30.456387585766617,30.827294450223565,31.220031485001805,31.591459523182763,31.94827484881629,32.285712451703915,32.55978573190508,32.68512921637252,32.77604603425903,32.84133486652314,32.95613184178855,33.15831209309438,33.469998773583384,33.89721670064791,34.383786031620794,34.824307997127434,35.17518107276032,35.41916878065114,35.66059252979334,35.999677602860515,36.59997126386506,37.50284502442532,38.66356263460235,39.941095738019236,40.89256459359487,41.3080143587215,41.37479718532121,41.54568230796142,41.719380363094416,41.54676326
7kg_16bpm,7CA,40.8319248,39.975859838779115,38.92196586609172,37.72796543211502,36.268869237268994,34.85417439212535,33.68908518045701,32.43592364663437,31.165132427896694,29.886232710401313,28.55262055941988,27.279644731977385,26.181229203607263,24.98582495030191,23.795466041560353,22.67881210554473,21.58093086731887,20.431963220292506,19.165685272548465,18.103597451969083,17.16911639989797,16.019547655995336,14.528619947753837,12.857617021854324,11.714681285628274,10.950193530000002,10.1030689657426,9.582961521488878,9.330166722336523,9.271234182474654,9.258956819089471,9.175669515791151,8.932055524605994,8.733041248630016,8.157814869803545,7.332996284118422,6.357458006297506,5.432573175605806,4.641106688345506,3.9703421748684358,3.424303686509628,2.9667482114287247,2.5534921886049777,2.1615386641328294,1.8017878304993207,1.480202650341556,1.168338623115784,0.8310150348616501,0.4640171572199784,0.08925535346102632,-0.04501022,0.006343831692984784,0.09847231843443699,0.19571763727495095,0.26602059340864104,0.29307564666381397,0.28159692294208827,0.2535313288524175,0.10075397636599229,-0.08214236222327592,-0.2895009783328904,-0.46179258965907943,-0.6261882624004677,-0.7593302681631348,-0.8372757720039875,-0.8591884668864812,-0.8500373983244505,-0.8599309644599025,-0.9198703074641916,-1.0370179020872476,-1.1752700801391458,-1.2800093208199235,-1.301633989317621,-1.2329489303734265,-1.0941737705430123,-0.9315354000000001,-0.7988450693380464,-0.7295070635873384,-0.7415601786857449,-0.8304531984343544,-0.947768805269514,-1.034157471684032,-1.0309153281497647,-0.9112936589730332,-0.7174533643352752,-0.5126915944069775,-0.2769052120938577,-0.00035064817235258387,0.2839241397848295,0.670825130736185,1.1195337383862305,1.4766178305553177,1.875819274247256,2.3244982916364543,2.847054401440674,3.4071615260857784,3.9374729031382243,4.4146368722818945,4.8796027613164314,5.341917619999292,5.69729347
7kg_16bpm,8AB,3.58029144,3.770490634229682,3.8899462888523364,4.145849899454653,4.359248333530475,4.61462961,4.966341146143238,5.280139428739431,5.607472999853268,5.912178639932071,6.14658735,6.304275601921623,6.151241868643924,5.759298468120621,5.432281982831841,5.201806940000001,4.965216202132193,4.705554565221318,4.345186951175123,3.8217152440347073,3.14367968,2.442134200815281,1.7537320119909992,1.1298448037869657,0.7079206443203281,0.63974921,0.7163333735502736,0.8558756554761623,-0.1759860763576634,0.029661921947998382,0.5874218500000001,1.5237542215069693,2.7566637218341423,4.353465010021905,4.612929022770314,5.19413011,5.460831732004408,5.298890740679768,4.7999063462618645,4.184361979057692,3.6505605300000004,3.321868703001545,3.182502009789599,3.1061318620833958,2.9667722965341494,2.652591450000003,2.130216669947351,1.4579534097265632,0.8530435925396452,0.43443450082795926,0.23073600000000002,0.23143812163244265,0.38009666652304613,0.7383883950544322,1.2973786449785942,2.03283404,2.893170207938331,3.9722253160313956,5.261882060849537,6.625054519162344,8.13133422,9.748922193139427,11.312360598702318,12.839875777484206,14.37918034462162,15.873698130000001,17.371920594874087,18.93627359350209,20.600057051990667,22.36559195580486,24.200769560000005,26.05739753908368,27.874584833627047,29.629805159691635,31.267050392535765,32.73101691000001,34.01046544052258,35.03557827256446,35.78510901219692,36.333792431720155,36.6773245,36.93087417813578,37.01603085096312,37.03385590529396,37.10364819512148,37.44261257,38.18412498657988,39.32723265928986,40.732931266983,42.09010393665967,43.04767873,43.39875354425396,43.37950875544421,43.20831467247303,43.102812013192064,42.680181020000006,42.353016883401565,42.22146621968991,42.36748709724684,42.841121340575604,43.09718506
7kg_16bpm,8BC,40.26732107,40.295286416963464,40.59652637838269,41.04727953207961,41.4864641141612,41.62094407,41.391817783865655,40.83208186106912,40.082515807333344,39.284087242845104,38.50588811,37.80091694327467,37.095397271253475,36.36527650554739,35.498781731139886,34.46875295,33.38110039685488,32.245182077883925,31.051469563781836,29.887329623830112,28.793279250000005,27.857167610599195,27.047787056367508,26.357034912543547,25.81894525979909,25.422434610000003,25.119369163112697,24.948615348386227,24.84283415831219,24.768722049297786,24.707740710000003,24.706667295891727,24.745856746560428,24.77151341865434,24.772518688896955,24.751249780000002,24.702675247207054,24.647775691006643,24.584060563460696,24.483735603711917,24.38925598,24.34884660475527,24.39061694826026,24.52433659781748,24.716481271182207,24.944321080000005,25.238115251918327,25.57810830067583,25.92494167383706,26.247735785895223,26.529690850000005,26.760313559199783,26.938752103729772,27.060270578006268,27.12491325746853,27.2111709,27.351883057016618,27.530193914993237,27.71626614374116,27.853808358546782,27.933541760000004,27.956473801134283,27.930889339180442,27.895327001336362,27.888986848904477,27.948976900000005,28.10034515869197,28.370691512311687,28.728520928947365,29.174743802702757,29.67922771,30.168418390074685,30.640931509300295,31.00703791748082,31.280954738423365,31.49147908,31.681794077745746,31.835719161147452,32.00141421485792,32.15192381506955,32.350856730000004,32.58031274108816,32.92522192765017,33.47179179509729,34.28707955575036,35.39794696,36.78981944243441,38.31252085088775,39.79382734552896,41.05861862351135,41.99462882000002,42.64113139482653,43.1621175111202,43.74638984784622,44.46340987561147,45.21784151,45.575014648767755,45.03237836531744,43.99249019190839,43.001980987810335,41.67681162
7kg_16bpm,8CA,41.82841705,42.60042137380239,43.48365919584497,42.78022431432427,41.371752349007274,39.122616979234465,36.3813354145528,33.566412184395936,31.34064871742856,29.682946824209633,28.269139372980398,27.048530791883305,26.025107330542664,25.000944358835582,24.03912671623691,22.937727750556736,21.704697209088714,20.523219070889372,19.60916502932029,19.118412051611106,18.57705651787442,18.34666618529438,17.925558971676082,17.378290966857158,16.604843735245606,15.7893669321619,15.091772724213286,14.527502557936966,14.078753206207217,13.717126124117318,13.39760532298211,12.9838779710064,12.554677058770007,12.125007580727448,11.401263816469914,10.314047275834051,9.142310033979387,8.070015930503818,7.161755299476662,6.4493451711329755,5.760628306862505,5.173334438626732,4.70264732804958,4.29877529607925,3.9131903734851075,3.480999433321243,3.056180405355862,2.6074588449633986,2.2402531376562815,2.177053506142648,2.2987377624827556,2.4440564579743564,2.568770463279499,2.6562907726342364,2.708739040646098,2.7304209445005476,2.7246607990868563,2.6857361192688587,2.5885800335692157,2.408995372852158,2.1442812258056785,1.7275009050834547,1.2711465549494216,0.9268278216746847,0.6524576871789102,0.4199875496144811,0.19851066608511864,-0.03855632912500529,-0.29033491598329086,-0.5273362499188837,-0.7096359024987117,-0.7993345927737361,-0.7875974935370907,-0.7080833611335505,-0.6323557682825909,-0.618946256588053,-0.6842136719067557,-0.8061716354308025,-0.9452182907685722,-1.0682804855566734,-1.1544187773762875,-1.177913599309077,-1.1711796363192217,-1.1558481888945247,-1.1352914567536039,-1.0650078672383148,-0.8730555765661419,-0.5237486927390376,-0.03131258271067657,0.43428527565645514,0.7479353117311205,1.047562983764601,1.3093144021633893,1.6649669696139529,2.090709482333672,2.5788716079980007,3.0862777614695647,3.581008379963267,4.026883393453821,4.429684086357284,4.78776451
7kg_16bpm,9AB,2.96188685,3.4311620367956013,3.6600568,3.825047562630354,4.024014870000001,4.141711683925973,4.26606946,4.398971136969057,4.525964800000001,4.6708654449330975,4.83100398,4.878868465259838,4.58347695,4.365324029055292,4.19317277,4.115399521365023,4.128629860000001,4.070637308713497,3.8211476600000003,3.3413689442831562,2.7059064800000003,2.0057893323123777,1.38426272,0.880615892973225,0.49550842000000006,0.2519528493299296,0.18534495000000004,0.20434802562043727,0.20657224000000002,0.34110723465733117,0.5563539100000001,0.7789187446983428,1.07933736,1.4285371435288448,1.6900153500000001,1.8367349180517296,1.82089562,1.6071325190312262,1.2579364100000001,0.9192929448245213,0.75435571,0.818462395093664,1.11788303,1.571831157804948,2.05058898,2.3947976265490336,2.54580849,2.5567403841452947,2.51316096,2.5071474628956456,2.6352585900000003,2.89884516028113,3.3517253,3.9434607787356115,4.648323900000001,5.473554292967089,6.435443460000001,7.536030016975819,8.833166520000002,10.335452560540393,12.052473140000002,13.997042526173777,16.081499870000002,18.29134520342323,20.580885660000003,22.901908805818515,25.102174500000004,27.074592574013806,28.642655250000004,29.794970995463736,30.631796490000003,31.291238173122196,31.899955140000003,32.62145811968233,33.47915324,34.52232737714685,35.71041054,36.8081357236818,37.65632315,38.21805067764961,38.598036470000004,38.9649836147889,39.508056020000005,40.388234959578,41.44283671000001,42.48196652340564,43.148379350000006,43.34538343707909,43.267504040000006,43.33398707598205,43.658670560000004,43.899324579354285,43.82256205000001,43.24247311384526,42.130470880000004,40.88496016069227,39.91735638,39.6809857776562,40.15851467,40.88583100993521,41.45082612
7kg_16bpm,9BC,40.78295349,40.81679151607179,41.11899601324108,41.64626888437105,42.26249454032686,42.83131808,43.25565700841694,43.547064850441494,43.71171246512273,43.69867088799384,43.5131749,43.066549177384445,42.28770810572328,41.194363031547375,39.873219084224246,38.37469320000001,36.92548361963916,35.529483815218434,34.222136562815095,33.07430873444754,32.034375360000006,31.10703974017484,30.21675796833381,29.361266874416813,28.567774838687328,27.778676080000004,27.012250916275196,26.282998038553412,25.599350623469487,24.97860112310501,24.468362480000003,24.086436331781982,23.83339235041558,23.7120067661256,23.695894748066927,23.767271300000004,23.8838754791013,23.995162798254672,24.052455126214607,24.01459906932146,23.8552338,23.574565821282885,23.204770331216185,22.786805020131638,22.357014831634245,21.955767280000003,21.614590073257528,21.35847465322567,21.202996825950798,21.17531245248472,21.28504938,21.532381802794365,21.900046912706426,22.354072289550313,22.843726662164624,23.329799680000004,23.7767382577481,24.22261797280702,24.6248774618033,25.041896511937374,25.464411290000005,25.8931463871925,26.321169890808935,26.74246666768961,27.160456779270806,27.58605078,28.05335004597962,28.584344200763297,29.1923972647931,29.88552542162509,30.62934836,31.36203778573387,32.06033559177503,32.680422000638366,33.149896909735524,33.48190611,33.70993519758387,33.83058833256154,33.85243276311688,33.776964866155495,33.669221390000004,33.60314149264459,33.65220236988251,33.882203036201396,34.32366971984736,34.951655630000005,35.64757155672623,36.28852026356163,36.76353521401181,37.075967550200765,37.283745200000006,37.56387899578402,38.06404427691801,38.828436656523536,39.80815797525019,40.857638570000006,41.39725732186669,41.170645498711124,40.242013781855846,39.38491582236484,38.70807554
7kg_16bpm,9CA,40.42287927,40.44964781566199,41.16250517083433,42.85930883522018,43.04722412852593,41.88923122058367,40.436830978246434,38.43255890332029,36.32509347791924,34.35387197336002,32.880759133734486,32.02653730192005,31.624903340533837,31.394426161565633,31.099140945554673,30.574733122830814,29.76570124589393,28.7266388850424,27.576589318193886,26.469309914607216,25.346776901632786,24.444172879173887,23.821701977648193,23.190395842782323,22.460787008689767,21.667984910000005,20.852678100100892,20.08944255855524,19.414272201119118,18.84222751312247,18.34829822493441,17.883092463745818,17.396625957489714,16.838238170811152,16.185798639597795,15.439715481831303,14.64129736428934,14.174502716068085,13.601382601684682,12.79514099151614,11.83177086047468,10.912431427477307,10.086628887203817,9.242798351741405,8.357749879919295,7.427734672478364,6.4736225571385235,5.536894792662332,4.694093024174107,4.063861126660898,3.6417911500000004,3.4660486558379056,3.4429386957368076,3.4351861053231425,3.3881323309951914,3.2463101892785047,3.015874899158464,2.7386675217460237,2.4693830490484103,2.2519536733219483,2.1045621110295727,2.0160214576317776,1.95299346265053,1.8649451819013214,1.735655827954628,1.5207300291116166,1.191672862115675,0.878058889898115,0.5879167391234972,0.2696560236191877,0.05278281718941867,-0.08479969484022944,-0.15238066836634795,-0.16520133451067232,-0.14731505486501803,-0.13188875,-0.1453118734065621,-0.21099835530007818,-0.3460016722217424,-0.5631540901262153,-0.8315536832403042,-1.1247313461750204,-1.3868866830726643,-1.5876930673193428,-1.6522731359446075,-1.521414568528568,-1.1021032745111086,-0.47283044236971944,0.08634063996891117,0.5464439350288189,1.0069141135833934,1.3694468805735949,1.782784757792537,2.2703956000626038,2.776023123624467,3.231727981986588,3.618135654942617,3.973470069839909,4.328733353247308,4.663392320839998,4.96256883
