cond,seg,p000,p001,p002,p003,p004,p005,p006,p007,p008,p009,p010,p011,p012,p013,p014,p015,p016,p017,p018,p019,p020,p021,p022,p023,p024,p025,p026,p027,p028,p029,p030,p031,p032,p033,p034,p035,p036,p037,p038,p039,p040,p041,p042,p043,p044,p045,p046,p047,p048,p049,p050,p051,p052,p053,p054,p055,p056,p057,p058,p059,p060,p061,p062,p063,p064,p065,p066,p067,p068,p069,p070,p071,p072,p073,p074,p075,p076,p077,p078,p079,p080,p081,p082,p083,p084,p085,p086,p087,p088,p089,p090,p091,p092,p093,p094,p095,p096,p097,p098,p099,p100
15kg_10bpm,10AB,0.28607369,1.4003873574167165,0.9976933679696854,-1.575490297394487,-5.886401706226635,-10.303661996369456,-13.473740409995369,-14.718642126936704,-14.501012665303739,-14.290344774830418,-15.288016430000003,-17.42112810679719,-19.728220378686657,-21.363163213711456,-21.847754206459076,-21.287774709240207,-20.260313237936327,-19.330057689004896,-18.536323415922,-17.517125809945437,-16.16066154,-15.016081383475008,-14.421415814478298,-14.161622941466948,-13.698389988603903,-12.842430237907552,-11.644758074487566,-10.202804206910379,-8.392356030790092,-6.35065068895325,-4.409683760000001,-2.8519072993174337,-1.4970536594067931,-0.3102208152770081,0.7748645876870014,1.8538846957140709,2.8057300531332916,3.476755148380075,3.781437717038218,3.7330874285151627,3.4476761700000003,3.077652429868732,2.6784100695854773,2.1752025590517094,1.5258489079505198,0.854381909541628,0.21294058811302327,-0.47458738282857504,-1.2120892499760205,-2.2299264887557886,-3.513307590000001,-4.881275174787168,-6.046304841534707,-6.818465892060308,-7.2121648480372125,-7.5198844714732385,-7.912501610460211,-8.035230876627656,-7.98880398949774,-8.57320612277598,-10.34227633,-13.288084831255645,-16.639566901822583,-19.408956499693048,-21.2148037840537,-22.41092150386592,-23.550269148846226,-25.119547729345193,-26.860695517036884,-28.172259440061246,-28.2341121,-26.88957640336911,-25.177013636523263,-24.67958154826336,-26.053362716864463,-28.69061768655827,-31.247212235685204,-32.521017304311655,-32.095917793897286,-30.520326600766047,-28.884485040000005,-28.12866786289281,-28.538181148615518,-29.923682379802003,-31.80525256241865,-33.241258415607206,-33.15769869976941,-30.80139110281675,-26.50361434774233,-22.132146977829738,-19.87792941,-21.308876242036938,-26.966712703692277,-35.96003968449083,-45.91315973442941,-49.419479225191566,-48.461669661290884,-47.48030368200671,-39.606441532734316,-25.16132874898161,-11.48428091
15kg_10bpm,10BC,-33.30246499,-41.96937681547432,-41.630281439952505,-41.225277770015644,-41.2526272974057,-33.70270237878719,-22.450166770401907,-13.21260637071822,-6.9252729348733215,-4.012397891410473,-3.692703644503042,-4.638934704259958,-5.696142591837317,-6.373547201314567,-6.66351878590613,-6.519814773845157,-5.800976679423274,-4.470484458912005,-2.621897796579749,-0.527842344568084,1.18812422,1.8613024217496987,1.5248275200129042,1.076202447182248,1.7167600636335907,4.179039535342748,7.931070133431872,11.517836201925867,13.421882618470612,12.703223911534973,9.795095214534626,5.77071263712,1.8929368879213582,-0.7842460187435274,-1.7716206273596646,-1.2364719423073958,0.2943355057798652,2.044327283532091,3.2294814019434357,3.411406364659174,2.570338060000001,1.1421041772117524,-0.5600463156622411,-2.175324347171604,-3.3485461241424055,-3.858296461697697,-3.7789837711056506,-3.3551469512009997,-2.858619418129348,-2.5965880629129257,-2.6931456351869136,-2.9626892797360664,-2.9637175909033036,-2.2942625845803946,-0.9405255860609181,0.6330841500345135,1.8220806003664292,2.2389554504224742,1.8995335573352843,1.2583208103724302,0.87652338,1.0176896616416606,1.5922620870482205,2.373415244235356,3.1656776105648863,3.839589660243708,4.310807959358409,4.542214806833423,4.593220649159891,4.587873106357504,4.6737775828844175,5.028665856705413,5.763537700475743,6.803350884430576,8.05370493811291,9.25434828696352,10.174103476281147,10.742133902927794,10.945675240661267,11.024172795145313,11.278294580000004,12.053236678368933,13.448521643950606,15.264502027968163,17.23586517463533,18.94766681142628,19.91011673555549,20.069676993742824,19.35449036217869,18.052743280448457,16.907541579087813,16.941406682226752,18.965471470051842,23.21055830764475,29.114682449701426,35.269106504774,40.430463325728105,43.45195009544046,43.447021238518886,40.307656428850244,34.15808833
15kg_10bpm,10CA,46.32838016,40.554149399585675,33.431878467379065,32.271058722144986,36.820651318385885,43.66274905124039,46.06892170003029,46.34340410896818,46.24395529385563,45.83136047176328,45.30761172000001,44.74460566302983,44.15227715222439,43.57355387440645,42.975974317144775,42.34514938431541,41.56531610356282,40.5857376229702,39.45480394887014,38.436109112908824,33.54445626,29.9634292533659,28.282863022970616,27.695697822197623,26.960808648230245,24.8854773563282,20.857123088540796,15.805324493867534,11.15069793877082,7.911041239973675,6.3361259,6.001387975357123,5.901961754894038,5.142936665023032,3.5712029980858357,1.327288647701169,-1.0385756537131452,-2.4630680670301803,-2.390696802988702,-0.8081771711072002,1.4716446400000003,3.130917957468579,3.2461801648414306,1.8795158951082904,0.5733380769606053,0.82468250083304,2.455664298555008,4.551874520532863,6.329651532422132,7.504204009370532,8.04402104,8.364304868048828,9.126396181708932,10.338764666062255,11.509978747916971,12.55063710761876,13.42746953538157,14.190321419719778,14.722874984319121,14.8156372606628,14.257048890000004,13.230855384169754,12.424888205165034,12.05094878665661,12.045010265846066,12.324154981590313,12.712944401090436,12.995502240397132,12.993299094628675,12.581563611154102,11.822120280000002,10.993971183896782,10.295813936917437,9.821294453401212,9.79241070788552,10.314565097764154,11.188322350550449,12.133915718855972,12.69767764659757,12.4673991394117,11.4229967,10.074134160230193,9.02121709140476,8.985403339425485,9.717810162491924,10.46681356602153,10.504081400006525,10.057048749755372,9.296399391205275,8.507715571146068,7.79448169,7.124469513253669,6.387203815749365,5.534025194356803,5.000685918912982,4.6553469949179895,3.839946826018792,2.126547410872208,0.04421322090024364,-1.6007840802971303,-2.40725742
15kg_10bpm,11AB,-1.62813312,0.23626163722413748,1.5968019910990063,1.1175565849937603,-1.6133108433909331,-6.664197074030475,-12.682857220484145,-17.546125186660813,-19.644550306557242,-18.71354361878286,-16.26068246137862,-14.47563531396408,-14.682142119101613,-16.61939927311073,-19.030431603404836,-20.996549854385275,-22.099621971717653,-22.424169917055913,-22.281979636993338,-21.831949201670653,-21.331669852886247,-20.571402698251106,-19.391381728886376,-18.061088748655155,-17.018182007543842,-16.308009239999997,-15.545256793573806,-14.406894780229404,-12.920663097403759,-10.99384043835513,-8.57113163896851,-6.146150209589647,-3.998374112875948,-2.5959822718504206,-1.8061912044508883,-0.9673724679897936,-0.013995154149046217,1.163589588964473,2.399880445176153,3.4871983867398244,4.296352375610991,4.724070372987322,4.706196979590237,4.219506889501199,3.3413273836710773,2.3525618117487914,1.4870163825646188,0.7767143696893093,0.05518241795506564,-0.999501644397638,-2.59180311,-4.7453763624983285,-7.085448244356019,-9.169715872640907,-10.69376191195563,-11.727336693023531,-12.45771024911375,-13.358222437114655,-14.842174426355701,-17.179330244836205,-20.299374904249152,-23.412272280190443,-25.403831533622366,-25.523641161577405,-24.152895673991715,-22.66828936070145,-22.119523428612336,-22.467134458566793,-23.214618010421884,-24.199830934515017,-25.74048055953365,-28.326103847897123,-31.762078029048194,-35.176474688964184,-37.66374012537796,-38.93188205,-39.16419542476465,-38.646519099140725,-37.60479235564294,-36.33349141728791,-35.27666967993627,-34.67779015483902,-34.349087080920704,-33.967991397921374,-33.48962088787903,-33.268416275049866,-33.96369563583895,-35.82225970272549,-37.95985590465432,-38.59026717147926,-36.05866516942093,-30.61368850415289,-24.809030594409926,-21.943121538439186,-23.33637620505434,-27.00766648764875,-30.131598496959725,-31.468336482064103,-31.994504431660378,-33.37369002918367,-36.44319889
15kg_10bpm,11BC,-36.95778442,-39.16808465516369,-39.010969857405044,-36.16962822192193,-31.21483874048467,-25.164682152243028,-19.476769525576348,-14.954665612573685,-11.968119840282505,-10.25892284024941,-9.362452022969283,-8.996549694409651,-9.003228415452604,-9.180767960976794,-9.293216260967966,-9.15167759150001,-8.765316899809548,-8.11411012624581,-7.111591755785415,-5.815015822392038,-4.378587696674509,-2.7424372850834344,-0.49160674243084657,2.685895678051196,6.033006513187574,8.422238443126085,9.052693094783367,7.768535460056398,5.1540994577452715,2.041772794297869,-0.7162656433794521,-2.4664120889426533,-2.818201565478782,-1.9757664728287363,-0.431983578542355,1.0028770732848993,1.7380717027339156,1.6597694068186375,1.0810919590966959,0.47914701968679213,0.24096745753607818,0.41412102453082494,0.7198637016628958,0.8202096901930039,0.4932776608553112,-0.2638654867331911,-1.2590750564575492,-2.2702772503968665,-3.2023722215764683,-4.024596042905822,-4.710637890339687,-5.257938047170211,-5.667444905230024,-6.031686969825607,-6.410768506053373,-6.87943848570267,-7.577848374696944,-8.524303725437106,-9.575417841418465,-10.385649012861428,-10.47814824321206,-9.485584495854544,-7.445093786765231,-4.9535449736733845,-2.6258012627114473,-0.7137257169564636,0.7877433075949036,1.952865423946442,2.8585239657727146,3.5983019463818477,4.310913520769572,5.202277762058325,6.5325718230099294,8.332961184494446,10.197945673693582,11.589209159363879,12.184475371669452,12.21538245822644,12.23804088146185,12.724290313776155,13.762222447430036,15.057889429791839,16.186765357548946,16.639327244168015,16.384965716693305,15.834444606548553,15.597427476143851,16.119575296403397,17.325909199621673,18.55090485040501,19.509840779657818,19.980476791457402,19.898346194089925,19.294230953914653,18.493842209797474,18.04806504414953,18.113137112664628,18.5874927055079,19.270117850324304,20.25948352604612,22.34673974
15kg_10bpm,11CA,39.36565422,27.198008717740112,18.878087556105775,15.762209923631762,17.49929478758448,23.16575333972652,30.246328701745313,37.611308842107135,43.21338772086473,46.16298253404353,47.14924686934645,47.669355718997295,48.82152915949125,49.30678199938636,48.717478520468774,47.68507047761317,46.314556255206746,44.198020518576115,40.254481265866694,37.66679827362061,36.93154259289951,37.17927776919102,37.22884941805624,36.258288768487404,33.97020018895654,30.792536713757425,27.600251985931248,24.874050703133,22.70754107610879,21.066074213168708,19.64359498541426,17.872847767520806,15.28978963098698,12.11391700662356,8.951363523327915,6.576835258722217,5.424080872501262,5.3092685434215054,5.656166130237931,5.76313725027885,5.212372477533931,4.214951078582981,2.9631411427448753,1.541982502300725,0.19537409673547915,-0.19468746696199785,0.8761075961525284,3.056473268974599,5.49263379649552,7.217352852449788,7.571391850000001,6.69807211671312,5.647213353505156,5.324325751492701,5.997936646367371,7.66930630507986,9.979295579333714,12.341358775702949,14.444614736050118,16.062111753077986,17.009281938591077,17.333460556556968,17.65771878173387,18.51454110180108,19.716242919187057,20.49674897509246,20.339279504681485,19.31203213317803,18.078729286015935,17.403694710614467,17.400804080434604,17.709885405268132,18.02716658035368,18.204613607733705,18.16497625006099,17.89620113542208,17.46916924480494,17.106638142051505,17.05535083107919,17.333068649729448,17.407234853903567,16.705285595059113,15.019273784575192,12.911590368085832,11.340511486632696,11.05782634087227,11.93918138070498,13.5145794426691,15.451551095613919,17.159659155003972,18.24847507042453,18.590961438290673,18.038277595818617,16.468252835209242,13.915902073671154,10.897945268431375,8.461835955700003,7.616087184188449,8.385670267277312,9.933224312704064,11.57847448
15kg_10bpm,12AB,5.58701151,5.6920448575247935,3.626263559314587,0.07304325160984503,-4.5063057449676736,-8.507343955325778,-11.235594065609279,-12.04295917826943,-11.990250949015138,-12.181181680994433,-13.649226191582867,-16.45672848983524,-19.61078534837611,-21.806107939648733,-22.44252533317342,-21.798361829036203,-20.30037620969172,-18.688593508558515,-17.61772522667309,-17.043730404155575,-16.91728996,-16.778469624830514,-16.488380248948367,-16.13732770293858,-15.658824086371228,-14.829797249705354,-13.266329987867554,-10.903968104053984,-8.056205676245689,-5.378423050936712,-3.4324480353280125,-2.07617914355299,-1.0715368118956228,-0.2555236413751752,0.4778758160817184,1.2820536118646546,2.033585828229949,2.4125487786678286,2.2723530285387477,1.8868973479331597,1.6216143300000003,1.515626218431456,1.4355304608062032,1.2140964695857113,0.6221445933390205,-0.6213986532914461,-2.535865154904781,-4.649520123406632,-6.194697755117514,-6.407688301078493,-5.182051667368447,-3.7329561478113344,-3.558582089870807,-5.308481410751334,-8.691193397875123,-12.54612708132285,-15.349529036731981,-16.453512122320628,-16.532118349130993,-16.54056542197232,-17.034215639999996,-18.062571110692776,-19.377035721654725,-21.14665552070175,-23.90287914112389,-28.054689381295983,-32.695294014106935,-35.58660800181541,-34.76623059769427,-30.52820944750597,-26.084097568820255,-25.2420108127634,-28.709192094020462,-34.02094315802927,-37.82256151366202,-38.56435277932452,-36.711653065176264,-34.53155432624774,-33.56512187690198,-33.6435992084461,-34.044514830000004,-34.581028500036986,-35.057693057396804,-35.24295198319901,-35.00563254378755,-34.53229095922116,-33.71467532535455,-32.39316458758746,-30.70491654929367,-28.886477978110346,-27.068518934574506,-25.90806248436744,-26.95344199134686,-31.95821662949507,-40.300434939015396,-47.05316205270264,-45.68132209049544,-44.013629816348995,-40.9002623403997,-23.521335878066388,-4.6243475
15kg_10bpm,12BC,-15.30004393,-22.6727540748032,-31.00384475733204,-38.72517707653419,-44.117224745605604,-44.76706266870139,-43.304867988250116,-42.32810110264629,-38.037662097460526,-32.4393544967442,-25.853784731795415,-19.19982747327434,-12.877448401181894,-7.626621903551201,-3.8918520242442813,-1.7241352890569455,-0.3453605107855372,0.8321487459196364,1.9192560814308228,3.0074268679637095,4.111557018566851,5.3118749265739105,6.564338590234633,7.707058083448809,8.716649403375632,9.807051260000001,11.427144530338875,13.655589673553271,16.429494782072904,19.07240720314357,20.54618187897106,20.293604876850825,18.480235128334467,15.918715764944784,13.48360135779174,11.76837775607095,10.676076916645856,9.955191017122752,8.958549418668154,7.648805623923859,5.98212357577385,3.8807328880754883,1.5265691193822015,-0.7303141487226625,-2.6741411377267568,-4.280732693302431,-5.620907479028708,-6.846307250759262,-8.091862683222272,-9.371550354332841,-10.628440309999998,-11.738711357752393,-12.444861994414183,-12.580974245372515,-12.23758799374911,-11.674332066924219,-11.104023942424224,-10.63652088309876,-10.197077267556654,-9.623770464143615,-8.825947893582173,-7.816297247535779,-6.663013640667377,-5.509197761918162,-4.505746505171103,-3.6868754612155037,-2.945132395965115,-2.124640176875318,-1.0445836637758805,0.3446428611150101,1.9131982943386783,3.292892224982239,4.15358737409097,4.372383411198127,4.158471924271163,4.11509158,4.987769593442168,7.393166881946467,11.514653459891155,16.461229613505267,20.43166857086032,22.155932451144437,21.36255218450376,18.82441174120498,15.8382359144952,13.527016209430778,12.426976896987634,12.352876277411193,12.805100606466773,13.160372169416517,13.856062889607209,15.399592857212998,17.889869941564108,21.017045206827927,24.082473973967794,26.585985774246428,28.446645601807816,30.38429644620718,33.08664198498998,36.234322858799615,39.06699306
15kg_10bpm,13AB,-3.97799518,-0.5454415033616878,1.378129567277392,1.2277408944754133,-0.7632426398613885,-4.227153624390215,-8.084386165775655,-10.472093368408874,-10.821106553272303,-10.062883960193686,-10.241547462204762,-12.78259590796164,-16.86393764722784,-20.756145156410582,-23.45698777861886,-24.699588775788648,-24.95609790226049,-24.67026607861611,-23.806765543730535,-22.39176624738809,-21.278949432360214,-20.818379043610978,-20.554605143661302,-19.70376558096276,-17.917463358924152,-15.629601787805653,-13.712998367270808,-12.51813237715816,-11.57063837647384,-10.353392226281107,-8.6555092202656,-6.810949519458943,-4.739888811659199,-2.522899910829345,-0.14529579678323004,2.010864839648261,3.7567427095823476,5.000808777590187,5.7015918707874285,6.002742050810742,6.2167073622334454,6.500406390656957,6.639898492130684,6.57181078193199,6.401522872210557,6.257267898683054,6.298520764963573,6.347601793334309,5.643422339441321,3.7936673455710177,1.1910857760766178,-1.542213669345061,-3.8091527119107518,-5.2546738359942475,-6.229890864354997,-7.321051401994004,-8.74224867981959,-10.245396142108543,-11.904363763098242,-13.635617388728168,-15.05081788588938,-15.546652447068258,-14.789333767596037,-13.476212442266245,-13.75494290076108,-16.697836670242665,-20.648517318068578,-22.834967689021624,-21.75221305568229,-18.709965437958214,-16.788086003197204,-17.938559369891248,-21.749767717770702,-26.222157566257298,-29.21327128986536,-30.012824212947642,-29.467012338409923,-28.803010201377532,-28.95882222771679,-30.128191730742635,-31.88438842267522,-33.37413211125402,-33.690541193805316,-32.383929935690404,-29.956531698135688,-27.550566572248705,-26.51867026408399,-27.218375681139676,-28.513094900350307,-28.684619120689582,-26.493659479856756,-22.274728006129717,-18.051387813390807,-16.938369109581608,-20.149137894495052,-26.696509865333134,-34.59389917766144,-42.28461558210525,-44.89141631921879,-43.00903899886202,-41.3504615
15kg_10bpm,13BC,-49.30505409,-47.679763783800816,-44.92528251596853,-40.91257986685325,-35.94373887025089,-30.571040626381258,-25.34496292780287,-20.68027643131731,-16.48932129729327,-12.763103493549776,-9.78702400124135,-7.941187322160003,-7.296467767220592,-7.333336597865064,-7.153773640996199,-6.1979709979716,-4.4964586630134376,-2.631484493987854,-1.4209892622998095,-1.2801247164406062,-1.9108324243602892,-2.414877294872135,-1.8157743053145237,0.3611735400959535,3.797801493035683,7.40934683238318,9.833484530323874,10.150176929309026,8.565829882407703,5.800319363781455,2.7265645314233855,0.12297727958081303,-1.582249685374636,-2.3770811080322014,-2.7333366695566754,-2.964960377866705,-3.4478824562749466,-4.343706692534607,-5.600363379204905,-7.007960001253519,-8.49216125015625,-10.032280337067156,-11.424474102884913,-12.396370778272475,-12.726518711402239,-12.320479944077375,-11.357123754617799,-10.013511682395599,-8.534549999806963,-7.127605404987941,-6.05327411998195,-5.449273138841647,-5.422511662877889,-6.018798638898274,-7.079821165143224,-8.22697171659153,-8.986567980249372,-8.797683573335433,-7.325291306828713,-4.803007131495167,-1.9412030290953535,0.41787610505336487,1.7294500536578128,1.948357737767569,1.458929832589615,0.9351629289276893,1.0499946116320336,2.199576824112424,4.334079942720686,6.861270690298331,9.054695780184353,10.24267866001559,10.175975895276371,9.070951776161387,7.585141485161922,6.5084554492857185,6.34939560393485,7.088457836385545,8.31515560589845,9.480887438428182,10.24026904437394,10.646950061891829,10.858618170269116,11.011930852687742,11.202108082275824,11.331310474616332,11.16071772677125,10.315098599269643,9.333149615378272,8.817075762925926,9.384446853848704,11.187095680595267,13.8564682633391,16.433770368314214,18.094779155421296,18.553295116748853,18.225537645185042,17.751123704291842,17.886956743823372,19.224730662748694,21.47333917
15kg_10bpm,13CA,42.3647362,37.32738773902353,34.29395850830698,35.5268976363385,40.4170669388315,45.980780011209895,48.80669331434627,48.90948590254955,48.54664974049813,47.69764035660188,46.636887281002004,45.47638134167952,44.309185464715064,43.148249153847196,42.20179526431297,38.68517419248381,35.053240793310614,33.82901618646292,34.75347386381208,36.188994629272294,35.79234947484302,32.067083867599166,25.679244059775826,19.118625503925458,14.564924869132938,12.61744578501866,12.042818497964815,11.440255959565919,10.335441014646891,8.961988236191802,7.795454736492463,7.074117568869038,6.733860015620724,6.7088105394854525,6.670370231900091,6.309572305568739,5.474576360630105,4.2271911839299285,2.974216605154552,2.4912573218875043,3.0471357141613193,4.291335938671724,5.616488906278165,6.565297088271634,7.169691218135989,7.725459379232522,8.337991416485863,8.945379424552659,9.494537152330526,10.009004571381654,10.4820105,10.917299911347685,11.257150526449403,11.57603496586488,12.070697949222893,12.690451813498875,13.202661258540923,13.437873472741627,13.447822429736341,13.206433348940335,12.755327003011427,12.362653548626792,11.950599548618928,11.373687173648497,10.705828269982932,9.989935719734312,9.362834602164778,9.02421646231743,9.045690644919059,9.287909694278287,9.418794256230168,9.309472811144364,8.934615627475685,8.283653095426976,7.431528888079458,6.4652210376745725,5.365926050181988,4.274769166928577,3.3909303449693233,3.0591133479260106,3.496758339499995,4.526849337874188,5.531419124559236,5.718142531862291,4.702092004112805,2.96871331872389,1.2066524714951725,0.03165756267318386,0.11568874347225191,1.4278283817463784,3.145544843488802,4.483956679731163,5.174082798612541,5.156489583684097,4.603142911116775,3.572174342868856,2.233396942073362,0.9075532334738857,-0.1685494567579033,-1.153881195040053,-2.3438156
15kg_10bpm,1AB,-1.61977808,-0.61172787,0.66021944,0.9009525200000001,-0.49302995,-3.10460877,-5.91536801,-7.8382942799999995,-8.54564369,-8.281069930000001,-8.03139325,-8.41416884,-9.58473156,-11.3107433,-13.137072300000002,-14.46993098,-15.06565235,-15.125463390000002,-15.130007790000002,-15.618022560000002,-16.41019869,-16.648941909999998,-15.998943500000001,-14.933441410000002,-13.904227630000001,-12.993181350000002,-12.36751789,-11.62082286,-10.284918010000002,-8.47256274,-6.346682350000001,-4.14872388,-2.08769555,-0.23829453000000006,0.99644217,1.82050463,2.3757649300000003,2.82298868,3.29701402,3.8965504600000003,4.566707,5.118041100000001,5.308655380000001,4.866467800000001,3.73325782,2.2977387500000006,1.2742004600000003,1.0993381600000003,1.2638985000000003,1.01323066,-0.04228364999999998,-1.31870975,-2.45873612,-3.7690978400000006,-5.2381277,-6.89378788,-8.728070590000002,-10.536111530000001,-12.120070630000004,-13.597843320000003,-15.420317770000004,-17.927784740000003,-20.958213890000003,-23.973972090000004,-26.199017280000007,-27.007466690000005,-26.584677640000002,-26.089365410000006,-26.591027900000004,-28.061361440000006,-30.224377390000008,-32.778997030000006,-35.15481852,-36.53423266,-36.31591559000001,-34.53901155,-31.879558790000004,-29.494366460000002,-28.64352908,-29.444318380000002,-31.128608060000005,-33.01036465,-34.95644153,-37.19797716000001,-39.54201815,-40.97273033,-40.362803850000006,-37.49372278,-33.0251564,-28.679420100000005,-26.395543160000003,-27.135707860000004,-30.06827748,-32.81565590000001,-33.78168986,-33.94547386,-35.25591302000001,-38.185273480000006,-39.772196300000004,-37.501390210000004,-28.81191362
15kg_10bpm,1BC,-40.85171432,-40.798360768780206,-40.748564030593016,-39.12578421251728,-35.08269735326666,-29.024335307591763,-22.233997151471243,-16.58372824290122,-12.456297561799499,-10.558845402175193,-10.862217246136773,-12.601652033250499,-14.428626118696116,-15.015834411004377,-13.7606657890114,-10.941178804612981,-7.405743464977771,-4.197523127840122,-2.182568389518897,-1.392746861126556,-0.6024027827221227,2.105007784639405,7.385790196550002,13.334067028029445,16.93214302898824,16.744321858384122,13.220657809815899,8.407420101016564,4.297070831620715,2.2707446791730144,2.329031248244444,3.3232734501755985,4.039438745119922,3.9000450689827706,2.9117484896227173,1.3642289082825447,-0.38364372494777516,-2.0659741825540183,-3.4117897763027303,-4.133719610832476,-4.286292149184928,-4.2432512139964125,-4.35756409197129,-4.7880345340858135,-5.588273749625989,-6.559389196562949,-7.2746503168947125,-7.301744649845405,-6.627208167722702,-5.478587530295591,-4.253525459627416,-3.452919659879039,-3.1405419525623572,-2.9844088249623537,-2.446060642019704,-1.210287712488033,0.5317907567274918,2.2730362388090337,3.6378805259116804,4.59456248408607,5.27735656059544,5.813964724695851,6.281001862601309,6.752292600449349,7.383918596574536,8.354745534790313,9.820195435095693,11.767959073390267,13.791467677600098,15.327031288612359,16.03863596647694,15.789511269103036,14.71944638903696,13.413711964488673,12.840779968404421,13.775287874545755,16.13368087897606,18.850508465051178,20.73865237401158,21.26233258883965,20.507107776291058,19.143628936321026,17.965917339026113,17.856384408396018,19.467351314946214,22.195208554328037,25.45109733080335,28.14346419791512,28.86551568842182,27.28966762940416,23.961552804171156,19.791650351472207,15.802784461271498,13.369512346981825,14.28439670950839,19.623810224457593,28.36672211676403,36.66140538278663,40.980487680056626,38.97543851232672,31.78702087
15kg_10bpm,1CA,39.57021752,42.28040195254037,42.6256821927874,43.421920744381524,41.69425229752429,36.38742773451327,32.74398903752533,31.87712156373021,33.915483791640405,37.992762993609325,41.84681595554312,44.736938656487574,46.98411401949635,47.38560372784778,47.115150251410356,46.690167005957406,46.09487989883423,45.037144491791324,43.49543373521361,41.802182192906095,40.35300166362004,38.45710599371223,35.51528776022338,32.95836024030839,30.52901489383176,27.78197072066989,24.454691579418068,20.746419441838334,17.184563343625904,14.570333555553384,13.145393359089748,12.645545204563387,12.44850201045498,11.79589306292584,10.477242108900452,8.999733747852176,8.249086851677628,7.656396810039841,6.827864885275594,5.902884175479604,5.059045525828978,4.64801552833686,5.0133301034989755,6.081573679222883,7.383304741327738,8.347258640136058,8.787058170280655,8.90126128746317,8.983981208736855,9.193400970228888,9.529520276659957,9.94071883597924,10.407743322372502,10.92474656312396,11.506853637851593,12.236327766459079,13.18419996613549,14.288116406828989,15.3457651832374,16.173048127620458,16.81868880550691,17.35522406561477,17.75778696900391,17.97472088264449,17.950421575499547,17.60811476433197,16.955712142702435,16.33375948651244,15.897387875839426,15.61407938965507,15.347361896912638,15.043060761299309,14.842225722860267,15.019136218803173,15.663432138145616,16.5328203732352,17.148086429745483,16.976090663778084,16.122359917490922,14.892207543975658,13.744800262527384,13.103061568829343,13.313569269299112,14.150553956387812,14.903208956224203,14.943054226309041,14.299745879767734,13.503607836288355,12.846790348443557,12.196293765568694,11.283455352753121,10.080278377496683,8.860824586849485,8.032057489254461,7.857307626150079,8.181565783853008,8.494460299699401,8.199283600979394,7.0845273293337945,5.386313768619813,3.63718122
15kg_10bpm,2AB,4.79055732,2.223150141433412,-0.12832883466035067,-2.94364878610429,-6.511373882784014,-10.255795280688009,-13.248936806206089,-14.924137102692926,-15.242620617918769,-15.018300572250004,-15.38024459,-16.787107812014206,-18.922863434716685,-21.049630868155152,-22.253996077181547,-22.283615808714902,-21.464527738000633,-20.15036189505585,-18.575108979611947,-16.954355436186923,-15.873715430000003,-15.569040278534196,-15.493103228865907,-15.227005743802316,-14.677281718930278,-13.796702641661899,-12.415450009172954,-10.453678700909919,-7.947568714756584,-4.959988501742321,-2.05515857,0.31365300430800114,1.901440133842507,2.7580869403971744,3.179596479601962,3.421742002473348,3.6756940777607676,4.094406139002545,4.722596470354002,5.449682675481415,6.055205320000001,6.315206733022299,6.131669841324119,5.473778793646834,4.193294607615238,2.3267505388680814,0.23183979619041054,-1.231896798807993,-1.3418410637843843,-0.21096232725465028,1.3328882500000003,2.2908735429811644,1.7679051023521466,-0.20887514413728187,-2.681957584338692,-4.794213313101097,-5.972810805456763,-6.418800899547037,-6.566916383416452,-6.854902374107331,-7.364805460000002,-8.068572632988847,-8.879303965271117,-9.72087528596252,-10.857480734462888,-12.479800884675177,-14.529623683590401,-16.84370934010798,-19.196041645200246,-21.181974086739988,-22.410081070000004,-23.382675412921714,-24.846367144980576,-26.59519640572965,-27.982752215629745,-28.712064772245036,-28.8719599908552,-28.825318078306584,-29.01280210093223,-30.001221763275375,-32.357832470000005,-36.262687662687235,-41.169796372489046,-45.56694973457336,-47.48256431429992,-45.348138857835934,-39.424286697458854,-32.34015581624693,-26.530613885101676,-23.95175263857637,-25.746347850000003,-31.43312360166093,-38.529602293339934,-43.599069166097344,-45.121283650615,-43.94676306534268,-42.15797998210417,-39.67402331527893,-36.94292762428039,-34.67763911008729,-33.52266484
15kg_10bpm,2BC,-44.20530806,-42.23576041223681,-36.9582480883796,-31.752966177816745,-27.4984732046654,-24.198480669620757,-21.273592244829604,-18.389130344890287,-15.845699757601448,-14.249870808956574,-13.99596039492635,-14.527224496586857,-14.865185817071495,-14.549265801278567,-13.488993644151192,-11.49295070014844,-8.1815389310665,-3.6319779551780256,1.1158053683542248,4.3664008521082085,5.320738541232994,4.30886091401074,2.8659522972915923,3.004059274564688,5.582707473660769,9.490968850000002,12.57824895899978,12.862536571813388,10.488868077922334,6.690403727079443,2.7008698170894587,-0.42634951820847294,-2.3801886764791225,-3.491459149339039,-4.292986946166132,-5.100506093021691,-5.932582646896374,-6.752656509391785,-7.504497140453002,-8.18408442389279,-8.69505993462618,-9.290091499052673,-9.89175973448037,-10.50370942879104,-10.990137190791613,-11.133299619845447,-10.723980558652801,-9.741891497083358,-8.485564147714916,-7.337674149930665,-6.5988813099999994,-6.288484553011045,-6.109893264293059,-5.709654721083212,-4.974588807074565,-3.95148355492259,-2.6454762853851483,-0.9311029872231831,1.2346292564263872,3.531207747861667,5.300111650516756,5.972700667036905,5.468546527451663,4.423515264497914,3.7285624082395246,4.089476877430059,5.810028040100744,8.474346563068755,11.477658681885165,14.343689011644303,16.559495162291597,17.903278222052148,18.420751512497155,18.39870926353381,18.016783146323142,17.46532543,16.961835293923762,16.81822094402482,17.366411740343576,18.659572619013513,20.68630515646478,23.41571544170121,26.76527615311162,30.28562962811543,33.091166052862334,34.31487081101742,33.62938169676366,31.27994602356599,27.94391338285838,24.54208617944515,22.096676143525638,21.243304411087262,22.057833478374082,24.175385916929066,26.729399273938743,29.042998139457104,30.803490012159145,31.026132225135036,28.80430286199015,24.398744209103878,19.0862118
15kg_10bpm,2CA,42.98416136,44.411775,44.07982936999999,43.166853270000004,42.43413962000002,42.14836201,43.14980643,46.22713956,48.551145410000004,47.94427481,47.05116563000001,46.01540635,45.144360060000004,44.577078990000004,44.19019697000001,43.68113591,42.71754510000001,41.188000110000004,39.419559340000006,32.75304776000001,27.643206320000004,25.994290980000002,26.594404260000005,26.520958760000003,24.16130143,20.07034571000001,15.842621130000001,12.49526483,10.373772990000003,9.278197830000002,8.68558039,8.074866960000001,7.310334700000002,7.13384931,6.981318670000001,6.79983733,6.890953460000001,7.50478203,8.562881060000002,9.733855780000003,10.70370303,11.395076550000002,11.77175204,11.72269512,11.278379160000002,10.824798600000001,10.659629670000001,10.784478400000001,11.240392600000002,11.985415900000003,12.74397766,13.291125910000002,13.48191275,13.22922354,12.6389137,12.02445805,11.820983210000001,12.124754000000003,12.692344080000002,13.204367780000002,13.380919550000002,13.012017490000003,12.182335700000001,11.453929850000002,11.12588058,11.22412836,11.693146290000001,12.33805404,12.796684140000002,12.657637500000002,11.685909060000002,10.130444160000001,8.6489519,7.81212038,7.74757716,8.20408115,8.942546660000001,9.852340240000002,10.751806910000003,11.300761890000002,11.213464920000002,10.399300240000002,9.061312250000002,7.75564286,6.626732120000001,5.54200939,4.461768230000001,3.7980335200000006,3.88233297,4.58170129,5.342292390000001,5.64505806,5.444397440000001,5.22049733,5.3404244,5.83082137,6.184673910000001,5.665618560000001,3.9065234400000004,1.2971027000000002,-1.1742604
15kg_10bpm,3BC,-37.25374582,-36.12264968753414,-35.84851302813095,-36.12165580161176,-36.2586707437971,-35.41447849357145,-32.9232467416365,-28.759293273122264,-23.995064561751096,-19.48468990502793,-16.431960841150655,-15.454820758242887,-16.216539553383445,-17.820191039497352,-19.178579241445135,-19.500492860667066,-18.507317730757453,-16.308637528856103,-13.236051656077779,-9.689177748964042,-6.213272170099956,-3.4715032627592017,-1.4923831423512828,0.07716225681748261,1.813232063648863,4.077435261144175,6.712223510803635,9.085069106820832,10.457239636531403,10.474259160192892,9.148655600488265,7.004528401337765,4.98176514517502,3.5115203851840207,2.516561419878707,1.5687819179561122,0.20409283079816146,-1.4316397176669686,-2.995636543623064,-4.39562256262071,-5.556505399459891,-6.383300057967643,-6.898207467254575,-7.191398222889398,-7.556288196619854,-8.239927413510571,-9.33310952962126,-10.664627613064608,-11.990514727687616,-12.979283424324743,-13.196371340725122,-12.358420364181761,-10.48271591717786,-8.033101179234421,-5.68517665261342,-4.096149982529566,-3.5947405850715186,-4.043356758789862,-5.000223629900544,-5.793725066656698,-5.9447266007207045,-5.293521396121696,-4.170826978534448,-3.047334143612389,-2.166123813169819,-1.4179218857690523,-0.4977375902143045,0.7912880520939999,2.468543662764133,4.372259050317673,6.111038384933049,7.429595062376889,8.402852047062591,9.288852772255016,10.336881123258324,11.644709105028003,13.1512105918269,14.691326277012363,16.064703631104223,17.15265614664537,18.098982867964043,19.230396540241095,20.74753252355652,22.558656538647355,24.630978141611347,26.366435914231218,26.961576874059347,26.01734435488798,24.005282859866455,21.93086890147286,20.65952454125734,20.540065150717083,21.66984201902871,24.128582481818643,27.81377412624333,31.93999297001786,35.51142915214257,36.88093282904513,35.52255987324738,32.61648695885641,29.09143827
15kg_10bpm,3CA,45.24477282,44.77115411273443,41.532721356576715,40.77820872608837,42.67725468775463,45.60261399333524,46.90682937659133,46.98528597243569,46.65837902923516,45.69978103329445,44.3144933461441,42.74738863713342,40.96061686724487,39.04419535976205,37.452183886374684,36.40745578735467,33.86134617694834,30.9662431799687,27.548767393980537,23.637773215725087,19.92686889836432,16.788839215300403,13.826042496388569,11.1861098534018,9.768347306673423,9.746485472121119,10.26069132344166,10.091792629126699,8.815616975250604,7.028955793056353,5.913034848380002,6.142517059257831,7.1275321377193075,7.63560044995907,7.55664532208148,8.06225588941983,9.560459810341106,11.28536744819362,12.496023035133154,12.795719794679522,12.306888411230208,11.687454884191416,11.680626570326043,12.344871845957073,13.243621823770605,13.489151684600323,12.50032866660899,11.054199083852275,10.156145615736776,9.883377733772873,9.930413920000001,9.979115011363138,9.890653233753953,9.760738335971093,9.857520639189483,10.034898994996421,10.084984521936988,9.814383300485112,9.245387173662285,8.717597424458711,8.492787509094951,8.274635150552525,7.768057309011035,7.280836812112055,7.4618063865503865,7.973652219457599,8.105553768223887,8.055654218727412,8.343577081354443,8.925848641231559,9.122751784438751,8.844442693921454,8.494450590558662,8.358104377953113,8.714648830041096,9.366832570232468,9.713965038428476,9.107078710830091,7.785775816018272,6.700007131810861,6.517342724012072,6.878431274653411,7.215194379648798,7.34820994347196,7.287190847926136,7.085875440379468,6.9057739526347754,6.867209145751778,6.907779708605482,6.887991820426882,6.957390857558239,7.38565324390717,8.314029201896503,9.268735686580971,9.399148496388447,8.236523604762503,5.818360508079434,2.7997539248971126,1.3662885505486153,3.79716349542791,10.10535954
15kg_10bpm,4AB,0.50584766,3.3632296148841023,3.61294874350257,1.1595614953567475,-2.9884242027819288,-6.588194336864082,-7.4882335752445695,-6.193821726593023,-5.32001022611789,-7.28201124061695,-12.153953574528963,-17.388518552786397,-20.346475614666772,-20.50093717069583,-18.888597780450148,-17.164239659640113,-16.41950218653557,-16.893968640250293,-17.832898897439215,-18.575896985281965,-18.444102300000004,-17.75017769649697,-16.663184039027904,-15.335911165497718,-13.925600843457772,-12.260880158633434,-10.166185512267745,-7.569943511732399,-4.772029879274408,-1.9979007653236713,0.5569479247061864,2.3305718330675673,3.4592646955179434,4.623606487047495,6.007822122352516,7.350947041020899,8.330923143081046,8.81845299719605,8.70523170978956,7.9986424786744355,6.85323451,5.5623881653659195,4.305037643558057,3.1522122175852765,1.990408678196967,0.7572533108391607,-0.5116644471982101,-1.534560262661964,-2.5371845625374836,-4.183641328013537,-7.038557234789955,-10.23482198985794,-12.126217520071467,-11.869066043828123,-10.605817374957219,-10.132221268518496,-11.511467805180786,-14.483774430174238,-17.735123327155037,-20.376933252732048,-22.62244615999999,-25.121075484799903,-28.050855265157644,-31.01863336497567,-33.009267703267774,-33.429104650076496,-33.254546065835655,-34.12627391224578,-36.5232978086651,-38.79684625817039,-39.368868079049975,-38.08781751838099,-35.99221328093114,-33.64208066922925,-31.81062056537646,-31.11329027717683,-31.852070036881454,-33.828559441884856,-36.22678442428234,-38.37500815186057,-39.079555850000006,-37.2179671777068,-32.713676968276445,-26.68512185789989,-21.262033932832303,-18.699286124472348,-20.112205625681668,-25.048187914077353,-31.28637128553926,-36.356851834844115,-38.96761644041396,-39.15438869332259,-37.37359054437992,-34.390943690206846,-31.510878355310176,-29.97329617832975,-30.12192795018976,-31.137444745383853,-32.24979171939375,-34.07467960926354,-37.92222096
15kg_10bpm,4BC,-42.72366584,-42.01758757451046,-41.43285871717471,-41.31337699964614,-35.925731898364276,-27.362831356740056,-20.613483443438547,-15.746575722016026,-12.757958760062227,-11.644576413374667,-12.440433282699155,-14.148599871678694,-15.900223278056178,-16.69714958099047,-15.944354719271857,-13.449895029101794,-9.917241376480069,-6.244109336483463,-3.0620177245882045,-0.6047435525585327,1.3602023158474086,3.176558951566265,4.888030923526494,6.188046195036321,6.83892183404563,6.885187319302475,6.623834028730103,6.45552392039559,6.542812015423557,6.735487013470014,6.606828074204863,6.099328121417517,5.2021289050862825,4.053070685009596,2.8172998881860423,1.6937061351870901,0.6731678724393152,-0.21593702552670732,-0.9945616788343664,-1.6728621468068827,-2.2553737289270166,-2.735897885760354,-3.2007379793084936,-3.6509809126113524,-4.1354935288975945,-4.748337717206515,-5.518628611641125,-6.38048964882514,-7.152231073097327,-7.638800147532672,-7.793384947221647,-7.557805386299683,-6.7624397974824495,-5.593418182431926,-4.214382219967141,-2.890293994296208,-1.8541215724928959,-1.2440391503373622,-0.9734636553925838,-0.7098547802895594,-0.01722336655409456,1.3629229105442995,3.254710826421748,5.230950487229617,6.931163942380719,8.386073799312872,9.926498508720275,11.847940297009355,14.164287096272439,16.49553515379641,18.2917539436505,19.15163994608566,19.10854518310591,18.607175331428966,18.1804924619171,18.291887642855052,19.162061998659233,20.80033786657412,22.97549830254685,25.379892945053506,27.287765400466903,27.900259984942142,27.06417599014864,25.323200614373498,23.477397655230092,22.063432831681613,21.167768392439225,20.59872530858966,20.456120572512887,20.387097481289704,20.98299992371531,23.06732270994936,27.119083531759866,32.93153674913201,39.366126720598466,42.64934613412246,42.768836502337706,43.36964143003727,37.9040456664016,32.333220717101504,29.27802586
15kg_10bpm,4CA,24.98858301,26.575416031249894,31.010906562998183,36.85215199735086,41.8620772667248,43.74825323085221,43.46100104208737,43.09544743150749,42.531406559357904,41.87532765044669,41.211893930976586,40.731098404333395,40.29168088112619,39.78543139643963,39.13378574518397,38.400792593784374,37.657823725519535,33.9709695101461,26.64291863160922,22.357350684699764,21.67572249395803,23.80184095466191,26.62904978650383,28.16175173225265,27.22552209858324,23.893245300930133,19.572595782440317,15.618189016756231,12.956840661104225,11.546828921420914,11.039758154397964,10.857158495579995,10.68777676975542,10.996099045943659,11.200458838533052,10.90551457300137,10.34227696250222,9.902202933254133,9.822589441854014,9.976984682486417,10.390620965775604,10.968792160895164,11.546545110278146,12.036719275451574,12.30885022768563,12.347409064533053,12.313681285311109,12.238749336666013,12.178422532538894,12.387332452967723,12.741023705224746,12.862893016130425,12.550459338587586,12.052069442696837,11.967564844831237,12.383362129119687,12.85951572937635,13.068714816480215,13.0458533211834,12.856697554991817,12.521328608877164,12.117393621260602,11.65516946560278,11.405567043793633,11.441403139663347,11.733284198526322,12.25715184274335,12.715174722231414,12.669868266410834,11.925796747782135,10.495381447737294,8.678210760196354,6.847208297531524,5.441445826239163,4.646304863863297,4.467800919435647,4.7926083481758335,5.420727489406432,6.164501506301661,7.001815356177587,7.974401005522587,9.016446020015088,9.827327393002953,9.973550008639156,9.20941870661958,7.573569707408493,5.224374577323448,2.5651725805281704,0.6238817073444188,0.36043883864349074,1.7579268059051485,3.5279455138957503,4.813799386941853,5.180920696319303,4.679990700113779,3.716457174596201,2.5553222017716113,1.2225656628852346,-0.13047037793537491,-1.2746993365041048,-1.78406432
15kg_10bpm,5AB,-0.1608777,0.15611388166265663,0.9887292496314435,1.0724686447873424,-0.5179042376709793,-3.6154793313833973,-7.143959494057286,-9.821704296282864,-11.265473309715244,-12.300750056776952,-13.920213605307362,-15.928373880661677,-17.371718966312848,-17.632431672969137,-16.912497255342778,-15.90577479968298,-15.077804584485852,-14.752030394271275,-14.77301701122474,-14.695334613006757,-14.15850387177916,-13.440327873274494,-12.688115947663965,-11.842447522469834,-10.788272978355902,-9.381459558334202,-7.508790994683514,-4.968627966082442,-2.0232262117489466,0.533783424392702,2.2734781357972924,2.884466452658641,2.93840827207559,3.4933826122227396,4.939181803241876,6.806568301360953,8.479251626201732,9.714150218787502,10.542211680825549,10.921685486781174,10.731396161750846,9.897944498216562,8.409924379237962,6.492229203241045,4.466471716128534,2.9417804505641962,2.1888612476548044,1.9084942402435376,1.3927547089357204,0.22093310044145448,-2.1390860100000006,-5.37360050441277,-8.689196832793504,-11.359986791993954,-12.953217420889324,-13.59098874535114,-13.88940314262827,-14.916682722782948,-17.50316054273781,-21.353756443810397,-25.701556698725874,-29.62557009737566,-32.93431781187346,-35.86443650702063,-37.95537036307024,-37.943075734347836,-35.437274094749036,-31.85130246556406,-29.808256119822175,-30.782197989407997,-34.246499912575736,-38.243570360583576,-40.99746982204015,-41.980300947391804,-41.627263833695146,-40.39647895654564,-38.16120559854089,-35.233256492817965,-33.07466826431395,-32.84718935512963,-34.29226605204451,-36.518285724487605,-38.7464824140836,-40.29732117685151,-40.43581847684568,-38.34192981004967,-33.38144476708898,-26.031511654367876,-18.61457506240226,-14.528435174464093,-15.869940658496265,-22.939519804779774,-34.121638188530596,-45.45410531192134,-47.696586745454105,-46.76580486750872,-45.4890838980059,-44.326218729287255,-40.602813321222236,-29.055002004098856,-18.09698053
15kg_10bpm,5BC,-42.67148287,-41.64402180617214,-41.23597485692695,-41.41974193952251,-38.62292491898157,-29.042896174730046,-19.515559132740822,-11.288549590243859,-5.716929409257708,-3.6004054937726786,-4.647182812133079,-7.50300516794143,-10.20887733089883,-11.22454457200937,-9.838992286863197,-6.881359240712264,-3.774950955067924,-1.631127929692536,-0.9125082131670182,-1.210484244664708,-1.4982866004715247,-0.6703311968579923,1.96706858189483,6.084921464653936,10.447873802925503,13.442617999278939,14.258600347621618,12.946395224835465,9.538803779480787,5.610335914669204,2.2118039938504737,-0.22217551823593606,-1.6251858403449502,-2.2295959360294373,-2.390206063129852,-2.5714978119693592,-3.130398221434765,-4.23153164459961,-5.792845130885106,-7.533625495457346,-9.077519628068467,-10.153796735291637,-10.64927917506394,-10.590706109312512,-10.23286620090369,-9.886849680747812,-9.724172564181403,-9.786528378422416,-10.085534734274848,-10.409134968951554,-10.221874610000002,-9.058836805433554,-7.029020594548404,-4.8178226139578015,-3.2285897534354913,-2.6140745615302103,-2.793546570230615,-3.186071697989433,-3.101883283033009,-2.04873418780284,-0.04966909766786971,2.503425758194421,4.956603771588021,6.64056947247191,7.115935599401615,6.448354384093694,5.289088943662711,4.635148287964572,5.319959291613627,7.22422962660612,9.626503137219423,11.620538383836507,12.606857208091943,12.660551331573933,12.371934823183391,12.392281604075967,13.116993803962131,14.483645963201823,15.901940625931605,16.893453037433783,17.279388022311167,17.379067008696857,17.77992768196266,19.069695724869284,21.139368499381167,23.98355135161781,26.510241075415014,27.374170755067524,26.83588046931738,25.793128529317965,25.240752845703685,24.979287523252665,24.633187419026562,23.98668054345833,22.917434311324772,21.913624768005725,21.482509554455618,22.104127379958108,24.282949735687993,28.27530108913318,33.62219004
15kg_10bpm,5CA,47.64026823,45.44597523494846,45.59521814861567,46.028691238466365,45.22109740917399,45.17387886469687,45.643093329320266,46.25761771531456,46.556409314584464,46.50068945706685,46.373920593259776,46.06559619267323,45.55485196060619,44.83181111446594,43.69763293667138,42.34608238938362,40.890621121758215,39.37522716804976,37.96746349610696,36.71387076012528,34.29166603640991,30.521008139335596,26.645818077942682,22.631035472992473,18.71991520178371,15.38042299,12.941859456223078,11.258713993379466,9.83078987070798,8.217983428633259,6.261030682481999,4.212825117285605,2.5245257795103466,1.5069207803922118,1.4098713378575582,1.640208076112242,1.833921322988682,2.000480635342799,2.373424112558074,3.191978954808047,4.093754618475833,5.058942864444965,5.872518755074637,6.461258681696354,6.752454064852648,6.804588137105787,7.066305083009963,7.633394728734395,8.358881458610304,9.140325129680098,9.872457890000002,10.518098740423298,11.094643714279933,11.596761272653861,11.93916084394565,12.123416053499975,12.25964300806388,12.506515398498903,12.949951036388958,13.46420931675543,13.87763467518951,14.043775841433417,13.816128224353127,13.250071345851518,12.650901294831618,12.382397227621357,12.319073900970048,12.20417513043851,11.788815864169234,10.88511467176837,9.661479608423509,8.401982522958011,7.410908955123511,6.783219430586725,6.503115809997961,6.53841283,6.537495589648806,6.029157622678693,4.86310185001648,3.4173880480362304,2.517101298214008,2.418284565314783,3.3062637985982475,4.9939205296391105,6.641373266233881,7.525582857943752,7.416703263159861,6.4026756263506215,5.07164316893077,3.7884401700869548,2.8813898182189255,2.7632088246138373,3.019068862976184,3.155608307670594,2.923744571209028,2.4586143550386854,2.1439058875512367,2.35071266327284,2.8664122291785397,3.367531496823116,3.83893637
15kg_10bpm,6AB,0.93550843,2.962252302004803,3.6495646160702973,2.178024041112658,-1.7524943205151515,-7.02388436920837,-11.619996113421289,-13.84771909949931,-14.316666025658927,-14.349575029799478,-15.350979120000002,-17.716395896592214,-20.696979221988,-23.135200390242844,-24.11120938384918,-23.677086521392766,-22.425880811450305,-20.89861281965958,-19.406191378490405,-18.139252594334867,-17.12356707,-16.37918590026728,-15.831891043443571,-15.231867650103936,-14.350033111125757,-13.037541760345412,-10.98165481426604,-8.222204231135917,-5.21299862823534,-2.3267625940080388,-0.04274532,1.8622826574092535,3.6334497949228837,5.2265805566887265,6.611746035283812,7.673815686384673,8.280091850479337,8.351726368359627,8.232176419130433,8.080093811207758,7.907632450000001,7.549431225063435,6.814788776838018,5.748257951823262,4.58930736560615,3.5631663015119805,2.7986529779924707,1.8370754348302019,0.11678027158258124,-2.2605119356463277,-4.810441,-7.351492031936982,-9.800796171501862,-12.324174857490025,-15.225309001485112,-18.20474021711673,-20.752129703472395,-22.741523516355137,-24.33924646850781,-25.568816668703064,-26.43894693,-27.00817217544563,-27.475028076189332,-28.109891550721304,-29.3565536244112,-31.476938868016145,-34.17372863333296,-36.52620491525595,-37.361071535337054,-35.94328391840002,-33.02541525000001,-30.526266679757818,-29.769967333180514,-31.18087063083872,-34.13211537691555,-37.518829020578046,-39.95605318892554,-40.81580442532695,-40.23598305727307,-38.781881683308924,-37.180043440000006,-36.01176368817884,-35.56996740497232,-35.814842143929546,-36.43828290999968,-36.74425463603697,-36.01497490010436,-33.994422691161425,-30.879698982568755,-27.492963829954373,-25.47264861,-26.436227312276735,-30.818165808453404,-37.485569035588796,-44.398240923541564,-47.65600985749787,-47.34464399083305,-43.93822445893406,-33.35157063553706,-21.17729081210051,-12.59036183
15kg_10bpm,6BC,-43.62984187,-42.64932428043692,-41.63732145154061,-38.987430649865104,-29.79427841907592,-22.21013729302748,-17.73654336301156,-15.335411997203225,-13.822827489690159,-12.344520033619947,-10.699789623664957,-8.991603269197007,-7.384057410322096,-5.973967272820538,-4.792256199087914,-3.867000963412243,-3.3523123516585183,-3.3377193518410575,-3.6149837551038746,-3.5872951420534687,-2.360912005680767,0.7582068507041607,5.598898418852478,10.885787092661005,14.674849368415497,15.521135764596252,13.622952128340888,10.305788471253399,7.0582763084461755,4.620910838735838,2.8544719719871385,1.5612748207833114,0.38797215976155147,-0.7521839119877298,-1.8361364806091074,-2.844085389598804,-3.861586800587188,-5.025977653854876,-6.418107641976828,-7.992511191012339,-9.586355689352489,-11.010370454366912,-12.109923294996571,-12.841108228137783,-13.274745230960628,-13.569734562721221,-13.84491023292894,-14.070719971106968,-14.205956328225861,-14.080324044816118,-13.58295451147149,-12.64334242703791,-11.251314068585764,-9.499772033443044,-7.6650664759415665,-6.110427376084551,-4.945260806617004,-4.0144556002623855,-3.041258214729801,-1.642198898108477,0.5513022986986353,3.631878859906084,7.150747581810257,10.323275072277042,12.460348088767454,13.314118411546138,13.142800847334442,12.530402982403206,12.143530957977768,12.36334611584884,13.155951274014422,14.268725010692311,15.441986437659803,16.504925486174432,17.279710560847796,17.726090036003118,17.807408375224004,17.765050195991925,18.05761732628885,18.97535573809308,20.55293862747058,22.502213478475593,24.300052246056513,25.343769555815683,25.423557836942795,24.577840316075925,23.134464483420153,21.64143479768137,20.737228521899812,20.74228820961211,21.419958854505854,22.153895744589544,22.492125137420246,22.362570260907425,22.03496850467975,21.964413344588365,22.87734060125807,25.090125041393776,28.349789740772295,32.56075871657207,35.90339923
15kg_10bpm,6CA,38.12254605,32.13121902035118,30.502359896985336,32.987431609817776,38.158809535616655,44.419981097490464,47.14473178827665,46.51567484265994,45.83911180593958,45.304151320276596,44.94105590599453,44.57722926012767,44.131759517176725,43.40456284892597,42.426153542468164,41.451319904904835,38.9399443984786,35.32803865738425,32.95923096247882,31.243847678344252,29.50104509507942,27.109148362768792,23.964460411146266,20.565631614327994,17.730074119001042,16.062522696168056,15.421647478824696,15.068331516809241,14.142035971761263,12.280435640676792,9.828609828067052,7.6269259733443695,6.484516460555218,6.367001335477011,6.770355998101692,7.299973751531808,7.923374255271631,8.475311578467323,9.031023499848546,9.333252591951023,9.289789810032275,9.187475910234506,9.47802683569405,10.185971742801197,10.881531857676798,11.221549799489344,11.14906303549333,10.899814538254759,10.666955797281117,10.533572074975185,10.56373390566465,10.653678013113707,10.73684017502285,10.860203470084002,11.051681317054168,11.30375675552252,11.589420360181897,11.817749767841846,11.875784111672534,11.65786359957619,11.070128799385882,10.42137011265883,9.886595648434453,9.502246127040378,9.3381557813851,9.43767109190417,9.768299277243887,10.071684557931118,10.044348559451418,9.576770326737059,8.821342670440206,8.014591812039905,7.267562781020614,6.67445221306819,6.402402145949187,6.642494187520832,7.326259117588377,8.072799027442368,8.50442079307832,8.48245232099898,8.155348900615014,7.76177738515395,7.369205369200342,6.913307609334788,6.248773962798884,5.2985893875312335,4.139319415038416,3.1148741986879003,2.5252404564109217,2.572573359004426,3.253644898092857,4.131841763708165,4.8239741007132695,5.112205621583722,4.977582538310943,4.620194127259188,4.200485763065717,3.5947069959229614,2.4461455279603332,0.37653768375589797,-2.65537892
15kg_10bpm,7AB,3.68224011,4.928669161120121,4.366152544869924,2.3976030568785864,-0.4076724995644989,-3.5103312389208385,-6.468607777570605,-8.564177254071707,-9.479975130988768,-9.433456274550261,-9.325910512251221,-10.242155547477992,-12.32084851664397,-14.665517689731537,-16.47112117591047,-17.261675701912253,-17.127811870920898,-16.68208697998043,-16.44979827709486,-16.050041443660106,-15.424127703340378,-14.40088272576358,-12.947542884143578,-11.260985740470717,-9.640592694192492,-8.093672399981143,-6.434130577579082,-4.315496389828226,-1.665663863117173,0.9486157738883103,3.1864588238800833,4.633572361963602,5.273225534658083,5.4248387939851845,5.706482868992045,6.377952676889243,7.1004888801176715,7.512133035712694,7.434642889604036,6.928754546498156,6.283889178711062,5.780051627365878,5.298792131284492,4.567762830433286,3.5031678581744043,2.1851577300684224,0.6780998274666699,-1.0103475678338971,-2.8590217823336848,-4.777753761784676,-6.4760823193196995,-7.937856354107825,-9.167298941975261,-10.162766778275317,-10.869655260461023,-11.570005146654957,-12.91627484782233,-15.147130745267228,-17.376645896004757,-18.52543471265066,-18.21926418305474,-17.572054062282625,-18.48648861161893,-21.76877565112621,-26.245843955284737,-29.689020939807016,-30.600158424801258,-28.80466582745798,-25.985635473901976,-24.471595187126603,-25.360784235227495,-28.46222196638468,-32.74035878794048,-36.80210224668499,-39.580538882844266,-40.74793782786429,-40.52771999548261,-39.329770610515865,-37.638315132149096,-35.93364582922051,-34.678280979544375,-34.30307467909456,-34.94287963045585,-36.03105931933289,-36.663991173597054,-36.33621211738057,-35.1646554744573,-32.971640161407954,-29.151148450674853,-24.656709198022803,-22.177678023775588,-24.45116719338895,-32.34503617467742,-43.092305130597225,-47.25395681277732,-45.96579120058143,-44.645781603621074,-42.87452514968321,-28.621640735971088,-14.698350221525006,-3.67375414
15kg_10bpm,7BC,-41.19643248,-42.00916448794945,-38.849481219824405,-31.37251810311495,-22.342657386832386,-14.832920107014202,-9.817376323514425,-7.5950620377523235,-7.319562192186949,-7.747944771974504,-8.00942086394791,-7.804297439325029,-7.286220958186613,-6.672315054984312,-5.857994571914995,-4.592776885233303,-2.955882192220122,-1.3803760484869003,-0.2932547987057757,0.255845116384099,0.7220204074578923,1.674784974488926,3.2973869650406513,5.210965197815716,6.6308649237641815,6.740406402668948,5.601575226687084,3.8826649156936286,2.2661606909872387,1.1502246291010174,0.4810854171468594,-0.08215136873304751,-1.1208251302463188,-2.8856505829471404,-4.994449807295045,-6.884846597259862,-8.169549435498656,-8.776992700281717,-8.82827135637602,-8.545007776482159,-8.186897443934912,-8.041288248979763,-8.257458698947492,-8.661398281665399,-8.932105412024043,-8.904527563237775,-8.478399992791308,-7.74428320287497,-6.876807718339551,-5.98149925324364,-5.086399255739355,-4.337161449288522,-3.6441233135263653,-2.881344528564837,-1.9089566527738984,-0.6819684900398172,0.8097550410209755,2.5494144902854345,4.411478255712353,6.11330146157978,7.368274078424077,8.197434351022391,8.99040708833126,10.195192053382897,11.92245197755645,13.836381938265811,15.382279410416203,16.1869201078436,16.35772346121087,16.463446244491454,17.14575137748894,18.68965938428949,20.936581002077943,23.319026491626254,24.950982955672753,25.130396467205337,23.82988658214876,21.67315181815031,19.676640312300073,18.362503107114946,17.824834856319864,17.986413818290856,18.75642217375718,20.08207623645486,21.552621912517225,23.114894318697925,24.520763948886813,25.0370377341596,24.825023088428082,23.815546619632055,22.443276155139163,21.74009208467172,22.234876953101804,23.977235778693654,26.58851805201609,29.554767332775576,32.79072254445162,36.05662076907897,39.01353771940439,41.53233711193362,42.30846582
15kg_10bpm,7CA,29.30923074,25.232711791397854,28.341559377205552,37.13856936173743,46.13140755545431,46.82432428,47.23864722308634,47.03991386892985,46.434268005279954,45.850122897124166,45.21298058000001,44.3273532856818,43.411399351513175,42.39070278407691,41.192931813660174,39.81233936000001,38.391620892625646,37.15903959431359,33.649956353257544,30.121051895455995,26.85825594,23.672915047326562,21.109807055915077,19.70299609859189,19.317814266469743,18.7730949,16.77286041124339,13.227499646582363,9.227564007934019,6.809921507995991,7.05718373,8.468983820729807,9.64470593115686,9.86077621641038,8.80003794822694,6.678673150000002,4.32713607575365,2.636654406975014,2.143716223455771,2.521454152063783,3.2534523700000006,3.9155220145490217,4.43988707517686,5.101939574156955,6.086068120787753,7.116317180000008,7.707118028468193,7.5194485326317455,6.71092810130885,6.270473535949073,7.03904928000001,8.570314206932316,9.727748315277593,10.052778302650296,9.919637834758554,9.746313940000004,9.691776749097567,9.804148875099616,10.194587729358664,10.708452261954461,10.98712878,10.734725600502728,9.948840396923554,8.916242797789476,7.998095914274365,7.581875580000001,7.789988308934847,8.201986304164505,8.153876646271415,7.36790334189463,6.064115270000002,4.982296196901792,4.530953000349981,4.542294524284059,4.546026130353762,4.304268670000001,3.865892035933243,3.439227310145634,3.0598248224302624,2.7372161491129794,2.4150568300000006,2.025778796163364,1.5642972854919663,0.9558097988531874,0.29815821087441347,0.13801213000000515,0.9347347916634833,2.2157654572424716,3.5319042658421296,4.392315053306373,4.3921215099999955,3.65710408978726,2.7564818552451986,2.5361261237758344,3.13366046740065,3.5538534199999994,2.620479406672535,0.07703208242085369,-2.52506502905819,-2.8564151333300734,-0.22485489
15kg_10bpm,8AB,-7.74184358,-6.45525553297788,-5.034476181309607,-5.38867906929821,-7.94412291295912,-11.374304965418059,-14.308018443635008,-16.10998617842162,-16.570228781915183,-16.386581398924317,-16.839997446573072,-18.477999736282065,-20.672814896352673,-22.201166011173992,-22.51402678669301,-21.71872829556283,-20.229993739956836,-18.67847963820611,-17.474466418328237,-16.642884898905102,-15.87865381300339,-14.935518239348484,-13.7632731240058,-12.31227302808221,-10.605498048514894,-8.829351830000002,-7.095120181867695,-5.475054819823586,-3.9616620875220185,-2.6114430222688143,-1.580022774948889,-0.7239944615074331,0.1284664992544407,1.1252156052712576,2.378095626774723,3.594149150329871,4.480254670464646,4.88868090001183,4.86568517064867,4.519827292715586,3.9824114246279083,3.399037217976163,3.042327217278065,2.9915404983995435,3.1266029329704734,3.176264595614903,2.9574879608097397,2.3775972272985264,1.3449090397801353,-0.2137999178674655,-2.0532222399999998,-3.7406883535049076,-5.018894970882473,-6.055085029450248,-7.136665827722019,-8.419046247503303,-9.950457373261228,-11.806373330709022,-13.993215762726054,-16.337195995373442,-18.53244739726083,-20.364624863425608,-21.98323332903172,-23.789710518292445,-25.885868356251848,-28.241396175103116,-30.472601907186885,-31.77674157015334,-31.22734172633043,-28.724190696485856,-25.837021582159164,-24.70268563974381,-26.155891153580058,-29.528367805696863,-33.23764190078476,-36.09719714,-37.46415803022327,-37.51903716335231,-36.5388490918038,-34.59157706519352,-31.685981190197065,-28.480273918290585,-26.93602955606936,-27.860706438043785,-30.65586069976714,-33.08405267099961,-32.29936167108433,-27.517653933609644,-19.785518732640636,-12.419500863170162,-9.120058247452661,-12.095169438135684,-20.95074390418454,-32.38342347210699,-41.355177361417844,-45.02292779806731,-43.37818292641887,-41.168685039178186,-36.52862926683595,-33.76332822218053,-34.35843048
15kg_10bpm,8BC,-38.30272646,-39.05716285148975,-38.39456102840683,-36.506097030213425,-33.56384568366035,-29.790946806201823,-25.66283172928229,-22.146402199313158,-19.866378494012213,-18.960026733097166,-18.84209056134806,-18.435146331181148,-16.916880636790584,-14.300154327805753,-11.279496658544902,-8.67527637835354,-6.937962115206232,-6.16242266156552,-5.962668628710141,-5.824498209202472,-5.388935923979278,-4.319810296384068,-2.2313492943544357,0.7543760241463302,3.874371303690389,6.23181283,7.293470448658396,6.969013973432391,5.4849630571017425,3.495219093587895,1.5580768475100595,0.07493096603970786,-0.8660560367459372,-1.3237252868552198,-1.9120575725975468,-2.9722912960887036,-4.465676466404593,-6.171828211107798,-7.76480125807807,-8.907147441031034,-9.431799605246487,-9.394130592081567,-9.14895502931019,-9.187885547902459,-9.610797251959784,-10.346228119602046,-11.262857288915443,-12.19200307807496,-12.903629073718431,-13.082598172981914,-12.39600388,-10.708105471079756,-8.27850807648851,-5.765723639943931,-4.0397072270324745,-3.5488064921480134,-4.1053227369054195,-5.022057023283055,-5.3612910070543265,-4.546970328092068,-2.629200539974952,-0.22445495756365796,1.920973178875213,3.3575486080337673,4.152026131702646,4.84169714386249,6.040289766138365,8.036919359293503,10.693451584088676,13.335709180291204,15.169518163230986,15.756285449854321,15.187142791274924,13.929594136563885,12.628729985054955,11.872473630000007,11.998211065729217,12.871891925320133,13.983200055638527,14.693395294632023,14.66684189648075,14.157865227036114,13.849535345688366,14.034403073782924,14.740019235411221,15.619935000497756,16.066037274750627,15.502742163705207,14.068570818674523,12.384854791384328,11.574943825294092,12.662368621142221,16.553612434277728,22.666750300701796,29.03631880993937,33.85350592793459,35.42477044288654,33.533335427121784,29.652532489663244,26.604774052656804,26.32477237
15kg_10bpm,8CA,49.35167529,45.77969398580943,42.06780542118588,41.20998092145268,42.529206065048555,44.94277695400514,46.91008331787157,46.64133296185966,46.08814358577286,45.25450127421082,44.18862304690296,42.97485752768173,41.951017432936894,41.06467028060844,40.27457993690842,39.6203889166089,39.10215618667268,38.70504937965615,38.46480735977289,36.94380925175948,33.80523769179474,31.033273763392742,28.18219734047664,24.84604282990523,21.03516256033623,17.330354070000002,14.62263437123168,13.242568733618736,12.542940979249737,11.996551807048132,11.269379737385488,10.72160474494255,9.685148794287413,8.10007582993624,6.489639662174381,5.4578151965572195,5.137309687951685,5.091078948228308,4.647410597369816,3.5812930095773616,1.9191765787794528,0.3197183181640272,-0.49414404697696396,-0.19582383152707056,1.1238127449765352,3.007846449360949,4.668442651948296,5.546714098626142,5.651946843923089,5.54314805372553,5.6352419,6.055599588240744,6.858347505671317,7.853143737575273,8.827003765737398,9.883111019024744,11.103095265672941,12.231928000127352,13.024498405544056,13.322493956216904,13.308139158092374,13.257923691739409,13.196000267834062,12.957587109343816,12.417892036023638,11.709021153563638,11.213535326836254,11.120986070495901,11.244193720777137,11.189293795210254,10.73342363172637,9.987010402989197,9.33180192899009,9.20608278187173,9.69640267357046,10.354489190000002,10.508208807763122,9.896737462914356,8.988689854445777,8.52350229704887,8.733245279472815,9.080441502562625,8.862604434108198,7.819128696541155,6.486079928212921,5.799319513409364,6.1252937811965875,6.806142653346771,6.966436884809379,6.436623681455725,5.377729179758962,4.361525493781382,4.108663404130156,4.483631902465939,4.955614459810175,5.104342638605447,4.621052511064337,3.4047284874193253,1.6146256330788797,-0.39487721638359746,-2.24314249
15kg_10bpm,9BC,-45.32614507,-44.76187623930717,-39.89134785478753,-33.58954185362734,-27.383437133140067,-22.46397332172095,-18.693102216078096,-15.860270542805335,-13.535268410424909,-11.511930017885753,-9.91598884226967,-9.080444087578728,-9.092502774624718,-9.61323765024732,-10.049604023716283,-9.870117356537836,-8.984247787759138,-7.698110418410008,-6.36154170818916,-4.975377875310027,-2.9577782809253805,0.36222230082799495,4.9749705456809945,9.733954869635118,12.717180122748939,12.66632614,9.79569126813055,5.468767913494393,1.3211019728501192,-1.3309262578502732,-2.2052343303917126,-1.8135165353817975,-1.0322216110921965,-0.5727381354753888,-0.5552549139205142,-0.7923872677151432,-1.1333369530859474,-1.562728380613701,-2.101697552921012,-2.766607598697819,-3.439036906513654,-4.083371506116765,-4.72650946424625,-5.362520454159769,-5.892715585529995,-6.150954350198366,-5.962019870365463,-5.22479528499453,-4.221633556413021,-3.366229789561215,-2.791793300000001,-2.489707321415456,-2.475704376640323,-2.7182680491062015,-3.088423538028989,-3.329683168948484,-3.1216846953949133,-2.2038870180280044,-0.5655519345317055,1.496381052329759,3.4720520262894916,4.874781760366866,5.44938250144813,5.214373363255436,4.403233328692379,3.3872928078063307,2.591676284814562,2.371072717139908,2.8379483186262844,3.709204813583271,4.7250970434942925,5.793185562787486,6.949960840973319,8.247991371150302,9.75683443112994,11.27113732999999,12.459486850841497,13.066830107965965,13.238292618411277,13.277228638713394,13.322751430926216,13.426702637045668,13.632485032799359,13.89082676657945,14.048812078378754,13.848367265682173,13.089634237712726,12.057574357905326,11.207703359251054,11.02477937033833,12.142808460316743,14.754286014483519,18.51720944692027,23.21945308146662,27.601981201636523,30.29621626303728,30.816628797593825,29.693577930769578,27.682758342097376,25.197249198164368,21.99569785
15kg_10bpm,9CA,16.65234948,16.44020553,22.68073914,30.86692648,37.644172190000006,41.327281240000005,43.11588792,44.771922880000005,45.89486418,45.965607940000005,45.58307465000001,44.56288907,43.23589784,41.87697824,40.60530397000001,39.54498790000001,38.48337763,37.35887393000001,36.22075073,35.14395477,33.08960411000001,30.29336412,27.38850449,24.18037088,20.271547110000004,15.648297250000002,11.165382500000003,7.557433339999999,5.228106100000001,4.26134366,4.18007953,4.06916146,3.2380343800000007,1.5327584800000003,-0.5714467,-2.1106595600000007,-2.7926782600000006,-2.66391474,-1.50611815,0.2772506,1.7402197400000001,2.6518996799999996,3.2654353000000005,3.8926440000000007,4.69698181,5.723625400000001,7.024467939999999,8.32653614,9.262179719999999,9.644254440000001,9.568458810000001,9.31671445,9.17806974,9.314488130000003,9.7250681,10.17392159,10.404698860000002,10.435290310000001,10.399507330000002,10.344578610000001,10.166172490000001,9.928334580000001,9.84237116,10.113170100000001,10.66498302,11.139519730000002,11.267639910000002,11.070799990000001,10.710517260000003,10.27410112,9.72442848,9.119727910000002,8.770425410000001,8.987261790000002,9.75451643,10.57574023,10.832514940000001,10.337387300000001,9.238722510000002,8.18853388,7.728616150000002,8.07032903,8.944876130000003,9.78908845,10.027404270000002,9.732140230000002,9.55979128,9.93421816,10.457123340000003,10.402492090000003,9.36198607,7.435277920000001,5.22740523,3.5373835000000002,2.8827377000000003,3.4534446500000002,4.89000933,6.392659290000001,7.23370073,7.170764420000001,6.38978828
15kg_16bpm,10AB,-3.25399321,-5.4660541107878995,-8.727769942817782,-12.653921983032891,-16.6230515271282,-19.26025436887194,-20.82619391101617,-21.55741223541549,-22.081203586429698,-22.9736325120533,-24.57003277635011,-26.688626736442124,-28.669180535532725,-30.052201882788047,-30.514450518139,-29.889593295196118,-28.19842990760686,-25.73818988969474,-22.93962711475192,-20.17698802554637,-17.721395539406377,-15.750641239996746,-14.23700252290268,-12.993229612732971,-11.783587599438038,-10.26842864,-8.238843599719056,-5.714101067642054,-2.804058737934321,-0.009930317513053137,2.718931114288874,4.822700741793903,6.32538793358545,7.3469552688743205,7.896993518793789,7.959478894807068,7.596298941941295,6.911287253344027,6.116655518825176,5.481199655310662,5.238957018404292,5.556752927382629,6.329032053561378,7.205195060289245,7.812504144693482,7.9817663371995256,7.806149599214816,7.467747109437873,7.1356307817856415,6.872157442780937,6.583438790000001,6.165556034185106,5.383143493319274,4.206954858631012,2.4868308676484236,-0.008719154386042038,-3.17274745133922,-6.194249658539608,-8.0658694987691,-8.108983952217502,-6.998278995528878,-6.109665168922217,-6.527109405686775,-8.649361164546171,-12.020386300655073,-15.717214234906491,-18.86105961562936,-21.270107856677036,-22.96709631976611,-24.120599334687366,-24.971727485940903,-25.687017226078677,-26.44414463678247,-27.43042199972125,-28.87956324108761,-31.030124910000005,-33.43452936089018,-35.63569158470391,-37.0701423568822,-37.249604476840766,-36.31251927844521,-35.077712851234644,-34.5184465121627,-35.275456453581285,-36.93372350361272,-38.02684016458829,-37.07889868588132,-34.30170838455494,-32.423824160075746,-32.76140427003436,-35.022840826398195,-37.210720121591955,-37.091697630333165,-34.71276934994391,-32.25164446487325,-32.44536279942756,-36.094481051312194,-36.22034789389686,-31.206821119501658,-29.16870748263771,-32.83254145
15kg_16bpm,10BC,-34.41279773,-35.88999090900702,-34.74642143186531,-31.303426603588985,-26.25359958769251,-20.632783756480748,-15.408307062607115,-11.157607077755022,-7.965596378780216,-5.5169380458161,-3.412219437564218,-1.3978639764293184,0.5352945095459373,2.079278036768673,2.794094995376989,2.4403379016710534,1.2759661262695376,0.03170732093982434,-0.5024351431233156,0.10996405500212961,1.8943771761829395,4.590791137844273,7.730962509516962,10.952763665421369,13.946230570528432,16.42853896657834,18.20068832273129,19.173613678493965,19.365551805540612,18.88932715834858,17.85438987474099,16.295320418026556,14.158249324020513,11.510568716983261,8.674088887351589,5.9111161425200365,3.3882270343762624,1.2379185978750016,-0.3521736116571088,-1.5646354292678575,-2.6851812212033073,-3.974015847086212,-5.525953293354375,-7.309155855976618,-9.233490935889009,-11.17614575978031,-12.996890439853612,-14.5848987406325,-15.859825416848418,-16.80024680228859,-17.471390686443776,-17.927216537341895,-18.24525904205742,-18.454048814584528,-18.524715893027903,-18.363613964959757,-17.98365919653498,-17.45075125610233,-16.76005810089859,-15.9303895422255,-14.94399337798727,-13.865307270573775,-12.770294522818272,-11.811256610302669,-11.162909602644893,-10.916453678151457,-10.993834647758039,-11.1960551964281,-11.302467386628486,-11.032999934985371,-10.116515099203696,-8.268724277931856,-5.435012543383079,-1.6596327036424317,2.6587518605526332,6.849357555806695,10.25821556412748,12.460227041156925,13.324801101907973,13.089633984410012,12.346689347540028,11.511561002930769,10.932737626955772,10.737564478636967,11.235657965438199,11.278801070361098,9.458023023472741,9.042150916823886,10.53959969169948,13.53462731230551,17.996930643002294,23.288690224261508,28.50477101860937,32.722293168613504,34.9984844607986,34.696470797265235,31.84289314106684,27.35104589540678,22.32632377655945,17.80065813796603,14.19472155
15kg_16bpm,10CA,25.81561556,29.12735491358754,34.190964327554084,38.82550687016474,41.18462933053754,41.03183881015275,39.68275350124617,39.05420071822319,39.73114408566774,40.878323581837336,41.664080983733854,41.76868178936321,41.618628383369035,41.75596966466727,42.002937571411486,41.47256748051665,39.29134588734312,35.40916340815214,30.886635058039875,27.16644202115596,24.94657130059398,23.838675306527563,22.7998267946289,20.7085207101049,16.976991002345475,11.803790140932659,5.979544914600592,0.6987979882036605,-2.726744911257509,-3.795779113182286,-2.858794627276872,-0.8172888213621743,1.1903248778705515,2.454344949414803,3.162847991534971,3.8464804838216184,4.425001752905701,5.0242132996607225,5.932257255824479,7.167042717666901,8.452752152811355,9.73226919678338,10.914158799742948,12.122504877355865,13.475615920430322,14.976816147192462,16.41434227939513,17.48108070520047,17.989012074713848,17.971062247577766,17.776296810000005,17.620043896532398,17.50295014191999,17.39591341992861,17.297066687216024,17.123304800516877,16.706020639150662,15.935493441743992,14.904022460247976,13.875408088266818,13.082566400349805,12.603131307127004,12.388794533202569,12.367562076594727,12.467161853762576,12.478780375587029,12.463772226273033,12.453705613508312,12.480069855234406,12.573593183804919,12.696128003771005,12.772608616980515,12.722480330635388,12.562552805109535,12.245151302245436,11.869961864458245,11.562802289753654,11.443644460315115,11.604115191152408,11.92622833492568,12.156778497905869,11.962909212438445,11.264919050495434,10.27191129827068,9.390358038618759,8.976672928373992,9.129922063974092,9.587382556777744,9.910686308740484,9.86687758954959,9.52257439195004,9.10179998142736,9.27212167375584,9.370722393427371,9.197634159969038,8.472976292135822,6.66756649349118,3.390150722260065,-0.8457027094915306,-4.823853721587673,-7.00511946
15kg_16bpm,1AB,-0.73773111,-1.3186516746528136,-1.5687750017257662,-2.295780610238941,-3.6738286386574655,-5.6388568904561165,-7.593328137388147,-8.645785146411724,-9.092954323609316,-9.522374676479634,-10.685066960000002,-12.82552221397378,-15.389534717057282,-17.57321725435735,-19.12932219681795,-20.067974632609484,-20.54196086462669,-20.547488621407204,-19.77560996942114,-18.415055513044937,-17.002520500000003,-15.984468631742537,-15.620201523181402,-15.879157962235466,-16.566996282605842,-16.93774232798402,-16.396137157444063,-14.824667059311809,-12.376299147561248,-9.31374246735497,-5.804819120000001,-1.863164139223063,2.2497486501416106,6.448885501163444,9.47327879860076,11.26702748709908,11.671645434878611,11.430449068875783,10.90440095645147,10.048587027895307,9.11494403,8.313852018234503,7.500720530679958,6.597531539203981,5.7114861288247525,4.992461392770296,4.380650137726744,3.5621069187407683,2.158001202641705,0.1762590939867796,-1.9484093000000002,-3.840749286937846,-5.2973416206157,-6.016368485990827,-6.110227521949759,-5.938167709636806,-5.569809951831754,-5.640258410276159,-6.580433634327157,-8.698590332751623,-11.460905360000002,-14.251042945726654,-16.259344315454925,-17.073042642101495,-16.905667685645682,-16.46671139607676,-16.972842372774267,-19.016048823438425,-22.035233289979796,-24.859148487233092,-26.62991079,-27.58320115558524,-28.273706309272733,-29.534737693866013,-31.681765987637128,-34.18400154515232,-35.97632557653971,-36.11504862628658,-34.5316986295163,-32.11160697802399,-30.10959941,-29.240082060586516,-29.52986222442177,-30.576944538327226,-32.02535576356778,-33.68141767832333,-35.45175611511999,-37.1029687155864,-38.279615106851686,-38.46225337621132,-37.28181197000001,-34.294406910757,-29.752019446760666,-25.93855720549604,-25.443641214003407,-29.314516095295787,-36.276015619658125,-40.73903560246123,-39.29623351663657,-38.612533669515344,-31.84357512
15kg_16bpm,1BC,-46.71093377,-46.512306947300075,-44.78459211549411,-39.95927482707501,-33.20814109779612,-25.73123854134453,-18.540634706565648,-12.471488108058429,-8.035077564565137,-5.592649166605327,-4.762645005433292,-5.025230066912478,-5.924697957382362,-7.114315735233389,-8.194893402225354,-8.62944314983114,-7.7989728112539725,-5.338891258604518,-1.284217072218923,3.744382669025348,8.862585347734427,13.038565803174965,15.887257809980195,17.308826440396558,17.410240741171382,16.54325764092176,15.103398213691236,13.503482740708558,11.914288312308885,10.284555508464843,8.531961306818054,6.6138950258999865,4.525956549630424,2.438164147846106,0.3500081880188831,-1.7019228389772088,-3.649033464499687,-5.460214087645247,-7.080275088294701,-8.466863595789357,-9.693095606455994,-10.813887584631201,-11.946224685396967,-13.108850804158168,-14.254617822700386,-15.291720033498253,-16.148347274462154,-16.776171367174303,-17.142614404835832,-17.280854536462808,-17.302351232978683,-17.340457981336314,-17.344490514910632,-17.240806923233084,-16.961366788720284,-16.49865759398466,-15.875264298287094,-15.083268035046656,-14.180226097629859,-13.17668270701622,-12.02410909248308,-10.633000941073174,-8.84818121316873,-6.715235648910382,-4.379006758480587,-2.0708593215357625,-0.006474413253046346,1.6942778191135406,3.012660609693954,3.9861136245231723,4.696702180832632,5.2173085862068485,5.635024223038805,6.012891228381992,6.335293425562777,6.551630852592255,6.62411041968492,6.595293831017385,6.5232753859884935,6.480476520436397,6.607665113492215,6.95652764449193,7.4218754647568845,7.840916572341706,7.9387836747432745,7.723181445789813,7.484841572084633,7.591147227430189,8.149103819490803,9.039947832335217,10.810022098199198,13.51468119660035,17.24699804937433,21.030101843036768,24.706033780407747,27.797761014577958,30.012220577411604,30.980901240359312,30.75585366566528,29.56432991874577,27.53395156
15kg_16bpm,1CA,25.51833052,25.13936904024672,27.2932367263377,32.22164478590119,38.982430416319076,46.2480710426473,50.462976553280576,50.01166508960545,49.77812101379416,49.3115741569493,48.66366020412344,47.923103701215794,47.13137057234626,46.176693765972544,44.96942225860081,43.65415478641731,42.24051932667376,38.77386370296715,34.160383745902834,29.52119091436098,25.60774968530512,23.004494681179484,21.495415981092798,20.259235920166635,18.25576454265098,14.819126774460774,10.168750432217088,5.3851599885506625,1.5179385113778796,-0.7641237996386666,-1.4471559805012544,-1.023135719113507,-0.2098356504284386,0.500789286706733,1.1361209192399204,1.793697293073546,2.498864199700456,3.4064791081988446,4.619440116057649,5.9215136402834,7.12448280269489,8.202506548787515,8.992098317341414,9.40645688411545,9.559292025087052,9.75829294607481,10.28502552987443,10.921401844482464,11.366068871622112,11.575489714816086,11.558959194657714,11.655301115539785,12.194320456977636,12.947440918465634,13.765053999746293,14.457180523577112,14.900282598147557,15.035658866502239,14.973346438832158,14.95012465032638,15.094210945282,15.354089194134067,15.632050982809204,15.912473989144063,16.19082076117393,16.467274597802536,16.767596782858416,17.048268381344393,17.23534859968339,17.242376579002755,16.960069921606106,16.47079335531848,15.885393469680686,15.304330150974062,14.774875077039749,14.2786693054787,13.705192926177522,12.880354270066917,11.676559241116403,10.1584386074973,8.604246690812618,7.38699314805231,7.10678535963367,8.017082398152558,9.96606501928197,12.303013751030425,14.176546033719626,15.132014821654746,14.505331919959856,12.76085598623749,10.578973555616843,8.381892097463203,6.34975171366817,4.489163587555358,2.7600736189079482,0.9125125816443136,-1.2847123783339394,-3.5801442340361946,-5.194920763407877,-5.537656957183798,-4.3364692
15kg_16bpm,2AB,1.34296349,0.45963820510948006,-1.870859135891562,-5.210679199213863,-9.602679947086747,-14.465196539274837,-19.036875656595168,-22.976846115769494,-25.930977435347433,-27.784476407951274,-28.746505548691754,-29.12841209581668,-28.763080326794313,-28.08064862638967,-27.08655060694602,-25.775829340730866,-24.390188244397542,-23.111094790692412,-21.986401025605257,-20.904999001860748,-19.605908067193855,-17.74633474304902,-15.19190913499227,-12.212938323402673,-9.242728135500025,-6.408963679999999,-3.6221897074305085,-0.8795943297443451,2.162098014953459,5.290137355392975,7.89278034193526,10.142053391623852,12.02526371851583,13.201141192255276,13.422731650064398,12.897971268470014,12.043255916238298,11.13139416872006,10.008127478789735,9.0227676167543,8.34474227624778,8.012320153896184,7.879937442518063,7.76614343734511,7.519794116070431,6.96068953075771,5.903049706008972,4.2739920771930295,2.199692443913429,0.061742261071466825,-1.5097420200000002,-2.007203608180591,-1.733996077227968,-1.0864866113739804,-0.9028178196934851,-1.6437656093549613,-3.292545074296739,-5.70911670167463,-8.467385924704802,-11.013547472442822,-12.803468744491736,-13.78549338661405,-14.141521333490092,-14.337867868429566,-14.973099593963772,-16.63148620575557,-19.713575845774294,-24.236626917280784,-29.56015054979145,-34.36259028474225,-37.66280241268537,-38.738055992392276,-37.94634539567553,-36.452251805821554,-35.59850394737696,-36.23388383,-38.04854061025289,-40.089168113515925,-41.469228590923386,-41.65237222214322,-40.82696918668606,-39.712866422231336,-39.072315154199735,-39.03511205630678,-39.222086460662005,-39.113637340957176,-38.39853928307346,-36.96193532851282,-34.75318938123418,-31.736375162616966,-27.96231600114346,-24.973764020631975,-24.414829260110576,-27.01329247130786,-32.231380312557114,-38.410883844678594,-41.82477332578452,-40.14068287757577,-39.078111168441346,-38.89009248052914,-30.65043452
15kg_16bpm,2BC,-34.83811194,-34.96487358154225,-33.60678036207013,-30.60767746929453,-26.191071879007886,-21.262522563250304,-16.478790713808696,-12.487960873271874,-9.658679382018015,-8.010561599099718,-7.310435941704808,-7.00594086905117,-6.673339813674929,-5.953612573661331,-4.692145847563574,-2.9971210714263528,-1.0041564063477564,1.2124796100258455,3.473509488271043,5.64826880628782,7.5305098816081495,8.890916736843874,9.663185047826559,9.957665016196092,10.100756190821647,10.44538491701087,11.150606514852136,12.05356332934518,12.722069606779412,12.76996156418045,11.935994042928336,10.139862346353738,7.310026564202883,3.9393529058694283,0.40834885919776376,-2.922013150938708,-5.691970637694112,-7.68568207357627,-8.951620535224482,-9.659220661123975,-10.04436648004836,-10.310561376240571,-10.621534075236223,-11.109370460281731,-11.873860458935072,-12.972283280501866,-14.43083779917196,-16.138560014737315,-18.028244617744907,-19.93487387089097,-21.818408046686866,-23.48070386954687,-24.836364518696527,-25.82905506253081,-26.414720640150687,-26.544202172272723,-26.21604229424301,-25.51476409899761,-24.57111071900813,-23.470571992501878,-22.214176146901877,-20.7743055497202,-19.214502729890544,-17.602564376394017,-15.953305727343388,-14.278953524646477,-12.619977323845179,-11.033649583978786,-9.573038946995478,-8.28250715076159,-7.089356406240855,-5.86589033758626,-4.491751294336409,-2.836571940999876,-0.8931920444390403,1.1985871226005773,3.2075072169362926,4.910585328237362,6.1556689375688824,6.762514704931524,6.77812607564617,6.253187965523559,5.39786662684908,4.327229108729093,3.133226743250772,2.401752796413429,2.7828844706556812,3.1149042692797124,3.3881073721563175,3.6703005387220506,4.319181652361618,4.10657847014186,5.412172257313087,8.413270218445493,11.119813600171726,12.689919790641177,13.003341017264793,12.277152737805567,11.216170699061655,10.804702430496228,11.74953245
15kg_16bpm,2CA,33.56429606,31.018180199987317,30.496386449999996,32.203372778020096,35.733986630000004,39.92745289921739,43.67282927,46.255352965175476,47.74273121000001,48.876165772907605,48.78447912,48.16732384362871,47.325938830000005,46.275739662149725,45.07455189000001,43.800546087085806,42.50367466000001,41.23074019438814,40.06455557000002,36.1718376434809,31.982102700000006,28.243821130855043,25.340269650000003,23.518291582056975,22.410727720000004,21.211829977182298,19.07412178,15.608054236963676,11.2603095,6.959722880706515,3.56402562,1.3137787187975691,0.06850208000000002,-0.4580404394300955,-0.29165209,0.3861855403173932,1.6817261000000001,2.648246729175647,2.8837212600000006,2.3465787150489903,1.2051721900000003,-0.14032019922311204,-1.24503559,-1.5726335629471668,-1.1345002800000001,-0.15759085252422095,1.37568796,3.423543584206655,5.822866190000001,8.208739627528164,10.080762540000002,11.020820664328834,10.767815140000002,9.904639336122434,9.04494169,8.770699953554654,9.20302849,10.130401365285602,11.28642082,12.505800105344047,13.625381480000001,14.492174138074049,15.08748488,15.52253077105538,15.80484852,15.97840643829649,16.14267985,16.380680338777367,16.73739475,17.19489170528049,17.63450937,17.865253186637474,17.73579292,17.215228807070922,16.30845056,15.007914170674752,13.464211650000001,11.922032641592022,10.65454525,9.997154410290133,10.177172300000002,11.237961048321207,12.90269644,14.585211508257114,15.739158130000002,15.974978081058936,15.134311300000004,13.65572004542831,11.950160290000001,10.61845343416901,10.175548450000003,10.638069816533152,11.634234680000002,12.532458619857097,12.867321019999999,12.450528477147829,11.35038864,9.725723182205861,7.555442389999999,4.858507080647418,1.77263386
15kg_16bpm,3AB,-4.41400933,-4.564782194394145,-5.260952561917955,-6.900722461553238,-9.06787517055107,-11.160911319631069,-13.339935769704121,-15.669481811843754,-18.071124975066144,-20.3691387747698,-22.4168469584891,-23.85862032128052,-24.47425264614598,-24.389325707311553,-23.747599903028448,-22.705979084848256,-21.97596254679301,-21.45596134329446,-20.828948151551423,-19.70262323684031,-17.938043563142557,-15.759484194250158,-13.520369676805124,-11.5541377529905,-10.066856931847827,-9.006534450843803,-8.061846389801893,-6.881523904429358,-5.264213893549087,-3.1712391717635593,-1.0366563678521912,1.2064878888833046,3.1935406049937662,4.832669796956729,6.1817368079508626,7.316638904165163,8.44263761489943,9.52625028052241,10.4255068102225,10.992723744132562,11.135240073832804,10.839415710248357,10.141704361816117,9.162400201584749,8.18065483156467,7.312835388115149,6.590982955395674,6.02989285189137,5.56847110716111,5.214258752855029,4.918733660000001,4.61387101709581,4.363273304343661,4.093930110100594,3.776818894173616,3.403190184725252,2.8550331779949083,2.0121779288183146,0.5088291130318586,-1.5510335919141336,-3.9411873294909547,-6.220137235439658,-8.420468660401099,-10.742480327221454,-13.321178613143683,-15.944682034896212,-18.25948579583209,-19.63998254097392,-19.960621719582946,-19.524568107586692,-19.157967017905655,-19.909737697466795,-22.265256811194316,-25.81077975262195,-30.213429752373337,-34.29663761787417,-37.37016362600576,-39.19335541467138,-40.04561274620607,-40.48664654827262,-40.95108092565251,-41.69506704722098,-42.50092311105085,-42.9446625776099,-42.47024292276842,-40.844236407491096,-37.74559555315121,-33.13020401490189,-27.813818739140935,-23.52813855910148,-22.554468083147174,-25.238895511333975,-30.7928230371972,-37.461175235465305,-44.56535153734069,-44.48324558631886,-41.02713017824881,-38.61159288776217,-38.32906849148919,-38.04193739185551,-29.85215953
15kg_16bpm,3BC,-43.34318528,-40.65525835693625,-35.277744346308616,-29.85454678748634,-24.528733833164146,-19.729166304307576,-15.23409030142413,-10.928148262966866,-6.923807488894383,-3.72493841500344,-1.5815510511012714,0.07966759408806694,1.1247893849780481,1.4351598468459426,0.98004860499324,-0.08444993047349061,-1.3668477330289799,-2.5253477546353786,-3.135968569053237,-2.5302560102998233,-0.46866345973052737,2.901005950398669,7.126516910839842,11.507019603715857,15.296785902005388,18.053005490000004,19.370415981939335,18.944794214451136,16.8148582025804,13.470576203245994,9.541405856803687,5.574431835020684,2.107758712328525,-0.5614491672797809,-2.572661279303727,-4.168231677815191,-5.6398852581297385,-7.001716312274763,-8.157825294814323,-9.022240208483693,-9.785379970255871,-10.674683583740634,-11.741832104035733,-12.872057464939347,-13.975075517578846,-15.002957132159098,-15.964025173114752,-16.914786127655887,-17.90898959416642,-19.020324502043856,-20.18134689,-21.275509865246974,-22.33395240643368,-23.1476191784294,-23.551899334561003,-23.481278278156683,-22.974131426329546,-22.161672203174763,-21.336919906077092,-20.689643930758734,-20.242480862939853,-19.9060181251044,-19.480976813414788,-18.78233725508244,-17.72247451346425,-16.346487086306638,-14.81117089088767,-13.358034036470002,-12.212356434451573,-11.459679930724686,-11.02165709330216,-10.59614041492397,-9.815300737151997,-8.426745002378924,-6.255340341519997,-3.3287761000000002,0.07375828452681947,3.5820034875437816,6.608598923229887,8.722589085061458,9.737841187041923,9.72164013283023,8.866179341659786,7.487937542282117,5.738450494189362,3.994873024704552,3.188392120952071,2.218567253935364,2.472471329805301,4.319738629102348,7.032549738130572,10.015691034889961,12.689929008992433,14.049909461536512,13.720169623243986,12.205180643795602,10.498370981492533,9.66459446612498,10.474575571693265,13.176778308535182,17.21743789
15kg_16bpm,3CA,44.30711546,49.27763521865243,49.204028360478944,49.02384835777635,48.91937372101285,48.921505546491595,48.93772688138509,48.95576718029592,48.75776315494624,48.22364883240965,47.46477664729903,46.619925015497095,45.53815714893233,44.3366471343714,43.219415332560246,42.14748975600444,39.85378036349498,37.30890995042204,35.732689137114235,34.49036103926588,32.934573576855115,30.61452063583053,27.420502323093785,23.463229305155267,19.095521726066508,14.66433654275863,10.679452085374148,7.526558760874016,5.4459259444932036,4.349086127405702,3.9698142094155604,3.9280065842645566,3.9429975571933884,3.8748122657826665,3.700050969024718,3.732631569877834,3.9283557223004273,4.238598853349254,4.574888142744168,4.889150876108847,5.140387950450026,5.443561033503071,5.882649043351668,6.506498784841802,7.37173060470091,8.55322878519956,10.022401035531423,11.596113001324856,13.026794614711362,14.000922558439372,14.420285804970844,14.382163687415488,14.049283312528184,13.54500573631275,13.027231012040067,12.630638772983962,12.353037292163012,12.131497740784646,11.973592484266847,11.985189368502907,12.25060267390148,12.767528813143219,13.45326846504917,14.182500608633973,14.72862023982056,14.837265080844569,14.594862617414027,14.189167187628339,13.943626487413798,14.054879882567434,14.456234565286152,14.901215581799415,15.157919642910187,15.14567185230846,14.963698935133104,14.845214782422444,15.111098848925751,15.948291150394287,17.017438778866012,17.99366802750003,18.295106813359606,17.733276309709513,16.320502963568103,14.505191055437917,13.084223838643641,12.701433815975124,13.632615462674154,15.56842224737455,17.773019832370064,19.365722623687233,19.861563443888436,19.395301922834193,17.833477388568863,15.528288298188171,12.733195200042257,9.210128515377953,4.795732863027608,-0.2666171153215671,-5.250023455525546,-9.48526316181363,-11.26712833
15kg_16bpm,4AB,6.80452559,1.0216574420545161,-3.461860247663615,-6.254756815977658,-8.139481576022117,-9.745981402734891,-10.423040001563342,-10.47937465025779,-10.248669159760452,-10.400819147487866,-11.667005090165288,-14.364603704304251,-18.119933678766607,-22.00616059268832,-24.925221380738318,-26.14253303930341,-25.208318781860257,-22.975952235457687,-20.619495529754584,-18.642566146074117,-17.259023371411352,-16.35054592136362,-15.730342529896864,-15.293270648512838,-15.027321350200639,-14.76554935942065,-14.2043055771324,-13.166171141473077,-11.659871129890401,-9.623557855246816,-6.871471116847828,-3.3599172402246795,0.13255676020764912,3.833314548092385,6.774024705071268,9.091726671862341,10.485438512591443,11.112506064370795,11.33171057228807,11.348318369179374,11.266241502397197,11.154270145407034,11.022257334268147,10.824930404267874,10.357519562158629,9.637291533724579,8.661171830884335,7.270718911163988,5.699218802327977,4.029935630278822,2.6929585100000004,1.8454013749812164,1.3475881743208655,0.9036509353567022,0.20867517520878717,-0.9552590395865598,-2.613838678271896,-4.5677669416033195,-6.747433388564704,-8.991045865539366,-11.20708355591708,-13.349102950298667,-15.600039965565784,-17.848109619607797,-19.977580799197764,-21.839351064481406,-23.3100463600576,-24.464917506101894,-25.44763914543056,-26.307526524208978,-27.066773632980308,-27.84343370391878,-28.85890272883743,-30.23250541712141,-31.792739862379346,-33.33578990151566,-34.37951175200124,-34.86066103435254,-35.06328705673646,-35.38826862441144,-35.99001893812678,-36.80152693419988,-37.599788597171376,-38.15495313805328,-38.2683939157682,-37.97424444830599,-37.33991000206497,-36.461656471996335,-35.25325925108631,-33.84534754289365,-32.204187975313175,-31.14921607006891,-31.691412215319364,-34.35676702666506,-38.43293707706097,-41.58326832504864,-38.760124277636045,-36.570240752927674,-35.316013522948595,-34.819362340724226,-28.3916356
15kg_16bpm,4BC,-8.19808367,-14.679942692545183,-26.919732323137882,-42.77837358264406,-51.2644249428494,-48.94356608390254,-47.7310214861324,-46.09590507928724,-44.51370945974129,-43.27358066783141,-43.366660816720135,-33.77041178949167,-22.52868046046153,-13.43972617075784,-7.133567456775428,-3.885917956682512,-3.6242217319286345,-5.4927695544040915,-8.274310218933223,-10.832540495067924,-12.306966129929851,-11.978810816226051,-9.394549848748728,-4.941849991305671,0.5820673479260727,5.848936087056052,9.63546514254328,11.254835144203723,10.722424902110891,8.779293858334748,6.701200398583303,5.639287337187176,6.022536268607513,7.46260806655324,9.093165628539396,9.951212104394468,9.406428038864123,7.4321401798660975,4.25819417619862,0.7336066945450062,-2.3597752523184834,-4.642216004796431,-6.079025371486408,-6.865064124203909,-7.194816870861505,-7.285877855783351,-7.366417173133619,-7.618967125306322,-8.12571238243833,-8.909281062569926,-9.98030914,-11.315364907216338,-12.933457419974543,-14.666721596383061,-16.15762680958953,-17.19669999045243,-17.510188935533428,-17.14823486358042,-16.330853430101442,-15.36308826059207,-14.531053261446463,-13.82940868442037,-13.126080191604562,-12.262964430392845,-11.236991216572815,-10.070381285824851,-8.856553792907025,-7.737164650090075,-6.8286208854465045,-6.248055093405774,-6.081268901932195,-6.267914427785376,-6.620340891808982,-6.8115900401726925,-6.495739236628306,-5.483790066213977,-3.739196921934454,-1.5221957822519951,0.7480809889897674,2.627964933366582,3.862586829985175,4.438032102093596,4.541754440257454,4.3947584970364675,4.043260211397058,3.313936846890936,2.054565601605595,1.1185314953007857,0.0009017587922163332,-1.3282073179913851,-2.1906656713551658,-1.7291111405168558,1.0186861712300304,4.6105415370951075,13.502960002503348,22.52570925574156,29.721173813629825,33.557513720914486,33.68225337542424,31.14867006636065,27.68404061
15kg_16bpm,4CA,50.41645356,47.40152783486751,42.82215396105717,39.363349253491734,37.56730709464326,37.93987685399634,41.05895517237006,46.900909526389135,50.707703539674895,50.00668681131943,48.97292109923535,47.87189706464511,46.84236906616472,46.15850335390211,41.611142683739615,36.62537309147151,33.95560759953402,33.623185582575516,35.235724401299684,37.184861038184145,35.21056061023634,33.59796141201003,32.07795689865651,30.569357454947195,18.851484459459805,7.661920900000002,-0.13710496231482389,-3.7857328762988063,-4.399312775822542,-3.5240373298734315,-2.280087753759922,-1.1311265239639419,-0.27349268589012204,0.3164980915073608,0.7273741269330863,1.0649341411823963,0.9824179532309356,0.7274786341127738,0.37219568208993214,-0.013670581757582918,-0.08277732454556243,0.016026831343115996,0.24899384335186447,0.8924455711105709,1.89448348788632,3.0723085638361436,4.352024011999686,5.696506074341406,7.019967727062589,8.050610178310139,8.97510793,9.869394501263432,10.722112672128914,11.35239171130318,11.589487857958614,11.382169592763308,10.88476881518869,10.483138857803912,10.599831909238118,11.346201997688707,12.417333221023238,13.463233030127356,14.288460018807017,14.756957184161088,14.878330048520292,14.8020850395393,14.732817004687982,14.800639043180665,14.981033866078153,15.138402534368144,15.139686402884369,14.958771627088073,14.734171921606737,14.614607712360733,14.587645810703652,14.664605970000004,14.908054084360765,15.306126712920646,15.67867794188887,15.703771386770159,15.12178467393746,13.978885974608458,12.523829280639271,11.330190236771383,10.787054390779845,10.974693855166604,11.706736598314444,12.598238763809219,13.277213160353199,13.618849501176113,13.54230058845238,13.235700155078987,12.862895866610922,12.127949082746746,10.548440290729136,7.918419850032696,4.451181359830402,0.6076522880654519,-2.8729389360642967,-5.41578732313223,-6.43802363
15kg_16bpm,5AB,-6.74832392,-7.79916852605913,-9.4887481333041,-12.038735146907161,-14.632643678213707,-17.111640149231565,-18.76947326046127,-19.2520447947008,-18.682207761943253,-17.700839785636017,-17.14584818499695,-17.634028741238126,-19.289909088639583,-21.694905236872536,-24.25359170470754,-25.925586085164362,-26.641272760321026,-26.478708155881048,-25.518899893374215,-24.064730704520596,-22.488349840915124,-20.953578938171567,-19.482948962002396,-18.02095358474877,-16.551551028420285,-14.981508010000002,-13.19609341846452,-11.149396274941159,-8.860276143144514,-6.249463158867426,-3.5736668131742166,-0.9679872336241913,1.7054525264528664,4.515466860858581,6.6077765744112495,7.921226272001308,8.85879730310924,9.54884157339181,10.043662967820183,10.35387784917717,10.477997652379745,10.42652155804923,10.153224108396618,9.781253656873872,9.441163987571805,9.169225081018034,8.937184647912439,8.872147509039909,8.782124562203093,8.440668790913342,7.72636326,6.4758449985130255,4.765304972212062,3.0549306558522864,1.7115791656961308,0.7945951784335736,-0.07923242850935361,-1.3380088585781462,-3.2843936082204945,-5.849837538016897,-8.987522258949538,-12.261040032838013,-15.323169389068825,-17.783432567089292,-19.353116054282097,-20.06414093009125,-20.39389788460748,-20.932458690253704,-22.01090483906443,-23.68327766485629,-25.874185391612162,-28.342533775335237,-30.474355024660905,-31.625623447683587,-31.796233568754378,-31.2824198,-30.684439336973917,-30.511846215916076,-30.820075709949794,-31.430476980948498,-32.160740249991406,-33.19551170115985,-35.00896570318567,-37.927319237941646,-42.18409290789932,-47.19427192459239,-47.49727685301309,-45.622256546074645,-44.6687077433719,-45.39113237506896,-44.88713936216673,-37.27067553203287,-31.478904726201364,-28.98707578085991,-29.16265296944156,-30.591827681291335,-32.279769771359504,-33.287902064787865,-32.99906675723072,-30.931917384021276,-26.42120549
15kg_16bpm,5BC,-48.10584944,-46.90267322521909,-46.05139441393778,-45.18060543657427,-45.54292005357809,-34.57015027237002,-22.95876734848885,-12.170773188428111,-4.0344684728323825,0.82132866929603,2.0929887720500595,0.6229192001181814,-2.022519017268249,-4.823712053569263,-7.07681804033912,-8.410657728859128,-8.829862570128896,-8.495276886717742,-7.475073366382463,-5.828936237144594,-3.6959405821563753,-1.241260297603591,1.3416841902947565,3.7823985162637714,5.721833128346403,6.866114487759618,7.131047890274724,6.745665895067319,5.958811933588471,5.016149009114657,4.0273529896737275,3.0539505234497573,2.155669094926892,1.456680275373251,0.9662490450565238,0.6150154890277335,0.3308242137769344,-0.09190752339600945,-0.6455498668051649,-1.392200487578732,-2.4029680579520263,-3.7443340246472614,-5.388530851658924,-7.200482536957604,-9.040453143373103,-10.801704080778503,-12.420271191745524,-13.871697427055617,-15.160650339200714,-16.33312012578716,-17.363673541340802,-18.239452102143034,-18.981916256425194,-19.546610556961834,-19.937087247105747,-20.204748926009497,-20.389751448827223,-20.536127549018975,-20.607249186010904,-20.49355728285003,-20.064965601436146,-19.254328671894715,-18.050786325456446,-16.515085660308205,-14.781792865676724,-12.942759400166706,-11.165734462582234,-9.506899432975436,-8.01543301345974,-6.745863985797209,-5.743652072834612,-4.989889105051743,-4.397938005216304,-3.6830381350183203,-2.7135177670626156,-1.3856869602393125,0.3896643246526754,2.590583931176599,5.069986449302372,7.534914393973366,9.563341962036016,10.661260828658316,10.373793818364812,8.460783006129216,4.848540027501325,0.42930167678579984,-3.338263631719664,-6.594000239526847,-8.324232048051842,-8.767819716533372,-6.951708307303332,-0.9470812260525534,9.558838319834685,22.437652115876155,37.1114684470297,42.55802786803705,41.552617558739264,40.86007438484721,40.356271760148815,41.22010567185951,34.73267763
15kg_16bpm,5CA,48.20383315,48.29138821592234,48.596491872511564,47.14932549751443,44.824106861819054,45.555195452729535,49.32833167251404,50.33737803902745,50.2316703658099,49.536215512028,48.249324519804865,46.95652498479483,45.603578924285245,44.31278077430614,42.94780675596324,41.53021487250145,40.12185614441608,38.65129354561696,37.127990315100604,35.670236900845886,29.534661128251994,24.730884470635818,20.329896288472185,15.926234134362367,11.495575640528338,7.266490853942511,3.7381230822436375,1.4240753513967832,0.1420404882184061,-0.5915941508702716,-1.341286288794256,-2.2608838247466005,-3.4114412109307475,-4.519729713219519,-4.984196843018502,-5.055104750401535,-4.786186450210471,-4.233735623334968,-3.504718000509946,-2.543754082974382,-1.5570925254055528,-0.9527892854446424,-0.719190737344478,-0.46277022572310583,0.2546037029939211,1.680077072700153,3.667762184217359,5.472630234200036,7.185419178403727,8.645508302046157,9.91850356785276,10.791569140941622,11.201779007601154,11.295183847954146,11.35236159577943,11.579331127022382,12.06274326422095,12.792040576833315,13.648212325767084,14.705820799720126,15.706937303186695,16.65519452485024,17.48437995804822,18.159949461888935,18.68098236166358,19.053921440481332,19.25309726168366,19.188199372840845,18.731975022658418,17.845962718781855,16.73208470751394,15.820432915392294,15.33977272743113,15.19007431144006,15.11178377416473,14.784147288591415,14.067421091395973,13.108454149792287,12.2472877824191,11.643889543081624,11.581375358141253,11.933171713210598,12.469216717630719,13.116667605235712,13.838222043517515,14.69462901796234,15.51239636747862,16.022391156691032,16.014313571228083,15.638279368961415,15.281401068388767,15.230605240629941,15.208557882201273,14.147237131335604,11.732421030465018,7.546293969253564,2.040833789847832,-3.2372897906716855,-6.770336928965222,-7.28221598531345,-4.75720243
15kg_16bpm,6AB,-3.98172962,-9.412752286173246,-14.553796750039387,-18.029828336339673,-19.214555486206336,-18.453083432985345,-16.42670312618736,-14.54553775552378,-14.248729933561597,-16.29886001767524,-20.404408647241578,-25.238023512829894,-29.11144601584994,-30.900703535833095,-29.610025873299215,-26.999403147035025,-24.13089164599126,-21.474392870221653,-19.160970102852453,-17.128908960093934,-15.342031062899569,-13.91460627430628,-12.938229265472295,-12.319415722363727,-11.604153285644383,-10.282842877976273,-8.146184960780708,-5.199111985174756,-1.8455401950612706,1.2534053570647494,4.276943425847806,6.570887596385974,8.05996574644923,8.891164414825646,9.315445690481527,9.401549645840884,9.233745399639664,8.959486994909843,8.749838860263477,8.661890023270738,8.643303769865037,8.572971236805822,8.414091440497248,8.19824570014462,7.969794209647178,7.845634354733337,7.679454566791376,7.257125956205256,6.509513556234174,5.376552996743307,4.012700425842542,2.7862051728714334,1.8710497759280806,1.1122870168542163,0.17235678826100095,-1.2117048235177805,-2.9716938784324425,-5.042680677570497,-7.447304461632948,-10.13760244671586,-12.84859203554973,-15.170779790107492,-16.778854541240936,-17.338125858309674,-16.41841698398144,-14.020828859746514,-11.14887227978944,-9.659322043982826,-11.058550748677797,-15.340464093377724,-21.473000230815476,-27.90013344316941,-33.18442459191615,-36.84669952086655,-38.81128718707059,-39.48030082978977,-39.07953864579548,-37.767294314976425,-35.640812246053606,-33.19794550322545,-31.172549510970903,-30.30818235439029,-30.817024435200285,-32.465540697835216,-34.745039287822934,-37.14411957223164,-39.11526374087583,-40.21536509141082,-40.22492868130522,-38.377628892109044,-34.26259516550489,-28.5152613353466,-23.8762201769609,-23.785322292956675,-29.670351069545795,-40.33316553164415,-41.55760059673759,-36.86419908025684,-34.35881540011582,-34.282619124009464,-36.16214107
15kg_16bpm,6BC,-47.14956911,-46.443233882080264,-45.93529766034214,-46.01590544229185,-45.610968745017665,-37.71921382068249,-22.77397335997106,-10.909983583137707,-1.7653221458731287,4.208458768659118,6.704922922989989,6.076231187735984,3.301761135148454,-0.37748954755851544,-3.6467966125720364,-5.382226196852937,-5.119165401964834,-3.0026443577210173,0.41549914561911044,4.266857397111359,7.750695669976726,10.660238304818014,12.724157043091425,13.801720965575628,13.750162480711232,13.024110683906564,12.067191495108036,11.251431132878214,10.946154809615967,11.332003465230002,12.201749295531855,13.039738612328385,13.313166152209591,12.662239625828246,11.014653542615047,8.547384587465354,5.765783001986795,3.168662511522803,1.1119550367079152,-0.41980516339163704,-1.7754007335562545,-3.2245959371256125,-4.937648153961898,-6.904516727756032,-9.062478821202605,-11.269789791471537,-13.370879674934484,-15.326591163032605,-17.023006323748103,-18.285432002982525,-19.060336507850895,-19.395484750436804,-19.483357544708316,-19.609111701234077,-19.98457872772751,-20.59047280142709,-21.2962460539258,-21.959589293011312,-22.409489655403206,-22.536677232896604,-22.261417083091533,-21.67715233326845,-20.77844004333744,-19.537933177886526,-17.92049734881655,-15.910116808112727,-13.602841646773436,-11.19850355541127,-8.95943319964225,-7.073268911807885,-5.6196848556153505,-4.537740108975208,-3.6148654995386678,-2.627795214536559,-1.4347840192914894,-0.029687667981344923,1.4846646438635558,2.9579605286422406,4.294704618620936,5.511555517833739,6.697793191715293,7.855730567965886,8.746845858190202,9.008110761659584,8.38461194056468,7.165172518094788,6.014150161670993,4.56445603088671,3.42385048547229,2.7409975501793302,3.8435022974364434,5.884975916624861,13.945530345710983,24.128445369377115,35.120486147249096,42.99540240440751,42.96504752915336,42.13499714313424,41.516619306737475,41.995842224459516,36.32289803
15kg_16bpm,6CA,21.22558136,22.091085995601553,27.810292542686987,37.12338257854642,47.1903526757845,48.84996014000001,49.192354094694394,48.39003233563785,46.914914655071314,45.606047685374854,44.83218869000001,44.35224363910872,43.66547940062078,42.67482058196291,41.45762754410447,40.09336564,34.97934991416025,28.444336143205927,21.958362327522224,17.470794833928334,15.37918909,14.996543361412083,15.105895102819115,14.756530663435527,13.578617058538446,11.732495660000001,9.671076846733381,7.789031613555547,6.321542680483992,5.281903685509433,4.52151475,3.9394721837031974,3.3239014754905525,2.617825003252589,2.12607794190131,1.6383679300000002,1.247807948914488,1.073045626568016,0.9151445257316808,0.6905470939657459,0.8043855800000002,1.39359816021664,2.382032785790048,3.6494612608393897,5.07835851163701,6.51371446,7.7262968773785605,8.785525844663686,9.694762497526304,10.441270450673656,11.131017460000002,11.832788980214975,12.56753661661655,13.331009742665502,14.118556373837182,14.940039470000002,15.791003696595526,16.630237880989394,17.37384055682901,17.791648858404166,17.95370862,17.717337034810456,17.16957955580032,16.564469100698233,16.2314245088818,16.300142030000004,16.651121288284305,17.053259354276413,17.291065073601505,17.224014451912893,16.79645142,16.040365524782562,15.045961434742917,13.908025706286121,12.774095517144918,11.858169500000002,11.339048392955645,11.390712424033202,12.104354369469144,13.216194402106208,14.268297540000002,14.80150851654024,14.441539355328366,13.222786891494891,11.508638030086328,9.75250718,8.597896450722013,8.250644001484522,8.515460454370551,8.80924454675532,8.879236940000002,8.938337195009002,8.908148786514282,8.62523168015283,7.7490874181180525,5.85089407,2.8691180723011573,-0.5624351640655225,-3.4238158047914755,-5.024549907998105,-4.8615646
15kg_16bpm,7AB,-1.04814308,-2.0812960676548276,-3.9289423452204457,-6.515139960229473,-9.556133623839742,-12.816612174472379,-15.50307791538585,-17.082943658766986,-17.54946009265972,-17.314605222317603,-17.121946485806248,-17.838282510069856,-19.61680993221801,-21.847895477846986,-23.19644318551489,-23.7014523420088,-23.340782548064084,-22.398170836994257,-21.132934650603698,-19.645970744631274,-18.004989496630238,-16.292610768996685,-14.574976578834237,-13.04004286831126,-11.848293396497287,-10.956180814376467,-10.049941806627292,-8.771116379545592,-6.908899827370791,-4.525157768715469,-1.8480166415314698,1.0460627939975344,4.250995367032053,6.558764284387973,7.704640679375732,7.944987860527344,7.661770064256042,7.255058703448318,6.957797326089383,6.810249882118093,6.778345466253432,6.734669988457901,6.511501175266763,6.0117475241388325,5.2562908321949795,4.458660537367127,3.8171022068700946,3.3430850192554553,2.911315391270119,2.309634264191051,1.3334016464807092,-0.1503776168995377,-2.096513727220339,-4.332827701776093,-6.554176187354717,-8.418193790944631,-9.785320063846624,-10.990480783562662,-12.585703923363107,-14.630992151088044,-16.695283517933817,-18.2340737040989,-18.950660147263378,-19.02548379134366,-18.808395319924877,-18.773723359456127,-19.24018202465152,-20.474725872184266,-22.540660023564673,-25.28899830281031,-28.46850676813206,-31.840253365219514,-34.99052520203575,-37.36634125999573,-38.783056094162646,-39.03162486190616,-38.52466063040316,-37.825521055242135,-37.372064344892564,-37.31730802224536,-37.536924243365604,-37.848388768356934,-38.207567326019266,-38.75743240471026,-39.72478488531031,-41.02060188720481,-42.40529288853838,-43.60755626877104,-44.85720930753224,-45.03286708039105,-43.737340520415245,-41.35641137222274,-38.99909602971166,-37.879331462733944,-38.361522016329275,-40.41552511584768,-41.656297894228715,-39.7345806218728,-38.62533773108576,-38.19368647146511,-32.11059451
15kg_16bpm,7BC,-7.31546205,-7.0189515939852845,-11.095636682184377,-20.808675489275778,-35.62194085435973,-48.40923783198829,-47.68063752688898,-46.53192140882361,-45.16911070400607,-43.19411171963069,-42.08687505291578,-40.24481996307634,-25.99612659777889,-14.182197729413167,-5.358301981543771,-0.09296753773731961,1.8824940534428933,1.4157012433995442,-0.3209391333019631,-2.1269046481700133,-3.1473269936885946,-3.0019826833081864,-1.7632562390365654,0.2535584613459785,2.5914682743731676,4.85642797,6.835893251316449,8.42673279787908,9.621795739824782,10.546610310152984,11.3347983098992,12.097240048701321,12.904898129188096,13.862191026300142,14.98819531176308,16.05302548862722,16.718450838038546,16.799075551886226,16.39178756960291,15.564086310375343,14.645265744334031,13.902206655633329,13.35165602193689,12.831590433162969,11.98193843380123,10.529597382214595,8.38760517842859,5.633609117387341,2.4903060084938042,-0.7530348551538791,-3.90514124,-6.745993671324185,-9.17151183892078,-11.196334191325795,-12.80137495116761,-13.976999248741665,-14.705455811807022,-15.030665061190515,-15.11478158559849,-15.222059449117596,-15.539254641334729,-16.156934387333337,-16.938819234003564,-17.621891309179308,-17.934490558077194,-17.770627922303984,-17.020322968083082,-15.819612693385634,-14.323874945945475,-12.719965671774032,-11.065635160758314,-9.340976526683049,-7.5683729819587215,-5.730959610293509,-3.7910157173692096,-1.7455264999999789,0.27944652555009475,2.0906927599214273,3.5099160912758016,4.415520632785346,4.816177170801626,4.811056401263907,4.584474234469591,4.19898262641789,3.5049655878895685,2.1998519711514057,-0.03147490524288571,-2.6821806335649505,-5.0431382379090115,-7.735357985064995,-9.221937118549345,-9.724792944504882,-8.7524214386093,-5.543441026775463,0.803609759025131,5.185058486092117,14.998094342289606,21.848719822203076,24.41619148591166,22.98492902074516,19.50931566
15kg_16bpm,7CA,36.92599319,34.87849248560431,36.20268550045207,40.193189856255316,45.54083002531651,48.86097867091777,49.10532646528251,48.97603269567392,48.216568908502886,47.035301139154306,45.61242469184314,44.014964944130725,42.449847160618745,40.650948573618415,37.1811606814964,33.34503386316432,29.165722734510513,24.385484962393203,19.563175678692488,15.462947531964787,12.527700378067033,10.800222942782266,9.794962627725647,8.745348505467632,7.04949067789495,4.579918180210427,1.5126428996660095,-1.482093402361156,-3.6593367866310778,-4.451370597099105,-3.365147971337441,-1.381478924733057,0.9660832071696678,3.3574370699738405,5.281032534240769,6.522732001699738,7.3082499835716765,7.679847067401177,7.867888405468736,8.195004581632745,8.825992878591622,9.771754538370065,11.007302265143476,12.198962384897607,12.993015304808102,13.360708118581622,13.483454762129384,13.5100237819356,13.540868805575505,13.45442465583794,13.077525882248962,12.46283869784963,11.927802731538362,11.807119453297299,12.187076065494468,12.889543847575949,13.585001356297072,14.000730079485377,14.106354122843134,13.993371845328396,13.672768307825292,13.177823580714218,12.68121311129585,12.360050897846229,12.358304500103722,12.619451699418098,12.98195190964785,13.29857726034731,13.50868615575084,13.60145289381426,13.642388965951977,13.633736093153027,13.581504113736829,13.517274155770476,13.45367730438349,13.377030370236087,13.091536531007705,12.51986245572977,11.670499527163924,10.699819220705399,9.79838411404673,9.118460524596701,8.717066089512137,8.47559531714339,8.274916083861115,8.078727347286552,7.91001366520967,7.865632698000831,7.969750856065824,8.314592010642365,8.682833772483676,9.117073330829792,9.62985324116971,9.913945906581166,9.646906719807268,8.447735985948817,5.989544311995889,2.2919156509531966,-1.9533465939455392,-5.021441431329387,-5.9213003
15kg_16bpm,8AB,-5.24239209,-7.092672001551775,-8.502507251281587,-9.843604634395101,-10.960318846409987,-12.194121423914178,-13.742081095887839,-15.436648399256853,-17.117491931926324,-18.727252618543258,-20.393120327036613,-22.071019363405217,-23.516776671733098,-24.443580720689955,-24.646493314600434,-23.81402874599538,-22.757663807025317,-21.67953064687099,-20.615015580245245,-19.523215934316756,-18.365710978174043,-17.058907993172607,-15.462205774326213,-13.441472174996065,-10.891793784211044,-7.83569338,-4.722544461566901,-1.8180215882337873,0.8497740677727588,3.9942922040728086,6.52636151206244,8.229660473660566,9.405036281006678,9.993722543662047,9.994103117571393,9.488733770849372,8.679584232173426,7.905802553578721,7.441203395124914,7.301119872402029,7.388442485403202,7.496170316396364,7.479411498554467,7.356843727730754,7.163921234697615,7.111225029728931,7.224745937176296,7.491104075226241,7.686338992786952,7.43002709190685,6.424768560000002,4.531479662276115,1.9057876736808415,-1.2079164421837802,-4.453348067401001,-7.332114546318073,-9.440433137744416,-10.68605303949854,-11.25032387587626,-11.538205549663521,-12.294157953743333,-13.829788269097728,-16.10780946569081,-18.73844298293923,-21.133178974226226,-22.729709029571886,-23.377529659941057,-23.439876967254587,-23.69385696690036,-24.742591913186786,-26.682919996196095,-28.917269117513587,-30.60839251248266,-31.54126945588088,-31.781237695310047,-31.789580040000004,-32.00117907925287,-32.512484009055804,-33.178329092471564,-33.87287937387746,-34.62583769084091,-35.589966557463846,-36.94656862088772,-39.17581662068009,-41.91089537628955,-44.300626273555544,-45.54271071225425,-44.73084887265552,-41.49681230515717,-35.830075448234126,-29.181360032507598,-23.504301064103164,-20.059374494585587,-20.565556584308737,-25.282052353886673,-33.789325745339895,-41.94891832752482,-39.77444098437588,-37.57513717554398,-38.525929675517006,-37.21492023
15kg_16bpm,8BC,-25.42742448,-31.89039058100811,-38.50296666790029,-44.19381090746994,-48.02849996938768,-49.48424339682451,-48.135125923443205,-43.86770503200164,-37.05204909200483,-28.698799864900767,-20.400290698292668,-13.352727099325842,-8.160973777524509,-5.019536784365464,-3.632060957578709,-3.404554370701216,-3.5764395854296405,-3.73409437337371,-3.701189430572932,-3.457895956104704,-2.88147677421154,-1.7254066198751776,0.21326431287806275,2.9021819418498973,5.979537549309366,8.90881272,11.289008113060746,13.157531132197402,14.819338000310749,16.588832373990734,18.503130969544525,20.15857214303264,20.908721459845115,20.275979215348293,18.166905741327103,14.831983159324698,10.746727796313222,6.534780082921684,2.7690356861919234,-0.25737164134858276,-2.1035738249748053,-2.95778975591672,-3.29836864343494,-3.6470665373372877,-4.311201181012093,-5.359903617838347,-6.696464274795415,-8.140549427285318,-9.56902301161394,-10.987404599693672,-12.473949170000001,-14.104481886875512,-15.879591698814275,-17.727089590832968,-19.532747688221768,-21.169081624211252,-22.481643836030337,-23.31247822917512,-23.51722013413092,-22.94542559886108,-21.56115666971099,-19.50596612356714,-17.114815389462763,-14.808903149098132,-12.970956821783169,-11.832658908530389,-11.38385110962802,-11.34377016194521,-11.243941806855375,-10.64535061504175,-9.403260607948207,-7.60606670601589,-5.502463232492152,-3.2452479917293813,-1.0023898569085405,1.1428742599999997,3.0507398936870525,4.491837924382533,5.288361066459822,5.31705667001455,4.452263204286974,2.5664703430616074,0.12100464514589818,-2.2212341294713958,-4.555277675667836,-6.7711712366146015,-8.51645884088745,-8.909722922476487,-7.103000342959848,-2.1238877554408533,8.213219140364442,24.067371997230126,40.0622341062556,43.03120623488651,40.62881075854079,39.96121864895037,39.247108014555685,39.77431377188206,28.350292582878556,12.240959426998067,-1.37133722
15kg_16bpm,8CA,37.88748797,37.83196927478894,37.98180005694126,38.399528153993,39.29373490953274,40.71074061776495,42.329801252607844,43.75327015770527,45.10394122482406,45.938251006189965,45.16644744187111,44.53419226761325,43.79731004126704,42.95261105736021,42.002610733140514,40.84000190066426,36.06672522344989,31.766809666556536,28.908193844359875,26.963260969722985,25.193930329771568,23.083777675234998,20.549659389096743,17.87695429845728,15.323904491584768,12.858950015206428,10.29505057167408,7.483955073892245,4.5323761584423465,1.8953354342170912,-0.17137827656533344,-1.5232141084773667,-2.2722417860519752,-2.1918093085136547,-1.824938796163531,-1.2954014264029667,-0.7637325926140089,-0.41374687003952254,-0.19245943711560107,0.0451431025880591,0.5292951369243952,1.5244431078288307,2.914634180936722,4.414318389754781,6.11597360729589,7.999003109685502,9.939957400784564,11.75989431741074,13.23136478892793,14.371145629047419,15.118325776990364,15.454409782076306,15.514017895798625,15.423015897105573,15.200980409616799,15.074214915645817,14.994122201795925,14.70961039348332,14.364204963939134,14.204780941631048,14.391595200587735,14.907516261911898,15.577486725295094,16.187426535430532,16.614147582874434,16.91195841991504,17.046321766997043,17.038542815361993,16.94064359490649,16.8448038416954,16.866061258958286,17.093117149878033,17.490386993415736,17.87557218034663,18.0191846920209,17.724142987975032,16.93420123161334,15.840544019854173,14.79310344094929,14.084744210901059,13.805229288509357,13.8724522111859,14.189460148523787,14.621831034193702,14.999921551507729,15.137211486999394,14.80758365415364,14.152427959259818,13.251653660937162,12.497579762382221,11.9640453632879,11.467967337641513,10.924030563531282,10.38823941194062,9.870747187421506,9.291739728777879,8.457618353907028,7.1456194063351965,5.236817048343675,2.8878961852813236,0.65619856
15kg_16bpm,9AB,1.80762723,1.3873720113363255,-0.4887575811919677,-3.572561368171339,-7.485254417068131,-11.654675758411466,-15.253314280699078,-18.251973945258403,-20.731312288936415,-22.551883455812142,-23.754911286496835,-24.544540788281182,-25.315991255012516,-26.241054101339564,-27.039032976990637,-27.193812765998697,-26.86090409569705,-25.82175342959276,-24.08471502863906,-21.913255372352896,-19.69642734651528,-17.75980305854086,-16.214977312956233,-15.032774567917802,-13.967703161314553,-12.5113535160798,-10.571881785211533,-8.095276854090866,-5.228887952992772,-2.1801495099497643,0.6943076408515862,3.6285997240718144,6.093219080310142,7.905968512288601,9.44100655610046,10.242134067573026,10.440241705561697,10.192501682766492,9.686724584724164,9.126227076529286,8.740603638068954,8.644779341274239,8.817161885907517,9.128123536668372,9.336948786500397,9.092644378000765,8.437140800075378,7.504691039691819,6.503814723208643,5.531911195269375,4.486083993664317,3.019564911383817,0.8546903528281948,-1.9045606937663904,-4.8168803703207965,-7.1483961406775975,-8.629210056858922,-9.310706500116162,-9.702907739293702,-10.402651309780397,-11.798384801725774,-13.94205603521118,-16.365873710230495,-18.125955731279287,-18.203009238457845,-16.409762143623688,-13.798698662113418,-12.148095747552276,-12.95433153331723,-16.346948327999982,-21.46546864450342,-26.573306536840562,-30.8648051945454,-33.63121463280218,-34.90153346398526,-35.18699558916117,-35.191738658305816,-35.5022918699649,-36.09907479862716,-36.69821097684989,-36.970918813295334,-36.64036640676028,-35.61535749613846,-33.97199015460126,-31.896769797100237,-29.632423610625988,-27.31961010334076,-25.305752622299096,-24.081011164368242,-24.033733484700246,-25.10985465495274,-27.28285416084761,-30.43179431593205,-34.424922248535424,-38.45264321230279,-41.70231509836817,-39.481077934788736,-37.566638991148245,-37.06926506800883,-37.68704867237865,-36.47967991
15kg_16bpm,9BC,-43.93395413,-37.67167863388996,-30.823737143946644,-23.77285908052591,-16.986093634860932,-10.920007395000098,-6.175026875523092,-3.0309258274681823,-1.5021194972918583,-1.335664874008865,-2.03186603551172,-2.921248503074309,-3.536383570321868,-3.7425195005509067,-3.69722046400288,-3.650142723332084,-3.6970452238517533,-3.7637738484800414,-3.5691500567399492,-2.7885972114875726,-1.1948895801767054,1.2792113163438306,4.5182209703879135,8.186179008181153,11.958369942422411,15.468347460000002,18.141047708688557,19.74026094131747,20.053686678766148,19.039862755474097,16.845577648086874,13.815989713223486,10.322032091719699,6.823213578806363,3.4210942359707035,0.7157693932425918,-1.1317803553754722,-2.1647430733655018,-2.5643012181927034,-2.754158066736116,-2.936168269504056,-3.4456544215280203,-4.401753351280644,-5.721220692986359,-7.185474837727627,-8.584825611100733,-9.783041853229289,-10.740547175760787,-11.538888108396705,-12.336698792115747,-13.254086080000002,-14.295392708303853,-15.373338543639715,-16.3555867160988,-16.949799637309518,-17.131758227001676,-16.85609472712706,-16.23496641456476,-15.456947731692528,-14.756942845017933,-14.22629363396967,-13.848850351794098,-13.606889399521384,-13.39697744973309,-13.202777552092893,-13.086161746370118,-13.067367570126876,-13.047499615540497,-12.971080160143371,-12.642808304728632,-11.921560460173817,-10.754401811398676,-9.154747591587073,-7.25869192803777,-5.285920548421438,-3.42252448,-1.8018372425316287,-0.3873769890178655,0.910206062610083,2.1620795941569835,3.399829212874986,4.453031988431654,5.114224907475556,5.119318161888485,4.391241023992461,3.04046734326691,1.9891748185545082,1.7802251148542982,2.2692045568916965,3.750356355246818,6.776544883584454,9.018049018031082,15.904134272431005,24.917693913897683,35.128957148633084,41.7734681800214,40.05259727968006,38.75846924651156,37.65983517609085,37.55915164305167,35.36940736
15kg_16bpm,9CA,23.16064482,26.6135090678832,32.145210099110926,38.364896455582674,43.847667098867305,46.27115968297729,45.82555878787404,45.67629209836949,45.52830414009248,45.29523817619383,44.95544243155543,44.519062131629184,43.87316027669783,42.99113549210889,41.9399321115983,40.889827130211486,38.048240448668054,32.79421054028411,27.212795818628216,22.17851231747131,18.444518628743992,15.98884162142031,14.309506164726292,12.814598809067093,11.049357989741731,8.929184655651309,6.694897686412672,4.840529257646988,3.6009993080574465,2.893053973399791,2.3311307052817543,1.7466781471164663,1.3725227037281076,2.0032132654382395,2.631818817172784,3.166307006447573,3.6057472260456698,4.029652470748652,4.580171149633499,5.236285704829047,5.998929652694827,6.881524805581862,7.887686824895327,8.903567759826744,9.92862575159455,10.953479032736372,11.888172291936034,12.686892290143184,13.316582060921485,13.782367618521167,14.25599509399629,14.783100801655216,15.303553821042112,15.879776155513508,16.57257356223991,17.34322139910513,18.04657855483961,18.417638024990197,18.30397004100288,17.779730710352418,17.012242925019372,16.268046200830206,15.794738624065289,15.618077006793047,15.717348809308065,15.96079044129768,16.170715482625972,16.213506088764724,16.036943585756013,15.658794626486145,15.137347669513826,14.537939268641002,13.982265910724346,13.579563985612097,13.437602477444177,13.596076023544837,14.016316099664516,14.655081119770685,15.421096569697106,16.25842451783034,17.103690417860783,17.866095408792106,18.318029382720763,18.21272431574197,17.38128302008567,15.78654764226114,13.61096950624374,11.33222797575321,9.634525790537715,9.363252041087478,10.600872646741262,12.948370867869242,15.492972458579782,17.181939050091838,17.768775195099025,17.006773930371516,15.051998206112833,12.334252034833916,9.399903834476154,6.41523948265281,3.44766097
7kg_10bpm,10AB,4.908478,4.707285533444251,3.572332816651183,2.327975597356179,1.4349313706844586,0.5152155576400894,-1.5687724029655132,-5.4415532265621644,-10.156509511131054,-13.596213837079668,-14.605732428257014,-13.519879395885722,-11.668561412014121,-10.210313580863712,-9.508097285257042,-9.61322623677837,-10.218829494225874,-10.71140361546177,-10.747673887824059,-10.44925027675503,-10.17150356987001,-9.73159923268745,-8.875884658982152,-7.522646571556163,-5.766417168096442,-3.941705794798248,-2.705825007264206,-2.212259144610618,-2.073688028833344,-1.9291742003488292,-1.7934797334635557,-1.529416651242271,-0.7985465467957537,0.19818015698153582,0.8501469803978723,1.1455240680972811,1.2019584097130418,0.9720047312810947,0.5582607205614561,0.2372575531177107,0.25582628802821694,0.6281134262348644,1.0431030344134617,1.2000513507858164,0.9322648997595991,0.05640729039930786,-1.3477571144496225,-2.827791427853553,-3.693791926901085,-4.003186318678745,-4.18067532,-4.758460338480317,-6.338294623166871,-8.64889623405493,-10.722507923292458,-11.967197885290037,-12.65310559671765,-13.409804478492983,-14.708224210949554,-16.93899664309983,-19.756585732625933,-22.51318645756963,-24.761852654991696,-26.37953922312281,-27.62712363452904,-29.074851779020644,-31.390722926198546,-33.580281307696254,-33.03747160078095,-29.277435437318022,-25.33657954892695,-26.046930124486593,-31.02596391054291,-35.57481344288917,-34.191646048246106,-28.052904888964395,-23.961524843155125,-23.405577581932047,-23.205337813284785,-21.78087337209696,-20.67367718040191,-21.58692448775273,-23.900543756742472,-26.677086369050155,-28.960465914869523,-30.115249980736156,-30.41863205408083,-30.730495206256272,-31.66640490658767,-33.370836950719884,-35.271719772371185,-36.27288521579254,-35.55423040048764,-33.34833076717111,-31.004994452838783,-29.93510015557338,-30.506068713735143,-31.862063168145482,-32.426625528579365,-30.809810931445732,-26.14387212
7kg_10bpm,10BC,-30.53304909,-27.296724158138353,-22.069505606482025,-15.870272366271793,-10.171723993710708,-5.863969703058598,-3.529920011233988,-3.0044972184813337,-3.638581999312127,-4.666492489216699,-5.519385590617285,-5.796345674750944,-5.2732081389469245,-4.028841651816779,-2.3777406256685123,-0.7024696530031528,0.7073766453131844,1.7735951087973145,2.5965020814588615,3.2891446912885582,3.9313226883714765,4.571109845725372,5.246601947218787,5.862180010607374,6.064263423893502,5.834066060207369,5.212148335999608,4.384347392182754,3.437214969022121,2.4182896308022133,1.174234781486578,-0.09718170709129446,-1.1563958044181801,-1.8752591956718716,-2.296188630300566,-2.610344794460644,-3.048046043347173,-3.686749859179963,-4.4622794933692225,-5.25211252930613,-5.993492468156481,-6.726799129735907,-7.442518025229287,-8.003763700614,-8.38096820717169,-8.57958330338478,-8.694213349863928,-8.810925955960236,-8.97890006396847,-9.029527783491222,-8.694340712424735,-7.818020084802808,-6.407179411558776,-4.8520580793782155,-3.564077488300863,-2.769726412543594,-2.5532270810631785,-2.857385389613888,-3.361246900040561,-3.723937789723575,-3.6795301745484323,-3.2223177406640744,-2.5429701693174587,-1.906141637418382,-1.4209490974045889,-1.0412707980902258,-0.5523939927684338,0.22402217927065968,1.3568916018592247,2.665804359819727,3.85580958042931,4.743301463352303,5.432613987255638,6.172884881710086,7.291053159168388,8.921408617054544,10.897207838416572,12.781843077967416,14.044818953735257,14.334404513852146,13.737792243811873,12.790985902684039,12.016319100877032,11.896700327485036,12.714994751311767,14.449472759917752,16.64034485183676,18.534235982387205,19.6126538988485,19.770283616218936,19.19369444394726,18.237800387312884,17.34090793868092,16.899653421397602,17.227392262750293,18.141458385599716,18.95895147391577,18.96452173134386,17.61710205045887,15.26869124161883,13.24822366
7kg_10bpm,10CA,27.88188032,27.037669191536065,27.751676571751485,30.36023378845408,34.17440031593247,38.27114813612774,41.45815102467194,43.120625982355634,42.47900034245907,41.7654169875113,41.34043847170608,39.97102425399361,36.937366202531706,33.6284407645717,30.812316218480696,28.651961600037357,26.754274359732513,24.549103990917423,21.956896258130456,19.215218886893613,16.71263874969011,14.448564079259638,12.151716691343387,9.544469874477134,6.735861678630245,4.246523059564214,2.5552536709164695,1.6983766893340464,1.2663774952199767,1.0645459233581345,0.7144833162843149,0.33475755654322753,0.03723587466317596,0.2456468472835703,0.757895951951609,1.3452910461003882,1.5182306455842631,1.21702265799326,0.763829512164827,0.6585623313922162,1.0727397716235085,1.7082503447321682,2.28943875501678,2.9037891562134,3.694325591788108,4.467027944005864,5.32235420876826,6.158220534984095,6.885860898173126,7.550384020074534,8.381080031659987,9.461910690336733,10.56849193314388,11.394386145322862,11.745646240824732,11.899411902657638,12.062674961421862,12.196439734520157,12.232721973122313,12.196095208302934,12.191335386831325,12.180466009770027,12.04386606650636,11.748460956686362,11.366939244903092,11.002745403533126,10.710177022572111,10.427982837946042,10.038124532292308,9.53464243003896,9.077339982923784,8.884265788484484,9.003640464766807,9.286908546989089,9.463998547247286,9.348361161722359,8.912294333727676,8.19114501081005,7.419040336597721,6.79571941819966,6.251979584057707,5.648572819742776,5.032432291098862,4.568689281288687,4.449473527406099,4.749736235048894,5.389265677759526,5.971457934630146,6.247812422507691,6.2713284916463925,6.158384476457991,5.939407752874358,5.648308317008376,5.36932334965715,5.07192862720145,4.735843339272558,4.3694222820233835,4.080383646745644,4.066914440519693,4.471714034159247,5.0297644
7kg_10bpm,11AB,3.25587423,2.3671289178546724,-0.285035523889132,-3.4773268348911457,-5.587887499611099,-5.638874094134889,-4.236690676900333,-3.4650111880553482,-4.991071073986621,-8.629599324280099,-12.521870701510815,-14.987683631331358,-15.60320603307601,-14.895609720625986,-13.854142517844632,-13.068773228228322,-12.355854417374232,-11.266443445812696,-10.152432842434505,-9.349303959789772,-9.040790780000002,-8.946683249269652,-8.781523080973432,-8.398459432733809,-7.661634197579605,-6.567475964422142,-5.396202229442781,-4.351314932630837,-3.4463672418775104,-2.7563208727700106,-2.2174168531921943,-1.7323650520857432,-1.254874989601297,-0.6237969917851037,-0.13561210944325092,0.24124484346082525,0.5263259153958496,0.7100795555296661,0.8121484748915491,0.8878604392347655,0.89309921,0.7724180691622528,0.5932437164537986,0.2475281864066538,-0.1346734898561236,-0.44237390755445494,-0.7758640345657675,-0.8653316087832854,-0.6763952408108804,-1.1126028563070458,-2.791695930455824,-5.4016338348794095,-8.088398332447076,-10.230497866677474,-11.58224860827082,-12.256503038186692,-13.03280623974752,-14.819094287472195,-17.53316404435773,-19.769762757030897,-19.914307930000014,-18.35300293926147,-18.35230936522978,-22.212253852137106,-26.719647882332563,-26.277208629798423,-20.469862927485774,-16.388013680241176,-18.37829576172641,-25.758782101915507,-30.570374345541854,-28.02982326277739,-22.797598574439068,-20.62974908730687,-21.328301009127678,-21.859366312473732,-21.140209852404567,-20.023495548494225,-19.249709220094132,-19.101567104164538,-18.93705526,-18.119452492307328,-17.078832654985703,-16.856883399370236,-18.40776758812934,-21.849699616854817,-26.1544883115349,-29.744251058546304,-31.69712786297017,-31.36746938147631,-29.00421632181547,-25.603795230589473,-22.649772881371813,-21.632926790854462,-23.028495728029764,-25.647121487484682,-27.796434763301026,-28.164956585534032,-26.55670182488563,-23.851001825533782,-21.59172707
7kg_10bpm,11BC,-23.26592841,-24.302233300389744,-23.192876093357512,-19.655324365739606,-14.289856512044999,-8.74725570055622,-4.648867678674497,-2.9787229714424748,-3.55448048575949,-5.058198659329611,-6.216094208658968,-6.255008950908358,-5.169148673726321,-3.4322619419706837,-1.5362362404333882,0.2519560831973249,1.9726967381333758,3.413554555225718,4.4233163545487,4.9583937905464825,4.9507493936037825,4.569736280287222,4.147841820072527,4.099278490676278,4.49136540762418,4.991345351761338,5.421507943176713,5.497351142434571,4.94876743111131,3.707191823118717,1.9850236014180382,0.31942892924876387,-0.7865774527966426,-1.265970786110832,-1.6022177738275092,-2.324933131710878,-3.5606743720853373,-5.0372660408874665,-6.306785757340531,-7.007523134865039,-7.061838646091101,-6.732986570788898,-6.396504628530468,-6.357087941407279,-6.732847727065476,-7.365590117709863,-7.856139372152932,-7.9228450344846895,-7.356198908598052,-6.27408971003817,-4.95397385742239,-3.60905628243991,-2.317837151313509,-1.0326895586229006,0.31242104898235346,1.6191939089736544,2.6527181112412563,3.1818512448294163,3.211300293602629,2.97722101763357,2.819534069944175,2.9721319796987062,3.360889223190832,3.683445139323355,3.7392881902766586,3.734670532463828,3.8033133058467903,4.296342782994572,5.2663770368706615,6.464921439017178,7.55179489025153,8.299900448945731,8.72311865316742,9.0032227118962,9.34603479915395,9.870151916329531,10.551740607562147,11.292478687888092,11.97182313867216,12.465595732923294,12.756785052752086,12.91370953287872,13.069969127549543,13.374355948415676,13.891024399485927,14.589368638989688,15.29171437910657,15.73896651635437,15.732661040861382,15.176021182349258,14.204908460324935,12.938267921206746,11.568716598813774,10.556993512776135,10.687761439347353,12.632265687356394,16.250160584201094,20.43644063451246,23.39296179589737,24.486165621399874,23.81404656
7kg_10bpm,11CA,31.13479145,29.113985502280503,28.02228171277628,28.426636786979085,30.292023629999996,33.400637938830755,36.864819587063195,39.88892324508067,41.60004804,41.05617832336617,39.04703880076502,35.7430955128402,32.29911708,29.6126195599122,27.85098796726999,26.618511420550192,25.263338470000004,23.4627570118628,21.322247062456302,19.073618885778227,16.9077233,14.92261261518285,13.134145492117835,11.526073822107163,10.02925836,8.57637401007912,7.108817478793937,5.6672592868129055,4.357639260000001,3.418292809492096,2.664614157327607,2.201741193433708,1.99568008,1.8857352306940371,1.7948873771162122,1.4884440550213047,1.13049232,0.7250244002780705,0.05225092403878523,-0.4889049795184312,-0.5971836099999999,-0.20553807022376222,0.7366653682736295,2.1742198849322336,3.7508566300000004,4.892262136608667,5.350153623431021,5.260715077561484,4.94147761,4.877907037180249,5.264538064570351,5.977494624597379,6.800545530000001,7.631183295898467,8.528278726657595,9.527944846377263,10.51758419,11.363107238936498,11.949274811469758,12.508893482086677,13.117402620000004,13.729436750316752,14.33223548481605,14.823635780178623,15.064723180000001,15.033479033507588,14.856659913485668,14.642336464041165,14.456065100000002,14.321671113382033,14.183178945716287,13.990970183552623,13.70622888,13.355894429580832,13.041225494727298,12.845592733998913,12.7496153,12.620557061176141,12.27590891670036,11.600706719545306,10.769175520000003,9.994262455706053,9.434727582601464,9.081739225523664,8.863430230000002,8.67450209461271,8.514083127653919,8.440954276697934,8.487178250000001,8.57961156145898,8.59123796902882,8.444195528913413,8.189260820000001,7.860245137885965,7.4309449257352,6.779226046065534,5.776400520000001,4.360683404286903,2.7559710084682205,1.399874432037245,0.94771744
7kg_10bpm,12AB,-0.4519613,1.3816425427969483,2.1520492977976073,1.773243207287508,0.2531059058473334,-2.2016836154696517,-4.886866048867588,-6.964626447250133,-8.376039087571796,-9.606695987326038,-11.083328848610426,-12.68696421580961,-13.812349284442778,-14.302650463959033,-14.535373478035316,-14.885807978569662,-15.048166101007187,-15.147943098658798,-15.03110409048673,-14.399177444823728,-13.224884819026283,-11.828569580591047,-10.601384739952032,-9.767165028129265,-9.276081674443923,-8.719203220061804,-7.769310867863984,-6.456294307040348,-5.120229610292321,-3.931922211822033,-2.766307416564822,-1.7608642010428877,-0.8800649051878922,-0.18283868131258668,0.14768602868906222,0.5155823416425427,1.219996247751765,2.0973514669127855,2.816341138789672,3.074944483919785,2.739431922729622,1.870266315671156,0.6896608783260542,-0.48454862934672677,-1.2592589799451825,-1.432846597904241,-1.2523902633314026,-1.1685316238991401,-1.6470953710388694,-2.4726350548534803,-2.8424948300000006,-2.8574799614103785,-3.025097764783689,-3.9362224495654994,-5.654967681072493,-7.8188730856203,-10.079652107887657,-12.154840420594264,-13.71359600483777,-14.51184979413352,-14.962528158814363,-15.835750695821934,-17.481842622734113,-19.457725371170316,-21.004363711679733,-21.478366823808788,-20.869787891314132,-20.855486441817234,-23.454105304105294,-27.8123680977938,-29.383792496017357,-25.49744499908555,-22.473793234935343,-25.793104482042516,-34.14136321367931,-39.498373949564176,-36.18295112779202,-28.868997868071816,-24.721240576025412,-24.766263672592057,-26.196095084508123,-27.85984712157413,-29.175910804098667,-30.481264651675218,-31.57972437532818,-31.962546404298106,-31.383451493456494,-30.48566253567826,-30.013638766017106,-29.49272131015633,-28.630075527788314,-28.045112255595246,-28.413518412535712,-29.675056373754643,-31.269224931881002,-32.39044554084518,-32.42971306397163,-31.51109111955087,-30.381578702221887,-29.89143226051446,-30.50545862
7kg_10bpm,12BC,-29.97362431,-29.878828627848364,-26.51243124683887,-21.297238706789884,-15.437203652626815,-10.262822209407826,-6.695992867974858,-5.026977394254235,-4.850761088615537,-5.338138000613659,-5.646844822107928,-5.214646670815134,-3.8637138471711605,-1.8198567089730295,0.4247811113923507,2.399842356842487,3.8415374305107335,4.763113308928889,5.333610682693515,5.841768894299843,6.430692459965996,7.208027215961116,8.005922922409844,8.59743140383193,8.824853481380352,8.636041757421161,8.088653520971734,7.5566068894409435,7.234107473229032,6.915757930322197,6.418189497320869,5.540851276719649,4.207349424055844,2.6322372361024757,1.1471551636419777,0.015218530916856871,-0.651666557746273,-0.90046145852825,-0.8717942084180639,-0.7345204625473338,-0.6615108500637175,-0.8655321742028809,-1.406614141714434,-2.1915118391006967,-3.037580460308093,-3.7682836319123156,-4.379670396163342,-4.899670417391978,-5.13498853137026,-4.841451383394288,-3.969396300200788,-2.711981762640098,-1.4147442890006277,-0.41612441653508064,0.16075494898774678,0.5153199526815673,0.9650031369501988,1.7210746779982167,2.807409843964233,4.108182199630772,5.373582380170787,6.3418079184676595,6.864360773274674,7.044769932655959,7.146509942507123,7.398650482185645,7.812293808950375,8.325879104746752,8.81938022776015,9.1805297131028,9.432504831932468,9.715514615928049,10.12389907756253,10.624384386831998,11.176495899401429,11.788493479372981,12.44535315151705,13.068465203666085,13.544523780252549,13.742754372826246,13.636669042953205,13.373793307395404,13.267012053506823,13.625902570792125,14.590726203529606,16.208583559007888,18.297351298061162,20.404061802207895,22.111130027259065,22.81753374530898,22.216574523832737,20.353763369590975,17.732865984585942,15.218840841517409,13.787509846048435,14.226523402244453,16.80816759289936,20.91643087417304,25.494845641036974,29.43986169784072,31.57930643
7kg_10bpm,12CA,29.26531362,33.06568334641929,36.48850742782027,39.166888607966705,41.22311212447078,42.727187311195536,43.634452916188906,42.544687969674314,41.073304429594096,39.54004958077254,38.210218390475724,36.99245362382846,35.86635628028081,34.846036413788376,34.034150567013135,33.25657919531144,32.40828712543795,31.383017752236192,30.12439920678711,28.648915412071922,27.011438067678277,25.202277714832075,23.18143090771638,21.046196225751547,18.62947122230688,15.638218980000001,12.470737590324374,9.67918680043481,6.889727577800165,4.974645888430716,3.791349955134041,3.0499424341289734,2.512688349614284,2.204837741800928,2.287468252828639,2.375650799080208,2.30443178844937,2.3857845934525446,2.7090021670952464,2.721199293627182,2.306302050571182,1.4879983304128672,0.47371087436303444,-0.12601196127721453,0.008547864613189054,0.7242491453820264,1.6338631825142498,2.434998518457853,2.619942126839176,1.8252275926285595,1.0205221100000001,0.7843189290169916,1.3579891057825884,2.667389642465905,4.339400069434353,6.022169351833908,7.3916929275694505,8.25251248396116,8.871479217897233,9.631155148417403,10.706743119734423,12.007029250140988,13.308751217730805,14.383906618414947,15.065781340514187,15.27943829340543,15.058036526268147,14.54336465769554,13.983949687080411,13.544867399497598,13.236894076226962,12.91454753271279,12.443673986721253,11.788668551721344,11.0430485637199,10.391428190000001,9.891612469726894,9.44843057854111,9.06126103223166,8.70556087840131,8.432002724091705,8.388670914753321,8.624436604482977,9.028917727503503,9.412204636544287,9.600298046866746,9.439330152446455,8.876772474864215,8.084556554991517,7.4298656843765425,7.200729604282967,7.4587926190784675,7.927971493566869,8.291390807485184,8.405985096236183,8.144859267675171,7.2493811712999126,5.580293480017415,3.404409311530363,1.4796205284923045,0.12710191
7kg_10bpm,13AB,-3.57149464,-1.423586129736496,-0.197768003654932,-0.23415075517361356,-1.5417094526676518,-3.735234811566118,-6.197423807975413,-8.461624985684788,-10.357200677393966,-11.943446715453804,-13.29316762,-14.303879857240622,-15.017870777961848,-15.44833429057955,-15.682546738990133,-15.857869771691583,-15.804522707786447,-15.399330001582861,-14.927778893690148,-14.778694795965889,-14.951323910000001,-15.022858247233655,-14.425894348521968,-13.140250082013893,-11.525254347318207,-9.771034801646906,-7.943728551086561,-6.085447861879436,-4.375233971996018,-3.0579783705428842,-2.1627472900000004,-1.7666333587677994,-1.7107267118329288,-1.6163958425314506,-1.280122781716586,-0.7568435693823519,0.16429538514906658,1.0988775486300864,1.9521908379238506,2.7736542462703553,3.6520173900000006,4.5524797722321955,5.206996860472615,5.241676459040811,4.298707125026803,2.313746319527397,0.02789781846734378,-1.534143559901204,-1.8913815886274936,-1.1454432335406792,-0.17026879,0.37314754992319304,0.16029709685708046,-0.9074631123397499,-2.6377499426046147,-4.384837739179505,-5.822441266188203,-7.29754552149924,-9.234516742060771,-11.736751601241851,-14.600968390000004,-17.670306000557094,-20.38986452492174,-21.819856867307465,-21.54244218763138,-20.559448078256192,-20.265718098410307,-21.015791482104245,-21.759201108713814,-20.93819094170954,-19.400131660000003,-20.733065658613203,-24.508057125906813,-28.339881715976645,-29.10514492513832,-25.758252524838124,-20.49316702373469,-17.292856219305673,-17.117052089773562,-18.455377099521993,-20.40631585,-21.918811707629846,-23.107840308261405,-24.304235593092546,-25.649465890038474,-27.18031309869725,-28.946588034213597,-31.429381531336414,-33.65124977899864,-34.01311135266364,-31.42705481000001,-26.87209137802122,-21.78013961380952,-18.01671172156655,-17.178407074794688,-19.39575751402101,-23.83834101419137,-29.024439450148712,-34.0784512976182,-37.466784960006486,-38.30844207
7kg_10bpm,13BC,-29.57482348,-31.367258415769065,-30.39715457613871,-26.844170288023285,-21.16129008331619,-14.674621949765092,-9.055382343220689,-5.41965290778376,-4.05760137990351,-4.341521974289576,-5.128822200000001,-5.51506002468737,-5.22212828147607,-4.430053712911356,-3.359302478246867,-2.0681214427643764,-0.5456680991497812,1.2478609719946836,3.3604559106058454,5.718422130350967,8.01384421,9.806900989268941,10.688154608812134,10.485470863561607,9.395684897256771,7.9196057559335875,6.506549975920195,5.257905431875468,4.278133094261913,3.552540989184394,3.0299890200000004,2.57835484472768,1.9320535121926603,0.7964384427860205,-0.6891420362106833,-2.2979637285558403,-3.6555246292060994,-4.487287797388229,-4.840794734643813,-5.103869785074704,-5.578048730000002,-6.210937435568284,-6.736629590548374,-6.924122738030484,-6.682958892245629,-6.077383334003044,-5.327236758364286,-4.689617854626268,-4.284118170548571,-4.0028796272179346,-3.6979674100000004,-3.374386548550671,-3.020267068724135,-2.4137881787368514,-1.4568965591329017,-0.21752218475711016,1.1398027576830374,2.394100254641377,3.477334176252604,4.27182157379684,4.9080206,5.5748340193890735,6.371698503854545,7.321046487085487,8.442310460103018,9.665186005316171,10.768882584318591,11.427855622754102,11.429588175900264,10.903875939904427,10.29978382,9.991286363341302,10.149637874423714,10.80031113139537,11.775239601075667,12.905624958151556,13.977598568120698,14.775872731978017,15.17467740258644,15.195514942264005,15.09927365,15.134059477206037,15.32282760744016,15.631437927646417,16.018734853948523,16.455539854312082,17.03627626696101,17.72056057870505,18.369854887580686,19.02373435137141,19.51542673,19.917247673441018,20.40870113914605,21.257181733003588,22.55142489619185,23.930074713542172,24.862632143304452,25.04990211594258,24.351208514302165,23.213015415176958,22.36617408
7kg_10bpm,13CA,30.6961882,28.101035031982498,27.639930086485496,29.964048685629486,34.114175664220205,39.081222930694736,43.07386218860997,44.14226944593071,42.35800947681579,40.7193166480816,39.25340773,37.990121890697246,36.526381384988085,34.5965775474883,32.5375443089607,30.457372282178984,28.372127727217954,26.029742527269512,23.32264729850761,20.485468877536434,17.708054200000003,15.253599379764287,13.288910755553058,11.666909275793632,9.971651587213286,7.797521177114709,5.200763995240219,2.7950970123686356,1.1149636200956878,0.3074473305826659,0.14333965,0.4559053091120144,0.6703718139812714,0.45872220424727805,-0.19418326521114537,-0.684573644357433,-0.9477016186597335,-0.7797006206156201,-0.1600846169261582,0.7393710732227314,1.8083513100000004,3.1184574758648713,4.569899477081741,5.878713886465877,6.60263448732139,7.196417364646673,7.870320824152608,8.579006811292395,9.376728077174292,10.232237975140002,10.961114700000001,11.503035476580386,11.71661148619227,11.704348423898548,11.441971500623838,11.346974355143631,11.679677175725951,12.247038300262494,12.6665272504657,12.658815557815355,12.21686691,11.50594663061646,10.678966453977326,9.923443829473879,9.382746672154608,9.08426908074916,8.969357783083383,8.963504952566701,9.024506658911932,9.136264549782814,9.19557768,9.134109217509693,8.946434969061574,8.658863880833634,8.285702045757507,7.872591553428433,7.414246031774552,6.969224518164913,6.733184227329545,6.6999623374151955,6.687110720000001,6.476887776661228,6.01310825507723,5.452448184592513,4.886199612079642,4.318480239606325,3.823171096514052,3.4369471072789786,3.189002318295412,3.150830707020402,3.2929234500000004,3.3713829538484372,3.2487493735801425,3.016694766055254,2.939326506789126,3.2833244243977036,3.9819392649211265,4.628552715000117,4.659098157360155,3.7951138182724438,2.35363595
7kg_10bpm,1AB,-32.59115601,-30.653665993264845,-29.740087165171257,-30.366098262682634,-32.59825437823368,-35.97007459991668,-39.74008962527027,-43.16922611545674,-45.93939524045802,-48.03211105385095,-49.42131287925864,-49.81679725999791,-49.08841119603029,-47.70911203983561,-45.634286112872054,-43.24875333586996,-40.59765302393849,-37.82962403969312,-34.85413033997466,-32.289385770314944,-30.86850009302588,-29.679711723982482,-27.9522654762542,-26.359278877815143,-24.49485642877176,-21.669023429877353,-17.868457050630237,-14.309386072976931,-11.457928294015574,-11.145756754963365,-10.623947643776454,-8.88845703946648,-7.338538815510137,-5.98277112702624,-5.244322610090231,-5.1129237817881625,-5.386962770435004,-5.803253260603486,-6.065778048803021,-6.030758852300203,-5.79805980938549,-5.509699786276619,-5.4901103668744815,-5.92567963865079,-6.580396151489163,-7.570974756546829,-8.892533874127917,-10.435594788857006,-10.92282962122275,-10.439080620510303,-9.634092330000001,-9.427565584833452,-9.82066038701183,-10.676961177324062,-11.066781555011518,-11.165428319515739,-11.694057541177118,-12.542251022354273,-13.917315230955463,-15.379273317936706,-16.457094396120073,-17.365949247080337,-18.07488378214079,-18.964657219177457,-20.269374641613766,-21.92908500915399,-23.580072910649665,-24.715301901408203,-25.739783410314846,-27.44963605690034,-30.103595943145564,-33.56794087164313,-36.14203857546218,-37.16556566186923,-36.945218097780675,-36.030971669136406,-34.93016682542456,-34.00243496720658,-33.42622104326879,-33.0353631112789,-32.31946623004124,-31.128808566556717,-29.44329023122883,-27.417439852236985,-25.714553323037656,-25.278122181609945,-26.542381916813646,-29.083741302373223,-31.778112922082375,-33.82247879320042,-34.06139139405427,-33.030271330805455,-31.41686273701933,-30.408440461147116,-31.464774170043096,-34.614107891752276,-40.08952319840299,-45.33227763248234,-49.14970970817234,-50.25009467228505,-47.47327351
7kg_10bpm,1BC,-37.29770895,-36.73145072408826,-32.72081204411721,-26.236837858834704,-19.266526023364456,-13.41429703,-9.668329504832743,-8.144923948627934,-8.23053522395974,-8.985181469103058,-9.637929530000001,-9.893974761677802,-9.841152688505948,-9.618961843796606,-9.214526403207424,-8.449177670000001,-7.065969167860539,-4.846122607649286,-1.8000790550376917,1.687077243980567,4.9012164,7.15529841545918,8.170163264087687,8.083428068551761,7.331023050732083,6.346158960000001,5.687168767833137,5.387973360638984,5.446197082612453,5.7330300597369765,6.2196454800000005,6.858812970190613,7.507535321379932,8.009568276269246,8.162398835023891,7.80719176,6.890502574644157,5.593550944521872,4.1600621534249225,2.7886856216579545,1.4740492600000001,0.32219343577711496,-0.5317268423587722,-0.9854938040995529,-1.0296366403357315,-0.8001329000000001,-0.6444315807358036,-0.7071571297927377,-0.9466635389798219,-1.2801098685919736,-1.53866629,-1.6144614489269873,-1.3863428341610993,-0.773665515398115,0.17212354868926716,1.27805948,2.3714999296958448,3.3597421445539237,4.218304620512012,4.981191618492537,5.675999890000001,6.370160522114277,7.1337147629389195,7.967486196650352,8.726101737976625,9.2557816,9.398154796712014,9.120513734064016,8.572597165440992,7.963937290651933,7.574513760000001,7.557282050884347,7.914102762325116,8.528701302680721,9.1774727057175,9.741438280000002,10.062409811107134,10.231444414986752,10.360443087280224,10.570449873077685,10.944415110000001,11.317459485586523,11.617895350586815,11.726377827798476,11.753957979421761,11.948872350000002,12.719115355938364,14.1964204335851,16.29649968327071,18.892707329540052,21.432730670000005,23.292770492376068,23.7465078620526,22.542785609844756,20.247177150167456,17.879216210000003,16.81268261140803,17.950333256484623,21.189477912973345,25.306351173274084,29.01308599
7kg_10bpm,1CA,40.36191053,38.47567909795783,37.719219536229325,38.669171962022375,40.92077038494517,43.83090585641993,44.33793127886363,43.27921728212058,42.19560898064955,41.045423487184564,39.896834107936286,38.7854936205359,37.69705389593088,36.62960603683385,35.539623724679274,33.915471885916006,31.811461030697785,29.62602161982203,27.137976251270697,24.427028724089865,21.761000615614215,19.396038674614054,17.385328512560232,15.643191207813423,14.039848703888902,12.48430220955063,10.98076234166031,9.59157046521621,8.214557112747725,6.779548150278191,5.223581707583455,3.5944494330908396,2.160258321496296,1.3078454914860769,0.7784601780291134,0.5367274362586654,0.730515615642752,1.2108185696800173,1.7111296872181219,1.9588963393026457,1.9181820041652469,1.6564909346199321,1.3105494067737065,1.0839128502992317,1.1370944485220056,1.4809333899188495,1.9460202676880167,2.360014696113896,2.633472254499258,2.7325539446322304,2.7049833653022004,2.7488890504035792,3.0693569466026203,3.7225366541386777,4.642623152004171,5.69084411752846,6.725905201566582,7.6920956151301,8.590453462726346,9.410363396137432,10.14045462185033,10.812973739304407,11.49126515153812,12.176967935090758,12.788008273909709,13.233734815437398,13.450186023856212,13.408427514740028,13.140769101934856,12.730823499176635,12.266807717134187,11.872831361006256,11.644750796687937,11.584829125062987,11.660238614611934,11.766779025230838,11.878502467435608,12.079812126647827,12.40307679414826,12.892067373635825,13.426845388708838,13.876853347065712,14.180634644743677,14.127037507262635,13.659403081347325,12.95149681758194,12.179075109358783,11.518680138899747,11.096638716421337,10.946451704626089,11.152138058187425,11.571715348568414,11.996978590825188,12.183853867744611,11.918772270830543,11.072111147362614,9.68082099816622,7.982621367619799,6.273184748905743,4.7046236266772175,3.4308942
7kg_10bpm,2AB,13.1254128,7.85596670162765,1.8714246539346744,-3.7369231523247053,-7.954857472431533,-10.504506169809769,-11.50126625942,-11.502008850599758,-11.151729325149732,-11.247228030414213,-12.117562096774044,-13.675529391913845,-15.561950533404053,-17.024804093481144,-17.59832863904566,-17.284996988081176,-16.374260409387503,-15.258076231034595,-14.164209792876449,-13.149039547042987,-12.301402319016727,-11.758760304522676,-11.435158797837497,-11.096927788033382,-10.607927066297407,-9.968864504992002,-9.218581696971409,-8.385441264119445,-7.409583361036218,-6.2180320229124675,-4.822399178065436,-3.3397954580762974,-1.8359665607783748,-0.37149682626164715,1.0773214137509821,2.1004147873913164,2.5736562596788226,2.520415076732,2.074444134887431,1.4860069931818916,1.001282361098648,0.7438628760706354,0.628710765320815,0.5041416779432467,0.25471232630495466,-0.0262273283038348,-0.21587845691281676,-0.057936038875282266,0.4140757780865012,0.8757555720680884,0.8820039183536095,0.22686110328858053,-1.2720321137940083,-3.256885614693098,-5.218874423757891,-6.958426490496906,-8.503260734720696,-9.804324284171996,-10.858206067003618,-11.674708962505427,-12.064983399857384,-11.976914965716057,-11.595402612845508,-11.089234715278117,-10.686643560385892,-10.549755359258352,-10.564634030551263,-10.50167281379379,-10.257966955801455,-10.13740764108433,-10.575261486011062,-11.73457491647551,-13.391466666370128,-14.995598840230755,-16.06413240139014,-16.48058370088219,-16.411885673822677,-16.051202001826677,-15.49925262791929,-14.811665766357422,-14.175206222268919,-14.011687697365298,-14.794213990716276,-16.706547025709963,-19.39544060844176,-21.9452289910013,-23.1895653448782,-22.207854079784664,-18.81965438229932,-13.897370824494557,-9.040182183486978,-5.942735695451539,-5.7138863137246005,-8.429209428048527,-13.009428838988564,-18.385123063250774,-23.609804213939736,-27.9110363158216,-30.795946086361248,-31.762204924129513,-31.05751643
7kg_10bpm,2BC,-29.11680777,-26.014713270996925,-22.417549240027267,-18.752482897592902,-15.356656795991201,-12.423801385118649,-10.033653690499397,-8.129437682237969,-6.570280674877006,-5.200869532731209,-3.8716203128819724,-2.4947121544953594,-1.0236918395350982,0.48288038719283655,1.8259058622890032,2.8198900802605,3.5763205090622843,4.35046642263738,5.344358818452359,6.615226286487243,8.094644350000001,9.54916227684607,10.706545165958778,11.36170295909257,11.516329959491348,11.263461251341706,10.778018110997987,10.021331704955207,9.111693683613051,8.290353133701052,7.669908602427754,7.217048551284819,6.781104022297367,6.173769633542995,5.368952729413937,4.47152607857406,3.5824483515349823,2.7792542503021354,2.1157016257690517,1.6239828757080674,1.2673158600000003,0.9420333738329386,0.5555284062156178,0.08639202544691413,-0.4712204288850025,-1.1037413015081547,-1.8106893849438603,-2.619118413317414,-3.5164272325080166,-4.4154681253106265,-5.149239222240397,-5.4301242641642045,-5.129765244316064,-4.333858172017461,-3.1980725198934543,-1.9884322039626572,-0.8313979720336694,0.12769968645318655,1.0475149116487208,2.089712116987239,3.2991751500000004,4.609503233203371,5.917736074255145,7.110483652372557,8.119769400946513,8.932268683992078,9.616048284651232,10.273636613915315,10.950788905244016,11.640536709268112,12.21777575129196,12.57432258552815,12.72704099458309,12.816603119366246,13.036874124228419,13.54723626863101,14.432079037953077,15.553469014452661,16.757657474835078,17.94306847901985,18.9071916,19.5965907625667,20.044851695955998,20.384196783183125,20.758867570573752,21.26242243556936,21.95398337991386,22.575262358143988,23.028463004816967,23.436214674911366,23.744118662952225,23.95538489274404,24.088124714572857,24.09547910061068,23.99418981397088,23.97047963929352,24.149103564984546,24.53510166208461,25.14739590672837,26.01798258123352,27.17557154
7kg_10bpm,3AB,7.72970697,4.118984397666651,-0.6006093571021164,-5.541330299349103,-9.828907086945799,-12.683381033450942,-14.034696634798975,-14.215919238575768,-13.937699584940964,-13.888538266394818,-14.337339609135263,-15.181273558332164,-15.980124072065024,-16.54338284698725,-16.949294834859128,-17.275228189209482,-17.214096957669433,-16.820045738733203,-16.246218504609416,-15.538158469330252,-14.692863815741767,-13.780198665250285,-12.911815639360178,-12.087428430810597,-11.216994427018578,-10.265193550186657,-9.23920627144394,-8.195002989923301,-7.075303578810915,-5.806401878418748,-4.508519207093493,-3.343819089778451,-2.3190000606820784,-1.503633547231279,-0.6514120086788825,0.2637952457936235,1.2300509010200558,2.206810100675512,3.1228991267897395,3.8803719556160994,4.438883506505307,4.872630129117718,5.216985407062495,5.44603135385131,5.496715201205465,5.2496948213340255,4.579530389430281,3.477305056282354,2.072999060817764,0.700824577160934,-0.18885412,-0.4290974263652081,-0.3966408478643645,-0.19594916800888473,-0.0692835583493672,-0.05226566534822661,-0.22386610595284281,-0.7229102844950251,-1.670860446318232,-3.380650302021829,-5.717089771907841,-8.17140405304955,-10.112588444925505,-10.967684374967035,-10.584583604041251,-9.412872751111253,-8.166708743172642,-7.387559243504852,-7.254831246943438,-7.662164675911031,-8.50758842965764,-9.783926996780918,-11.090898399026834,-12.146757920085157,-12.823806712307137,-13.177001047365687,-13.398263418716164,-13.647068453502925,-14.15936828606855,-14.989801238208095,-16.11307746277728,-17.553457081509137,-19.532465121453498,-22.03332493125873,-24.685999441898385,-26.967757818555114,-28.19253960971951,-27.69354888977313,-25.208571895745784,-21.219993565879818,-17.069358092753504,-14.449595939899346,-14.527333341732668,-17.34091001181256,-21.87902608493834,-26.688879713956155,-30.493541761922504,-32.71869181234923,-33.43005139999347,-32.79783526445918,-31.04355676
7kg_10bpm,3BC,-30.86918063,-28.786098559475402,-26.00106921585737,-22.729002662580818,-19.09775649517967,-15.31361681807549,-11.796110923431051,-8.829322816782176,-6.514983683037517,-4.752067637161736,-3.3922329194950476,-2.358360371412901,-1.544019850857931,-0.7080011030037955,0.45331462025490277,2.1197041532589633,4.189606625343127,6.385130764488125,8.503437370316579,10.372183827087287,11.915771709661605,13.170588794446276,14.175839602342936,14.83025978341084,14.934750959072733,14.406025429460183,13.366941134074763,12.12347034904888,10.961560571290466,10.138804855113602,9.675096779759821,9.439467178227892,9.144275703018879,8.564317800591688,7.724818113504069,6.6151816839685305,5.259956416974623,3.7433284322806215,2.1484598372220582,0.5469580318543804,-0.9662261406126873,-2.3214261885507304,-3.4946075144818907,-4.422525755303439,-5.027208932115363,-5.30993980756549,-5.447942621763341,-5.5678133392564595,-5.741806206624959,-5.912501073716634,-6.021759275842011,-6.06937979234386,-6.095513875392519,-6.079363015456369,-5.905012851803745,-5.361828560953309,-4.288467991744261,-2.6061051457107114,-0.41081128996676275,2.0168135808476473,4.33320710735325,6.194482612875843,7.4048704564184,7.962282691041573,8.028165033379311,7.8907083712425266,7.893930790259559,8.37059543768611,9.4242240777461,10.93101446727883,12.598741100557376,14.122516009682974,15.22155396347053,15.764081181544647,15.750188314071147,15.194012439080092,14.325079176802866,13.310988634301756,12.47239591186349,12.108865113273474,12.487366832392942,13.706298778284289,15.537129104890285,17.728583992618745,19.84708877067123,21.55679532277925,22.550071656743818,22.679782056164118,21.924357129085543,20.647329662661782,19.435482394464756,18.994600418120143,19.901116891693682,22.40341363592053,26.16588687442349,30.1732285374411,33.3898631831869,35.08729426335031,34.825748236098896,32.678763475085084,29.21638715
7kg_10bpm,3CA,34.82531791,36.45711193620487,37.53283275314746,38.531617865400094,39.68482505566567,40.97698245556631,42.30312566335221,43.25087074170109,42.43265440228656,41.570552648478206,40.59834763117657,39.61625530256795,37.18407186002606,34.587748125466916,31.991385656845914,29.43434285807297,27.041583887096333,24.873764440994407,22.936559441133884,21.19939066145772,19.65692557965971,18.355129778566447,17.300267216541684,16.361031336141306,15.385137708319903,14.21045825255991,12.745090330937721,11.027923284277097,9.13925352774882,7.243001164830185,5.5522501893426925,4.3044339598406856,3.471686903151466,3.022224179266761,3.1101584936136812,3.51762519022195,3.7569328216923292,3.6638454966149947,3.3689167810959506,3.0866640291057004,3.000199227187169,3.2442504385970556,3.7322526755598235,4.252944033107659,4.647289389250695,4.8599022027583,4.919073072411193,4.869935510286952,4.79336476385786,4.711742813483315,4.64146514,4.666434690534046,4.819531546755825,5.016864060503289,5.1852650287349515,5.349578580108567,5.549942777716671,5.78076341359794,6.0304355413210615,6.228203883042255,6.548839403636973,6.980455888702229,7.457608154979661,7.98263962413897,8.5702938979983,9.223204440472674,9.91936627530107,10.614664740821556,11.21033141534721,11.647197637816115,11.920076499619594,12.052532043986709,12.075560002000344,12.0243789990279,11.942620647648324,11.88228332047061,11.875970911523131,11.975835498625663,12.207340052395363,12.535827385997862,12.872017813622966,13.071208123288327,13.097023069699846,12.988925000296318,12.848636275146918,12.802866935005849,12.883996252894095,13.13836375152439,13.535468020335344,13.857378898356819,13.820379868142796,13.257650920631686,12.07170046696556,10.579750311780634,8.964102824318948,7.40127514124075,6.172385502122121,5.474821111447911,5.259725437041776,5.221516261409799,4.94656075
7kg_10bpm,4AB,1.07435904,1.0079802921389,-0.14384052330085792,-2.077039280212229,-4.369791750786685,-6.659700413956848,-8.709111608727646,-10.462312581906486,-11.995846610862053,-13.50476838926834,-14.963556143200254,-16.32268347054741,-17.409211703648314,-18.080630556702314,-18.576035816186906,-18.99212129065528,-19.009772409501647,-18.53542970522634,-17.725440739825505,-16.64756665240912,-15.459885150713495,-14.277995706312858,-13.20993262317759,-12.221555335507064,-11.136209204327173,-9.853112258962792,-8.26241495828382,-6.311339460327042,-4.091740918797113,-1.7194267118454272,0.7588055659602098,2.8306856319925715,4.1722057732463345,5.1152001854768,5.7442546014834885,6.087377960339319,6.190908620348097,6.221781001761039,6.308080479080022,6.358564629135547,6.249620235905258,5.906047176773019,5.309988856656725,4.5539405452091914,3.7219323574761156,2.903870218807646,2.1306387967074945,1.3286757199045414,0.4951911382213779,-0.3275548940638287,-1.2939687143464125,-2.581646808317324,-4.024179801393899,-5.123899700355766,-5.556933771380372,-5.537295868888995,-5.312361561945303,-5.4556462729515065,-5.939885051647346,-6.598253347469641,-7.3498910776988975,-8.179574125556961,-8.983110502997226,-9.69878613419538,-10.380212812622275,-11.125122484485862,-12.079795615377867,-13.339738879934142,-14.77081535499221,-15.955368023838165,-16.260844225558895,-15.177585467972357,-12.883239846937203,-10.535219351433977,-9.643430520396592,-10.727734960197722,-12.989354664360187,-15.474215874733803,-17.649750950712626,-19.309965488682153,-20.371041800261683,-20.78022671888273,-20.706123763920584,-20.75625116353706,-21.628681606713656,-23.438865085206906,-25.295898728138027,-25.822066287959302,-24.456428691841182,-21.960677634405375,-19.590695678685144,-19.525020727952324,-19.691822116992068,-19.32878776430441,-18.571922322857624,-17.985302659318588,-18.179814671433196,-19.40405194990045,-21.79083999792654,-24.565304425245728,-27.86807924
7kg_10bpm,4BC,-40.02380963,-35.11509229240603,-28.266253316405713,-20.764003757135118,-13.278550543443888,-7.026220242993031,-2.840354770344235,-1.0017703044988284,-1.1960967264897329,-2.536255247113957,-3.9810864504425454,-4.641581623271323,-4.025426154269537,-2.0975095436383384,0.7146199052284985,3.722060086828188,6.353648794568212,8.341128515403518,9.676418291848137,10.495297226179117,10.993441742468963,11.23775556248168,11.11849732579308,10.620907729432055,9.80805243057874,8.888318488836752,8.088292059399032,7.584987665746465,7.342019003587216,7.016640354972935,6.545464560298119,5.7968518112134495,4.984515670361324,4.27163753147655,3.6349286365088145,3.059952261096466,2.431128031166552,1.6115294369885766,0.5776642783752327,-0.6104002443348333,-1.869440136772167,-3.1000469795277263,-4.197026138431918,-5.130516922543968,-5.8503221249246735,-6.519559062589071,-7.2519545831019085,-8.065641779699412,-8.916927246959192,-9.791299424335385,-10.432598016456133,-10.854477884418202,-11.03423526331776,-10.989883170814434,-10.756130285987117,-10.240264708135548,-9.362374093255255,-8.058270138470046,-6.24007400152716,-3.9428457955418157,-1.2225101558825269,1.7484757359457321,4.776490184875989,7.649737017660034,10.173390971389388,12.1770343556127,13.548292726261954,14.271041696647647,14.461167932647925,14.337241652449993,14.105652128641266,14.002106783370808,14.10881104205033,14.442682655615528,15.015607311544601,15.80044324690496,16.788119619413386,17.83591100514261,18.69570756667053,19.409093783896676,19.966442821911507,20.439813749376217,20.94487793716541,21.611074528070937,22.531038399085435,23.658701912811427,24.803461361328768,25.69421450794232,26.037385471448758,25.571354894141674,24.269057424765155,22.441203603666033,20.746466093088454,19.980926993949083,20.75818008692246,23.396095352482963,27.22310589387563,31.113612198869927,34.0607917424597,35.20970108480735,34.24773474
7kg_10bpm,5AB,-1.39412984,-1.6158822235457038,-1.889873390675668,-2.1681227031132138,-2.5686602226291773,-3.36439049,-4.732264081505103,-6.660859258691369,-8.929854916683588,-11.14784296161045,-12.82997503,-13.669356958303087,-13.684892751452118,-13.30057707087474,-12.997041123064951,-12.97953192,-13.293875045835389,-13.82402531639949,-14.39888200220606,-14.812376580241954,-14.645619630000002,-14.001233772789856,-13.080427210122018,-11.989489725441857,-10.78245246054122,-9.58864316,-8.55189248965724,-7.620707556332498,-6.617848674606185,-5.394948572787085,-3.9454123600000006,-2.2260223280413216,-0.6641749685640812,0.830155744925966,1.8605761315009097,2.4749758000000006,2.834317298914417,3.1596368738367735,3.637712142751331,4.323388290148187,5.122752750000001,5.8929458602950495,6.466683460786508,6.691684549066069,6.5824161386030315,6.305771850000001,6.126223637144776,6.1684877640818145,6.259211541586664,6.173449428893759,5.703223020000001,4.837550598653137,3.812965217365742,2.931338584619325,2.264160617651781,1.6424625,0.6405524861229414,-0.6599574536008253,-2.05079444289428,-3.2904567985206747,-4.548867150000001,-6.05653394948134,-7.920657555608204,-9.976998246565703,-11.793864261997374,-12.94487879,-13.239649689658346,-12.781408475212523,-11.92839922301593,-11.11147412603985,-10.71207008,-11.027089168701272,-12.035632436388326,-13.395123686858188,-14.63175477571114,-15.396974320000002,-15.664015516745817,-15.704299003799242,-15.748771777935664,-15.82482625145893,-15.82974301,-15.678917461244247,-15.416843578116156,-15.15750761834024,-14.918352648983953,-14.621299320000004,-14.268449945395918,-13.933768659057138,-13.591684963927415,-13.104558259610917,-12.54905468,-12.245825286634023,-12.557478677616078,-14.05440993904919,-16.27764996164351,-18.87363972,-21.5678878423251,-24.002552053249563,-25.729221947871814,-26.219202203215954,-24.99257427
7kg_10bpm,5BC,-30.55172537,-29.26728029442755,-26.351669155807308,-22.484440390121073,-18.031590162105516,-13.622963399028821,-9.816074535840418,-7.03407313135658,-5.365271450013632,-4.5402265902437335,-4.108402337124831,-3.693476899994262,-3.1097358637382073,-2.3829441112139307,-1.6577978341800252,-1.0035035656052713,-0.32822498855138615,0.6095608015636698,2.039474222643566,4.006503463671763,6.260717196910532,8.388010909237876,9.719096852925306,10.02291343002656,9.352538888783606,8.029065017597981,6.649831227417597,5.784797845648048,5.581662345105623,5.772781306710151,5.829256839770746,5.384678572985912,4.515527690546668,3.23572986895326,1.7648655272726341,0.4913791653922988,-0.4403173405554263,-1.055753409881982,-1.5078211311126564,-1.9632785130549846,-2.449216398748091,-2.9277585650066213,-3.3968650382437886,-3.8605035704651116,-4.304740450198813,-4.715245212581697,-5.174001360269044,-5.7015136155690875,-6.2390939118181015,-6.771806467659566,-7.271405897915182,-7.602604881551794,-7.56565502213213,-6.996764730939435,-5.85405625101408,-4.260329713679924,-2.5181520706581675,-1.0142458663824228,0.004631454322219484,0.5259835492679141,0.7096495382960526,0.8292165027516855,1.2015833031402972,2.0048365860310358,3.140388192542563,4.324989394850838,5.253332335181388,5.818143363255125,6.069298593336744,6.223131084204309,6.448440232264611,6.8650028637043325,7.478314969019993,8.16828966963185,8.95468818701104,9.965413158560757,11.282789338450282,12.832152399057524,14.344868606976165,15.496904200008554,16.083490444175588,16.085614122691762,15.606654569622602,15.048159599285773,14.92972021737474,15.65677724025158,17.348808195960867,19.775339095639215,22.38718188927896,24.360474958496358,25.40435764648359,25.236231382541625,23.993407757003904,22.136683463360363,20.36114659984201,19.173637304563158,18.727682488643943,18.75350256063393,18.994524879984716,19.34595971031654,19.99055093
7kg_10bpm,5CA,19.2963118,20.928110249343735,25.00014219664225,30.68902709408809,36.85665883051433,41.92600369244895,44.27476877348576,43.42814874974875,42.3995900017226,41.336314784660274,40.23872682882071,39.10279806136111,37.95306822634508,36.340560059098465,31.960346814452656,28.375772133152424,26.09788134922317,24.75336913214703,23.674007252551466,22.497260309171196,21.042630130435523,19.25836976835795,17.01970037841514,14.305593051914013,11.446453977737962,8.880809137041062,6.941593873960475,5.676095678963745,5.011546540304263,4.861536709306792,5.104711161359375,5.594189239479498,6.351312392291969,6.677209649170477,6.4577132229710275,5.870862235464587,5.201827740096274,4.586204382788781,4.172534180378741,4.066391334585977,4.348420151229537,5.0249537768434775,5.797153171957007,6.3243562694790025,6.54353430282892,6.5829371935841285,6.609555410159576,6.859422048689845,7.3857985854302814,7.977207152920833,8.36023384,8.447899485790717,8.297036404486404,8.101384699621246,8.011722284990848,7.925574252060914,8.06191276010847,8.458672285001569,8.981169223085601,9.414267580925996,9.538572985161219,9.255909577480216,8.644171555840122,7.954663425595168,7.410396728338567,7.154399538437292,7.214832352379554,7.47895456355679,7.7508134516029505,7.895892770231936,7.926644317041858,7.901129594395826,7.841021962621873,7.761213924377605,7.717003676705427,7.816918700994095,8.104962095463424,8.507578391077727,8.909491296873348,9.264293556374156,9.530246263668484,9.683101777744634,9.708678561466654,9.671242655018345,9.734579342262629,9.88357984922678,9.865214539419497,9.49250784311509,8.846050081516712,8.140430358650393,7.612909377916332,7.29966054082524,7.111467087793325,6.901951018075696,6.484991591872971,5.638092626551008,4.5171867095050615,3.499849239983646,2.935777604157216,2.9522088831164384,3.37812688
7kg_10bpm,6AB,4.76865131,2.8093885842429995,-0.18377646167761827,-3.392469352917816,-6.000485469107836,-7.499553666673922,-8.046221089871883,-8.195951841210121,-8.722249389193305,-10.014279145684737,-11.7993779728397,-13.50167559294846,-14.749339642948172,-15.548134641297322,-16.121205674100967,-16.53936738987139,-16.643421630463,-16.50406321505299,-15.798717407122721,-14.78329723433485,-13.657842319576972,-12.562456688317399,-11.562345970150314,-10.569820774070587,-9.442553866986309,-8.127120337523793,-6.638647248537479,-5.035401208293951,-3.4554289412454477,-1.941096305499923,-0.767609362389056,0.09454219300916047,0.6789728577288558,1.0555818754962936,1.3045498811923273,1.5177120376965387,1.842798206609393,2.4040113898240807,3.2347337695287885,4.259468616736293,5.339131057653308,6.305647343904196,6.993317204026854,7.208551102098917,6.880573737730159,6.0355202779526875,4.741795767477275,3.2483803343311513,1.845319451812838,0.722331061265175,-0.05182947999999999,-0.5331245637704045,-0.9810990817338132,-1.6981372369148826,-2.8057477178265007,-4.1759128767117755,-5.559165349947967,-6.730939339519285,-7.67306117695819,-8.4556970572053,-9.241850153271008,-10.11361668958844,-11.093596172623155,-12.221740214281297,-13.552525067586428,-15.03741630027879,-16.44973506423071,-17.54236805786177,-18.152853147971967,-18.236753427332395,-17.94247338955042,-17.58035311627278,-17.405937517775712,-17.538016606638976,-17.98145982925314,-18.7546466467892,-19.797229994956957,-20.9984987022833,-22.172344245668157,-23.103042868024925,-23.627552954011463,-23.721237223796404,-23.31770010167362,-22.163383202820867,-20.649234963512484,-19.655109316764637,-19.69722722873074,-21.048090997395164,-23.530966680274343,-26.313986215177056,-28.416915152890557,-29.2225711820355,-28.918900180156644,-28.150480101532327,-27.415154775016166,-27.438586551796856,-27.993380880043556,-29.019034039153574,-30.29997638649946,-31.321442086710505,-31.48249646
7kg_10bpm,6BC,-46.87895524,-43.96463109598856,-34.51586700284025,-23.833318435312794,-14.297033259593286,-6.917982511664252,-2.468783850141452,-0.8912834634289368,-1.5234622682492223,-3.2649316338293226,-4.949874871399913,-5.762624889574901,-5.499481758936578,-4.440887616358782,-3.000783823381316,-1.5147244712287298,-0.18482404236904737,0.9688085377928454,2.0502350156225706,3.2026257478664273,4.474671527152108,5.822525176074062,6.904852933087956,7.436775833480317,7.267779118252078,6.491400370000001,5.385865929071612,4.257604346270685,3.212864020974772,2.1914560469782223,1.4065004846058242,0.9310466852935526,0.7542604335607521,0.5919450746335204,0.23661844667370802,-0.29755511992799866,-0.850279082907521,-1.3108340023466458,-1.6577910464103998,-2.0045585821472653,-2.4183366701073647,-2.931162581290102,-3.4981698577943403,-4.117414388045845,-4.887058284336375,-5.861560838091425,-6.956115722812171,-7.985095967204242,-8.740565090183777,-9.05217701304621,-8.79788976,-8.01661856766268,-6.885298990477793,-5.692722784406637,-4.694365945499796,-4.034568351116654,-3.7299906954383752,-3.683538933864863,-3.6669082062286074,-3.3700016356845213,-2.5402245749521963,-1.2097279018451619,0.6585566306141948,2.5653725970122685,4.448978815025577,6.073182732259516,7.286304373009457,8.046707820761112,8.38521831429965,8.557458005296064,8.82581488039076,9.386823957366268,10.335181408398864,11.653567138459195,13.228514631731976,14.801995440000002,16.059698362351877,16.811873493621995,17.020873114746962,16.75267715570195,16.196049093132274,15.679002507901673,15.589484631212699,16.157935497403596,17.367371574918117,18.954650928542137,20.51496998943721,21.679873079682526,22.241941984980915,22.183329426074657,21.660167284468184,20.99238788325146,20.547151408837003,20.576199734491812,21.11462158596029,22.00557385663035,23.181028881995537,24.319926444902634,25.17788931519017,25.605390742782923,26.02915428
7kg_10bpm,6CA,36.95871352,35.96520454680366,35.69000600089659,36.70905535590112,38.78514813478867,41.41946835902475,44.170299929219,44.28025493743919,43.51228936902222,42.51994516975693,41.267417927698,39.829793095994106,38.33283301112348,36.91634191608461,34.77228277964898,31.68491337638172,28.778898418298503,25.963081296545063,23.28666408559643,20.979949698659905,19.169052084374414,17.78040794551722,16.5489053474924,15.046352581344586,12.994175885177002,10.47590572,7.880503019362505,5.641578680368272,4.040366687356063,3.138838550097222,2.770182119823506,2.6519674361346652,2.6607414276466415,2.8379513403247416,2.9459678045243307,2.8709879116019237,2.520199798943787,2.2490577492737223,2.1630195460334383,2.159497979006499,2.22971124731375,2.4498023784952148,2.9266907038106376,3.5474634398951905,4.160376358027502,4.728306911062995,5.270526273536099,5.692754334784015,5.835718474270463,5.797387556945804,5.88364889,6.2373633914670785,6.765810708321127,7.305013697582192,7.7753158832914355,8.226355690452232,8.736625735242782,9.26996852220113,9.799944833140637,10.278488617649593,10.797520991180086,11.478537371084409,12.299710428924426,13.09949600707939,13.693380908948981,14.005464400848355,14.06706015943868,13.961935336484764,13.763575198635218,13.490951919948278,13.130246713205995,12.761984123561248,12.425699804720379,12.252543223593475,12.26618677634915,12.430181810000002,12.63382180941267,12.726949955264333,12.587508263804374,12.16339297619174,11.491349806215734,10.67386817146959,9.829459950864317,9.071717265695996,8.51208637234927,8.228850472666164,8.198447716225287,8.354807623873215,8.607921918960663,8.836449741637846,8.864208815050066,8.611711796601648,8.13257861175411,7.576176708384942,7.038623536843992,6.535175581315173,6.043818461986025,5.5332711557720895,5.043876611908946,4.703726973687557,4.63612139
7kg_10bpm,7AB,-2.19409343,-0.3857062078843831,0.49061621505550856,0.4489576872905821,-0.5542648600840336,-2.5120411908356854,-5.1603319965406795,-8.060501871657744,-10.667913020089399,-12.60407800207548,-13.853834045638209,-14.688598951039074,-15.319702105158047,-15.887746962758108,-16.183859058760433,-16.212790666205443,-16.04116836952689,-15.50319224026617,-14.60411437335053,-13.670570367233843,-12.847315931435036,-12.07363772086433,-11.136446213898232,-10.060510916681173,-9.047682248213068,-8.20037444364508,-7.391953557189939,-6.361011139430168,-5.055159442912609,-3.5228182853719425,-1.74276254922478,-0.02009458130640738,1.7514190163181316,3.208719916105765,4.263810754767579,4.85589186028156,5.080663015733195,5.073493052302111,4.991115520130303,4.944957810955277,4.887512284696294,4.643829144794259,4.01922943621265,2.881546701689402,1.337450418926287,-0.3076101280361174,-1.5406115436582384,-2.037827203829467,-2.022176827361161,-1.684868943832923,-1.049488439058627,-0.05398863495445777,1.016685982567538,1.6529038428261147,1.3855016828421207,-0.005910158809135898,-2.3852772049155817,-5.436316220669184,-8.740018150447845,-11.810246729414219,-14.159089183122076,-15.585151331502278,-16.16452052886137,-16.00301915216521,-15.309593537057982,-14.68580817273311,-14.73088713283564,-15.651188054056695,-17.161832771041016,-18.742676829166758,-19.920207177258334,-20.482499094591684,-20.558356056549844,-20.468290846347685,-20.44319816193678,-20.44285844557153,-20.37224032802679,-20.11507894083554,-19.57755911183112,-19.074833242269158,-18.63479058024288,-18.651567547493542,-19.33723397290608,-20.81045481014434,-22.985519319328063,-25.485440001962925,-27.69825398799875,-29.033489924612056,-29.1592982871893,-28.05826993319145,-26.067408026142672,-23.874804490785134,-22.22269597677199,-21.603550770536074,-22.20408211097386,-23.845594110178247,-25.966240526164963,-27.78437297179142,-28.433542289604773,-27.510208003980846,-25.17061558
7kg_10bpm,7BC,-37.18132579,-34.215656164320485,-28.652895881883506,-21.790497734128586,-14.846536688908852,-9.028959075328022,-5.214301741762846,-3.5115633449827053,-3.2972141377651227,-3.641362161259512,-3.807290905820215,-3.47944707073054,-2.647470650769261,-1.439390176954832,-0.003077826944460087,1.552540776873593,3.1280021268343345,4.551145249167477,5.540615678047841,5.921016135587392,5.58856223,4.7821438834355465,3.8820847419992646,3.3580705869592125,3.4665822400952044,3.8016461563268504,3.9760062185943132,3.678888323163072,2.7445995149041846,1.3921871263843044,0.10284336491177368,-0.8793907952960105,-1.763359277991642,-2.5634909804369794,-3.2448742397539174,-3.7580967766754676,-4.118884876802339,-4.32052143133129,-4.382542281418832,-4.289589439040888,-3.98659003,-3.4879109842734253,-2.852988520902215,-2.2492840321483145,-1.8362730646272396,-1.5405724482910903,-1.0853678931455217,-0.26760483741128094,0.8823513313065996,2.1128488845786717,3.0446031652534975,3.302846974038555,3.098320322856742,2.4267485931177055,1.7083802810787456,1.4123982677587603,1.7946535022685728,2.8439716685711978,4.367451006233722,6.158310467333214,7.928002640000001,9.24661914652914,9.70384930956833,9.146510354312957,7.836424252803073,6.43290039759783,5.705747146464523,6.164006656515821,7.587388540627621,9.55885777030669,11.529928655984396,13.176700240964193,14.409760098151509,15.311398774653542,15.990861229407615,16.57112794591819,17.195573768532245,17.896480989333995,18.571404715965453,19.054398878622,19.24905199,19.228021972453543,19.187045428208343,19.318804392449398,19.703572569577236,20.2956324820718,20.899521590856143,21.328750211159495,21.44804914204746,21.200786591562245,20.565318243973017,19.672941118819377,18.73190189244168,18.069855090825264,18.06840566897164,18.93763717804404,20.54051077644688,22.813508090321797,25.262044113552342,27.483139945293782,28.73556102
7kg_10bpm,7CA,9.71317409,11.347701374139398,16.279118615663585,22.66543730002366,29.723648161859032,35.712960322337885,39.73194752019805,41.753040483788254,41.6371418269608,40.35258183750247,39.12217669321018,38.060997549815305,36.764678771318046,35.79089446659294,35.18912549985423,34.3030172311143,32.505731560859594,29.748028393753753,26.571400387857672,23.760940961609297,21.506838653563587,19.849123876116234,18.713455068594893,17.95920088632255,17.19107028414723,15.855313879180816,13.862796094150063,11.369067798725982,8.648017760225448,6.097089395774912,4.015674725400767,2.5210788330903657,1.5049281956139964,1.1016945854368472,0.8995751870298678,0.6185194300550886,0.02947398008202575,-0.6102732114911414,-1.1337039168099738,-1.2846107556784205,-1.073432577584032,-0.6002799947241135,0.010012000589370969,0.6868993696572946,1.3092067683966409,1.7833336850753951,2.1327365699274523,2.685310034383815,3.6000510698729036,4.51602760586234,5.098081257771527,5.129502119516718,4.76298666836745,4.520951572631034,4.770749573700612,5.447351400861026,6.568182561265183,7.805970548252949,8.930649706657169,9.896191287150119,10.704479729513864,11.38638512011487,11.931762722594899,12.285366145710857,12.450012037264463,12.490335658088297,12.470282477049603,12.405555851185209,12.189609011227443,11.762259601423347,11.141567208065046,10.35926339059775,9.481711712886469,8.625771355421438,7.975984568981809,7.677460274144384,7.816079120753468,8.319814555174037,8.992039297169397,9.591418047986943,9.92203398678513,9.990604500026963,9.792057627974021,9.401373932219881,8.857303117418653,8.234791874531796,7.546992399150764,6.801414365330684,6.155716067799275,5.79217408655702,5.836468657011308,6.2398347004097845,6.785753721916351,7.167274060111479,7.120962978828004,6.444325848031437,5.121646150537119,3.3840658796484435,1.7667193163891313,0.6218871654251943,0.20838666
7kg_10bpm,8AB,2.38464348,-0.36597011229255816,-3.480886721799981,-6.226597130177293,-8.357648128407003,-9.719025405571724,-10.49692030607494,-10.845971870596046,-10.927012591704168,-11.051605365590769,-11.608923862615159,-12.739263322310947,-14.054653902247802,-15.03164471474234,-15.443013076553225,-15.349540308401435,-14.928085632776737,-14.536316147463413,-14.217134823271586,-13.758413173921145,-13.236139715963825,-12.656504504216235,-11.979727316988527,-11.198639074187785,-10.446969085171908,-9.783546837264563,-8.945112869020809,-7.675065051902626,-5.9866396110106495,-4.1192793157851835,-2.3303582377559575,-0.9200057185975064,0.47195388316520864,1.7665882242511504,2.752873104002859,3.3847558321252165,3.685169771727203,3.755007220223126,3.742687408936289,3.7688653494051825,3.9097033285999467,4.1502322016877455,4.378767471280373,4.414262993230801,4.16683657973666,3.7192874599018975,3.268487149736445,3.0262623482749618,3.0494369864516924,3.048857884197824,2.6007750900000004,1.4177526942043657,-0.2885440861287241,-2.1185942587572106,-3.5853985082177924,-4.661949076681242,-5.724100923608611,-7.190234602393881,-9.208231052616739,-11.39246728704442,-13.332658855335328,-14.675104387895686,-15.397965928980778,-15.735618962361798,-15.866419533392502,-15.890738956133388,-15.904622663100382,-16.017810538412242,-16.215206982463698,-16.38553477537539,-16.25010578380978,-15.820001700259933,-15.543730999709243,-15.759960371377797,-16.496866669630734,-17.59865089233482,-18.729880469237937,-19.57866308146559,-20.11510356571757,-20.551455670654818,-21.015248182268397,-21.59159450708995,-22.185735683283035,-22.699103465213845,-23.16327866323406,-23.69917063610605,-24.38756026022851,-25.38020217888246,-26.56711322066278,-27.660602402914815,-28.276227265594287,-28.17075023893953,-27.429502687747544,-26.324289904500674,-25.124381635955192,-24.21632818707153,-24.108649626042013,-25.698231559822993,-28.813995872932594,-32.05880121585608,-34.02916259
7kg_10bpm,8BC,-26.14470218,-27.61178151776813,-26.35134082738554,-22.718882622950876,-17.4047008476894,-11.817168425951596,-7.18800872810124,-4.2356928053844225,-2.907061230405511,-2.652686487326458,-2.9255866425534074,-3.2976270334756133,-3.480558296321696,-3.250049038698399,-2.484723541501099,-1.2999832633426982,0.08836532711050021,1.5139041456923383,3.014750204466777,4.60496702759052,6.115492465231171,7.074478446694906,7.237430337923544,6.64895387980946,5.601276117424449,4.510876886771097,3.6620625559511457,3.043544254443734,2.497534230880844,1.8525273252734142,0.9559812312153015,-0.10802692528327183,-1.171059636420304,-2.141433292170489,-3.0278205167782573,-3.8472435937381753,-4.625617148452914,-5.33676560428281,-5.951968522100018,-6.515639968072223,-7.086502306112733,-7.492732704062776,-7.509771240305641,-7.180264798182133,-6.699938963299464,-6.173300409404445,-5.578376434599918,-4.866821395689778,-4.043778142073491,-3.1547934000052353,-2.289187895236023,-1.6115134375846996,-1.3254891610849082,-1.3926897647549448,-1.6596657515723785,-1.9633978311449596,-2.1587591230817287,-2.109449164448032,-1.652986755592343,-0.6106428610525412,0.9610690596437916,2.769902079226078,4.377483582235068,5.370858900153188,5.615873937377023,5.357923344339939,5.10969013134121,5.427053818751388,6.577245365894471,8.414212649605611,10.415376039493319,12.063840326227972,13.198414348653548,13.806500555205842,14.057096303343046,14.214730244161856,14.303397745510368,14.321483557222086,14.235588236031079,14.094093648190825,13.989998066292836,13.954512735357008,14.105688590263142,14.490189167090447,15.235569622309573,16.424501889509877,17.984297797609532,19.57132215957338,20.768624632330823,21.257010554342802,20.888915928257322,19.792822235170043,18.103829580822968,16.13947158420082,14.310299979385102,13.253313051504891,13.761424716674759,16.445120154816642,21.111568938313948,26.541692478058984,31.24072479
7kg_10bpm,8CA,28.69043171,25.516522624169898,22.675017866517877,20.378686698982214,19.852311184496465,22.032493555331293,26.77389423674804,32.7878245264206,38.89249511625562,43.06465095840968,44.753389123522304,43.0174576755859,40.96487371128517,39.39395007332841,38.23353600840959,37.210255809359936,36.1201125659643,34.55347312264971,31.35083016204032,27.837774264226535,24.859630837502532,22.929919726672548,21.835085774647776,20.99887056701157,19.593946310689727,17.004165013011633,13.434454319941453,9.841635140825364,6.91294114490703,4.792612164188065,3.4995089531170387,3.012353907737835,3.2411319313164277,3.8148880960625116,4.146337120103487,4.185438003691852,3.7702418439108327,2.7697320775337975,1.3742071654972237,0.25814793231368194,-0.5510282749591799,-0.8595053754598656,-0.634259283074318,0.15942549834642097,1.2829384299268844,2.223600209632486,3.175028349029099,4.321439013366899,5.375366773543888,5.981704203192482,6.4132697300000014,7.100591595274291,8.079832648342908,8.950716455509115,9.409823483504669,9.752963229777476,10.202727307659552,10.856212337026571,11.61916215741032,12.236208438472435,12.414142255947583,12.048030320001436,11.395991770708903,10.89246027378229,10.627004714055255,10.535668998229552,10.45837847858331,10.248168447793969,9.946932622142473,9.74917579001779,9.848618099040221,10.325991625546083,11.08996095737072,11.828260008964264,12.189417942738636,12.117036934485881,11.908518744167306,11.748419430085152,11.552360827820094,11.174377138277123,10.744866344337389,10.531485410768918,10.50513651203888,10.475712029068255,10.485213549422497,10.453144795925716,10.131303458698795,9.404756160670958,8.376910725634582,7.259124892359035,6.284833916841639,5.726129663467064,5.765428150869613,6.340039753886016,7.117987785009418,7.5096241052926995,6.846577284558973,5.042007120022073,2.8042177688383587,1.2214169667506365,1.27812073
7kg_10bpm,9BC,-23.57284052,-21.535879193315605,-18.206350854439286,-14.341244790049958,-10.740982814392966,-8.21357691,-6.821248898715326,-6.236174447538403,-5.835430792693939,-5.055253083660148,-3.87531963,-2.6026315366316273,-1.554002243358826,-0.577137454640774,0.718657966085988,2.55525219,4.5781860769235045,5.9648467725265935,6.036068637810335,4.866173243757876,3.3272893200000007,2.5839316386862756,3.228027961436344,4.794897211868973,6.286475392575334,7.128396060000002,7.139490051809967,6.533076612198918,5.5622132303317215,4.381652862171083,3.1068336800000003,1.8518730792122553,0.675794035567844,-0.4212984215628232,-1.3208749249050917,-2.02228019,-2.669455665758017,-3.5389607703985355,-4.794717974664617,-6.301916487646943,-7.758897540000001,-8.81667436436432,-9.088704450595694,-8.325497187518467,-6.7826321641944824,-5.11947032,-3.903475651920707,-3.3921023601551523,-3.5502578963738594,-4.085861516227874,-4.53544806,-4.457509186307483,-3.7298908666591366,-2.57226318483296,-1.3494415163316895,-0.39421425000000004,0.05982990381948664,-0.009067046840256476,-0.3235439982659617,-0.4650424341712164,-0.12717424000000005,0.7534981794867479,2.0321715947361674,3.400373192506557,4.609323048906628,5.557453879999999,6.3235515820000305,6.956686601634477,7.506146526003347,7.866674539488444,8.035789040000001,8.25337179390657,8.848489373234237,9.982658302587922,11.576412915077391,13.373105880000002,14.981551452109793,16.0465658911218,16.42514391578129,16.342163487887476,16.16974254,16.292043342176093,16.79356295691508,17.468414272409913,18.153944477967908,18.763070390000003,19.219129971265453,19.3450703901068,19.088512752254054,18.63257094205552,18.31248711,18.374283438448856,18.874024735531712,19.577132123996016,20.05717921276131,19.988637950000005,19.292366927177856,18.450588556959936,17.932013727947187,18.310018045081783,19.13750121
7kg_10bpm,9CA,29.2958786,24.27041561101116,22.59002494487251,25.93934860036635,32.81143071545145,39.764255452984386,42.24490333557932,41.15365070532117,40.276274388400914,39.1299740309756,37.64982477003188,35.95545202926339,34.49845010810204,33.62166154148112,33.20718795702855,32.77976324052462,31.735864863314355,29.55208822158258,26.56105930556429,23.646841428003135,20.893020999294908,17.971209729959295,15.07368309043996,12.520422085307274,10.171574278527654,7.634471086496226,4.906080861916411,2.6393166772625585,1.4707195321960091,1.5249518000312556,2.1099627744519593,2.6653448430956117,3.0568047388895976,3.355996008194464,3.4583713651388743,3.6241463173602524,3.8783245773549444,3.8263101991464303,3.5155241855710706,3.6079504603564927,4.576076014246787,6.298427849214872,7.9352842418382705,8.945647497734097,9.213181463614204,9.199623833273904,9.32669777445272,9.774376261963527,10.481915567537081,11.414648681348813,12.476034327829382,13.470864882979788,14.087773421254195,14.097253535979817,13.576133603792169,12.837312612862947,12.253186342616651,12.044513000685885,12.103519769525409,12.118989580075826,11.853099842742013,11.329381070452925,10.818756901234426,10.54825375297148,10.636132329304331,11.073083350850194,11.578641565397144,11.764562057358688,11.522754491774917,11.105953279129535,10.841473629522328,10.67732263372659,10.243848767772645,9.298218714460983,7.904633314110255,6.470099722142972,5.556143141145668,5.506628575414672,5.956438014098436,6.330369722473716,6.335826960301213,6.226884669062232,6.189638544218164,6.1777011508091775,6.171372649393795,6.10374801250723,5.953292107248975,5.930426879612982,6.246021159533791,6.707559024757854,6.935675305949205,6.816577753778784,6.52222948578565,6.225491574396249,6.042522067059078,5.871085080823713,5.414292453357826,4.5086405422927935,3.6920726313137107,3.7589817145376996,4.99401675
7kg_16bpm,10AB,6.04100106,3.2669461087750733,-0.9859951396303256,-5.685253541522449,-10.10360575263844,-13.741035539675574,-16.72779805856496,-19.216306660487366,-21.285960281275866,-22.875711660888815,-23.925960082849677,-23.782780455649895,-23.279652258878887,-22.660290737999784,-21.899218815803753,-20.922489724040158,-19.749902363255213,-18.488328381164504,-17.22444177392386,-16.013315236660617,-14.851714495466268,-13.646798872767608,-12.184106083457873,-10.444090465484694,-8.522849641037661,-6.472421374255778,-4.307430751204965,-2.102207475391501,-0.018078295187235166,2.4353939879350697,4.344594181255178,5.725277201070621,6.672065375528872,7.21677453955682,7.430740892146091,7.4270418808103456,7.367203118186159,7.4126276777878255,7.6509256376819526,8.071841813852346,8.604810547350262,9.150037051340338,9.614472702060816,9.922197727531882,10.007485212774327,9.815146450218743,9.343539565088333,8.627438896918417,7.563726850806849,6.304642355397716,4.87668949,3.3621704800648082,1.8681889810989265,0.4391764474757411,-0.9985150420393345,-2.4479632398955946,-3.79171403116886,-4.929747107585923,-5.795357373466675,-6.715534438375796,-7.9192411315006375,-9.598490920071274,-11.874298227142964,-14.678441704143218,-17.82431772084184,-20.96173598738648,-23.761713403440147,-25.909579954525377,-27.20422986013253,-27.653546712616535,-27.411965387065187,-26.758156308028294,-25.99945413181412,-25.383080199275685,-25.080254969493716,-25.079729514021107,-25.27840867771654,-25.536084634141723,-25.75566816455188,-25.818328658116197,-25.613524302627173,-25.052894780690426,-24.048373360898285,-22.559660507393676,-20.660231897624417,-18.626580235356435,-16.85923419100679,-15.815116865431463,-15.89235024786774,-17.346226374758224,-20.222541904875268,-24.32082827216351,-28.635541594083517,-32.61836802306683,-35.909211517066694,-38.37517978577033,-39.8937965798815,-40.04469992228154,-38.40461276370971,-34.60355879018205,-28.70942259
7kg_16bpm,10BC,-16.59776448,-17.99690248206984,-17.117058302512817,-14.010818474288241,-9.186781573306765,-3.5649674332147026,1.9487087805742327,6.619013562689851,10.034393424171213,11.90137858920448,12.435915685973088,12.167855471256976,11.496978164113841,10.82712612660176,10.401986476646753,10.289583219347747,10.41075040960665,10.574566051390033,10.645035763237368,10.582556749144038,10.41431972218727,10.442416811880642,10.721137030402453,11.304529151133995,11.98118231919316,12.4543035,12.461812325464326,11.864417921604119,10.648003438900606,8.986453609482254,7.115655752002541,5.135737335343172,3.2957274243570667,1.772568231806797,0.639716582290006,-0.08632851145213058,-0.48431153777328995,-0.6818769955581696,-0.8860821875404432,-1.2859635204549131,-1.9966596059646102,-2.991278168284574,-4.168656825970306,-5.412455371902117,-6.5838620256129925,-7.5667611183659345,-8.247654798316487,-8.634680089023586,-8.841349920015132,-9.00601126557332,-9.245219210000002,-9.640578024712594,-10.061202102258594,-10.517639135638097,-10.914001714968606,-11.142830463744277,-11.028321901288754,-10.534746737572537,-9.629660373187907,-8.384461652580987,-6.9826197450727925,-5.576584613017773,-4.38247846771969,-3.4886929145365095,-2.9002287023528313,-2.519249617259457,-2.303296021495514,-2.1670661464187964,-2.1160509628603257,-2.053585375358226,-2.0333989330370743,-2.068540578570123,-2.12291543959455,-2.204128779503798,-2.2636143555020767,-2.2481112100000002,-2.0275897641639196,-1.57638997379334,-1.0346454743459617,-0.3880745709048955,0.3095247673937027,0.9704742433981698,1.7391368526174409,2.666503201046942,3.8244596621596325,5.202025717282672,6.599182275330494,7.786396150308151,8.596576019860022,8.781907245650215,8.48751159847561,7.798945365539541,6.834518237173842,5.845502820682823,4.985440570996351,4.40399051625008,4.226522068448092,4.5279639233466975,5.388628412330676,6.888048945785503,9.04851166
7kg_16bpm,10CA,4.60645369,2.90128467875293,5.031667157094893,11.126383599755574,19.795421513143197,29.43461677677139,38.222343174980146,44.03785053946211,43.67092216568072,42.80877360709745,41.619842500207426,40.33550876749469,38.90438442592414,35.384122087952285,33.118340503310186,32.67504995551397,33.236231956508426,33.55687220740646,32.33555541130042,28.82430776228599,23.331132511764586,17.149645223556654,11.9757633283274,9.093635864786325,8.756315619075911,10.130329106045888,11.76718146523432,12.281298315145408,11.029533308677772,8.30502423026567,4.922676476603177,1.750435832872976,-0.7253088080401778,-2.2631604430223566,-2.8490693539017395,-2.288451559486978,-1.2488661618749368,-0.054617982589551375,1.0092030692832106,2.018718622588059,2.671732729264086,3.1312247070911203,3.4727048223583235,3.9109364850263035,4.442526243932145,5.031117025357163,5.599515314454758,6.064805946832968,6.359416795497082,6.505043480756763,6.647613510000001,6.662205097153636,6.8472842188199925,7.348072195381325,8.205163285942385,9.281068448065191,10.310473336458369,11.044534496362964,11.370030688735971,11.396177283596021,11.423362644354325,11.699514916158698,12.274079708272911,13.019454370168967,13.875763187639755,14.71067001015374,15.465245317769266,16.110861773291788,16.591109721309074,16.833708419639212,16.807547394442896,16.542315669230327,16.080875824033743,15.464827482289696,14.767333730721004,14.070617110415304,13.443779638981916,12.966956250132238,12.623591046716564,12.386665066938424,12.239573048985095,12.20964581342692,12.357552050373695,12.721434568375193,13.257664949182494,13.834702549920834,14.258894175259801,14.452009399028842,14.425068701737976,14.077364588474904,13.409897040172003,12.281774056828045,10.498826407886586,8.29324010397122,5.967821167450701,3.837329537452223,2.128157121739757,1.046691329905174,0.6290733150935128,0.8059179547261243,1.48466023
7kg_16bpm,1AB,4.76880722,4.125365408941597,2.2448971544327496,-0.5963432778221461,-4.090722307163192,-7.696908925691421,-10.963388285848211,-13.470664086354532,-15.041537515081922,-15.748850546803368,-16.027165428993143,-16.366381521603277,-17.058549621939996,-18.037107034181062,-18.59385795483872,-18.854263254877313,-18.81980116441246,-18.483455878296166,-17.928282896455308,-17.185305007297668,-16.199289300000004,-14.953076309901316,-13.527763534832578,-12.040469768662508,-10.561613250494885,-9.04270662978334,-7.432252949409367,-5.765801168748403,-4.093902926135055,-2.3104312833040157,-0.5326541661268438,1.5798998416431433,3.5231632947177065,5.0371578359235265,6.213643869788586,6.998741152611753,7.450767374744565,7.617964078657009,7.567655241745554,7.386991050921742,7.194348360000001,7.149589765327087,7.295203136118444,7.560325897558048,7.796600352255318,7.858225396897123,7.590655366929152,6.933739008954298,6.071358687487374,5.531183283229063,5.634342086327435,6.17711178883348,6.653392254921089,6.6158150345015825,5.864676907239701,4.374379736694905,2.2059779850869323,-0.43049919610030146,-3.145697359723635,-5.617721101180954,-7.77499463,-9.534698304354563,-10.770632034404281,-11.531383450707525,-12.213389209738077,-13.162492812830042,-14.50171401129654,-16.17262932945021,-17.99095784917509,-19.80199955142127,-21.502724403413946,-22.9556774614383,-24.249242196016304,-25.56585376655717,-27.257501798698442,-29.488476535089504,-32.032324178528064,-34.247357685974244,-35.45264971963105,-35.299147076645404,-33.950959880000006,-31.827043938846813,-29.542974802067274,-27.62594634274341,-26.414775358172516,-26.041832407320292,-26.457878857147747,-27.90576380835122,-30.108458884033517,-31.154680257229273,-30.279728961154014,-27.774242650519195,-24.870562106030956,-22.97136384422809,-22.780393093095128,-23.994849873975443,-25.854548398062374,-27.677849625424603,-28.974469136270955,-29.215606659663145,-27.71534797
7kg_16bpm,1BC,-39.23253567,-36.94555919957174,-30.799179749534083,-22.16179601828066,-12.922575130838302,-4.4775802749133895,1.8129602283203428,5.4532620313381175,6.738519764805878,6.4895351902186755,5.7218270577597234,5.266992149135846,5.363693297926728,5.856283167310194,6.488014421884479,7.244368787515111,8.0088577944314,8.75417153385777,9.46038673898511,10.176559487380839,10.826461352457244,11.178062783641943,11.218027454988857,10.742670851629166,9.770261353744493,8.402048241370936,6.787637430103203,5.1669685340602864,3.763157697513024,2.825721348855545,2.169811070594786,1.5599417042515777,0.7588811287166173,-0.3007068951457288,-1.5708284022006362,-2.9033058363731405,-4.149763925101253,-5.2276068009389025,-6.11927901232027,-6.816090650529526,-7.336613267694401,-7.725856964747854,-7.998929499174795,-8.147770910624445,-8.192286954746343,-8.17419714534994,-8.113166703114878,-8.01927652227212,-7.917175949011293,-7.828901149264585,-7.747829320000001,-7.634633284808066,-7.4359895024325,-7.091019795854742,-6.515912618598465,-5.638135906683239,-4.4400594361053285,-3.000298760919602,-1.4802744994605759,-0.07721158859358995,1.0256727818449412,1.7143725130899623,2.0182646706837857,2.1076812572884713,2.2048713980906385,2.4869081620828606,3.0444715348464526,3.8761797126103064,4.9276310882298775,6.108036439581846,7.295194537790531,8.412038730617507,9.411425023741248,10.29295181369004,11.08168971212898,11.761671854252613,12.276252275916956,12.574144923322113,12.64331468622712,12.538388770710382,12.257948710863836,11.95611469727532,11.588367724182293,11.318879298587566,11.258794310693096,11.393900786981384,11.914321194568455,12.841002197267368,14.080663906365972,15.459506737581243,16.431639577670328,16.870284118358352,16.65583838195643,15.95872523573203,15.247397969951871,14.728342619799413,14.492037923901634,14.746747625087215,15.397641130659972,16.419634076928048,17.75416223
7kg_16bpm,1CA,30.05384755,31.106875368886563,33.44967482744867,37.05628550564234,41.562230204746925,43.001443715980045,41.973288323781865,40.79735847020279,39.19844176702445,37.373611122890125,35.602377982743874,34.091837709439545,32.80726257107684,31.64738704133039,29.1721552523505,26.24012517903836,22.654630819359173,19.04209842597486,16.07792529109464,13.956486837806997,12.120976539746765,9.777437869157371,6.6525747515633435,3.2414674536937493,0.3593055878889192,-1.4343410319728296,-2.1029952078695757,-2.1675116589645005,-2.130002560734426,-2.149725321435986,-1.9992011914437569,-2.0315596224564936,-2.1435968398882346,-1.998613150780517,-1.4663836866590665,-0.602491464150542,0.37146432354005166,1.3056622548479488,2.0345284347688573,2.51367081182186,2.9053064997109734,3.4788302827783912,4.5553622295929745,6.2644950175854115,8.216508602336443,10.005148235090969,11.414214561858861,12.432935111433752,13.1620895489902,13.696193018008405,14.032343879691242,14.065653240029857,13.957371725130253,13.948348143146559,13.997302389557863,13.941585247896974,13.719418080462699,13.425474025642755,13.075236845954345,12.570004616807788,11.874923021068385,11.095497510631166,10.268089274460907,9.493746040394717,8.857455455841851,8.388158284403834,8.074725066329279,7.9451584175622285,8.093827897875732,8.636451705551178,9.589461098375923,10.73697576500809,11.684743621135885,12.021570151870026,11.49443545787699,10.181783509736468,8.60831102206079,7.31434576985281,6.552811515701851,6.260697529163518,6.32949889925818,6.666285278657743,7.053646644118884,7.2200262397143105,6.994646195755195,6.378980614622364,5.542449809879124,4.8781620184001415,4.706635059318228,5.083356602114908,5.771247804556634,6.463024149437923,6.925039631305388,7.061183180799765,7.112311690908359,7.045975912052722,6.760757216148845,6.179715656851633,5.339028859679125,4.378699162970392,3.47727529
7kg_16bpm,2AB,11.9890448,8.403036876988624,3.4011358210295515,-2.2021594863705,-7.694886292378365,-12.474282726210358,-16.310373168754303,-18.847240750803916,-19.826913972854666,-19.812537692294068,-19.429514560051043,-19.273110381262928,-19.494861806684607,-19.949838257393882,-20.159789519198124,-20.082681195159303,-19.816661904823103,-19.236921530589612,-18.241576741948496,-16.74300356344777,-14.816573989500164,-12.70373957666766,-10.635055124665753,-8.651381624606518,-6.729955954691,-4.884009675544756,-2.986390803883781,-1.2240979465747954,0.8271468251096965,2.8231518849976194,4.4742926763692505,5.631797153253706,6.140467717466869,6.384402207197371,6.568445293375241,6.801081485200608,7.1457414370228305,7.582265026467672,8.03332191855061,8.378940797450483,8.494518364903595,8.29045404084121,7.77338294555944,6.958890657082692,5.836244258371151,4.578199583394514,3.3825885135429865,2.388035765469278,1.5709855028007325,0.849719287413112,0.22238756427537942,-0.3293018767431184,-0.9971778523519829,-1.9386882032055164,-3.326180236462505,-5.342168866883096,-8.113525488538663,-11.265510282562436,-14.372718801629896,-16.74311189543893,-17.74256211978756,-17.104749042800762,-15.400196851242349,-13.814753574305502,-13.329448403345255,-14.207981674054668,-16.220325694997364,-18.9026689810489,-21.673697543208434,-23.870255125893582,-24.885355825079422,-24.504980238016795,-23.302497275417043,-22.454871290422986,-22.860427808505275,-24.13604098041024,-25.254434441677517,-25.372054071205998,-24.817372770959434,-24.27184400235938,-23.956859914291154,-23.696818493190985,-23.4044057333115,-23.258326278836698,-23.434695952660913,-23.89072785705051,-24.44629457143204,-24.987100803618024,-25.579258551207975,-26.30845674696783,-27.10164575370743,-27.78421539748642,-28.30356240873259,-28.681410944082316,-29.1379747448167,-29.60789029952322,-29.67881234412797,-28.718399521786623,-26.493993876167686,-23.3184056649249,-19.60276838
7kg_16bpm,2BC,-13.94662794,-13.927881244600819,-13.397291191400818,-12.249350966600634,-10.581875051871236,-8.56926997920168,-6.492197151207322,-4.52004600789643,-2.775837323563714,-1.3188616651106884,-0.09757932496167304,0.989374078276928,2.1593113915670896,3.427753347997359,4.883713845785472,6.39574408850969,7.797377128607992,9.004940047168569,9.762949729651474,9.853324471070898,9.462721763502252,8.644421901933923,7.9330324566418495,7.644265560962888,7.827211753076024,8.245502614076011,8.528562865575926,8.434241636941982,7.808204877504451,6.635410336993119,4.9933107621963435,3.2106464295116637,1.4985214480794462,0.0714091847891711,-1.0080114028296747,-1.8348878324357991,-2.5374387598998553,-3.1570706650638805,-3.800547388737624,-4.500387168563782,-5.241680984435326,-5.982460531714903,-6.655913507568599,-7.185698065031472,-7.545670769729862,-7.7936313048261265,-8.014034129030254,-8.255704790470297,-8.514672894029953,-8.773576248501035,-9.076150045513591,-9.42139023698219,-9.858499691987376,-10.405916014489748,-11.001722309363416,-11.531361686717897,-11.899195412083184,-12.057601678777328,-11.977735643139907,-11.666700139076019,-11.180933843239472,-10.513339819642773,-9.706024022433057,-8.732200722281762,-7.585456936807631,-6.1631498132117475,-4.397548202822787,-2.454767501130199,-0.5270697874634346,1.2270495295993369,2.6947585911029868,3.8619695191119985,4.817556258606785,5.718617542016338,6.690729714578722,7.797716001947562,9.032563736193406,10.336510463995072,11.508000346833311,12.39004502124509,12.84007180569921,12.837639556872388,12.375862441537436,11.462035629710726,10.248181452570206,8.949160610119337,7.60919678310382,6.52986075688273,5.995966968736316,6.208213633623917,7.305469217475931,9.236450471253503,11.750980318983094,14.511187667408013,17.234552620484553,19.683745423387688,21.64717738361185,22.67442625883329,22.39381509580201,20.84722223920366,18.42787208
7kg_16bpm,2CA,7.01476874,10.041194229716885,17.69692395078006,27.40130214405059,36.92926376200731,44.655024512475855,45.72330163348541,44.78119304727342,43.66194333726231,42.18994031267694,40.44290671596372,38.53371901310814,36.66287893074896,34.990400169961525,33.40512596085424,31.068477612268683,29.174221197341137,27.309240318437848,25.22657159124681,22.757218328389186,19.97506962414892,17.212368514662995,14.753129013063633,12.653279708640113,10.93038694747699,9.49899638741395,8.29031247639958,7.1878557332561925,6.068255961364265,4.834204796823533,3.4650537797654453,2.0148813599392117,0.5681496266326242,-0.7265947443696137,-1.8223059934023957,-2.6538491291740356,-3.1960095558012656,-3.2335159383837127,-2.8785753755675993,-2.310069395392468,-1.5600846105630266,-0.7868881595645902,0.037462299964644064,0.9098090909713484,1.7999673342361306,2.739514226402995,3.751888819435199,4.766773926724241,5.702474701729397,6.5224736470407745,7.22361785908428,7.907032590565649,8.621932239652367,9.301366755880643,9.828772996180152,10.302408461814302,10.849880401736817,11.467659667159827,12.082357903379659,12.625202125125762,13.031626219619765,13.270422567228483,13.34388980023308,13.293331654845408,13.212967380883608,13.18533370541439,13.359196852145129,13.81461465430002,14.407344076380243,14.907827757514339,15.11538152081204,14.976687067476599,14.56654676778947,14.039384523239708,13.582691488689438,13.37309821243626,13.469453386461723,13.779042137843007,14.2336150876308,14.761812978924265,15.284806023355824,15.717544726050482,15.98969078284665,16.014671662927938,15.77337725633721,15.238059021395479,14.526401846444331,13.775370806016948,13.065484590665429,12.404790425290347,11.8214243617245,11.275669643064242,10.6997142111584,10.02065478312123,9.214489357945775,8.291145190290603,7.350866725883358,6.450372511355742,5.648233787207441,4.948422606621112,4.30463547
7kg_16bpm,3AB,1.0074622,4.590379082183808,5.565470224107435,3.6864127433886353,-0.4285747605352917,-5.8213041185305014,-11.470293502451272,-16.26139858866081,-19.69674099204426,-21.773250835193902,-22.778379166831836,-23.14572864480531,-23.21285080834941,-22.956729723505227,-22.343251924154565,-21.618158300683405,-20.685490459121134,-19.513443348348464,-18.281694320767762,-17.281616042680948,-16.688262862326166,-16.419619380988102,-16.20015040577096,-15.658357954536221,-14.513627544537057,-12.776126953953346,-10.59593228158098,-8.191862149161407,-5.81759584678325,-3.638710363802642,-1.6658972144140929,0.39465303611131186,3.255588727712213,5.255741498573394,6.229335267784748,6.491317117840297,6.117754171586783,5.369019679723831,4.430014517306732,3.783026186175422,3.6166370236192567,3.961408152446759,4.7046477424643305,5.746941374020942,6.902201680736964,7.905444244489769,8.484224743812565,8.463217815375803,7.712323776727165,6.318172250748583,4.47356049979595,2.447946600815202,0.5532008268590355,-1.1523598474152512,-2.6992903740321643,-4.197293534562359,-5.778298385752352,-7.420044925700489,-9.201631405481011,-10.922692760555782,-12.52512948651999,-14.148244797702336,-15.804936903408942,-17.346937765130473,-18.435136633760422,-18.806652673502754,-18.570075614017522,-18.204629794441974,-18.171478953411278,-18.596410995831842,-19.377050625221152,-20.310786435930353,-21.232458388384778,-22.075530321566713,-22.974762776261333,-24.281150885595444,-25.560154138307443,-26.6270881806192,-27.35303898390883,-27.67200132077577,-27.63815977591273,-27.403550440330356,-27.12387346144541,-26.850942185711528,-26.49668496228012,-25.87475513292303,-24.782504365330535,-23.16258057762922,-21.351195171635506,-19.71862166877275,-18.857507898305748,-19.178573980877978,-20.630759714833825,-22.86897330023072,-25.556487310484464,-28.61154292422654,-31.70151833783979,-34.490663217220785,-36.03276671852997,-35.12983298782488,-31.09153611
7kg_16bpm,3BC,-8.8842733,-11.271785864670065,-13.204059431468917,-14.116808660367386,-13.90364041665083,-12.77892805003478,-11.065306603446158,-9.025387777997915,-6.814519731840834,-4.539902063070652,-2.323767626013695,-0.28264339284078704,1.4613359610257355,2.7893182349894086,3.6572220226521837,4.175978851278042,4.569868089355189,5.03045729075364,5.607398691102957,6.221561380632976,6.754607220017448,7.206988740196747,7.653049269157707,8.16264391422386,8.683962117374199,9.087623910000001,9.21190123856962,8.875224869174705,8.000812329983235,6.684569829749226,5.053108509743212,3.2588798507800094,1.530491184408231,0.10004661558394713,-0.8946911650980006,-1.4619709280273552,-1.6861558698725632,-1.6764653883702711,-1.6062163687729059,-1.6025325470442042,-1.7482946707114513,-2.095127592325137,-2.6523524668853278,-3.399342481050115,-4.2911600799729035,-5.251603937786891,-6.171941846188013,-6.968163920554208,-7.568487763039143,-7.941805570681604,-8.13821267,-8.228306447726158,-8.35317279071836,-8.660420744646276,-9.275676768608468,-10.197336096892364,-11.245867031477584,-12.148433347379969,-12.712031129852384,-12.807271477290595,-12.395214008469862,-11.575613876703173,-10.47632882256853,-9.213868651430596,-7.790063777422166,-6.304497909737211,-4.748694993839865,-3.3048685674196494,-2.0835142212059177,-1.21735237957419,-0.7425410331017075,-0.5962339923761866,-0.649901014526982,-0.7391568463267345,-0.718570671346519,-0.51799634,-0.08417778986955282,0.6504594627604252,1.7089195423789398,3.0630330193228272,4.637394440452043,6.317049649624495,7.953785964085791,9.475967603214562,10.630147589515271,11.415648951813498,11.755678316699894,11.702553579368267,11.41470836789934,11.133499612223947,11.120031496034846,11.639906304378265,12.935097146037975,14.945095802975292,17.460812884865387,20.241340715253628,22.872450817927838,24.861003073289904,25.93301921658828,25.937936423515485,24.830705
7kg_16bpm,3CA,24.41129149,19.272641277350065,16.174109662517388,15.519039215701193,17.778799801389653,23.003422511168345,30.81559512687283,39.0013070556098,44.459110785841936,43.92785154811672,43.17164402784048,42.42214334535248,41.66007623092228,40.966296319466764,39.52548420336098,37.58809262221192,36.17103564607985,34.87244591730298,33.261319535215385,31.045210011537858,28.211038369211998,25.119274637594625,22.293248851061062,20.123379748146565,18.580789541743915,17.300290615570482,15.912366058029244,14.176582741575512,11.903890709950549,9.099879485870714,6.025670073865997,3.1616839621464807,0.9473252151257964,-0.40019724369036547,-0.8920848715462405,-0.7424048181109923,-0.2469232198885953,0.32664080119260736,0.8036987905964676,1.3447826650628467,1.8642633747421782,2.338224740713541,2.7017262514435156,3.1300999569376318,3.718707172223909,4.401903947940756,5.250881420696657,6.066877155074344,6.8461150082279145,7.552229646312249,8.176668367924968,8.793649252530031,9.446153227363087,9.995895639375671,10.285996046429663,10.402260329865225,10.362172718934136,10.195048291485726,10.08467898445934,10.162897717676044,10.383890326706158,10.71067410757454,11.150018083612164,11.62844021343487,12.041619319714682,12.321166959353427,12.50879969077383,12.644005238288115,12.653941357487321,12.527621460967989,12.344076669290784,12.218064573557088,12.228396349315451,12.387443315416895,12.617715019595122,12.780271668229547,12.745331242508485,12.383309402267054,11.767174285714301,11.033684354814376,10.388384550359484,9.95193423456344,9.71259388562391,9.568222496666174,9.434584413986803,9.26146541522009,9.033694777241154,8.68309167502313,8.249137888806723,7.850260237623359,7.452040523186519,6.999184323933328,6.4838017435006625,5.820210988308103,4.947938940251759,3.8778725648760175,2.787297089563703,1.835872974772091,1.1846376177804343,1.1835945385051727,1.87087528
7kg_16bpm,4AB,3.09467372,2.6839752474232745,0.7993589643209539,-1.920929535744245,-5.169986310033344,-8.346405800660508,-11.308674877715507,-14.033265741639616,-16.390878773588128,-18.31561318786634,-19.75468006062132,-20.841150180726633,-20.969268080342033,-20.382932943347402,-19.469747946043114,-18.332326341059396,-17.142048532737004,-16.048901211605536,-15.172297358930903,-14.503259532027185,-13.961066473673826,-13.412738935852142,-12.693920553405015,-11.63310304936661,-10.126989225532835,-8.219803346254832,-6.081723034813998,-3.921726556361169,-1.9816130713446847,-0.40236095530019506,1.409687846493346,2.919900556362455,3.8777735514408715,4.372367061384312,4.513669999318069,4.388518727056464,4.151539429844512,3.9839318110859923,3.996632649871027,4.227872789435577,4.6352915534281145,5.086223905830781,5.43353684832246,5.533648154878577,5.309864061667917,4.724146664758547,3.8387633535691603,2.911346557804272,2.0193380924166906,1.0842708536710903,0.2855400168202527,-0.2660371916161535,-0.5261280970652727,-0.4899381544542125,-0.3324636580789479,-0.3581237099079685,-0.7700225319542083,-1.8117791658178695,-3.625241228533908,-6.135773622445656,-9.054126180730231,-12.07859090369591,-15.03994447109157,-17.800225524757835,-20.14055004428827,-21.743766387167586,-22.41102556780541,-22.456995599494373,-22.448062876702224,-22.76916456688642,-23.473732887599084,-24.337859909112105,-25.096719036685766,-25.63883617718508,-26.02660134864212,-26.475317428596718,-27.28692830942472,-28.635628645772055,-30.388908120358806,-32.19740861757837,-33.61108567545887,-34.29677086303866,-34.14653022724982,-33.29224742908414,-32.01026119020629,-30.54816762092605,-28.976143226660877,-27.199086243047507,-25.109353450065218,-22.684896411429314,-20.306549786362773,-18.653965908214904,-18.66549457228747,-21.05526013877146,-25.883452858788772,-32.221734648552385,-38.288541524400244,-42.54855088105961,-43.29470426300287,-41.59308454402322,-36.25213939
7kg_16bpm,4BC,-13.43320188,-15.042453475472572,-15.99973419694868,-15.905575834336625,-14.65313669098043,-12.455625318604067,-9.755869722203247,-6.994320327063001,-4.499750707619626,-2.437942607286762,-0.8032710627042279,0.5907407414569976,2.0030725512592125,3.5833124703660624,5.284747977732479,6.862934459414743,8.073517014182954,8.855057810659627,9.343388537455105,9.681557586760796,9.995138350839682,10.337957859581596,10.700657120509769,10.958529091287728,10.9444943574494,10.579588960000004,9.94395839016748,9.231151264919484,8.585385929278514,8.007333651764643,7.259470574173787,6.480500610383627,5.599862695338536,4.544052766981864,3.426369041467921,2.147979517029227,0.6241945935863822,-1.1446830936126735,-3.0595841952680494,-4.9392010960329,-6.6356028331430315,-8.053463887600094,-9.151215203906162,-9.923688021688104,-10.425923125050836,-10.813907288091281,-11.304679293430063,-12.042831064410848,-13.01202774171043,-13.993124325529031,-14.6461279,-14.75958426893691,-14.32812764823681,-13.484910413340955,-12.421111983216765,-11.338384732846226,-10.40799845724521,-9.750674654381106,-9.401831231128451,-9.300163755313768,-9.3017115299136,-9.145864493414074,-8.66832989973895,-7.732904700182985,-6.353259645220842,-4.641756710289972,-2.8093231181083946,-1.068267299052507,0.4205345213618976,1.5619307039909718,2.399525785892327,3.0101040687895493,3.449847242651696,3.712939396747891,3.7895165128449304,3.62573567,3.2094047612153713,2.6818066513615078,2.219450927645925,2.0338407132988032,2.2576849635854117,2.9302848611085133,4.035737679547288,5.461229571076574,7.108846650363102,8.778007754803772,10.379085707412266,11.680305635353253,12.555774010188324,12.925658248857236,12.870915622265631,12.557012521161315,12.272721371239925,12.261153853397005,12.52172449177501,13.149312608228218,13.675160041405997,13.813458771796068,13.421654244122829,12.458204630737566,11.07988511
7kg_16bpm,4CA,3.8076447,7.680581748854292,14.478606902569442,23.006695063461763,32.96108155560526,43.19701638749952,43.81586648712768,42.6992484113617,41.39995752353106,39.78225907629543,38.181840028915076,36.694264302455366,35.369125046342496,34.32325490159321,33.548495888974344,31.863807763265484,29.80233924605795,27.934269421843815,25.567528115345535,21.9553947319453,17.41295919200962,12.589507519445737,8.398405223027808,5.678905804162434,4.920608380858729,5.832613083705084,7.564449803487275,9.155574944510922,9.595403499106405,8.512998840823183,6.291474070123935,3.6297160356181,1.2437087771412292,-0.3905614592388438,-1.1331406987909822,-0.9659042041588675,-0.5356161369297285,0.009278982605195297,0.5335078365754151,0.9497720891824726,1.2212407465969632,1.5217062145736064,1.9953205371085398,2.7407817395684178,3.6469468635619022,4.66941444401632,5.767426717180086,6.821547394854147,7.743606024324557,8.539270419182072,9.16321249,9.591324707133495,9.936356771610564,9.867094777302132,9.840028985791523,9.847382243314877,9.864668759435311,9.90331226261279,9.974828678260003,10.09163526751623,10.288394190554579,10.623748755767942,11.153677582150507,11.878544859122506,12.727789515273146,13.546178987522953,14.214678381896878,14.642281668647113,14.753839373643192,14.580994050515184,14.234641316845758,13.868488473598545,13.730040391322921,13.891390072565294,14.305863552578806,14.854166287641059,15.398294726379962,15.81165526382974,16.036817651209823,16.093010769938573,16.034654886541038,15.898711547278154,15.701205521510248,15.437697248021045,15.167520341683973,14.87311934665293,14.641770646492303,14.448924218475883,14.197562751958435,13.773268764731995,13.045009148939167,12.02308827859298,10.69254669708096,9.149461760922687,7.577012747688857,5.970478458268039,4.487480950280044,3.279097385382415,2.515675111647553,2.23163945040447,2.51346237
7kg_16bpm,5AB,7.56754152,6.846540130479278,4.080490949999999,0.10162503784956621,-4.28760192,-8.338873957406722,-11.433749760000001,-13.683221733950095,-15.16064384,-16.17246236843837,-16.94843126,-17.684689142254573,-18.338898700000005,-18.504692760573807,-18.064017970000002,-17.62409698040747,-17.18936947,-16.7158231607379,-16.21252744,-15.704261287471743,-15.165799190000001,-14.483626734481456,-13.586380870000001,-12.4077804957426,-10.9647482,-9.344223868153476,-7.651555470000001,-5.932640732776765,-4.18749006,-2.2979644649547937,-0.46773449000000006,1.6062212929260256,3.6674731000000005,5.033436234051473,5.978653810000001,6.633002022647374,7.12831236,7.5221575770351325,7.79913696,7.965220010275742,8.047922770000001,8.08651673862631,8.12157041,8.21453368115615,8.424247,8.729516797503944,9.02962517,9.194083972388814,9.11252359,8.694288358277772,7.8305681,6.621003374667036,5.162873340000001,3.6604778915363423,2.20244269,0.8317083529431777,-0.41123557000000005,-1.5815453358315785,-2.79068735,-4.152385812201099,-5.562036140000001,-6.973851343461311,-8.22388821,-9.299235652810747,-10.25116272,-11.23079420912978,-12.474384620000002,-14.252260724940815,-16.678868970000003,-19.54550677144785,-22.288745950000003,-24.184267332270977,-24.74583543,-24.06883296046135,-22.76650225,-21.593072986238944,-21.08254549,-21.45868389886379,-22.643744920000003,-24.353440964094272,-26.16715904,-27.701655258234158,-28.654600270000003,-28.857838825229706,-28.28421187,-26.992168882321312,-25.103720010000004,-22.751089962812276,-20.057626820000003,-17.279623418940144,-14.8941587,-13.824269517300472,-14.97685888,-18.58975430518539,-24.177530530000006,-30.948064590559287,-36.82642147000001,-40.16929292198185,-40.00785682,-35.98195878888459,-28.86279627
7kg_16bpm,5BC,-20.49756828,-19.341425709346968,-17.176839330165834,-14.283749949468445,-11.126844892039351,-8.142656964969257,-5.584301731289285,-3.6071555308892544,-2.193003056590208,-1.2080893952537692,-0.4579472857421659,0.27317933283391044,1.1619775689108203,2.2793271501103773,3.604351008761912,5.061335781040997,6.553806425535459,8.002754824766678,9.371348705920171,10.582700241382577,11.518916281660982,12.096886718620299,12.30249796377918,12.21276163479988,11.961186588483821,11.7350378642375,11.7171556864265,11.93836529267083,12.337919740116067,12.752399767516861,12.837538971980774,12.384665541774108,11.270067362139187,9.450720525203513,7.1038061655363425,4.540255809838775,2.119577274369173,0.2471194044189735,-0.9712370081117636,-1.6075204993864332,-1.8601776727812245,-1.9918482440478293,-2.2474414108515894,-2.782034711506718,-3.6414753368004096,-4.813733342609925,-6.23413177438087,-7.78957866425071,-9.340560381555846,-10.731618421197597,-11.929049122162029,-12.920303230690406,-13.716149223783065,-14.372294243519896,-14.799347921906099,-15.126681300184792,-15.226877759511094,-15.130216175861792,-14.820304654117663,-14.402575786197536,-13.910654814896661,-13.374543395093545,-12.811651273962145,-12.223378490331214,-11.629115035308839,-11.039948719381407,-10.41974558975943,-9.744055742211033,-8.956673405287683,-8.03480202203783,-6.983226534068547,-5.838656392146986,-4.635408336264332,-3.390463338706246,-2.1521544357013664,-0.9142338067213199,0.29790779869864625,1.4284252031607696,2.3940415265258297,3.124768104189501,3.555065228484115,3.6828354953529887,3.5665705967809247,3.342584710022951,3.167156567807375,3.179079351918556,3.4609588601699377,4.042407637120524,4.89952877966228,5.950080527740784,7.054440008567612,8.214358261022586,9.204020505088447,10.169557145798178,11.538530904124277,12.801924329928532,13.719580084362562,14.349019477894426,14.660423180892337,14.62502355229462,14.34483445
7kg_16bpm,5CA,11.43397355,12.836494613060369,17.92874191350374,26.23531669057982,35.47478157648897,44.253615882779684,43.19474318676248,42.36973645994313,41.412400766092155,39.87506407066768,38.201576007769035,36.733811732181074,35.64483396897534,34.93925112773869,32.758060752245406,31.05851000894336,30.590724246420514,30.659559476563167,29.642131465491854,28.304869203042628,26.877830857525197,23.049195428701694,17.91509156096379,12.280718272530898,7.326486403178992,3.6343275571355638,1.272176929199288,0.0052682827649936995,-0.6762409238044647,-1.2815260630597276,-2.0198924352913235,-2.831383836269396,-3.5486068910576596,-4.000427483936579,-4.175396810678242,-3.8528735891798034,-3.005101553238198,-1.9735853890817041,-1.0314965035397359,-0.2785650954149572,0.5649151034846089,1.3273411720991004,1.851309092295662,2.293150486199126,2.6693160290462474,2.9960923076369634,3.328363448365317,3.685300279553499,4.121877200593587,4.63387555467238,5.1240567590189245,5.591303288295097,6.143823272809854,6.780776934480813,7.468423443724322,8.289126076951746,9.067115245397071,9.665618709251227,10.046387538739086,10.244928181749163,10.367187709709832,10.545731207883051,10.902693922980184,11.410292223757628,12.04647402272522,12.758451105848547,13.45442790231197,14.05217211660861,14.501277414349328,14.791818912645107,14.937003093253274,14.94956479149639,14.842074207509508,14.644173695108181,14.402445390674774,14.161533425570575,13.965316705028272,13.862570765162825,13.901997583910024,14.117234046273525,14.43693350988582,14.767672950014573,15.00604920487105,15.064957674056224,14.931864463354923,14.64660605958815,14.266194125583295,13.76298986837434,13.015840482986237,11.966861300783718,10.705569952469203,9.341963826364195,8.095245037065665,7.043113445224419,6.158859242978787,5.442668309118629,4.847559311663973,4.285870211394162,3.652639190867872,2.917452612185831,2.13714112
7kg_16bpm,6AB,8.43495543,8.729126971441937,6.397217036604396,1.8107536287609234,-3.836222929446353,-9.959467594509423,-15.57351533149302,-20.361874853685883,-23.76066325150498,-25.469783356274775,-25.341234156434655,-24.08179724481799,-22.47194254754052,-20.983000815820102,-19.81897385300183,-19.05557636982662,-18.52838661486256,-18.182467369760605,-17.97907637979856,-17.821120902491806,-17.5528554,-16.906632226023053,-15.770740267947673,-14.219135178034064,-12.428347764842867,-10.498894260030593,-8.538267572696554,-6.646953185222222,-4.895687600384334,-3.280596022145887,-1.7435233210177117,-0.321136501796353,1.622072867406472,3.490208782258919,4.85964400538077,5.716751583588783,6.26067907636615,6.601672863440858,6.8355463410903345,7.036950666811987,7.24578772,7.452516714146633,7.638057312697053,7.751540999410914,7.733702295823819,7.637340745261015,7.571150182425685,7.608017517240559,7.783178413994976,7.867420924128386,7.651077012809809,7.053552604263955,6.018772731443928,4.774636241989157,3.513691254679666,2.4372429174642427,1.4809301495570892,0.5459922145046264,-0.46809014987668907,-1.4581991301444415,-2.74107088,-4.461607849215989,-6.599404552481715,-9.076199651839664,-11.75491861076165,-14.38721806507591,-16.822892614302873,-19.02014108364945,-20.91479877681961,-22.571542222867524,-23.821141470383076,-24.43063182375908,-24.451639610583975,-24.057702061464564,-23.66829517927537,-23.61513578782381,-24.080890459536466,-25.03617985689631,-26.22163352401536,-27.32576139821647,-28.05677732,-28.237778795786234,-27.93061583976064,-27.438995979706824,-27.178871203659092,-27.481655321610184,-28.37288055863084,-29.50028320480244,-30.3919630099627,-30.397432296318442,-29.059197168323603,-26.453224654836482,-23.082515046707005,-19.819501188646957,-17.666460903683596,-17.630608962605177,-20.073032456628383,-24.3322609469099,-28.819731429462042,-31.993216635650867,-32.73377017
7kg_16bpm,6BC,-31.4486684,-32.27426795174641,-30.15988760911723,-25.395468280001456,-18.854260429999997,-11.774068186768941,-5.169876239556557,0.23019896198103168,4.06260364,6.32519202199152,7.274291705564754,7.244745495734408,6.80285778,6.407412186627075,6.367203843175943,6.897116157556891,8.12024178,9.916041054538187,12.014332303802536,14.0060446180773,15.538508700000001,16.396780395224404,16.61407615253751,16.361538481509942,15.813792670000002,15.048144749554723,14.07496386279207,12.761132579975024,11.21881807,9.547567437781595,7.688061831005257,5.673503718917439,3.7914313000000006,2.1173347646940917,0.7205515144017643,-0.42281026166945734,-1.3716516300000001,-2.2276324475535825,-3.071303231632621,-3.9427848927303404,-4.8647651,-5.855917026838032,-6.9311397236344074,-8.061317805001693,-9.15979327,-10.169182370305789,-11.095297047056674,-11.902307761512938,-12.640980090000001,-13.371978153332714,-14.131165884834347,-14.870862179632233,-15.52136105,-15.997990130873287,-16.237214837875687,-16.244608221155392,-16.10428707,-15.903206238001179,-15.661817591919595,-15.326400208394086,-14.83400801,-14.165286010491613,-13.333831487336326,-12.342082589340917,-11.213672900000002,-9.996694188415614,-8.713347335330695,-7.379264136438026,-6.002829060000001,-4.574614522854895,-3.1141626919895873,-1.660189686715401,-0.22204558000000008,1.2299182317656894,2.6618857045422635,4.001887906669574,5.132394080000001,5.937961629027118,6.353509670891203,6.382419847630872,6.090598100000002,5.608833853226175,5.104427513976842,4.77146308545442,4.76706425,5.179478729128461,6.030731954875639,7.217265057587892,8.54308959,9.832124811517982,10.90080470481042,11.634044742942947,12.02668365,12.166142596384198,12.129166901131203,12.07605516984255,12.365427470000004,13.285947286323905,14.882141558699722,16.746265308552143,18.45383337
7kg_16bpm,6CA,10.05949811,9.020910722401181,12.79097331247045,20.4436583095379,29.950725840704802,40.00571929995441,45.04283276324006,43.536130776753886,41.72135407372472,39.80278160507226,38.043447715183675,36.71767362838518,35.63845568731225,34.24688094105963,29.708226343712617,25.40679162145209,21.364689319868177,18.06825002727594,16.138308627850936,16.15654183088911,17.908509583631293,20.253981628963157,21.242048093349542,19.55186754730493,14.935020291822797,8.395385615173787,1.744613629195075,-3.4626757810879054,-6.529130245642762,-7.5676327894104105,-7.22655711901401,-6.082833101975332,-4.795230762258242,-3.852983832822248,-3.285608620659025,-2.9548411354483055,-2.830710611254269,-2.7441522234401234,-2.3527526355401442,-1.7605230119719306,-1.0016394494144771,-0.17054485386245452,0.6483797683220897,1.4575437307125263,2.3545497824363095,3.4096679276653767,4.621973425744079,5.842162547932638,6.900795403094794,7.665884031354593,8.120286880000002,8.243202546210682,8.073420485693255,8.034951093257021,8.226307278260032,8.645686486473354,9.228359290203516,9.860420066199604,10.41998495352186,10.861259865947595,11.226165937205508,11.569472120458954,11.977816142582991,12.437273027579256,12.889736182996442,13.293212636441659,13.65342347807835,13.97733218652442,14.26198638663246,14.513713950668835,14.731448803319296,14.910581657495154,15.050441824997456,15.143258232162818,15.163958648404115,15.07470003082153,14.831425807689673,14.422443773361348,13.893229413231143,13.29939103968571,12.72758777049135,12.226406279770718,11.806869958281123,11.471951885259205,11.254721704439037,11.136572373904057,11.13269008179573,11.204388207791995,11.255440304894266,11.121349071967384,10.648140145996825,9.8014056427284,8.606412684994675,7.229796889501788,5.810522164506874,4.469927740137576,3.3048108798602747,2.5110115399920856,2.2121923700773682,2.45915325167496,3.18744827
7kg_16bpm,7AB,-2.08790235,-2.902627036382177,-4.116698407686734,-5.587087870705143,-7.199634833615209,-8.973369276027105,-10.856277226689869,-12.795770193607835,-14.724838272799524,-16.479973377989626,-18.04515427204951,-19.20684234580597,-19.586731159903056,-19.095857391598475,-18.491232726830642,-17.82554481904215,-17.135169886624123,-16.485411549861247,-15.965951233966956,-15.525220121371799,-14.986891351398087,-14.14445303370398,-12.968096562824881,-11.521069817022207,-9.832374288242361,-7.905873790000001,-5.742886460425649,-3.4711835722764426,-1.222233786697533,0.8284305383231956,2.6573569652727334,3.9093204993548354,4.812577081382457,5.455363051558105,5.886478866721557,6.174464568264589,6.387753488440594,6.528947222246321,6.626478531285265,6.734061796897778,6.888626303327367,7.091180482644931,7.296342100812929,7.414411123940326,7.4707665164225725,7.453946097215903,7.32274524919422,6.95157416482492,6.25385084686471,5.2029732793998855,3.8751772300000003,2.3687173058028077,0.752423263727609,-0.8943267319240032,-2.411988364697704,-3.6581714169475332,-4.602714867239775,-5.305820361473286,-5.92507080198401,-6.632261064377981,-7.712417880303124,-9.312356337183152,-11.351898382302187,-13.586788792898647,-15.723357688133504,-17.569439971554747,-19.07203709114515,-20.21831670543258,-21.03339690930352,-21.63196780401895,-22.189462157689984,-22.82581835811895,-23.59857381931119,-24.562981800467668,-25.73200406908875,-27.08621347,-28.526568667085765,-29.965013534411497,-31.3967303589819,-32.78480518123205,-34.03939848757405,-35.05355545248899,-35.729149496545354,-35.79516304319492,-35.046137612813204,-33.52398808817881,-31.325989929009314,-28.763816268347014,-26.289722096925033,-24.42168779440147,-23.635423075287424,-24.361328546211144,-26.696575691201744,-30.228868331670675,-34.11488726096222,-37.41742570162794,-39.22926097496961,-39.09373399783679,-37.10689695325888,-33.66761488846406,-29.11135083
7kg_16bpm,7BC,-27.02323515,-26.506762684254706,-25.148915266412434,-23.053809337875176,-20.453979916703393,-17.508632677503808,-14.449302158425155,-11.439041036923753,-8.56780782260465,-5.9576142423698055,-3.670123980373584,-1.7629608893452835,-0.29606358018361345,0.8819158805658365,1.863971964279936,2.772037564343521,3.73706732200296,4.842501428882561,6.116134718741319,7.466163805701152,8.846962597284048,10.140036131617224,11.319639909563403,12.28969672114196,13.006612215706328,13.453324062689564,13.700657909525942,13.805060375350548,13.826533701895801,13.75976468873066,13.526330929044946,13.035415792543203,12.25088319148122,11.086373050205765,9.641221587409063,8.08583519332347,6.577922855472045,5.251579447612601,4.1838368416726945,3.403615555461544,2.859054799630905,2.416224721219524,1.9382898728134956,1.3143298795933442,0.4923458340518876,-0.5794000117655416,-1.9129025473180523,-3.453906163988006,-5.094051093624482,-6.717601802010526,-8.233630560000002,-9.609489023908848,-10.855985606152192,-11.987251650314581,-12.972886629891812,-13.640652922114452,-13.995061198242878,-13.888763251227502,-13.281294764107864,-12.240146022178834,-10.941889230495267,-9.572106293317315,-8.29172247808998,-7.2356465856822485,-6.449380451399601,-5.888509873780088,-5.439454766588355,-4.978984744448034,-4.424372857086105,-3.755999946852301,-3.023557041086079,-2.284258365746808,-1.6305207892709737,-1.0994396911525055,-0.7170258915125246,-0.46204261890470416,-0.2904790963669988,-0.15451333161397657,-0.004157140110454249,0.20345105574534222,0.49747507249891854,0.889193956555906,1.3818140027798955,2.0104364024168535,2.719568437865449,3.6103907262377324,4.815877099852991,6.436740069989396,8.557141508327708,11.21163860132782,14.339511847768103,17.666384119665313,21.03113973928674,23.84700728404746,25.77881675396108,26.48154029108926,25.81900388305647,24.0620517068293,21.502891761260177,18.573950123222296,15.91554242
7kg_16bpm,7CA,28.51623434,29.69419215784859,33.31997556109895,38.80585422032807,44.69119863184535,44.524311023335265,44.05173129846699,43.4332028134865,42.44683079215608,41.07486310314003,39.349626710083854,37.375594381752656,35.445401182683995,33.75752709154353,32.40801353222442,31.200186837605667,30.00974177196029,28.743663129608702,27.37991264128996,26.095654319683447,22.73467208766665,17.958046165773748,12.95229443321419,8.337457884361749,4.449955620896556,1.45936269,-0.7361930808918553,-2.34592431408169,-3.5780031039382787,-4.507056475201392,-5.147534204059355,-5.4648614807652445,-4.990272996828047,-4.15531922449489,-3.3122578544705417,-2.6380846187876354,-2.2835212311160706,-2.0403577750039914,-2.062252761607855,-2.206044414695647,-2.314153362556746,-2.2474264993457536,-1.9477152730616876,-1.370343483133632,-0.519389635309396,0.4862084785903474,1.482780634613538,2.4826870712565188,3.571242639278976,4.362675614615536,4.971683900000001,5.592754402284912,6.241438737474896,6.89405753486846,7.431164732248619,7.73554085332625,7.789139876809838,7.764053607306524,7.955379210705369,8.468038739426659,9.281080966850896,10.280754126388539,11.298768310452983,12.165374968053193,12.755914681351117,13.050612937351598,13.17291247116001,13.29397802376251,13.468129510141981,13.622092811663162,13.642551852082757,13.435561939600182,12.96413230891225,12.29152043303367,11.557886153698467,10.92460146,10.495208663737246,10.257588971131032,10.11641359947456,9.96686856686859,9.781409826285522,9.600528237389508,9.453886249634827,9.408003534413483,9.468544249991636,9.533088524524599,9.511110902888097,9.405361650721236,9.192198324202204,8.955550061757025,8.656684361294218,8.328047593676214,7.860572568229233,7.21968050244937,6.42093471944717,5.576092883337695,4.849479602815588,4.424993320556946,4.383091538100944,4.671189671048033,5.13932714
7kg_16bpm,8AB,-7.53819767,-8.366235929407265,-9.101083308413527,-9.805061243106643,-10.326733040654167,-10.998542699999998,-11.978025325928702,-13.432196499502858,-15.362655449110148,-17.659743603874045,-20.0195615,-21.959454551993385,-22.644136955852574,-22.508420715639268,-21.717080945761992,-20.35843902,-18.61122354278369,-16.738367043402988,-14.949528658230138,-13.377052571853843,-12.06237708,-10.8998663949366,-9.687435242463929,-8.247679699934025,-6.559279481640576,-4.74504971,-2.8412670508814486,-0.9600096721987759,0.5369568420780043,1.9128420049478225,3.1156554800000005,4.3069396267986315,5.295954561686026,6.055473171371077,6.020169339355579,5.69732257,5.268804913548314,4.907752259105956,4.72812746470765,4.814297761249407,5.25595592,5.985441551457956,6.827599574248024,7.562004227652288,8.059560919843694,8.268202030000001,8.18508184554589,7.822848868274182,7.118224205213249,6.218917042206364,5.05027621,3.615550212460226,2.019210447633981,0.3833039508078092,-1.114721357100752,-2.4019012300000004,-3.5384098209205215,-4.624338999147053,-5.774908606551773,-6.837720042007763,-7.918015219999999,-8.975346621224373,-9.954395051762326,-10.842665938171825,-11.694296628171609,-12.622766120000001,-13.74357584198566,-15.018136527147831,-16.398108139610994,-17.82098113810693,-19.2668571,-20.66401551237983,-21.905437072857296,-22.8261667197655,-23.428808065958197,-23.808913690000004,-24.18028186852935,-24.706022841708258,-25.3945811294586,-26.142843757970436,-26.79168458,-27.257238932485,-27.42511235412275,-27.26753443980437,-26.747124846627067,-25.841191870000017,-24.57865246175269,-23.063212552727588,-21.500543083022432,-19.992849569793744,-18.68495465000002,-17.946230121874475,-18.108170082659694,-19.40164354518923,-21.837651054147916,-25.16525403,-29.02044297258322,-32.29530732724241,-33.692947964495886,-32.43171756058645,-28.46907644
7kg_16bpm,8BC,-18.54079246,-18.464454984944947,-17.39434124687527,-15.288678574453755,-12.49944891895875,-9.39909333,-6.390718862270447,-3.7396563078463525,-1.5066847350585262,0.35826803375998406,1.95475427,3.413169881800469,4.78612101442994,5.987525124958249,6.953648481879707,7.6616560400000004,8.136757130499074,8.457358736748859,8.682380363282288,8.852910666645501,8.991266090000002,9.13081260053913,9.337370721378804,9.6337612909803,10.011533769935388,10.402344930000002,10.659428282698942,10.671926799014374,10.361091085000615,9.69142501141334,8.637151320000001,7.3564427591154615,6.015657325295146,4.771555789717055,3.6700560726606843,2.6276011100000005,1.5672000209426984,0.4503546023063647,-0.6823588917598284,-1.7724131684918285,-2.83579898,-3.9067443821161936,-5.005007659981955,-6.100593155969386,-7.126663919827625,-8.045991090000001,-8.816249721306052,-9.464915246352886,-10.035460545115923,-10.547223272398451,-11.006848710000002,-11.413994988037635,-11.756815147189913,-12.01596665037675,-12.189571140710534,-12.390584960000002,-12.651802578535895,-12.965245157987612,-13.189639754063808,-13.242951623385402,-13.17414969,-12.918049555872859,-12.509424545497383,-11.944859944675366,-11.17989060720789,-10.12913524,-8.721394038329697,-6.9327067697661535,-4.818345171415545,-2.5485093142462145,-0.3870564400000001,1.3534583391048478,2.431234886033772,2.758644220462993,2.416058287791805,1.6823965100000002,0.9405732024998021,0.5468729397505981,0.6828785349021557,1.3027642571409,2.2078172400000002,3.2034325564043518,4.213334661918977,5.328619353086871,6.656473895644617,8.32719339,10.320315256534128,12.509497675345509,14.603995700316851,16.374141629745772,17.4381197,17.63011538775331,17.15744219191788,16.024423826507903,14.571656782798247,13.01627468,11.564428171542461,10.403240765219193,9.747257762820178,9.742076629259966,10.43490357
7kg_16bpm,8CA,15.818024,18.102333033445216,21.975973861194863,27.487435933950998,33.259943731927805,38.57669688459391,42.7246757114378,43.418361685014155,41.82921548293565,40.28464007732135,38.82520772125066,36.51891059830357,32.05697591613703,28.37285576002425,25.967023211039198,24.53972247430644,23.221347259928056,21.01701002771489,17.300910516505624,12.151232695222385,6.362265844256095,1.3441642626820736,-1.6237670439274516,-2.1415482122586558,-0.7500070462461215,1.3811837877147215,2.971562916732405,3.172728438169491,1.9275265487402211,-0.15310954952821001,-2.179679598876914,-3.1312895986330718,-3.0909500267484766,-2.3841792577362027,-1.2546118263775108,-0.13881761678274354,1.1439808593526353,2.2230678036208036,3.0242334463728713,3.7548154821242328,4.437618948012764,5.1875876272960255,6.042079940116886,6.973571363098573,7.937474881578381,8.909237983673709,9.841060094255946,10.75582727280487,11.523079495683168,11.86246200499556,12.209289027840462,12.558900118282603,12.943385628937882,13.358195208395511,13.752744005991234,13.988092672319434,13.997405435563756,13.789426702689338,13.52276263659652,13.370363867285855,13.430733254094767,13.60230213531102,13.954584079445118,14.353186385651906,14.660178988465123,14.658667219337518,14.229971028034658,13.46280926245295,12.58848087661053,11.84700478098853,11.382131950181517,11.222381224201767,11.279169487578558,11.403820966549183,11.4534058454689,11.318399410877557,10.946592649210318,10.358706814423666,9.634072505602793,8.873922407150832,8.166029005193796,7.587745389586939,7.263068673899473,7.2915425326028425,7.661592945866131,8.270030684451372,8.955352200253467,9.496014936238945,9.665412768407188,9.27048423074553,8.166852777305051,6.56586174746274,4.897841120627739,3.3412226280032717,2.0691211754922065,1.248665526592098,0.88510268462644,0.8296238036585373,0.9698540642165984,1.2437245572729068,1.62420082
7kg_16bpm,9AB,7.20189392,2.44348045649988,-2.94616433,-8.13358854149506,-12.031047910000002,-14.56090835250673,-16.07869251,-17.09519524440494,-18.03350396,-19.117946562186543,-20.33458455,-20.75373370689477,-20.74595149,-20.570120434285656,-20.23435037,-19.688011216501437,-18.8055966,-17.556248956389815,-16.078714250000004,-14.53438161122837,-12.997120520000001,-11.424920007234952,-9.779512990000002,-8.06053547630407,-6.28550019,-4.514527634953428,-2.86360263,-1.3705166323677402,-0.19162978000000003,1.056753003075903,2.1937610600000004,3.362398432420781,4.64453954,5.95064841729347,6.977279640000001,7.756905854568846,8.317562990000003,8.699247933876594,8.98835812,9.259874967598376,9.58431845,10.01156521975787,10.504412590000001,10.960783088742499,11.261923350000002,11.339454298132322,11.131540090000001,10.634750902126813,9.87253183,8.985043405023344,8.100999420000003,7.405476104159405,6.867682130000001,6.467766813687627,6.061239460000001,5.347567352834025,3.995584740000001,2.0249464551930463,-0.3006370099999999,-2.754728727872427,-5.199569,-7.462626212076839,-9.327243690000001,-10.684361907881994,-11.585020590000001,-12.199769861809413,-12.70147891,-13.235430115528585,-13.976521350000002,-15.06348384945425,-16.450242100000004,-17.88658603035049,-19.131439830000005,-20.072701194820414,-20.66106234,-20.93378613398812,-20.94108698000001,-20.749936197797165,-20.46633619,-20.29933858305933,-20.41688386,-20.985790539368026,-21.95288098,-23.046259931053566,-23.726405420000003,-23.69635954709666,-22.539172630000003,-20.295558367420412,-17.43281456,-14.591833885791935,-12.397219500000002,-11.447048405148903,-11.994236310000002,-14.25098700271518,-18.23860332,-23.55295961366171,-28.929742419999997,-32.87903311437583,-34.42192423,-33.136790887545715,-29.49624729
7kg_16bpm,9BC,-21.44689342,-20.22644821051421,-17.86579147846894,-14.463777458146897,-10.427523187639325,-6.24972324,-2.3577037716443527,0.8966780584658138,3.394635476222598,5.1859574347236865,6.42679495,7.249166687959743,7.813288677415391,8.204783093206519,8.44929476560193,8.66008612,8.865364284309047,9.20290668848457,9.630981280589483,10.203313317526765,10.831216050000002,11.518487309799001,12.170526537010165,12.618950631574245,12.826214143228801,12.660690700000004,12.149733290341715,11.343214093617977,10.301998874055098,9.082921614608912,7.74593746,6.376342150948933,5.061078350276961,3.8444576993766155,2.7369108732397867,1.72655944,0.7953396881374749,-0.07985320903250237,-0.919895771316353,-1.7329190547129052,-2.51132039,-3.2506156945407465,-3.967845855141105,-4.6844140156794865,-5.4086506675148,-6.129687390000001,-6.814547086121591,-7.413296495113917,-7.899382089130002,-8.311714904921368,-8.754373620000003,-9.359502854160352,-10.23018328394143,-11.385604848635019,-12.74204810794636,-14.176435540000002,-15.446650816831083,-16.38204287199261,-16.83835677647116,-16.753429387594696,-16.129311320000003,-15.025650892935868,-13.570767982080607,-11.87443424155487,-10.024369055650206,-8.100266390000002,-6.1924239140564605,-4.438053659605158,-2.977870273719393,-1.8594036528508622,-1.0793231600000002,-0.5336893913103026,-0.09058506142145191,0.4081017290519378,1.1146725379062217,2.1096848900000005,3.400905178735964,4.8952229447708495,6.404555740382533,7.687347893706754,8.53643418,8.815681903396344,8.49019751084056,7.684027052171712,6.520168380228458,5.299441670000001,4.222954127623965,3.4229384592004766,2.935713207250608,2.850901111258627,3.2931147200000006,4.265848210321935,5.874933541472468,8.051623721047822,11.039342960903541,14.061383550000002,16.58068905239822,18.149611916960584,18.682513922476392,18.254593334048728,17.29098882
7kg_16bpm,9CA,4.12899136,2.44871718555049,5.005175752537063,11.540275716692019,21.121093707799044,31.0293803797939,39.31733519714452,45.20373541741187,44.23323335529898,43.07652364824935,41.83308782931185,40.34619791275996,34.583620529177196,28.65338767633594,23.60968969499303,20.013730519519417,17.808341495034334,16.58589706055455,15.825940511792867,14.985800547991749,13.777483203863216,12.214081472514488,10.506459993256488,8.927693801096172,7.559490010715159,6.332114340000002,5.1300664964855285,3.9278170173492684,2.737432725901908,1.5441248936818042,0.30405093352760815,-0.9864731843445603,-2.260325579509637,-3.342336234848765,-4.117142881377562,-4.4538660264399565,-3.930338073537138,-2.8824211434347435,-1.443488738961384,0.07836956406125407,1.570174395713986,3.024977254932237,4.270869895234527,5.307352925592529,6.156760826871896,6.885322948277151,7.621955316966565,8.468959700173679,9.425235345409165,10.386899611757965,11.203109500000002,11.814897645982507,12.287513596150292,12.571909329523034,12.64403648638339,12.603108296007985,12.567946717282252,12.619712357639717,12.809668057333493,13.10511028102755,13.384319291699404,13.508006354628524,13.383351442722779,12.991358098191302,12.413554575956425,11.831217308697958,11.385754099400812,11.135730798166954,10.973694162731041,10.841924066391295,10.67458921721929,10.498636697312213,10.333407401149431,10.202429978382503,10.120855517421187,10.099346120000002,10.1355217620006,10.201067078897283,10.266591226326208,10.331285992442655,10.417946824097811,10.523191440964194,10.585416053733969,10.641929887533765,10.675142043334297,10.741136204546391,10.841322432490497,10.785281264158217,10.524548460411069,9.946263249309634,9.13023503706671,8.374343766354018,7.754090440958613,7.076731382635818,6.1556856776916025,4.808118969542502,2.93097137121162,0.7621594431675541,-1.1513037087474933,-2.1863254904779534,-2.02467469
