cond,seg,p000,p001,p002,p003,p004,p005,p006,p007,p008,p009,p010,p011,p012,p013,p014,p015,p016,p017,p018,p019,p020,p021,p022,p023,p024,p025,p026,p027,p028,p029,p030,p031,p032,p033,p034,p035,p036,p037,p038,p039,p040,p041,p042,p043,p044,p045,p046,p047,p048,p049,p050,p051,p052,p053,p054,p055,p056,p057,p058,p059,p060,p061,p062,p063,p064,p065,p066,p067,p068,p069,p070,p071,p072,p073,p074,p075,p076,p077,p078,p079,p080,p081,p082,p083,p084,p085,p086,p087,p088,p089,p090,p091,p092,p093,p094,p095,p096,p097,p098,p099,p100
15kg_10bpm,10AB,1165.1758127,1109.374094309283,1038.4291755726495,960.9370126427746,887.9074803453009,834.8989029336675,808.3454249467563,812.7012658124255,834.3062629544108,855.8916457759422,866.4380171800001,862.6475919005577,845.5152839994144,819.6820306039441,786.9702437317176,751.3434760081907,715.4698631263446,681.2308008778468,649.3643308664106,617.7624032156583,580.84675509,535.1002025570673,485.42957471683246,436.4038224389885,393.31303536880426,362.50555107139945,342.13320324785406,332.3579684228623,331.1957815107952,339.22197151232854,356.30717861000005,377.4199781325999,400.5600128914066,424.22246602536205,448.3494024251975,473.5552054128871,500.69292826949066,529.1264884408444,555.8596840481262,577.6421766324206,594.1630637600001,609.1137975816841,627.1128017929962,651.2567729529326,683.0117489417974,720.860958275013,762.8321868575572,805.947642797255,843.8620677183993,877.0784734716296,905.33580283,931.0777892854337,955.2545924959161,979.4947356653948,1004.3742058990598,1030.5197193835668,1056.4998783497167,1082.7760764309533,1108.411911372898,1133.0291986204286,1157.00683822,1179.1439661874313,1198.1768185647732,1212.9138280991435,1221.9373098819497,1227.5402497893115,1234.2403905474557,1248.1413733224488,1260.3395669117103,1271.5420543299522,1279.99711896,1286.2320629683463,1290.074861220584,1289.432412505643,1281.9228120305966,1264.158349221568,1238.1895368608648,1212.3927499005028,1194.0633293495987,1185.6453077973028,1184.5763067700002,1186.0961467530133,1188.0064640826347,1195.149910058548,1214.5776868200874,1243.3855943398185,1269.0598612850274,1275.7983579492259,1257.7873411640987,1226.7007089730132,1192.30173193,1174.8908319356394,1190.516017587928,1249.1262880087756,1354.376455257395,1509.6747121845472,1619.0256296747314,1654.7350662590022,1641.8882916105674,1623.2777908758685,1577.93609952
15kg_10bpm,10BC,1513.35858005,1521.6821384983564,1462.011212335811,1391.8785232839798,1316.689851535387,1214.3125600461935,1108.7913319814031,1072.2393104533264,1072.6666182509189,1091.724136740413,1118.5498582886426,1141.3819626541806,1148.910319596035,1137.000966655511,1111.7590535494487,1085.2067909040727,1068.0933576524376,1064.6199529398327,1072.6565935322851,1084.5482602232635,1089.96414786,1082.6226093430046,1063.3396220541288,1037.4530294479785,1010.5253434299028,988.6280634563306,975.1019773295139,969.5230585767592,967.5991617264729,963.8870544845463,954.7136311134985,939.1473888093815,919.8219389366451,900.4583883123013,884.1337025554592,872.7970357801951,867.0210482349964,866.7837189135137,871.1030996336266,879.4304179600894,892.1866257299998,906.9687153199276,921.9688935306087,934.6800462029788,944.4932838164711,951.109929468136,955.2796522686905,958.6329912480859,962.0190424107267,966.0361831351212,970.988658999189,976.7184129963886,983.0815232441103,989.5491572389202,994.1937375020758,995.1040814567551,990.8646274956834,982.2237507103342,972.9097805632329,967.3863235890136,969.0353506800001,978.4709156680677,992.0470438433242,1003.7654642845179,1007.9089582755822,1002.8473339038219,989.8162979528786,974.3751597430416,962.8853932992582,960.1170960928058,966.5452954216296,979.962741348497,994.9997555458451,1005.7522518373255,1011.1967356486323,1012.9904138880331,1012.6600346817636,1011.2264744811644,1007.6330223734612,1004.1158843836724,1003.66360009,1011.7500660085682,1034.5184109853567,1076.48148523005,1139.009604208206,1218.4303052436767,1323.9409762324658,1410.941349304022,1452.9200040267046,1440.4850090655514,1379.022970059034,1294.2398972605304,1225.397710791101,1214.7884312595488,1284.7979130974802,1415.6838494267558,1568.9217217456812,1702.946562372556,1746.5232299825411,1671.836941982498,1512.78400113
15kg_10bpm,10CA,1515.6840178,1450.214411645721,1294.3517661038818,1115.1205801535057,975.9724572820118,921.9722476989807,936.8668577978452,988.7378397297027,1062.3399449278334,1166.41910813814,1290.1902970100002,1404.450651573278,1474.5367537851096,1488.457203978673,1463.1211874841672,1428.8719237587152,1403.0958956033144,1387.6869650797837,1378.8206789263395,1379.050337191512,1383.9320761600002,1404.0049393307863,1430.994911162246,1449.1930595781373,1442.731868603385,1400.4802974299657,1320.1467044737806,1219.1689018570148,1124.855672254604,1049.8785691817932,991.3461334200001,941.367437267786,892.7531036402494,843.9867066523794,792.152040765633,738.4216527629557,683.0412364050303,627.6500340137429,573.1600714827259,525.2989450579626,491.03292285000003,471.56945307663364,463.3131683569735,456.7885853387599,443.0165295096977,422.30853688731736,403.6423804566072,396.71088217189504,405.186829782274,425.9242116137359,450.30153327000005,471.31341745487845,487.6899255027389,501.55520698137065,516.0643579088769,532.8012490711246,552.5369664938854,572.4093816150847,592.9476533648831,614.2028898515734,638.4368172300001,665.2240030563404,695.2959000339924,728.8819819103804,764.9953138274299,800.3309731272773,832.1885384988354,858.7125346141052,879.1566715151737,893.9155718649174,906.2601699,918.0098002310947,924.9509647200003,925.4772281861635,922.3558758334922,925.2882334834567,945.1201364358737,981.0199744463933,1023.0077289712706,1053.9646168757483,1059.1204837000002,1039.3589298480051,1016.0378154666222,1003.4378996765295,1005.5388990706946,1011.0444650132614,1009.0552067804692,994.7858967586238,975.0783570635067,959.5053624235312,960.45267995,986.4884238490491,1041.8668218235107,1114.5645574239866,1176.4111883998871,1196.7084646360804,1167.985218258612,1113.6205057589318,1067.7627420369954,1042.0126158023386,1012.75000214
15kg_10bpm,11AB,1224.91306257,1161.2759472332991,1079.6663870316224,994.7490621563687,918.9339238824305,860.7068113719428,824.4435880726851,811.8326701079609,819.5173111804411,841.7688744514328,870.8897505472645,897.417507578137,913.5589824038773,916.4050753839579,904.5488260987122,878.135524727267,840.3560928538158,795.4118872406792,743.9457273179215,691.03807446573,638.063996267249,586.8037879255284,541.8216697267871,504.39844828160324,472.4306442767595,443.9961138,419.3662096753145,398.66677985436377,381.54553644266946,364.1617847811217,348.180638875172,336.2208057155151,336.53935025896675,346.2961222547817,362.5718906727929,384.3379136063437,411.7699959916153,442.0791213797418,470.6679832399887,495.7035174068616,520.4765745956664,550.43619602199,588.8140527619469,634.6847696294739,684.4179315902804,732.7984413293196,777.314773246262,818.274183719211,856.8167947552954,893.1973682180549,924.5118192600002,950.2323507193161,969.4313125188396,984.4029425026932,996.37805936021,1010.9090319114333,1028.1970044443287,1048.6606690399071,1069.9888647415721,1090.6951573216004,1109.3136950201063,1122.7865563310527,1129.1789180023159,1128.6670258306124,1125.0485671698416,1120.775223893474,1115.054768194234,1110.4666826870691,1118.1228689206634,1147.1049352030652,1195.0188528716071,1239.2414820012202,1266.7849030710752,1280.6847828781579,1287.7592666587925,1294.08643209,1300.1125348341666,1305.6973080861328,1304.0925781884062,1288.926636611655,1255.6508706071188,1203.5995759623409,1138.498449165067,1074.2081390198123,1034.9912414888445,1051.2977364417638,1144.6845392027951,1304.0675039691414,1474.689905438567,1591.3762037076835,1591.0460351242216,1473.8988198888328,1312.6115918156538,1195.3683332577236,1181.0940192716841,1264.0128470862485,1390.0042859748264,1510.1024289115014,1596.0660885662928,1647.4997508883253,1650.83342805
15kg_10bpm,11BC,1485.48932115,1434.2992928228266,1349.4669311020177,1249.2986564224136,1151.2420474417395,1069.2284564003373,1021.8972876374166,1016.0419398954316,1033.349518993184,1063.625238124604,1094.3475104310198,1111.1352183607837,1107.1186569822212,1086.5338700219568,1059.3901984625395,1035.3547121451381,1019.0202078848647,1012.0336844993003,1010.098008309602,1005.9624997025445,995.6969859462843,980.0740336740487,964.6997172635633,955.9528443943805,958.5646491207873,973.2362867466182,993.3237942910321,1010.5958580960421,1015.8153184105614,1008.2925994535401,992.5296373668477,976.2346992695587,964.1102596660317,957.192788502029,952.7654967507136,948.459505038155,942.5961461951889,935.1642469687974,928.2809358765934,923.5510336669713,921.1991055368076,919.2205962821616,914.6735042240782,906.7111749175141,897.1706517519975,888.6361917793763,884.8744883763297,885.2604641190544,887.7827659343124,889.7262340100476,890.1174410696951,890.7182207436227,894.6790644063122,905.5877041995652,926.3275009272353,955.467781306174,988.4288092277353,1017.8585163048101,1037.3755743774109,1044.1765041098479,1039.4189507407566,1027.4287331540247,1013.4082171091331,1002.7459635409346,998.5083943982454,1000.3989021324813,1005.7457450182983,1012.1364555800355,1018.3218432758551,1024.5489969376,1031.4806410640495,1037.564813896681,1041.65298107709,1041.7270225077882,1036.2322310392722,1028.8351642318958,1024.2457378724,1024.6034739220538,1027.945565949999,1029.5123114072426,1024.135584862909,1010.6781418817043,994.7240801273146,981.2693006590251,978.1710129560844,994.6511311730898,1036.5338410485426,1099.2747648557759,1171.965020933148,1248.381949388394,1301.6805830760381,1309.3839885985171,1279.5948689915338,1242.2726943914245,1238.8037793693309,1299.2489552683128,1417.16090316789,1552.105036070872,1657.5388516752257,1688.0976961215113,1616.00299124
15kg_10bpm,11CA,1357.33584756,1223.8142912455196,1109.0406846967169,1058.4172526878497,1034.6827721957973,1025.5329122418616,1023.1833715126231,1025.846345784657,1014.1961605665074,1002.019897650087,1012.2279483904476,1063.738785983794,1157.8078944876202,1270.8025929030814,1369.978893940952,1424.9709519151866,1428.6421136486274,1396.514357923026,1355.530825798876,1325.7172712767488,1318.7931141428915,1328.9518871228356,1344.4904094899166,1358.8327025073568,1369.470066194046,1375.5261100436555,1378.244998914656,1380.5335942901784,1382.2577572277835,1380.8842850568487,1367.986764566216,1336.176712054184,1284.2759164807235,1226.640865899432,1171.7585380905962,1129.0180593224893,1092.9504245653566,1050.5421649583432,1000.8087833013134,947.8135288394702,895.930203167377,848.856869964947,807.3788840747065,770.2878043202974,734.2531514145024,694.4129471389532,650.9616790065086,606.0620806711269,565.10054453324,533.1186093207559,512.0656147700001,498.30464223921143,486.0514637020515,473.44150148928225,462.67756670728306,456.55033151354485,457.44403277970156,467.1852041380937,487.568529628721,515.5935570792079,547.2404137616554,579.195899295984,608.4923396216462,632.7078783544465,652.1185267272722,670.3830424437645,693.7199764513052,723.4733797817196,762.5097747781447,808.4604308103042,853.4308099868639,893.483983876703,922.1518239379762,937.4431024985256,940.4090099700153,936.4963153313779,936.1791059969152,950.8033447834679,986.6342955260518,1037.4374308273732,1088.8238460247387,1121.6104539415899,1125.5440758994682,1107.2376381148247,1083.9361684096639,1069.0059958462555,1065.254244765573,1068.4095257777103,1072.27866275456,1079.2795697094632,1093.3157284172985,1113.5163564655302,1131.563211541199,1140.1281448443065,1139.0364109707346,1139.056624692376,1149.8511446366433,1169.061950848146,1183.6615442675902,1177.1522937910484,1140.65050503
15kg_10bpm,12AB,1064.24034709,1004.5241354798343,913.0478879002362,820.5695993707176,750.9813626730705,711.5591540617324,699.2559065660581,707.6177981028072,722.2709210414802,738.3975446644894,752.0962935052186,760.6618910372914,764.1273008376583,761.3665278663241,747.3961594224564,716.859721305276,669.1722763636925,610.4926680562876,552.7593919980525,509.5859932253377,481.70629382000004,463.9517387252924,450.53142077033584,436.5920051868978,421.2381142320401,404.75791627417647,387.68406715705896,370.05892658744625,356.2741222306523,350.3439176207692,348.886266350225,351.6338866130599,359.5110185993664,372.45929599549896,389.45574384812403,410.68884245531126,438.8487814854885,475.6847087900138,518.3669021036327,560.4692846706283,597.1986975800002,627.9890360703212,657.356103140282,690.5794864286084,728.8469694440229,767.5283876634302,797.9666334720396,815.5704278763853,823.8738118281168,831.3921758457448,850.0881685778802,887.2584204500536,938.0147857720885,990.6808544958692,1030.6065913055193,1054.7210725968641,1074.174779253861,1099.2667215912381,1128.7843337291833,1154.0473999223639,1167.5690893400001,1169.0704898880513,1164.1952970600983,1163.2539547674712,1175.5339327566915,1207.930865663174,1239.7217961664226,1252.3899077628737,1235.8443289787533,1202.9439635779052,1177.9795727697658,1173.7497635156253,1181.316933117938,1183.8888709292135,1166.371039469586,1134.7880140770692,1109.8872042999906,1104.6305904932096,1114.0265729455084,1121.833275140975,1120.64169977,1122.0664632904075,1144.7740957330657,1194.4719824718243,1259.0635132590503,1310.0985617388098,1318.233606579323,1266.0427458781694,1174.01490317549,1082.1176521429054,1024.2781866785454,1021.7839009458485,1082.3096864816616,1193.9215507164122,1329.7376495451688,1482.068871428899,1595.2280881060865,1589.3624805688614,1461.956151163835,1324.064703113542,1190.45097148
15kg_10bpm,12BC,1047.08287042,1173.9062124684947,1313.728774379149,1435.8494866814262,1503.6067805493558,1502.463643812904,1439.9175337034906,1342.7742606665563,1229.846473624943,1121.508018619102,1024.2967272987237,969.3780756709821,955.5093588566443,969.515924463722,1005.7812833966151,1054.2278899518378,1097.7568211100017,1124.4808570815767,1132.8025380442143,1127.3732383257864,1121.2449791589052,1119.9605582525871,1121.356288460896,1121.7096372955132,1117.6347103766368,1106.6332048500003,1087.1300188835223,1060.2123865740687,1027.372954686996,992.9684386393559,965.056686265851,949.7055471436319,948.7231729640296,957.7787564135699,968.5570266897978,970.4780872809739,960.9043400253195,941.3945143284488,919.5346371994924,902.3619744715262,892.1954718539025,889.4689926623939,892.0096727660135,896.0208850960636,899.4610877064283,900.9647764219312,903.2058375984341,906.8307861008127,913.7732006933443,922.8951224899512,933.5293601100001,941.807022338119,947.0653805968119,952.6610228637456,962.5246126542531,977.6819699206337,994.8480903604183,1008.5704762735239,1013.4718838666049,1009.698558128069,1001.0082649129753,993.4159936300465,991.8931529998844,998.2681868636471,1011.0902197456784,1026.533856878469,1039.999783080359,1049.1468481906475,1052.2782752709975,1050.0513224390022,1043.587111456435,1035.1146082835446,1028.7364168964143,1028.5328413480709,1035.791913188143,1049.12768469,1061.6016993995913,1064.0772721796845,1054.5695472678299,1035.934498849383,1012.3817518047284,989.4296840585656,968.2012050793857,953.0893250126226,955.0791934141345,989.2178007414087,1064.6186630965965,1172.2919280041976,1292.7619677093353,1421.2350295943636,1485.6028286490437,1465.9772905563327,1378.392806624768,1279.2846722177187,1237.7588252240023,1293.0863339608222,1421.0343695523895,1553.2587523153957,1630.7288027228176,1593.9009318355406,1462.53358992
15kg_10bpm,13AB,1064.0416978,1024.6496718573856,989.6495498502605,957.5413378891486,924.2402201794233,887.0495948656051,847.8015801396949,814.264655815967,794.3972345078749,794.1798364374696,807.5297511030923,825.420431759117,840.762832732564,851.8443492202057,859.3688796521565,861.2685400941245,852.9136920957519,829.8829694508539,789.1763513744143,737.5031526033124,677.8853823597835,618.9931005524381,566.236207108469,519.9415476927519,480.00521961979905,449.02612058484686,429.31134357326863,421.49782958597524,420.9167828019435,423.3116279474038,430.00029865102454,429.7384712966831,423.5622904276206,417.27256535881395,416.73650019989753,426.22632264825216,445.90607345668957,470.53936092858254,491.8836939462724,504.74438411950956,509.15814697601587,510.9360767798599,519.0704870173735,539.555024535249,572.0487261308801,611.9876421530079,653.4168037259999,693.5761595987385,735.9709160609941,784.9962947624281,840.107791067084,898.5907574945528,956.0518499983823,1007.0498569324269,1048.6708284229142,1082.4250677379296,1109.0233958877304,1125.2714889668937,1134.8578123711156,1142.62568141857,1152.1420381383984,1162.8276578614984,1171.5923377080042,1175.7389837991868,1174.4610811589198,1171.0581725105992,1167.4993932485552,1165.0616501017753,1162.217436624454,1156.202905734325,1146.8346805124859,1139.4589080834078,1138.1253753961198,1161.730758464558,1195.514407434087,1207.2598866842816,1196.4000027907578,1176.1095069722035,1161.9627556835799,1164.2395391542623,1179.709420141151,1194.174570449961,1189.925259497993,1154.4310674336145,1096.1350602570492,1047.291448622229,1055.3925302984865,1152.61603982807,1317.90246221743,1490.9420493583198,1595.59742247818,1565.381711639389,1424.7324027658187,1275.4209950317634,1217.918192246094,1283.3808075911413,1435.3556650298185,1600.636771336517,1726.0812497920426,1746.9993572622657,1656.26597056
15kg_10bpm,13BC,1475.03899126,1450.1227091718395,1384.0418350160046,1302.3399138735906,1229.1033072935363,1178.7435192552707,1151.0982984773677,1135.1785245748865,1114.6395263603442,1092.7168211074793,1081.2360846209758,1077.5286951214537,1075.8075866840732,1073.1628421739504,1070.0567974141431,1069.3828627121452,1073.3972526719688,1081.40484455508,1091.746738505955,1104.121315554483,1118.6577571953292,1134.3312890517807,1146.723411742054,1148.8841126492825,1133.6382366723276,1099.383001493426,1051.4399906629724,1003.6921785745632,966.6276483213948,945.7364735886264,938.1970840465534,937.1113299347884,935.8828975352142,932.2225513923396,925.9911823873699,917.2221046641264,906.0716720907278,891.7149128735762,875.0712515882215,857.7436291991518,840.813214527735,825.4770865085538,811.8864721281257,801.6255525436737,796.0935563129924,796.9230912694537,805.5241952052542,820.1391039452956,837.9806091866502,854.8910073330622,867.7681517506456,875.193021010057,879.4604761523874,883.5265300435944,890.2214693549707,901.0567426974702,917.4351368593353,938.8082325054744,961.6358869328833,981.7290610462949,996.2894784873714,1005.587183231482,1012.0859216099846,1018.9288799256118,1028.1635045359726,1040.2279253792726,1053.362001483366,1064.3383159824543,1071.0367952856448,1074.353323733335,1077.7924522047017,1084.5376892068932,1096.6202649530642,1111.406031050568,1123.9116423181686,1129.96919165398,1127.9382527384955,1117.6742309469748,1101.1020427486478,1081.822241077733,1063.3915755210755,1051.386125151576,1053.9881079669224,1079.6869191072033,1131.8219795404998,1203.839064033356,1284.456068453368,1363.5159443208543,1404.6457009656067,1388.6933793039009,1322.8549827575011,1237.1899589672314,1176.5568341525855,1176.704146393566,1250.266944097003,1377.1204926482312,1507.7899384510179,1605.3792734721762,1633.1686281018297,1579.1591020530163,1467.75527792
15kg_10bpm,13CA,1571.07359582,1421.5168047326815,1225.99629010538,1044.6739210094222,940.8722668367448,933.5817883838843,997.5649868950511,1092.685143688891,1192.6689600231557,1290.9070260769986,1389.2447113739686,1474.4419518731488,1531.0725640073288,1543.693846889871,1518.320039446602,1470.209245030317,1422.2888142507413,1392.7127076620402,1388.896487427614,1403.5915149614334,1419.2286714955853,1420.0197189269657,1402.9730021105731,1372.9421553978216,1335.7131570626977,1294.5225986683345,1250.395127207855,1201.837548840377,1150.063680938721,1095.951981026663,1039.1064889407264,976.8058006948578,910.0193991671176,844.6000821470366,785.0997629626361,735.1083958834915,694.9877686350231,658.8115345299462,620.1095349222047,575.7770369949772,532.7848575375732,501.4523967538267,486.88890683786406,485.8116185485981,487.8342092357083,481.974443724086,465.02348504775165,440.77414825644985,416.1413044164477,399.7105589564075,396.63829639000005,406.6647592253254,425.68046317785814,446.8620681697744,464.5511378447371,475.7401973625029,480.40064758052944,483.00759871784015,489.00875050873253,501.38145524356014,521.1424970519998,544.1250398057632,564.4237668230967,581.107357325764,598.4036496751594,618.6203445003342,642.0901986933058,667.5971586841313,693.4617740289206,715.5253287091042,729.8009545531368,737.395802815739,744.3169043770282,757.8278713126685,781.4761608730358,810.3940139256711,834.1619208331961,847.884179630771,856.0492097947091,869.422800398293,898.3972420545861,944.2382500023236,995.8408839793577,1034.3880173789255,1039.005851771554,1006.3853623740081,953.2173601399847,909.7758310281066,893.9048062023569,907.5246749313001,941.3234196747497,981.6540020952755,1014.4310856438178,1028.7017897743399,1023.2792048708317,1002.5189033377023,978.421341984028,964.9955933430934,966.250425698923,973.346428783072,975.03465029
15kg_10bpm,1AB,1052.688584,990.4560878700001,941.96658843,913.73849661,907.0394622899998,912.58281448,922.7393265199998,932.0969151499999,936.38265125,937.6600761,934.8656965799998,928.94174909,919.42887081,904.0890635900001,883.92431078,862.6643820200002,840.8361718600001,816.1552378000001,782.8092503000003,738.71236647,686.5505044200002,630.9075737300001,577.11164387,526.8028049800001,476.0931842400001,425.30203100000006,379.5905274400001,344.62715326000006,324.31454569,320.59438139,329.3471381300001,342.45889652000005,357.44377570000006,375.14939068,399.35704720000007,430.6598359000001,466.58269572000006,501.06795432,529.12151954,549.5297814200001,565.45102782,582.2153831200001,603.88901356,634.1412989900001,675.44979625,725.9004487900003,778.2904020900002,823.6908463200001,863.0780504800001,898.92041778,938.4446466400001,979.5376689600001,1018.12236286,1056.6976974500003,1093.68212889,1128.6265858400002,1160.75086272,1190.4702945100003,1218.03841907,1239.9882737000003,1249.4779102000002,1243.0003426000003,1225.6718508500003,1210.1341613000002,1207.3334196500002,1216.59267463,1225.75647625,1227.6193828200003,1221.5732075700002,1214.6428545,1218.7885066,1236.26055305,1257.91503447,1268.4755243800003,1257.6651971100002,1228.2109773000002,1190.7372707400002,1158.53807942,1144.3949675300003,1150.43795815,1171.56529101,1200.27463707,1233.72204598,1273.28111379,1319.81801264,1366.1930408200003,1400.5343677600001,1419.0357342400002,1421.9057845000002,1418.75967314,1415.56719277,1411.1184556500002,1408.3586444700002,1416.1597819800002,1437.98967791,1489.79127313,1571.38405624,1654.24036261,1685.34093405,1623.09738539,1486.44534661
15kg_10bpm,1BC,1471.37775182,1440.4570330214265,1386.2080913507466,1320.2499293565982,1252.586855770359,1193.5494369875544,1149.1192254718153,1140.3757080649093,1147.0713010189722,1160.2571359586905,1176.8139003236872,1192.0319050918802,1198.847656036947,1194.2152654706908,1180.6861366823034,1162.9733923866038,1149.3794252839625,1143.0061530724831,1139.3957106125447,1130.8695499795747,1114.665466995367,1093.89360577183,1073.9958624646822,1057.9484065955,1046.2010622078678,1033.3435551573896,1019.4485658681555,1006.1317683117663,996.427938455461,986.4118936667946,974.399031824212,960.0734513913968,948.2559451174496,941.4344046540067,941.272834155297,946.3230099429064,952.774066735826,956.7831993121387,957.4175975293301,958.1006554627746,961.818677357197,970.0192669344992,979.4147588567802,986.6185138917401,993.3682953013507,1001.788364599741,1014.4318031494648,1030.7549144459708,1049.3534557614307,1067.675253194225,1083.7503231797211,1098.274209061733,1111.9930682892966,1125.425832665939,1138.3080904241972,1149.2243816140092,1156.862118009298,1158.4451973170408,1152.718496087807,1140.8060829212245,1127.4247537585998,1119.3700310206716,1120.3838579699213,1128.878393083444,1139.812894653324,1148.9924225938314,1152.2792940505913,1146.5594526444177,1132.166908590622,1114.0135321239059,1097.326670837556,1085.0224157044968,1081.1024683472197,1086.2735345667948,1094.864859967109,1100.9066285960198,1101.9189002372223,1095.6031220200525,1081.206409102719,1063.0339466168448,1049.2801631727527,1048.9185941104447,1065.3885997575826,1103.8506910388048,1164.902603308304,1251.6095751442253,1366.4181846046365,1469.176900339787,1539.044710181602,1560.0452557332226,1525.141595252301,1447.4726856125328,1363.4177796479314,1320.9008913339655,1354.8810754576766,1455.9139598071401,1584.3410413010279,1685.016644442221,1689.0726187775645,1577.5752495438358,1401.82601219
15kg_10bpm,1CA,1364.1838673,1317.265659642901,1260.05431370377,1227.576434842503,1195.650094317831,1152.3321784512855,1120.5258719217773,1104.5665322288867,1107.8130786603165,1131.6087005136674,1175.6586195759417,1237.0733214474417,1308.7712250926882,1384.1493486805527,1452.434132659034,1508.4762091454895,1552.72907010748,1574.4000282483844,1567.0781939225405,1538.3029457913183,1503.9451732690013,1477.7869468502265,1457.6111471512625,1447.8456033635969,1440.5588616050936,1422.9811582361872,1386.2857240989192,1330.6649663476894,1262.0536094127972,1195.083811250509,1138.073980146782,1093.9069940152049,1059.2366199442706,1024.5578646209901,980.4928363574797,923.002378560005,855.0357115972149,784.8879508870709,720.7212401264536,668.6630102911687,629.4762519867899,597.4604059304646,566.3779448951669,534.5421103702049,504.2863149513088,479.0417394213919,459.90974437938104,445.17642879582394,433.91150600186353,424.47375162499225,414.8997636533076,406.1537364465491,402.09083825457486,407.5888517648348,425.89621892518693,456.83160431356794,495.43105288893673,534.263421127221,564.7599365700318,587.0470147351793,603.02164655809,616.7369715061469,632.9347368276942,655.9938959370942,687.4938764060487,722.5393717775938,752.63778407071,773.4952411018038,787.4345668692628,799.9253995768603,815.8506257291104,838.1450705954039,867.5788511054561,902.7680865291477,942.2357994300189,983.8377928285503,1022.4197738377459,1052.601829596999,1067.1061571296025,1063.8711556774842,1051.0701058830712,1038.6831877999152,1025.2396441874014,1007.2152800127759,985.607763661567,966.5831028583129,958.7405559406461,962.8869234375454,979.2958380325831,1008.2768111929712,1049.3662489213539,1094.743506260371,1128.9034009390282,1134.2783591796845,1102.8150472458283,1045.687213374583,992.4357105016107,970.4343885613891,980.8744029002182,999.3673988757695,994.22072302
15kg_10bpm,2AB,1069.25056976,996.969425785481,922.8778460736344,858.3372120254731,813.8314232278088,791.4838325799608,789.5123695836448,802.8944132441464,825.6817550305597,850.082989043742,869.2319867300002,875.4243274974476,865.1591347683004,841.1299661263783,807.0755130701771,768.3733432304535,730.9891566037024,694.8687620032642,656.1313134216782,613.7956903223916,569.0679599300001,524.5225152070693,482.1878750938172,440.14763452053296,400.33045722080664,365.4385649531649,339.09358169838816,318.4525710491937,302.9586736358018,296.85735539182235,299.91304008,305.107985745608,316.78107981130415,338.30055973905223,372.38575439537675,416.24077562108755,464.35638813484945,511.10354570151014,553.7114855338267,593.2108481738261,633.73140466,679.4308592798955,731.4396109765669,788.4629866382538,848.2372060631926,903.11080846979,947.089861833666,978.3225770906131,1002.7349911736329,1028.2663188027668,1058.26189528,1091.5236688895943,1127.3868012807907,1164.7360758850314,1199.7803465784364,1228.8846831326623,1247.5830184805334,1255.5801039432752,1254.3728220839464,1246.4768690120306,1232.9806822600003,1217.9019770647042,1205.9988231887664,1202.451199004779,1210.0374643919638,1225.8133558191691,1243.068557283105,1253.2171151842804,1253.0777238832643,1245.7986918848858,1232.55997902,1221.0083004939083,1220.4118109956496,1230.2217363155792,1241.98411833705,1246.6479789536374,1239.4257888312068,1222.1533303103874,1203.6486750588813,1196.8593884784393,1214.14581571,1260.117190873595,1325.3656411675306,1386.1601261826934,1426.7442472807484,1435.568493276686,1421.493052959724,1406.354671489975,1398.9951962080413,1404.0015992728468,1420.1445281800002,1445.3132793169489,1479.154189483182,1519.221640769997,1577.358003571642,1644.3256710760318,1716.3604732815954,1779.5616631115117,1806.219403277557,1744.3441109547707,1575.92770643
15kg_10bpm,2BC,1520.27334676,1386.8804420975484,1236.621569126544,1110.471031764178,1034.9359660876517,1014.6569328684637,1037.645961905353,1089.714685876418,1152.4556614155672,1200.4618833602362,1222.7147916802758,1222.812417823188,1210.0123162842642,1195.8311817103283,1182.8529228890495,1170.3844098659065,1163.124867629158,1159.1969270668728,1151.2910910104893,1137.0339272089782,1114.0744932778923,1085.0183025106276,1056.5225697673968,1033.3980096546625,1018.1964945023085,1010.6412113100002,1006.1717588901154,997.8368994993921,981.367117052984,956.6145366509206,931.5991894195766,911.786572518684,899.4078212877387,891.7124155041954,884.8285600756288,876.6108839362628,866.3454219607793,857.4861902251014,853.5943209868525,856.561200998027,863.8899998328529,873.9090120685366,881.8189529963861,888.4081896866672,895.6304886277535,905.3876881844161,918.9610722608948,934.9959388488867,951.4347914421147,965.5611583506242,977.6097964,990.4824627363334,1006.9067626429219,1028.3124729057554,1053.641820397032,1078.7807778869253,1098.9923740143042,1109.8931413882756,1111.7830412920928,1109.069401029754,1107.9801283881775,1112.7558008492372,1123.655183148841,1138.8823354108686,1152.55292163711,1157.5754518412903,1153.4452837482443,1142.951262907726,1129.4006944489106,1115.2915655661304,1101.8897661029619,1090.1606437907317,1079.1533323605506,1071.4626978900299,1069.7437640831736,1074.8253607400002,1086.198969317499,1103.3827593906617,1125.6764030037057,1149.651797128997,1176.5396393770723,1204.030364875828,1226.2796053723873,1247.4132722709458,1276.5384250857514,1318.79799696523,1368.3985999180754,1405.6152984419914,1411.914446064964,1378.6012712516365,1317.453517051279,1260.0251641556501,1244.24181122122,1294.7446611098387,1405.2748128883818,1544.592215438132,1684.6279986634986,1774.869902950079,1758.1544476192198,1638.2973637923028,1459.8389124
15kg_10bpm,2CA,1347.64854378,1289.2467311699997,1206.4238563199997,1134.6266980600003,1101.0925096200003,1107.168945,1140.2765801600003,1187.10315573,1248.2711976600003,1313.5144155900002,1373.03053554,1409.9255766200001,1423.4292114100003,1429.01426405,1436.4171808700003,1441.74537299,1432.60419765,1405.3116632300002,1372.00844846,1350.7167224100003,1352.9334082600003,1366.6589228900002,1378.5155529400001,1363.6489221100003,1306.8262292100003,1214.5628669100001,1113.3000145700003,1027.23124371,966.8370268000001,928.064701,902.0963364300001,874.8191022600001,834.6600907500001,778.9516181600001,717.0672130500001,659.1552259500002,613.09159124,581.79325427,562.4457819600001,551.09805341,542.87200506,534.78745253,528.01116452,525.1634294600001,523.27967594,514.38681518,493.89247115,464.49623641000005,434.13214106000004,409.9969965,396.04117753,393.40723664000006,400.8845868000001,414.22190228,429.61255988000005,445.8684419100001,464.5592324,487.4088647,512.82792271,539.31476732,566.37255438,591.15492512,614.3262329400001,640.6720987200001,672.9617557400001,711.1493421600001,753.6918142700001,795.87822266,830.4627731000002,850.82766078,859.2148564,862.6218018800001,866.3163441200002,872.8771091000001,882.93199866,898.237837,920.7001853300001,949.2358942900003,977.31981438,993.1661945900003,990.2730687100002,972.7178086100001,954.7571185400001,943.0954824400001,939.1548395600001,936.5213748200001,926.7909459800002,908.9079882300001,887.4601626000001,876.1600759100002,889.16854797,932.0311404900001,995.6355554300001,1052.29825143,1070.8442802300003,1042.7390145100003,987.8611879700001,942.5258193300001,931.9401333400002,952.71742718,984.59304318
15kg_10bpm,3BC,1360.96425112,1309.7901909002708,1255.6138299038203,1211.0694207816018,1181.1425463381877,1164.544650792369,1154.4939307371624,1145.1301905143719,1144.1415764573364,1148.0905782324517,1164.2217015658225,1192.1203209752293,1226.5146615323006,1254.0383895228113,1267.7905311734978,1270.7728271498431,1266.153914527238,1252.48306222659,1226.847720474318,1189.5724242000404,1149.6651903050358,1105.9534148268542,1058.8028968003625,1015.5234327359826,981.2178289587639,957.9702112092192,944.54080997601,938.5388343523973,938.0508444756338,936.7948373682425,931.6914234283055,921.0736960460581,904.7098978317997,885.4672635797966,870.8824894702334,860.5351237134175,853.4190547503224,845.2776798926651,832.0226308456565,815.7804847599407,800.5202871307893,790.735283618297,788.9655169600882,795.5173952989852,806.7580105914185,820.6394782517316,834.5179595957947,848.5862937735085,863.937022716162,881.7008635935131,900.2745213276611,917.6692960184755,930.359826214288,937.7903472651692,941.7705281446581,946.2426556274063,954.7520271650019,967.5857593721429,983.4489144039044,999.1666634965806,1014.4671303938454,1029.5011169779245,1046.1142702377933,1064.5352846287146,1082.4635212832818,1097.2649585854492,1106.0272352818022,1107.2218653839307,1101.0361712235306,1089.337722630029,1075.4845559864136,1064.3557428653007,1059.5200107692256,1061.6576351203876,1069.0065898262746,1078.5749505172141,1087.9772845211435,1096.6967625706056,1106.2663873430133,1118.35766027257,1131.1879693315307,1139.3826656146434,1140.189620784375,1140.0843130529956,1146.103348208385,1157.4071338223496,1166.8089827601177,1165.066147286088,1148.394402569486,1125.9807448797112,1117.7683341466384,1144.0691933197247,1214.5956183951218,1323.457971346163,1453.3179446451925,1583.426079282289,1704.3536811364738,1776.1019198861989,1758.2210550139453,1646.3700881831128,1459.18268131
15kg_10bpm,3CA,1307.20473391,1299.4409471839012,1235.7751055954318,1162.734349043646,1114.1187660152218,1106.0941393662952,1147.7497924681454,1248.3828075324705,1387.7787409864416,1520.1875806313858,1565.8476350506096,1540.6997762368874,1495.684125644073,1459.3255158102577,1429.433033634713,1410.6655696443079,1394.1914385849745,1372.0102327478332,1335.6862714054084,1277.9429455638424,1204.188602655459,1129.3320963804272,1063.9059404740206,1015.0286130591503,980.7019680164209,949.2888734363,906.6974712745176,849.2684791147676,782.0711340414721,713.6216009066993,650.1873774865805,595.1460319050544,548.5532347540122,508.2408123033027,472.7970617119889,444.5255531899305,426.75995154399214,414.32184226091636,402.46580337725914,391.7035109524336,386.53703895297116,392.76890240472966,408.969578011307,429.5922188673884,451.52699999656886,468.9805025257565,481.2817738873904,495.25468286301947,515.3255465009868,546.5828534585488,585.8928695600001,621.0692315471874,649.7839497953237,679.4380975342505,716.4803126634212,761.730856099688,804.5416939458808,836.4516068171424,856.8277621591857,870.4305335047866,883.168021029807,900.5321926522743,923.3123744572509,943.2250309823204,952.0706449933733,950.4327820310828,949.1772894243527,959.7955667686688,983.1681616757338,1009.0504181149809,1024.866461038434,1018.6278140360467,993.3105280093383,969.8072894576909,961.8601993548854,967.3851895187514,977.3333911864538,985.891847959804,989.1713082433921,983.9108871180396,973.7942833576398,970.3163207484014,978.7428356510975,992.658509874106,1002.2860413994985,1001.9983062642195,988.2073179878869,966.6282601023569,949.025202380531,949.330735619899,969.6683217636664,1001.4662840700369,1027.343307188342,1032.3971002179035,1018.0778174899444,1010.8571848341369,1029.8447791453511,1046.3121701664927,1003.6519547884095,885.9068763150088,741.14774272
15kg_10bpm,4AB,1233.74360436,1151.072463183551,1082.4766674888638,1034.6889084291458,1002.6382559156656,981.427854064557,976.6738022175471,987.8496773616698,1007.0493320839264,1019.56124824617,1017.053207817104,1000.9874454474021,974.6793177342703,940.7141651062446,901.5360202819056,861.3354756192534,823.5620349102151,786.9200147859023,747.8915192810188,708.5090350026092,664.98930133,614.5033709625578,559.6143151390316,503.99066714381405,451.93652219008044,406.77577684007923,371.1071693359581,353.57479497268827,349.2727990997683,354.4425398537441,368.8983781675095,389.84218254244536,414.6583589727691,443.38827344869554,475.28351157403176,509.5705602439672,547.8556190168609,591.1068753351769,637.9848855666074,686.3586081149392,733.1340575,775.5641063137963,814.9981774305323,852.0215319083726,889.1609658367942,927.1629875406626,964.3171842758921,995.2082239508463,1021.6372200590461,1042.485169877801,1061.0676680538002,1081.741503221018,1106.3402390659826,1133.058739912492,1159.4507744957714,1185.4120399506432,1210.5214555286896,1232.2148010257563,1246.421185468784,1251.8839514707183,1253.1555228100003,1259.6551091041492,1282.6753412953904,1307.310875719295,1316.3557556421042,1305.5900667532383,1285.3738413067251,1270.233391314155,1270.569458527123,1269.869916949202,1254.1586752509536,1226.7975152286658,1201.1046837009803,1180.8695150013814,1172.6169745515183,1174.8539674647143,1181.9926376861076,1197.1458404687212,1223.4106786257103,1267.4268192123473,1318.4825164900003,1365.794953526989,1397.4613049941545,1401.5854630510053,1374.000361653156,1322.826640805028,1271.513242770805,1240.204752034391,1238.1029846047652,1254.9513126315114,1272.32373967278,1282.146579306611,1292.1964453379805,1308.6735148155335,1327.4582965697448,1336.3668455463041,1329.6859713491208,1313.4320122423355,1293.205461555155,1272.8556616102453,1257.20721589
15kg_10bpm,4BC,1403.67128024,1311.6383279027077,1223.0715353057867,1162.2448135573245,1128.2245863050941,1102.8689453868817,1123.8116613889013,1185.6498395925448,1260.1576211440301,1330.5459659324194,1378.4666850412423,1383.115364588752,1352.7496907889895,1302.804395374746,1248.4775738345875,1196.7142435327698,1157.897031034808,1131.6461093665853,1111.449139228692,1096.175268523017,1083.9780887948357,1071.3149985922291,1054.8498382246203,1033.6415076720766,1008.546968674503,982.1200267634053,957.279879464022,935.1764484973592,916.3887306061364,901.0524632050402,888.4056233722625,877.2298181863536,867.205225413287,857.9984961137434,851.5983735693297,848.5382833793782,849.4996922447915,852.400500150114,854.8131902499991,855.324797581997,854.9608932451789,856.9934765122421,864.2650149473525,877.4394419559342,894.296731710349,910.4522823624908,922.480230650029,929.2825378662122,933.0559754763285,939.0328909989813,949.2895791115156,966.5441841887489,988.8554695624408,1011.5939439012365,1032.0103395753686,1049.3339774649587,1064.27232799061,1077.0255795891685,1087.2189497638528,1093.6236352846022,1095.853199210028,1093.5951842172228,1088.557649622263,1083.0926999750102,1079.828056376629,1081.732538916387,1089.9340704108545,1103.5616583827473,1120.858882834432,1137.967757645244,1149.7730332423077,1151.7678602862225,1142.2955550650352,1124.0155799116594,1103.6217745942142,1088.0874612910354,1079.5953074713154,1077.3007625738835,1083.0952545651428,1097.8443315260236,1119.0705952366798,1140.0640512200994,1157.2695434843517,1169.8211332398464,1180.156364348337,1192.4437382712636,1210.9174960185292,1234.0787920246298,1254.38728017105,1262.632973883284,1262.60083641246,1271.8726790257472,1314.5952017132443,1408.1053940119077,1550.0897331911217,1706.4179360535352,1812.0262896229106,1791.4931706484158,1611.1747306507732,1377.1388704583383,1179.18935656
15kg_10bpm,4CA,1192.37874408,1094.0763341769214,1014.7899887142498,975.1483425640704,967.4414618408664,982.0037778862827,1023.5857329636166,1090.402006352654,1167.0358722240057,1240.5570460232875,1297.8493980364751,1338.4547438912618,1373.682852944532,1399.7289315543733,1402.5489015082635,1375.8027004617986,1345.6268103132775,1310.5108009661685,1267.8826542037928,1251.0866266866985,1257.0849633423572,1270.4610028468128,1275.3974899384045,1264.2762942925995,1232.993172262454,1181.7275621602653,1125.4266834672126,1075.2239475742344,1036.622111813906,1003.9011340361403,969.3880334214596,927.2645700574307,879.796223429869,831.8670977226094,788.7684558150717,754.569166566798,728.6697681194977,706.303287391173,681.8147126439735,651.7490372686784,615.394755804373,578.7460567029243,549.0840433325993,530.0778083972805,520.1160676027007,510.94383901766116,495.85202734305676,475.44821312385955,452.7509711657593,433.4182413635883,423.9194932677003,428.0870079931586,444.55624678232675,467.23187422897723,487.7617142558586,501.6632879439166,510.14207191670675,517.2538070574701,527.7658327719405,545.4905977458785,571.3327482776788,601.7937448508192,631.1179060354011,653.423550806946,668.4793889035624,680.5253733020253,696.4497566197444,720.3623041762456,750.9946869921183,782.3040700583766,807.0290979467121,823.5645595663506,834.9206201130243,846.4805443058391,861.1432999067865,878.8049466315471,895.1597996466862,904.7332424668996,906.4620564770026,906.6211698211856,912.539298191811,927.5496933543861,946.5977554153452,959.7149540971521,960.4264992215885,951.4951915671429,943.7548338104883,950.0792263403583,975.0450253997126,1010.3546981696712,1038.645975058388,1046.7653909640624,1039.8132734169076,1028.7778334598684,1021.1469645106099,1010.7452882975119,986.1685081783882,942.8439096659841,885.3405265787638,817.2849473244025,735.66208694
15kg_10bpm,5AB,1195.61877091,1061.4073509770815,928.6464957534891,825.5421789082035,758.6316236296346,731.3697530893744,739.0916401964861,771.732479887126,813.4779052664605,850.5424487830131,874.3749753676992,877.6046398183718,859.9439561247209,823.0828000066817,772.642054001036,721.7429685404019,673.7532677967265,628.292024132756,579.8761385078665,525.8861162474465,469.8175986991568,412.15067772628555,357.94120489844346,312.4059491217189,280.42383397646233,262.2372256435495,257.21923514813756,268.9982240316879,295.88956970550583,326.3952411138683,352.76607161823716,371.7246614217381,387.1946179246856,407.40643512042857,437.78467965066955,476.7685871154355,518.2284399515636,556.3232975708851,589.5077848443826,621.5001325339006,656.071053379442,694.0147329685474,734.3540600225273,775.44174551394,817.1252007370607,857.7245134215273,895.8147029065734,931.5940172951862,965.2469444887456,995.3777742224016,1025.02908278,1052.0886994054683,1075.2044486851787,1096.140677245134,1115.6214810079805,1136.1132790250201,1156.2826490965658,1171.0862701497601,1178.16562697383,1178.354452674467,1176.3231449101202,1177.0991254076162,1190.6215969437121,1227.1063319921986,1269.303335744841,1298.0977941600822,1304.9468788785073,1293.0350157871753,1277.4225047351651,1275.8318029697257,1299.780932579102,1342.347673205911,1379.8262515359602,1392.7128300833406,1375.1943988080561,1335.0178299157724,1281.9955350383373,1222.2870246685613,1166.2433203337575,1132.2528100933043,1127.3406220706372,1155.3012532081682,1217.196542832147,1304.7691675798367,1396.4174338282633,1461.04178209309,1469.564667641939,1418.5120129031075,1334.067745542652,1263.6415228254175,1239.1641999826782,1262.5226626567794,1332.9027221095741,1430.420840528392,1568.298746841972,1669.4958619124607,1720.4228993358493,1722.0201202882365,1681.7400238726518,1631.809523872574,1553.51101807
15kg_10bpm,5BC,1344.73377291,1270.994457356887,1221.3052277910747,1178.7705809734223,1159.9067946180135,1131.4385501329673,1120.398985069324,1149.6297903602967,1192.513694677267,1238.3271802322972,1274.4243707239525,1290.9553268756463,1286.1959346207261,1267.412001000132,1239.3261741549247,1214.320961269613,1199.3394789730708,1194.1763466672103,1195.5702720748914,1198.6118598801788,1198.790822087952,1195.174765486173,1187.8070658103409,1179.8575492265065,1168.0101742484496,1145.6413234326271,1107.8464084762572,1057.818473326382,1012.9316541576873,977.9970661883832,955.0002309199824,943.6572620056992,940.5982209443771,940.7793673922379,938.2808047617302,928.8347928430327,911.4796612951695,888.123572573338,863.8964426214673,843.9984228767615,831.5047990096244,826.4022087248175,827.2977628754733,832.2014232803791,837.6057994378305,841.3901250345948,841.915070663886,841.9406521686233,843.6959981677314,851.4682486977104,866.5359004300001,887.267211632544,910.8136044736856,934.0094045274145,955.3156000770508,971.7231298593817,981.4187557210327,984.4857531872603,984.2046205573735,985.5594509933632,994.2214206016013,1011.4028163604474,1033.9478994584447,1056.0761044651317,1073.884361103431,1085.8492512159246,1094.0170750348107,1100.8749483005008,1108.8780258529898,1116.0556364438573,1122.0353115193143,1126.3175079138691,1126.5990817875977,1122.3978823696618,1115.4817975882436,1107.1872889040912,1099.6459894898235,1097.1777180679492,1102.6027001678265,1118.605228175823,1145.7842519082064,1183.793429258096,1228.6231931008786,1274.9978668888048,1324.9899586535857,1361.7410993081003,1367.5095405107604,1335.5950544456005,1274.0853284070197,1203.4872496232906,1153.9111055425851,1147.3059720754786,1190.9978416617168,1276.8882289306712,1380.0010508421826,1472.937161804238,1536.0288711093413,1552.8014312697012,1520.3216058907797,1454.6187293338553,1371.92539137
15kg_10bpm,5CA,1480.84082405,1301.463693934968,1124.0678079450904,995.0420093470252,951.4979784189959,995.5176450137867,1102.21101964149,1236.241215928994,1366.9341842347364,1460.3034801248834,1492.5906865457705,1486.001741508609,1457.8587943867726,1409.2053841468219,1364.0673945567298,1337.9495414696898,1323.03812540054,1316.9198926847569,1316.931190199557,1318.6304968268576,1321.955863864091,1313.5128612949884,1293.836607720352,1263.0691608085885,1221.8835536745673,1174.20287938,1119.1967356342577,1059.2503616974843,993.5411387153467,922.3592761134324,848.2594085207836,774.6556238780009,704.7973889671932,642.2567787997162,588.9491823985255,544.1532296965937,507.97978536852446,477.7582785753961,451.84737864300246,431.7402604139679,417.50066050760415,406.8302658782034,399.38699286066384,395.666660442133,395.4177406045791,396.3291751535657,395.18375836306,391.49819897342024,387.7409830808069,387.38499469871886,393.63167240000007,408.1408130311757,430.35565818134506,456.6238729555342,480.71951094871116,498.36130929728705,512.4759643248408,524.0993582413417,537.9391818444998,555.9787544835485,578.8953770264786,606.981259617421,638.5657065133174,670.1220192694765,697.9471163767314,718.6660138058963,731.6601413816819,740.060474950134,749.1528655584219,761.771709790134,778.2040544367239,795.4804135942808,808.4406892680488,816.5549096749812,827.3397531090608,849.4404187400002,882.4121525311402,918.8923452471769,947.0554618354067,959.5991452121244,955.2702808206817,941.0011726700244,924.6593637770667,912.8642404562879,912.6282483795989,923.2014445432378,941.6717145686954,963.9020715806801,982.3199776184548,991.3502630368805,991.7783790133041,993.3182693859321,1001.008412894158,1011.2424649064235,1013.4824177429794,999.562730937001,971.8747411756129,941.5452293627884,918.7595836290302,902.8092097879687,882.1370056
15kg_10bpm,6AB,1055.38301506,980.916217095789,905.8728023487929,844.4604262803223,800.9605424789659,775.9912504741249,762.2470205495767,762.7190389220183,773.6060434289691,793.1816009235786,816.01349237,833.3444314613229,837.0151071837848,824.093417960002,794.1855705789568,752.4507675616284,705.704577661146,659.9194656488605,616.8933253151401,576.072580846094,535.64811545,494.9018027118804,454.492007860461,416.1715230232794,381.46829966264164,351.42846271604265,330.07776500960955,320.24910428021633,321.45852924591424,331.79215100251935,350.18246781000005,369.14794485324495,386.20869237763037,398.3388955237894,407.0125228710595,416.823569578531,432.76514378609346,455.5683784579135,480.0166673568454,500.299528218888,514.7982677800001,526.3391511671733,540.0672945704667,560.8525582853358,590.6840015489678,628.1336550155172,667.9141522303869,707.8480380397325,748.9362008983805,793.1354909414,840.9723755400001,890.9850977564636,938.975598304711,980.616390780645,1013.753647321446,1038.6949174489396,1058.814245650573,1077.0783843141658,1097.6884938813516,1120.4816389349096,1142.5580732600001,1158.9074185224388,1167.8617296328975,1170.1191416296037,1169.081990132952,1168.0183620857051,1173.5394595555224,1191.4906284320384,1215.9299602203039,1243.9596466295272,1264.8646838900002,1272.9063409156975,1269.5266418143394,1261.4824319693832,1255.1500718973568,1252.2601636788147,1248.163764412691,1241.5505940878297,1232.9506093994337,1225.3144521882425,1223.3405597900003,1229.4647833921595,1249.4272392998366,1289.841677386371,1352.7958368417733,1429.3411856488087,1496.6031338958853,1525.3099232312916,1492.9325870031062,1407.6425685546008,1306.1842148800001,1233.0192220154481,1219.994787328134,1275.6114419440173,1388.586497426768,1553.3389777947134,1715.5284658180562,1830.0897429728475,1895.5012487608315,1885.7718077104541,1795.41552288
15kg_10bpm,6BC,1343.22750393,1318.357584671352,1289.4981799785817,1282.6510414174486,1242.5895658360757,1202.2010303165382,1170.6073832500306,1140.2952145758038,1120.7884791954543,1115.310049414265,1125.4637326726724,1144.0659089832996,1159.2727580782234,1161.2050887874739,1148.9706599221402,1126.6897192244687,1100.2539270818445,1073.9679250756678,1050.678061821454,1032.5926432429828,1022.1191198599431,1019.4733755477258,1022.6798352543337,1026.1444378039077,1026.727324149291,1021.0378202639276,1005.4456250051544,983.2646726820641,956.3830518959154,927.5631262416582,898.6496697820832,870.5340758668729,846.6390659559702,830.190083321792,823.4337341025067,826.2772111252385,834.940095526073,843.601401031304,848.018025074498,847.4590182134591,844.4363295959621,843.9839704354278,850.1734022128604,863.3252587138152,880.0453613861421,896.0109975475716,907.3317784448366,915.8004671998482,922.8682249940576,931.0413211135018,942.9661038981801,958.5708146769853,974.3072964412166,984.8840492411999,987.4010270018434,983.6593749628817,977.2418419730645,972.0260879029505,971.7267138055495,978.6018888099759,991.9168886097439,1007.5374356654563,1020.9856683501373,1029.158208233817,1031.2295491418026,1028.610862698367,1024.6660765436354,1023.7025871176485,1026.7722929594124,1032.6086864712008,1037.759777391164,1038.3164140584652,1033.9073097164924,1025.8103135987858,1016.2537607047423,1008.1700898982155,1002.0725458788236,998.2092815334917,997.6661930592505,1000.9983513214656,1008.3922801749422,1020.2639242547012,1039.371977916029,1071.3814750780693,1111.2466696774427,1154.3523007322005,1181.612939952634,1180.4481684088785,1148.8066696114656,1101.2365967589124,1066.632325053433,1070.1195763909593,1129.3396435598079,1236.1925501858796,1358.6291757287079,1456.65103811961,1514.8192328667199,1526.6121329452565,1490.4904025327646,1406.2053201292167,1266.68586177
15kg_10bpm,6CA,1201.12333453,1072.4731689648388,988.6979059614162,953.3117290452146,965.0037224529278,1018.7559198255029,1093.1801002233121,1172.7136797232702,1253.459114243216,1321.1480933130495,1368.03064602516,1389.3851483338367,1398.2618903777177,1400.3960306058564,1400.3857681745849,1396.472099063072,1386.3068307631456,1370.540575174811,1358.7455307042167,1347.024737828825,1334.6402929032483,1317.5088100349649,1291.9092289507976,1259.1618864946006,1220.447450396251,1179.724076587878,1133.8046071973242,1084.6217695038713,1034.773312660951,987.1818151443131,943.7721653874324,904.7171271167871,866.8155195095447,826.6092550376145,781.7965064628082,734.7958029813391,691.5031888757889,656.6113897947453,629.5072922825409,607.3413072243426,584.2650759817246,555.4018448770394,520.8270534803171,487.3092741153627,462.60257636387195,450.27207569474245,445.4152982517182,438.74376089129134,426.2315735493159,409.98230747659244,396.33371739619537,392.61066701916405,401.7824241247554,421.03395188915295,445.9939669768522,472.40221407927083,496.29467070046996,516.0336280887,532.7834019742123,548.4910249638311,566.2543242768329,590.0534371588426,618.2749006038313,649.291114269405,679.009784170881,705.4556959697892,729.9159311300944,753.9106427214334,780.2962427519583,809.7900689389608,839.7347414320849,863.9423169760919,879.6228275154853,891.0278804065517,905.4212680511632,927.3039372450243,956.3377488622001,984.2054667121574,1001.0568989128432,1002.008960520796,992.8386344307265,984.1098339329889,980.5446973506045,981.1847836866584,980.7800992155118,976.679369756692,971.1661853206813,972.2567827838852,986.1196061873353,1013.4041243934959,1044.847420346254,1069.8358628298088,1078.13595438118,1071.6967763319708,1064.1366725872867,1066.21504393726,1076.9606527110082,1083.1124649276728,1070.4021630435564,1034.2057857629122,980.55400296
15kg_10bpm,7AB,1211.42064978,1137.7392877028162,1054.2364377324498,977.1833734475861,918.4981652473143,884.4088697333311,876.9249879920417,892.8445301086891,920.3727296022943,945.438721387252,954.8709071661474,943.3944297641472,915.8265119182696,882.7896791874747,845.4073515502345,799.9465741234715,743.3872010451001,679.0675994195099,612.3720480288166,555.6300903583231,505.06497820019746,459.4109780128499,416.5309155319925,376.10036938295065,338.65724638082116,307.72341440081806,286.25960614993454,278.3006768028333,284.8842090555238,301.4323774687162,323.3029979212167,344.5783296292997,362.66696027623095,379.11373964117155,398.88096271208474,426.1608693635121,461.06643524046973,500.4051781526322,540.7100213827122,577.6780004924199,606.9810999910715,628.8847564676283,649.760483699267,676.8067486890528,712.7077533522154,754.8128584814509,797.9748881474917,837.1796884130098,871.0692398336973,901.9167180411188,928.3494571084119,951.7068142826735,970.3521496647608,986.553216109627,1004.2564041543476,1025.94920881186,1048.1161317533197,1073.7268705272436,1102.994525688148,1136.2185244608738,1168.0235986180553,1193.0942483576823,1206.1024975879059,1208.4995011454605,1208.4428565614035,1221.4502563105714,1242.7179014838405,1256.757847501939,1258.0753980324023,1251.5176854684357,1242.9457159232543,1236.8348683802947,1236.1506611716484,1237.0364884136002,1235.2010287810383,1227.852963939348,1214.4830500339003,1197.47698907446,1182.2263712991592,1174.3622444840705,1176.9961180342348,1190.3488940553111,1215.5172843233067,1256.8545030820123,1315.0169301918786,1380.3398964366245,1436.7954576339184,1465.1555652429704,1446.7141002180838,1383.3035664853062,1302.9825556305673,1251.627997333001,1275.6335286876047,1384.1072261248778,1582.3487873734596,1752.7676178259308,1835.0426327430018,1807.860566487508,1742.7490865109758,1621.9881597560006,1446.37725403
15kg_10bpm,7BC,1532.90428401,1423.544538656687,1309.4679077511255,1200.7216258668411,1114.6291989058889,1085.4769181452991,1095.2815997400223,1119.8889976234243,1148.1745128530597,1171.2097964550242,1186.6587815157197,1192.5925502615269,1187.0750021124704,1168.1660644153517,1139.1035657057907,1107.491393880474,1080.6673782985938,1060.3251309183781,1044.4649140256718,1029.4825729782608,1011.3779526955964,986.426114798157,955.0981123200203,920.6922617819678,888.7597384766033,866.9099387826494,857.8282062177103,862.574816153263,878.4465665850889,899.1965581053851,917.6241009153432,930.4895581630079,935.5766062331651,935.2137469355025,933.0398693694933,931.9061859207192,933.3170771743057,935.5304518717996,936.594323773906,935.3018736692104,932.7111248010682,930.1576295639235,927.3328577622607,923.9655901818054,920.4342600890058,917.9988219556943,918.1958885421083,919.3711943015093,921.6013140687429,925.0835413474942,929.4309029868652,937.0537254981597,949.045730123611,965.3999850282764,983.8535290475921,1000.9222742353908,1014.0530514831762,1022.4012096509801,1026.5048664392489,1027.6757065061552,1028.380261058393,1030.4455684554102,1034.3167688214153,1039.7214052768995,1046.0248889509328,1052.2295553546653,1057.1864052314859,1059.692279554727,1058.6097782211211,1053.2316456986603,1044.0015919629013,1033.7968124953543,1025.3664103510841,1021.7834781004481,1024.8892089528797,1032.0872656609274,1040.5031430166437,1049.659380891885,1059.316222871816,1069.75251482679,1082.244055044635,1098.3608417851674,1120.2019414179233,1153.5737497634582,1208.3102155404097,1288.0191891579475,1372.1019845405954,1435.9596117529427,1458.4459461413105,1428.4104153460012,1354.1768304742714,1265.7936355542433,1208.2007037780008,1223.9126995270785,1320.5428972314587,1460.4825736844223,1600.4053964793957,1692.9593454147935,1683.1992913023328,1580.8984530918983,1437.20624818
15kg_10bpm,7CA,1199.75883255,1109.0840100343,1042.6188411329967,1004.1154512946226,1001.7716225435032,1031.3164432800002,1058.0316373213393,1076.937660573304,1125.4713187109762,1206.8244228832002,1287.4995717800002,1337.2179674417173,1355.0680159739263,1359.8028596497793,1355.6466882229317,1339.2541424200003,1324.1952005798826,1312.5099655623474,1310.838783839301,1314.1045168420621,1312.6397096200003,1288.2001568307949,1240.0512614391018,1182.3492354827401,1129.1469236296648,1086.4491564600003,1049.2714640695574,1005.2096227634449,950.5299149687231,882.7033209463735,810.8125248900001,746.6367058731608,696.2307080906619,655.8755254538843,616.068059801228,569.60033551,516.439313732982,465.5140435371331,429.09997649423434,413.44438596376386,414.74867170000005,422.66729920941566,428.8940067359854,431.15745428001213,431.4469061060898,430.1225516600001,427.71506057901394,426.09899165684516,427.4443430137748,433.8494456651969,447.54074556000023,468.72193316768863,495.6033090805363,520.2398753320459,540.889708318057,558.5380241100003,575.1517128411601,595.8985555011654,623.3084863329308,654.2497514748452,684.0399937600001,706.0350105518348,717.5368458311492,720.0265436702821,722.7825153168935,737.5831797200001,775.5545809435247,834.8780446998799,897.5340986132481,938.6445859977956,942.8010303900002,918.8291401149855,892.4199196246087,883.5111660181692,891.618601936919,902.53728024,910.497727852235,919.7089800865833,933.2529657791096,947.4024133388994,955.1145572100002,952.1562102825534,939.642496726781,922.5044459067876,909.0029374578387,907.1102323800001,920.5969850827024,946.7449973957301,977.5705183792904,1001.1742299983495,1002.0492404900001,974.3441165087692,932.5136404280051,903.9596502279102,909.2762812624127,949.1764139400007,1003.6219507480112,1034.8565816771754,1011.9911372030426,930.0389085013437,806.88261373
15kg_10bpm,8AB,1193.32547956,1121.6526199321124,1041.1602304582775,965.3478517412154,904.3691347629434,863.4894324220407,841.9472439968887,840.2920024954341,852.8899956429891,872.03237111252,886.9131729634345,889.1469772454674,877.1729632685718,850.6792046800736,813.4789524080009,770.6936093563938,724.4999712127815,677.5821862356555,630.79138526802,583.48752205633,535.6326846644142,488.43563189795174,442.5654718794924,399.79041264654654,362.81109350747914,333.73973634,314.4774067399289,306.07949373126473,307.3130190306855,316.50349716944453,331.4471709596023,351.47314255638315,375.661971996938,402.59340855715703,427.971108799985,448.22902893708357,463.73966759708736,478.0317815856811,495.76244935942447,520.2010034043149,552.4009877970251,592.1865649425417,636.3634957390234,681.4330892948758,724.0671766477329,762.0113373481181,793.7741734985262,821.421958165358,849.2781139939927,882.9925217119048,921.7068299100001,961.8485883270434,997.1008043833306,1025.0799481164584,1045.8857562806386,1060.8522551922208,1071.1616979563269,1077.5225086745552,1081.3054953295114,1086.9606637977763,1099.5754824692976,1120.0614069436713,1143.6752794466834,1165.5501641176324,1183.4088563007454,1198.6146095669008,1220.9795308017315,1249.7997783116239,1269.2565656289833,1271.0638388102054,1262.0140771428348,1251.200063724399,1238.165118226847,1230.9637465707515,1233.7338571353666,1248.0687570700002,1272.698890737696,1285.545950574874,1271.2969403925406,1219.1843188911334,1129.1649359811126,1026.5538591329644,961.1525135644116,965.5530265882834,1057.873621169135,1218.1626517153081,1376.9357884095884,1479.2515402389843,1491.4383083141452,1418.2978738309885,1303.2635201700687,1209.6625204993031,1196.9878370184583,1287.0202873581154,1440.0483545887166,1594.8545859639837,1678.025524203332,1651.4222581970353,1578.3210415154415,1506.910632081744,1463.03890284
15kg_10bpm,8BC,1549.25384669,1514.1427803247163,1445.7990677278626,1366.481601656573,1289.5694942337575,1217.6471248069945,1152.5418548930782,1105.6076690358925,1085.5392762894346,1096.6403838691056,1127.4945735389633,1155.6715259417615,1163.072497771609,1148.3798735967125,1129.9349056643896,1113.386518359892,1100.8759041920596,1093.1426780361044,1087.6558492215236,1080.5696854021505,1069.2272077004493,1053.201660509299,1035.7077178025474,1016.9458074213661,996.937589652184,974.4064854000001,950.1246353016109,925.5925651599929,902.1475024946751,881.7295424380995,865.2136480041497,852.80005105867,844.6920920348008,838.9700111940512,832.7438186127523,829.2491600265578,828.3002385932717,830.7631015933913,837.1409701088493,846.6077329197469,857.0686211495513,867.002435631452,871.3449187950495,872.2466630927912,871.6880435535255,872.0317965013353,875.0590079171974,879.2907717706154,883.0521532574262,884.632139970314,884.1509488300001,881.8968337003132,880.327921941252,882.5320080957079,891.1225891255513,905.8908993838348,924.2385923799462,943.7139828096249,962.293051898502,980.6501440550417,1000.408719516191,1023.308935395107,1049.9179139789444,1077.9583636999268,1103.998525559223,1124.3727847394257,1135.6945434228262,1135.2124670459,1125.6424090881883,1111.5815477040019,1097.430944303981,1085.49716769325,1076.1374282462298,1070.163445326706,1066.6128314563741,1064.9440211800002,1063.7026902614373,1061.894340169731,1057.6809472837565,1050.6661956426299,1042.9814126120143,1038.9711618319468,1046.2416398828966,1065.6353098259456,1095.1930265441601,1130.2988907001484,1168.33099172803,1207.4854260945033,1235.5068660664128,1251.2546691945988,1258.7294724000628,1267.3793983941773,1301.4246147081938,1380.835122920456,1514.7433982712412,1703.2931192938659,1911.8701746538313,2039.3708896678763,2037.495207824344,1904.5173692568424,1681.06634071
15kg_10bpm,8CA,1512.17179648,1341.779789924258,1154.212026198873,1002.515223742056,922.2496405455295,923.708102011838,992.2620210775461,1094.2557637686643,1189.9591582678522,1261.984736348985,1295.7373901271437,1292.2210748458897,1281.4029110082622,1275.4633640157551,1278.3928826178558,1296.6332024492874,1332.1778752053556,1377.8858489008624,1421.4045880261535,1457.473502358729,1476.2752066902917,1484.1925614401198,1477.2807655639353,1452.6985475668678,1410.2785283513567,1355.44233494,1295.100784354043,1233.5249899909836,1166.891770433275,1093.64898677271,1013.8339328096606,933.6974375743331,860.9620027857493,803.5655115970213,760.331535784059,722.6178983622411,680.3382447822887,632.1283636355645,583.030641869826,542.0074287625571,512.8567953281342,490.7794343857533,466.2395449124434,433.67953817920255,395.66902974642136,361.13627036169044,339.48675346546105,334.75731723453674,344.0274782528365,359.5513562236378,376.03061520000006,392.16217055031547,408.0849652508754,424.03405333098436,439.3464245122076,453.9940800222431,471.26408866277467,492.24001476107,515.5730024458982,540.5561147312526,566.4213937578446,594.2466695413682,623.4856656884665,653.4055877515175,683.8433481983391,717.9619563190577,756.8788619714132,798.6481988567839,835.335846818518,861.8910039872434,875.0294306831732,880.3022340681673,886.6184130782034,902.1671465241889,933.104148651172,974.84037822,1015.4656259941845,1039.0415874127536,1039.4275694942794,1022.8182391372166,1003.1307202896181,990.2147887814834,984.367734255255,977.4675273356984,965.9299235887904,951.6521215274308,940.5373921791687,938.6369790084773,950.2052020102063,973.5935020947137,1007.0490243677451,1041.5057471880066,1069.3648775202528,1079.2417976803415,1070.8094849889358,1055.267222427902,1049.725560156271,1058.07748629836,1066.0495195379308,1056.517802755895,1020.88829996
15kg_10bpm,9BC,1485.02698209,1372.0332245622612,1249.0062765782145,1138.933985228776,1058.2433977995897,1025.1770341111069,1032.5544944257326,1060.4341942491644,1094.52713724273,1122.8171739238826,1136.9925163950422,1136.076221392271,1124.3109157699214,1109.5085013659605,1097.6863114314158,1092.2086735024075,1092.0268794407955,1091.71064808115,1085.6420645638202,1071.4493971978854,1050.5911792414715,1026.2960376649921,1004.364322678218,986.6877510799734,972.1508023168877,954.74217948,930.4369127131258,903.0335947658562,877.9651910993002,859.8361324948083,850.7961538948181,849.7531419603011,854.4428818767674,861.3407204585027,867.1980662270213,870.0230097213195,870.2416888123918,869.8248625943481,870.6455115177191,872.5381041414804,873.0725972122956,872.0209283301066,869.8536058963346,868.0906193739157,870.5025656558335,878.3474017286397,889.6736021655091,904.8697024607318,918.3989685761051,930.1999966929958,940.2776850800001,950.3934228428486,960.0725199925628,968.5389303515672,975.559053735192,981.3939965054471,987.0760699399647,993.3961961208096,1000.1845254013737,1007.219100868973,1013.9746721720239,1019.5937431027089,1023.7094679068334,1026.1045232525605,1027.3418961434975,1028.1761361951199,1029.3390038079563,1031.6544958165464,1034.8674160510861,1035.088735850881,1030.3363001285338,1022.0322555391527,1013.190035540857,1005.8915568316642,1000.8502651720063,998.0629032900002,997.9863894170219,1001.136746734721,1006.9694986337148,1013.9714273177186,1022.8411342473228,1039.4507510808967,1071.3217858730384,1120.985722637056,1182.2822836003334,1240.6829270149176,1278.0136935390017,1272.9837673615762,1225.4367245079477,1157.4409799932407,1092.510582550818,1055.395085619509,1072.4726147931278,1156.5181770403985,1274.8624135469431,1403.1102096402515,1522.2072453180251,1610.9867182537962,1650.8935912754723,1619.2063345148722,1523.39879608
15kg_10bpm,9CA,1186.85198654,1234.3235166,1238.92263185,1198.2277683500001,1119.60263685,1033.37461802,980.93057473,986.2167355199999,1046.72335447,1143.93828515,1248.7023651800005,1335.64511214,1383.7313901800003,1396.1493672500003,1392.0005447000003,1389.3189782700001,1388.7997260800005,1390.9506411800003,1392.98148577,1396.17155174,1400.2804511200002,1398.0339108900002,1388.31535906,1366.84140891,1328.2381458600003,1272.87393112,1214.08385122,1159.08299088,1102.8012174300002,1041.59025154,972.0371217500002,893.0343351000001,810.4525585100002,735.9007465200001,679.61400935,641.7425592100001,615.6143662400001,591.3585935,561.8187234400001,528.8203860300001,497.47735079000006,472.8073522100001,455.13525855,442.5214559300001,432.2144210000001,422.46003062000005,414.09177557000004,409.01510591000005,409.63905847000007,417.09231445,429.59866532,441.85514913,449.4118017800001,453.59621230000005,459.55907851,471.35563346000004,492.82423625,519.7748761100002,550.82934868,580.4891586300001,605.21326639,625.7427344600002,644.05338908,662.7895781100001,683.6485377500001,707.23957652,733.46162607,760.9034553700001,786.39738679,807.87780514,823.7547209400001,837.0544050400001,850.90133376,871.82353419,904.2827343700001,948.0658675200001,994.3930656100001,1026.53880939,1033.9975091500003,1014.89152682,984.2145365100001,960.94944425,952.6402890900002,956.11298434,962.4010242500001,966.7368832200002,972.0688175800001,984.3544164100001,1006.8475776300002,1034.1014433100001,1056.11495627,1061.37058415,1043.38886406,1006.6730064400001,967.80748065,948.62388083,963.2046054,1006.7011195200001,1054.03953008,1079.5681668299999,1073.86033963
15kg_16bpm,10AB,1092.66544973,1004.5284953525907,911.0837132132367,829.0494677129042,768.3150077643859,736.9693953355428,727.3481664203466,732.358251178417,741.2665369272963,744.031537450548,736.0099694008511,719.2266380390134,699.6925836750723,680.9499056642869,664.0482612111593,649.7665369901823,636.2281672947811,620.4568161958051,599.6815797084295,572.6752823616135,539.116616192205,499.4358230505936,455.19655022681894,408.8884653640701,362.83781824224525,319.36021773000004,281.43327105046217,252.33134627620174,238.23335870331056,234.63626774626948,242.61687763941745,259.92463386529244,284.40357077967155,314.05875698052904,346.2842188638723,378.95033090268356,410.92339417453934,442.38529764486924,474.5317651771972,508.54809584461486,544.477632291583,582.0139190484118,622.0118321172379,665.9972039994223,714.9628191725926,768.772469695441,826.0880186014606,884.5493871242522,941.0995790826146,993.3438157974108,1039.63565773,1079.2111016409665,1114.5078030708298,1146.245156372178,1174.2686518210423,1197.4227121878932,1215.939958639872,1230.0614808338416,1244.963960981291,1259.8698972403859,1274.2735485810388,1285.791073146008,1290.6664238886374,1289.0230958740592,1283.53966073677,1277.2234953703587,1269.9203842480456,1263.1389491704017,1260.0803141199192,1265.4622852458776,1276.5854122077449,1293.2046167335957,1316.4840933200599,1338.387895188116,1352.7440840907468,1357.9458549700003,1355.4820717838245,1348.4096175342156,1335.2501468682542,1310.5478846776305,1272.1920047877527,1230.8141338608614,1201.0999720341742,1195.2559883144047,1215.8132709490785,1253.4223695719743,1287.5884085615614,1306.5367275478982,1329.609059557888,1397.092467188933,1509.7601168447086,1639.1928267325295,1739.3706819215965,1778.3364564120066,1780.1734919766184,1804.3437120995436,1873.325326365922,1988.9627923068433,2020.232305981762,1923.3624117618972,1709.34533429
15kg_16bpm,10BC,1459.51922391,1388.4498817543654,1312.2647675282844,1244.9287287082082,1192.7137282393512,1159.2963973029166,1146.8681906019126,1155.2759711778374,1168.5320997331444,1180.718087221665,1189.5218669334447,1193.848952880809,1191.7703113653006,1179.624189720506,1158.4440519511602,1134.495388364438,1116.0087924160216,1107.2495923755303,1107.0543386231134,1111.137490565664,1114.6786280749027,1112.861836224302,1104.828823166169,1089.22926986465,1066.714653410199,1041.0733831606942,1017.919213163429,1001.668151919483,993.9477976715056,992.913556053611,994.1986571042736,992.9936972135768,987.120080254425,974.2087527431013,953.5670632233501,929.2289126261425,901.6703861703276,872.9382296527481,845.4605975122706,819.550574157125,794.3704655374988,771.1307543948648,751.4786126334193,736.5590208618539,727.5473536612064,724.5524018228632,726.1196531033972,731.3006518102056,738.8735649614032,747.6619301377241,757.04944809943,766.6202604813342,775.9820824916316,785.1860951887514,794.5333590366796,803.4018028965185,811.8321859269148,820.2508256204794,828.7241408657828,838.3327339664723,849.378297419943,862.4110833254812,876.7616118869288,891.8412791963376,906.9831457279607,921.4441549373009,934.4497303069242,945.8479793476196,954.2926684034214,958.5035539921181,958.4203396856993,953.0494226896113,942.8712195765157,928.0435361039981,909.865903903383,889.5187774788938,871.7884776277668,863.5937976434956,873.8024953853849,910.7236967513808,982.0477715600642,1085.3183330595584,1211.1275418750756,1348.1904196206583,1491.1434114534663,1630.6117918685711,1738.3695826200697,1815.0364169723737,1840.9109600738088,1818.2850724736325,1767.2507638294057,1711.9911786236107,1676.6916419041431,1668.6982528901653,1678.9092715015017,1688.8409831132622,1679.0922716476266,1639.9765955239725,1577.316579998934,1504.6545141881998,1436.20372081
15kg_16bpm,10CA,1476.36315128,1516.6823337462588,1592.020296979538,1676.7148375120323,1727.584994912732,1706.010002452583,1608.7625534717656,1461.30464195014,1299.5340042573723,1157.0876700036756,1061.3489391244236,1024.4315544619103,1040.7379300793891,1100.6530471248689,1191.0872298253128,1294.7556245501853,1388.8410379360953,1452.2004118488223,1476.283720639059,1475.9723489669343,1468.3027659450581,1463.8137954077506,1465.879706654858,1469.5624485410356,1464.8176893324398,1445.155120246707,1410.2161607604498,1364.378072230902,1319.7981127496407,1283.0975796450186,1255.1593280662023,1228.310878385774,1198.5499951403199,1163.1043654765347,1117.39212598928,1064.6942787976116,1006.9526213088943,946.7432847711989,887.1649773636285,827.3665619719916,768.780242923362,713.9440059176129,664.5039696043966,621.2854614210306,584.0423756546027,549.7851879616675,515.7989617959665,480.53054217968554,447.05138492642953,417.1063989008048,391.67015251,370.5056058297438,353.5789974927541,340.9969630525422,331.1408708853618,322.70838134976594,317.12460908092123,317.6028857439878,326.53997909375096,344.4171323276069,370.25976299099716,402.57169595643865,439.52948342406046,479.12440765474827,520.3541030021653,558.3169211951433,591.9695401955705,620.8086696044658,644.4609923261717,664.2016283306375,682.9842141928984,702.87646953177,724.0870697130175,745.3864622561937,764.7374926427251,780.7190230401009,797.1989963686094,819.8345177072292,853.0591013613486,898.8132956689158,949.6265720264852,997.9110693352536,1032.7690036573174,1044.2111516273517,1026.8606730588608,986.5670444783545,940.6051220060583,912.0185880269112,918.737443020015,966.7653567895546,1046.797293739606,1140.1091412221535,1218.523074184589,1261.2409735644615,1257.2654256856574,1209.5841934664243,1133.7871371705805,1047.528198613422,960.3189995307906,876.0159348895598,790.85950744
15kg_16bpm,1AB,1077.00461034,971.6551384091415,893.2449272865875,852.8684215241026,847.0837106565606,865.3893644794025,891.6795910951221,918.5125068901623,934.9760640044215,936.5635642703893,924.8774555899998,903.6598252223573,879.3333814629643,858.3423877897975,843.1470175530004,833.8444100692526,825.8002836430794,814.8299089951007,795.5810080779008,766.7034339450365,729.5999927800001,688.0243816455464,643.2282251603303,600.7495058350462,559.5974214290884,517.2950641237491,473.4817042620264,428.5723734630291,382.1816191887005,334.7930239792959,290.13150533,259.25617624079774,240.76638787442764,233.39195748787475,244.25245111899918,267.0064911085365,302.1480809374234,346.57940156891794,393.2993898658523,439.71557752837845,481.60394457000007,519.5683294618124,555.2033519180345,589.6335106317987,624.4090343958864,661.9008441729534,704.1938250807034,751.7448381950954,804.0078006866663,857.8957112055264,908.0571565300002,949.8573900980721,981.9203390676989,1005.4583516248709,1027.3194222300442,1054.6292140098815,1087.864903364537,1125.4453949489268,1161.5170194589662,1193.659908752665,1220.6909267800002,1245.7150247692414,1268.303852620796,1286.508256635398,1297.145482939643,1298.1472183757678,1293.5921983631981,1290.1834712057857,1292.5768510236242,1301.3921752248398,1318.33695363,1331.9514907771756,1329.2576597396035,1315.4690048520986,1300.892223060863,1292.6515477279847,1289.4948675307098,1281.2033831135373,1256.781166139934,1213.0202135759268,1155.9938360900003,1096.4128710735918,1044.6084612881248,1009.6745767253179,1002.4513950113484,1034.8164621170426,1116.922390075718,1253.1820494156964,1425.901026687188,1608.7046203672326,1765.78531618,1875.176486209265,1912.9125013979437,1894.865058426097,1862.4624352670075,1845.7937082059973,1835.4618388238246,1806.8229438311314,1700.1264288956008,1504.0016542099522,1295.33360377
15kg_16bpm,1BC,1484.45775598,1454.362900045153,1399.4003491587443,1333.4509097532157,1271.5358403792566,1229.458536228902,1208.6778277303483,1206.2685062336996,1222.9671467869734,1247.1298821558648,1265.8129806262136,1274.297088210019,1272.149611477473,1261.081146967093,1243.7135057619705,1223.8630772083252,1204.5829126332278,1187.7152060625624,1170.3645567630258,1149.2684073125758,1123.6690778222976,1096.8809292873375,1069.2087137391206,1041.3514470682596,1019.4526558335576,1005.6750557008103,997.3281119664605,988.8925542323608,975.4872860856871,954.7595353725561,927.2529078743116,896.5297566242645,866.8282825664393,841.8861112671004,823.464866444881,811.1661177513739,802.7826671665174,797.391813375063,794.1990194905615,794.3209039189585,796.9805124790546,800.3934671162303,804.4840511005225,808.7776490217851,813.556645058854,819.1009163312364,825.4568176685634,832.9715263886321,841.387552461491,850.2001545250375,858.5144788083144,866.3499476487019,873.1637521146348,880.3619630882446,889.4138055071254,901.5026006495515,917.0524293641035,932.9960448726047,947.1865272767861,957.1251078642164,961.9204537633276,963.3195508357288,963.2590775187268,965.1771374689149,970.5693543555005,979.4906789954654,990.772936926969,1002.0556613805315,1010.6353687805337,1013.7923141465718,1012.3978286828884,1007.5882267607439,1002.5881642121094,999.4840442359448,999.9342111374627,1004.3348862616913,1013.292832338539,1027.92669168708,1047.9441295539982,1072.9020855153105,1102.4615020521649,1135.873790112045,1171.3339468956422,1207.9885994832282,1243.837184501747,1274.936389717191,1298.4509161852554,1314.2784095587224,1320.0545433950494,1329.317398300737,1357.5948260744813,1402.9017763899446,1481.9023426259564,1588.8225835202293,1720.4896502817824,1855.8261355179488,1949.7900543174842,1968.2100604423827,1904.9786987974194,1768.6053799768576,1576.42198435
15kg_16bpm,1CA,1450.19985587,1377.193955422857,1290.8444185259648,1209.518574070474,1150.3671604858507,1125.5428061232637,1132.4959111038906,1163.2491637714288,1205.806635139273,1263.0308728635189,1337.4615680255756,1421.6229979395982,1501.9457336423427,1571.2102758124345,1613.2512254303144,1622.8694710795924,1608.8405997302352,1578.7230475046854,1534.4209799938337,1490.3593804282848,1452.721578488148,1427.2003434821484,1412.3826797664567,1400.8238278560714,1383.0953753105725,1350.9702805742315,1303.78673814228,1250.14621479709,1196.626250138667,1149.4775072562597,1110.4510464084776,1078.1190387730226,1051.001930146744,1025.5951055931578,997.9917787209382,963.2727201178182,917.100844054354,857.8971012536691,788.2631444422349,715.6204255370697,646.1521829651803,586.4206930650471,542.0920732498532,513.0992270484691,493.96932993268956,476.77820278048074,455.3966198467493,426.5673929880855,392.6910255169402,355.30364870292743,318.03897804005607,284.9619600484749,259.1093208209709,242.9649675417788,237.03122648951614,240.9978739843608,251.10865410856331,265.81707822907754,285.57647705863656,310.23322051741684,338.144752409821,367.2414915865391,397.3783410837763,428.4840715547272,458.0939834839662,487.2478005023565,514.9758114450606,541.4843282863733,566.4543653427777,589.2919138647584,610.5050285832122,629.4936431762573,646.9349849201426,663.4154631966571,678.9564101007228,693.902547628203,709.3975310390816,728.162334986994,753.8063751524458,788.6981911559146,833.2488784884948,884.2656138526949,938.6722381184799,990.4083071239304,1033.1085454076897,1062.5024565493575,1076.3139222838863,1075.1478206757597,1065.737068673712,1047.6768066407665,1026.5264174538024,1005.3155737976405,986.0376739456616,968.8723979882016,951.1374720391561,926.6271533213641,887.7495760006423,831.0379471050053,758.4243208773287,676.4212095241211,594.43188265
15kg_16bpm,2AB,1195.48322554,1118.0621434377845,1025.1318061827265,931.9890276586596,852.7464350273077,794.0383325136148,759.2313759660794,745.9342543038504,749.6609076497092,760.7546066635251,768.2359538906542,765.4981500797602,756.6267284107065,742.3122980442927,722.4065588426598,697.9977546604941,674.2661560686479,653.6126993481831,634.6711936920257,613.0617185495432,585.4955313626932,546.8709269353571,497.2610964172272,441.05436840689464,384.407533427348,335.78530804,298.03811026077153,270.1163597984862,253.2254179514373,244.4916304809938,248.63193548812995,260.8330659713383,280.02177393193824,305.228699254449,335.4619358255694,369.21019619692237,404.31576349719353,439.04471853266205,474.79569529535223,508.29409172460157,538.8238148340644,567.5761216950665,597.4184967158017,631.3537106742848,670.6258096348998,714.8277823393028,762.9284112304966,812.9792225410037,861.6909564134395,906.9049548296666,945.2616826800001,973.6997621247548,994.8982156283573,1012.0017124211549,1031.7161436301658,1057.3601591867375,1088.8445770587034,1123.5816981105745,1155.9422837880459,1181.63407955618,1197.3248485875974,1205.8363210035063,1209.5660465637443,1211.1375848790785,1212.0356025487001,1213.2128561788757,1215.2509692867698,1220.240828796044,1231.5915282464669,1260.4205649223861,1296.9569899171756,1321.9000816222017,1332.2314414007158,1334.168755484428,1334.1392193233046,1341.5789956500003,1356.3637856788368,1369.9283926188916,1372.0634359381927,1357.3556613185517,1321.7997409048003,1271.2300386621541,1220.3815568845264,1193.117415167208,1208.4848582162747,1279.1129174825276,1401.710683370238,1559.7771653665102,1724.061279092299,1851.5902048200885,1902.1683572797137,1873.3712381304506,1825.5581975015925,1832.6756028562513,1925.910450041493,2053.732204972662,2153.2195747124406,2151.20628965808,1979.1446562907252,1702.5761102471592,1449.92170073
15kg_16bpm,2BC,1552.07925095,1503.9430094695024,1444.9922785249607,1380.5406357660315,1316.015565040208,1264.7241129000092,1228.9193842265952,1214.7969890660047,1227.8067081149736,1253.1638971166826,1286.0644067958956,1317.0959433097453,1338.7823922536672,1343.2705704008558,1329.024636804815,1299.4308376177657,1260.2609318228247,1217.6597113245284,1177.8709440378695,1141.7483182304957,1111.204062859133,1087.0277808126377,1065.587431656508,1045.150724039827,1024.6827861798197,1004.4628214166588,984.6338855565931,966.381874020154,950.4152301367893,935.7793210050058,921.3577065781341,905.9497076571372,890.7683414402765,874.248890223357,855.5261378111605,836.5166034837786,817.8984479528827,801.530325978515,790.830541873222,784.142417420022,781.1104040777118,780.6677719130275,781.4929058107969,782.3675052574359,782.4992392107077,781.7256738309442,780.9202365502487,780.3599353487781,781.426412649469,784.1302944469509,789.573270662139,796.7481867722557,805.3683078174168,815.559710212033,827.8738503609649,842.7236201484507,860.0394462984513,879.1535356469743,898.6887588915055,916.2404288506551,929.7038057527591,937.4731788429505,940.4379967227451,940.5394660195117,939.7628222068735,940.8938003790098,946.4081775369079,956.8421070976661,971.4434907219544,988.8251181557898,1006.8050507553891,1022.384457395311,1032.3514693952802,1034.600859098508,1028.1584856071609,1013.7016645496782,994.7730243013751,976.8129660410337,967.1448187761652,972.536716509051,998.9554959131696,1048.321216670532,1119.8223655045697,1206.7949277398914,1303.3197211557697,1408.9169792748814,1522.3670815443131,1600.8066411861184,1639.636634482846,1639.861816232761,1619.9629387366485,1589.1590376262923,1602.9755506384975,1666.498166520289,1749.1457648052808,1820.109254956457,1852.4575474114554,1830.0921514821587,1755.7274875104106,1649.2832064126806,1536.58442773
15kg_16bpm,2CA,1546.46379775,1425.578832361817,1288.05813629,1157.8638145680127,1065.53672307,1024.866490149023,1035.17224996,1084.5180047565432,1158.43783863,1249.0469967107288,1350.41342496,1445.3470694192995,1513.43522175,1551.8159460894449,1567.87212674,1571.7307575608268,1572.0264061500002,1573.5655340650644,1576.9724072700003,1593.281166962083,1600.27067342,1597.2392818366284,1581.4903853900003,1557.4458817119837,1528.02225035,1494.99942460898,1458.4668488700001,1416.9204423823214,1370.93493385,1322.9189187765523,1275.4488113700002,1229.0784411532138,1180.8367336200001,1129.776979137589,1076.81005444,1018.5627900371676,955.4627491800001,889.2085651997036,820.88355269,753.0438505807498,687.1099639500001,625.2897744700603,568.6173803800001,518.430964754864,476.26713175000003,443.2340016820088,418.17038782000003,397.1620239006815,376.22838836000005,354.4293440950548,333.5350882300001,314.05759712147074,297.13434168000003,282.6278914922178,270.60588643000006,261.27819816070644,256.19494824,256.93007147354774,264.1875798,277.5634015148117,296.01006434,318.7512406562443,345.15262227000005,377.4073433042338,411.88338971999997,447.2503375786008,480.810789,509.9239857210297,537.49161914,566.0923598216114,596.7694896000002,629.1887767389358,662.6579081000001,695.5450826524817,725.38386172,751.1929454882713,775.26660608,801.9786456286589,837.4664838900001,884.0064370639703,939.4512543800001,996.8646120023914,1044.91242892,1074.092146600431,1077.2466706700002,1056.479430498944,1021.6233471100002,989.7265645432268,975.10333924,984.6173704107671,1012.73061151,1047.2781236931412,1073.86927432,1085.831608694644,1086.6300175300003,1087.000430909122,1096.8522437800002,1115.6674350334984,1127.28378882,1106.0753260339698,1035.76592298
15kg_16bpm,3AB,1011.66933668,935.4395878316178,864.5667910166717,805.4163805349068,764.3378472528108,750.5191584697346,760.1477419808983,787.8952025308712,823.7791497938546,854.9528118522271,869.4049776505717,862.7420293347453,837.656786947037,800.8129637699695,758.5641532734293,716.4460749590789,672.8472824912151,629.5327248452115,587.9074677867584,546.0904641255362,504.3513108759389,463.2671604107714,423.33687357816194,384.34765220460963,345.838233768699,307.73980106427746,270.69871588579036,236.06490515261302,206.16894727913112,183.84413648183525,169.07555069047362,162.67596889392163,165.20011525654044,175.96986471374024,195.5331774296368,224.51295941776806,261.2407045908176,303.3518869094887,346.6713314352194,387.33081120797294,422.6968436418407,451.9722099785262,477.72289061234267,504.3823072603768,534.9164052398249,571.5813400873185,614.1800809363186,661.5463502732687,712.6076173794186,766.378244250895,822.5283518400001,879.8411926597425,933.8864045632887,980.596049730574,1017.2825963956409,1044.406738965993,1065.391042167527,1084.1070676387012,1105.2873999985227,1129.6821591968376,1157.4166709811955,1184.7630317358671,1209.3567692701251,1228.1917616567723,1239.9155444990324,1245.0638191658497,1246.980121183521,1248.3010338032343,1252.0690791488612,1258.5866053957313,1267.2778160241107,1279.1452598694616,1297.8706633528022,1329.0449132075212,1374.7950747480406,1416.1681386777698,1443.9380257382509,1451.3389591013602,1438.3034284858893,1416.0079858201448,1402.305993442706,1415.7157787043457,1467.862828608896,1557.745351191616,1673.47452358961,1782.6229156676413,1850.7278391171064,1846.0873907496316,1746.3881177709713,1596.1024411834605,1461.6778396676125,1397.5705762751877,1436.9210995767523,1580.5606970528063,1798.2852124843212,2060.5782589007185,2179.377610133488,2151.1536383291586,2020.9163819079572,1792.4761886914373,1582.71167485
15kg_16bpm,3BC,1646.64239742,1558.3407359741286,1455.9302872015749,1358.2291470551552,1277.0718630027857,1226.0667646502316,1202.3412274406337,1209.9478523357132,1233.2423384370775,1270.1666204975447,1313.056988416941,1344.1149203101656,1359.8976655768329,1357.2089986260164,1339.3771375152085,1312.8931631622074,1282.6375398765213,1253.1710823013245,1231.2590197178456,1215.792328030619,1202.1236143555236,1187.750096383309,1170.369628120232,1147.5442887732179,1116.1664485500405,1074.6602588800001,1026.6353527232782,981.6596792466205,945.2987296611611,917.570977329148,897.7261767290041,885.2587286784761,876.6788679073828,867.8809285522007,857.0286150538079,842.4382932802797,824.8990077046371,803.9713327969642,783.3963264351095,762.9820211643558,744.5105476931535,730.5276570361423,723.5015967703205,724.1296013571027,731.505797108827,743.6027606456239,757.7822318307931,771.3282622850367,781.7379446296994,788.794268013019,792.67461566,795.2030430351217,800.7908575118867,811.052633455003,826.2178973708608,845.9682907769901,868.6399076380771,890.9760409191736,911.5274681505814,928.9008278791385,942.9382730267555,955.1336910051547,966.9740566916555,979.5964951883875,993.2632047066004,1007.3449200760318,1020.5636916248337,1031.782841426206,1040.4792515557804,1046.8096667021443,1051.8291865844008,1055.763203440441,1060.154365875774,1061.8810049282363,1060.462621115565,1056.0861830000001,1050.7519763129735,1051.5092850885028,1061.8443778786104,1086.3853783252423,1129.1723929000896,1189.2673491507644,1264.9395255422803,1352.800303029586,1448.0127682604057,1530.4875986389127,1595.1800321467185,1625.4032458579939,1629.9357662375207,1620.9530923221962,1616.8296145591032,1632.9385054667105,1680.6131433846674,1742.7615911418818,1800.1812817154346,1829.624102076457,1819.4883567762733,1772.4277493247444,1700.712099384986,1623.7074707657396,1552.41378568
15kg_16bpm,3CA,1652.58710391,1546.5875421693613,1422.2447443191334,1320.2096091233368,1244.7862602374473,1205.7871319109368,1208.798020250444,1240.6363110076372,1295.3345185985395,1364.0780511407413,1439.3968734514765,1514.8283234728272,1565.6211685468477,1581.9037176705338,1578.1106094701574,1562.334779855352,1544.4076295849454,1526.6264371305376,1509.1290646956068,1491.9946540289902,1473.046283031482,1449.1035744182243,1418.0107111058035,1378.9504820616514,1333.7890462444675,1283.017353873259,1232.409605928616,1181.9550679879842,1134.142001289738,1089.5919412461183,1049.0790928395145,1013.7114039077338,983.2966780421011,955.6311334438385,926.9921249786645,892.241962367289,848.8041312857174,796.4740112043462,738.1265333646526,680.0046084515686,626.6115886705062,580.4390282615695,541.8239120277493,510.6119424655994,485.2606844518991,463.7247779067102,443.80324946182077,424.36253606163825,405.635556720566,387.8954035850853,372.16256399578265,358.49955376935765,346.7576397641946,336.3730882989978,326.8109183375116,318.4905770045215,313.136726666893,312.78217708064295,318.41774308865206,329.9198073347475,346.6349841788349,367.51358673528057,391.0019570011917,415.55751486290796,441.0118311134752,465.33039527623606,488.09509914617706,513.1054915371934,544.0266237373834,581.7756371762738,623.8992548543824,666.4069592879079,705.3063559873588,737.9038380146169,764.0829377952082,787.4893731875286,813.9884625345574,847.7648933579026,886.097088756168,925.3066389646864,960.2152886904322,978.5853334573823,975.2157824331792,953.6387695807315,923.6388386502438,900.0772337399108,895.4262999097997,916.2789656180627,961.2429920223482,1020.5011116769641,1080.1597509416342,1127.1548920272944,1147.0352429768252,1133.68749587761,1096.034178421556,1050.8219128194164,1015.1933207189536,995.2978209630423,984.4462980731048,967.2710206046829,927.99512211
15kg_16bpm,4AB,1108.95875667,1047.827290666369,988.9063015390219,939.5629099978386,901.2409757718607,869.3041377524393,846.2998556480488,828.4932851154057,814.8965378044724,807.0853970290455,804.9305749330368,809.5974982542573,817.9866713684338,824.0990908984263,822.691692440938,810.5680908151028,791.6913958181999,764.2843473181448,724.6932844453883,678.3135849990558,629.5367026844203,580.2616683294921,530.9313422154293,484.46842626787685,443.2330381574884,406.65164102094224,371.75528628742785,334.6858512680275,295.68787162404857,255.8706743997655,220.49786590491888,196.87073832436528,182.69161656354848,178.86173262193375,185.79662629475823,194.6552215177329,207.10590835220805,226.9463716871918,255.65801730919284,291.0244758162797,329.3717749923991,367.82255637028584,404.6749646165282,439.0873374368673,472.85894537605685,506.3516780023683,540.989313074957,578.3072805918466,619.7260762114794,665.2707401848401,712.93471757,762.8193014268957,815.5318302048844,869.9588631818473,922.8078534897866,970.3094090802066,1008.5490902950379,1035.3426930727987,1051.7448008975252,1059.8108162370165,1063.8375012046622,1069.6369800883756,1084.796059312023,1109.7600374709891,1140.0437903831157,1169.018552163891,1190.0011438246574,1200.9416020680258,1204.338149538267,1206.0642132512587,1209.0447368075622,1215.6574852673302,1226.8700795377729,1247.195052878546,1277.1492869438212,1316.764249925094,1355.4645346421307,1378.4153714920851,1377.9293864899169,1351.9311668364103,1304.8982763209754,1249.1790047227705,1201.91487363252,1180.3046147049347,1202.2354967491844,1280.6901698878203,1415.3853384475228,1592.2550553380256,1781.3397938013902,1960.0984064108313,2065.322533978189,2067.887783434163,1999.8889669571251,1921.0057863268419,1889.6327568700485,1926.5621675810971,2003.6851702947442,1999.9806881584752,1881.3540967803785,1658.5580172113725,1434.04867824
15kg_16bpm,4BC,1487.46654054,1535.689971858038,1627.048845726712,1744.1960859578505,1848.2978200550533,1918.6324061372552,1911.7944033777821,1830.1165364820138,1721.8153251815665,1539.2290797046974,1361.8942825851125,1227.8892613427395,1140.3775890766165,1115.2175543121198,1148.0225144772878,1203.2517848518316,1263.5662309899353,1310.1951741746961,1324.7530109854185,1310.5334452476284,1271.3262075158584,1220.2819274202334,1175.8766209177081,1145.4502468118471,1125.447377387994,1113.043285915498,1102.1446543947916,1086.587749842126,1064.3939965821244,1039.1360804565577,1015.2237572937526,996.9483486807321,986.9287597451099,985.9644364512684,989.4321079275209,991.473150920084,988.1040586180706,974.2518490938616,951.0876244960377,922.1822200627483,893.2625157844566,865.6714497388218,845.3151476288167,832.3916358714805,827.038791413072,827.3175815999907,830.6916027465762,834.2427288002793,835.9928585408793,835.0268118030765,830.16157083,822.4021555017839,810.1303151691843,795.4103710119518,780.6028788190848,769.3998440005769,763.4199645972359,764.8130981951808,773.7179874132094,788.4887419951582,806.7453952769879,824.9572688699349,840.5581561990953,852.2826869572509,861.7207336480099,871.0721042364573,883.1301139770529,899.8224269642267,920.4254096727375,942.8064644600371,964.4181580484391,982.1436782819117,994.1759354029475,999.2935018769314,996.5388250577678,986.6194466008504,970.3093544431009,950.6105560637023,931.939492612229,920.4373594200346,923.5864832659672,948.3549967437966,998.4400951611601,1073.4577219329126,1167.698309912373,1267.6095195748092,1360.9116716302817,1455.1118822063545,1527.7849351655846,1565.2123944546063,1574.0095323121275,1566.829796583461,1559.3431451761849,1580.345106104681,1691.033174072642,1813.944439890133,1910.6020182364173,1937.3566795185106,1883.3166512176026,1785.6194627080827,1695.56201577
15kg_16bpm,4CA,1472.50584787,1268.0606472555562,1087.73020679696,969.5168565528503,932.9239073955188,980.4230390018253,1093.5159616378448,1237.695110431209,1388.6881783492936,1527.3752369560523,1616.5539105315788,1647.8671123335453,1632.155519037799,1600.62029066404,1587.7459318940007,1593.2090946603996,1600.0210402023583,1588.9121220034594,1545.0307404946363,1490.8289200024296,1454.2915936881177,1437.5805638901397,1431.1581908293267,1438.9508816002156,1464.78568616142,1459.4941903800002,1428.478383274287,1379.0944696443119,1315.9771182674497,1246.8072633053266,1178.704600913283,1116.4271769753454,1061.8915310041475,1014.8103870437388,968.5841944539197,918.5656887351022,862.2788665044677,800.1405662459538,736.7353973247106,675.8654503769834,619.8227141544897,566.969221387534,516.1477894477757,468.4621015645317,426.2655928947986,391.2249338064495,361.74375984380185,334.8382244783022,309.0420565074335,284.6115307267421,262.47044788000005,244.76012549164497,232.18419111895665,225.03218941585303,223.1955510394496,226.6040826729876,235.96700004438443,252.90984452134626,278.7897692965802,312.95334306779927,355.7496170062338,400.8681026822753,446.1168835902145,489.38158053785503,529.1726382323361,565.2366528787597,598.2438614770722,629.0919628922662,658.1280831339553,685.1921067537518,710.1227400035465,732.8960355715302,753.9836691320718,773.8907962942859,793.5730244670234,815.471927,842.7884671917304,879.7333765821328,926.9572073899654,979.308366373321,1026.0624422266192,1054.583815885347,1056.0714921920169,1030.0040519591773,985.5562808010944,942.7123169724903,919.1188310209908,926.0524801054976,965.0563183158675,1027.3265526771145,1094.4581224994986,1143.5972359429811,1161.5050197834967,1143.70909033528,1101.0754253815433,1051.6049220961097,1010.0186714040547,982.8083828189671,964.7374971095833,942.6185107534542,902.67229188
15kg_16bpm,5AB,983.58262577,910.8262301040104,847.7568938964855,794.5394570904718,759.91311303518,739.5038214965876,730.3030410855505,730.5104259421373,736.18574259794,746.093271160263,756.535995427961,764.637053058905,768.9025703748682,767.2586174447516,759.9092234278545,752.2022946748964,739.0086293859331,716.904032551918,686.4585664813111,650.0058473485027,611.7971262582406,572.7187442525416,531.5866815417457,489.5728878613419,447.435172040169,405.6065947100001,363.9607194078746,322.8088454048376,283.7083631550562,250.64001549096335,221.60702306416098,197.91967814466557,186.35405525684362,184.69599073823795,193.1389756751287,206.41837519181718,225.54844446918736,249.9879024905947,278.5263758843352,310.0430882526198,343.9558996061903,379.6600561817104,416.9385317903915,453.43043942431234,487.4002347944121,518.7883435319678,548.5697508856521,578.6685891127753,611.3334140374145,648.2199720950257,689.73137092,735.4877971725438,783.9556853126953,830.743454617836,873.5032283667116,911.4735334247069,946.1389511400499,978.1473584970786,1009.4730079901954,1040.4068629727547,1074.8799806908112,1109.7960101290435,1144.871055357686,1178.4194461392963,1206.6716761443854,1226.0290263525894,1235.1821162623385,1235.9337013462844,1232.2779542681762,1228.784198464136,1228.7929930647722,1233.544204014797,1246.632951568305,1260.7842088922523,1272.2987003095302,1275.6760265300002,1270.3662605256495,1259.2995002383914,1243.7828030540772,1227.6430514808476,1220.6702238318394,1242.6451015787243,1316.9619887805593,1452.332885989552,1646.220004770816,1891.6109474625657,2174.416486742214,2370.700590353316,2405.736226000221,2276.6750750954207,2040.7008725934977,1829.7620021399555,1729.623824386807,1759.720687997962,1870.1578770606884,1983.6918651467583,2030.0463396081248,1959.5579282355848,1798.8029301952047,1612.8147237729365,1439.34564209
15kg_16bpm,5BC,1662.73645065,1655.4657444072234,1596.4766109375448,1486.7814691564683,1364.1937057846885,1268.2038466654928,1188.5676269668231,1141.4691141563114,1146.5944230815264,1176.2201367705156,1222.92488978312,1271.2328808363693,1302.9983958492817,1315.7464522772411,1310.791512762971,1292.1218185330426,1267.369812115273,1244.2241743320387,1227.5944799336994,1217.1422122108158,1210.6508113550096,1203.3758140993343,1189.701854929418,1164.938968448945,1128.4069390695402,1085.0366259648647,1041.795723482985,1002.3734224704357,968.653873153777,942.922261966956,924.3598168898621,911.2460563916221,901.3034647372054,892.0687722817402,882.9026710493608,874.3217722407138,865.02376804554,856.4439764651094,849.5534719612269,842.1869460855594,832.6954251717266,820.4431876609955,805.182625147019,789.1161955524752,774.1787061859329,763.003645381549,757.9867972955029,760.1396356994172,769.3543087978837,784.1071991565196,801.7004972201129,820.0755434829846,837.9866008779596,854.4146079784904,869.388477619069,883.50874160147,896.7923687015611,909.2051278265596,920.2833214238867,929.6052901928279,936.7890770962151,942.1113952972689,945.8615642305504,948.444945313976,950.7512305205253,953.1647290829131,957.1096222616109,962.5196771164584,968.9156196237943,975.40560906566,980.9867259266636,984.3991760803247,985.3026137392064,983.8532927263294,978.3528293155741,967.651974458738,953.607514302761,941.0200847630307,936.2500338463113,946.694667991581,978.3725967899587,1033.350335134136,1108.8827588693182,1196.9016210404739,1284.5108762705138,1370.2298337863713,1458.7589595642532,1513.269519762939,1523.055341942161,1478.444614349227,1398.4690951261557,1311.311548437276,1319.4179709352018,1387.4548280269719,1514.4770610536348,1653.6472476698982,1779.2448759820604,1852.7938131649028,1865.189537388592,1803.1502517796685,1731.5814891
15kg_16bpm,5CA,1227.63210628,1141.4677171140997,1082.0687415643638,1051.6393909172978,1050.6917077220241,1082.2763882114386,1144.7587955856218,1240.9318732514191,1354.1288314429125,1468.640292905749,1564.7338358303837,1640.7715297336347,1681.2196517382217,1700.456675163357,1703.5548329839605,1697.4658165151004,1685.46228338289,1664.0623809489514,1638.4277347249856,1620.0675265588714,1608.3800714690392,1604.0432766230872,1587.2987991270468,1558.3883598844682,1519.304430279544,1470.6958084137098,1413.4368657752755,1353.7927520219775,1292.249490925162,1226.2142916840917,1155.8514958662297,1081.8040318863082,1007.6980669209784,935.4715787759859,863.3460651633226,791.6161426425734,722.4839018791002,659.5129597203081,602.9586027954592,554.0715630572262,511.0732239623702,472.81969516761393,438.48874013169643,407.5951909071657,379.8391572784102,356.21746951315083,338.09429718166683,326.39370455799667,320.7522750587767,319.9226499565317,324.248290268196,334.0274550256092,348.0565182520658,364.18667421962476,381.50442443089537,400.6235463764252,422.21465099116944,446.25167962614717,472.10725958548375,499.36454972853136,525.5464453293783,548.9948283951433,569.7560742479797,588.3401027717948,605.6283938068606,623.2053308664508,642.5507566564901,663.8935424028507,686.053729995714,707.4848751457004,727.8620002745408,748.6083150468513,771.0112489324118,794.5022073339373,818.2174007247128,843.8133868834094,875.5396045967198,921.4324351069147,982.5613119497227,1050.6913076852356,1108.2066968137888,1137.576648563191,1127.773915169079,1082.558867245858,1017.7390831226247,951.9019887209101,903.0793896939284,885.6401182008243,904.474448453921,955.8035244730296,1030.4616937789544,1118.7147121390879,1196.838096778905,1248.2551717840147,1263.6771142335624,1241.8398060622076,1193.970586823677,1134.1813386237902,1070.6554695393695,1000.0451659849058,914.39810022
15kg_16bpm,6AB,1151.14530444,1040.577187275986,933.601341803793,852.1159004820571,804.775359760191,788.4541840139668,794.3670025759287,810.8847179261207,826.5422497476696,832.8522709922507,829.2023378709135,818.1412545670235,803.5419928156109,785.2734113060734,773.0597468945733,749.663073080746,710.7886708130733,659.645592324677,601.5071228898877,541.7994808306805,484.71715013294414,432.9418885502873,386.7391085346167,344.06274912559434,301.95405673014113,261.6650487612887,223.89827749742918,192.07820428682487,171.74833029537675,162.36971380639608,164.17916822080494,172.41100653712888,185.8105167250205,205.61590614736173,232.7545634169405,266.67297984305316,305.91633731022785,348.3179111298046,390.95899939929376,430.8729843672618,466.28324781533155,497.545958955231,524.81093302828,548.6481244093725,570.998981175921,594.3861872051585,620.6922111075802,651.0659321799319,686.3706819704818,727.2484882309654,772.5701993174279,819.2339159638409,865.4130585722262,909.2230407425592,949.0683982762924,984.0495144670946,1013.6348904749385,1039.63243312434,1067.1823141869888,1103.1329601163038,1148.480602356286,1199.9901089706564,1251.4555685127607,1294.9961408708891,1325.565276989825,1341.6768319972664,1344.4388607293167,1335.1039412667096,1315.4915116315797,1287.8330908331423,1257.3769115990772,1233.3421617388356,1230.2588531202634,1252.1312656758605,1290.8027589794488,1336.5839366915927,1372.8716368477228,1386.672774025404,1369.1743087630741,1319.2225311850736,1246.838945919644,1172.2305136026253,1116.2519004285234,1094.8900295084234,1119.5156880169143,1194.544449430067,1316.7789778643669,1468.533457012938,1626.36537189281,1758.160619593642,1825.5336221017817,1811.5794347245146,1738.2167977409156,1673.5016005085724,1680.4685502906982,1781.693003159086,1980.5002362391044,2062.577436610938,2010.3965163467062,1853.4536108334316,1677.71087801
15kg_16bpm,6BC,1649.03052218,1579.5012127283603,1534.8815353839902,1505.8537128285998,1394.6029614785855,1295.4532129296877,1204.649129997091,1151.6694084703795,1145.0294514500335,1149.705767029975,1167.6071266756396,1190.8425650428333,1206.977415338206,1214.1296091755728,1214.6234622529591,1207.691904854518,1195.5565018946556,1183.8189977861025,1176.5434115880805,1177.8578731736454,1187.5218052833466,1195.7055144319474,1196.3357759873204,1186.169961487058,1164.3604694951339,1133.0831346678249,1098.181063430268,1067.6395798151218,1044.116933146329,1027.4713578653998,1015.6757535339889,1005.4664834164585,992.9803210101194,975.5984308465904,952.2866265632081,926.497205551248,900.3601874659296,878.4139306210612,863.3533957372736,855.9218442582186,854.8676387478114,855.1978332307307,853.3858500288928,845.065842896952,830.0166882513556,809.7311383497146,787.5398209839152,767.8627365304347,753.9898631823809,748.5728343371624,750.722023436018,757.426889832871,766.3770098055987,775.1596255454909,782.5532966405427,789.5398524169025,797.0870193246702,805.914830981167,817.9806496934171,834.6911556955894,858.2608744654688,885.7530503723017,915.5962643044655,944.8958532981098,971.7269805510485,994.3717364266246,1012.363013073085,1025.8427772244468,1035.547402717877,1042.8130862080004,1048.8071219482817,1054.356549325323,1058.575516157077,1059.613553426187,1055.219619368263,1044.2973632928831,1027.6697821221037,1008.999784446338,994.8148319989781,993.1301201363117,1012.6548569856741,1060.399947306751,1137.7519795752428,1237.4540153586267,1345.368347450479,1455.9667276510957,1565.5018529699369,1634.0567255312897,1650.5251819423968,1613.8288934010907,1546.959696412313,1491.1011558831344,1515.895903111651,1593.1709278402222,1712.2601652201968,1821.356099935305,1874.0165551597668,1869.0162585648757,1793.844518980025,1678.206632728038,1549.96480083
15kg_16bpm,6CA,1332.02255169,1129.8036840283357,949.8458813351514,820.3680430552554,827.7935340358454,963.19609456,1151.8114437404708,1332.9855607235893,1489.4137474391005,1562.5091573859327,1571.5571626800001,1544.5630440702107,1510.5179166569103,1482.6092832209372,1464.5099903829612,1450.2487651100002,1439.4352857591816,1428.8449931797088,1416.0920013017014,1411.5754839627882,1416.9088119300002,1425.9043387118943,1427.1149794634728,1411.7431282957573,1377.802794763053,1329.46838784,1274.8315679402904,1221.16553464281,1169.0081814790963,1118.314384748253,1064.81773095,1008.5409474533063,948.7312944329933,885.2183576494872,819.3131455061656,753.5020389100001,691.4954858195498,636.362028232114,590.400386230269,552.5310273378204,521.2136664700001,490.30328972998956,456.75522948865586,421.14228898264207,386.76918068807277,358.21051857000003,339.4290730896544,331.99171031139457,334.95242796118964,345.47117200690656,359.05800478,372.1183967663718,383.06252958533736,392.4035922681809,401.98625833813975,414.23239575,430.6428041264719,451.2944233988689,474.8363383864445,500.0798123786123,523.70850313,543.4814928954588,561.1093681668907,579.8074478845152,602.6168344721024,631.02572057,664.665114345868,701.1183250370625,736.3709455881409,766.2984641856403,788.64385632,804.4205656617429,817.4055948280271,832.5775107821721,852.7590575160505,881.36523536,920.6643315542472,968.9627839098162,1024.009066110179,1080.4979792351087,1128.37473284,1154.470464365364,1146.9135780165566,1105.1867733878448,1041.4104626250821,982.5019665500002,949.3326113397428,957.306961850976,1007.530593908419,1084.2944975886332,1162.9983438200002,1217.9050479927073,1230.9423542876857,1202.387716488797,1149.0382481601769,1093.7217945200002,1051.2165828136854,1019.9677599278464,985.5459851000267,931.6753204747613,851.56873054
15kg_16bpm,7AB,982.31672344,879.662189509483,796.0639826999277,735.4775797404543,694.5398531375982,670.7231207687361,658.7171377113636,654.8418395744139,653.3098667946124,651.3550966425237,648.161562678519,641.7522730866949,628.7089313742862,607.1227590697424,585.0528443334703,556.9686345487138,526.5694781113519,497.2727936657082,470.4947242519954,445.1102090165288,419.5155194133363,393.4579490129229,367.57053502791234,343.57579803516813,322.3940549383571,304.69046567585536,289.9026303786272,276.90923086797255,264.50449674705123,252.04586471409073,239.20844420954054,232.50988042617877,235.44720093653206,245.32308829568166,261.70539858205507,279.5573996099795,296.6079953940415,313.6233347111963,332.3423346148581,354.58133860986743,381.80947142975396,413.71010428833233,447.7709537202703,480.55136269236726,509.65311883131074,535.4686606365361,561.3855317198445,591.1145100718084,627.1206627262925,669.2544850553554,714.966361104245,760.4798273607889,802.4145342864306,839.6143476149613,872.4611190553022,902.1153981338073,929.6503198708549,956.1925261142707,982.9965316657814,1010.2492362200107,1038.9963038298113,1070.217574321562,1103.3250657123094,1137.8389750712827,1168.4150469075341,1190.9303312080365,1199.824705930246,1196.589496747269,1187.9456491152396,1182.6299509642495,1186.3112733671423,1199.6867824038493,1230.863272228622,1273.066603375758,1313.9422037427053,1336.9464654555197,1339.2412909212392,1323.4894431130142,1294.3745110979237,1255.5625563847093,1213.8225174623249,1177.7808948201941,1157.9100284508386,1167.7786050643538,1221.707074240431,1328.8400532506075,1486.9834193664517,1683.8943881880525,1895.735962504231,2075.042880779644,2151.4471614674057,2115.700696493219,2020.731227397656,1926.5998015177825,1893.7993512448854,1898.547118349643,1917.4036294937123,1891.2994308567436,1764.5002464349602,1567.6231110112635,1373.16250743
15kg_16bpm,7BC,1463.47716292,1507.3248667322816,1560.0022487769759,1633.0167645247918,1712.7599612136748,1773.8420565772904,1816.9522394003557,1788.287341330692,1704.5593440641635,1596.703271490174,1427.1492267176195,1261.5921776554674,1132.4019131599316,1054.3126206571744,1037.2242443309171,1046.8563901048017,1073.1114870882293,1103.4490916201187,1126.3097948428513,1135.4541074647386,1131.0442865923944,1117.7447367962955,1103.4484315321238,1093.6552608961356,1092.9013663513624,1100.07997265,1112.5448357762111,1126.947784124917,1139.3848690739176,1145.5365658811618,1143.704003320485,1133.373302917943,1116.0197038405092,1092.9797973604432,1066.7448026478994,1039.0300529113022,1011.9311502470956,988.5545512628302,967.6844827647052,949.0359297013149,929.2532315760166,907.1501509106838,884.9996267878349,863.5933603006547,844.2146114618205,828.4640303354514,816.4000604994028,808.1279004823174,801.3829461234981,795.3155496883566,789.3039498500002,783.0906371049047,777.7311165833482,775.3152193236677,776.4442225466935,781.7546196414863,791.29280466046,804.4928272866424,820.2520236351559,838.349897221167,855.4278370901391,871.3678836741391,884.9169082763759,895.3659969981035,901.9081473363084,905.439119712552,906.6629080929007,908.0779914717291,911.5255462263199,919.1332289638024,931.247206718775,946.498884651642,962.9738852456258,977.934296508371,989.081924664117,994.7854255400003,994.6796197860001,989.0252548719561,979.3896666310783,969.520290142123,965.3492552436134,972.4087512648296,996.26991427148,1039.9408098352646,1103.0239772514753,1180.08139616048,1263.587566236174,1357.3975774497974,1464.0645376945681,1541.606110929024,1587.60621156361,1592.6786099852663,1564.8989806833497,1524.130434012145,1493.8114647009634,1491.2229794180564,1554.324467653512,1594.2641610373641,1574.7801713115991,1499.0578639851772,1412.44780856
15kg_16bpm,7CA,1226.29893236,1058.1914629896014,941.3457074346273,893.2223575354883,913.2745022668083,993.3231379994511,1112.3215592594736,1245.204992850917,1367.225286309186,1458.9965263805514,1504.2677477721757,1507.7355170840924,1487.991084286285,1469.9132467781833,1466.092223619876,1472.671798455413,1487.382159104565,1498.0647176833054,1501.7500655098308,1495.7488361597486,1481.763298996255,1463.0576343536059,1441.3066860056751,1414.0169382913614,1378.1349446683914,1333.962113839255,1282.9125596672952,1226.4375417133745,1167.7860290376514,1107.598046578392,1046.5702802038331,983.7531240717498,918.6838311557141,853.3870271018533,789.9533944503283,730.6033428223241,676.2591806418982,626.9725258725969,582.6052892658909,542.2066300309248,503.8340247586423,466.94916608375604,433.97162210598043,407.7701164878992,388.8815026940617,373.743198208868,359.35336801931777,343.2564062027367,323.64214413306706,300.95165854638833,278.5027453218714,261.18752824682684,253.62268565377983,258.1965023667589,275.0610271272244,302.68810299466804,338.0280146992153,376.8593392033697,415.2037257708185,450.5128226235381,481.54840132964256,508.4451930418128,536.2405486885156,566.2685755448791,600.8573548790855,639.4011821344511,679.9336704352422,718.6459989407114,753.334248519213,781.658312097878,802.0365673671195,817.0921143704624,830.6096572697993,845.9490014272369,863.6861616668178,878.9329193204197,889.7738871342897,892.8153125345877,889.5478731481302,883.2066322627547,878.5705887416832,881.1569540186267,896.5213675813268,926.5398929556738,969.9467304009466,1022.6831346886056,1077.3047396425982,1127.6271455442607,1167.1931226163463,1190.6362139859948,1199.8451718514434,1204.4330209143095,1209.9716777087876,1214.8304577646866,1212.711001983896,1192.0252773058817,1140.9728402744386,1054.3845903147273,938.627379080805,808.2033789320639,678.50154965
15kg_16bpm,8AB,1043.05237875,942.2332805095265,845.6940173726597,768.6812947602144,719.9754028752337,701.6443760160621,707.9625538738767,729.6676010900384,753.203239676987,769.100494218916,770.6367197677552,758.047323862292,736.3041737546729,710.6508608293021,685.2304971242195,665.3742578596328,639.8571551824376,608.0553767073758,571.4935941904371,533.3132793680054,497.6830360593305,464.8071522990433,432.61462197948583,397.02326873212195,356.2865034896405,314.00750445,269.7011427512341,224.7839315435714,186.97713277807475,164.60778992457142,160.66044234324107,173.11864166034005,197.60250170085484,230.57766102308335,266.15014278218786,299.226486404409,328.0233408233674,354.07548316495024,380.44632720733557,409.56882658504696,441.85052447411965,477.3245742298249,514.4875476209801,551.2116261714121,586.7535226951188,622.3601824671808,659.7469073754642,700.0539131827417,743.3173745022603,788.4882077139712,833.3868361000001,876.0238811716337,914.0286677114375,945.4535018096707,970.092728534929,988.8534962808441,1003.2216030113868,1017.0043239053799,1032.7621695684818,1050.4537090549998,1072.1814030482496,1095.287218764739,1118.1274925973219,1139.299278909526,1157.253466212588,1169.2231062912558,1174.7571170048318,1175.4508971695282,1175.7976904458983,1180.5939275420958,1193.128590634089,1214.1333074350514,1250.3495366767986,1287.1623959518256,1323.2102487128866,1350.75716825,1363.8643920839947,1358.508835759934,1333.1304867449403,1291.439617436781,1243.6975097684779,1205.6213186622663,1194.9916657716994,1228.6671114839053,1315.4046211462921,1446.435366293668,1603.414708564126,1750.8559285794568,1852.1615238351037,1878.417124857785,1819.7302943852394,1716.5318487240188,1634.8155924603066,1625.9547558663753,1719.2246046577395,1888.6848884645788,2037.0640815823378,2079.597798912992,1933.5697430597452,1740.8530083439534,1479.01312433
15kg_16bpm,8BC,1449.31334858,1517.2161815628056,1572.511523592137,1600.3335586202888,1600.3593928447244,1570.1085611713934,1513.6709160146459,1437.5748501148475,1356.1039459241172,1278.6958584293293,1217.2360521189853,1175.907183546507,1163.943741499474,1169.700390597096,1189.230737634714,1218.7632289308208,1249.5101495834429,1272.447951834966,1280.3588933734775,1274.655993633691,1259.201461641785,1238.0740136304905,1215.2296073231037,1192.6132848372295,1170.2582191698652,1146.6327993800003,1121.0046093138571,1092.5610009132024,1063.0433856770755,1036.0059603038978,1015.0560106168593,1003.3589687162702,999.8951554978847,998.9956789466406,993.1425111470973,976.6206237308837,948.1237297786311,910.2846235578771,868.0757807093377,830.1159832925607,799.9951529015997,775.6909626571369,756.2925152131893,740.0704756806738,726.4791440333679,715.4056069628739,707.13531307077,701.5713956816918,699.2066349769769,700.073932282781,703.6708141000001,709.2130683423012,715.812824815072,722.9979020156281,730.4508642862451,738.3696057708729,747.5707786226693,759.577999211416,775.7147344854532,795.0233539477133,817.7152892691835,842.4222765069276,868.8294510939807,896.7685123959211,926.4009491447703,957.6417657381985,989.5026408827939,1019.1649723204512,1042.360518116551,1056.5603119438792,1060.2676087804894,1056.1274931928874,1049.0300347567631,1041.9136636936566,1036.2788954384293,1032.87065313,1034.075319260062,1045.6186385031347,1073.4856248353829,1122.4840620254545,1191.7257354163567,1276.0165605863922,1377.498318775543,1499.4690213562053,1600.5890424042223,1663.777644557062,1678.2089351591226,1644.5082911389661,1576.2778125810266,1495.381671690266,1503.4271249173987,1627.1497203563542,1802.9066418558775,1964.4072044410314,2034.768613201998,2043.147601106559,1983.7522672943944,1846.5021363079982,1707.0534643686,1595.9163110732914,1532.02912019
15kg_16bpm,8CA,1444.20834525,1360.3331019129294,1262.1743318080091,1169.790324754194,1101.4617759660061,1063.8940484039892,1055.99656173518,1069.392273347091,1097.9276202873762,1138.4164170514334,1192.5374933075327,1255.2457948654085,1317.0169233917716,1364.852130231907,1397.2603507117503,1419.7356692060557,1436.320795114236,1451.432153972226,1465.8108524969116,1473.8562224999457,1473.8162403719034,1463.371246457445,1442.9775010728931,1419.6058160188013,1401.2050411050527,1391.6398452236365,1387.1910302884673,1380.4726777541516,1364.5952732871979,1336.7893862421602,1294.7295996547514,1243.5026784391835,1185.9448851829557,1124.4255350772694,1062.8408682534312,1006.2376637611463,954.2567361306388,903.7955162023025,851.0624575868994,796.1070459161751,737.7798523127324,678.1030896323674,619.7343421811088,565.3222642122571,514.9229218474487,471.01226717754025,435.1395731506073,407.9574617624732,389.7528326066655,377.4282965614011,365.62982758364876,349.65281003586273,328.6034016546576,306.37493454721186,288.1999630026227,274.53005473927925,268.3126341995735,273.34961411475234,286.75689036874013,305.5364147612437,327.46051195133737,351.13545763637046,376.23483723811165,403.46972679256044,434.38075495090857,469.7365722382263,504.75770151249236,538.0680934846963,569.5097474184231,600.5604391439471,633.4963843737792,669.2851399681631,706.3930626552915,741.548880495899,770.805190979962,790.3711180952214,798.8767048010558,799.267618053628,798.4394124049819,805.141833567426,827.6827612144633,871.1890703516261,932.6080049015941,1002.9952290163665,1069.8921866260857,1122.0137768531697,1152.1494423898405,1159.398349192362,1146.5501822153624,1121.199669949881,1092.4271637588215,1063.7585187692976,1041.2446353157968,1023.0085168046065,1009.4684367787546,1000.2937286141309,994.2452491527472,987.615774278953,973.5654524440088,945.261525191499,898.21690071
15kg_16bpm,9AB,1097.98220872,1019.286025857902,929.2386564317746,843.8083717528453,773.4622360800696,726.3894739287053,708.2601710627547,713.9381676999415,731.2425012614797,749.3905487742076,761.9035018161403,765.0309762737368,759.786973068914,747.5410626108286,734.456290020346,724.869475680893,710.6132987506907,690.8753281623232,664.5968082939511,633.2953448611245,600.1937187079634,566.7410593045706,532.9574699294781,498.294450321046,462.63182989840703,427.5440649521294,391.14239777562847,353.63329372793834,315.3699967912011,279.41714349486796,252.39800130383585,238.28839728711932,237.66708302546203,250.93876378588135,272.5080772295259,299.3714541397715,329.65446752951937,361.22734400960474,392.0616095890942,421.6397756117143,449.1737995403927,474.7452462840162,499.6757559826951,525.5248092595172,553.839020208917,585.6972638717941,620.847109728636,657.6829936718539,694.8153367092252,731.2986343143933,767.0701330068271,803.2406551781909,840.2114988161227,876.9818409610643,912.7299405931348,945.5259228329245,977.2825998303027,1008.8494135391767,1040.129611568411,1072.39584114236,1105.796811531754,1138.6108161959758,1169.6538489839056,1198.0097673012,1219.3818119852244,1232.2648336030256,1239.0488421267416,1243.7318430505475,1252.8548972959477,1270.0877525381215,1295.8089829556698,1336.9647588211146,1382.5922974534758,1416.0911122333691,1432.0382632041647,1431.0812926054205,1416.5897986544817,1391.820515873271,1357.8477885602788,1314.300217813095,1262.6114230021694,1208.3442720587982,1164.7282952080816,1149.7822232225171,1180.3783923089977,1263.9594602682762,1390.401596990845,1537.4194125841207,1677.772969243527,1795.055102594634,1872.2468481908256,1905.2584292351128,1929.427779396321,1980.3473941117306,2062.0976395339626,2119.7216105915486,2134.5493692231057,2015.60750056416,1825.018426979437,1584.559805238433,1340.25298221
15kg_16bpm,9BC,1365.02235292,1257.5217422619146,1161.5860762104132,1086.59030941253,1041.318517611953,1038.1354342092677,1057.8364248670534,1091.6497393158995,1133.5677969433266,1178.9944189516984,1222.67431550381,1259.579413026327,1283.8845120609851,1293.5035123267396,1288.8560809206197,1272.4467282247751,1248.8594088682087,1224.9643077648554,1203.7953100557863,1186.0837133126588,1170.1216556976835,1153.536173955456,1133.3655317680248,1111.3021778273462,1087.9582927352417,1065.78515614,1049.1101321607746,1034.423323913683,1018.7045293876381,1001.8782356005088,983.9933134731997,962.6454743620617,936.9247022452187,907.0835262212338,876.9624844278688,847.3520263848072,820.6904432065252,797.7399077716497,776.6749943462479,759.7895941410998,742.8095718797845,724.9732303160432,707.599240463846,692.6170248315983,682.5629840599865,678.8889301845268,681.7254487384686,690.0827585537817,702.4162583431614,717.4989698714238,734.0873249400001,751.573887173564,769.9532935107823,789.7509947003186,810.544463535247,833.3884325016302,857.8047475284211,882.8397762377158,907.3103199944667,930.4418678291398,950.8293501745283,967.4171705212815,980.1147035364918,988.6091960091298,993.6468229676204,997.2227704220497,1001.4494277391046,1007.4617864873154,1017.8272753124216,1032.684958099168,1050.953103148839,1070.7061819326652,1088.5214281809565,1100.2906646977638,1103.9645588069575,1097.5220332100002,1081.748762281241,1060.0316012202204,1038.1955683486374,1023.7567730974173,1023.5110004674395,1043.463708655128,1085.8489522390216,1148.2971209243854,1225.8954216098632,1311.364106940606,1405.1884563484552,1496.0676126572155,1553.2903621070213,1573.3543893986246,1564.0827829362368,1537.1385525278877,1576.4485468392218,1664.2568515079943,1789.476274676535,1882.3967047990634,1920.724295537176,1887.8544246423842,1782.363464014178,1646.878497274239,1537.61968045
15kg_16bpm,9CA,1333.69980023,1254.3751815548344,1188.1069231660217,1147.1981438361393,1133.5823923105065,1131.4391402080253,1134.1496565546408,1144.1385440233505,1166.0386075923182,1208.7249999138232,1271.2920810207772,1346.1686049766167,1415.0538845222586,1466.6474949783424,1487.059203390982,1480.3345788996435,1469.8292952624463,1438.5003190984744,1409.9877142567798,1391.7991301835593,1390.016614108295,1398.8091608660554,1408.6961368950156,1411.9769788075055,1404.4406594658033,1385.5069856602536,1355.4237946616993,1314.3668985379757,1265.8827710120538,1210.4878061549923,1150.085748981765,1086.6611723279161,1027.6238084264357,973.9014901145786,923.8146816328784,874.1470402460924,823.5808398382534,772.7055820004756,719.5297716918708,665.6199974443438,612.2277295684888,561.3035786289662,515.0209136059264,473.45363159766583,436.68947907326054,405.3082042089859,380.4183430858422,362.7254589751849,351.6457675440021,344.88689145135305,340.50779305389517,336.9252070748077,332.692435760585,326.8772184508995,320.20851982409835,315.1759561368568,314.5974522349964,321.0023186220324,334.79731634798054,354.61886280033355,380.9887862713208,415.25430548736085,451.3121521897022,488.64606100123575,526.7878594482376,565.5449722672947,604.8845795503925,644.7468108401226,685.1001267973833,726.04188304981,767.0239709975024,806.544710165278,841.5360501196681,870.6252252733584,892.9733849519946,909.5784315861256,923.5652218129817,939.2698256025197,960.9455490623982,992.2238318197252,1031.847833286716,1071.5541556528842,1102.416998511555,1114.4008334600708,1103.2565505993775,1074.4723691207719,1041.9685923568195,1023.8625011699551,1035.7320623419062,1084.5601392640397,1163.7885451264506,1251.3571751473826,1323.946822951621,1361.947508650336,1355.692328540335,1313.9700369649058,1252.3626884432188,1184.624828089675,1116.189871939032,1042.919955068942,958.66327388
7kg_10bpm,10AB,868.88862188,810.4646647148277,740.877974601074,672.8606066291741,620.4171183289492,597.2418184494489,604.8944125802709,630.2754272565719,653.0451161218396,657.1568687091197,640.634247539472,610.2824499051578,573.5712476371004,534.1080457991817,493.78979691059345,455.556588825418,421.0304456520926,390.42197747894517,362.74379767570053,338.25473793639156,315.82494776338064,295.8647890563445,278.265760350887,262.1952771849428,251.4667716707341,252.90176537918845,262.53816574144616,277.35943144308305,295.2111648806532,312.94657538667013,326.9295602528234,336.43253923567835,343.1076959085311,348.4473470439588,354.3841938510909,363.1067646826379,375.3527891439103,389.73489612662064,404.53066108032465,418.047894652694,429.71966980617304,440.28904087624176,452.0539282045346,466.0065908872294,483.2187450327574,505.4249997940866,533.3228280811553,566.3236865883505,603.2846366824405,644.8956051228895,689.19418145,731.3134935100217,768.0107241835289,799.2941832474459,829.7297961445815,864.862877819689,903.9175815786467,941.7874001329229,968.1085028615142,983.8894739009812,992.7776668656319,999.1669982224058,1004.6895078298543,1012.7693688601585,1030.102401137039,1057.9924260864725,1080.5470941566725,1070.2777744326,993.3947717434095,874.5494140562815,785.9917953316899,794.162417976123,898.9148205808258,1027.8177962380687,1073.6801733859998,1014.5606324185475,936.7627716665237,892.0449276159684,891.9174465719989,933.6546572247063,993.0832406997827,1027.9682641859345,1015.0301953045597,967.9047974628961,919.3710559947478,892.6698627256673,893.9132786397251,916.5826600753919,944.9110177329956,966.164599431605,979.2232037863618,989.8737729105659,1004.7322748695603,1026.4947001330024,1050.4755898992296,1067.3196614319677,1070.1971648364618,1061.620926995772,1054.0304367168667,1053.9290125237399,1062.08348907
7kg_10bpm,10BC,1109.2275265,1030.1477972194807,953.3275689160777,902.5969322060512,881.3094890068858,888.5687839309618,917.423263150328,951.0582823442754,970.0823574981595,964.1137145376601,937.7382884178618,902.3569097650976,869.3093704565681,843.892060047425,827.3449863748311,818.7891835399757,814.0245288852133,806.992431126005,792.1034185532328,766.7764837328597,735.9599726881445,704.451213199762,681.757387098886,670.8933784145353,670.9383629446688,676.1364493906065,682.6262835860866,687.6108581567074,691.1377378924533,692.4332795429126,693.6835514082818,695.1492977593882,697.1602593202786,698.8570613450884,698.6947693936532,695.995827103202,691.6865712641459,687.3894226871232,684.4955460559938,683.0446560905339,682.9293296642533,684.0305835291808,685.0632289939953,685.0704626581045,684.4342605176315,683.4532327760118,682.1761423021863,682.5279848136707,685.0999534411698,689.6320014516518,696.0057867148134,703.2925526036438,710.5479074249042,719.5963480107081,731.4357541689282,743.8441499658304,754.5920422772176,763.5594022929298,771.8607355545363,782.1586542928108,795.4085507930879,811.5909553736786,828.9734008042932,846.2703459594359,859.2066310337276,866.6131936463458,868.2254114305958,866.189733229745,862.4403228540906,858.9424341430927,857.1117294141312,855.7987783262435,854.7531504027437,853.6758519291632,853.5825876401879,854.7547199020977,856.6295794787994,857.4369626688799,854.6891140822165,847.2877938282654,837.6145677740117,830.179089901491,826.2984105525995,826.2984107314275,831.8004123148819,846.3764028467328,871.9718876202429,905.8788284478683,942.8124314022257,974.815090288637,993.8582908202753,996.9868740455779,989.5024549390484,983.7750138919461,994.211559800904,1026.9377209146394,1081.109418531859,1135.6955085912489,1156.4701046771695,1132.9582984187277,1082.72562232
7kg_10bpm,10CA,1161.93623735,1117.4477291465264,1041.6531337480135,964.7339305353729,919.9982000021099,930.1199489589172,980.5791140883271,1045.7710068496667,1098.393246425953,1118.6718900662206,1107.3040632754105,1081.907511058375,1062.4324752567318,1067.9304518322497,1102.2850963905391,1144.9530678642095,1168.6388551136113,1161.6991364846638,1130.6357414241286,1080.859267165534,1024.165596876028,967.7632251256639,916.374829985501,872.7546198338404,837.5486473104331,807.2401558779017,777.7022883432782,744.4260947875806,699.8678551714853,640.5024857093518,571.5762576343459,503.98834985278097,446.3093014521977,400.8752975527572,365.0632630614582,336.0162285973872,312.68852216581627,295.09259151484343,281.3619110326063,267.9722052131635,251.49631932977863,232.0676302974609,213.45059861366158,200.62934957244897,197.9977941509663,207.07029711894836,224.62162143323002,245.39826409955447,264.96254954489973,281.26128337056196,294.67920755562034,306.383771496758,317.83316705448885,330.6707511406467,347.04509887818,365.18130506930197,384.4726785974145,401.9961657959307,416.40519054149314,429.30032159135516,444.2383970029116,463.1318673026572,485.6034578531315,507.9145390846344,524.2625120314549,531.7512360583978,533.2086287332786,533.6382791340532,537.3299580051817,547.2422589163307,563.6880510364663,585.8743879697187,609.1936915572237,628.3487250410019,636.3480171799439,632.7045457276377,622.3509070755609,611.4923268864421,602.514372045596,594.5088216759156,588.3200204216221,586.0922632900551,587.5195082608975,590.5001890950193,594.1424888922902,600.1472799127145,608.4095573120318,619.5340225299675,631.7924535652148,642.523626217959,649.0127584945024,649.0528534392138,642.7457545096287,634.5430147052467,629.3677077524817,633.1886162839071,647.2463081673822,669.1000279332521,689.504236880632,694.7197780956308,668.99364478
7kg_10bpm,11AB,862.37799285,770.0130332396399,677.7858008547271,620.9282770065267,613.6666065206454,641.9235471308182,675.2141106444495,687.8696260685974,673.8893802124951,643.7541599751629,613.2757850525858,586.7118557843353,563.3474846202216,537.3010362156248,501.91872061651344,454.2682827980908,398.2462634366874,342.0466123840234,290.19694113828257,249.1756036418163,223.70888385000003,214.0337247504845,215.6506514267188,222.14944418191845,228.69458145595274,233.07378049105145,234.24475761551227,235.78877149585009,244.01138974183476,261.7037957228824,286.749644112658,314.71179279616956,339.1207559839743,356.5345421763098,369.91385432904735,383.9578288759777,402.0742238239224,424.5631884643035,450.9426845869714,480.0727400240299,511.95762546000003,547.3497468020979,586.0675113049878,628.3983528579755,672.2104919660688,715.335413031555,757.4241660021044,796.9288313530593,829.6940034233845,858.4255482817724,885.5561922554733,910.5814421128039,934.9094250878622,958.9967466088052,979.8690684057954,994.0651466131175,1000.5174705857178,1002.4572063237416,1006.4780661530385,1014.6862271022612,1022.2818954200002,1020.3478091088813,1012.4567405931984,1001.4826096420013,980.6470265343534,914.1852201677797,811.7484213316543,724.787817383915,744.8925167528914,874.1911342932852,1001.1319191654768,1050.6942621697713,1026.9565397775234,979.7490556873654,939.9804686243027,918.0798848791746,912.0437228912959,915.2652735647332,918.0692120439467,917.4593060289777,920.5686400100001,936.7347539175796,963.2697956915257,989.6439412017335,1006.4764367388688,1005.3036495916695,985.2143419011552,962.4506474360048,947.8532867469096,941.3133481167761,934.701621997747,929.036360020714,927.4050102299259,931.2293000209153,944.3578216049984,966.3590902410117,990.2018780342495,1012.4359677760319,1042.114386422182,1079.9894722778477,1117.9244193
7kg_10bpm,11BC,1156.85561796,1099.7287735247942,1028.3988838336593,964.1962856714865,918.2273361082232,893.1509624139794,891.5964750041703,908.8377052083081,932.3385912556245,948.7468917082113,949.34226572274,931.6640475567056,900.9411268069624,866.4281246382939,837.4469152888548,819.8989044462969,811.8614784690499,805.380511259738,790.4301512107717,763.4177291907309,731.3961623763745,703.927437237976,687.0119257016237,681.7546794126258,687.1244388153656,698.6177603822443,711.8810916340423,722.879242057941,729.0717810549876,728.9454459528072,724.3897638101837,716.204181036334,707.167665659888,700.8337529208458,698.5108213006538,699.4038560351756,700.5516374319315,700.1885646115156,698.5140739105685,696.8792075896881,698.010113938774,702.9815177200354,710.6852012725137,719.2398695939454,725.8243499864999,729.1131364140356,731.2696511306291,732.8735188470112,736.919060540901,745.1056955163483,755.9199288678424,766.9148487573217,777.098626174163,787.0414278891766,796.6610755248538,805.5211229327978,811.8504730479222,815.624008898424,817.8958236418823,820.1502556158655,824.1758846305376,831.2781605614291,841.0862897600468,851.0387717316125,859.5540476960588,867.0285610424645,871.2452225098698,873.0090921431672,873.2486041798294,872.8976951936864,871.7935585770188,869.62345585157,865.564045821565,859.9874013002864,854.3039563011719,850.1914591392493,848.2305292097467,846.6654592469736,844.0389281764255,840.7746142276228,838.8444020076101,839.9639133258984,845.5889002497377,856.5903669380423,872.4051112895651,892.3810976564009,915.5341088102633,939.3017032887411,957.5636933122299,961.1865227726976,945.8414663146185,916.1093701216338,885.5890444832493,870.8214965028146,885.5854138234789,930.6464790212663,995.4366122186503,1060.7057992284408,1118.1129650939718,1144.8502551545378,1120.78367918
7kg_10bpm,11CA,1008.10983105,944.75961166391,908.5120833984394,901.2451830186046,921.8690374,967.7272130427351,1021.3400141279959,1064.4425598166092,1089.4419854499997,1095.3363207078476,1095.4980999624545,1099.3936523760296,1112.02825909,1126.702714110869,1131.7608631547791,1123.0628877079419,1103.7198687200002,1082.0129418516428,1064.631952128211,1051.9680670094695,1040.18371556,1021.827644864667,993.1606116611358,957.1112724893194,918.5097572,881.9568877055408,849.7436059798072,821.6845204441063,796.8623031999999,774.091787632694,748.9016963190713,716.1344244225279,674.4504401900001,625.5647517635977,572.7919378581843,521.183623473253,475.91962548,439.23284136354465,409.1929454414234,384.0147696352552,362.87590797000007,344.5336738404667,327.2521719215587,309.1523431238801,289.97394619000005,271.834272841989,259.6226464490467,257.4674849283618,265.3115049400001,279.48077198502136,295.18931464711625,309.1309118935073,320.3007015900001,329.7283360516843,338.92707830503315,348.71860400481376,358.91070062000006,369.64561267975546,383.5978406256141,399.3016729123503,418.69758734,441.2905466739163,465.9741186537621,490.3838897789873,512.0699504900001,529.7487516918128,543.762189884491,555.7406782849952,568.1642963800001,583.0049527624589,600.5382308559285,619.5901818137239,638.1037188300002,654.118863661204,665.9930044334725,673.4422509624962,678.0869381500002,682.5199292891679,687.8798120255732,694.812496881067,701.91934558,708.3304909314022,710.3547879223103,708.761395880612,703.5679816800001,696.8272121136306,692.0800437072637,691.9760627088157,698.9226463600002,711.8970861285242,727.5282829335425,740.1034129860134,743.0023312600002,735.6305416277883,724.9038084089075,720.2207432163613,727.9718939000002,747.4700702410289,769.9010518716701,784.5627615407154,780.30950251
7kg_10bpm,12AB,848.24030284,798.2368009603197,724.0389154695617,647.742577536369,596.1139683839817,581.5242638977088,597.6822202938779,624.3216082730665,641.4150724266332,638.7998250470206,618.8492570153858,589.8207286397278,559.2179706646119,528.8068652215499,498.17947928913577,467.42165975634174,441.3627653389902,416.38425497318383,390.44477103361737,361.2566126303348,328.6609083902974,295.1017997380283,263.1291314742872,235.31063945485892,215.50026987180124,204.08000689403642,201.1347037064694,205.9459444440404,214.67947262210365,225.09761190793992,240.78247123019418,260.60967691462383,280.73038328406983,296.4119113170261,308.46957192221737,320.3519955309642,334.94292471557935,353.6607567621089,375.70000682432595,399.63618752135125,424.0296664186778,448.5124886397531,473.82246361916026,500.85618447408166,529.1015810871577,558.5739470001279,591.4965146711156,629.9404847419313,673.6620200036809,717.7458093094483,753.0943989300001,777.0748254862056,791.4223988822796,803.0468787714871,816.8388322836244,833.5783410853959,853.0915343214878,874.0169893365266,896.5145850558303,918.0475207634896,936.0301895115978,949.3374586204778,955.4468443456918,954.1553502237643,952.1795684541593,958.905255501518,980.6835498336137,1010.7781146629628,1037.7739008138942,1033.5487137324862,962.783619187144,834.51132541371,731.3281801842516,745.0492715332064,863.4891755236438,997.1344321916207,1043.4897722912892,1011.8011382799192,954.7841244154479,895.352329913761,843.4136397909122,805.4313173588065,796.0029487566211,810.6440272011889,839.1870202993904,874.3248576261166,913.1326211812751,952.9979700319554,982.9553286744257,991.352424975489,974.6184371368945,939.871604947438,899.2007590788899,864.1884811650042,843.3918050066628,844.0568895503342,871.3652845917119,919.7119207494477,976.390662017602,1027.2212571838168,1060.82813572
7kg_10bpm,12BC,1129.95054548,1083.4559100620422,1019.7624540725889,971.6972492267836,947.8982510695309,940.423560046436,946.2576007841843,959.2259552781485,969.5950654491909,968.943528139031,955.9748981080642,935.7105000687318,915.021122561886,896.6174093292813,880.310748800595,865.1143494524129,849.9553181001512,833.4363090729267,814.1288316001051,791.5578932400977,767.7538950272044,743.9698595250737,722.4021290542878,705.4253735720331,692.8004415105846,683.953336215863,677.9425981890977,674.3190794808536,672.6942059793126,671.6302764782068,669.6147690512394,666.0187284987868,660.7692083184481,655.224875444532,651.221092006413,649.7762023781733,650.5556511609811,652.0306012486934,653.1270791300371,653.4629669401177,653.6131798769975,653.6099586279104,653.7280114478694,654.3218011404266,656.0824233731071,660.3454675074387,668.5741604982081,680.6716462817632,694.8482242036969,708.0066832228482,717.9425782995285,724.7983133717225,729.7627666062363,734.3390813429054,739.5520285015045,745.480014511163,752.3078050550245,760.9627128769368,772.3634101486709,786.4527870180922,802.5934577204563,819.1577812215539,834.9158313162823,848.0411177930464,857.1146117265783,862.6472601882629,864.6423144294669,867.1261755498646,872.8908455036774,882.8909385833038,895.1731230611656,906.1918521135068,911.6707888709201,909.2893737853283,899.4572371306496,884.3152145989226,868.0983793525941,854.46149902947,844.9706948771252,838.5541788467125,833.3383577478421,828.3167373790393,824.47721033569,824.2840455874023,830.024475803934,842.9558023256324,860.9159116762344,879.9206852249675,898.9504376416621,917.7192379857496,937.1393031955288,956.7560160632811,975.7955509841659,993.2065381112553,1008.9651815051662,1025.2618226050547,1045.454556453674,1079.1717221720237,1130.9180822336655,1179.2637819171023,1207.70923391
7kg_10bpm,12CA,1054.76727392,1023.4686690777544,987.0690453062908,961.5098825094559,957.356353949191,973.2038202915646,1002.8487692353741,1037.7295105926169,1070.571716914143,1104.0989270213377,1137.976863675085,1158.4233902673532,1161.2295997147476,1152.550486218763,1144.397931398189,1139.457999916176,1135.5677957935352,1130.7658738860123,1123.1876311887968,1110.0429152805066,1088.5441401171258,1057.4763026935875,1018.7178915893985,977.35607177377,937.3423955428278,899.9084643900001,864.6320234980271,830.1269070701998,794.1861098539013,755.9350628700238,713.7756308264129,665.8682482585216,611.568193878774,550.8352917655765,488.86815891325585,428.8416150624163,373.76022331901174,325.70134773347155,283.4260962923039,243.0418209372869,204.91089751087603,171.41406264916435,147.56150862164444,128.25981854602762,112.82438623156223,101.74815399772041,94.57275479559875,89.36835547124,86.56769350361282,86.66371448949432,90.75041268000001,100.41327020013648,114.77943369595049,131.34587963981377,148.48809229667083,167.82799711484938,189.4380137214329,213.39884028140006,239.7804135682127,270.89444369626216,307.34976581887565,345.80528921361605,382.8123471771377,415.7032446619058,443.06390808628026,465.89875899780736,485.062311046245,499.8032121098443,510.0617064582835,515.9395599859456,518.3430037843501,518.9149125919256,520.4878199237531,524.8556342323628,533.5979288954118,546.9683289500001,563.3782288163111,580.8101802452369,597.9055977067537,613.8037431188536,627.193144290295,636.5801323316712,641.6583713408143,643.2900837425016,642.1402984720263,639.5720634856399,638.4850077313739,639.2830135900831,642.3288178086166,647.2022951825653,654.4568844349857,664.993644805414,677.442908458717,690.2880199891075,700.5255220178888,708.2237996463224,715.5189941090093,725.490670432761,739.5594901297617,746.6993612626562,736.25734886
7kg_10bpm,13AB,1049.50206034,954.1871231761087,845.8432685003145,757.0241956013912,708.2558052777347,704.3013193881626,731.1294871261524,763.714490203823,781.2167760957067,774.3119675199872,745.6728553800002,704.9710819254852,662.5732945699992,621.2180739615055,581.7780180207687,546.730048409554,516.8934127904029,491.06042531447395,467.161284848523,442.6997238342252,414.15559164000007,379.32985278486467,339.8405086500877,297.6679191217536,254.8095221509001,214.73407702316763,181.08164432544748,156.25014346487887,141.3824717590506,136.90874718742685,142.46181050000004,155.97530886369648,174.7229539032666,197.154326725614,222.43381067263476,251.3319198197112,280.879579606167,309.37143715249897,335.6910284833396,359.44197439531274,381.35334819,402.65226303313796,425.4825033617792,453.1562584188794,489.71237178811384,538.3643267786576,595.4831367084657,653.0766577506866,703.5158978155938,740.5147218958227,765.0843688700002,784.654012322085,803.5996643066513,823.7274344067741,848.3733751703335,875.5806972743416,904.6346124387089,935.1543941386888,963.2344601539899,985.9437501497323,1000.0963948300001,1011.7638478014853,1026.110193257544,1047.4130937238554,1074.7114812079446,1102.3475186492392,1126.6673771173994,1115.0930686440681,1045.8456098292352,929.9921714085583,818.0855114800002,765.3577826857003,808.5480200626156,920.8424486965487,1025.9703572053581,1065.4481634116025,1024.3685495007583,945.4404217212667,863.6656617292155,807.5470596422754,785.1838822300001,795.8735054590069,827.3318484243343,873.3817818888745,928.2410094828819,993.6255830683004,1070.0367389806474,1137.6030635373581,1176.6356749407234,1167.464672541747,1109.71846582,1024.1024407747493,943.3641316530094,891.0011251516746,865.3375549229478,886.2191089870155,957.1221335369631,1076.8899005927697,1213.4624587151177,1311.4097962543924,1339.40934739
7kg_10bpm,13BC,1027.34599705,1035.635569298954,1023.7430939584948,996.6745708766232,965.0777423825955,939.1298335536035,920.7607541558216,912.9893112201571,916.5269137109868,927.5413089223509,939.7093044000001,945.3714304830573,937.5250893998033,915.7146385185446,887.4854670182666,861.7090456028841,843.9663578287954,834.0576453945957,826.4770378085384,813.9588140825056,793.8791842000002,768.6050881810688,743.1027199675224,721.4109571130315,706.865080109116,699.0489071679953,695.4858828204398,693.4990994333117,691.109329026121,689.0849671057742,689.33590442,692.7909967568072,697.990603696516,702.9320910286548,704.6673719033167,701.4463958000595,694.7601170067135,686.8747437011584,680.3841799077746,676.4169017789701,675.0879932500001,676.625612775773,681.2575920758551,688.557777954559,697.4829282469441,706.5531114582445,714.3871575853603,720.0244952721482,723.1935103919617,724.4579090521768,725.3454115600001,728.5914799417645,736.2613710166372,747.6090658253397,760.5152484759501,772.4239081753193,780.82070329513,786.2409347209241,789.347771675083,794.5424591567714,803.3567469,815.2212713150315,827.1299081984815,835.8136355498063,838.7665624096245,836.7178824049967,830.5633820744358,823.2631518194855,817.3290911362784,813.6698047900821,812.3641960800002,811.7912128513918,810.5474747800743,808.9121166660624,806.788991749515,804.9026186701656,804.0792223009801,803.6105220595373,801.8461925703418,797.2167707447804,790.9842632300001,784.7924943731571,778.5209723759756,773.7758324798409,773.2437460686992,780.2346649225381,799.6365276512042,832.5029378740415,875.2478881753414,920.9405127666481,958.1230500899999,978.0479972015545,979.2565894408992,970.6722021162361,966.3622484174222,979.8389741049856,1012.1275551932935,1048.5087855064962,1066.5342808511716,1058.3056391853656,1033.45386679
7kg_10bpm,13CA,1043.57467386,1019.8720467845874,983.5778856328986,949.0310272522709,941.4306452092989,971.304081037503,1020.6399568128168,1079.0697354796432,1134.1877888536733,1175.402934096461,1197.98425885,1202.0255979681076,1194.8859750695253,1182.1072223870383,1173.0633832114488,1173.720654432819,1182.2547009539462,1188.7605475054654,1181.7287014775868,1155.9376910729025,1110.54611242,1052.9449853181518,993.2513230176231,935.8013521048387,881.2578558160006,828.413050376456,773.9768780676509,715.6002280600865,651.9663374742878,584.0795218103607,516.76699527,451.9938459612288,391.1034822563645,336.6227491877317,291.9152030169658,259.293793696975,238.0708671680649,225.87713564456152,218.26010982394166,210.2444697781217,199.58125389000003,187.05228561008175,175.2947219666192,167.69143250722772,168.4675945436814,177.66317995399015,192.29870250317683,208.68406482519458,225.54371873668055,244.39255059625464,266.88918866,292.0823560744953,316.93640200746574,337.2795631092054,353.37503544285863,368.4884115485511,385.5588529186931,405.33157822440137,425.7967639141603,444.4446142747425,460.05783929000006,472.5646985108097,482.50493372083747,491.25452392521953,499.94814955433657,508.676883626836,517.4573254507179,526.9241691497486,539.5857730824761,557.928750314648,580.80989141,602.9792234171074,617.6672408839304,620.3997463401261,614.9154773157894,609.9522142503414,609.0591391001147,613.0306698757519,618.8390219892228,624.1066465980741,627.13821876,627.3967908062078,627.3400814948681,629.617589165642,633.2061571111747,634.640708523177,631.4284755534438,624.7839803966177,618.4832235532767,616.3902897373142,622.9303535500001,640.0167039085649,662.4789556130453,679.2122014251983,682.238135537289,670.1491476865104,651.9487277678904,640.7791847632305,646.7649755310483,671.4330858043583,707.37068441
7kg_10bpm,1AB,956.49925789,902.6128845588831,853.8295614377873,824.0718627337811,820.6304219292522,844.8713988079412,876.8167599325033,908.0123900277287,925.5047640715759,934.7609764935298,932.1735006171828,915.6645311163595,885.4406477706173,835.8436225192395,777.1294812288958,709.9978353331464,647.1978516539014,595.5528440233774,565.605410173646,544.026709290484,501.86858731116564,463.466056283267,449.9974588349319,438.73524962985033,417.38721075784906,396.6536261750329,374.63027392554403,338.4036977814191,311.13801497660774,289.8742176770743,284.9205067447604,290.08044044094595,297.44018291102327,302.8123541347247,304.67195427366045,312.18278490039324,326.172123353894,343.2441785988086,359.8244639591977,374.32874264658943,389.82105728327275,408.9834364616229,434.0887480946879,467.8242085788914,508.87221243244795,561.1209262665024,620.5749863304767,676.6153473957247,727.3197369815942,763.5526839891862,802.25760468,845.8857290564906,886.7247810883822,939.2159403919725,983.1753825397867,1013.5341370595564,1036.1609181180145,1063.0741423784757,1085.3469429712713,1102.8109763358711,1121.1956856747404,1137.6537571954193,1153.370037480493,1166.8624936137892,1158.6263278945062,1139.6557150850415,1116.9082870708357,1104.9579644565079,1095.7612108436683,1083.023906065738,1068.7260471745612,1067.3265321082738,1070.962608405124,1081.5884876273508,1079.4887112292954,1068.7930392652586,1064.95129880374,1066.0928980530807,1067.620805802344,1067.9420314177767,1065.464893741945,1061.744206990272,1053.8757203110924,1041.5407255055002,1034.127857677652,1034.4151067307826,1043.5588018971891,1063.9759837798701,1093.2735815279436,1128.5569601574994,1181.0384661418484,1217.7932220089763,1233.0837597162556,1251.7684195167692,1278.440699505576,1326.158862617159,1332.8987227373423,1286.4394941531275,1252.3211085603791,1193.0172486467297,1185.3996558
7kg_10bpm,1BC,1198.91231267,1178.3487848773157,1122.7264221919615,1052.0754732804037,996.723133581951,969.6169923700002,957.3073630477357,955.8254548315329,960.4994635683062,964.5058450093293,962.1544928300001,948.7945569573885,923.1634308151631,887.7272192678867,848.1819324636832,811.4636002800002,779.8831158374772,753.04229838562,731.1248609068081,713.9980654397431,702.8844529700001,698.1035948144375,698.4771431870414,703.2981762416546,709.7016602483625,715.2566306300001,717.5252782125572,719.0869386133911,720.3810642408232,721.8435315983935,723.7938408300001,726.6063415271707,730.7738696631419,736.7154057646225,744.6280335205163,753.0760720600001,760.1848063198889,763.7761120458392,763.0076122782826,757.1404515169879,749.1336757400001,740.6247575602656,734.1305597483847,731.0792419373157,731.5300364050337,734.0503798300001,737.5725977989631,740.1856463669403,741.4244792593908,742.5158435936698,745.74421421,752.0532897102356,761.1704899782077,772.1761668835288,783.6366034031885,794.20589326,803.2584428048294,811.0729791708288,819.5327321719366,828.718148402922,840.00706752,851.3969573088287,861.3272241039765,867.7062299548221,868.6270850783309,866.2069945700002,862.4531571115245,859.9371936278685,859.9664460866155,862.0136550863576,865.5700337400001,869.3788063014954,871.6724045734131,870.6944080824275,864.8950760040746,854.8439710100001,841.5023410789678,827.566764811691,814.3618775218836,801.8600231888703,790.0378340600001,776.9643202466494,762.6792040811471,747.861171009594,736.2375654389664,733.44105777,747.2064693905141,782.3776829929211,838.6983654707724,911.7419667961602,988.75684628,1055.8954830293205,1102.1737262399831,1116.7788003587596,1101.2521780103875,1070.92571587,1038.0450010028808,1011.1572928845914,996.8374347453491,1003.451713679962,1028.14351854
7kg_10bpm,1CA,1150.31318057,1099.2143789972813,1057.3189763008993,1038.713837673585,1050.815595926109,1090.7132967757454,1141.7285510642132,1184.008562254836,1212.0837204721656,1223.247257179341,1222.017958547193,1215.3202681927855,1209.0203942550404,1204.753154862996,1200.2925816774673,1198.0915270504877,1190.8393336823644,1176.074351796355,1152.1489719605586,1123.9599082045866,1095.4735933794057,1069.8076658042455,1046.5462696198658,1021.1826046615374,990.5755641206619,950.3533885998384,899.8738867582767,840.3991247617481,772.8617044098255,700.7132650573809,628.047405758348,560.315300506193,501.4417740234656,452.0646200122638,410.5128621310353,372.968915043718,337.09550592263975,303.8724114509301,274.4925344982368,249.11681936474181,227.50802258140575,209.4717541718327,195.03091983275266,183.47800762166602,173.53600254323027,163.88894790678765,154.29737066303434,147.1024268689989,145.5703867158595,152.12570084628788,167.4033505384668,190.32210183493598,218.10458514959734,249.62509586579424,279.72360710062054,307.9951163728157,335.4748869350257,363.60770988057,393.39762468791804,424.1704058187968,454.36686374086605,482.95470476903245,509.1510374217021,533.0409396722697,555.4213872156834,576.5880056643225,596.0803827841928,614.6821906573349,633.2776257549094,653.2824894692513,673.7463755193485,691.5767688201702,703.9672232687385,710.9011037260153,713.228784944496,716.212817107455,725.3360116084408,741.9599776485038,765.6404792232947,790.5791378136199,813.0954580100645,828.2149639277893,830.0766129384114,819.4202407008801,801.7603127128057,781.0413111444084,765.6407401738303,761.868683089842,772.329757191456,794.1393916947162,821.1258337412189,844.6045024971886,859.858176878908,867.6143319739721,873.1123197242201,880.2387696893575,889.097334810373,894.4756823593843,888.1460956948976,862.7227399052199,818.25470293
7kg_10bpm,2AB,852.53055009,819.5543349637321,782.8864316187662,752.2846590706442,734.7129666289062,733.6603117893684,744.8389456190426,760.8869097433336,774.6076536123637,777.6568856755555,767.4186852310369,744.8216571975353,714.0500866051116,677.529338791012,640.2089426288667,607.1558790030962,579.202930040452,554.5385610226684,529.8238924157399,502.083503681804,471.2842571820095,439.31244872104344,408.66239184782086,380.86449571697904,357.34118800257795,339.0370877826639,325.36320049394146,314.60697178459606,303.67400739373386,290.8882498554558,276.01676289681825,259.39974821348056,247.6566248859148,240.45392593738683,238.90706104686848,248.0593057518461,268.8238213519721,298.50083437457226,333.7498678532278,371.6878869386933,410.7087975674414,450.2481633109156,490.52727010634555,531.6221914708993,573.5965229760786,614.3828115842849,653.2588361618932,687.7752493198966,718.71439207279,749.3147793689678,783.4125862853041,817.638470648206,851.5849987170425,880.8979997519425,902.733445260605,918.9691619830298,932.4052567381358,944.7133871438817,958.5802259747111,974.6516422791075,991.3273869509264,1006.2042402173797,1017.9488313664575,1026.5140839632638,1033.5679959479273,1041.318782303229,1050.357782743518,1059.418685282606,1064.2635405069248,1062.4775162097105,1052.8657138512165,1038.7182991756333,1025.5730327464792,1016.5794681347164,1011.9906650551857,1009.6913921990382,1006.4810368051637,1001.3868910809049,993.8118312188843,981.9023314573436,963.0010059259471,936.1558727703818,903.4798054223876,870.5979539671097,847.8731938542047,846.5781662842003,873.2414752097545,926.5566751538687,994.9573171181851,1060.8373342017546,1110.3939059482555,1139.0834208117321,1154.9993701357305,1171.3222598719092,1205.2660614296392,1266.6216178104273,1335.2787531464187,1377.6444558556295,1376.5646267739387,1338.5615070714164,1274.23729606
7kg_10bpm,2BC,1041.59456865,1004.4225790666122,975.1516196826537,959.6284857557699,955.8610756913855,964.3659306996683,981.2830745026797,1001.9321602252115,1020.004325502358,1031.5652832595717,1033.8366855035335,1025.6312720102858,1008.2241402380868,983.9655332139768,955.8213492419051,925.655766188523,894.5710496952755,863.3737914573112,832.0189802258805,801.6224996697408,772.71902438,748.6746734709931,729.9750419566224,716.6268849924127,707.4891292768224,701.6802710733356,696.5465734531696,690.8883723253296,682.6255774098927,671.5056990019156,658.7293531268047,646.2285731333333,635.5407467510565,628.0570435371377,624.6487649419412,625.5997387723585,630.5710768312288,638.1428218100505,646.4663946368311,653.5896886928178,657.82124009,658.5261550772709,656.5183606303708,653.4712231511726,650.9463754469394,650.2709073844977,651.6351214552424,654.3347325867381,657.662388853734,661.1186508291904,664.6966550041191,670.2172530955168,678.5490938106935,689.3682068828754,702.2926465925111,716.9874335684631,731.8298883860838,746.7648600066084,761.3230106365503,775.1168348274363,789.2135903500001,803.2166003427567,817.1873706637402,829.1067221770791,838.8232010010324,845.8061750426562,851.8957079101832,858.0471104307745,864.8163990892814,871.2347265479501,877.2457930046488,882.4996112082898,886.3390202539907,888.4352101798148,887.7550104823328,884.5534831008832,879.4800841523373,873.0842749684151,866.0666197679435,859.0550281052602,852.39179141,847.9925746608999,848.3238719465329,855.5198604198416,870.0029736513934,890.5928883076311,913.875487125588,934.4073288091511,947.1369798947579,951.0712348059601,948.6341113782386,947.1830793495362,954.6683375204726,975.1243158090186,1010.4983483607039,1056.5869097009709,1105.1067312904704,1147.1024797663174,1179.3078645359906,1202.851820630227,1221.82841643
7kg_10bpm,3AB,927.60766936,861.241888401001,794.4224686682,740.0575144463859,707.8549822361084,702.3751417818575,718.5876803318289,744.195580057334,767.8125554838292,780.1393622785209,774.5562890896389,750.9549716420445,713.2632512130231,668.7731436138192,624.2278996206672,584.3116045626355,554.2199306224566,528.9501657464305,503.71786639268817,475.60943158911624,442.1051396242084,403.0974613483214,360.8755414162255,318.3876599646373,279.5544762961718,248.1478544141284,225.7164591045083,214.04967360173066,211.15070517534284,212.54414153285273,215.06584687263947,217.37919565772057,221.058258320132,226.4141246690249,233.4146854717955,244.2582792567172,261.3561863664402,285.9166670709102,317.59002030045036,354.90551651356037,394.26993253017406,431.8581166057555,465.7964884691597,497.08953189500465,528.8992853364855,564.4019419957658,604.5333433352636,648.2440097358862,693.1456018742168,734.3592162098629,767.03249302,790.505194792434,811.2943449041177,830.7750583167601,853.4277113156451,877.8548772138719,900.9842076762674,921.9347157541666,938.6324988884236,956.421599648633,976.3464296195011,996.9311703541252,1015.1661752332478,1027.4488448150742,1031.6027706900218,1028.014337380564,1020.3106039949769,1012.7929731798846,1007.5999458645626,1003.4991606755583,998.6865714594998,998.1390527090131,1004.0704507747564,1016.056917051749,1032.5011669303801,1051.112658769313,1069.9106292086215,1084.2061010995521,1090.9342647254223,1089.5246805062673,1080.641213001246,1065.747105140553,1047.4433738842208,1032.2529385750315,1024.6844601521877,1029.3378273914882,1052.557172614667,1083.486267452167,1113.1581830513383,1133.105320896031,1139.8369619527614,1136.7658754766476,1132.1850442671437,1137.120722405353,1159.8217163168974,1202.5929691744898,1258.8984721848767,1319.7451519954795,1375.7175577078644,1415.1326505511008,1429.37129542
7kg_10bpm,3BC,1169.79167074,1126.8579495823192,1077.693120569211,1033.3194548482602,1002.9649512258534,985.8930648529838,978.1886489342758,978.7776489687258,986.3327384240577,997.4843558171075,1005.3078606299197,1001.8747387854465,982.6931743994635,951.8115140289179,915.8671223165227,882.467179941135,855.4955355147242,835.7012125785287,819.4788228475757,804.7711171928389,791.4142746456281,778.8793778725844,767.6342777839643,757.0630537979213,746.1482157055394,734.3838141123186,720.2005003290478,703.5122487666092,685.9704376147009,668.4193356610912,652.5021322153602,639.7682760834581,631.37505393066,628.1384437734455,628.7541725713849,631.9356518700606,635.9300633557363,638.206478610867,637.8457282640713,634.8576055992194,630.3684096710532,625.000979895693,620.6845540743841,618.001126990953,617.778442754243,621.2376847311295,628.6047450915282,638.3773493457574,650.279746241133,663.2950887495807,677.1645904526896,692.1889185363733,708.5109696547663,725.6758071426607,743.1282609269543,759.5558013208332,774.873051875068,788.7146826470955,800.3667875930878,809.5983248462525,815.8632254700434,820.0537273495452,822.698278178997,824.4059165998067,825.8656847084522,826.70266222265,826.918679582588,826.0043095157621,824.9501969945309,825.0972628420043,826.2675476609445,827.9006380817733,829.0992495953436,829.3296780830542,828.230085181361,824.9382254329836,821.3502049418521,818.2523265106465,818.8437534739596,825.6202566450152,840.2277058292703,863.6751576434655,894.2213317240588,928.7780266192302,960.9766719055374,985.1483890294853,997.3844499738437,997.5046705538686,988.7894206959575,977.6897893344587,970.8393320636524,973.8592652032238,992.0887711194824,1035.703475113239,1105.215808235268,1185.3396836467236,1261.303098024529,1319.1156083551357,1347.7584300615,1344.890026958042,1314.42084884
7kg_10bpm,3CA,1211.88657538,1177.4495460979256,1143.7073193332965,1124.954733435987,1125.11889934606,1145.1896124127597,1177.3995070374212,1208.9255270741467,1230.2132468027887,1235.4719707847833,1223.096065352347,1201.3846835033135,1177.5228032541547,1159.8700662794115,1151.2826176240849,1150.639958385836,1155.2736982592794,1161.4966590217405,1165.5497794938346,1164.728165453568,1157.3483584468904,1141.7518952710438,1116.108148152496,1078.6150916902068,1031.6302046019625,978.4501110914034,923.0358701406465,867.8873534663849,815.1790536860292,765.3368695880037,717.961824303934,672.2860874737943,626.2726306369051,579.7902103702452,533.4410157331381,488.74352966655135,447.41198044417945,410.076879823846,377.02589935423265,348.09887732305134,322.62458248852306,299.9744780543589,280.16465239453527,263.651055991722,249.90093408409516,238.11050538984392,227.76946562186328,218.75862825143747,211.23862708610918,205.01332608480757,199.94698626000002,195.9077393314501,193.17899682645643,192.5116428613896,195.06300718170445,202.11851461618645,214.5176154936335,232.13271674562955,253.88584428512607,278.96437075187606,305.23477823578315,332.2552652467226,359.021930694417,385.75521853313967,412.6574482543505,439.62550853774127,466.3727740952238,492.59807158093855,518.1193775967529,543.3121569776861,567.8895245282791,591.1580377177976,612.7763749657547,633.0261464116137,652.8462586867618,673.9272197433418,696.1121992798629,719.3055595351841,741.2325895869259,759.7886196716706,772.6841281297907,779.4797725486663,780.0497216147246,775.4900498307234,767.9755975988656,759.7946973765364,755.9217402656052,758.8166549564986,769.1128020345209,786.8483199014631,810.1898365108843,834.4070795020892,855.1119294675925,869.9426463262733,875.6348882651042,873.0849090442389,864.896869689753,852.6897576337674,834.964229977775,807.5772498837356,766.46667591
7kg_10bpm,4AB,981.54939167,917.5556157891517,852.724437706527,799.370666625182,767.174120981461,760.7683229792584,777.707120208296,809.2957286053511,841.5110885479153,860.9006633542552,858.8235750378499,834.254415473254,791.5324658179007,737.7908056784488,681.6652801774043,630.3737872483462,590.1712833478698,556.5573388162004,523.9816754038447,489.8950664239654,453.33637510159014,414.5473999743386,375.17181615751986,336.51507957922155,298.9817317211806,262.9561600526642,228.38251181478176,195.18130367499987,163.65978213124492,137.51073001322388,124.42336999527423,120.15386632509063,123.87315916453889,133.311253902599,148.77009502592094,169.3999177380933,193.91215876073696,221.49898708356042,251.60632037813684,283.7261856949514,316.6641122915842,349.4188820667207,381.70644808838927,413.42673896499497,444.60810312644384,475.2085372621871,505.1386834763703,534.5114382172668,562.8411138145632,590.0996458180996,618.2218591233471,649.37193732899,683.1506278627018,716.5355958722851,747.7364575254852,778.6403339966313,810.3021173272722,846.9389627659916,887.9990150658506,930.1170029766673,968.2345558419034,1000.1405485418444,1024.385776771183,1042.8045310144958,1059.1488927310536,1076.8417355223996,1097.447505933306,1119.1851553490105,1139.3856846941896,1152.2594176920495,1153.9038895163098,1140.535943132467,1111.2677034309183,1069.9789517800787,1026.1185925888,989.8582662723004,966.0854307949875,955.3196920304352,955.2166094364194,961.5249484708854,969.2270339331673,974.1986215518111,972.9852880256749,963.3478634884873,946.4967282709126,930.3106191776511,930.9483945851586,963.7447921157961,1028.7537463741223,1103.846588945716,1159.6872679344247,1172.23372661048,1138.702278020285,1088.3012079995312,1051.8942960140796,1043.99905893647,1071.3730403711975,1132.98429608659,1213.580746109844,1280.2541839126718,1309.49186558
7kg_10bpm,4BC,1134.82322675,1070.8880534930915,995.6159282924444,946.7993009880948,925.1588329776835,923.2698808088855,939.3024669682304,966.0935887692256,994.3644446998451,1014.7184386289804,1020.8421230969267,1011.5184733190582,989.5734709761061,960.1846964465965,927.5101522557142,894.7786441715857,863.3178445847187,834.1126042708445,807.1916204669161,784.2374146075231,765.9863650281154,751.5556275748736,741.1232001511116,731.8671995070582,724.0774922285227,717.4794022231106,710.5111000138318,702.317050170344,690.3490215142812,675.0776613914668,660.0496528388888,649.0624999199838,643.4834187594224,644.093689612439,648.8318394515647,655.5060272873887,661.2955571372047,663.9876337698224,663.2640087417494,659.9936422551993,655.5824152245842,651.7395714591864,648.8567386438373,644.9648804701458,638.0293869624925,625.9692284775308,609.1307974949225,590.1083584939294,573.2510906368701,562.0617142674007,561.3258460436631,570.006465387547,586.8482221448824,609.9671540921099,637.3194424120775,665.5111796366901,693.7623635957849,721.2466127183181,747.2379253573474,772.1075790417931,795.6731377713699,818.5677824414597,839.703456919034,857.1672539475571,870.7488647267562,880.1803512653622,885.8681699713261,887.9412925124491,887.8278429839069,885.4703524778307,883.1132868477914,881.7248040062739,880.9026492284523,879.9040895931925,877.9011144909714,873.8627929474801,867.5001204701272,858.9661924717929,847.140450917488,833.3795345905305,820.0470536231048,810.6788544936528,808.9643503226695,817.4822160381193,836.9754180976053,865.4885717644265,899.1850026122952,932.4016438652384,959.865287700592,977.3070500945562,984.8162207966465,989.1248288858976,999.1837527799568,1023.5389981573238,1071.3965589323818,1149.9874155809637,1242.5679359128546,1327.5990365966604,1389.8289559854397,1417.8076053800623,1407.90172372
7kg_10bpm,5AB,888.09369556,831.8368403483612,772.7459818847459,720.5785114765756,683.353616135409,667.0665242100001,672.0926052889059,689.6692611736049,707.3068585762487,714.1320089016864,707.8394775300001,687.8656080244715,659.6954449935026,628.7802198330546,599.2706460768854,572.34850884,547.5844188463956,524.9784474715331,504.6900477350431,486.0848393506194,469.83606961,451.18134352609997,427.1053516680575,397.33166092424347,363.33182533516225,327.89975866,294.2429432940917,264.5266869654071,239.40240237772076,218.6718050524937,203.16801999,196.9819001667405,199.94200315134069,207.6290035572117,220.1957067445972,235.46030779,253.34643227652498,275.5362806344148,301.74407701522927,330.69461653776625,361.47459929000007,393.1635143028236,425.20831280349415,457.83931611025025,491.03079135905114,523.6202081500002,554.1135304044882,582.2659925292708,609.3642340808844,635.0222429986909,661.65390276,688.6895283499455,715.8585721028618,743.1219313180252,772.2326214649386,802.4456428400001,835.8586922551121,868.5225159719456,901.6225740339637,933.1370403194746,963.8683031200001,993.0996480411401,1020.8298841751902,1045.160661524201,1063.9185874240231,1076.0395885300002,1082.3045307003688,1084.132787259955,1084.9637470522473,1087.8115983793327,1092.86164281,1098.790787142642,1103.0456219235127,1103.8353343403912,1101.0547477883676,1095.85458703,1089.6064916243997,1082.5609522505729,1074.3165818082384,1064.509058892716,1053.6145287200002,1043.0400820652924,1034.89839858573,1032.6392407209303,1038.235475966444,1050.8525546000003,1067.0460749293059,1083.503663915224,1098.7252676899466,1113.7113654956033,1131.8411680200002,1157.948195966178,1194.0592258866657,1246.5467137474216,1304.8594425863114,1363.5239187100003,1414.4264723923184,1449.7075986618047,1461.734215538144,1444.0010509971428,1394.83059883
7kg_10bpm,5BC,1148.32312043,1104.4464679535952,1041.23492861802,982.4530039061938,940.0259115425052,911.7248876319667,899.3706499067262,903.0299151778718,920.3796736080715,945.1256211610338,970.2034769593643,986.3285431686477,986.5372539707123,968.6061423461324,938.2860280487884,903.7054793429436,872.5919262626675,849.0273151247919,832.828354685073,821.4177063855076,810.4690017402361,796.9311268661361,781.1967582165854,762.7240760112909,742.3656326488783,724.361773049995,713.9130477090534,711.3105693792041,713.1784060953661,714.7379263594119,712.762114098838,706.8870659700201,700.0227979356947,694.6074388640261,692.1841021893085,693.7239423528459,696.2308024332536,698.1794044461474,698.1606952517928,695.5682884183849,691.0862905781952,685.536644668819,679.4948841302548,674.0316096495083,668.4538388017006,664.5001945332436,660.7988380294685,657.641342297419,656.4869297058325,658.1535945811615,662.9357418636426,670.9059461322722,681.6913315194606,694.6695316926886,708.9471961153967,723.6368881700791,737.895189472458,750.8274754184883,761.5062788175533,769.477175589378,775.2854851095627,779.7139911852946,783.0116183141292,785.6172424736436,789.2808523871191,795.1237143434142,804.3817791347433,815.8134611631249,828.5050655562761,839.7546230975496,847.5821236940706,850.2018101007302,846.2815475614789,835.7958441074414,822.0559434937383,809.6865745399757,802.9700864578847,803.2700748120866,809.0138752969216,817.522039870931,826.5974072588816,837.5151751288821,852.0732488141917,872.7723968890544,902.7361540198078,943.1008583446599,992.9145510985147,1048.2430584350839,1103.5652332470465,1163.3881305786367,1210.5416928296481,1233.1144393039137,1238.07471126029,1239.80480009146,1254.6795178361829,1289.4280006182062,1334.8145679107051,1369.1083122415369,1374.6033421604368,1342.342526351512,1279.28181095
7kg_10bpm,5CA,1110.72816833,1077.9739715284131,1036.0240533282952,1013.0056932825711,1027.6958738166823,1062.2734969207263,1105.8841338033967,1149.8977305138092,1192.6302589421086,1226.4742737398117,1243.4316762826327,1243.2207467849912,1230.081855589191,1207.2649646292302,1176.7690604460145,1152.9996630373441,1138.95899021418,1130.2809844415922,1116.3240850822624,1088.9877838937173,1042.4333691772074,979.9736978881097,909.9130895717094,838.1941250702847,771.7497679369702,719.560233312381,685.497558703234,664.992555839691,647.36253503139,623.9782787598923,591.4835813544779,548.7005639240872,498.5409772213407,446.72965821111865,399.8403235799438,363.531088475955,338.8609422612528,322.80250997146715,310.8888309777225,299.5569023741858,286.63329441665496,271.26444826079467,254.26362730733513,238.59858924609082,226.93409998797082,220.77216702486052,220.327965043452,224.55857931381047,231.70707364778238,240.43951058046798,250.35400606000002,261.91140649525227,275.60608271916647,291.5694019401707,309.40003538617003,328.785441722813,348.37957228091386,370.0512626969127,393.59882966714304,417.901247435568,440.86423154205517,460.41076892359376,476.49140552604956,490.41731103753415,504.1315940297049,520.1297390239713,540.1110878388927,564.3144268505991,591.3308690780724,618.2776761278144,640.9254634337608,655.5818890575497,659.7255320906817,654.4538858525402,643.8054596080485,633.8181479761146,630.3767377329344,636.8504023892679,652.601637129216,673.165472822386,689.6601140916134,696.0463137602503,692.0241496122244,680.3264121298843,664.3359707862933,648.9019411130138,636.8943901988391,629.3766635876054,628.2058650612822,634.8398771864682,651.4841813631917,676.9655415659827,706.4929344546197,734.2564296034276,756.0747318444064,768.9473757645325,774.0446247956844,773.6484428699566,767.4938489526998,749.0386672974563,706.85905045
7kg_10bpm,6AB,954.93602384,879.7759016048876,800.9168159028791,730.8439326573267,682.2077375644875,662.2672600697397,671.0154394455723,700.0174533369001,732.7223522216312,754.7328395035084,757.5376818402564,737.892979016933,701.1194192929963,655.7116210172823,609.3511103583268,567.7304856696551,531.8361800124422,501.4424089663631,478.1695847803443,456.9214818972941,434.29199289011405,408.9921063954481,380.09279286562753,346.74258319534965,309.44889907734773,271.0229985835594,235.17117612602144,204.54379825310346,181.2139350481512,167.264836459485,160.51831518109518,156.9497806897004,158.84843952071756,166.8048778161008,182.30279433637904,204.87584886279373,232.40695540279754,262.60523754633783,293.9586635156421,325.72338632350164,356.57686500007014,384.6587535068201,409.78618066921064,434.0180017496504,460.34363757097134,491.4032643526081,528.4034320157393,570.7058267951612,615.9072008300743,661.0187505579023,703.6886792400002,742.9998812561947,779.1745328507699,812.5939247774359,842.8853761991968,869.0190047312228,891.1359592560269,908.7080372069317,925.9210138650341,944.9205025633732,967.786570365953,992.9060516378522,1016.0819622031606,1032.322088283335,1038.5600751874663,1035.3249359679764,1026.6939563738463,1017.3110828464389,1010.2530889081042,1008.166551709892,1011.9908977339113,1020.3016124525909,1029.9619810200286,1036.7401055137157,1035.7374000315604,1028.3694537759259,1017.6130736870248,1007.0914249604059,1001.122250031391,1002.2798619603565,1010.5632909351125,1024.6259399523785,1043.854608386764,1067.547709141995,1093.7076002550614,1116.7981954412628,1132.2039485571074,1138.5195155861263,1135.207233040926,1123.9240500777235,1109.3718340987896,1088.0648036732775,1067.882763220458,1057.832177957526,1059.3016019843553,1074.723784037492,1103.840678529914,1150.5672820533318,1211.7359430411022,1277.7127174571353,1334.96864147
7kg_10bpm,6BC,1216.80034699,1196.5717346993658,1131.7782324147151,1046.3673742586552,987.7018427463912,949.4095319925559,927.4654733786955,924.8252717933716,937.541333373042,954.8165682636386,966.2138141029216,965.1081607816783,950.4402792538673,926.9025638334851,901.4993824139955,879.2540211516742,863.4280324137926,849.453827963348,834.1675342642579,814.7715070920526,791.0079397614473,764.1184979436227,740.1338351269826,721.0050651781751,708.4842079311989,701.9005525100001,699.0551896415257,695.9532460286207,689.283841932045,678.4693482545798,665.1178367469568,652.7970025732398,644.4963498255335,641.8066263944704,645.7333929558705,652.5205199820115,659.8887762951085,665.210384686114,666.7767333629698,663.6481290795978,655.2607413166422,642.8375098166192,628.9876169207538,616.5940272955593,608.0729584346753,604.6942867162038,606.1233718591063,611.3241718206943,619.5881428564425,630.7046646542141,644.3906477400001,660.4129665709023,677.0551290385504,693.7344176101736,709.2472869736724,723.0156612149839,735.3685508817465,747.0500163854836,758.6219654758756,770.855464916912,784.7329191889222,801.9723302849725,821.0305464992233,844.4967306607181,868.7262939349512,891.296623597096,909.2883279232152,920.6487383761602,926.2507877361671,927.6784245966553,927.7741102489156,928.4252022013568,929.2657130667718,928.9918831015135,925.2011819533376,916.0962285000002,902.6452348103957,887.0654997006116,870.5538585172195,855.9293316700907,845.466298357768,842.6524628806735,849.8660120587704,869.2931365413912,900.350056377733,938.5114684560149,977.4899591591458,1008.0201179561426,1023.8848979485878,1022.4799684258127,1008.5382047624082,993.898049929838,991.7756048623875,1011.7339548130251,1058.7872943110983,1128.221847225052,1211.4998162728643,1289.054535528157,1348.3334413504806,1379.575061372784,1379.63742463
7kg_10bpm,6CA,1155.25900558,1103.38186749037,1051.8666367541668,1018.5962063224368,1012.2073437979299,1033.1378758934693,1074.3873714192628,1122.2953156175736,1163.1188813956585,1192.643257070793,1206.2092573244527,1207.407292808768,1205.373149278249,1203.5390599229763,1205.24786747875,1204.880683987508,1200.5253384277946,1189.3140317319521,1170.3674470062224,1146.311404853566,1117.2195253055468,1082.5123634098304,1043.8705281053774,999.269723195022,949.8226315323617,896.8351505100001,844.4876139273568,797.157542966161,755.524528554475,717.5234846585512,679.8999025512406,639.3926685177447,594.3530079194313,545.1549848545496,493.86685460525706,442.7925790505548,393.80908006637935,348.60682845175995,310.19853224482785,281.40619812779534,263.5600516763779,254.4577375057249,249.31976451426485,243.45275234988696,234.09125988515248,221.7600040474833,208.47211621427297,196.37949414323114,187.54721044600808,183.75893723497765,186.26297839000003,195.3448151094924,209.70365496444285,227.22047121300892,245.79507837214777,264.4079042049696,284.41590687800624,307.76947070724066,332.2450629770669,358.26626091811653,385.5290482608417,413.52863454887444,441.04588359934434,466.4263599423008,488.71745346297496,507.7570070391337,524.0158388588965,538.6276341583927,552.9672884090695,568.0395545812102,583.9352128588908,600.7437693946855,618.2647367056725,637.6364298385586,658.0525318653299,677.25398468,692.0859416873657,699.5582801771438,697.7731741113143,687.0666730142095,670.3686146484574,652.1079054879903,636.6873026193163,626.6985937790027,622.603393657467,624.5182132877425,631.8890455176953,645.2907862558866,663.7267089316813,683.9343806522922,701.4474623559098,711.973579089216,712.0560093280114,702.8535253702179,689.4426356424085,678.2426374747301,675.138575498673,680.6845035947873,690.5434190941656,696.1261794252015,687.63180612
7kg_10bpm,7AB,893.52432131,835.8541282909061,781.9215088370487,737.5867717481036,708.9805566296399,700.32929281787,712.3659506781762,738.1326019512525,763.7398864627941,773.8205254816272,759.706676346572,725.0268837656698,678.8884366880332,630.4946406307705,584.8456671620302,544.0524453314719,508.7881507204456,477.94684784496667,448.8841140223209,418.9824025450235,388.3729895790012,357.5316918324428,325.57481035912264,292.94904098251527,261.18134700464805,232.12855461515736,207.38146674589714,186.98464740589338,172.11667824244083,161.4889953475146,159.42847512854976,166.74455033432125,180.26636505694756,197.8411949201058,218.1997497033792,243.0906812994286,272.8633151745135,305.20551681439804,337.2523736118553,367.4670627534633,396.43729297538823,425.8606976095604,456.79302686666796,488.6824331650618,520.3563177074767,551.3046755713017,580.648121056111,608.0009332904935,639.207055013708,676.0483480135686,716.5221647883083,756.1264604190951,791.1448148907309,819.3101132940599,842.3983829992711,863.5052956792016,885.3582861044293,910.0329448983395,936.4712159668044,962.2980552209258,983.7455519527822,998.0567009697495,1005.43072661666,1009.7740713097887,1014.3603274607069,1019.7937563156127,1023.1561383321176,1022.2428896126696,1018.0402194830949,1015.7356836605244,1020.8463338678347,1035.1081059346207,1055.135818746918,1075.0697247587166,1088.6280738747823,1090.859150754141,1082.4845890704917,1067.1433697838663,1048.5725075408782,1029.9022560574124,1010.9527341799194,992.9115834285263,976.4813957385732,963.7550054757357,958.201067502015,963.2538128174085,986.7243180883893,1021.7609513378384,1058.1046235780261,1082.995350897725,1089.4830674303894,1077.803143692176,1051.2723556257174,1024.06328577204,1013.9301709945203,1035.2378745346405,1093.6833482927727,1183.7171423011312,1280.6981622372334,1355.3184601971188,1384.27561836
7kg_10bpm,7BC,1212.40536226,1153.117610337241,1065.2884412597737,977.8791298710958,925.3714713438634,897.1071709093103,895.0845941874046,914.9628254878388,943.5958906987595,965.2459451048251,968.3656509954076,952.194043580231,924.3715544904223,895.9282147361691,874.8495757427197,862.0409219393459,853.7513164518955,842.3337375494949,823.2274412351978,797.3065167821594,769.65057408,744.1372488152028,723.9534102196191,709.3377104196611,696.3337106034733,683.4736673639666,669.8302579857933,657.6942321485728,650.5697743631306,652.0370518009079,662.4602025036824,678.4145601551451,696.2381352083793,709.8934502789181,716.8704540769755,717.8437056271254,715.0632699479405,710.8474126571388,706.2236143451224,701.5751448913118,697.79432066,695.6545205960635,696.9984545230404,702.0765560344832,709.2121661858336,715.6826538930019,719.0309966636253,718.7115028683806,716.4562147697792,715.8410946693709,719.6151985697601,728.6291419806454,741.643561802419,752.0721107025174,756.8858625175357,755.7049199626797,751.7381369462772,749.9676527505364,755.1273756296691,767.9369202696661,786.2147625299999,806.5986015981055,825.867177918644,841.8273740079534,853.573293240715,861.6831337720349,867.0482807177633,870.9031174407835,870.3197736513301,867.7304418034428,864.3787222963364,860.9534449701022,857.4422676388823,853.6225385915735,850.6603494369357,850.3452160258729,852.9960324579835,856.5076521092174,858.0274823175541,854.5819292866416,844.6278366600001,830.4169011567801,817.535401012863,814.5929630676842,828.7224725935246,862.2039709220782,910.3653724564869,963.3623029949971,1009.0601662648584,1036.8106103800012,1041.144540718093,1026.9687346768865,1007.4304308228274,999.4535828576944,1017.632217723119,1067.936601262814,1148.2051783219936,1240.4971554155416,1312.1120002479734,1341.921043140904,1322.65232905
7kg_10bpm,7CA,1177.72513032,1170.735017524734,1133.0918907263026,1076.854574223329,1033.2831753631613,1010.0343882393248,1013.7246755782041,1043.8421382027407,1087.072404915086,1126.8427415955325,1150.5390782779086,1153.7310034796144,1140.5500983614465,1121.5007515817988,1102.0603114845458,1078.3831778726092,1044.956274230126,1002.7653913738803,959.0582907472136,922.795039171527,893.8445764510901,873.6279122560727,858.0052634357875,844.8861893479044,831.9415317548667,815.0520494464242,797.1836497943484,780.468441595413,764.0798183176216,745.5363347554357,720.3963659423147,684.0431283729573,635.8637282854572,578.0399123304829,517.005016651739,459.46293970748684,408.7394660129363,364.6284585928006,327.29250977702856,296.0293911720313,269.31238819109745,246.06259392904107,224.82538904868568,204.07927053632983,183.2636977164439,163.8632115849934,148.17472345179777,139.24470159957684,139.56277223880286,149.20175513557123,164.7913284426684,180.97798351203642,195.05457981024185,208.2135337017436,222.09435087181066,238.92296287756966,258.95567322413257,282.07807061165147,308.4741996600064,338.35583878110856,371.39430211410945,406.3559783130986,441.0450435161183,472.97651316513674,499.44079255027486,518.5850943829798,531.6095617622901,541.4059911133845,550.8057689722729,561.5968657464048,573.9692235921318,587.0189688228385,600.2617556610813,614.8965768852638,631.109971861031,645.1933667403463,655.6122092995386,660.8823844739364,661.9431433830758,660.9245259900202,659.8449002845381,659.9649831983414,660.5216480801768,658.8042620807685,653.9285824921758,646.8188874401058,639.4357342650167,632.7898590092157,627.8896963683433,627.1263338068175,633.9114439881233,649.5990966363432,673.5604732416231,702.0364439868346,728.6410387764793,746.597477419161,753.7802297518248,750.1988759793787,735.8428298571778,707.2247601959803,659.44066396
7kg_10bpm,8AB,951.4755077,876.7894616506836,794.5292334389117,716.9618216011963,660.539809189788,635.9671060622366,642.1659888073459,665.7977951243059,693.2641761908383,711.7596298101665,715.8567803684465,703.3342023264368,675.9474805958097,637.7873459631886,595.5566731891404,554.2258497275604,515.3209535916933,478.43160719874214,444.2259377934109,411.9842102822644,380.3180732363078,350.5312539819225,324.06207561075547,301.2316334112363,282.73467890532754,268.70114402010245,255.61997339958035,242.66759837272167,229.8912607345759,219.2059342141101,213.96230196234717,212.28310445308958,212.81915695231038,218.49013427975277,231.15937556858776,251.161613204811,277.0170226933526,305.4064871365443,333.82449839343514,361.4974163040531,388.28570719245977,415.15612731859096,444.6959993510832,479.6738987846836,520.0911373363093,563.1728946258432,605.5941420199987,645.2005000579342,682.1747513166247,718.5225113418909,755.1285935400001,792.0741337663289,824.9191088966321,853.3935406769498,874.51381288075,889.6024282267294,901.6175816894222,913.7925793732883,928.1671787993147,943.3350888733626,959.5711576561172,974.0792363827547,985.858475327163,995.7781555959257,1004.4873232604758,1011.2546065341351,1014.4818392893668,1015.3539976579148,1015.3981790532484,1014.8490105903736,1013.0933490885543,1009.7320548020737,1007.806460855255,1011.4300422388452,1020.5874982907052,1033.4792582814682,1046.3948937154767,1054.27782381651,1053.2983987708262,1041.9024800606524,1021.7545855491892,998.5151874220886,976.8455865115749,959.3018015236917,947.8559075664178,944.700220758151,951.3061538831258,970.7858157602128,1002.6963248344579,1041.9120371869274,1080.7218777569174,1105.7691683119572,1107.925338650118,1090.3363983681168,1070.9724637224015,1064.8282697155203,1086.0693304496895,1143.8832183148154,1226.5295962269086,1305.070921848214,1349.5797968
7kg_10bpm,8BC,1116.71314886,1087.804805643636,1041.926673787953,995.4379631047757,964.3366559534311,947.9846153690199,945.6439562779188,957.8892601982245,979.2914838576803,998.845986492388,1003.080071737152,984.5434767782626,946.4819167900155,901.0538352357271,862.1947083273933,835.3813166683369,817.3369515428942,803.1328134069724,789.8805125344203,777.2556429460104,765.3772800582117,754.3334163450035,742.523268392976,728.0792240036048,710.227677769542,689.8070006377711,669.2337054366369,652.0680665408152,642.0237915977996,641.3444150568321,649.3725907334032,662.1357054166741,674.6049556512289,681.3033996025667,679.4129892493675,671.1574703175804,661.6439916544437,657.0945761976112,660.5932660666133,669.7033594815716,679.9267375873309,688.1650491364352,693.3413709231215,696.6610385874887,699.0806181813789,700.8477019512171,701.8187019344293,701.8884635751259,701.0711118951693,699.7981013547857,699.0227528916921,700.1735945750495,704.2329084849534,710.1386845778729,715.531288705827,719.335098551974,722.7228428401,728.3224680551326,738.5524606160669,753.6711541989287,771.9722812737541,790.8823094115388,807.5077454965209,820.8893533744866,831.5637177897286,842.8396209666637,857.2009084397434,875.3716607544515,896.6310008184453,918.9543791529685,937.4790716180967,946.9173733187002,946.1066132916261,935.3060479251628,917.3425555792572,898.1095770162717,879.1672833591626,861.7569377465826,846.0177751762219,832.2331584360389,820.7152482569572,811.2173928950679,806.4527606332657,809.28387315793,822.9044129431027,847.449327083203,878.9493084700259,909.7866184394624,934.0777903968865,950.5210843011226,961.8737680087215,973.7114681394461,988.7681661188851,1008.2459371860058,1031.5807581304214,1058.976975832423,1090.4250271101466,1125.7492413449722,1167.6046694022475,1217.7444868443595,1236.91453652
7kg_10bpm,8CA,941.501925,907.41367321656,891.6855513219973,885.4468830366999,880.8609627194097,882.0847249051553,896.3792092894905,929.8062327209673,1008.9069877746293,1092.6819417707818,1150.389408546954,1167.0716593639327,1151.445857826233,1123.3299313933967,1106.992022213866,1114.002444685663,1137.5323392069072,1162.449186943999,1169.8493683530335,1158.610715766182,1137.511941294877,1114.4816744528175,1087.999472888363,1054.6238479730218,1013.089720686938,959.4165264411425,897.043101063792,834.245004942664,783.0961221304128,747.0861211575899,720.9401813224799,697.3669682288597,667.122799525291,621.9632520411276,561.1564435664828,492.55503472865485,426.9403011126419,372.03241109163463,329.1828262196508,295.40117091656504,267.93394032478,243.99951475485676,223.12499764909026,208.71385135942432,206.2388749120974,217.34543203925955,236.6990683526442,255.85377320929274,268.4944844887055,272.78294065941236,274.75866336000007,283.66539425262357,301.7776224931919,324.52905428886424,347.05366697614977,362.91486028799295,376.0239891573377,392.6627005389219,417.3988329440061,450.7922308643433,488.97165076400984,525.8538802277412,556.1241713804167,577.032925936822,588.302793787582,594.1499969635557,601.3071722529353,613.602600350273,629.5597833917756,644.2524527050462,655.2703438547434,665.3071964650685,677.7794047815889,693.1554464792133,708.4419370293457,716.0374177903757,711.0601175384994,696.127913481279,678.5286024273072,661.485454534001,650.2292233758408,646.2673488645107,648.9804104047051,655.958484461836,663.002618914147,667.3959230385813,669.3023363467667,668.0577287575419,662.9711176507111,654.3634917479255,645.4164616175481,642.0412882898977,649.2261409369105,669.6939906534734,702.5644503574729,740.0975314992104,767.4557933985749,777.6109069805865,772.3899752597852,754.7138534428758,722.18894497
7kg_10bpm,9BC,1067.85563957,1014.3879610833079,965.9048472142127,932.349243195232,916.5394057575704,916.4033119599999,922.140501814883,928.559107926189,933.8914930241235,934.0629599845496,925.51801057,906.1786148266743,881.2095414880788,856.2280985999297,834.9738707894332,818.2505205700002,806.5924582827752,800.9398335114353,799.6021705232279,798.687096112843,794.36229233,786.2522109377616,775.1762495300626,761.7219153642246,747.2396308910189,734.80117516,726.6853171173105,722.5020608632223,719.4460359689358,715.2803868842103,710.5980056900002,708.312707813303,711.0619305094618,718.9563027314895,728.1643880503896,736.56174056,742.2819561661381,744.6645635551077,744.1534163555342,741.2417905796001,736.0597459000002,728.8543132395525,720.8231763434071,714.5683944152714,711.9316205206791,713.40677162,717.2486096355278,720.1163298876027,719.2493927401667,714.4323419869186,708.7693945900002,706.8362179897807,712.2360874573802,725.4178910984552,743.7513490086858,762.77660879,777.7345157042022,786.2301742611386,788.5415256541335,788.8741008779012,790.5240310200002,795.8178179740048,804.4265884000201,814.4603008789849,824.8339862037836,834.85254947,844.3073457353778,850.3365359138319,853.8388635193319,855.48221978793,856.0806615899999,855.5013431850721,852.5973545482143,846.9408280119954,839.6760008730954,834.1568168300003,832.8702224473659,835.8703300048404,838.3199928474522,836.2751052393309,826.97098228,814.0270545299625,802.7320851683795,798.603485033435,807.8806631937674,832.3707117000001,869.4676612136817,909.9892428605276,942.9147442399727,960.0151317985633,959.2276169500001,945.9499656212289,928.4894862419245,919.862106202356,932.3842253392628,973.01535542,1041.426882455688,1120.4587261561012,1193.4940845864214,1238.4204798094172,1223.32020106
7kg_10bpm,9CA,991.41534601,956.0765507293041,920.5400156300593,896.5610104160372,901.2199001766674,938.9050699361613,962.0530392621756,978.1754222005967,1007.2686122933168,1040.2518109421417,1070.2926816179256,1091.136599349053,1104.488791649533,1123.2508321498815,1133.175985375691,1141.536649036149,1145.716194148729,1140.4244812893426,1116.0622698807451,1074.5551959817751,1022.9909510295852,968.8542312205465,916.5568923352677,867.2347142043467,813.1045350564299,749.684250618832,678.3498140608264,609.9294293987001,548.9666440354216,493.39027161202375,437.7143176403265,382.54432023519666,334.00306912231736,300.1038854417121,281.31238697379433,268.32999771650424,251.50914862530257,226.38279871495263,195.50166372674775,167.0474559528371,150.02157569543846,150.3295400758696,167.81926121013095,196.01684802285277,226.2515093760362,255.46891933914972,284.17273588795183,309.1077528893929,327.6708067641182,340.97018774250483,350.63350717093056,360.9780900708382,374.8237118475512,392.41082321837666,412.28097401708413,431.6165154004333,447.27036456070357,459.6975334904257,473.8790098493639,493.17877016628137,516.1999744283075,540.1321375649894,561.1252636589209,576.3098522444466,586.3561566145547,596.8383116524964,617.3007084725557,648.9584879947521,678.2307098900686,687.367210363538,670.8566638542646,639.4156476268905,607.0095564219325,583.1139452725747,573.9254953640491,577.015509402245,587.2964099188646,597.5796816954318,604.5916771496716,609.5990447931346,618.8532797535934,633.0395972177745,645.7670387031047,650.9032534085336,648.1735010030472,641.4952479864259,635.6265503153079,631.426373854643,628.8758994983554,630.2910307147453,638.2707972530212,653.2878630460661,670.1071415649044,681.1482550997484,685.6070658978789,693.4271983883407,716.4010910303382,749.7992208723415,770.173232015134,747.4831313879182,673.54651306
7kg_16bpm,10AB,736.51165363,704.6683285044556,660.5425227666099,616.8891755675104,580.9610679060925,561.1865234231398,557.3168788457031,565.4499187987443,576.7370575892013,581.2680420567408,573.1588564704832,560.7481205967022,538.9895915603968,509.92526385555203,476.9886987156105,442.17843447556334,406.8370927633395,371.7440551700459,336.7009220741927,300.24126599136116,262.3835137497772,225.36348183564735,188.53123646623007,149.7005068160107,118.29415039315207,96.8911480444342,84.81518360215168,80.36580406456844,89.45733658708481,101.48522843254804,118.55349192033972,138.09663904484896,159.04382842792006,179.5470220962161,198.37614376262158,215.78191378549204,233.02376667015065,251.1279061850638,270.46781278435157,290.5877646792924,310.50310076206426,329.40283600158574,346.83618781591184,363.03223327163875,379.2062374837347,396.817461796743,417.14946131374126,442.2583519401591,473.89746740717555,510.2679615848021,551.2182202500001,595.2315301162823,639.5420049351534,680.7791991734338,717.240536208353,748.7928180285188,776.6589697166003,802.6740583145386,826.5038898047976,850.8357715233703,874.6146093297175,895.4014672942864,912.9540655480422,926.2527276968351,936.6159004837931,945.2503520249065,955.8057923385923,969.2270312290575,985.3532898079367,1003.0214641636376,1019.956632504835,1034.0356135314926,1043.256621727808,1045.7705458541518,1042.3731633986722,1033.488195933964,1020.6071918565674,1005.2897760849962,988.7381025245484,973.1718835406432,961.7005631517594,958.180885145706,966.3160453130721,988.1215796922739,1020.8826961842854,1057.5180669942185,1087.9263186862106,1103.258249608964,1100.2799596522448,1082.6931238263148,1064.13226044702,1064.7901875382959,1096.1794964681837,1164.6058886801748,1253.890538422924,1339.802578517337,1396.1419697970025,1402.946970200742,1358.4002984299736,1281.0088993223546,1191.77255328
7kg_16bpm,10BC,1187.88343747,1173.1559576123182,1135.785252123351,1084.0508835667072,1041.7826611662838,1006.1639644492358,978.8817704391131,963.7376504457948,962.0207873330521,972.9790652486524,989.6269248039036,1002.7830100838376,1007.8575151007993,1002.8207664616767,986.9838156462133,963.2758511133544,933.6977931935809,902.2075694542845,870.7253994997919,841.092117322802,814.2852000690339,790.4981873840804,770.9481751654689,754.6666882840215,741.0965003795864,729.6016099200001,717.314671711271,702.0406635466663,684.1160546072748,664.019337387337,643.6314757669852,624.6767059287557,608.2139402293293,594.6426297766308,584.0718797369253,576.4818722455616,571.7997174409032,570.2840066847418,570.8262987445992,572.5431228442784,575.4707812740327,580.6853716187298,587.8366617796114,595.7121310422492,603.5082312853926,610.4703649332928,616.6992276172264,622.0556849704258,626.5311989827053,630.9480700264343,636.5278946700001,645.1079323421712,656.1645101842689,671.212596529784,689.8812914749271,710.7947971904351,731.5331504229326,751.0628902193962,768.4818500019178,782.6284003075477,794.0173370212706,802.2637521285648,809.6623940912348,816.4302472603343,823.3570160439045,830.1746399033823,837.3180848765902,845.59518237787,854.3059790451249,864.6291995275708,875.0779819798832,884.7381729795378,893.2164967956129,899.7248527752599,904.0893682070564,905.8651974000002,905.5848355621555,902.3562011209767,894.2931592785515,882.6774612758056,869.3552926926442,857.1941111605917,851.0223408098907,854.4319653615512,869.8176348638654,897.7450569655526,935.3320413729028,977.6460585970647,1019.7427540012808,1057.3485695271584,1090.7218871826374,1122.1680489760324,1154.781187981221,1191.1347077932112,1229.438078389691,1263.998693883052,1288.1981887999293,1294.3707220711135,1278.290377282307,1241.7935997029533,1190.21008477
7kg_16bpm,10CA,1169.22522125,1210.5097419604203,1220.1862707065934,1194.9753450138935,1144.835613327495,1100.2143421618825,1073.5429475406036,1063.1698600181307,1049.8274935912277,1060.2982786602706,1075.4370146961483,1094.8024627125255,1107.1095626606168,1097.2761259925699,1081.8335618310657,1068.641277122431,1058.5155235873488,1046.3690634322024,1026.1379451277958,996.6015231611154,965.3002292220806,940.8892195666963,930.435287532411,928.1343310100741,931.3304687557576,936.6607794971004,942.7939620945348,947.510586372853,947.1998529264503,938.3595956739591,919.0038571247597,890.4204912043143,853.4560691554642,808.2518359879972,756.5938099916892,698.3610783809225,637.2617273758515,577.7744931773991,524.1299681121877,475.3554681201308,428.54581895835054,384.38059367630007,344.5892778773294,310.36164628327487,283.8071685495535,265.4681211199091,252.83770974159637,242.96562865991558,234.0590298782026,225.37366552990667,217.52453472000002,212.38534984506708,211.50136912998957,213.68942134056843,217.72033483265434,222.66924339939524,228.06706289972382,233.7352457813577,240.04560664662796,247.86577236145803,258.3099305435062,272.27947755482387,290.1136467341879,313.1569312251869,338.75538718852494,365.87672652897396,395.6153206088324,427.48842611252655,458.9485028950672,486.80762484562683,509.0387283545749,525.1063063429524,535.2474339138457,540.5506350904667,543.4515803409956,546.7845411872745,552.6966015536942,562.3819738692015,576.1855047251736,593.3130939679213,612.0613294249785,631.1996139115338,651.4160502628084,674.5377598341022,700.5656704494431,726.8624126618445,749.9260595916496,768.4120261293385,777.0236141226518,774.1713632838499,760.7947581076468,740.6707944865288,716.9732588965077,696.2331622795559,683.7876876147693,682.8068360536853,692.9000137343687,708.9803301882736,722.8449395536886,727.5303867456914,717.86719377
7kg_16bpm,1AB,791.99151814,751.3299284085206,707.9018644364345,668.3969707848439,637.6734338190199,624.5726045061131,629.244722496945,646.7732129083392,667.0984851407951,681.0767011228234,682.5049029373013,671.1237593017527,650.007921560025,623.4561427183205,599.4471180760647,575.5437974131637,549.2079334414219,519.7505734276,488.1999042156212,455.778546842183,423.36393175000006,391.2235729337844,359.50666497703173,328.53938909895,299.149745658781,271.65295766044306,246.12329341845512,223.60115810237266,204.8446666048702,192.76510242476914,186.00223351227012,182.80242063309646,183.16600159720795,186.78450300030633,195.07436890087072,209.17952453146242,227.13476102186783,246.8315523241945,266.7714751528067,286.6981000161444,307.66138686,330.1195081930463,354.76555332517523,382.0738957930663,412.7799256654749,447.9823374292689,489.29252196333516,537.4111776427472,590.0582766391785,641.250608760679,685.7486135498671,721.0371321037942,748.402118519909,771.199096644499,792.8820283459677,815.9250505907271,840.547745806908,867.9002443252785,898.6014482004866,930.601823597534,961.6697358300003,987.2476510634167,1004.9496260550331,1011.7198540362068,1010.1678691521969,1003.9188096817792,997.5825637479863,995.1061142292999,996.4841466842668,1000.652461152579,1004.6353394464812,1005.2539415979948,1002.6831680643871,996.9804340148848,989.1979587049979,982.6067230776819,980.8072917010576,978.811789426014,975.1294509969084,968.8875165302973,960.5290561900001,952.5721662003142,949.4191850322374,958.7402169270389,981.3460027610425,1012.6403016891767,1045.7618969586974,1075.3269595516592,1107.8675597279926,1135.9241484571087,1155.7769520980191,1159.7472796536163,1145.6572638131051,1126.007284460734,1120.6552349677904,1138.1725857678014,1167.9371824792472,1188.0057349149556,1183.5643181247558,1153.156085529105,1105.32288996
7kg_16bpm,1BC,1183.67887744,1153.6620858104136,1104.9159819123315,1050.0368336136316,1019.5016168646697,998.8029098456398,987.0478117266946,984.1641205241639,986.4269700809717,991.0260595197145,994.0338304776118,989.5800403586394,974.7423202236298,949.5018739158415,920.4751539786779,892.6458287954265,871.8803281514363,859.4622181471477,854.4136884119739,850.8606286132443,844.7536772848127,833.6446463444191,815.1417172298015,791.3993612462841,764.300370455478,735.3886599357955,706.984780053825,681.4984418989983,662.2893419642241,648.572010788227,643.4551538806083,646.3497115386991,656.0295977223224,669.2722434744524,682.0753009839902,689.7582670014946,691.1877400732533,685.502657868579,674.6112593578455,662.0797236340883,651.3372543126546,644.3955435204173,641.4927957915978,641.576921917913,643.0570130982999,644.5374222614129,645.827422476125,647.8749205419565,652.1023664934626,659.8335862137164,671.4040840900001,686.2726166428273,703.4306544617432,722.448120397312,741.5080660483513,759.7267763649837,775.2731598264223,786.4658875975254,791.9745455458008,791.7875969939105,787.5407545454193,782.2239440180605,778.7930661212297,779.4251401521054,784.27552813636,792.1646550815327,801.9526160455403,810.03575568526,814.9342426284197,815.9785084347218,813.3905320453641,808.9026141679508,803.555925534137,798.4822463936506,794.451033265968,791.7975107919327,791.3178141510565,794.3378638388665,802.5001518845552,817.8008776324185,840.3829489691801,870.0872958285585,901.875379267558,931.2051765834613,951.919064876957,959.5109988898348,954.2045365301185,940.2217235880502,925.3954737441724,919.3619660016004,930.9403825082939,965.6417359743483,1023.3268440581166,1095.693622261658,1169.7869481754258,1233.6389325748255,1278.8519666910413,1287.474321292067,1257.6073100974897,1196.2563398142265,1115.81057053
7kg_16bpm,1CA,1122.07243882,1061.5124816987181,1013.7774910503838,993.8805788906815,1002.521731901011,1019.7443728682033,1043.968667902113,1071.1491513654191,1090.9682632853587,1106.3897579695347,1118.6588228819503,1136.0597905568918,1152.205816941551,1166.8008837992752,1174.7170641831533,1176.7595003044894,1166.1064316685922,1145.0229900889253,1119.5507759572624,1096.9993141371717,1075.3768054597338,1048.7502810580345,1012.5604882506134,965.5003973087055,907.7621711064288,841.9253847317701,769.3396722399572,688.3512661546011,602.9809273826645,520.4927541947823,449.64690202720203,394.53318134242994,355.2288216857718,328.7185267062357,310.2174611997334,293.26056404328415,272.8360727633535,250.29133006031628,230.55595582728392,217.783598490889,212.95893248336426,213.21047132588075,215.2215779894982,217.54968820996302,221.03264729539842,227.48805031933,238.39256747490387,254.052001452991,273.5613050832682,294.89818050266297,315.3341501222014,333.17647784691627,347.6685553727785,360.51473022656353,372.5231513852239,384.6691068713215,398.4318622562819,415.1619680256274,433.9957195498027,452.87797447305985,471.35479200071813,490.5238256224627,510.5203847152209,530.4672924925334,549.5115360871206,566.9569329460874,582.1420490766926,596.9041818713537,614.6543696443867,638.3633847019685,668.9006965815396,702.5064140532018,729.3423134171661,736.9921719081824,720.3917103560467,686.5242256981769,646.5577724741182,613.6822258227606,597.1588832550593,598.7387372631483,612.5294231631293,629.6860145943747,644.4646255993827,653.683858640771,656.7251477719985,654.7009939208538,652.2471742155928,653.3695266111098,662.2674103291735,680.6787123290396,706.221282610063,730.4597757304452,745.6800639153689,750.679081779069,751.3031545184324,751.9782153291605,754.007064896695,750.0181705868742,729.9169371577585,690.115107276998,633.80817333
7kg_16bpm,2AB,916.88864158,854.2043104947359,793.4352598514537,742.6833906690117,709.8706004264848,696.5055486187969,699.6256422567228,707.7548472998217,714.5956739900337,713.3508710622474,701.1974488868054,677.599956337317,645.6502497815367,611.0946856181911,580.7406455805965,553.1274280187231,527.5242737592865,501.8443637434486,473.4296185003729,439.70656201152826,400.4182414250241,357.94333253793997,316.2335739640158,279.2253208110468,249.0631707032532,225.52470213686962,211.70112852658153,204.45473236117837,201.18309984398076,200.15284316176357,199.16233743821408,198.06246693545208,195.64128592119695,193.9883184234696,197.31291486876063,207.73188198571503,225.06413848050323,247.32985299167603,272.31600595693453,298.75376416087437,326.6677056289011,356.6538656833974,389.4392885631977,426.41270317468025,468.79269681123526,514.1826287707705,560.1019534317468,603.2648849949286,641.0625448582157,672.3197910810375,697.5153761130038,718.8340918695427,739.3785413891811,760.7909982154897,783.5189130959147,807.8500204396056,834.9099316967173,864.0158759316733,894.6009582419804,923.2266348609581,945.6433389872734,957.9470211839255,960.5843891658443,958.1870699214824,956.0094505230411,956.7635033628991,961.579600220938,969.669052125226,979.8887022889107,989.6471569332388,995.13282784139,992.5585825859728,979.4058241213731,955.5302536545182,925.858877094242,897.806150011905,882.5609422875069,884.5080962153957,898.0214616467248,911.5878308520644,916.358338380056,911.369162616297,902.9864926701722,898.5668304550237,903.0985441547045,916.9122994136153,937.8838692951704,963.1045588814071,989.4487239002175,1014.0663725977754,1037.0713745116873,1057.665904285128,1079.5838830771886,1109.5463919828064,1153.4537487449256,1204.0205792213187,1244.9637401188836,1255.853075030763,1223.9639782909087,1158.652370133101,1079.00068284
7kg_16bpm,2BC,1106.29439263,1075.7514967125069,1045.3196353640858,1019.4475545869554,1002.4832343457794,993.1093643138981,988.8799451824203,985.1107927422007,979.1475005763186,970.4527567410324,959.2899697930179,947.4471497645875,935.8376899823861,925.0100225835802,913.5148110601879,900.3392623525159,885.0197564315656,866.6711708433558,845.7858358227093,823.9520739127083,800.9428236138779,779.9947097455187,760.6446420478075,743.1397729868987,726.8971005991449,711.4291380854299,697.5315067466056,685.3128392720143,675.5829660441125,668.8132405443731,665.5678003847793,664.8381899007665,666.0795935428237,667.6243434822384,667.7038000570269,665.6700732660196,660.6609660143228,653.7224482681946,644.9344812718958,636.0798202068876,629.0333340215053,625.0646150379687,624.5672194460724,627.1837777514388,632.1674147920564,638.7582638864179,646.1937778919881,654.1420057210001,662.442046468373,671.2402712298003,682.0527134139489,694.8783119762575,709.6167126291491,725.3263015864667,740.5074003292492,753.7290337232438,763.9972858477028,771.0148554476449,775.2656330730039,777.3472939307472,777.9876138443226,776.8992693793408,775.1742735849037,773.6252883800271,773.7520670697252,776.6536054955932,783.6099865170969,792.4441830364325,801.9195513709423,810.2636953123398,816.192896689703,818.6838638830227,817.1110006882884,810.70836699712,799.7249797164179,784.879001689682,767.7687959142559,750.9488186906523,737.7422295027626,732.1263111852695,737.4287060902107,756.9989866923784,791.8795639501486,840.9867056407929,900.5470340269983,965.7175106576069,1029.0081444863658,1079.567237886547,1108.932638192777,1113.234984654136,1095.2313161081233,1065.2149464080278,1037.674229317066,1025.928659050539,1037.657319515476,1079.8259304199453,1136.6871073712068,1184.9407850132388,1208.3037218897075,1201.8085695861007,1173.02181008
7kg_16bpm,2CA,1364.40660457,1314.6110646694394,1245.751458720155,1179.5574831401207,1122.269467439173,1090.898437175322,1069.3695638791849,1068.1562665294596,1081.258617601417,1100.5884601407415,1122.3095366255513,1144.3283721018386,1162.5083690259169,1174.6976296852824,1184.9175290824655,1190.1476746544809,1195.1561861571201,1197.6629729442634,1195.068079922486,1184.4566015099358,1164.6646102101147,1137.6555802513838,1107.847182503914,1076.0718190860887,1045.3979674221564,1017.3791241649002,991.5191981792697,967.5147195938397,943.5540756926274,917.6750338224591,888.3509763950005,855.2865675837677,819.1075945808458,781.948316417564,744.1456678026213,706.5590684381572,669.3011814047402,629.2874431895438,585.9293399406245,540.6453510088327,495.26531455289336,451.3431977375377,411.05401315232467,374.8670235364408,343.17521578526237,315.51436133800706,290.59472341316746,267.0253604497857,245.3681719286824,225.12714179113377,205.90928018745834,188.4027845296842,173.42150074642797,161.84068000089528,154.36989152544203,151.0984771543366,151.83419948513065,156.1718489288615,163.48277140196527,173.37896482109224,185.61833124992626,200.0080767948123,216.47574509864248,234.92657079379222,255.1136395111698,277.77990917502564,301.4359559778763,325.1072518377283,347.7210295783861,368.7408794640344,386.81882615252084,402.626605202987,417.4334321345142,433.0384679190942,451.29060799616883,473.77120093652866,501.20826199870095,533.3631418064928,568.7940542526401,605.0304092478989,639.2204464090812,668.7161371036213,691.7452811238485,707.2131852207135,715.8002732740306,722.4751534726764,728.0302687967074,731.1066460429416,730.3317462727762,724.8352705030297,714.5131498182219,701.0701882906066,687.2789798844705,679.2664312634462,681.4957482611396,692.3376206060376,709.8225084224953,728.199335563415,740.2218467013215,738.8412713915121,719.85801569
7kg_16bpm,3AB,814.68025705,822.6295299495993,817.7478599926371,791.0063485099018,748.9137161832047,700.9534269010542,657.5207190200457,633.0740735169877,628.0419025549637,639.1216447031273,656.2756311355116,667.356669049711,663.6553531350935,646.4991121167494,618.9613729499044,582.7894456051496,543.0657671311043,502.8788854592915,463.24446550280584,425.6960489898853,392.5179172997988,364.9002475281897,342.4134775753587,323.46328366881386,305.68480396321735,288.9977694903332,273.4633276054703,258.90599116061395,242.28823155178242,220.9380387839098,198.3083511835351,180.9737491056801,170.75182582820236,168.9038795926323,176.1972281916499,187.96044390854144,203.0552846909686,221.77716223616818,246.5039831891842,275.4695623473777,307.5527343712801,339.65445451739663,367.9470118361007,390.2421003470188,407.6095692069281,424.1243606920147,444.7395501580851,473.00243864145,510.13744735344574,555.4654923082504,607.287258736161,661.3749769704284,712.424614788712,757.087963296862,793.337411676466,822.1406527740282,845.8339852357814,865.6405593951752,886.8350483834572,910.1460994423809,935.3185931023535,962.7830273852719,988.6566195156963,1009.5279803450812,1022.4247685855447,1026.7081063915034,1024.3176736870432,1018.0598847760813,1012.3908701897313,1010.5840532797199,1014.7554113811428,1023.0142465633583,1031.170971925159,1034.059360101881,1029.625327180566,1018.4855790316287,1003.9429650769929,991.7849842616799,986.1433679826974,986.1621303670214,986.6334415051571,981.7064988545611,969.2051425472422,951.0159207958542,934.6301089042398,929.9203596049623,946.2713547676487,988.5451240709293,1055.45386662498,1133.214075657358,1204.0064021469557,1256.8697586262522,1285.4657782980562,1298.2696658545974,1309.8140400538332,1333.5999728777972,1369.3712685844623,1398.2663306870854,1398.402194599265,1353.8490308804191,1268.20813655
7kg_16bpm,3BC,1118.65156403,1104.4419658891616,1091.6760299185812,1080.5749566333636,1071.903227368745,1065.4161791927065,1060.8611530523888,1057.5519536256743,1053.0312785117767,1046.0010388272474,1035.7265670388188,1022.8963394655094,1008.1166889668606,992.7562962462473,976.8441174085835,959.4399612032563,939.8655524180062,918.1656856134887,895.1912076086722,871.8458749668071,849.2204898729631,826.7939256458133,806.6356437580761,788.4758760507548,773.5499738165959,761.9098679100001,752.8134647088343,745.1962306494327,736.9475012880222,726.0962326751886,712.7854410855365,697.5257181309096,681.2926806541237,665.3755147507766,650.7594479373539,639.0762860423614,631.9142323956347,629.7944433605628,631.6876617295883,637.403946853833,645.781302462594,654.5788804560647,661.2423932078495,663.898525988153,661.9442475150237,655.673218022826,646.1735721291532,635.0312191579463,624.2043350360508,614.931861262969,607.2431053900001,601.6400417949911,598.7846474018659,598.0635388331428,599.9854373481916,604.1827179457895,610.9424936587343,620.4556167905736,631.9670699733532,646.0065902243011,662.5758786272959,681.9365490316521,703.7412621986806,727.181764136653,750.104281384391,771.414307721777,787.897925923059,799.1124595121519,804.1928034404552,804.0124017446824,800.2272491221817,794.54656857015,789.0898812306468,786.1295054547403,787.1865240015037,791.5873171100001,798.3472123005765,804.339510014074,807.5331688042403,806.4421738159532,801.855907426296,797.305293585798,798.5747134445965,812.4849778312948,842.4153485582023,889.3030939370498,948.6036409367158,1011.5529039354187,1066.8196023487692,1106.0318564635008,1126.3361951546303,1132.0726308952226,1136.5895005035713,1149.2165271531032,1171.359887276179,1204.6216757547745,1239.8295780162312,1262.547291815943,1263.5862344714615,1239.2955875293362,1193.15549415
7kg_16bpm,3CA,1204.52732605,1197.2225155368712,1196.9217337846892,1175.9916714230317,1128.2324745886867,1060.7769073490804,1014.2529118265477,1001.6819796021532,1008.9028935168172,1019.3377713415704,1033.4190724511063,1040.4257229388359,1045.39480201489,1050.5326886385026,1054.958115114124,1060.9232470203633,1071.2457307105103,1084.4047592474828,1096.7571632946565,1105.7778976359352,1109.951047538193,1110.4806699527041,1108.5253046875036,1105.223461009654,1099.8132880748178,1088.5919120893705,1069.969068102081,1045.397119544809,1014.267316246044,977.177917645183,933.9988237129423,887.1487345449168,837.7131749335741,787.1445369949339,736.9954426208102,688.907793473649,642.92350275048,596.5934361429661,549.0100271770815,500.94797747576376,453.581790017131,407.55390630794756,363.7685171829575,324.63775598788027,291.9819895450281,266.43859352035184,247.8531457529985,234.85982453658352,224.45352305815365,214.15089077883718,202.79212722662575,189.70969547240873,175.48369198276345,162.17547586273625,152.02068828044077,146.21077895515805,144.74122534343385,147.07661248171155,153.109250838208,163.25930559201277,177.9301436522539,197.1600289201984,220.3025168521527,245.3312066336917,269.4560322976287,291.6610973046362,312.59215241888063,331.39636176086407,349.1999553808831,367.88851637032116,389.8624531666675,416.90574623003704,448.71759922257775,482.82067580068616,514.684501834068,539.0638066021022,553.4487030940113,556.7642880372848,554.2521434071072,550.113499104346,548.8661075258818,554.7038320407494,569.5599560925571,591.6840503132769,616.020031908602,636.1669951588001,647.2546808648394,647.6566462277733,638.9435486408404,625.514231074681,613.4832889008585,605.3470868966214,603.7136382351016,609.6639755603832,621.8988461876224,635.9321811421706,644.811068356701,640.0865894857117,617.1346922349433,574.4315459613445,517.53332127
7kg_16bpm,4AB,631.00461986,626.3945223537228,611.2412265757887,587.0319712265223,559.2235328141169,535.1409948824756,520.5893946334038,517.6044187573785,525.0813701844028,537.8911712456669,548.7553092068958,549.5218711439907,542.4825572274154,521.4889979516404,486.76156752852563,443.76433490652505,399.0442811301382,356.67934832354786,319.9006538818799,289.31343466010577,264.23559334602595,242.58727094428198,223.61631345153336,205.55413068323674,187.42879636953543,169.56454028891312,154.40870827841806,142.22749102142734,132.79350646401593,130.02641750304394,131.65297767456954,134.3411135524525,138.92369685371145,143.82542177575658,149.74042483731301,156.98134137379202,165.90535393844692,176.7442234536488,189.74632850169422,205.87471379185914,225.60395143053526,247.9334612221727,271.1558856733114,294.6773204093353,319.6231543139814,348.874210868455,384.32064424523725,423.8095918111214,465.1447457456044,505.8975939344423,542.805520126535,574.0295021109564,601.577835486261,628.4325404017804,658.3641604466292,694.2305662838786,736.4385424637132,783.9378758078949,831.3347509044995,871.1575902894497,898.6798921423197,913.7619748436923,920.7507476266554,924.8286685695131,930.1233766933136,938.0095319212691,947.4670608645984,959.0907434420759,974.3998427162901,994.1726624387285,1016.8352290574836,1036.3770772031621,1047.0119955222378,1047.5712717832228,1040.1272991422827,1028.2850786525019,1015.8652510843252,1006.8634027319333,1000.9131112189791,995.9628932804255,990.0132762859355,980.592557610483,967.4348454722633,952.7085645519278,940.1952437282314,935.3070538855611,942.8053645951297,967.9807073562166,1012.1274522510913,1071.6020453675037,1139.394313298837,1206.3089420468168,1268.9383279174262,1328.8409700754357,1390.056677554774,1450.4872206377295,1494.9553965730618,1510.6212127647264,1481.6990987389288,1402.322026175292,1288.61946055
7kg_16bpm,4BC,1093.08584969,1073.5068227942065,1057.7640887941052,1049.196350821261,1048.3469756078118,1053.636581716304,1062.33880256396,1070.867216400759,1075.6305666426451,1073.804020777151,1065.0491950191695,1050.9821434310895,1034.066086465363,1015.7448993655007,994.4406824185955,969.2969118957677,940.0375573330989,908.5466284271281,876.6507610611764,847.0962292036363,821.1068273771647,799.0403781466731,780.813893810773,766.0154285298387,753.3906238251731,742.18149472,730.4986139253143,717.1649458664562,700.786021047534,680.4895552137787,657.651524710088,634.2157027582988,612.2074391124584,593.3698153662788,579.7078912005726,570.5646382278804,565.4680113879048,563.557780822882,563.227959178277,564.2241809440488,565.196027986697,565.4630606932716,564.8972101277334,564.0467789622404,563.8357205669096,564.9483379012313,567.5777805015108,571.5096751008846,576.4915024567235,582.5624712311305,590.1468004800001,599.9475934018675,612.6982085041442,628.5427899086104,646.7626621840564,666.2070219377653,685.580552649853,703.9791936770232,720.2883142680826,735.0344079420342,748.3816170370609,759.9021060076797,771.0893976177537,783.2706222354053,797.6585265028862,815.8386025313866,837.4694166324241,861.506017438384,885.2319593810839,906.2571634748024,921.1245670512976,927.128032881644,924.1499664903173,912.4936316034938,895.2064514376549,876.1072540600001,858.4937610620997,846.9800761697134,844.0199073742465,851.5406034611696,869.3490259917236,894.8054942539179,924.4112777653704,953.9364057334088,978.9856826904038,996.6130816769673,1007.1580051293647,1012.5880231549164,1017.8976539535624,1028.193848443047,1049.0256883586262,1082.83474772448,1128.056250763679,1177.7629677368423,1230.0622491532308,1274.8093022682328,1293.1956864467243,1280.6247798348124,1240.48974125625,1182.9726232450205,1123.57192752
7kg_16bpm,4CA,1414.11122092,1389.3423698170977,1322.238472490536,1244.8930377263896,1182.418036375922,1146.66094379422,1089.4617093639722,1073.5071641407653,1080.731498829279,1088.6705462614116,1106.874354335388,1122.4656038887445,1130.0447476109248,1139.8563242697364,1142.5666955658132,1137.0290160860889,1125.8832262518017,1116.0533598260602,1107.299596497161,1091.964337458829,1072.5483606482267,1050.1439044741633,1026.94784325842,999.9619427520099,967.8283025558488,932.0500384214175,896.7453534323024,868.0585965699942,845.49751206259,828.4428115674611,815.8126722003091,804.5331915922668,792.112538968307,775.871164411597,752.7946585618093,719.764015965641,676.3515136161637,624.1002267714002,566.7617055981499,508.18399707794003,452.4915738657634,402.0107547534891,358.56814690403945,322.7008276945068,292.61634294749757,267.64809233506185,244.941003554575,222.18389715863248,199.22183088677392,177.14260475861693,158.36885035000006,145.88289589009239,137.33908078908846,133.94692935392814,134.89763073829462,137.7956581511552,140.9868648538407,143.2585422125034,144.19627817667362,144.34319181838583,145.1336012381619,148.54833366767107,156.47116090045506,169.94122723977057,188.87284623120195,212.92549264527796,238.0517406788683,262.2204754509393,284.02987923029906,303.45248655982624,322.3625621095567,342.573702345684,363.2667826251569,384.93138085431804,408.352132455483,434.62278217101306,464.49182503939704,497.9418536267872,534.2685638362757,572.1262020594354,609.4567221893462,643.2925607224654,670.355581356906,688.4112437272358,697.6360802438865,699.0912273418614,696.1125934921795,691.6883601514529,686.0909366606883,680.4457661685136,675.01891470107,672.4482305911853,672.2362482225269,672.9580989386735,675.0488526888187,674.9375751234992,669.4378957301624,654.5767771783143,627.1772018250643,587.774894865358,539.20196448
7kg_16bpm,5AB,759.86411913,720.0610707455199,676.1110766,634.1933914061837,601.5663090600001,584.511989312926,582.67677738,590.9358249491672,602.93045232,612.466988639124,614.97755424,606.0288131326245,585.0945095100001,557.9995009156501,527.9643513100001,493.23677977357215,457.31621591000004,422.27968317235025,389.10640097000004,358.06117343671974,328.38875792000005,299.5713093682249,270.81785531,242.46323561309057,216.3597264,193.52591835606472,174.08271233000002,157.31238402529593,141.84678376000002,128.89149509604823,118.56649007000001,110.99331233519503,104.89163167,97.74983080381142,92.37561965,91.8594121866114,98.05316319000002,111.37397421614587,130.72025885,154.55801635630485,181.56206785000003,210.47021898100186,239.65772351,267.0756872853493,291.23230564000005,312.191456372086,331.68331522,352.02065889992787,375.35866233,403.6986237441655,439.83217731,482.97140884346487,532.11887288,585.4338549781642,640.8023336700002,695.5671375144959,746.8738725900002,793.2340997955532,833.23433112,865.669279661738,887.3349135300001,901.6282041403327,910.5588442400001,919.3003627584615,930.76542009,945.224227563422,960.75681934,975.1087630910976,985.4152705700001,990.8961177419991,992.48839454,989.9044804187071,983.6728035000001,975.608761098989,969.0209655600001,967.6900076388667,971.8189115900001,979.0682010099481,986.4927142400002,992.6672657963327,995.3534050000001,994.6041166120112,990.32158626,985.3114362053402,985.1625490000001,996.4427049427995,1025.1838476,1073.9116739115846,1142.54203132,1224.0045591973062,1304.87580307,1378.312781539761,1442.04462967,1497.8327503501284,1551.5034522300002,1612.5751695510698,1662.85412416,1683.6655072167298,1646.1068942999998,1546.115879522732,1408.50923519
7kg_16bpm,5BC,1208.5804812,1172.8534433552015,1131.8896282456847,1096.6535258778224,1066.4690679016005,1044.0035468112303,1030.647485314819,1025.3157108548392,1025.439512587693,1027.7325653008515,1029.3973360325415,1028.193304860977,1021.809650628035,1009.062365036543,989.3763841421338,965.5345458153362,940.6620596147206,917.9633176994895,899.396610325916,885.0628623719864,874.1748826645083,864.9609959570121,855.3032261159655,843.447211048547,828.3062623934526,809.8081907095362,787.4853179792963,763.7269031092242,738.8598880984749,712.3339130383443,685.3610338418476,658.1687019317576,632.2074561925335,609.1526002261054,590.7949338640532,578.335707317935,572.5121779531148,572.1589002856673,575.3179761210267,580.2305403367696,585.3736263962,589.695755720858,592.6434876124346,594.2584455307699,594.1866193009611,593.7077664758727,592.8570599410099,591.9442631616253,591.6046328594631,591.5454586045628,593.3850682647295,597.1555436569845,602.7891883258721,610.3513409015466,618.06134726214,626.8682261096958,635.3065378546913,643.9735457338443,652.7080238523591,662.1594276192418,671.9511262084169,681.7195559683329,691.5126202642576,701.3791832263261,710.92324071416,720.9402441782197,731.8766982808573,744.9241627894967,760.0812326370468,777.4054335436578,796.3925060272209,816.2746892783712,835.7124476770371,852.8976463894253,866.8495362276279,875.6930462395682,877.9638132511742,873.920905191083,864.2115068963503,851.695566658471,839.2689509019223,831.2009470058761,831.5232191454832,844.5056179196729,873.539533833656,919.8535531165219,981.6433103984775,1054.3762168225498,1131.7365725352267,1205.8188551275473,1269.7910229196223,1322.7569896127707,1372.2947864307514,1414.3568469511847,1443.9389964548645,1463.8203118457998,1472.1059907570832,1469.7310614352011,1453.3325146955617,1419.4282246260111,1369.56080602
7kg_16bpm,5CA,1287.37012115,1295.678506329804,1276.224822076852,1252.4808461448317,1218.697939265963,1191.0042369868277,1140.8784533385103,1128.978216485948,1123.3971814646386,1129.7983163520198,1154.6799961690456,1176.5720836076307,1204.603875893653,1230.6428766870017,1230.2653363003099,1216.499334212065,1200.682508587421,1183.7016288456953,1157.0255619994132,1128.0729314836192,1096.159487734631,1049.4884645677498,1000.2131533556442,953.1799114567236,913.7035376851577,880.5260783107167,853.4777825019071,832.5957871882678,815.7845423549551,799.3180619279144,779.1623463016933,753.2107057486149,720.1514776367106,680.3927874662397,635.1259170384405,586.4952438696503,535.4405072086739,481.4745469497705,427.083787415336,374.7165852140369,327.6771053236237,287.31104117116894,255.51814046358018,230.2618445055097,209.23420341766325,191.0884064493945,174.61440812555654,159.1550584085593,145.5386103551511,135.24757387501037,129.8278265200726,130.20760263349678,136.7620402415492,149.08139626984826,165.6714889388683,183.49927285940572,199.50329647109973,211.7502961944501,220.17382737073402,226.55059036498417,233.42860913373073,243.22220079491092,258.4359141095047,278.13123405827855,299.7876205726998,320.1846749824743,338.2032941536303,353.6497505266746,367.7153973967631,382.63574158912314,400.53446400553037,422.43330707356847,447.88227477103464,475.1336854090718,501.41577368664974,523.571480993953,539.8384931788717,550.9002838597614,559.0657990138355,566.9989287329385,577.2550418434039,591.8434033178062,611.5973962795476,635.0785826041625,658.4022172743875,677.0835462574495,688.0211706930085,691.0270854705011,686.7975889225933,678.0368568659296,666.5502284227758,655.0285214473685,647.5976200923183,647.3447309749636,654.9349853634994,669.8662162696854,688.1833518791036,702.6276973775072,704.4226596698186,687.2190471188753,649.37109451
7kg_16bpm,6AB,783.3554079,741.2474021086032,689.0399263111844,632.0259476527649,584.1222127116954,552.5751900034226,543.9668470956824,553.9806650116782,576.8016370320111,602.677476132619,624.9695147841043,634.5910146729668,627.33552868546,606.639402893421,576.9676685138901,543.4781323881982,508.4075186742335,474.8665147430401,443.22258884385275,412.0942261903357,381.4411049600001,349.88359371320695,316.852162696373,283.01226241073624,250.859203743978,220.78897354456257,193.66628648660028,170.64332240750016,151.79384140637794,135.896725086872,124.6142414081919,122.9652777415181,129.50261756210773,140.7584080632178,155.38136770961623,169.98259634012592,183.6579620885217,197.28214626943065,212.99090318492713,232.96311295357364,258.7014011300001,290.6181886670085,327.45262487575314,367.0094482319576,406.91770355756705,444.5119025495048,477.3541217362133,504.499422425569,527.1979520771483,548.604641570773,572.301535568749,600.8466166693671,635.51479129202,673.5889247263249,713.4444994504856,751.8167840149164,787.0622134668388,818.500282098024,847.2579125321181,871.9200204698027,894.7143494600001,915.1470228638459,932.5642184710699,946.873319159099,959.2282411762064,969.6680896041402,979.7578195475692,990.1168351096601,999.144732318864,1007.0461585877315,1012.8169692535357,1014.6352044828659,1015.0122823121208,1014.0960333171249,1014.2001847431906,1014.7685343080175,1013.8833146137694,1009.3801383314396,998.9266242143359,983.1872647399495,963.02906456,942.0647178648693,925.048838140368,916.1629284080124,917.1556134625034,929.0798522088672,954.5795251868351,994.6779567886072,1051.6925310686097,1120.0541323236794,1192.7965252615322,1265.1303281302512,1331.7431042821383,1392.1412546037272,1446.4426881214865,1498.0623241708076,1545.2873727461908,1575.1652226261485,1567.789512015782,1509.246001099763,1409.16643021
7kg_16bpm,6BC,1171.38676083,1124.7454937205182,1088.698454725514,1060.6657900158348,1036.27520916,1029.1627867833122,1026.0913369497086,1021.8060655862182,1016.1600373100001,1010.7608363641694,1006.6479905979047,1003.9264920700942,999.4181641999999,990.4697748831662,977.6080870635534,960.1163685847588,938.65482766,912.7848406667434,883.9094298219442,853.5431272672159,824.1785454700002,797.1013712272425,773.751313678881,755.1691873858604,741.10422242,727.6964912133697,714.24609826824,697.568170934637,676.1697299800002,651.2212843877503,625.2581147491845,600.9616020539022,580.8432658800001,565.8979092914158,556.7943578147647,552.9283224266544,553.60684473,557.980088612517,564.8118597412332,572.9475932372341,582.04978397,591.5476930764368,600.546008553746,608.5378934138912,615.5186344100001,621.6916465495314,627.6292317317196,632.4826368224577,636.77724252,640.7668352609606,644.5706058312767,648.5327632490958,652.9667171500001,658.4330909084251,664.6556794227383,672.7711711867748,683.09169492,695.839683680102,709.9568097874273,724.4300536973583,738.4277654800001,751.3739832978855,762.4920114149155,772.4815657689945,781.8769833400002,790.9583886288759,800.4654262201411,809.9533461226259,820.0942072400001,830.0694107782704,839.1281657378951,845.8483949668107,849.6562230500001,850.1872425895142,848.1513774975762,844.7930802305128,840.8670272000002,837.1259072417002,834.4658160006912,834.4459314639889,838.7651059299999,850.0560329761811,870.4812519482557,901.9231439070791,944.6682498100001,996.6185226590621,1053.614146567236,1110.6797910234902,1162.0214421500002,1204.0720614321654,1238.1944720678407,1268.6726090090583,1300.5161724700001,1337.1346817736194,1379.1842815150396,1419.5739646440443,1445.8726628400002,1449.400382473485,1428.7044075359424,1384.548979926731,1325.18201461
7kg_16bpm,6CA,1237.04979657,1254.8507268548924,1244.3750935579594,1207.0834400941076,1167.2381581295572,1143.0270387623311,1116.020981870883,1103.9591674433445,1112.1174560184215,1135.9360907950063,1172.6273467024957,1217.8199848678776,1264.604832912162,1300.0517832654978,1300.3899021937796,1285.8371399516934,1259.0823986965397,1222.0434257292798,1178.7999352594736,1137.7728685543152,1103.4249008722686,1078.1924487788829,1056.1522597191606,1033.6600025740572,1007.8832885999976,974.0247957126027,937.1295316798497,899.112340982324,862.5732027796728,827.0205167542564,789.4341958606155,749.2794321922377,705.4477019522213,657.1395059595313,604.5218039200803,549.1385921600616,494.9602758632098,445.9711473654445,404.1512745840369,368.89527866548383,339.4361142834584,314.0326834201204,291.0272010324742,269.15997317084975,247.041397335866,223.7768579417552,199.82352336130813,177.16902728191377,158.8070687396236,146.14156975157303,138.90326559,136.17440047234217,137.45534013441704,141.77530616981676,147.5360772950801,153.082311198173,157.87390980208315,163.15631100995998,170.5896793665677,181.5425005935684,197.35924566711674,219.17506045755712,243.22136270574987,268.58599281103193,293.4115546851166,316.3072996604644,337.43909783892127,358.45339847427243,381.2892093204774,407.3214551748663,436.81894229886734,468.89530562336506,501.5982127588198,532.5401986393871,559.9681331429846,583.222203847352,602.1658901135007,617.107992456634,629.2222512520087,640.5067871561538,652.7173523821172,666.8365037497101,683.3867036648496,700.166892235939,715.9363761324696,728.4489146366631,735.549664374281,738.1438788485299,737.3330526314712,736.1221113505252,735.751813880161,734.6454328869804,733.3360658034991,734.5035058135616,739.8732768528978,747.5606704822441,756.9269461041735,763.2500882778362,760.7474760771998,743.4839336935273,708.41233188
7kg_16bpm,7AB,702.19603673,658.785495951561,617.9851908051025,586.1171231393671,568.6782760053821,566.8087577977368,576.6903285198005,590.0584813775382,600.1831153882958,600.5141125095578,588.8502463490321,564.906233463438,536.9948559549151,508.9381642664701,476.85792030312916,445.02776548638815,414.3287140304256,385.19694015796017,356.9579089146369,328.7790738532864,298.30007847176853,263.9199122204506,227.70527951701777,192.2726493991882,158.85668794818906,125.64134989000001,96.89628043781325,76.24830276178947,64.02823369632969,65.89482760245753,67.50392348406083,70.85254959002218,77.70137780605775,88.46804204352243,103.19143592291879,122.0377642182821,144.98404829529395,171.10193831061318,199.34885664092502,228.5795646002902,257.5427439045339,285.2921368784344,311.7048214637244,337.1582772164152,361.7758477802887,385.9623473283401,411.0344262051861,438.25298105803597,468.3366454770144,501.25082368216385,536.8083356,574.9348103446201,615.9421607079064,659.3980502083318,703.1071765239298,744.3175453592718,780.3630817576309,808.6995024573816,829.4203981202356,842.9565170684174,854.0453349199997,866.3606034456074,881.3748493242671,898.793256227208,916.0605101626636,929.6921064991468,939.8123944004491,950.0596643048725,964.5944039393871,984.8895474357923,1007.20419986878,1026.999321344532,1041.2630717688305,1050.6673582423093,1056.0388205410231,1057.9658964800003,1054.912129203796,1045.7892368777882,1031.2799432499712,1016.7247320446459,1007.5009178488231,1009.30289412226,1022.5066417386937,1045.6325108374901,1070.6308530337287,1089.1521198771884,1096.434664111529,1093.3237651735749,1085.4723329994722,1081.811351407355,1091.8728122578468,1122.2262671332778,1175.3881379597337,1243.8348565971162,1316.5749607336568,1383.115172868509,1434.1056293216948,1456.4661959844736,1444.9751548826364,1402.661829255286,1340.41118235
7kg_16bpm,7BC,1064.56139808,1062.29225269382,1059.0200102837127,1052.263730559303,1044.7874066581742,1038.1957905106342,1032.2467279169741,1029.5711036664557,1028.9438138356086,1031.0314732244126,1034.5440085950347,1037.3178175373564,1037.5423516847786,1030.985846620298,1016.581997300185,994.7082795429086,967.5487482493935,937.6840497532701,906.3176468504183,876.7454670732836,849.0503766048907,824.5196089087347,803.024285221765,783.5978932470698,766.2364788914158,749.4712502317484,734.5361941474619,720.5264511914721,706.951315503799,693.0621924335089,677.5772511435877,659.4305422025275,639.7789069919903,619.3683851922856,599.9414239193313,583.4130901684279,571.5453613629064,565.7556848121865,564.4428757942112,566.3027632346203,569.3882102759983,571.9467132936119,572.2768210070162,571.0813430561934,568.4141512134015,565.8642544265946,565.0760732076975,567.2158993790664,572.7186596460898,581.2464294010672,591.8641927200001,603.4314481924906,614.8362863540403,625.6705228135003,635.8441906932236,644.3576813646009,653.793819527442,663.993138288845,676.7041309622653,690.9970098375786,707.0870763870321,724.0605340074669,742.1148550750462,760.1475646943759,775.4661428973188,788.246988520152,797.7927998856551,804.724161978129,810.0496782695611,814.457922697548,818.5213756932117,824.0777965247038,831.075352017629,839.2127451518032,847.6980352340192,856.4283246688677,865.5466819236511,874.7336964122309,884.4090281289837,894.67838222787,905.6368259715604,916.8561147965241,927.6131630628021,937.2912499581994,945.0882594794372,950.5103047580782,954.0083194444009,956.2177662158584,959.5852991529413,967.2842232088426,983.3870942655392,1011.149299825338,1060.7521326908984,1135.3538825661724,1211.6656202469335,1278.034043459786,1323.7442544345527,1346.3250790659076,1344.35350596669,1321.5826951240076,1289.8945301
7kg_16bpm,7CA,1265.58722058,1197.7348891042218,1126.1281089135848,1076.8671325488203,1059.914967145566,1059.0755258775903,1092.9150705756417,1131.1882072153528,1156.572649440074,1190.7048807726733,1223.7183330944122,1236.4357320255892,1239.406640854256,1244.1586774033412,1245.7301208679394,1238.6389496106062,1225.9523538714618,1208.1606241644884,1188.7717780545306,1174.003655464354,1148.8066698155515,1116.2035091643302,1081.692458551482,1041.050942664451,992.4186872647812,937.9157466200002,880.8232904816808,824.2325468571872,769.2951659926192,716.6592872371158,666.2163640198285,616.4241335694695,566.3022565785926,512.8508901102284,458.03858431145557,405.40263990874064,358.81953133706304,320.70893927221994,290.20787216128696,265.242734245553,243.1860921017916,221.67522172482086,199.73649894484373,177.80106611432663,157.97910855103174,143.10694810244632,135.0813369483731,133.03911773665425,134.39289277088199,137.20832885190666,140.29324906,142.9211780988343,145.7537105639044,150.16914554533128,157.64964224180343,169.13276475981897,184.65624126826953,203.54746043609308,226.69962224828453,252.60355083702376,280.024857141897,307.02045280466217,332.6417194148322,356.0820857939137,377.25991202914906,396.94212891028934,416.632707673861,437.67921908392634,459.75712107505274,481.6243857183038,501.9382026148287,519.4086833704456,532.3131655126397,539.3781626397587,540.8139875647464,538.87805614,537.4802823668724,540.2604462993934,548.9593553975068,563.5850104054132,582.9908681876833,605.1832048903483,627.8652747442748,648.9468214995127,667.0616258605278,681.5035110546378,691.540806807215,696.9785924779836,697.5483597466834,691.5334479876352,678.6402472775255,663.5054397584026,649.1355656691701,640.7556607499042,640.873610673652,647.4176918634814,654.7671765059401,655.5606400609586,644.0892072277474,616.8163286053208,576.09238903
7kg_16bpm,8AB,771.82268017,728.8876179333729,687.4476264902029,653.2040318658314,636.4588934906951,634.56966897,642.2519568204236,653.1674101218757,658.6782215457889,653.2377325112999,634.76216732,605.7389536954621,576.3748300544124,542.9423093594179,504.5899085445009,462.44816921000006,417.69598210957923,372.30127107141226,328.63591045513493,288.7392604600216,252.65011175,218.9189996029462,186.95009174496172,155.44287381181607,121.93749201108693,88.79874862000001,59.12123516819613,46.10851410979952,60.2777888971492,63.048993511858015,60.17349798,51.76058251340944,40.5635843369771,40.184310140214826,63.59924520112063,89.01666772000002,120.53507306167147,156.91619549422495,195.60894371824793,233.3724561497347,266.53134668,293.6009860559845,315.85052748638043,336.33597183110453,357.4403768201252,380.83730174,406.8380246116831,435.03064004824404,466.34577552111114,499.8025668948511,534.9083995300001,571.0253404770092,607.3340481653908,643.3157660206136,677.178386651992,708.6295349700001,738.5070372159335,767.4545070908072,797.1946286738186,823.568355670396,847.7368624100002,868.4215648246834,885.3431686199723,899.3344745964296,910.9439109920195,920.25710549,927.9870609036664,933.1900218063215,936.3399607665693,937.6593835327643,939.65262999,944.2601097674556,953.3215765962916,965.2209802823205,978.7986154945486,990.0631756200003,995.3871496499688,993.0189567608666,982.7740289267127,966.7148719539941,947.14138052,928.802097370947,914.55815860306,910.0689845486513,920.7598282474033,950.4887752699998,1001.5637768043432,1072.2935118721416,1157.750657557323,1243.2467269016286,1311.9094409699999,1356.627385873496,1377.3292059019911,1383.7284734846637,1391.7193565000794,1413.7329545000002,1456.3920481721993,1503.4821464151455,1526.3322035402598,1502.8665382898453,1426.54042232
7kg_16bpm,8BC,1225.34192044,1195.2680701757647,1154.916359732136,1112.589265565551,1074.9343015200682,1043.66695754,1020.0713577918187,1004.8924533371618,997.0808217215574,995.9029535149494,998.8984799100001,1001.4952281829209,998.2992887201349,986.9613362625304,967.8762101796524,943.2681617500001,915.2922892673054,887.5393323926717,860.1328872487838,835.1959667139445,811.6299565400001,790.7122808683948,771.7442798608067,754.0093583864139,737.2118679955374,721.2276962900002,703.4897126144241,685.7758502579721,668.3809081306323,652.9885823862538,640.45189683,631.4715360652306,626.3897020285594,624.4181279482514,624.1151816514409,624.6369913100001,625.4261271553926,625.9437569822354,626.2486491667125,626.5548802426799,626.94479246,627.952215017897,630.1456103364452,634.0536696771189,640.0276587104526,647.4322074700001,655.29922697535,662.3840198041681,667.3373960022648,669.3524421251483,668.3579477300001,664.9129855122927,660.0371187841184,655.5603617593742,654.0550000995531,656.0133240700001,661.8125512417992,671.4952636265778,682.9570731629202,694.2120006648623,704.3645668,711.6676200692123,716.5233866935017,719.9323340593655,723.4069355539127,728.2699139700001,735.5172235611147,745.2332961695743,757.3775954208692,770.4508620615572,783.3867109100001,794.6766346628496,803.6432308045884,810.4643318038637,814.0020685927411,814.16198783,811.2084387796252,805.8165691224008,799.4030230623266,793.7177183608907,790.39239335,791.1023992518294,796.4100059591547,809.3123057011551,831.2408835518272,866.05303557,914.8148518176579,977.2985605932482,1049.821660315205,1127.7115851210456,1204.38787779,1284.3394011172913,1346.0007337499026,1383.706395374534,1399.3046874699926,1395.7376724,1375.9942240759897,1344.0090830381107,1303.9414914275171,1258.232895967633,1208.6984217
7kg_16bpm,8CA,1262.02812591,1226.560814830368,1183.662714524357,1136.330584230263,1101.647769051674,1089.2690525242376,1098.0832039677532,1121.8546617049235,1154.7148519974965,1190.407459968904,1221.780491006651,1239.9674198251505,1241.9884601464591,1234.4823493973383,1222.2453462084925,1206.7103200244926,1185.2156754602013,1154.5420994795209,1114.428848569454,1068.055281345592,1025.3464289966332,985.0172828878424,949.1664181900306,919.6915505756455,897.0062302294609,881.3886388224811,871.5702025316095,865.165929238534,858.6973255474918,848.4268433686808,831.0700767439813,802.7290537089193,760.231732195635,704.2173880715308,639.2969355148822,571.6827549342111,508.9219945516598,452.8194345374986,405.9107784616925,368.8904505907874,340.6455145257904,319.3788107822247,303.2427256692236,289.40824574902666,275.86140241974033,262.52618940112137,249.88535901189618,238.77295874957014,229.5498419945409,222.97155639314377,218.73994032421814,214.81455252385993,210.4736296299874,205.9882338548015,202.54060673950562,201.985100121286,204.62940375648316,211.1295758791255,222.27994282862494,239.28237311422035,261.3246274258519,287.61002578822115,315.5700349887185,342.8271901324637,368.4856907583632,391.2395481454106,411.4341974331639,430.99030830242003,451.4804011594318,472.79636702255,493.1370813336015,510.22516040001875,522.8027197242502,531.8277407659716,540.3225788039131,551.0654808960645,564.5117605471879,578.8909512651134,591.3432686893941,599.2649984918968,602.3279145260894,603.6001317472239,608.8885865060138,624.5577328955366,651.8880783338042,689.1733020013744,729.7322346224338,764.3190181323037,782.488740719957,778.5783619420555,755.0863213956228,718.2010102582185,681.5872712415168,655.2117367914802,646.2657297239881,654.9484221047466,674.4563080055368,694.1922129671838,702.1612944015609,690.7902988064868,658.0802583
7kg_16bpm,9AB,775.64263411,718.8650897170446,664.60536647,621.3386893974186,597.3577718800001,593.2830489884352,603.3147532,618.9708929476999,629.5982679100001,628.1376381849117,611.71873924,590.6169715093902,562.4571641700002,529.3034916480543,494.94750844,460.9627442930332,426.89124059000005,392.2698343592228,358.08640326000005,324.3427291536342,290.09216476,255.36642594054777,221.88159474000003,192.22171490538253,168.75913685,153.0977226183109,145.23575711000004,147.39521005869943,158.09692537,170.73658259431843,183.16269727000002,193.71419427049128,201.58847116,207.87557059013722,216.51314958000003,228.79220638737593,246.77558061000002,271.75247045131573,302.73042244000004,336.86916894170645,370.61519669000006,400.75362067495183,425.58870692000005,445.52081148205184,462.49419149000005,478.93806274835504,498.04752687,522.0545118497371,550.7695280100002,583.5414494503198,619.3912967200001,654.7734230848882,688.6703998700001,719.0894717954911,745.6891047100002,767.9792486458222,788.98234084,809.3903129442592,829.8100621400001,850.6319557464503,871.36443482,890.7921008240712,906.3042457199999,917.1669213706075,922.6907873100001,924.079915226842,924.2189842300002,926.7787160248565,932.85013906,942.9737471068726,954.36660993,964.8392958052759,973.3017260900001,980.3641932400295,985.8921152300001,988.1949825494387,986.6045032800001,980.845533705412,969.9577317500001,959.1986949441412,952.6192821200001,958.5175409142466,983.12808777,1031.0986885187929,1102.5894166600003,1191.8629168860216,1268.87282287,1311.484692973088,1308.3295642900002,1260.6578336284115,1185.1908052800002,1118.6447376532783,1077.2051834200001,1077.1613482348728,1124.78813084,1200.283975118349,1272.2235587200003,1314.8415099522333,1321.5755082700002,1299.8216492855247,1265.81510974
7kg_16bpm,9BC,1194.1062826,1153.5566116766731,1108.5882761461537,1069.5459231825257,1037.2560050499433,1016.0446110200003,1007.8591740014741,1011.6463109319733,1023.519675422284,1037.7653043277776,1047.48244207,1047.5483218762042,1034.000557633271,1008.2289039774741,976.0031473999776,941.89887049,911.0700612260116,884.8613146172659,864.4674149013571,845.8908575755032,827.9610842800001,806.8066050925262,782.2769385657057,755.7254085594172,727.2993743749669,700.2202025800001,675.8455292613608,655.4557095571353,639.5674654190972,627.7360820451755,619.2130147800001,613.0421897394333,608.2290801455197,604.549008059752,601.919557892812,599.7926872200001,597.5608443217465,594.5654108238507,590.320023880011,584.7321820651059,578.1827099000001,571.441690155464,565.4820901058212,561.2892001077083,559.7387730061458,561.4065635900001,566.4061602716586,574.4091655602823,584.7187874383271,596.3206744743061,608.24148507,619.7622899607519,630.7505529364905,641.6206732700693,653.0128453396046,665.86637541,680.0845929974666,695.6552131224051,712.2208659166669,728.954243451772,744.5087582300001,757.212626570686,766.4029594139561,772.6929226425892,777.5073719132628,782.7884680899999,790.341547543113,802.012270537842,818.7333566773019,839.4906290059429,862.5509689900002,887.2927218878729,909.2018258544795,925.4875255938058,932.7565049290765,929.1127594,914.1447900980075,889.8025386009374,860.4192548782466,831.4611178038942,808.9937689000001,798.0583642336716,801.4843308455434,820.1877801517915,851.7485617868504,892.1335539000002,936.0322807893865,979.8565187332547,1021.413720073752,1060.9836395417433,1100.26096739,1141.23185444729,1185.6668657855328,1232.688590261956,1289.6870018931115,1349.2028620500002,1393.7905995890026,1416.4297200636927,1412.6853952910271,1383.689858477107,1335.8772455
7kg_16bpm,9CA,1207.74134494,1225.1387983190132,1208.6352378439262,1165.2036826042317,1107.6849434436565,1075.3957324372093,1068.1527864418313,1074.1538880028004,1077.82818543849,1089.1855310484398,1104.6504206091072,1122.794744083841,1130.3368317480147,1133.3132551394365,1131.7010307153325,1125.0203851064657,1112.9784294861417,1096.4514715828664,1078.312823941328,1058.089381107338,1036.2881584913762,1016.4203284153954,999.543192597643,986.4166610498656,976.8811731822697,969.3630565700001,961.6140309135448,952.0396109496065,941.2672858744901,931.5301178425241,924.0654461997143,917.3248563208854,906.945057470026,888.545516854285,860.8826511992074,826.3302580365724,785.6273539572056,739.5319537516017,690.317675490056,639.949825072171,591.4536216923823,547.038671400976,505.4145578433338,466.63064139120587,431.2270050851745,399.8432675056453,372.5816938768418,348.69635216026523,327.1176742418965,307.1395179594584,289.0226104700001,272.8858824983224,259.76687217626113,250.98708011608548,247.25623384409676,248.1064960889925,252.15297081476294,257.4954467137933,261.99936839374675,263.8646617016028,262.55574811587667,258.9675254484633,255.32252204779516,254.30444093544577,258.1325585409247,268.85972687861164,286.76277045119343,308.3915502714297,331.8138717592183,357.0130429187315,382.263538959564,408.00518188987087,433.9836892040849,459.1529079828945,481.879093870027,500.8896555900001,516.2410562825753,529.51879517672,543.351010380627,560.93608192507,585.3436315535928,618.2786519800634,659.9505403639614,707.483580967175,757.9000566541642,805.1154493212322,841.0146887008883,860.3524106206428,860.5093186103511,842.3987843545016,808.8812020249924,770.9227503991561,737.7981247975733,716.8044348173778,711.395327092815,718.920416164755,733.2442489971106,746.8049179701334,751.7125804596712,742.0965874783916,714.76161643
