cond,seg,p000,p001,p002,p003,p004,p005,p006,p007,p008,p009,p010,p011,p012,p013,p014,p015,p016,p017,p018,p019,p020,p021,p022,p023,p024,p025,p026,p027,p028,p029,p030,p031,p032,p033,p034,p035,p036,p037,p038,p039,p040,p041,p042,p043,p044,p045,p046,p047,p048,p049,p050,p051,p052,p053,p054,p055,p056,p057,p058,p059,p060,p061,p062,p063,p064,p065,p066,p067,p068,p069,p070,p071,p072,p073,p074,p075,p076,p077,p078,p079,p080,p081,p082,p083,p084,p085,p086,p087,p088,p089,p090,p091,p092,p093,p094,p095,p096,p097,p098,p099,p100
15kg_10bpm,10AB,-2.4020042410068068,-1.7958978743779694,-2.4319942341775245,-3.9453225138999413,-5.778962704492448,-7.412794916362236,-8.5486710797515,-9.175821394994948,-9.495042124603655,-9.753026780512226,-10.084699635341789,-10.447202167721542,-10.663972775051255,-10.530939744853804,-9.91462300953093,-8.797760982962389,-7.270839905453833,-5.495344928050734,-3.6647787640664142,-1.9722066310682602,-0.5777652532713835,0.4299760151210865,1.0699295190186504,1.4781169880615084,1.870376263021393,2.461787048915705,3.37576885729744,4.586866948426745,5.925105479803481,7.138099197126835,7.980070343000633,8.28864388999201,8.022102339156268,7.251940291528882,6.124917003362803,4.8165514131838085,3.493500636938995,2.2909138637859954,1.3007409150906355,0.564664175712227,0.07106998895223254,-0.2378011448403302,-0.44323394876918204,-0.6164812248966915,-0.7892765780418192,-0.9442186208833655,-1.030169853640587,-0.9938604890374807,-0.8115810251921944,-0.507363823181217,-0.15219955393497286,0.15341309632896413,0.30715919221493587,0.2352650267787716,-0.08258163171360834,-0.6020449696439767,-1.2225747008162224,-1.8151769986134694,-2.261426125172128,-2.4899618606992653,-2.496529162344938,-2.3398418242231975,-2.1155230832810425,-1.9190830249780362,-1.812114670100896,-1.8029288010097877,-1.8466138888399528,-1.8632018556490362,-1.7673925655428238,-1.4993474371964253,-1.0448316077472921,-0.4365498661071488,0.2631719524367889,0.988807449957132,1.6927050590176576,2.3497232819771448,2.944189358064949,3.4478619123795324,3.8020240798368605,3.9157198438300265,3.6883502955081773,3.0586612802333963,2.0707363490994055,0.93091451291045,0.016238880450408145,-0.20063505226910403,0.6853649749669838,2.8043702319300796,5.845762569748673,9.027098532142572,11.251729489317167,11.435562443547152,8.906478442034663,3.732625049362791,-3.15811708828529,-10.140727409543146,-15.307662282147655,-17.00579377991109,-14.31598377821098,-7.317530001022021,2.9396572432199712
15kg_10bpm,10BC,1.977938765161667,0.9269238545709642,0.45759083318766336,0.6654515409374038,1.5162336776350926,2.8566198297687393,4.453898025231717,6.0558968356557825,7.4516429676313205,8.51550408248507,9.221577663844545,9.629846880600944,9.852144570677332,10.014312302092746,10.226094383408917,10.564927602163863,11.072641185464683,11.759832557200172,12.612844521381607,13.59992078839755,14.675247228263625,15.781558551017799,16.85228013609213,17.814874534805824,18.596525097719162,19.133268138002002,19.38235250539396,19.335637771063222,19.029186084157427,18.543580333810546,17.990477483247847,17.486592425647157,17.121610887479964,16.930048654155925,16.877998300427162,16.868939825063176,16.768625695403312,16.440709245154775,15.783267903718942,14.754792319344714,13.38346622577895,11.756771884565726,9.996995592032198,8.22995752069632,6.55710604964765,5.038330802402236,3.6883161854720865,2.4850721321254037,1.3849255470986148,0.337527502655675,-0.7043596692618144,-1.7818216966295817,-2.931324235675967,-4.185831532611806,-5.571144427061591,-7.096342792718379,-8.742233257587467,-10.454751066064155,-12.149504247515495,-13.728612680551674,-15.104589161057241,-16.221491612487146,-17.0654436106704,-17.660372883872867,-18.05346503899558,-18.297241666800435,-18.4362890398421,-18.50202507055635,-18.514603980313517,-18.48821557992064,-18.436210042217006,-18.374184598255287,-18.32043462234068,-18.29326757365348,-18.304129378277533,-18.346355231373416,-18.382429184945693,-18.33642829553107,-18.100308380994466,-17.559584768450783,-16.6361937227202,-15.334660435970632,-13.773428405465388,-12.179838261391732,-10.843003521282588,-10.030329882749735,-9.893942897996066,-10.400214597477673,-11.314799761942755,-12.25831210702368,-12.82499949575771,-12.7314907567199,-11.943896782378468,-10.73993130988462,-9.669212780983734,-9.419547817032832,-10.617797819749395,-13.628207084931347,-18.40917422578887,-24.481369660792673,-31.01610568903458
15kg_10bpm,10CA,-3.520828119230387,-5.9043221995856285,-9.454505485749468,-12.352445875588929,-13.48080710670118,-12.778438788244236,-10.95843930084181,-8.90378847466846,-7.183611351204849,-5.937526190553783,-5.060904844333433,-4.444677610827837,-4.0774884355360665,-3.9985094464341735,-4.212496714264915,-4.66009970337024,-5.243009792470884,-5.848772249981857,-6.344756864688427,-6.567511199734702,-6.353824292199857,-5.62109087078286,-4.446549680914037,-3.0765924854163056,-1.839132866412584,-1.0007296933485925,-0.6545060452065075,-0.7136790378519092,-1.0209991634184634,-1.502632471053025,-2.252304991450999,-3.4674580901234555,-5.259836981740994,-7.461705984217494,-9.57100078305506,-10.90048800472295,-10.867944076334059,-9.274266381365727,-6.421899564014713,-3.014303304009725,0.11276371692861539,2.3027903161025405,3.2948348811226493,3.2561922848077445,2.6347746881359635,1.9248448750629898,1.4749900696718588,1.4218629486929144,1.7416116038385214,2.3439568605221406,3.1346311191757907,4.023470148204965,4.907696737381492,5.67423337076733,6.237066511040132,6.583303319220917,6.783168375733094,6.943622410871795,7.133036653419045,7.33326810266228,7.458538687016264,7.43003940846427,7.252267299077631,7.034994786027771,6.941335846602366,7.08933184910769,7.464451263067783,7.898422288093455,8.135777174036548,7.96062181906368,7.31973146221656,6.374962745862212,5.450436714462096,4.89177061740483,4.9006552455418175,5.425513616501887,6.16707473222651,6.703666060045708,6.680070074964776,5.968303346726735,4.720540011913374,3.289731808416811,2.0623381804606464,1.2919455294040827,1.0171753286847374,1.0932246704963255,1.2964888134799575,1.4260391933205239,1.350828097053286,1.0099627193447909,0.40752301813731756,-0.376613042233366,-1.1841648102788023,-1.8235141739157732,-2.1635716179230915,-2.222940675394605,-2.189385653050343,-2.3525936740385074,-2.9914259764405267,-4.264636668952339,-6.117859825881939
15kg_10bpm,11AB,-6.567307333078798,-5.93034931017875,-4.675959415131461,-3.2087404816846528,-2.121682901474955,-1.8824409976022727,-2.6258063180341296,-4.140572335170053,-6.020075878015484,-7.86364390551819,-9.413366911345953,-10.574673739665718,-11.348079054936745,-11.741940713203052,-11.72559700844669,-11.240369607332592,-10.246981476647912,-8.772109097641728,-6.924266803624413,-4.87086600518583,-2.792123734836271,-0.8395089285861692,0.8821188398170307,2.3112850874681334,3.422867796313027,4.22882769181079,4.78062740697094,5.158118971779293,5.439155208293435,5.663106358366068,5.812013578423097,5.824870942550966,5.638683858431351,5.231461404995075,4.64167766017375,3.9553627351952705,3.2718703489435867,2.6687456410726123,2.1820015518797344,1.806936015942919,1.5144486688591325,1.2731391607981235,1.0682500525229444,0.9115939693288713,0.8389994999821743,0.8937721956374294,1.0990050991161744,1.4290641394286503,1.7965366550454829,2.068186854467169,2.1097457823061863,1.8414353300560506,1.2760194995258243,0.517454232225501,-0.2811315993031372,-0.9788506752414227,-1.4964950802538504,-1.830924042370988,-2.032018418148691,-2.1599462355564714,-2.2488115170121032,-2.2959627908754303,-2.279420573987012,-2.1888167933979,-2.0475189863628955,-1.9098684378331665,-1.8341798436643695,-1.8488324253490307,-1.934238679356112,-2.0336887714101923,-2.087519674048111,-2.069957638445561,-2.0050840383228974,-1.9481149903793948,-1.93529244621373,-1.9235845537861327,-1.7532079837155576,-1.1648221703637336,0.11419159339249427,2.2295565574824976,5.05275968242984,8.095202195247518,10.55328389079246,11.521729839895055,10.342652867620036,6.969018729833247,2.1618981332016896,-2.6339080823440137,-5.763405242776554,-6.028118707051355,-3.2500086322453767,1.5626583893106476,6.574073354747729,9.871127005332493,10.264487199932091,7.7679718524078805,3.5485365983354593,-0.596420703818956,-2.964671342160673,-2.5520232227470787,0.6890106132952094
15kg_10bpm,11BC,-3.6144618851471826,-2.7841182593723555,-1.0159601812841677,1.315778097135858,3.7179413002495685,5.704513209476223,6.918180537910961,7.21789732483864,6.706159255339713,5.693312119451652,4.609636999329885,3.891506675739436,3.8721697300234936,4.704544819364102,6.334021082725684,8.525743730325303,10.940199811316837,13.232971115016593,15.149791168221089,16.583622860706917,17.57645900193861,18.265105072824824,18.797943292259852,19.257800712289004,19.626344771936566,19.802266028190168,19.662755732804293,19.134350009843768,18.23937096352142,17.096007515160334,15.876997087920515,14.748228862053477,13.817715075315329,13.114249277532569,12.600682912312966,12.208281252017795,11.873523622417322,11.55944891347938,11.255120359433294,10.957263988013077,10.646937942287483,10.274568925639624,9.762321810135974,9.023891931680225,7.9945312120897,6.659180443573009,5.067387269464411,3.327244277711144,1.5789222977663635,-0.04612638001078831,-1.4671318475859871,-2.684090412822847,-3.7833861858584896,-4.915565544424727,-6.247328896186566,-7.901227090440444,-9.899544282983806,-12.133620500656715,-14.371096843607859,-16.306941274708414,-17.645721463834015,-18.192232043886712,-17.91816072045059,-16.981786105589414,-15.690588842247998,-14.41911068652135,-13.509368943485095,-13.185641569802383,-13.50824944884257,-14.375747682397531,-15.570173176266442,-16.824911743455402,-17.893880755743186,-18.601224727410788,-18.862648912610776,-18.677370356126087,-18.10088278005109,-17.20940711524118,-16.068987360006325,-14.71782508653471,-13.16805254049637,-11.426951710423252,-9.532460117516443,-7.589159661261642,-5.788017684619182,-4.391518836095521,-3.678865920647194,-3.8596953147559274,-4.9867341394534455,-6.903000759466998,-9.25924024743184,-11.607227366198758,-13.547022500546678,-14.872677457702842,-15.657940834613036,-16.235635629262116,-17.07136524656028,-18.57324013902542,-20.914328037173174,-23.93913801364791,-27.195900366096033
15kg_10bpm,11CA,1.7207094412689443,-6.199164627556353,-13.53738403681266,-18.07285024680917,-18.779489221209044,-16.02979953313177,-11.249039973795634,-6.221843620577524,-2.3817520122398923,-0.3831090021701747,-0.0885598144949537,-0.893971084075914,-2.1630553984961134,-3.5271707530597887,-4.92066279773371,-6.395686891231491,-7.888405031666286,-9.117620905057912,-9.689731640193894,-9.334734153889547,-8.105589010904911,-6.398002387285225,-4.770027697301212,-3.6727508107034983,-3.2535742680186353,-3.3365678453005927,-3.5706810795657127,-3.6446570709942807,-3.4468373027497665,-3.0966830463233657,-2.852741175784862,-2.962243245299996,-3.5339242024620403,-4.489945758518047,-5.60661776290686,-6.612451135991622,-7.292934746481374,-7.557591491675778,-7.447982115542832,-7.092303715129272,-6.63217893300524,-6.154529220963091,-5.655955164744197,-5.052723478966002,-4.231464112414598,-3.1187950344632775,-1.7379657541950992,-0.22382773580859383,1.214041061004733,2.364510394727095,3.090475543543466,3.372923488006346,3.307702443344665,3.0637195477536174,2.8261688209739284,2.7460633077050476,2.905736995657974,3.3029877770231475,3.8576858124202653,4.444655652906173,4.946937080636784,5.308343229567439,5.557547686174708,5.787709196372586,6.100834426463182,6.5473355067346795,7.093559951779233,7.632949561676223,8.032525621111365,8.19045213536819,8.079354785248537,7.7599910437755995,7.362324094156939,7.041040930092711,6.919453518547549,7.039464359498703,7.335090905098206,7.642531301763715,7.750515719094929,7.480289273580399,6.767748509374337,5.709946661618596,4.545917005264861,3.57067824196938,3.0178343135677963,2.966404087701287,3.315666398350312,3.8344100764609106,4.253021854775734,4.352503512317642,4.018934776997737,3.259418932532056,2.193957396011197,1.0353625146150647,0.05270365308935235,-0.4980034773917068,-0.4814251627801411,0.0003706013210050583,0.5489046542067058,0.5404664643045867,-0.6488889198734403
15kg_10bpm,12AB,-5.8994662599440195,-2.4254735481279592,-1.0352262596381894,-1.4897017546241749,-3.0199164475471405,-4.807575641031936,-6.357044495487985,-7.618398637218771,-8.848507705565568,-10.319666989960284,-12.054985223991006,-13.742709881271413,-14.86665407052578,-14.960159072837069,-13.83135531080878,-11.645329993155128,-8.84093169978408,-5.943090304145997,-3.3701961664512043,-1.3240404576884583,0.2026625963921778,1.332061684205457,2.1925946177219724,2.8603617608483516,3.366837597521549,3.7404661884690724,4.035395700577695,4.324050797487605,4.665124200963948,5.075803930794738,5.528242173023677,5.9688873801854605,6.344052383795448,6.614769689153723,6.754928645766755,6.739025608064638,6.5318937014614775,6.0914014983874285,5.388163667326415,4.435060604499933,3.3082097227882215,2.1396041681655715,1.0768912804061468,0.23040783257076808,-0.35881587807513826,-0.708387530865391,-0.8502210048739567,-0.788167548637909,-0.4948524835331182,0.04279688043236126,0.7593496570788486,1.4794976860781273,1.955408458936338,1.9646205010661657,1.4189985102760259,0.42549514537184474,-0.7360391250989079,-1.7133933886316743,-2.2212038275786177,-2.158901716326379,-1.650814559159278,-0.9836437431057073,-0.4663897002100185,-0.27998653504503523,-0.3934052686891311,-0.5921884253772193,-0.6081347913832051,-0.2826644193515668,0.3286412199417436,0.9768162743760338,1.3608128639210746,1.3069744032385524,0.8744939159109775,0.32008603905034394,-0.05257742347324772,-0.06043456629560724,0.27457619400290556,0.7604511742849807,1.1487697825923853,1.2530061396846546,1.0206451997792068,0.5521075660674881,0.08027278167868525,-0.0837602391523041,0.35881277056701133,1.5790696369019595,3.5167982041545636,5.834086943880119,7.94930189939031,9.141211547046714,8.70122540518658,6.126113966189785,1.3468710471423062,-5.052111793813585,-11.734262758949834,-16.765068888825983,-18.079927171241486,-14.173233319576537,-4.760927209251137,8.890313139307851,24.18155126836375
15kg_10bpm,12BC,7.054198316938641,2.571829955634257,-1.4740964480051308,-4.139759226352435,-4.822156748393951,-3.4544699083336723,-0.5047764770560507,3.210476216888235,6.8065118354235885,9.590430569914053,11.2110709709566,11.672977153751518,11.247688000166146,10.338524271718043,9.351465564059119,8.601134703169864,8.259785824930297,8.349969533156608,8.776486575831449,9.387550845651745,10.047101196150118,10.691985469878823,11.351435650923461,12.120608244473917,13.098509485014693,14.31847047676306,15.703019034293995,17.06598832323405,18.165861999128452,18.789829505218478,18.83448065203364,18.34745745937973,17.509946300028503,16.568067777787302,15.742752988220852,15.157510915119108,14.812179453775462,14.606069360605298,14.39321849889576,14.041210243875138,13.47004467397469,12.661636562965654,11.643434599746568,10.459372892172595,9.142992098678722,7.704056627650734,6.1334227938521995,4.422106043623328,2.5844530175113074,0.6727616854467735,-1.2261181544633004,-3.013212614875403,-4.611108087692329,-5.993969310980884,-7.199176008803073,-8.313461875049347,-9.437151534474724,-10.641108102069555,-11.93410041809835,-13.253223638320407,-14.480543869153522,-15.477643241855638,-16.124991146105174,-16.35437677638022,-16.167442804581857,-15.639409452301374,-14.908956205360573,-14.15449961521234,-13.558040131963555,-13.260572465697704,-13.318480430371448,-13.676113536320893,-14.168047511206247,-14.55713662215021,-14.602979570647596,-14.141973545918132,-13.15429902845662,-11.793434949592232,-10.35991588331753,-9.219235186057126,-8.683558123078237,-8.896893299590065,-9.77288465978054,-11.016765283599442,-12.230057363620524,-13.057048190099128,-13.307959462654951,-13.007487229802683,-12.352550552343768,-11.608163522148992,-10.99847811680315,-10.644300717452138,-10.571495895981593,-10.773392362295164,-11.28190361001374,-12.198828100936705,-13.660792883196244,-15.75248297277001,-18.414968198884267,-21.406893239636076,-24.351966263017786
15kg_10bpm,13AB,-6.129722283308703,-4.605440081547649,-2.9793978056191666,-2.0772001381700482,-2.219839195265002,-3.2002253342306495,-4.524391456659663,-5.741192989893426,-6.672549516851981,-7.433012425051734,-8.258672927120847,-9.281793865140315,-10.409027435717958,-11.368971148486507,-11.865823762390347,-11.716899532945266,-10.897687454857264,-9.507368239286992,-7.714812178770913,-5.7241681145771395,-3.752959341901384,-1.9975181067757806,-0.5824414304382101,0.47859882858824865,1.2798135740627326,1.9740980434692412,2.7033296337189645,3.541312123799573,4.469781346694506,5.391412743562913,6.17189538207798,6.694000127683451,6.9008877697091835,6.80956166185276,6.490209127573976,6.025751392452739,5.47614444737456,4.866675388842431,4.202618288672695,3.49593463088566,2.7839137027660255,2.1275713093057464,1.5924999084374598,1.225084594025551,1.0360201495524475,0.9952269135136694,1.0370476143314995,1.0756574226723759,1.0321572963131551,0.868986170031391,0.6154239124761077,0.36302817540406374,0.22284869572314311,0.2615471045414776,0.4522955709121533,0.6730096795079378,0.7590346314380753,0.5854589596058115,0.13612542472860742,-0.47736942994114584,-1.05822771738057,-1.4104396099051648,-1.4289453543379689,-1.150163405895704,-0.7356989726836506,-0.39647437954182296,-0.29859022721978,-0.5008326623355658,-0.9488028855129527,-1.5131847836633694,-2.040548995313118,-2.394819406218347,-2.4884248559099937,-2.309574001059753,-1.940088862711229,-1.5430231038471138,-1.3012506653312916,-1.3137686112222013,-1.4935487357641382,-1.5354535495243935,-1.0109495137150173,0.41136977673680436,2.705971891177719,5.343995481124478,7.402484957375029,7.95533271810863,6.589819061399685,3.755239617014989,0.6772626717785688,-1.2066496835296532,-1.0318280791333627,0.9342967986045901,3.324958926503746,4.343117324150295,2.7359496855311547,-1.446052822524475,-6.713547268673306,-10.699771353456645,-11.142979973124941,-6.834093419280602,1.8771176802309646
15kg_10bpm,13BC,-5.1067851270819515,-3.4004794738037507,-0.8979029935419528,2.0156354420411287,4.923767078374449,7.456550919933684,9.35454321243916,10.503555272574074,10.931514768835445,10.775249422250582,10.23435058900409,9.52758117968843,8.861359229796651,8.40915552381434,8.297988077741179,8.5987861395953,9.322550761671533,10.425796138437633,11.825481878496959,13.419760677078092,15.105881141726428,16.788434974008016,18.375922690723645,19.771360683153176,20.867247547223347,21.55464723568699,21.748501342890112,21.42098501509507,20.62634126724619,19.502513351527988,18.24193306160738,17.04016352513864,16.03927629897972,15.288478418885449,14.735488878974026,14.251865718483474,13.679853065430024,12.8816388828226,11.773152318550407,10.334518112501199,8.60139226896146,6.647883811281138,4.572492852829403,2.4907051040505364,0.5305854506781181,-1.176702749657349,-2.517998123934118,-3.4295522493437733,-3.929821862901338,-4.1369139600525004,-4.25769742646661,-4.5425496584043,-5.215509902890454,-6.4018581811891,-8.081058934520568,-10.086411118230611,-12.153996412397285,-14.005322041275106,-15.430072659680638,-16.338723338970482,-16.765530222680127,-16.828495539425873,-16.667231826575534,-16.38917183975222,-16.044443317583994,-15.635662544108722,-15.150643559362532,-14.598383925825592,-14.028409630282384,-13.524674752602177,-13.177517943481083,-13.048832720969434,-13.147263755567774,-13.425379844978586,-13.798292130451346,-14.172850065518217,-14.471614732191272,-14.640056638217974,-14.636665147540022,-14.41758628319636,-13.932414275642879,-13.142159559987547,-12.055033242389952,-10.761595829003992,-9.442696420490382,-8.334984964807987,-7.657558071108031,-7.527831634724022,-7.904055582450939,-8.586463902735787,-9.28468266588493,-9.7296568706899,-9.788441448888058,-9.534741723999693,-9.24653311813165,-9.32502460632322,-10.164188434731098,-12.012888803504678,-14.880646205038854,-18.51572281349763,-22.463966263721424
15kg_10bpm,13CA,-4.629487193217884,-8.891551216542744,-13.896130807132451,-17.50950600907043,-18.59527669259201,-17.2659132907903,-14.500501749996008,-11.464402510962497,-8.959076047692827,-7.253700756804811,-6.261577223715641,-5.828082906208277,-5.897936985672066,-6.481275248701986,-7.507294976508577,-8.724748148726794,-9.748923044499374,-10.226514029062814,-9.996917134243064,-9.137795091887005,-7.876004333117665,-6.441423754891976,-4.967508048368987,-3.489245958808997,-2.0104687975833277,-0.5724264390456728,0.7254016327015925,1.7536621581080456,2.3988252501726257,2.594058202145177,2.3249142877462603,1.6211536644366267,0.5522682083063779,-0.7654832834941829,-2.15815799314956,-3.3960392995968265,-4.2220603148355895,-4.407806790479592,-3.822471256739105,-2.488028801716571,-0.5924298530027631,1.5531484662600181,3.6010156224655896,5.26290375729192,6.376329584680582,6.920283676742085,6.986116236080155,6.727792229572941,6.315898436256362,5.906959917227858,5.626313806750266,5.556866737762986,5.727346316422745,6.099759776763738,6.564658404844879,6.95899436958834,7.116015765110648,6.936818432210748,6.45021274268253,5.821392626679903,5.291572136653664,5.070416537673445,5.234948782253346,5.689495741734736,6.2087277598537565,6.540807137050998,6.518109562586204,6.1236251925054175,5.4865456025653945,4.814229937942574,4.294419885984203,4.012496381785665,3.9213422364411494,3.878553990658294,3.7346836849237914,3.4293576250767392,3.043501409803783,2.7727233771734774,2.824205791239813,3.2819652011916007,4.012532514185817,4.675872801271857,4.858500807359506,4.275574533839644,2.9372996236358855,1.1817219129354009,-0.4547371208207153,-1.4669418250142634,-1.594476113545575,-0.9164596937455174,0.2056882107866915,1.293596898571917,1.9416123020059617,1.9564927525203395,1.406295878356029,0.566725315478808,-0.2231998074399938,-0.7517981334030623,-1.0892261565553574,-1.6098337011154065,-2.828500634423354
15kg_10bpm,1AB,-5.316044227431778,-4.694622864187528,-3.943035430248315,-3.350628837929519,-3.1632189381305924,-3.4944988078398826,-4.304350942185142,-5.430828616733571,-6.652370261496494,-7.755515586459193,-8.586752280377574,-9.076025849023129,-9.231195892651906,-9.112114003377563,-8.797042576576949,-8.3524179930884,-7.8114659720067365,-7.163726638226258,-6.360196666062296,-5.341103983785147,-4.084327890952614,-2.6531585652925216,-1.2100039950981012,0.024879345188188975,0.857199729795837,1.2021569567727253,1.1206981342853906,0.7885262506487903,0.418744333668258,0.1841766178650726,0.1763540248292393,0.4060506223049761,0.8246362938564559,1.3441498494498592,1.8502954695034917,2.2182264195959296,2.3427407127553352,2.1813779769362647,1.7909435829313578,1.3298764098071394,1.010564896551657,1.0139858701831144,1.4066221515583721,2.105663721281547,2.9144965864723296,3.609306615710847,4.027165231396815,4.109116679778394,3.8861346469277884,3.432999593266925,2.8262926732199025,2.1256863225897744,1.3752008008349632,0.6126190201564957,-0.12080629887070692,-0.7736753466110183,-1.2836870297426466,-1.5860039512392827,-1.6311533622803671,-1.4068663725122486,-0.9526246653179796,-0.3554812990885778,0.27639194301182196,0.8528646794375698,1.3338428593842586,1.734929357354724,2.101277810016149,2.4638812395942495,2.8058744056994023,3.0636305505482544,3.1680564655051064,3.1053596864886885,2.9593218304806133,2.901830221640337,3.1256235117481355,3.746911887689955,4.723053650951961,5.8211254449526315,6.6482855692308185,6.736533638089504,5.672646477379576,3.263825486812111,-0.2927063485154421,-4.310987617479882,-7.687251132557067,-9.195840018359064,-7.94967267325265,-3.8385464918008734,2.2840286664431426,8.800347316958295,13.858945735406554,16.011988004964422,14.696390407090119,10.396936436106433,4.482965739737576,-1.1889330750476645,-4.794720046919628,-5.08160928133216,-1.797044675591604,4.160509720615982,11.003828818236647
15kg_10bpm,1BC,-2.6931495581534963,-0.6788138647061541,1.828858636551558,4.453791263934911,6.930011107956585,9.007487283013585,10.398156059158,10.826419564082228,10.162642459154704,8.55235716928341,6.445997132675024,4.486911322664556,3.2968153576317545,3.2579084364837345,4.394537480826177,6.403587215914935,8.80559916773287,11.133785587371394,13.07394402120705,14.509764782690693,15.482837123848798,16.111075366367704,16.512290290781706,16.76088752615458,16.88149642015732,16.866157371753914,16.697178240850917,16.364109110888432,15.872561313395606,15.24706274766378,14.528875296417489,13.767537257450764,13.006306832019472,12.26625927104297,11.53716210690446,10.781506331120005,9.951361126800379,9.009840289837049,7.945170493256858,6.769289834866691,5.503211841500295,4.1610212985416455,2.7453611916540708,1.2579043613935699,-0.28430213524100056,-1.8414827176095618,-3.3617050977325675,-4.804794181410725,-6.163439419035075,-7.464202570526795,-8.742713125136378,-10.005269719980086,-11.201508514720423,-12.229843110829984,-12.978605781423429,-13.382421795948241,-13.461365371990054,-13.31912548441305,-13.10047435779895,-12.930925683264162,-12.868581000656462,-12.888314393120755,-12.901196167498309,-12.798254649638112,-12.501588214379447,-12.005370547218266,-11.391637103583905,-10.811005719336775,-10.429104501435521,-10.355126484526233,-10.583123128442669,-10.97920870731434,-11.332155140805295,-11.454010935148016,-11.285762311562706,-10.948831472236368,-10.699493513927635,-10.788768517725575,-11.285283094978245,-11.95306244327012,-12.267015775364753,-11.593374350324172,-9.483067777244246,-5.9573866272906715,-1.6425157961591015,2.3459700415108,4.763907836213106,4.71899087155547,2.0670356416820876,-2.4661168624294945,-7.519524596225355,-11.61469434307426,-13.748450447851432,-13.808617757367767,-12.626632158872695,-11.632531577069395,-12.25086449361768,-15.292702167482283,-20.60538789073024,-27.128367054754268,-33.317535480984404
15kg_10bpm,1CA,6.910040533301778,5.389182453957247,1.1469331332965027,-4.080669912942249,-8.720003132825513,-11.798834472067972,-13.104145622131522,-13.056544465059918,-12.39016770564889,-11.786891912622961,-11.615762144979229,-11.86539210879209,-12.258758298571582,-12.460458580077724,-12.265034506732468,-11.688091316046146,-10.938840567698424,-10.303947368520483,-10.003007619183737,-10.082962812409233,-10.399449212165884,-10.6898196285958,-10.695361367810998,-10.266772293966898,-9.401380431770976,-8.20348174744274,-6.804090066877163,-5.295602747416208,-3.7190085397341233,-2.1004574315779547,-0.5004131346772173,0.9648613299459761,2.1446462086061207,2.901930788102958,3.158567688599684,2.9175197861178077,2.2631835055821985,1.352891557504781,0.40639226199884,-0.31592590837297885,-0.5616987500617321,-0.16277272614620206,0.8882982233508125,2.4056568545636368,4.0530311629605995,5.455155138477017,6.331297152760094,6.590716935629464,6.349562590596917,5.867222196514381,5.434761449209717,5.263920262471961,5.419781105028759,5.819192288531588,6.289175162984908,6.655223006896056,6.818573962382183,6.789490752355344,6.666621997427993,6.578615206463255,6.619707501718732,6.80920288979413,7.0890733389917076,7.35465129336502,7.50019419869983,7.458431902777836,7.220107094796992,6.8314328182021224,6.377651307230503,5.963260343401428,5.6927989784143005,5.647367801281692,5.8522136751992715,6.243473816398437,6.657403929850878,6.865860603521163,6.65928712525636,5.944761587013286,4.807028666789409,3.4930027198497644,2.3199098144939216,1.5489980501283032,1.2844284138374988,1.4413199635038323,1.7902949331188793,2.051558877596399,1.9969574488806645,1.52532003578114,0.6938800470858132,-0.2961330054928833,-1.15423819329261,-1.5877738680231397,-1.408693527534776,-0.6370211677810914,0.43534477294025736,1.2633357638249167,1.1803559447680911,-0.3657107881545057,-3.5385126240995377,-7.916819361141608,-12.496400302112999
15kg_10bpm,2AB,-0.6059563596207118,-1.0348350770597787,-2.1715541994367125,-3.773092508165745,-5.566309422379498,-7.280976100428743,-8.701827457953836,-9.719458601788606,-10.347959718641253,-10.694933757159303,-10.898834929322344,-11.064102523612492,-11.218459640094208,-11.30135908020436,-11.182246149233423,-10.703951798845123,-9.742535580963645,-8.265514127317903,-6.36202575314201,-4.224552742283207,-2.0862994536359465,-0.14575556384794863,1.481864980188022,2.765229626933207,3.719957264679771,4.366064143862399,4.709859366099425,4.758894055378814,4.5530588258803855,4.18247349256189,3.771778108289239,3.434599784112209,3.2243000924945178,3.1118904919860895,3.0060816488785402,2.805245076348531,2.453242208955017,1.970519054154674,1.446570088566017,0.9998254354112981,0.7257061387072599,0.6570888548368121,0.7538253457257931,0.9242169128645804,1.0678655071389622,1.120620718817184,1.0805767103708035,1.001356785662222,0.9551622635024767,0.9858998162554821,1.0795873977412207,1.1686960388329053,1.1662016700366877,1.0085156223360556,0.6843758233202004,0.23842890899382663,-0.24644489988058527,-0.6759109014640323,-0.9698707172230233,-1.0825701107168517,-1.0146400678270877,-0.8122609421948304,-0.5480345747321144,-0.28503432074450374,-0.038104607929046734,0.24469888041811866,0.6621955741713816,1.3029435819115756,2.177268567025689,3.1790571736368043,4.108234481799131,4.752585086367709,4.990298650329335,4.856006174606248,4.52734271791162,4.2300870525763274,4.105259286781925,4.106847640064791,3.990808073431786,3.41730115065689,2.1344953239930895,0.16609033834228148,-2.091923628551707,-3.933333903207981,-4.565145153737151,-3.4168735606810277,-0.4078431235184791,3.9507439147375876,8.675771821743409,12.611767998403892,14.786748878495265,14.684253376575409,12.34814851614178,8.328184449395057,3.536594533238992,-0.9209548785230239,-3.9308748426972215,-4.598936256845319,-2.5107365070579797,2.0631966704143068,8.151220751298467
15kg_10bpm,2BC,4.350844573059586,6.292272455634918,8.204965233458609,9.780056058019166,10.80846174809931,11.221312074887642,11.086533951993685,10.568127982599366,9.870468241158036,9.190434281998478,8.689301571324998,8.480749260530938,8.624595247269562,9.121333396640475,9.912298757247703,10.893639596409901,11.946308884032637,12.972434437228609,13.920244175242509,14.784097052331052,15.578952495195153,16.304428523497545,16.921288565270302,17.356362214559482,17.535574436353492,17.426059074184664,17.06237111054744,16.540366186612694,15.979908375826394,15.475215465483227,15.056318152164966,14.679301506485643,14.248415010032966,13.657633067227772,12.832339659479041,11.75291718089413,10.452802515401917,8.996618957732935,7.452008560070841,5.86977813456849,4.279272742822692,2.696109479387243,1.1329083115609362,-0.39675982424985656,-1.8848701118048201,-3.3416421863567307,-4.803907018120587,-6.3287719389126,-7.968768425837492,-9.735249275744636,-11.566914818519894,-13.321571948892219,-14.801903037022988,-15.811466774276246,-16.221758367323112,-16.026172642450614,-15.359662420410743,-14.474547446735201,-13.678150313305382,-13.247859014605718,-13.347615926610137,-13.971963372127702,-14.937684321344893,-15.932724901502025,-16.61287045546034,-16.71669293511707,-16.160635929332713,-15.077174398076147,-13.779198704049959,-12.661334412002692,-12.070092034349875,-12.187800605788743,-12.967737409302739,-14.137706216157305,-15.268613345191731,-15.884247506123238,-15.581745382961827,-14.135568948077108,-11.562574575143694,-8.137002799892205,-4.353084433841819,-0.839163395285077,1.763313514402409,2.935969743638069,2.410962984899818,0.2586644265441989,-3.0934562635960443,-6.930622616795114,-10.413242251585599,-12.804396262632581,-13.703499222688352,-13.211816360568346,-11.955053528898965,-10.929566211899264,-11.200174861975679,-13.53540824363155,-18.111468230848782,-24.400905124927906,-31.299626604946255,-37.461046009043805,-41.71503738345821
15kg_10bpm,2CA,4.001717707508701,2.51528675088933,-1.9315900060416564,-7.140396993219808,-11.390604562703535,-13.8795256352921,-14.665977637318548,-14.314390077413645,-13.499613404212795,-12.744008971091603,-12.326045966734481,-12.311575667940886,-12.635252823043123,-13.174826487933885,-13.78656546066247,-14.296540090149332,-14.472971515782318,-14.030229325933135,-12.707939615261123,-10.414838701110696,-7.356795830051883,-4.043022078591985,-1.1225102149032402,0.8839997564515221,1.8061380394920181,1.8650695038004828,1.5112468129293417,1.1652680624658205,1.0206800267392726,1.012465200185899,0.9418272403576003,0.6585835251326355,0.18727923461608886,-0.26556520174060544,-0.41225108816239603,-0.029441233216978543,0.9276787113873107,2.296342180323553,3.773006510998999,5.040631796887972,5.892078809913155,6.290780668346743,6.348387196480851,6.245510364486987,6.145780434916102,6.144010176759371,6.2595553309674425,6.459080167996846,6.6844439713928345,6.871317495622803,6.960257873660218,6.910203805147287,6.718645439848093,6.438689571031798,6.174150996435925,6.041205284592478,6.108208643199742,6.3475300018177245,6.633913952627775,6.797726544554427,6.706369793979532,6.329192301243026,5.752400360777006,5.140892398495369,4.671109946803583,4.466167899770654,4.553833470671144,4.8549744461938396,5.205196491674792,5.410115271783913,5.323775373463475,4.920849025949465,4.322837113445574,3.752786418593354,3.429972006852017,3.453808770121491,3.7396032808889537,4.046721531957002,4.091987190901056,3.692365045082629,2.859681273392057,1.7932387065745763,0.7746471024493152,0.027464389404374664,-0.37716580600782834,-0.5212279940929033,-0.5597270642913869,-0.6177394941117564,-0.7253788736734368,-0.8172289524786812,-0.7810696968410512,-0.5201376315405726,-0.0006707911476278097,0.7226679118912935,1.4960634090357945,2.064192715437587,2.0849729010181917,1.1864194805984143,-0.9118786839290558,-4.225021642838964,-8.344815881577274
15kg_10bpm,3BC,4.002244832025651,6.137941595255652,7.671658732680698,8.426499923040433,8.505783748777267,8.211674148836485,7.883103459121018,7.735993346405663,7.783446653616542,7.868365573685891,7.784436412976649,7.415555754433647,6.821057650788634,6.22644402108305,5.92791739208465,6.163040838897859,7.009283311473933,8.35419461082915,9.94527977601539,11.489854692549743,12.759467207862254,13.656586789155753,14.221898509096466,14.588863630445573,14.910723584670702,15.29255517722287,15.75429630720782,16.233533362094903,16.621164595204412,16.811535063996516,16.74537943351136,16.4299449759384,15.93034957084351,15.338417729274019,14.733943608440441,14.154238667815342,13.583683448296629,12.965943512489192,12.232228835354334,11.333173666673042,10.259825988968666,9.044219382696962,7.739890642735087,6.392998924424945,5.021394753551227,3.6153521721523596,2.1615681577045223,0.6771367379056734,-0.769643461047217,-2.070319796664146,-3.1222333044241988,-3.8910065681068216,-4.4562736528241285,-5.010821956926402,-5.801870538455984,-7.032711264997289,-8.766851333893449,-10.87893735775716,-13.079969301274415,-15.009940442173203,-16.3592599390434,-16.969543023551115,-16.87304451984921,-16.26044312080058,-15.398850773345089,-14.538617581823868,-13.846740341024322,-13.38488967470914,-13.127120482988976,-12.999423830789247,-12.921072641873062,-12.835089223704996,-12.72369817186915,-12.608418688225424,-12.535738136871013,-12.550609476759453,-12.663936835277637,-12.827110472591892,-12.929591741616301,-12.830048181885314,-12.418116489288352,-11.684646324727401,-10.766179712413757,-9.93208505346278,-9.500728569803401,-9.705617767792967,-10.563855657035125,-11.812174626546385,-12.962646763952133,-13.479010029890542,-13.016393305862033,-11.626690894523998,-9.82689032863006,-8.481911778847264,-8.528301307817875,-10.634294870449432,-14.931252015120016,-20.92397196115717,-27.619394714513433,-33.82802759436027,-38.5174070980445
15kg_10bpm,3CA,-2.9218757989529727,-0.1291706075552409,-2.797259300123447,-8.258513134348322,-13.508757855194025,-16.619266224474128,-17.18742601054347,-15.99025892008331,-14.267057298330501,-13.008882625212625,-12.52684484447444,-12.452997548570814,-12.124907800434277,-11.08273281354509,-9.350550503801854,-7.351574240223388,-5.581720444090608,-4.301354163807883,-3.4306474161005553,-2.659203328144182,-1.6571335383141343,-0.2558246750450358,1.4746138158708426,3.2459111489848103,4.631655707349371,5.193762660878526,4.666905282348131,3.1589731709482485,1.231502025040347,-0.2792496085745377,-0.668661863471424,0.24992051118989544,2.0660840518388155,4.063337675333247,5.649305280589331,6.603519351442249,7.015760154336143,7.0596038671816075,6.837131694890773,6.399445709208471,5.857759625472296,5.428088119384801,5.336703035337275,5.658386707401942,6.234696814624153,6.756146920518567,6.947830074331099,6.710707723536771,6.130186034316084,5.396711350310779,4.733877582883958,4.358488007405666,4.421394375904618,4.908063853045828,5.5719175750640035,6.0039956533324474,5.847766660541863,5.029883618588588,3.829329749076722,2.713921749650385,2.0501148667381015,1.8938823705027779,2.0097725193526883,2.09190306778871,2.0037508164564137,1.8407477444436673,1.7766401989292122,1.847922585646779,1.8817044722696339,1.6357981413900082,1.0329965710952778,0.2902781366930583,-0.18707158202444102,-0.0977030512370988,0.4957780774963046,1.1648534261198704,1.3968355127204086,0.9541938406850435,0.04868475897183256,-0.7912485562232744,-1.0658109598220462,-0.626322723806012,0.24274373194444285,1.0218913547567885,1.279283989994899,0.9029190199166846,0.12701811296142848,-0.619617810223309,-0.9376323874689328,-0.6484000315203838,0.1134027759604619,0.9353646014495104,1.288748305092525,0.7762470710331038,-0.6282000875319305,-2.480332340378595,-4.019967989736741,-4.572805045432133,-4.006426294628712,-2.918392593896893,-2.345287534138286
15kg_10bpm,4AB,-7.839282581216508,-4.703925319989698,-2.8565433487096366,-2.59895319248498,-3.5723218693508003,-5.0970006831922525,-6.598822774832507,-7.867811845716545,-9.021501026200832,-10.243036280780089,-11.510840396975413,-12.52641731780118,-12.884147950231055,-12.34091770189803,-10.980711660685198,-9.165338130571323,-7.322907659565782,-5.723704644185978,-4.376129815322684,-3.083847635989744,-1.6112996635515837,0.14458127557818648,2.0708928109588562,3.8841732017545154,5.273707252647417,6.058870486932391,6.270808855275281,6.114339771570742,5.83803835095056,5.595783310917267,5.385286887988931,5.095010337775661,4.617417116050442,3.946061167399611,3.1932950638031685,2.5256631310167577,2.0683985272256145,1.8421265425470805,1.7641224379932139,1.7032418030481877,1.55165881484397,1.2770247373520007,0.936460010312008,0.6538716726330696,0.573982718588413,0.8088552275022483,1.3908264589966854,2.2446035806423423,3.1910007895980943,3.9905236081203004,4.420070841715331,4.35258811694041,3.796673992246654,2.871677628663972,1.7367596292920846,0.5234440773433499,-0.6883554810728005,-1.8503924974882837,-2.913983086808132,-3.817797982033593,-4.503499188435161,-4.9426270175709845,-5.149803037681941,-5.167277825592479,-5.026625286079552,-4.712087640778069,-4.153679458160611,-3.2626210546616714,-1.9958957637014942,-0.4161220240228216,1.2901330102747086,2.8544501524346253,4.0156771471701145,4.612806271224087,4.6314344705280766,4.179830233448262,3.416850256752458,2.4887679920816206,1.5263837872122321,0.7033545060597141,0.29327884364382917,0.6392807886108419,1.99920268863021,4.331893993741808,7.173196213703317,9.735263983770972,11.231478572288335,11.260393479833857,10.00861438301456,8.129995071477673,6.366628785502453,5.142844552736422,4.371639938433471,3.5725950037757395,2.2160922666697984,0.0913354265459539,-2.503455773314611,-4.847827461205355,-6.11619971283666,-5.760050824146865,-3.757180104841516
15kg_10bpm,4BC,2.3727952349616954,4.7005945182701065,6.539073402878489,7.503263361955968,7.572303699467903,7.038779656156793,6.342518963052593,5.882703464551842,5.890219069956305,6.396157415163222,7.282636698448076,8.368278163498966,9.4837080830549,10.511838337476842,11.39233557592245,12.105762430065372,12.654519414989402,13.051647442728756,13.31897126818044,13.489224525637006,13.605112367978105,13.711758703613523,13.844643482357927,14.018993717573395,14.226318020022553,14.438908830795222,14.618736800277041,14.725954535034061,14.724812408140652,14.588356690377601,14.303913388313811,13.878772377193366,13.342514472483481,12.741947855107993,12.127860057945188,11.538116044178894,10.984169990679227,10.447216078032392,9.885484006205312,9.248662708648252,8.492896911455086,7.590342936018737,6.531563640613749,5.323659110083336,3.989078366265569,2.568354941734598,1.1251395858181197,-0.2528114211182068,-1.464428655928108,-2.4210898937142167,-3.082919228904977,-3.4920984435850215,-3.7853937073526054,-4.172773017602885,-4.87986563893127,-6.069877999093901,-7.77411346512351,-9.861569948878275,-12.067367233879752,-14.072238184432344,-15.601701784990109,-16.50286800438484,-16.76634644873003,-16.491978811412725,-15.825021350219801,-14.903023776399507,-13.841352076644437,-12.754899648942045,-11.787588886149617,-11.114171887790532,-10.89859249518547,-11.222703874161146,-12.02383517725993,-13.079515083351923,-14.055354697025184,-14.602803064562819,-14.468176613768485,-13.573617323239663,-12.045449798661334,-10.185808707631885,-8.403014035493406,-7.119974696454438,-6.678671755025314,-7.256190673020004,-8.804575064130615,-11.029748453439035,-13.426286339984278,-15.37559922524991,-16.301968163426533,-15.856194951646001,-14.072583172390651,-11.43996093024182,-8.836934373806377,-7.322085283977153,-7.827383632859896,-10.843300189987323,-16.210298593813558,-23.102707215782708,-30.227441720239554,-36.18813343523471,-39.891127035832184
15kg_10bpm,4CA,-20.614228325825273,-21.317148015210257,-19.451311260293878,-16.390520053923208,-13.707442948210748,-12.475797144775978,-12.887745183151866,-14.290770265731362,-15.562448764987405,-15.632472555133205,-13.947275725467478,-10.721921969383732,-6.898579161477001,-3.81482917831343,-2.6776219286155856,-4.02830414744641,-7.429715775695053,-11.553713936301891,-14.681056069973156,-15.412328031489828,-13.2558809588986,-8.806022441172026,-3.4373935829997904,1.3096598696184463,4.341379053926011,5.348404234321723,4.764143845362572,3.4279256305163073,2.154444033616129,1.4158133820492729,1.2532163532414342,1.4089791591185428,1.5703806337886295,1.5842650939728482,1.5401075230621406,1.6996512336732084,2.3300895614748205,3.5378811570981066,5.1873803086441255,6.936500157931189,8.363040564665628,9.119736873266246,9.053868694314248,8.250241148727545,6.9895610062404785,5.644777874882289,4.557211452708344,3.9377071182122774,3.8252794737927065,4.111252463307359,4.610644285145717,5.145714847235922,5.60536281286642,5.9582760036214175,6.222404587614447,6.417409428760795,6.535179046263657,6.548338150544851,6.447249649308792,6.273602117258574,6.119213300024643,6.081705680150199,6.199415935607334,6.406576623878974,6.543150884461172,6.423707181933882,5.933725139118653,5.101983513175584,4.107125124544108,3.210167929824547,2.6433084626944656,2.5081614141044497,2.7330181647482132,3.111110312383379,3.402877540504884,3.4529468470747258,3.2630023089628177,2.981283814575639,2.811101127782054,2.885000813565129,3.173015707483253,3.476582808285788,3.5116793644654667,3.0360842183402963,1.9581658040473522,0.3849399588939085,-1.396821371303434,-2.9887051601219623,-3.9766909843502973,-4.038388926209804,-3.044621643383999,-1.1337019468215095,1.2648903401662805,3.4751101580269648,4.694356010969447,4.183331664325822,1.5014335054734675,-3.268661834263887,-9.400041171984006,-15.602057381230393,-20.336947653476454
15kg_10bpm,5AB,-2.9827037467941517,-3.19805856013223,-3.997415135986759,-4.942015004656124,-5.837142668931423,-6.677439171847679,-7.531355680515679,-8.443264433911706,-9.391443769860492,-10.296019410794404,-11.05022776880897,-11.552742055653919,-11.73069229178719,-11.550538116480595,-11.01859707399141,-10.175690822879712,-9.088168979155558,-7.833806314970412,-6.483068528562988,-5.083094205559842,-3.653956846812187,-2.1992525410574384,-0.7227280810330993,0.7598470516982605,2.217413710224126,3.6046990219048816,4.862353357916054,5.916879823917052,6.686580491898414,7.097733713331056,7.106911476360701,6.719187093266832,5.994502117426612,5.042780642621538,4.012935429888886,3.076550554898399,2.4003025215597202,2.1036633340008812,2.212631999741752,2.63448501814659,3.177039266528024,3.6147358301441392,3.776037652986458,3.611101694064363,3.205573030900388,2.7319557645490393,2.3608043289511036,2.1741639526052565,2.1231164144756383,2.0503016046219944,1.7671485684683677,1.1491487232413635,0.20350576052104655,-0.9230924703472947,-1.9988503020919877,-2.7951111369179724,-3.1664299715603734,-3.089733919097841,-2.6536351674320993,-2.011927158450986,-1.3264020802293455,-0.7217886346528206,-0.2654641978073734,0.026405702506385482,0.16322811302824133,0.14841555369475432,-0.04034824406157369,-0.4437664194300204,-1.0837936104660797,-1.9121353869498812,-2.772222397357919,-3.4002953234408526,-3.476126757049852,-2.7154062568300708,-0.9813431495381689,1.6172661428072013,4.681697650948724,7.570987352215427,9.556638604201561,10.053452231797419,8.849055708513426,6.238825377625086,2.9996732454008903,0.1906125432153119,-1.1725548894090205,-0.471755600324641,2.253083990618756,6.248627170014687,10.244409884422819,12.847681797468264,12.993868569058401,10.282936381355512,5.086787020765298,-1.583494252946285,-8.369459004635715,-13.89922214206707,-17.06905299715627,-17.22553232605383,-14.238343851287276,-8.471811105528598,-0.673784586029124
15kg_10bpm,5BC,19.216193598244022,19.130051543742038,17.147293152126604,13.997057605896735,10.609222187062569,7.84671161775738,6.2784244478654125,6.057298020159122,6.941107211297113,8.432542281096914,9.980251082705758,11.163943859152145,11.802844077346883,11.962970767633585,11.879521524782001,11.840432777982539,12.079154888978874,12.712543151799688,13.731407548989372,15.031953616499177,16.46216175028202,17.86327005408524,19.0950195163952,20.046494281042644,20.639236129515243,20.829620020025484,20.612430745181985,20.02314645005025,19.136097450978827,18.055975901717424,16.903267658582614,15.794828125239775,14.822218283044663,14.03190863085058,13.41318778372494,12.899923429986618,12.387378955921273,11.76060769315371,10.923948681924397,9.82176223748522,8.443646533606262,6.816530873700883,4.990879758808037,3.0303300057119444,1.0092163532972476,-0.9848609708422447,-2.8515618572938144,-4.489941355288372,-5.824501224429524,-6.83828140043186,-7.597540622833071,-8.25097586336977,-8.994715129069311,-10.007805790355112,-11.38066123471326,-13.065152619122776,-14.873015719321424,-16.52766308600187,-17.755909134879015,-18.38328196213066,-18.396793819416366,-17.945804353206174,-17.281645732403874,-16.657493211247502,-16.23223191871051,-16.01756590434651,-15.893357735832645,-15.681326979739747,-15.243671637096513,-14.558503940678834,-13.738986291362183,-12.988190005032429,-12.515107473313728,-12.450898940856018,-12.801925355673589,-13.452732029983059,-14.210005202696316,-14.863126062777177,-15.237002996373914,-15.224255864219899,-14.796134142847956,-13.999269128395198,-12.94228774319471,-11.77378053842876,-10.64942459314101,-9.692940609506827,-8.963457563294604,-8.44896113598762,-8.0981714709485,-7.886658393042438,-7.889101652443228,-8.318190238972424,-9.494697340939577,-11.741792906327763,-15.231309990324469,-19.84244902566314,-25.099076688968967,-30.231069668006302,-34.36084286743735,-36.75708033179846,-37.068505588696624
15kg_10bpm,5CA,-10.798171572055386,-14.518736807412091,-16.741405373853507,-17.21287756580262,-16.295384770140448,-14.6637827318598,-12.956708320625738,-11.54650219033101,-10.503189237622195,-9.717606228397889,-9.076843014790473,-8.579716439905031,-8.333464579686412,-8.450675359213218,-8.923436954891976,-9.559713347517524,-10.024916392427807,-9.96826744143118,-9.166813459641004,-7.614432444392643,-5.517941827598429,-3.2138171917243814,-1.0555566460244614,0.6748999563164241,1.8045747774290184,2.2636936512261103,2.06539876710641,1.294911459602144,0.11005590362608253,-1.2648906719188442,-2.5715130208755967,-3.5765810564875173,-4.1346435696183965,-4.219581961125307,-3.904889027040772,-3.303356350794774,-2.503300379627352,-1.5407905470443635,-0.42233419889483226,0.8227877792227009,2.102019826607296,3.264085671597895,4.151248881236402,4.670540048974681,4.84287402179827,4.801591472670104,4.740018845477156,4.833816378366696,5.174690461653972,5.743712685446219,6.431454478223598,7.090445715263938,7.593644036986465,7.8744634143038645,7.936326117676599,7.835295589028592,7.65053169217745,7.459151044701426,7.324291723456146,7.293311054395372,7.395831475329524,7.634187612786468,7.968889578506485,8.310535593001537,8.530408392157238,8.494024282710502,8.10971870471402,7.374397713765102,6.39571809195452,5.375730180053038,4.554152542335865,4.126108216971409,4.163205455093969,4.571618634023705,5.11163789506851,5.480547191524096,5.431591255254391,4.879048666795929,3.937862661515989,2.873475796526994,1.982517943867889,1.4622010883679786,1.3320548486402235,1.4419638273502118,1.5545886746562434,1.45616092023941,1.0437588816921082,0.35644981786973196,-0.4528920131490533,-1.1835042598084657,-1.6569341378731093,-1.7624913604602717,-1.4682300022032988,-0.8125940487935174,0.09477486743527261,1.0476212811459347,1.713799985243571,1.6550735402557695,0.4432716940648771,-2.135121681367985,-5.871388610956946
15kg_10bpm,6AB,-5.396220061919939,-3.3859888715932898,-2.370170540355702,-2.408614934450237,-3.333628683965422,-4.843142432566965,-6.618970356585883,-8.414090164543182,-10.071111491978241,-11.47772880500072,-12.505983150096883,-12.990721154655507,-12.77212206735796,-11.779905944647789,-10.10570748575964,-8.013938079671348,-5.87444008329417,-4.041314605817381,-2.73090915434575,-1.9553754665698926,-1.543104440070857,-1.2341747838678865,-0.8015058197024119,-0.1393570322969223,0.7153793682681528,1.624546478487245,2.4194688793006387,2.964173207029726,3.1906177883532965,3.1051527030842583,2.77589245068696,2.311003497798082,1.8341266428860052,1.4605626560882399,1.2772832573514459,1.3294702042620383,1.6149770323290673,2.086315804780875,2.658912706180867,3.2252782489974186,3.675981350852152,3.926862732859798,3.9465991051981604,3.772929879850499,3.505712210546538,3.273660355328232,3.18553305516261,3.2866429300846267,3.5401825500472626,3.84042858106538,4.050003030377916,4.045147598061609,3.7534082655692957,3.173039642950291,2.3693640743320636,1.450138700992983,0.5296744503919575,-0.30318061530508245,-0.9998103786332907,-1.5457982170591014,-1.9426382101492263,-2.1915846314498695,-2.289960260970264,-2.2401326883064567,-2.0626531545057465,-1.802945307669936,-1.5255898518132747,-1.2978365213581626,-1.1695323711332746,-1.1571019091481858,-1.2353088048581975,-1.3367168232464257,-1.3591922648756005,-1.1849574082237477,-0.7142522617877405,0.09108985460879022,1.1698740833699495,2.3504462664538552,3.3799562683410382,3.9908990898915175,3.9857284401985353,3.313903738019691,2.119650109767483,0.7463116451378821,-0.311886041073374,-0.5169084043439475,0.5504397000264213,2.999038135217719,6.466914709198298,10.075137349421736,12.569701624121057,12.667763559010911,9.532329695245197,3.211485751915351,-5.1554546445590965,-13.508899028738531,-19.423659624442173,-20.88055561248159,-16.96161396471526,-8.176423209422097,3.722293572401555
15kg_10bpm,6BC,3.1688874053782614,5.507048645415045,7.188961846876424,7.9146877269288085,7.63613889127812,6.55146062596775,5.040022753413711,3.554327872296971,2.4985444375384587,2.1364176898943685,2.554325176342763,3.6850488124730614,5.367308138745791,7.409948953996434,9.635420416036709,11.895764991840807,14.069759289006765,16.055970681617186,17.77257678013674,19.165212135558836,20.21623525528894,20.94668911840467,21.405425409876344,21.648445471183692,21.716592974481838,21.62217811852851,21.350036305388294,20.872694841699495,20.172536484746857,19.26232083267232,18.19542548828934,17.06139298987201,15.966316457616625,15.003267044853525,14.222125321751095,13.609629067307734,13.087979924777,12.53289743874072,11.806036631572727,10.789887125459586,9.414755954089555,7.670196043578979,5.601563170946707,3.2961326470755723,0.8656844915533402,-1.5695874521526643,-3.8946326032100007,-6.011039155852853,-7.8474381584849775,-9.367440138892606,-10.573088332578823,-11.501375685267217,-12.213117367443939,-12.776177895459616,-13.246252827540573,-13.6503408542603,-13.977599074534544,-14.182847519804248,-14.204384929487436,-13.99401598034325,-13.549701829819933,-12.937517859028192,-12.289530661315274,-11.773112472070334,-11.539948008772383,-11.673735552903603,-12.158988504465418,-12.884551609002761,-13.682539366756068,-14.385724751320597,-14.881232962654837,-15.138391010641378,-15.202457495167916,-15.157576021143754,-15.07657705753566,-14.97790234729838,-14.809100252311142,-14.464597193704288,-13.833943468070002,-12.862554279023069,-11.60140684290366,-10.222511930247316,-8.98860732294367,-8.181858341452127,-8.011485287691574,-8.53217877932041,-9.603067972019337,-10.910947646941462,-12.0569153212543,-12.689158332576682,-12.639410790408588,-12.018920303891688,-11.230440534927013,-10.883094191601026,-11.624646702402917,-13.938232315220477,-17.966732197206717,-23.422207693869353,-29.616955738539172,-35.60623511070574,-40.40922816312184
15kg_10bpm,6CA,-20.831816293834464,-25.54297033875294,-26.916709101357224,-25.04448964861959,-21.07810035496847,-16.573841025166576,-12.83132065507525,-10.502283971051982,-9.560911362765673,-9.546279215327388,-9.89369398568038,-10.186008501878815,-10.244135020483734,-10.07571604302637,-9.76064077772476,-9.356444010663727,-8.869619686821867,-8.286299641026803,-7.616395375518712,-6.901847345038714,-6.174296685819814,-5.395776033395765,-4.439981579042569,-3.1489085516049204,-1.4441629799742783,0.5748305662260325,2.6155732469462687,4.283062138473608,5.234562705234595,5.318284096652339,4.62690868362818,3.4481538787827506,2.1500120127779296,1.0633952266087237,0.40977224485552516,0.2841348795064421,0.673385901873259,1.4840394414379219,2.5662918472182126,3.736935393307217,4.808241043588403,5.623683073174192,6.092537800981929,6.211118208404146,6.060201886638691,5.774853985958347,5.493474509944237,5.3047742259643496,5.2176507354057104,5.172252748841763,5.090371125204665,4.9394163170197976,4.771875818556133,4.712134559868306,4.892107971420709,5.369411951292369,6.075889036982793,6.829661764718613,7.408020534200163,7.6431194790618955,7.489463149718561,7.029233431760849,6.417758077316825,5.804166318779171,5.27222664979182,4.829916702621349,4.4456586349798295,4.102796722870804,3.83602779983838,3.726695710193006,3.8586923213397943,4.258696243168918,4.852922842831646,5.465370616982346,5.8648101216162525,5.847061309988655,5.321997467168494,4.3670844953399754,3.216699239829988,2.1813119659193236,1.5253242888905343,1.3582268221394491,1.592169108550016,1.9871398093071198,2.260228173202777,2.204166532207201,1.7605169765168474,1.0223112007257202,0.17974121649203978,-0.5530302172002542,-0.9942315490574802,-1.0218193235599076,-0.5857924034934658,0.2700339260672715,1.3653487730104805,2.3385361593458702,2.647962728461553,1.6731683101082928,-1.0652782677890424,-5.619901882333548,-11.391129182147777
15kg_10bpm,7AB,-4.8204391183193005,-0.855204784489574,0.5941420320807962,-0.10179728489561843,-2.1198471102140033,-4.589471524877209,-6.8819161523095405,-8.710645763206863,-10.071301501755388,-11.1000535781915,-11.926643339051806,-12.573523983654894,-12.929798690814499,-12.805406838772516,-12.037783273759674,-10.592265644864169,-8.597163877746963,-6.29484757484804,-3.9448550980405086,-1.742037422706303,0.20645029176570684,1.848537702205061,3.1405199504210253,4.030816036309114,4.487570846824303,4.543890078670212,4.318079176092061,3.985631541782394,3.7177032262381062,3.6250169152643257,3.738171870243376,4.0259709968484385,4.428798474716184,4.881248706442888,5.3141780426750955,5.645907308036738,5.781278621772825,5.630608145219301,5.143747730767793,4.339815129560692,3.312050867909804,2.201565243008462,1.1530564054747146,0.2749880824103201,-0.3798643944622524,-0.8122183483252028,-1.0612155069286366,-1.185796489785494,-1.2473965637129638,-1.2959243273063512,-1.3612146258807616,-1.4524486532263823,-1.565508520295793,-1.6938640037969372,-1.8359758896327267,-1.9936062097488763,-2.160428475832612,-2.3071347697803866,-2.3747091018897435,-2.28667770918029,-1.9806940539547382,-1.4445145853173325,-0.7336264706029042,0.043304569593156414,0.7640771371335525,1.334144866157184,1.707316100445275,1.8812865860636938,1.8814001607308282,1.7505138941823077,1.5518317581287515,1.3758145173365244,1.3351621424420492,1.538460472905188,2.047720075632053,2.837387759272717,3.7750316015179957,4.636038206951278,5.151452741737755,5.0771092199900885,4.268404468980363,2.7467445309616236,0.744193785095797,-1.2918177800476822,-2.7571104975896663,-3.030795699508438,-1.6901281781742439,1.2495123626740663,5.165872396936554,8.849658118949892,10.791005479887554,9.70052785487544,5.09349773381116,-2.319867433128725,-10.656939225294083,-17.353970846096928,-19.97227512195519,-17.01965526341225,-8.477520830558575,4.158264527711832,18.335657690993177
15kg_10bpm,7BC,-0.04112439874678904,2.143291995755377,4.730603783497821,7.104212162954187,8.847350058205935,9.792153185208397,9.993274079616553,9.657518294485426,9.060584261550403,8.473978695658143,8.115586517208687,8.124359984447764,8.553799133105725,9.378220309949677,10.507856378958211,11.812166605778135,13.149327934045598,14.395777504261059,15.467868180064333,16.32815808159538,16.975353328947882,17.42400062396469,17.68467976813357,17.75544458426402,17.628471505059846,17.307352518830623,16.82301947950357,16.236529675890136,15.62368465691202,15.047280547675497,14.530929807480812,14.048213273673346,13.534374866555439,12.91500770046396,12.137907963335813,11.192117997880693,10.105345783664577,8.922778464302164,7.679097701227839,6.379123548293996,4.996906088932587,3.494343354132212,1.8504183591004661,0.08672743217579017,-1.723501740633248,-3.469255713389271,-5.033510552255526,-6.331031039984937,-7.336919210043111,-8.094605588748799,-8.700521485624467,-9.270749888806328,-9.902864506594074,-10.64674457272809,-11.494085614501197,-12.387941157534199,-13.244332432150285,-13.975075114631784,-14.503208175763929,-14.770234412522314,-14.741005809406573,-14.412334472307005,-13.824934571775598,-13.069733024607872,-12.275664086409261,-11.574264077965703,-11.051252313439328,-10.708859928285973,-10.464689567265241,-10.195947592860707,-9.814832044131705,-9.3377860206434,-8.909365052014625,-8.759134384478417,-9.101481373960443,-10.021109343396946,-11.395752599681623,-12.898315853284734,-14.083610344279407,-14.529781035825446,-13.98307413151932,-12.452203816451206,-10.223153979394969,-7.789421695327059,-5.720438625294093,-4.5081304943243286,-4.432856126123951,-5.488999360360774,-7.3911361720965845,-9.662076000338017,-11.780943848827226,-13.344407402692541,-14.190618150578084,-14.440261020734807,-14.438581325575738,-14.61971813073967,-15.34305368816508,-16.768598836809183,-18.818700938452277,-21.237526079071536,-23.714302345962487
15kg_10bpm,7CA,-21.941954405977974,-23.83748175695724,-21.50660345940652,-16.759282323396064,-12.038302942864878,-9.11768921834824,-8.405074192616391,-9.129146894815108,-10.116724403356667,-10.566314213469001,-10.359416603940808,-9.852994684116416,-9.446359990605469,-9.274895858050124,-9.178341262647256,-8.858068468009336,-8.058762699430673,-6.672092638429376,-4.752695477854558,-2.487172701358221,-0.15599385290582235,1.901006442156581,3.3340442172177,3.869051517625717,3.4190089663285774,2.167400899273288,0.5564496825552199,-0.848691543915266,-1.5744247213574007,-1.428135817615804,-0.564504174136587,0.600805437144146,1.5787841132778917,2.005663687696478,1.7738110274086971,1.0515010935921434,0.18756721787441935,-0.45761748514855966,-0.6710085934828915,-0.44877048233391886,0.06543285785906566,0.7063034279178927,1.3794763403186387,2.0653725937093936,2.759143177552562,3.419265773098314,3.9781435640864133,4.403271544734746,4.744004618325979,5.106843660764723,5.568461943949998,6.0993191055488,6.567935885293134,6.827274817912201,6.816699768259677,6.606438208116982,6.360375438159064,6.246645950082635,6.3472572243187315,6.610289995760195,6.8690207421416405,6.927326552417487,6.6771125319060225,6.181828123743643,5.660104338569572,5.356250836157497,5.369046171603611,5.561852091328589,5.635304510006182,5.3231777384197585,4.5726650173806505,3.5817206719450874,2.6770993702677197,2.127852877264533,2.0120928674840473,2.1938507310054156,2.3965225287328717,2.3307938521627674,1.8331451926793383,0.962036092975382,-0.0075148824787984875,-0.7133347359842943,-0.9024845081703399,-0.5787845849463703,-0.005280342677331278,0.4464240318809183,0.5122686661994643,0.1881926916712727,-0.2717274828397484,-0.5096251291555369,-0.2825876938783378,0.37416942429793676,1.124978283865048,1.4619273143414755,0.9221623524978015,-0.6993014354334237,-3.2287631702958475,-6.139542495099831,-8.719388824036708,-10.303894978376684,-10.472156999757184
15kg_10bpm,8AB,-6.904937675781391,-4.761490645638856,-3.2129868835634707,-2.537140230192378,-2.7659797280680007,-3.7418775680124132,-5.234587178787175,-7.033067401264177,-8.960672338195208,-10.828901552934555,-12.391897091764935,-13.360450115035482,-13.486812653752763,-12.675866696378087,-11.053284294119397,-8.942239262728206,-6.750803765533358,-4.821087589919639,-3.312472395154476,-2.1744267179337387,-1.217760829774982,-0.24252700878156594,0.8451464570148907,1.9841789634470288,2.996263845572612,3.6851105709799468,3.9439453701897005,3.817116913952014,3.4868240039178917,3.193662416564154,3.1303530365252237,3.3583566369352735,3.7844584731116147,4.205811057493166,4.400649069593022,4.222458091236223,3.6567028901148406,2.8197966501020213,1.907857637078759,1.1227955415965265,0.607142013348131,0.4091004600144209,0.4840008640176886,0.7248829591090076,1.0067356423869616,1.227313784567784,1.3323784850679792,1.3217698322101612,1.2399947859158758,1.1573022018277823,1.145310679851601,1.2500126320310996,1.4680018164021869,1.7364386564315781,1.946562980110348,1.9813167852056552,1.764518674818708,1.3003245698931578,0.6828668495124914,0.06723698895713959,-0.3897858692063419,-0.594974982504933,-0.5595214702956425,-0.39399778870325153,-0.2567448778207488,-0.27842922458343533,-0.4997575066482312,-0.8560757560187073,-1.2210512198575862,-1.4899160612482052,-1.6560549170906718,-1.8302467968473655,-2.177570408783927,-2.793175636547811,-3.579864702668186,-4.2023882881381125,-4.166277014119564,-3.0137186054248883,-0.5680381180292474,2.8823745919073835,6.568522368117401,9.447728325048837,10.590279548853138,9.600221257256647,6.871968844228984,3.5261739153429534,1.0021477386302922,0.45231432861606696,2.1996654714691104,5.519666077179271,8.882638664041652,10.587529940518051,9.524140000311338,5.7178586729877585,0.39340836650264305,-4.485701196874745,-6.99553327044872,-5.994741396258787,-1.5102498805922533,5.369028180725286,12.989244309147253
15kg_10bpm,8BC,4.28093791802613,5.501774421910655,6.427880515831935,6.883320027424027,6.857878993183699,6.460432146382724,5.8559145982077405,5.213666758686373,4.680360323046025,4.375641962879185,4.396586515601705,4.81715384095594,5.676487792352746,6.960581468442582,8.59010944051494,10.425630049124722,12.293910046391543,14.028261528614754,15.50743331353749,16.678240244837664,17.552703893450506,18.18293623085778,18.624305369756396,18.903299282238873,19.00275377481076,18.87125588337783,18.452675721868324,17.724429188099833,16.72757299973517,15.57452327959213,14.427809860029782,13.455159136897693,12.777757888610209,12.431503995497394,12.357372504851492,12.422435814397968,12.462532610602965,12.327546375800804,11.913536490881226,11.17281480829884,10.105095550586832,8.739893526856836,7.121944347595129,5.307186634658086,3.368642919339419,1.4044729112772738,-0.4618136302031647,-2.096803398528892,-3.3880258538507584,-4.282038247926113,-4.814291187029247,-5.115175001090141,-5.38368060666006,-5.831333450893203,-6.615087191175847,-7.783299276825739,-9.259068341662068,-10.867253058378838,-12.395399327053992,-13.661026638969762,-14.557464551878306,-15.06108262608769,-15.2040084839638,-15.033479810398294,-14.583816226941885,-13.877384271246529,-12.951511071711638,-11.89075362026911,-10.839313653326498,-9.978249399719303,-9.472572232488377,-9.41136938671044,-9.769579357341792,-10.411199982119271,-11.132940834634056,-11.731865960034463,-12.068918254052015,-12.10697102810228,-11.91175999837053,-11.622324455448286,-11.405349640968607,-11.410632013555936,-11.738322984381089,-12.419913355587472,-13.410367048282831,-14.588075322384048,-15.76581630512623,-16.717855211774147,-17.226935671984823,-17.146456961246496,-16.461664698259995,-15.329166214601228,-14.072744097004088,-13.129918548792675,-12.955789607304729,-13.909826978485537,-16.15687132308395,-19.612681675043415,-23.951227407558548,-28.66815761571143,-33.18245614588603
15kg_10bpm,8CA,1.9047466684009464,0.04848272218124883,-4.248550325412486,-8.985157061003502,-12.6637057495103,-14.640251715589644,-15.03498339308597,-14.383553498136383,-13.266876783411716,-12.08173814786883,-10.989476981888961,-9.985478040462638,-9.003739087818083,-7.995886732771984,-6.96619193426197,-5.972553929796324,-5.109707465264056,-4.485225090304987,-4.193691149151538,-4.292738713461007,-4.783005270960171,-5.592502839935838,-6.568380943831703,-7.484635895929246,-8.074974918532233,-8.090307090106295,-7.365373589776366,-5.870653938763069,-3.7310638807278687,-1.2076949758844537,1.3487032084598138,3.56098795441321,5.097366980356393,5.743227144083638,5.457698555684336,4.393481781464212,2.8639892435789203,1.260869609879469,-0.05249058165722996,-0.833487881397744,-1.0064909910772089,-0.6516396420643864,0.05015204482050966,0.8885307945298383,1.6860861878472857,2.3383713070064496,2.828872731636373,3.2199060653776383,3.620413119169349,4.135570072008193,4.813143580674469,5.610160762087403,6.399809800986793,7.019883976577468,7.3410244133525175,7.3213858981091136,7.022486991102669,6.583157481057939,6.1690930379743545,5.921609607041861,5.92099924402535,6.168814142394047,6.589069564361747,7.049382330346501,7.401326285356401,7.5311279240344495,7.402860766309444,7.0753343482327375,6.683522801442406,6.389789716984598,6.321535893648658,6.516919591983063,6.899477353676733,7.29578135019069,7.496264814574182,7.339242811442421,6.780535654915538,5.910326137716087,4.903623710196933,3.93076312139626,3.0819471596002272,2.3509042643669416,1.6806897147881212,1.0313928963802488,0.4189572466003698,-0.09750363431123406,-0.46153816408715803,-0.6589718850084537,-0.7229678737672242,-0.7051794609739614,-0.6366186593839589,-0.5056665751110827,-0.2692959028516857,0.10237165498114192,0.5630424911257729,0.9367969011473846,0.9103869496199498,0.10249713431363842,-1.7854345915881702,-4.779522391307941,-8.495231343544337
15kg_10bpm,9BC,-4.06400634242742,-0.8573569167840247,2.8942430250408844,6.361474048299073,8.874253518688759,10.083953523057973,10.015656547339498,9.011558197149602,7.592198918396378,6.291539289937735,5.519653145639477,5.489090374384734,6.212080580559107,7.548702677847847,9.278611052427891,11.167333479475658,13.012927471216445,14.668054890086122,16.04226912306022,17.091612421794856,17.803171367420234,18.18168399930778,18.242862770098665,18.0153150217418,17.54814851417697,16.91704915698781,16.221344661856122,15.568707466375502,15.050860933270904,14.719501505394744,14.571814453539139,14.552122627159049,14.568246651658736,14.516870867513598,14.308266870047632,13.88274962578047,13.21482658092518,12.30649243433814,11.175011301744325,9.841625015499103,8.326741248078807,6.653443348536021,4.857010975132011,2.9946042453809256,1.1482727145974998,-0.5836157088073028,-2.1061356451333997,-3.3537438491239495,-4.312964411769025,-5.033420163851573,-5.620273074123657,-6.208113834712809,-6.921714378311677,-7.835531661652926,-8.946438922877494,-10.171107957561535,-11.3720504982226,-12.40292644901031,-13.156844066274585,-13.597736520971615,-13.764332936455785,-13.746449631826502,-13.646512809162536,-13.542530157972413,-13.46642548460552,-13.402855424544546,-13.30526956313045,-13.121170578303408,-12.817063880173492,-12.396543590439661,-11.906945224690487,-11.433704494822482,-11.082372283147903,-10.951421723090046,-11.100906068893465,-11.52551255277286,-12.14199226868608,-12.798758504135426,-13.311036952420054,-13.513776718467124,-13.318203392338615,-12.750847562554092,-11.959186989216146,-11.174861427552877,-10.64134629297024,-10.526864962474374,-10.852569065415462,-11.466066784434501,-12.074953089894608,-12.337797010793363,-11.983361610069927,-10.92136281959727,-9.303933558305689,-7.518314536304579,-6.108896972629292,-5.649378026326338,-6.598046661737982,-9.169973567986753,-13.259306424143476,-18.429509963107044,-23.98429993980696
15kg_10bpm,9CA,-34.137359313324836,-27.26380106253261,-18.68121284943274,-11.106298674193049,-6.43544715888234,-5.178096473418515,-6.5516827407208496,-9.07459170430348,-11.303088164629752,-12.37065404687645,-12.150842749499004,-11.06921260299622,-9.737068243690048,-8.617197340839823,-7.8639674795002925,-7.360170565448743,-6.872227630834771,-6.211347998157433,-5.3218105845173564,-4.281680375692316,-3.2496270117154227,-2.3999423395832298,-1.8682900514134502,-1.7125506078106272,-1.891711537433878,-2.2730167783948496,-2.6769504843555234,-2.9531471516425887,-3.056084096943535,-3.0769911890157045,-3.2033846410962883,-3.616392595516893,-4.375330413709449,-5.351993702366147,-6.2533291678292615,-6.724100218167752,-6.479685598448353,-5.407908148936932,-3.6008700333416797,-1.3145494892754366,1.1169900553800034,3.3754321204833952,5.229433065367587,6.567895205201659,7.394400951610252,7.791846225402293,7.873225692449658,7.738210605385051,7.452123383792219,7.0530151357127355,6.5781951112703085,6.090911569193304,5.686739690727995,5.469648013330798,5.506253658425077,5.783660718906128,6.19959947354281,6.598211675006011,6.838136651540041,6.85812866154586,6.704154159328785,6.502520175229865,6.392794138125577,6.454682857747606,6.665198772023285,6.907146969802031,7.024919648638396,6.900753958173628,6.515446764545476,5.96562869483105,5.428799109169477,5.087840439538246,5.043113380556732,5.250063274390971,5.518002332668961,5.5839494930869,5.236653896358013,4.430431175022472,3.323806554499788,2.215313045560159,1.4074005370623397,1.0699034994121597,1.17164831633376,1.5094078011999836,1.8136972988552738,1.875429568386902,1.6312766647069685,1.1707654009637782,0.6697043636420812,0.2888732658704032,0.08901151350368389,0.0030760794161865937,-0.11835045019836778,-0.40573402311227985,-0.8627997565027732,-1.3186926514086021,-1.4929397564158986,-1.1762616533669816,-0.4572435692094804,0.13679816601580547,-0.2794120671209538
15kg_16bpm,10AB,-5.633569329374634,-6.243099642264317,-7.8611926945619715,-10.149406644239367,-12.71652058698692,-15.189310730728732,-17.271704448999976,-18.77924866093076,-19.642873449489514,-19.88177958383487,-19.560040308868277,-18.743409607645418,-17.47374694120622,-15.768632745278547,-13.642639446584777,-11.137989308413026,-8.348445519424088,-5.424743482525061,-2.557080845304862,0.06027728876137564,2.270603207266024,3.9896695069501855,5.221280745243042,6.0498763967390286,6.610718318390824,7.048425091632497,7.47632252421591,7.948470384147856,8.452870275473682,8.924353682532148,9.272559292699377,9.413984795200216,9.298684707923181,8.92461949547954,8.336050857703368,7.608474760407384,6.824804320716275,6.05117857524521,5.319758047611495,4.6236851224490465,3.9250471393786923,3.172256297676751,2.3208548772519295,1.350779505639086,0.2753019163575952,-0.8612264870260045,-1.9951896351428666,-3.060817500612073,-4.005934444684321,-4.800105823632673,-5.432899063545489,-5.903479294046666,-6.207107853953367,-6.324631164576563,-6.219249763928659,-5.842505580366681,-5.147997706120651,-4.110113404452367,-2.7436448324916833,-1.1180057563812407,0.6398817499512729,2.360007403095125,3.8601155813012005,4.98651350604008,5.651312476394387,5.8526556216848205,5.669039649898524,5.228893706923316,4.666235079934006,4.078669933811905,3.504600715502361,2.9279656004759476,2.309653043356271,1.6318334099804113,0.9342232987763621,0.32386255270286346,-0.052199521031129195,-0.06278741975737644,0.34556818650269555,1.1090230889545338,2.054167458530093,2.9535425883911564,3.6101867045081044,3.9326653355574206,3.964127087433164,3.8531174200988345,3.780891852269523,3.8854347633636577,4.217649486847003,4.742400215106729,5.368961453957779,5.985110176077711,6.484051984745705,6.793407606705914,6.919767297977033,6.99787617896581,7.310352106034523,8.23682790421628,10.128493404989417,13.152190953849354,17.17118449124988
15kg_16bpm,10BC,11.91314147848258,13.493479997296445,14.680438899733455,15.46749231888472,15.87939277786652,15.956773708740783,15.74595934332134,15.29297397221083,14.642118431880952,13.837680654427892,12.927287073637416,11.965556689407672,11.016908509951449,10.156711629710909,9.470030502186708,9.047257774008584,8.976264102463773,9.331559653367812,10.161755309670232,11.477409337881996,13.242311640492462,15.370822103415579,17.732609484913493,20.165023303264483,22.491927270996936,24.546057151190276,26.191023328445198,27.339299555831055,27.962950901205616,28.09437037498759,27.81712850289567,27.248641894050543,26.517752275758593,25.741457719718856,25.00553839341932,24.352362482883024,23.77747569628648,23.234968324582066,22.649858665718018,21.934057106798146,21.002801728761177,19.78884574109389,18.252145038812717,16.384140241427545,14.20684192536894,11.767635811087644,9.131161386809737,6.370227584520137,3.5576157197175964,0.7600453329601128,-1.964954437976568,-4.5692428184595135,-7.0122669072249755,-9.258601000439784,-11.276291131282845,-13.03718502805872,-14.519746276191656,-15.71395257047156,-16.62714017197096,-17.28894302082515,-17.75335410168434,-18.096617331517688,-18.410379283219342,-18.790590998151593,-19.32398352534225,-20.074773736470004,-21.07413879552446,-22.3144723990082,-23.749771984459937,-25.301508878917502,-26.868235291886258,-28.33678657591525,-29.593103213997356,-30.53142568330617,-31.062066598411942,-31.11901320278447,-30.668703673825668,-29.719987488937157,-28.333895944180817,-26.629892754526185,-24.784341277338928,-23.01703526060537,-21.565187680309037,-20.64781486138379,-20.426690497158216,-20.973117283213437,-22.250258742638554,-24.116397299345422,-26.350082085218418,-28.69275599982891,-30.899042421525902,-32.78191799137059,-34.24221578346757,-35.275601240169195,-35.95488641927198,-36.39341396111308,-36.69976418258244,-36.93541125901262,-37.08674574323799,-37.0598039826117,-36.697811260905894
15kg_16bpm,10CA,-48.15232403455951,-45.43538423206,-39.43841000870324,-31.395879848157442,-22.971642834914682,-15.786490282504278,-10.988138487814224,-9.009875654899613,-9.57715156721115,-11.92737726296222,-15.119968223390929,-18.316848673289794,-20.943247922469066,-22.7128172110243,-23.554427882043424,-23.50558643501333,-22.632479753219307,-21.003848350151852,-18.712679605533673,-15.914106265065442,-12.844165508748661,-9.798080627847087,-7.072952759107057,-4.897372540528343,-3.3783930262618886,-2.483912175527937,-2.0644722878000596,-1.9030362751768353,-1.7750639514319217,-1.5037207793498764,-0.9975823448352261,-0.26495171186716515,0.5986195225798007,1.4459954945443485,2.127679661892465,2.540759079963355,2.6619009524574304,2.555460757828249,2.35421202529843,2.2208270469221945,2.3027962953615346,2.6948648454698305,3.419913358768885,4.431460057942121,5.634909382729408,6.916992531205755,8.172165345378609,9.316998501963925,10.290545565656636,11.045895469853225,11.541973465932488,11.743748269375942,11.633054818897236,11.224775906012736,10.578417584461997,9.795832868206885,9.000994389931993,8.307310974574694,7.783844203693533,7.435789417126602,7.209303500299725,7.021911242163915,6.807149038874943,6.553167605697166,6.315948492026265,6.196987085099232,6.293653788539594,6.642900349548813,7.185877147940289,7.77080996706783,8.197008036013433,8.284147242589313,7.940550520340055,7.204147934094788,6.23783661250912,5.279628175150302,4.561765364356708,4.2285629419185256,4.282792778868926,4.583570678319703,4.8988092111477926,4.992540357711225,4.713676181823636,4.049045750356172,3.1223545894044205,2.14177432847509,1.3239344684379235,0.8271821393953676,0.7179543047569281,0.9722600474180629,1.4939288438917206,2.126939422008336,2.650289293934123,2.767140720765906,2.119649409012156,0.3585027087963279,-2.7264296283210028,-7.049206529514424,-12.113091340959352,-17.00893274520678,-20.575245875554366
15kg_16bpm,1AB,-2.7678602393825473,-3.6644841774150874,-4.575857264263772,-5.333333709665014,-5.939090281822852,-6.482167337087359,-7.066734895095887,-7.774229327217354,-8.652936280854533,-9.71682474770895,-10.939340462672705,-12.241286173274261,-13.483506393366648,-14.47797599339632,-15.022287446057401,-14.951372509889957,-14.189723146949001,-12.782591166396875,-10.890194081105832,-8.739933034110212,-6.5510551556187355,-4.4618493610849566,-2.4914937700296598,-0.5580336647222897,1.4532017819320309,3.5993031558394684,5.810003274120118,7.874786911158402,9.497002425565336,10.39672885424439,10.418514403400655,9.598300798654083,8.16151488489236,6.452191722141342,4.824912109140953,3.541579913204314,2.7112413718569015,2.2901351720646166,2.1329953746478685,2.070924172446856,1.983187013516323,1.8375554378380312,1.6876620730282401,1.6312928201194734,1.7502256343281835,2.0583624128580933,2.4832651746387793,2.8909931154136883,3.1429531283989096,3.1579897816102895,2.948030940597144,2.6105973693235787,2.2826754644188076,2.0795310333704484,2.048086696915982,2.153413882542732,2.3009435774535705,2.379745000856432,2.3060714696942703,2.0497091046101983,1.6346158238603177,1.1177760067387996,0.5579864552073741,-0.009788137327643418,-0.5825731829217204,-1.1774343292224714,-1.8064356841377571,-2.45267951821166,-3.060235841672102,-3.5440342221564105,-3.81523474456413,-3.8091799020952215,-3.5018012477830003,-2.905095025395479,-2.0440367288569172,-0.9278038444434792,0.4653486990662108,2.1732258791908885,4.201678630413725,6.457625357091355,8.695551053189405,10.513696552224168,11.426159415147767,11.009414045493704,9.082258890077181,5.853491079644795,1.9606439357711967,-1.6462584661700703,-3.964422621318221,-4.269815933189124,-2.3928523425052735,1.1822414130017764,5.460254727811409,9.288760578863435,11.780178805458222,12.625657647999923,12.155205151752774,11.123620887056768,10.338122557908633,10.312700714289695,11.115944033373417
15kg_16bpm,1BC,1.9066473523093856,5.1130395258328,8.32303205551559,11.22813119011721,13.57338614258248,15.177677024566606,15.947457524783271,15.883351774475148,15.078700284987026,13.707627589611867,12.004888348139316,10.239094202664175,8.681789661772488,7.576691956443374,7.111468481511228,7.396188546985118,8.450535332602884,10.201119165464288,12.491804922883018,15.105116593043466,17.79242133310992,20.30909660657039,22.447969603259327,24.06615571219413,25.099443910034704,25.56245019702541,25.53577634328176,25.142311570276135,24.519334297599958,23.792151476519432,23.054554653239084,22.35931282927176,21.71835976797081,21.111262129006263,20.497791434510642,19.83070800239252,19.066052991993203,18.169324861492324,17.117986755694492,15.90141648336827,14.51992443731038,12.984049561832558,11.3141606627944,9.53983405665457,7.698177098006274,5.830251432156789,3.975731321086902,2.1666013760618106,0.4214235578073221,-1.2580027531593672,-2.8864595042312557,-4.490691723093892,-6.100857252807905,-7.739483099027401,-9.410096438776456,-11.08858649479405,-12.719602932954988,-14.220515706930797,-15.493686704435893,-16.445674515410904,-17.010476113477818,-17.171056069505845,-16.973984616806522,-16.531486364949536,-16.007902826952176,-15.592717521690798,-15.464266361398305,-15.752915659648828,-16.51178486185786,-17.70220549232791,-19.198368459476686,-20.80856577538624,-22.309499767725132,-23.486146158753407,-24.169371537122615,-24.265626259247405,-23.773310189176303,-22.78558201866538,-21.478930454879823,-20.088196207219845,-18.87210418123202,-18.071979980401377,-17.870016654705243,-18.35364456589533,-19.493341465790277,-21.142499789681917,-23.060529130070236,-24.958794862904583,-26.56186107469485,-27.67040530401477,-28.212203164368457,-28.264845351562105,-28.04422171208527,-27.85758505993046,-28.02909387752482,-28.816618447705622,-30.3383125045995,-32.531431878357594,-35.15317558609994,-37.824847072930226,-40.112474181983075
15kg_16bpm,1CA,-18.262595871195632,-14.727833696271839,-12.383594382631514,-11.327586055581092,-11.395487018945095,-12.249841431394353,-13.47837469569496,-14.682900111747337,-15.543926164912612,-15.85905567954342,-15.557808052976286,-14.696236753149329,-13.434247824703789,-11.99853493838096,-10.6347505740456,-9.555318565270692,-8.893379970005817,-8.672065734891138,-8.800529927830759,-9.09660587026427,-9.333529374803886,-9.29615989733041,-8.831779577618804,-7.88251531015439,-6.491797740307356,-4.788035928708807,-2.9520984028355355,-1.1800486804678616,0.3507066904710926,1.5058462251856983,2.208111048061723,2.4404994612409694,2.2412406793262427,1.6914560988011145,0.8993544530900219,-0.016409493301228224,-0.9403877917625669,-1.7691746858683155,-2.4156590883362465,-2.8103025180537218,-2.902426010324584,-2.66309942503989,-2.09004754996788,-1.2123764703836806,-0.09188004029360407,1.1821339388504333,2.505409534864626,3.7765413065913975,4.914910196127718,5.873482723011987,6.641701541468281,7.238937325169347,7.701205760374347,8.06744864909933,8.369943444306815,8.630721054360642,8.86262729922176,9.071707297102003,9.258716616674104,9.419420681093293,9.545220825501552,9.625494657188561,9.651644174583552,9.62119534994882,9.540108134146866,9.42211425951398,9.285531529785752,9.148677485970254,9.025207350305921,8.920211393439223,8.827054723563977,8.72542486810433,8.58117884077539,8.350075445418815,7.986805195811123,7.459606279257884,6.767326452015938,5.952900137828805,5.105705583792542,4.347784912579225,3.8047802124707517,3.5696767949602717,3.6737081156248848,4.07597353314896,4.678385738223115,5.357553803420201,5.997864698331112,6.506868953562461,6.802910950160567,6.781308233486685,6.280249311529431,5.073659738421455,2.912400453437527,-0.3862643320589565,-4.82306734056108,-10.119983548642367,-15.687579192042033,-20.69204948767073,-24.219801072684408,-25.500931857782515,-24.131163658935122
15kg_16bpm,2AB,-9.651079323742799,-8.87013092814355,-8.65989437493061,-8.889859347837554,-9.448559966587375,-10.248993263847177,-11.208119861626985,-12.220946962026698,-13.148784703662017,-13.830288718834312,-14.11197046461545,-13.885114374315329,-13.112883704607908,-11.83752718173814,-10.164401846422253,-8.231040036152567,-6.173786944400661,-4.1052228617655855,-2.10776481222821,-0.24111351463842898,1.4460727939403528,2.9087655213327968,4.10664735524697,5.011597001793719,5.616015610648015,5.93729573589163,6.0161999157690085,5.911072219074446,5.690307214600638,5.425478352080962,5.184858922944312,5.0260314998250815,4.9864628323507665,5.073658419783303,5.258479071757356,5.477497393660113,5.6467333703000255,5.6855012051118425,5.542257313359443,5.212043221745553,4.7374058001149555,4.191821775022925,3.652734451165693,3.1757867827341397,2.7811309511507116,2.4554456198642485,2.1673325894561954,1.8869842545961302,1.6008495112607954,1.3140666204579619,1.0395480210020895,0.7789958770600568,0.5055374234284925,0.158814578359123,-0.3426421066614784,-1.0734338091418862,-2.068016570783235,-3.2944022275905214,-4.646084489854211,-5.955484587051253,-7.026969257582778,-7.6800811143488446,-7.791998230457086,-7.328790567330281,-6.356813090024325,-5.031232277467517,-3.5629806474521857,-2.170958998053092,-1.0300281206373914,-0.2285271542152401,0.25476198888109536,0.5450524282048711,0.8391506424652557,1.3512377031602982,2.2504124044052634,3.603312498143964,5.3382247851412075,7.238610379224319,8.97473265595791,10.168369969780981,10.483500528088786,9.72370849242407,7.914402199674766,5.341796707779076,2.5308426913360935,0.14879361144629716,-1.1515817776931139,-0.9172431448208525,0.9445092053895037,4.092621894875436,7.809178919707058,11.193208651869796,13.43973602801559,14.111715148111186,13.290039364301917,11.544395898861199,9.721311441869918,8.644690095330116,8.844541192784948,10.420922793496189,13.071388809047347
15kg_16bpm,2BC,7.907172539752662,9.805752504823404,11.297631844613209,12.320077641163445,12.872322949418958,13.003084150567679,12.795256783574859,12.349033749904986,11.767559040025201,11.146599618254077,10.56886689817248,10.102441449886468,9.801805537911674,9.709858018162492,9.859397672945235,10.272748863499613,10.959076466591915,11.909923196816532,13.094686829595783,14.457954544404824,15.920565606988946,17.38572035760062,18.74972375595879,19.91547798780135,20.806333051425472,21.37705882578998,21.61954245146867,21.562215023875673,21.263153951124174,20.798037471309776,20.24586410010104,19.67516569970057,19.133602984277832,18.643292954676156,18.202237653744106,17.79088417117425,17.38167369342894,16.948372450238843,16.472625345362495,15.946300980742613,15.3693936305839,14.744928306783876,14.072924168320812,13.345588876904166,12.545544590570625,11.647609622169478,10.623665595671998,9.44925712032122,8.10990975797341,6.605472064478394,4.951395261705845,3.1764900998674186,1.3180423664454555,-0.5843224382104288,-2.494456216045795,-4.383613498441977,-6.231703958991522,-8.025966105296506,-9.757856048066367,-11.419639893995932,-13.002203671775368,-14.495040676725115,-15.888565345044038,-17.177791155320953,-18.365760557609605,-19.46493607673561,-20.495096524072547,-21.477639598655863,-22.4272531462855,-23.343039744196346,-24.20201520876683,-24.957250200022486,-25.542084893316666,-25.880698197517344,-25.903246329594285,-25.562920294947357,-24.852063265259805,-23.813636795141058,-22.545702628575363,-21.197384367983698,-19.955206315044364,-19.0204026025235,-18.58028809001195,-18.777472653896307,-19.683181088417165,-21.281671763715806,-23.470223274297943,-26.076882271922514,-28.894159404701117,-31.719942995073996,-34.394973498658366,-36.82586317705792,-38.984761382050806,-40.885572855374654,-42.54336442790156,-43.930079538581985,-44.94372470809398,-45.40392601518674,-45.0800643865957,-43.74714618268292,-41.26018961922556
15kg_16bpm,2CA,-10.35692590007525,-8.254716881903972,-7.844896782807107,-8.817217917120605,-10.642097492400628,-12.723327351884096,-14.5337335688846,-15.706253407709298,-16.07095874289579,-15.638491457281827,-14.552561779813496,-13.027976647123849,-11.296633732339043,-9.571899766873159,-8.033828748398196,-6.828730162206791,-6.070265323788316,-5.833278418187005,-6.136512500777216,-6.922118869378947,-8.041644922030482,-9.262571834887634,-10.298373977070366,-10.860516113779314,-10.719877788109212,-9.76045458187775,-8.012801453755193,-5.653977070126086,-2.9773287879245025,-0.335565271435329,1.9268185929871544,3.5365906801080893,4.337069461830819,4.303822546642362,3.532971247436481,2.2047879954541267,0.538024205746709,-1.2528141924630851,-2.985326575278763,-4.517464907186282,-5.740683595361821,-6.566353946307951,-6.91696112846279,-6.728447415550176,-5.964626083354917,-4.636763697427441,-2.820092567863695,-0.656914319433799,1.6560375557018299,3.896235312532632,5.852413917984893,7.361115754045413,8.334552140122627,8.771332476526842,8.750047107067232,8.405649047589819,7.897204196083412,7.374344501639324,6.950744532530772,6.690528382567711,6.607898784724538,6.679204977028431,6.861144343716508,7.109704714226486,7.393631871849959,7.698536934571609,8.021348736079315,8.357629239082899,8.687554457749428,8.967632524076036,9.133101092931298,9.11324049621045,8.855987575877274,8.353862310693698,7.662430376660639,6.901057829688086,6.233344765661781,5.82784146159276,5.808713453032951,6.211368076951205,6.956724612626459,7.859004434728047,8.667195968211482,9.134332277681475,9.094731018026419,8.522665292231267,7.552402938450209,6.442863924693469,5.495145498431155,4.942572175375901,4.846511651385158,5.0373130054376345,5.121047376956808,4.566293445139484,2.8507585534166777,-0.3673086040864373,-5.098697063452692,-10.948897909740865,-17.139924646634963,-22.64310751362462,-26.390332074299707
15kg_16bpm,3AB,-5.814762970944565,-7.404445330021722,-8.679149728427475,-9.707059753861898,-10.618770336391517,-11.514179351469616,-12.40700944902716,-13.22041462511388,-13.82620251253329,-14.105612320448476,-14.002200039860526,-13.545901622270522,-12.83875896006327,-12.011119126886104,-11.166821525588958,-10.340096674264622,-9.483112804581218,-8.487910440350882,-7.235669714303473,-5.6526242539537765,-3.7514944253177327,-1.6427899151117353,0.4874524010960727,2.4249250895415986,3.983249028695935,5.050445069889397,5.613920873833864,5.75633398913216,5.628156834343252,5.404512962414171,5.240301707401809,5.234544937458033,5.411829641710535,5.724114511854511,6.070418376557363,6.328447189558494,6.3891783768437485,6.18599136117672,5.7103754505670254,5.012197691528606,4.18427823738013,3.3379359937843516,2.576270106719067,1.9731048572627177,1.5624624518628656,1.3389383019739778,1.2660166693904467,1.287100478429822,1.335319564907421,1.3409367441385482,1.2379166336132224,0.9718803836377098,0.5105305812477459,-0.14595348564977964,-0.9579718668057745,-1.8479930592222797,-2.71140841308891,-3.4357305683189074,-3.922912108813431,-4.109386364367769,-3.9783125463811895,-3.5615901773051792,-2.9306491077331227,-2.1792772528674687,-1.4029219147662748,-0.6807755595418862,-0.06586519071549507,0.4155295184981728,0.7569492649867119,0.9631858989215827,1.0450414027157418,1.0197922373486394,0.9151078598326279,0.7711202008396834,0.6360135685390411,0.5543509003636311,0.5528377236239794,0.6325266483651601,0.7749233453900263,0.9646772615299539,1.2214303948108187,1.6251159551338974,2.316597963568337,3.4602962110470163,5.171910127177836,7.430919273591591,10.016518405188075,12.502406642552799,14.336941129447437,14.99742259759293,14.174458262260348,11.922119171408946,8.702221334087696,5.297974023879668,2.6065509277088132,1.3828938017494399,2.020079552958895,4.447754794271663,8.1779419838754,12.478054607509955,16.600947673189147
15kg_16bpm,3BC,8.143124577691937,9.856963543956924,11.099034555228679,11.898291549870002,12.333712235699283,12.505785786919693,12.513510615271045,12.43830661693516,12.336838980161211,12.24182138423648,12.168774807346104,12.125192611252164,12.119048665960047,12.164391738710716,12.28282781486014,12.501329838629566,12.847642100812312,13.344905031794415,14.00690243164057,14.83441869798751,15.812669446261793,16.90983065280347,18.07669644919461,19.248208091299155,20.348034671538954,21.29659229358967,22.021818928184086,22.47097398752011,22.620195170823308,22.479025288584243,22.088257558974377,21.510800933596542,20.817822599573606,20.073980109121017,19.32527895390894,18.592802939735883,17.873206814465348,17.144808815391936,16.377036783068846,15.540128291384487,14.612434152826262,13.5840597001063,12.456498496299956,11.239305199447323,9.945460534209989,8.587024471703337,7.172442433178902,5.706041815942787,4.18945118682981,2.624149537813895,1.0140142657835685,-0.6329863812521431,-2.3043007587187714,-3.9833374316618375,-5.650341332108686,-7.282957299218062,-8.856268588079386,-10.342779058950105,-11.713394295371488,-12.940681320510839,-14.005045610479263,-14.903082085352189,-15.656045455619818,-16.3149972047436,-16.958836633057356,-17.68345630454392,-18.58203980190411,-19.719817652417483,-21.109639027904144,-22.694900829445466,-24.34609476417637,-25.87514115617842,-27.065503624387066,-27.71355288427561,-27.67285465683761,-26.89088774351881,-25.430575160086207,-23.47138946743398,-21.287499299165805,-19.208187243849608,-17.567113630811736,-16.64925989644063,-16.64652447392076,-17.62965651322793,-19.541461806550927,-22.21426751667707,-25.40633145305775,-28.849090431535895,-32.2950187850816,-35.55378735803051,-38.50854067529987,-41.10945700108312,-43.346861361664246,-45.21405897328235,-46.67234723514343,-47.63017917815904,-47.94564621716878,-47.4526691237366,-46.00515148370489,-43.525660696572736,-40.04775915778189
15kg_16bpm,3CA,-8.506400225144903,-5.650308477854275,-5.009235426553835,-6.330244068390602,-9.031149722281004,-12.358823888077678,-15.556300366343127,-18.008168244632564,-19.338153575993324,-19.442273575369267,-18.46631120374648,-16.734571493214702,-14.656747217815228,-12.631710191605587,-10.969754653373034,-9.845892002168501,-9.286353989555252,-9.187042916202117,-9.352855647806388,-9.549651245048018,-9.556537983268734,-9.209684742774568,-8.429889477659676,-7.229660645361419,-5.701041787516637,-3.9888518424183195,-2.2584765512738083,-0.6664456829281828,0.6596405251791638,1.630509442918663,2.1962730253127187,2.3441618437327136,2.0968191083326615,1.5127410021141934,0.6864544772932037,-0.2551602839854269,-1.1641735321355182,-1.8907540477317044,-2.306489575291036,-2.3257616233922085,-1.9175829478156894,-1.1052937344684206,0.045742777723999886,1.4457198281941512,2.9966869217766146,4.601977062083749,6.168000769350196,7.601841517772658,8.810135492902173,9.703923303658895,10.210683851010407,10.291293886119535,9.95524741549069,9.268647498530694,8.348493350649507,7.343870179330236,6.406712444009035,5.660342782404825,5.17495079038701,4.956322577061769,4.952614097190418,5.075917459312856,5.233445797383014,5.357939811202909,5.427288299020283,5.466904074186354,5.533216363069346,5.685611699920694,5.958146428510502,6.3436408291172715,6.797543648850145,7.25895732166057,7.6784118736326015,8.037503670396223,8.349698277009974,8.641219494205316,8.921152506372563,9.156868553450938,9.26888021585759,9.150952201374679,8.709744508456922,7.908346394514332,6.796704839612836,5.515100640107899,4.268353451953316,3.277379989640327,2.7215182703602214,2.6868232378029218,3.129110203526848,3.8598431339443033,4.555140284660703,4.793785198939948,4.125647313415853,2.170482207712472,-1.2622903552853417,-6.063267884605734,-11.753183273076665,-17.501881633000522,-22.249572872769143,-24.927739211345816,-24.735808988868943
15kg_16bpm,4AB,-3.7593926422031734,-3.971328697532424,-4.990156135878352,-6.320047873476636,-7.549863987449241,-8.447955457902003,-8.989414431834897,-9.318479919428873,-9.660131702034695,-10.211623911939313,-11.049635723751424,-12.08647338576757,-13.092555170875219,-13.77583556128169,-13.885752580537021,-13.298206821847694,-12.050450711949196,-10.314459239238506,-8.328267150946493,-6.316572228298417,-4.4338114834817,-2.7446621305770345,-1.2410471329254547,0.12249459719263102,1.3928625280513904,2.595889591527394,3.730164837140604,4.773317626626475,5.692380689279218,6.451990762952472,7.017768295474911,7.3569097004292505,7.439860907382785,7.245914829339953,6.772209442946592,6.043199716550101,5.116255919771784,4.080488897017761,3.047688945193689,2.1361452130156047,1.4501060120041809,1.05912308348031,0.9820867242999908,1.180842731720703,1.566498874792684,2.018143440063067,2.410763137249359,2.6448508802268598,2.6687068345295635,2.485834603105333,2.1446624130241774,1.7147401132896698,1.2594482956263948,0.8161884077354962,0.39055663185485484,-0.035365850968595756,-0.48705714224116425,-0.9818057502429223,-1.5196261316756647,-2.0823505448138206,-2.63905986469208,-3.153310236475369,-3.5888755256175817,-3.9127573802916693,-4.09684252551133,-4.120196126842881,-3.9730310848795436,-3.6609219457475093,-3.2064796213263915,-2.6459225451453907,-2.019884803593876,-1.3602719703940473,-0.6767459518802241,0.05302492311800503,0.884589389823728,1.8955076631539467,3.159689980200126,4.710244522980881,6.499359035187946,8.371378667147436,10.064738194559006,11.254803636137988,11.634922181056679,11.01797852563743,9.42312466905408,7.114235086010601,4.561313503160569,2.3282325814705773,0.9157431378532536,0.6175173728754716,1.4420941964126697,3.139515236582407,5.317484412625078,7.59964493240679,9.750285593170368,11.712772425433744,13.548336506758574,15.321362609362078,17.001298463906398,18.44250013679167,19.456301940629743
15kg_16bpm,4BC,3.324574007386436,-1.3215361859555323,-5.094551873841196,-7.574500867745065,-8.475832437411079,-7.720293614520693,-5.469528239322343,-2.1080509016980535,1.826657230851045,5.74514709603082,9.113653158128795,11.541615643680164,12.83409314483312,13.001396353751419,12.229647554495939,10.826724341031316,9.154288326645759,7.563107610730129,6.341770898539535,5.687292566827649,5.696932189808058,6.3788646124528725,7.673233765529628,9.474230191869342,11.64822184547657,14.044634058011352,16.502087084366778,18.85416531840421,20.93878895631255,22.61276228633854,23.769433128875715,24.35559471912496,24.381177229788964,23.919247904903802,23.094182484351528,22.059818822600167,20.972579439635243,19.96498835833059,19.125618914018702,18.489006460245772,18.037903613517894,17.71478883759726,17.439639780833126,17.12865002000253,16.709731154449905,16.132164684966064,15.370180730792477,14.421662472608075,13.303582726097506,12.04648798314248,10.688694610532643,9.270767661087701,7.830137983636609,6.395912801290842,4.984256546064155,3.5954360963718393,2.2140835236210408,0.8133742692283517,-0.6366465644869252,-2.158622250105802,-3.7583431910693306,-5.4201835685634165,-7.109645212920703,-8.783451590275666,-10.40409673538591,-11.953903380823082,-13.442715352835766,-14.905825853679563,-16.39174730423136,-17.94319912585063,-19.577449800589932,-21.272556146187895,-22.96406230912998,-24.552475192875995,-25.91983061114052,-26.94986214347519,-27.54765210259515,-27.655420570956863,-27.264787555461087,-26.42533734825523,-25.250054491760288,-23.916219448741817,-22.656087110661193,-21.73461380981342,-21.412030872748392,-21.89686906011922,-23.299339100792146,-25.601356722653755,-28.653801104121197,-32.20459489064235,-35.95194939626826,-39.603485379796986,-42.92145230099314,-45.736876269894346,-47.929759240591736,-49.38551769930835,-49.952443273274156,-49.42616456585654,-47.57958912541834,-44.23645248964312,-39.37258456433268
15kg_16bpm,4CA,-0.0027909264844506983,-4.5720586668145735,-9.234498475211549,-13.134505667085227,-15.785295443384108,-17.076468326405468,-17.193693386307142,-16.486165139778898,-15.33833478738784,-14.07867627947926,-12.940967957999506,-12.069600455649855,-11.54376789264437,-11.395304942212263,-11.604545551544428,-12.078456863593344,-12.632443239425038,-13.001764140696613,-12.897197981621431,-12.095032223219947,-10.524832393766664,-8.31460308185724,-5.762703729755347,-3.2463410527438534,-1.102501835933627,0.4697513841084157,1.4469949692266133,1.9551406967420086,2.193271053801308,2.3440485871888517,2.5031445048089775,2.6495551669723367,2.66502658010899,2.3895987831951846,1.693100058528354,0.5361502389013909,-0.9995684889705145,-2.7192921642659647,-4.357736264953586,-5.639946367515249,-6.3425364989645825,-6.337791827933005,-5.612115115558971,-4.256862973366391,-2.4389948436283233,-0.36144710013083653,1.7749162615428864,3.7987025196963113,5.580976426528106,7.0341092127253235,8.103433770800798,8.758566325873726,8.991514803977172,8.82239847818232,8.309694152083415,7.556350755050982,6.705270981731194,5.919683350950445,5.352457113570111,5.112940786483941,5.242085350896702,5.704475808990658,6.398499208533108,7.1815012941291325,7.901586706447611,8.428817824156399,8.679561553033894,8.631660222716702,8.32891550021449,7.875365800268439,7.418258693580118,7.120437694192793,7.124224300605747,7.512043002488042,8.274497540453437,9.294639356496862,10.360073484137567,11.202921210868352,11.563142259317424,11.258828161693822,10.241428535021264,8.619505388338558,6.638403213687553,4.624371372029874,2.90776938050082,1.7501937737846143,1.2945935517058014,1.546823445132139,2.385696414512479,3.5878698265960804,4.854844684280719,5.835532436170603,6.149745694418611,5.425488698847103,3.3628715699664156,-0.17676089551291185,-5.070987751658677,-10.86579410460386,-16.76811421066403,-21.73984575195012,-24.69410738812137
15kg_16bpm,5AB,-8.898618219625716,-9.538195591262495,-9.746891229460548,-9.752330077508075,-9.790295047993922,-10.02304069675713,-10.50218479104024,-11.178740042394605,-11.942904581907941,-12.672447518813765,-13.267768182317875,-13.664052844941466,-13.823194844196644,-13.716549617408234,-13.31182190673707,-12.571869853231894,-11.46563639735368,-9.985394316928677,-8.161889437701968,-6.071555330907398,-3.832265903352388,-1.5887445283205395,0.5097514580669184,2.3344749421107758,3.7985550120805915,4.869980956992421,5.571347176307644,5.968047081794198,6.147578159066572,6.197374735732194,6.187191347953767,6.160054173170328,6.132809717828372,6.103094355450678,6.059115277222846,5.988014875775464,5.8808235057668545,5.7335782363469905,5.545597819561352,5.316516732687151,5.043539238263944,4.720056090680565,4.336139123362302,3.880919281708738,3.3464134218075428,2.7319069714884976,2.047901163920046,1.318065542205861,0.5783401694880062,-0.1275121982983648,-0.7551256932518396,-1.2682391568444442,-1.6473797550312876,-1.8964222923238185,-2.0457824463613656,-2.1496833466254803,-2.276896658970896,-2.494838326683545,-2.8502425591215887,-3.3516322298206935,-3.9590483692795977,-4.586002736782825,-5.114235003188352,-5.419230507669777,-5.399790311271715,-5.003887454193534,-4.242415072683758,-3.18599437212642,-1.944013924676569,-0.6310889671887759,0.6690691656376825,1.9308247745221476,3.1925770565293523,4.536680284284772,6.044636388787925,7.739319003224165,9.534455387021707,11.210173299953466,12.434673210264368,12.834074414399913,12.101752119774266,10.119730312673708,7.05050819073452,3.364588879507689,-0.22744593831658214,-2.929709798509656,-4.070589608067621,-3.3007003192914257,-0.7085966562437698,3.195782097644582,7.637123395870397,11.818263330184145,15.164865298371227,17.473349381032524,18.911201823581077,19.87318563298393,20.7640525907701,21.80272732005724,22.922991457214327,23.806715305357034,24.019857388569942
15kg_16bpm,5BC,1.6419388434364675,3.244617202982557,5.185497240593318,7.371703094572446,9.661055197699682,11.87564375014732,13.82391493496069,15.329905925821718,16.262872747400106,16.561331227323137,16.24642995296911,15.42114462503929,14.254910259379828,12.957506897943215,11.747235482076224,10.81925330749424,10.320022537387016,10.331537820716528,10.866360901792598,11.872564815336652,13.2467555841895,14.851866516659216,16.536613524181565,18.15441393748643,19.57995019619571,20.721701284827045,21.529591723819536,21.997182164158776,22.158181246451015,22.07742791152728,21.838016441944088,21.52654722451269,21.21875605230094,20.967965676945013,20.798286992980213,20.70324083842386,20.649588007094767,20.58537905119814,20.450471978675594,20.187306305957115,19.75018161288395,19.11165975653745,18.26506252361774,17.223087796762155,16.013219077130266,14.671026650588612,13.232741655634523,11.72864288669862,10.178372925969855,8.588818465622396,6.954830435484943,5.26268684194006,3.495686369283477,1.6411819944237498,-0.301864182083765,-2.316259155138096,-4.362497049268998,-6.3787699551079795,-8.28633091355754,-10.000684911752533,-11.447333516456665,-12.579326919585641,-13.392960232176533,-13.937376992902065,-14.314063807552989,-14.664984286775518,-15.150071953967862,-15.917119297391421,-17.069741397040687,-18.64037180977705,-20.574371955178194,-22.729846365679442,-24.895774902130295,-26.826751402389295,-28.28855450227203,-29.106978013087964,-29.21054456879041,-28.65643439347592,-27.633097166856516,-26.436496375994135,-25.42145083266701,-24.934942078159857,-25.244542709304888,-26.476266498268735,-28.57544465286388,-31.302524351255343,-34.26867082582673,-37.005505001435054,-39.057338912864545,-40.07810592026252,-39.91001935853687,-38.62554852668254,-36.521933900990014,-34.066825178665226,-31.8037629564303,-30.23920030131995,-29.735668410941933,-30.433512758888106,-32.2192758253547,-34.74885707468762,-37.515293529773274
15kg_16bpm,5CA,-11.406350131330075,-12.996139050390578,-13.431356453071254,-12.666332072386782,-11.013499680248616,-8.985283260999338,-7.104641926336116,-5.747611062415988,-5.067238507627178,-5.004581630798139,-5.367682893036631,-5.93363173647866,-6.5340269492775604,-7.094736098776884,-7.626842481042385,-8.181986726386855,-8.799711320996606,-9.469887435366495,-10.124342925548346,-10.65493738143648,-10.94630387127865,-10.906461054171668,-10.484881593360742,-9.675946610982656,-8.514768096770938,-7.072906063082109,-5.458595665487272,-3.8177749841823716,-2.328584548968646,-1.1830268662643961,-0.5554628573622511,-0.5646687405983977,-1.2407488182374578,-2.5072779496891693,-4.184463154487689,-6.014564938365719,-7.703016585912027,-8.96766173299019,-9.584877849165215,-9.424205731174084,-8.46418711611265,-6.789523323442507,-4.570136494252144,-2.0299356408891964,0.5893615287204617,3.0622448719085185,5.207633298817676,6.907584161558105,8.11599142059369,8.855681394549446,9.205248550118181,9.277856559187628,9.195755498798304,9.065703049292166,8.960309839710957,8.909542934644149,8.90439667475561,8.911737605912926,8.894956344091296,8.833010354824431,8.730185594498018,8.612457139716929,8.512052392644675,8.447188728762447,8.4070151597623,8.34961632082013,8.216282994797062,7.957062607143841,7.55768132956872,7.054999024790812,6.533710006344059,6.10289095198278,5.86108445367257,5.861644913766338,6.091514914525076,6.4695438331158055,6.866449037575979,7.1395657380988125,7.173438358477142,6.913583087464771,6.384384604115216,5.683918953009078,4.958651412173179,4.365409305389587,4.0340957821234,4.040593018231071,4.393524817890305,5.027532835703869,5.794788220310719,6.452035905239097,6.654259825588746,5.980274844425206,4.011118602577826,0.4652571006733027,-4.64253841995426,-10.876369756565701,-17.362576066249424,-22.91541127036061,-26.301646410516632,-26.567096963255192,-23.331016169032093
15kg_16bpm,6AB,-8.75883269540327,-9.80116512763783,-10.583474113889833,-11.052502061292714,-11.261135704273048,-11.349406645104331,-11.49587564339308,-11.846748523332012,-12.444961947692672,-13.189399250243024,-13.8477036271804,-14.126907303266604,-13.777545946519332,-12.690287012012291,-10.942840952991041,-8.778151630122062,-6.52206276749372,-4.4776008853488865,-2.8360255781272636,-1.6366964405237414,-0.7818291660214237,-0.0946880200964477,0.6075503087311743,1.4511908391790644,2.4727305105910067,3.6179192479400775,4.768673246986908,5.783959072142113,6.54232073364825,6.973664433153098,7.074130915602569,6.901202026508577,6.553462845492677,6.141838568507328,5.761056798740674,5.468222990909295,5.27304798990874,5.140906969346358,5.0069745447267024,4.797641833254304,4.4526956090777325,3.942059597055239,3.2719924016370694,2.480259744621641,1.6229417104241821,0.7593463842829873,-0.059532302470303375,-0.7955156831047268,-1.421497927750104,-1.916757250565289,-2.263920404816578,-2.4504789258035973,-2.474858051911966,-2.3543903725500654,-2.13091170472101,-1.8705718867333798,-1.6563660734465944,-1.5739381295657928,-1.6935399821666173,-2.051946081503579,-2.6390805794432524,-3.392337421115584,-4.201187014722145,-4.92074990354017,-5.393200317143269,-5.474000052500123,-5.0601465003734925,-4.115041319053524,-2.6837953462705766,-0.8922129576731491,1.0749025776611583,3.013205890848368,4.748050217380947,6.178431898797931,7.301505767769041,8.205213629893532,9.028755792105192,9.898073454342782,10.856447596075776,11.812098272496126,12.527905579459416,12.664802497383873,11.880130577974171,9.957489856922104,6.931666608153079,3.1559224090755293,-0.7252232405348036,-3.9140555711276153,-5.677812621823363,-5.578994671305968,-3.6249123614249634,-0.266743190586157,3.767457754451441,7.743932539330478,11.17719318571305,13.945287133454137,16.21302615787526,18.213514352108014,20.019759687868653,21.44224707285837,22.115360563394024
15kg_16bpm,6BC,-2.748394304687149,-1.561357012384827,0.7317614409897275,3.8818522664617805,7.53229343880791,11.262969730900572,14.641510801006257,17.278479752776402,18.878518990298186,19.281372982859317,18.48477299979392,16.64663015172334,14.06492063029113,11.134764217824314,8.289809029635801,5.937331107669848,4.397532518565608,3.8600326939926326,4.364321288918376,5.80626049671104,7.969501659695691,10.57195837453587,13.316717197364126,15.937844363332786,18.23235281754892,20.075434148926483,21.420124974013575,22.284332599365932,22.731887944493167,22.852901096004263,22.74673565730814,22.509481400840038,22.22551332338934,21.961474793906063,21.761558478923927,21.643372128063245,21.59482233683184,21.573759603857486,21.51191952308448,21.32368454949771,20.919501076555836,20.22191362874188,19.18093829842561,17.785753283550648,16.06932195601354,14.104476022219519,11.992089371571392,9.842899618396668,7.756544148976105,5.8022608949153405,4.004952535686337,2.3406663538663577,0.7429283048625951,-0.8809839150319491,-2.626378221642731,-4.565611721811265,-6.726829034021657,-9.08195525522692,-11.548247404851073,-14.002954014953716,-16.307839843220243,-18.338319350144904,-20.0096548793583,-21.294192398717264,-22.225763251581224,-22.889247785120872,-23.39861567196737,-23.86835127778789,-24.38471273447619,-24.984088607484328,-25.64282897482348,-26.28070711424021,-26.77784181419669,-27.000574615945048,-26.83179262342822,-26.200191952937196,-25.10295498021181,-23.618590992270537,-21.906922778569985,-20.19374542682708,-18.741585322633753,-17.808221017125568,-17.598219504172377,-18.216770078662815,-19.635212600939262,-21.679125240837212,-24.04777138297565,-26.363716615319614,-28.247015853889973,-29.39920006503728,-29.67609611909454,-29.131948079415473,-28.01964178774613,-26.7422809375433,-25.767441425836388,-25.52063100958646,-26.28393109652526,-28.124642719044957,-30.868603985709967,-34.12683254022442,-37.368507544542055
15kg_16bpm,6CA,-11.73886151377673,-17.455830881622028,-21.068472830756406,-22.222009572589602,-21.218695891249144,-18.764525652396504,-15.667422334771286,-12.592540069640139,-9.945843932386754,-7.888590969981865,-6.439143763670484,-5.588314537439819,-5.36582647480048,-5.826620472973033,-6.972067949089566,-8.654735106209337,-10.530896508449525,-12.100826592184577,-12.83994900655171,-12.371012806742812,-10.607210961629383,-7.798997827187236,-4.46546536245577,-1.2323927089737288,1.3536009095687762,2.9679493770973204,3.5588911656796904,3.305576357343392,2.5113311446307383,1.4861443881549832,0.4596439061532728,-0.45093536281516583,-1.2231758995978228,-1.8821077769536738,-2.4517570413326295,-2.9247024553337693,-3.2578193892093283,-3.38910193314162,-3.2647794476361316,-2.864132938709971,-2.2128219954200397,-1.3797560399601294,-0.4590833379646402,0.4565625729149961,1.3009916821122063,2.0482732034487316,2.7102705594334076,3.32049748562089,3.9118954277529823,4.498886534638839,5.070730955711655,5.597792041285881,6.046092531925967,6.392638380501114,6.634550673191804,6.7889663140592535,6.885482052097828,6.956240749643943,7.028838324980178,7.124585174226545,7.260793269896178,7.453018107182965,7.713390356634783,8.044139662942827,8.429166235459212,8.828767078866697,9.181880683521918,9.416513566521452,9.465696935766578,9.283935214999612,8.860179603856194,8.22503365100376,7.452470974632714,6.65472405318693,5.969106091811764,5.533753324648417,5.453688150323201,5.763235046496562,6.398824080787578,7.1950534017793215,7.913652632671175,8.30141710399277,8.161848340792746,7.416217351257944,6.1336967007632754,4.518691134138683,2.859261605637844,1.4526084593480155,0.5283118475483223,0.18810942442323364,0.3741310735237695,0.8719080803515453,1.3474290947731904,1.4172612959533084,0.7393907428919528,-0.8920512545911016,-3.4750874004214363,-6.7702538341941825,-10.329288627536641,-13.574710276620952,-15.917957899781012
15kg_16bpm,7AB,-7.25370388009182,-7.50648663470907,-7.775576838303401,-8.12360048420463,-8.579969891520843,-9.134800562793755,-9.756957452753156,-10.418133023133098,-11.10418916566988,-11.805047710803768,-12.489102059360821,-13.08009412684178,-13.453495816098808,-13.460328278017723,-12.969333665224616,-11.910209161023756,-10.298795707525757,-8.236923012181373,-5.888362381807606,-3.442485005269107,-1.0778327345535421,1.0642345510282536,2.8919133391772225,4.362682248463516,5.475641691027522,6.262451442551299,6.779073950540534,7.0978748350995104,7.296870000231679,7.444778880271224,7.5839635073361364,7.717472221536383,7.806687227524286,7.782744700196907,7.569108667205611,7.107255247502443,6.376828228305002,5.4041829028187705,4.258600556468762,3.0382222191121064,1.8510098907112447,0.7950145303794083,-0.05757332253477822,-0.6705805741233127,-1.0465822861275411,-1.2229698102329245,-1.2619510275636299,-1.2363125984267571,-1.2135426594986192,-1.2416881377586673,-1.3406279985198286,-1.5012361190915198,-1.6931330776128548,-1.8783756264140274,-2.0270738151471708,-2.129513157416841,-2.200909064929863,-2.276519270994062,-2.3989409584449515,-2.6016181264212204,-2.894739230963691,-3.257624377664895,-3.639481213551466,-3.966242846967406,-4.151123405294154,-4.106986380650697,-3.760448329296961,-3.0671734514009446,-2.0258474948885747,-0.6859847516063996,0.8561823654945822,2.475195998168781,4.044883543388428,5.468782555910508,6.7022882778614346,7.756058272384847,8.677462044524363,9.512665072641152,10.262266803694116,10.847182271716024,11.104743872861166,10.825220988005574,9.828205303629597,8.056704829069158,5.656085312791511,2.99535966285542,0.6088068439192823,-0.9408491151611332,-1.235388303083313,-0.14838341842922984,2.1014228537871573,5.020083442950428,8.01426705516597,10.601340190471177,12.564147429050672,13.98094128323087,15.123871315542619,16.279650597753307,17.58207914557753,18.931792341039046,20.034388714856814
15kg_16bpm,7BC,6.800888836049748,4.522912990253262,2.3096448202911137,0.2919706459311681,-1.3360012177715257,-2.3491826198885213,-2.5408039985515143,-1.7777281725090768,-0.04681527574189523,2.5220955752814094,5.661384050178738,9.002202120003002,12.133106796744151,14.668593977458876,16.31258540425228,16.90400501266544,16.437617218613276,15.055182125471967,13.014669017511983,10.643766947368244,8.288020898384799,6.263550459258122,4.820455374138034,4.120878128784806,4.230201946191793,5.121639088311727,6.690026711274664,8.771890780987674,11.170399114012932,13.681237223131511,16.11738690511586,18.329265131795832,20.218257584436493,21.74152997463975,22.907516502727045,23.764341467139175,24.38283711148461,24.838444839305627,25.195344648095798,25.495615688805156,25.754332673609962,25.959928315224378,26.078892114549998,26.062629124842204,25.855629656695687,25.404032256225392,24.66389541322577,23.60837269206334,22.232672415374118,20.55620154466387,18.620638461470925,16.48419560293686,14.21271053137699,11.868920648652141,9.502251495979845,7.141296355919011,4.791460954865445,2.438379986759528,0.0570895531749909,-2.375358822171095,-4.867285888738332,-7.40378276673113,-9.945092657753543,-12.432586901838654,-14.801217357664417,-16.994437971605993,-18.977669094572864,-20.746113639785698,-22.3254087780949,-23.76461549200771,-25.122823338390965,-26.451989082508927,-27.778665038772818,-29.08829987410851,-30.31493097640839,-31.341043972097985,-32.00988028039687,-32.15159499115021,-31.62174673040368,-30.346062338583113,-28.362772869373856,-25.848472796157477,-23.119164048753408,-20.597505587726296,-18.747845709791658,-17.990306568775992,-18.61257615033633,-20.703612516592354,-24.126163567775492,-28.543486148792955,-33.4913943725902,-38.47833850310143,-43.08429939465005,-47.02842871857624,-50.1851890894655,-52.54387003892385,-54.13055658843999,-54.9221111871924,-54.790571010066195,-53.503192998550226,-50.78989500623619
15kg_16bpm,7CA,-14.806050176021145,-20.75538059443675,-24.795728307465232,-26.494728243151847,-25.986799912470662,-23.79698872473823,-20.616463028781027,-17.103241103920226,-13.762846892762918,-10.91348438192704,-8.71508815909954,-7.219897457194632,-6.414858753262075,-6.2377490487085785,-6.569858509253107,-7.221667082228358,-7.9314440311738785,-8.394341420845953,-8.32283140123085,-7.524423042778711,-5.9678505427797965,-3.8095868571232647,-1.3628226236044494,0.9832687898204224,2.868796657637608,4.055226216161668,4.472338775217256,4.208844802636719,3.4564286326583775,2.434896059846971,1.328078098364395,0.2515017758937791,-0.7453646246857086,-1.6510203381735933,-2.456279443003116,-3.1260341022065465,-3.588660704762743,-3.7444368257196907,-3.489537624503527,-2.7477324971962123,-1.5008714027597134,0.19028426323907263,2.1817867788164036,4.262569662877624,6.189126038700587,7.73253376131685,8.726427730715992,9.102293450510041,8.902289294134382,8.264646854396036,7.385880500102062,6.471049219419523,5.68715710460009,5.13271912321754,4.832055635133401,4.751878457396084,4.83191055647148,5.015545297606785,5.269396353443596,5.58564735941378,5.9698210145581205,6.4211541345831895,6.915520372968912,7.398774272676121,7.794512448591037,8.024679185303302,8.035953860733157,7.822141629615983,7.432013885917101,6.958441602757983,6.510275104055757,6.177318146584061,6.00112576813263,5.964491727120307,6.003007734652808,6.034612470515875,5.992947500147657,5.850307862260431,5.620606444414215,5.343336858253167,5.058131504145822,4.783665729313196,4.512109864546561,4.221686897849602,3.9015208476771415,3.5750964971092256,3.308296395543184,3.191714794035303,3.2978898348878087,3.6253295182133556,4.049724198625773,4.3066712086501004,4.022776620331148,2.7999453274446657,0.33822778085782856,-3.4314762298697956,-8.251757447724414,-13.516641841954774,-18.354348148140737,-21.80429364650816,-23.05318824266304
15kg_16bpm,8AB,-10.295650685074301,-10.515202521573368,-9.956572736102725,-9.010845324772477,-8.157457294219585,-7.806382096186654,-8.187156752102263,-9.303190703827925,-10.952517806281318,-12.795147546739772,-14.444123219313536,-15.554615732552655,-15.89271108199839,-15.373250171250485,-14.060710161460781,-12.137152366644658,-9.846770020511425,-7.4336760285233945,-5.090513844647603,-2.9329454039742955,-1.002795978373385,0.7055716755529293,2.212489175553673,3.528926754281277,4.650602978759664,5.568015251543993,6.281943741528118,6.812704154977011,7.196482210311215,7.471594263214124,7.663077185870078,7.774913411705866,7.793850315318176,7.701787075340551,7.489122847765402,7.161236917765702,6.735110531622862,6.228334872516713,5.647361199843951,4.981785728277602,4.208225214871698,3.302633759988119,2.2557450900487925,1.085489039408494,-0.1593049627562283,-1.4049296013957127,-2.567057416537291,-3.567621741196478,-4.3486840569433465,-4.878447404706488,-5.1484933192381925,-5.164765858112834,-4.938220858737537,-4.480552968636852,-3.807704874763601,-2.949206030514202,-1.9576464480743085,-0.9117228833055391,0.09139312559619506,0.953658455185231,1.5982765909957706,1.9888263293009412,2.1374684733242795,2.0994637686269377,1.9545205283989608,1.781735814051438,1.6363244146133171,1.5370123587656135,1.4680577738591956,1.3957838121987811,1.2928829982704946,1.1617312674120714,1.0478980353789367,1.0376729936882596,1.2378436153016865,1.7398214203406797,2.5758335424924916,3.6778048056563803,4.857123207811717,5.819343767032437,6.226651989353745,5.801293207388748,4.447729482048716,2.348338014139253,-0.010214476234662102,-1.9181835329992531,-2.6243943087371515,-1.5757889198222328,1.3674780102527218,5.832855713631778,11.009048127815026,15.889416708636093,19.603902223362628,21.71572679962806,22.34819626116861,22.09111844472414,21.711385917986362,21.804071885397164,22.53653372116119,23.60481011197931,24.413537254199632
15kg_16bpm,8BC,-3.5098325356502866,-2.4189342942697234,-0.07558579541150723,3.1142391124241895,6.651375253532179,10.033990761707864,12.837667534142106,14.773411155875342,15.715148526772364,15.692767366922421,14.859287090932073,13.444579413075695,11.706880917171015,9.893708884429772,8.216725031831848,6.840553084328482,5.882031732174129,5.41414911268114,5.471217145985385,6.053423339514685,7.130211469699678,8.643907626942312,10.514778197918687,12.647235524381227,14.93662239009884,17.275289994392978,19.55689479938196,21.679205687813543,23.546576822846482,25.073785239054686,26.192386659862155,26.858800054657404,27.062090555075038,26.828761968661897,26.221241017710938,25.329375071052862,24.256136978930513,23.100258218225424,21.940376052518047,20.82419159262876,19.765369909986372,18.748508640091696,17.739778243398764,16.7001814173181,15.59725364855905,14.412128014971127,13.140628003778097,11.788889963720314,10.366207846433088,8.878135477600893,7.322914705847748,5.692736034895885,3.9796133258431645,2.1837981519724545,0.32146359607033953,-1.5714107420800785,-3.4416567651765515,-5.228204841467687,-6.876596123278965,-8.355191034412389,-9.668289309032662,-10.86223301247678,-12.020765739475983,-13.249443613415888,-14.651671130200738,-16.301042795189097,-18.217155667667004,-20.35028893883751,-22.57974964901307,-24.727548639853683,-26.584374929446746,-27.94442932274412,-28.642759987434797,-28.589412728367233,-27.795812897682687,-26.38736158266789,-24.600750977334247,-22.763454015501992,-21.253359008318434,-20.442512553517705,-20.629242940444062,-21.970661722399658,-24.43002553735235,-27.75264208886432,-31.48702258129287,-35.05315362314679,-37.85050126514893,-39.38719509392309,-39.39811165393071,-37.92413978945833,-35.32458684028554,-32.21284215809296,-29.328931370939852,-27.372666243179953,-26.84083710380321,-27.90702381024123,-30.374610291152575,-33.71971517398358,-37.20710549733943,-40.05240597766429,-41.59751424545409
15kg_16bpm,8CA,-4.977478785017201,-2.741068365301174,-3.0672344662139133,-5.309335738817702,-8.526565007968971,-11.765060490672754,-14.285498584588904,-15.693092877905324,-15.950320128767135,-15.29952619213942,-14.129541243566504,-12.83684582658443,-11.715754890092475,-10.902976780003128,-10.381159279367761,-10.030430841853544,-9.701032689792822,-9.278417330257824,-8.71866837506533,-8.046920353668105,-7.329015741565571,-6.634593706186216,-6.010585951550193,-5.473526337476184,-5.0180327943638945,-4.62930617310715,-4.289012711378752,-3.9715160126894156,-3.6374294652493853,-3.235750313261047,-2.7209835461474245,-2.0810459450154246,-1.362721466662035,-0.6778209048614837,-0.18159157039811352,-0.025675085377348927,-0.30181755730302035,-0.995783293352726,-1.9716553774588828,-2.991694057992221,-3.769326865231172,-4.037598064494901,-3.614677412322639,-2.4469961486819165,-0.6218199324531536,1.6544027250641675,4.101403573063137,6.423583524302494,8.365500331747697,9.75354679491484,10.515704396508257,10.679449266619113,10.349766066542166,9.676706672271495,8.820279770355,7.92228476667812,7.089843965703564,6.391731462204819,5.863581159244048,5.517143809995004,5.348337308489352,5.342251625116137,5.474966788539,5.714188116680788,6.0210145995786135,6.354648571643485,6.680096458360445,6.976557455562386,7.241948540549643,7.489784126155376,7.737165483846461,7.988058128233485,8.219210140865531,8.377386835981286,8.391553635509934,8.198149203024208,7.77014945286074,7.138008466992047,6.391937765435799,5.661975475514369,5.080385883111326,4.738731501575572,4.6554713185764856,4.765799099029648,4.939762588083998,5.0231047070604,4.888694488546369,4.480592159656473,3.8368268673462946,3.0798843689674014,2.377241135129295,1.8800088375378108,1.6583323609123832,1.6523884679918641,1.659870706197424,1.3686061775018497,0.43630953741064343,-1.4003206619095896,-4.214812809584826,-7.8152673441546305,-11.73196994656426
15kg_16bpm,9AB,-1.9635702992987183,-2.657404844928708,-4.178691193150681,-6.146198814707701,-8.247042317850335,-10.257691455549185,-12.03599191935805,-13.499542691058261,-14.606042730147353,-15.340732348997616,-15.70970264898833,-15.733188441623014,-15.435628578297893,-14.834683778123352,-13.93580987964493,-12.737292755757796,-11.244555323831007,-9.485903768586635,-7.519226945744881,-5.424823678533469,-3.2864803052196883,-1.1708160980796092,0.8838799483714253,2.863010201188057,4.756125238761916,6.5321112094601,8.121754104823879,9.41841808548811,10.30031395632319,10.667960999136277,10.484034654224095,9.798615693667706,8.749446632295216,7.5325381656678845,6.352404307643609,5.3679827157127775,4.652691383188054,4.184235244299208,3.8645954625470913,3.5629357096999104,3.1626982023987895,2.596840546484702,1.8613869641024103,1.007134452765809,0.1177077708255765,-0.7161658980147652,-1.4178922205432203,-1.9388281417228552,-2.2644368072703323,-2.414798722767193,-2.4392943906905242,-2.40614076630957,-2.3871546996519624,-2.441186091274384,-2.601062481761754,-2.867586169238626,-3.212126991033681,-3.584560518329876,-3.92287980385696,-4.160925683013522,-4.2340788228465165,-4.0847906425599705,-3.6705693667155033,-2.9748131861477582,-2.018437132073398,-0.8664932109953148,0.3749462885097186,1.5754631888976536,2.607859266901619,3.379630416533239,3.859190569110265,4.087063647932247,4.169448632906563,4.253781483994486,4.493501523297628,5.00935667255702,5.856218307138739,7.002335339903768,8.326294526200929,9.633968213023495,10.695070064964279,11.294473059942876,11.287654786666785,10.647400406510206,9.483358728429728,8.026571255329758,6.575156302473626,5.417410503788863,4.756697709081253,4.665679222384797,5.0900391065468416,5.897499864681211,6.950558868901845,8.165652530629838,9.529841232868755,11.067729935716326,12.778981830139088,14.584796943330172,16.315415829328867,17.750810438464978,18.697634225793532
15kg_16bpm,9BC,13.0330961779501,14.313922116107065,14.803330955768853,14.673026213512168,14.128283391197126,13.371506339341948,12.57517167489302,11.864188533221238,11.309613574994868,10.932511945573776,10.715744081484079,10.620705171942703,10.604976388387586,10.637524576538375,10.709077062448166,10.835967246245929,11.057119440876916,11.425342950544175,11.994759803596674,12.806911820910402,13.878668957102771,15.194403386740492,16.704025188205364,18.327527796201473,19.965397732086377,21.512566849816253,22.873383850097778,23.974883737850078,24.775527210620986,25.267923017407742,25.475244659229663,25.442216406648217,25.222644916606363,24.8666125632911,24.410023107757397,23.868453242770936,23.23648618139762,22.492139513994555,21.604886365175513,20.54534687718062,19.294409367472017,17.849661756763197,16.227963832061985,14.46386277580392,12.604361243086085,10.70149433953225,8.804665914626847,6.954349218128694,5.178326441786405,3.4909682607850674,1.8949613384486292,0.38446172429825376,-1.0514866008126842,-2.4262239131691725,-3.7539341639926143,-5.049129674559305,-6.326634533336223,-7.601420336794426,-8.887825792484444,-10.198038296699437,-11.540047892118446,-12.91561154138525,-14.318851176643767,-15.735972948278691,-17.146386218083464,-18.525186003443228,-19.846412502756532,-21.086109238500487,-22.224077759985867,-23.243331191984247,-24.126966371119185,-24.85336443557145,-25.391707576244,-25.700656235124065,-25.732989063593426,-25.447333090662102,-24.82594980095838,-23.89491930529199,-22.740040551622503,-21.51194157423961,-20.415511053172757,-19.682021942022693,-19.52744056359962,-20.106269128547286,-21.472213802034886,-23.55674339868972,-26.174866047321753,-29.059188977329484,-31.915503246760057,-34.48781510862,-36.615768829950774,-38.26709236766475,-39.535014139167714,-40.59876818852496,-41.655044863714615,-42.83948534070508,-44.161557291354285,-45.47292011363426,-46.482713311793724,-46.818392619318615,-46.121367527809
15kg_16bpm,9CA,-18.889062235725365,-14.37177088698199,-10.939703579732194,-8.945836398000269,-8.478661730761923,-9.384515074378768,-11.315837780791206,-13.800907640582476,-16.32144958059628,-18.39463731613562,-19.65251421196707,-19.90473296938697,-19.17321318836339,-17.679768337937507,-15.786793602103131,-13.898528034615586,-12.350141277027864,-11.319051765443765,-10.78425978860312,-10.548444916081069,-10.310814880910318,-9.765645170580525,-8.694568347666404,-7.025644123356959,-4.8485582154704865,-2.3874959647191547,0.05492212965385557,2.1655295847121914,3.685016830511576,4.45599534759078,4.447130794137051,3.750605406102055,2.5543937120100693,1.0980516760749706,-0.3775794503185065,-1.6734027556363265,-2.6578975461491012,-3.2717994501459913,-3.5129523792094632,-3.410726648054564,-2.9998494234939557,-2.303916373450436,-1.3334121053596777,-0.09694005030373755,1.3806977459713592,3.04235963167469,4.792841230251604,6.506603199308751,8.048443870150845,9.300475376428402,10.18675577339097,10.688512356878489,10.843955899554205,10.734678332968052,10.462106239252483,10.122718161923785,9.78944383029654,9.503629671299144,9.27855566376868,9.109843134405475,8.987457898154993,8.903743882954167,8.854982916967726,8.837169898875084,8.839239273846315,8.837865916426534,8.79760690560468,8.677633845193512,8.443773873610084,8.082217790381465,7.609739626412085,7.07670997497043,6.560603202472592,6.151111962999741,5.930140450034989,5.951064979775181,6.2220903732329695,6.697066787669552,7.276190525721493,7.817586619465549,8.159039233646341,8.14802099193675,7.675465515648151,6.707036663177808,5.304656997069429,3.630197819796835,1.927823735346272,0.48313452050451455,-0.434509282793755,-0.6368358794552047,-0.07581302183229205,1.11903771018406,2.6337046870426404,4.004627656063331,4.691864211434039,4.185878331284959,2.1307136417705275,-1.5629149826761415,-6.636887750181171,-12.4730158241548,-18.15527305659492
7kg_10bpm,10AB,-2.1280001841617007,-2.7877542814709506,-3.767712423133919,-4.453118874584498,-4.662721743532785,-4.668286215885354,-4.907873352408741,-5.60950673287284,-6.593872825777,-7.387986430310631,-7.552110192326402,-6.972687311382456,-5.916421741088975,-4.830080239509831,-4.049785620319725,-3.621930644577094,-3.33110250178848,-2.8804358693116368,-2.086391014473244,-0.9714730975599098,0.2749271728925428,1.415443779523017,2.2813855043776035,2.8295630500655813,3.1294321660196975,3.307079600720299,3.4826652228809034,3.727628758690702,4.050836541574147,4.4088959131517385,4.7292488954737575,4.935307942807287,4.967436284370436,4.797254192655054,4.4335287218725785,3.9180001311533665,3.3119177462140525,2.6784415464734073,2.0686266204038852,1.5161357356529959,1.0392836645591346,0.6441348069309134,0.3240148966083969,0.05747186467254739,-0.1882416452349124,-0.4431984486876114,-0.7143784222012051,-0.9720147941599773,-1.156258178208155,-1.2063180847221175,-1.0986336781688921,-0.8726987911677181,-0.6286920001074697,-0.49595641723031175,-0.5858296349924677,-0.9476616833499525,-1.542515190305613,-2.2425461010476617,-2.8607460148300925,-3.2112454495989216,-3.1873632590942145,-2.824780845472452,-2.3050237537121716,-1.869511938032863,-1.6657615187690031,-1.614199059668866,-1.41243567206901,-0.7287135757074165,0.514564380378519,1.9916119519952817,3.1329598093538253,3.521667830485752,3.2104616380576028,2.67258663232453,2.4212776779993215,2.637739799432824,3.1169533717819293,3.5215642056309115,3.673300892505454,3.6422338613941263,3.617382439446655,3.713370320663732,3.8704280396104345,3.8967420942072977,3.594359486564269,2.871157326500325,1.7767379066992728,0.4669276118408825,-0.8556729579208099,-1.9861968237485221,-2.748357598236295,-3.038387065629347,-2.890009379205089,-2.5214031256647824,-2.2989011653488496,-2.584575750883228,-3.5157760249790213,-4.8379568991876,-5.915711462545065,-5.961837319650539,-4.394630083653924
7kg_10bpm,10BC,-2.0534761129442605,0.38912907622479875,3.1954860070306097,5.899119384127482,8.106667193677223,9.583843586277656,10.283205855882194,10.314498995872079,9.874560555595357,9.171226687826488,8.369692473401324,7.575447618318469,6.84691373029754,6.219889083415218,5.725882048044173,5.395693513838801,5.250431866972266,5.288854853721304,5.479864013191504,5.76560631594712,6.074137706346302,6.33680652957526,6.503799189659163,6.5531594891595635,6.491383411358436,6.346107643104768,6.153606270262037,5.9446060717757385,5.733458895481882,5.514558601755501,5.267821052013772,4.970301597343199,4.608636206300048,4.186369465121523,3.723680672773979,3.250386705926868,2.7961383805596083,2.3816706631612585,2.013675887448462,1.6837488376482714,1.3706796789233466,1.0452218905717943,0.6762684094696709,0.23761458659176413,-0.2860913026497504,-0.8953030867151158,-1.5744346021318274,-2.2936122412963633,-3.0128749540008615,-3.688298425993036,-4.279163464919482,-4.755279974353757,-5.102738774383559,-5.326620255309316,-5.449360949202319,-5.505238891009857,-5.532759156843681,-5.567242175707805,-5.635308661181728,-5.7513168452286,-5.915221326259235,-6.111467818007131,-6.310245037187462,-6.4728981068129485,-6.562115356977463,-6.554703544743422,-6.4517664591812585,-6.280969680982236,-6.087711490783082,-5.9178526531249895,-5.798584037775821,-5.726703301557755,-5.670184279005952,-5.584086332299831,-5.434053374532185,-5.2172532633344435,-4.969726366168778,-4.7554948354634075,-4.6401000021384196,-4.659814076189564,-4.799977615592251,-4.9932882693083105,-5.1398377994888005,-5.141675521650197,-4.938937356136108,-4.534147157048109,-3.9969524973395947,-3.4478979952236535,-3.028578021252374,-2.8678743658845023,-3.055862357072308,-3.6318248245705056,-4.58803706161711,-5.883005595463667,-7.454640083695384,-9.224727132104299,-11.09243584098475,-12.923865873067657,-14.55127799102154,-15.793228639254792,-16.497872400509166
7kg_10bpm,10CA,-1.0290089668574742,-1.42408891147686,-3.0539900151185293,-5.169728726664168,-7.076027781985662,-8.346093032416373,-8.872580237748071,-8.782845663703984,-8.298572487373308,-7.615858218915488,-6.84357280956138,-5.999245853939723,-5.042195736756028,-3.921285957460919,-2.618545667496701,-1.1743865437765073,0.3122830815094966,1.7049510822758915,2.8602585429084195,3.658988451437257,4.032861187472313,3.9837929120508835,3.5886777011639945,2.9814513503497806,2.311274196347042,1.68947673453909,1.14941639590259,0.6424245243983078,0.076141419929149,-0.6232759777516339,-1.4598132843909677,-2.3561003355352987,-3.1855443916084614,-3.8257510721240484,-4.202334300164601,-4.304209189653871,-4.171446313034071,-3.8697052609353286,-3.4657311263966655,-3.0113540971480934,-2.5366368630427427,-2.050216481016136,-1.5453937483041285,-1.0106943287724877,-0.44161112435672034,0.15202028061728096,0.7473629509628281,1.3175602651828298,1.841658821463127,2.3083679569194326,2.7126780213605963,3.0516858594172542,3.3266287500057916,3.550271918049884,3.7503373318366426,3.96060922291641,4.202222083173234,4.467870423123984,4.720807327399939,4.90955759790376,4.989020829953714,4.9372527207719985,4.762726156743114,4.502088658204696,4.210056641188623,3.94356077121232,3.7443811993255416,3.626996546810185,3.5772168330741114,3.5611941506268807,3.538258101029641,3.47060239845672,3.328114217879491,3.0914615435897588,2.7560179074804148,2.335150367222875,1.859414355170066,1.370443837599788,0.9116973706655395,0.5192805422521117,0.21520992912616274,0.004817591867807424,-0.12083132209123228,-0.1789846005731969,-0.18939264895757907,-0.1713861399696328,-0.1428902068695219,-0.11765907050264779,-0.0983898757047174,-0.06890705010986166,0.005535941176960694,0.1607377260158402,0.3991328175571886,0.6537734947165172,0.7758121771891027,0.5656126336604049,-0.1526365602111548,-1.43863301201631,-3.168353852279008,-5.0298524548935,-6.596868896999442
7kg_10bpm,11AB,-4.281217171903932,-3.433663576043454,-2.8525134025404193,-2.6644595922278653,-2.913065266281727,-3.580763750091159,-4.605191768336893,-5.867126206987673,-7.162570846792978,-8.20535904505143,-8.699548998831464,-8.464495028824162,-7.5356356821661175,-6.1623521655290725,-4.691355677425224,-3.4051021673813615,-2.413155136443139,-1.651804568623934,-0.9727850103974117,-0.2520945671398082,0.5470789041890629,1.3807627616765747,2.177033200614231,2.8911709150977334,3.528357062739245,4.125601406378137,4.710247897514052,5.264131730970059,5.715977404433943,5.965690060325772,5.92546763440281,5.5555496920995395,4.879283730533138,3.97578489705574,2.9586640960900925,1.9509149292819659,1.061633814766417,0.36626356418416434,-0.10778591257491754,-0.3860751491763417,-0.5385767509095969,-0.6570547709956135,-0.8229768868507759,-1.075254021984221,-1.3897101400090806,-1.6812087091428285,-1.8334659996880365,-1.7508005236479616,-1.4131373876303635,-0.9069800044401527,-0.4097328129725902,-0.12509734914189682,-0.19240875287587253,-0.6082261437698606,-1.198641398009807,-1.6669665054290117,-1.714593230933012,-1.1961009955754005,-0.2362234582351619,0.7723747284048551,1.3348520530635766,1.1392716235503633,0.30621673192439613,-0.6013681647526372,-0.9035558432745392,-0.2977863480953781,0.8622480824477379,1.79675385465574,1.910747015585171,1.272108497150337,0.5253326677205938,0.33236498828214306,0.8624992394401011,1.7507138335824126,2.472299306155154,2.755506425830518,2.7210051420474124,2.7175816784371944,3.0333309663908556,3.6882807674007054,4.4138899413387245,4.798931742482412,4.501801679473997,3.4194608077214084,1.7445949148131183,-0.10021602613834786,-1.6155775661060559,-2.403443593548147,-2.30512188441714,-1.4527616951910791,-0.22013290695398452,0.9081778585970975,1.5037071761874095,1.3374847920490085,0.44515430480393503,-0.9107533270168835,-2.358513828872824,-3.5525592513351176,-4.2607105439906166,-4.375827874709769,-3.8778937967348597
7kg_10bpm,11BC,0.6459533100244824,1.5173396773381147,3.0440203491414204,4.9684819978137815,6.899495547199272,8.43066513034182,9.27168827805431,9.338834322840286,8.766145925266096,7.835983451087637,6.863281951181476,6.085348534157539,5.601241498590033,5.376460134241348,5.29637652560911,5.234503434714252,5.1042535259571835,4.879750737865443,4.590167806340041,4.300735759102629,4.090412930216645,4.029048855465584,4.154086110548435,4.450787794738663,4.845319304829305,5.219428271001144,5.446413343403195,5.435178885223538,5.162341980418387,4.677098229053686,4.076751107709917,3.465265605476818,2.915263197905215,2.450473499781432,2.053830684326873,1.6930559961153597,1.3475263940259126,1.021769638577266,0.7404651289820592,0.5302458881113092,0.39952416478358865,0.32718616017597774,0.2654515925958063,0.15529378395643828,-0.052275590993611,-0.37772258434580736,-0.8045239413823915,-1.2836068927045192,-1.748909564266518,-2.138942409578945,-2.417804249263691,-2.5892562347160677,-2.6988943207521126,-2.821747072446061,-3.036542482355151,-3.393702232300244,-3.8897818090081615,-4.461915196151728,-5.009290296813267,-5.435705896975662,-5.693699531244491,-5.8064481968336565,-5.854103313896411,-5.930803395642108,-6.095930730460774,-6.346816496776638,-6.6258703410816,-6.853793805561874,-6.966907161835021,-6.938267875996041,-6.776227762863285,-6.508950020957435,-6.168404916241011,-5.782272034872516,-5.37338936575706,-4.961184605956408,-4.560730127167655,-4.179445290423564,-3.814416268065976,-3.4530138463711806,-3.0773163914965815,-2.6714565511000643,-2.230970042520769,-1.773050836205385,-1.3448919206417524,-1.0248292291782193,-0.9101943380358555,-1.0892047103680451,-1.6023749457682575,-2.408737748012141,-3.3763234173073133,-4.31042695830141,-5.017769548911015,-5.385595542390425,-5.4418992912749,-5.366054019343931,-5.437206043738805,-5.9342329699094565,-7.025216887224669,-8.692916410880633,-10.728170648279503
7kg_10bpm,11CA,-3.0791888229266107,-5.452481505836317,-7.710796208846569,-9.232092743176462,-9.75969352627051,-9.403803642958128,-8.51406904316757,-7.496213202388136,-6.654404598985688,-6.111096411309923,-5.815031962683107,-5.611500351740546,-5.330432495220801,-4.855320383611594,-4.154629559452411,-3.2765223172134093,-2.320491891430349,-1.4011693539145123,-0.6157061930425544,-0.021500872178129637,0.37293850004539686,0.6034061629376232,0.7327383731852256,0.8252033126555759,0.9210506325530574,1.0211281694996626,1.088643126763516,1.06784523297538,0.9110363353852923,0.6020966121116439,0.1669466624119421,-0.33275612120987813,-0.819147600626332,-1.222701903097946,-1.5018435910235,-1.6494206470376178,-1.684077578280525,-1.631880748107786,-1.508408562354347,-1.311431483407196,-1.0280406587039042,-0.6517885301923177,-0.19972372807483957,0.28142816974956686,0.7250090645830037,1.0670325371323175,1.2719525203453315,1.3492027684855008,1.3520709292751112,1.3587007829656315,1.4433014861465783,1.6504454314197077,1.9829010386969417,2.405746791265858,2.8621277307654363,3.2921675116712272,3.647696128714903,3.899749754241888,4.039446106107368,4.07475917567346,4.026022714466029,3.921985705816773,3.796973529219445,3.6883706806093555,3.632620212166275,3.658031726820455,3.7745618892400348,3.964002000714936,4.176152749104509,4.335771992235987,4.361378057953267,4.191273874360789,3.8074160952364324,3.2471995074931876,2.596863748685635,1.9673991583426573,1.461664900532785,1.1445847428417923,1.0266610738979574,1.065628493501697,1.1836174844055667,1.2925363970446708,1.3191404575724366,1.2228089521282386,1.0029974688370566,0.6971247295003653,0.37157672058891744,0.10838938932208049,-0.01147476439616878,0.07084679035022397,0.3666869880577887,0.8147886313768105,1.2677352270229458,1.5044930322031516,1.2798661535749716,0.40726582166983083,-1.1491026580345824,-3.210053168218623,-5.382581331540014,-7.144621427753107,-7.995964097379362
7kg_10bpm,12AB,-9.980605281409408,-6.874834845291526,-3.9525522355065004,-1.9078239981238132,-1.0767574417506864,-1.4245485674528362,-2.6337345472637055,-4.24674423924351,-5.810760972292812,-6.9836896705331,-7.584255122993248,-7.593381427491336,-7.12283527868397,-6.3617730090418085,-5.509091255606623,-4.708491085711059,-4.011645600543381,-3.3860706935273504,-2.7601119331874067,-2.0768311191847233,-1.327219999340475,-0.5498302473073238,0.19540579866969046,0.8597483704051508,1.4263855671119714,1.9109798848822928,2.345329121959538,2.754987206544001,3.142616384401245,3.484473651607585,3.7408068101151923,3.8745816070269226,3.8689582541160465,3.7343795356246106,3.501679718045649,3.2056689668035387,2.86930524973556,2.4981486087707823,2.088455123002971,1.6438367477842943,1.189851900970894,0.7762697751435093,0.46281330250808145,0.293029797389073,0.2686020336471698,0.33915877715998505,0.41787658347026935,0.42086788758236354,0.3130802221552178,0.13439400172184857,-0.014110412493439905,-0.021644699520913295,0.16999212712294337,0.5291380555187548,0.9431508005221487,1.2676139704959786,1.3896709623763306,1.2760775888562825,0.9874302476565221,0.6551104324074434,0.42971105309714697,0.4178499716281323,0.6296934743330471,0.9622210778935332,1.2390845488585236,1.3086038795643433,1.1633451349865402,1.0038060074036441,1.1646744167237923,1.892838564670396,3.096858825630027,4.2776334034192915,4.771943825719531,4.191611409997817,2.7277118634284307,1.0569340573697763,-0.08478794691360779,-0.32569442357236655,0.20876460545711245,1.0650544209727122,1.738105481703982,1.871718164825849,1.3309694394002254,0.19102255355323797,-1.3036172516782114,-2.7898811094176663,-3.8546102467289223,-4.129063916694301,-3.398409536907948,-1.692462240033976,0.6841249308282111,3.2077804498607736,5.269601959038576,6.345876374680499,6.151519615295335,4.730589862970275,2.4577708167575723,-0.053036586577872975,-2.1136253315651605,-3.1566114463242467,-2.9009584751032937
7kg_10bpm,12BC,2.08840111150271,3.549190081799104,5.009486534860777,6.285082411659366,7.262069404408427,7.906591514982464,8.252516060699522,8.373921026714276,8.351359338900693,8.244187348897638,8.077289917016431,7.845487265535917,7.530320207417865,7.120320073232082,6.625646921261978,6.082814510363151,5.549339278250439,5.091309127713002,4.7679105814201685,4.617253888950834,4.64766602633373,4.836684722799668,5.137984137162378,5.492909285264626,5.842948713581293,6.139588300514259,6.3502127015635885,6.459935891975389,6.47019748349248,6.395027799978058,6.25554755500048,6.073808849640979,5.86714482866696,5.6446104809456195,5.406228435204949,5.144803313026755,4.848862987840064,4.505175284368733,4.1001611121743124,3.620765832272217,3.056166137542226,2.401177510151374,1.660767709311455,0.8534414768213375,0.010675314479606998,-0.8289088063851536,-1.629801276727108,-2.3705994792424985,-3.0514623790032136,-3.693869325386004,-4.33157821302734,-4.99422384016158,-5.688999765202123,-6.38749883607578,-7.0252077279945295,-7.5168437366983,-7.784403117980448,-7.787961287916169,-7.5462374328512345,-7.137460560813468,-6.678454293006408,-6.290468503091213,-6.064278855868669,-6.037868984167774,-6.1923007063664794,-6.465158501351359,-6.773202548655263,-7.035475334909364,-7.189702312363589,-7.199782461310362,-7.055965487383208,-6.771323522021543,-6.378022984689591,-5.924252293316483,-5.4706396101019985,-5.083396742813686,-4.822106230175558,-4.723080595962314,-4.7823717851824,-4.945781990757093,-5.111570854854126,-5.1494350996350775,-4.9324743553276145,-4.374842996813941,-3.4640213864046743,-2.278019751164293,-0.9814073871093968,0.2013221162906655,1.028625392086258,1.2921910926140985,0.8613433147912071,-0.28830394198385206,-2.07055794881553,-4.30850986064362,-6.772674920025168,-9.226064614915396,-11.462429301896293,-13.328667716010814,-14.728717419408426,-15.615793746211795,-15.982568670235045
7kg_10bpm,12CA,-5.525234424019014,-4.335968313250441,-4.423159258888426,-5.39169357690217,-6.676581993556288,-7.746083088990559,-8.249926633462149,-8.074772818190672,-7.314295186586213,-6.187212556076755,-4.943166212840022,-3.787413040241338,-2.8376910418674353,-2.1152253622085544,-1.564286857396306,-1.0891179073115367,-0.59551904252804,-0.024290877368911997,0.6321289507287694,1.3311093324085135,1.9951695469856705,2.533956451294408,2.8658113270926813,2.9345789134539877,2.7191082268503415,2.234531709393755,1.5260618341420273,0.6573816395263619,-0.30263170183906635,-1.2904872143373356,-2.2533245853353234,-3.1489465929258698,-3.9436199298962924,-4.611279543165622,-5.135633950861776,-5.513286137590243,-5.753889267530001,-5.8743444803708655,-5.887531183090286,-5.790659846707863,-5.56050022721251,-5.160970306849007,-4.563183732989119,-3.7704239293144273,-2.836078314442476,-1.862919529356952,-0.9787248534282145,-0.2949997032381851,0.13549985580400742,0.3427806100029237,0.4317244145542877,0.543606030641588,0.8022917343153171,1.2695266403125933,1.9293522166552737,2.7065908473743843,3.507992405617094,4.263095898590704,4.944649403581404,5.5614236442190075,6.131578529302067,6.655027660093862,7.100970673407318,7.416995314510125,7.5534521565942185,7.488555435750956,7.2404404926268615,6.859630188164926,6.407152647649721,5.931366846135966,5.456451928122092,4.987845406731446,4.528385341042241,4.092876956268405,3.710502344094402,3.413296820761741,3.218249246262638,3.1140139343530353,3.060283378530638,2.999775885997666,2.876371890822613,2.6508741124748254,2.3085310385511844,1.8583844066941562,1.328772208848341,0.7641123790504283,0.22494113937979088,-0.21211029040601187,-0.4614968879185014,-0.4493261425841052,-0.14696809863768084,0.3914253120539015,1.0051188180349704,1.4350510426249232,1.3738089126556738,0.5529504314526563,-1.15572248152392,-3.6603087140751507,-6.6245313108659944,-9.520616775390844,-11.751790526538358
7kg_10bpm,13AB,-10.123213364367066,-6.8779285095294,-3.7958734402006673,-1.4649647648701347,-0.267035797047776,-0.30901974252213854,-1.4126333599881715,-3.170496793645813,-5.062336382819631,-6.603793969862182,-7.481605612838355,-7.625769860912658,-7.190413887759931,-6.454633589499185,-5.691606428350262,-5.065365610076525,-4.593218343892749,-4.174060520315778,-3.654581043858126,-2.899862605761722,-1.845519416869694,-0.5214385134620575,0.9542498266990208,2.406652059689072,3.651421347269528,4.5441383878861945,5.01718670582168,5.0932139333105555,4.871619235386485,4.4932721920525776,4.095973274473165,3.7761983101925005,3.569608068401142,3.4543942283348175,3.371808161605204,3.252552407569159,3.0387520565019694,2.6970468579403515,2.22386737649872,1.6451133276511345,1.010113003237916,0.3787460128973817,-0.19607415097305986,-0.6833169769722599,-1.0775595284186472,-1.3882119968518487,-1.6204445861994434,-1.7610702172364878,-1.7811500418031203,-1.656924566471008,-1.3980783708811275,-1.065149287288676,-0.7606978628119032,-0.5914356183885137,-0.6156724302785236,-0.8027647796574128,-1.0300371283084893,-1.1265001592943793,-0.9494781877347573,-0.46175953678327636,0.22833245220954518,0.8907575239401799,1.2637381563349546,1.1808002953024128,0.6793201896097618,0.027519602109273872,-0.3699707703288896,-0.17076188877994605,0.6931941095536982,1.9247454390176086,2.9862531058257002,3.401040582716681,3.04785944707877,2.2380739566309344,1.5114581682951604,1.2979248659691092,1.6852234256616896,2.429616688399716,3.1532525848132935,3.5590622841907136,3.5303269521366705,3.0989941915300356,2.3561562730565755,1.389264577446302,0.2835645004486809,-0.8324163068640731,-1.749613534846373,-2.196437877308783,-1.9244054653367673,-0.8295601527642636,0.952030947944104,3.03366662747629,4.873870799205484,5.948165430934574,5.929913968260037,4.811108272100414,2.919613326333199,0.8257856595087654,-0.8336812976566905,-1.558719354219368,-1.1453994082746823
7kg_10bpm,13BC,1.4159290295853697,1.0591027460141305,1.4147930920921143,2.4623615010237727,4.010983831936783,5.755604983029299,7.362859356119508,8.558307948795251,9.189270267041524,9.246126234625162,8.83955080247632,8.148265372089206,7.358891316769319,6.619721605347446,6.019860457100305,5.591831270098395,5.328128235295732,5.200193939025626,5.173180757530823,5.215045131734316,5.300883833355414,5.41361985593634,5.541614195251209,5.674323632456836,5.798249780960682,5.895475402882309,5.946080447221452,5.9336132501001515,5.8509064387481065,5.702737406202768,5.503125709317432,5.268428892150938,5.010023075498159,4.730909415652766,4.427851193064695,4.0970654407365465,3.739397587164558,3.3615064918422006,2.9724854593236523,2.578001070590247,2.175373710136817,1.7521007143213816,1.2886399497553511,0.7648236433609812,0.16823292588171232,-0.4974644880853955,-1.2068800260607897,-1.9127052700715006,-2.552732453690271,-3.0643215800880066,-3.403553400609657,-3.5638514994036012,-3.587550385901288,-3.5636443192654546,-3.6087984860916915,-3.8337804944568763,-4.304315044868917,-5.011087840445743,-5.8623287961611155,-6.706431575036655,-7.379630248923596,-7.7617647332610185,-7.819091188676414,-7.615631201802731,-7.288631856291938,-6.997779684389547,-6.868040867211058,-6.948756287833671,-7.202663697705898,-7.527183016262819,-7.7974297376475015,-7.912828466659644,-7.830387450707589,-7.573067699906973,-7.213204997363372,-6.840089201044364,-6.526013275089998,-6.304651827658232,-6.167880356345631,-6.078819316007852,-5.991686825607264,-5.867580221330087,-5.6797308330987235,-5.408330799773223,-5.031380880963642,-4.519774707591453,-3.8428135650714115,-2.984728149185566,-1.9668450127496593,-0.8659170575730977,0.18141188692857496,0.992481558530917,1.3687566195903433,1.1337253464869186,0.1681784693004498,-1.563104934881874,-3.99496977641556,-6.954575263815254,-10.164234747385862,-13.261688835738163,-15.846399544503171
7kg_10bpm,13CA,-1.123306162796389,-1.7969081424914686,-3.596464845996872,-5.648155011399229,-7.2197564705943895,-7.949481521390682,-7.868124665488036,-7.261296654663781,-6.478016322765653,-5.781211382667478,-5.2833517828059255,-4.959578694714148,-4.705337321680964,-4.404176408380733,-3.9814348559611585,-3.4307678733419045,-2.8091716515002623,-2.204330813346594,-1.6883823795793669,-1.281323362397669,-0.946158148279682,-0.6214369879479518,-0.2728675218832357,0.06910846548756655,0.31216935687750097,0.34663689124329394,0.10611707636412518,-0.39160481361375,-1.046627780703111,-1.7188710533851075,-2.28454462635516,-2.6767243054293797,-2.8921465209824464,-2.966515554580861,-2.9363696674218702,-2.809818508523868,-2.561240263190896,-2.15110407920189,-1.5585501774055606,-0.8078305995006172,0.026782790958010352,0.8416977493478418,1.5413124341436686,2.074513896871705,2.45297853182011,2.742182327458522,3.0286373262384405,3.378004014986268,3.8032897134328647,4.258042293757815,4.657686919648793,4.918209695281301,4.992843295617274,4.889388666795831,4.661964273862075,4.384558788331603,4.122319083398211,3.915278282344262,3.778923934503178,3.7139971187945653,3.713601349550886,3.7620912314982187,3.8307711021353863,3.880348656138248,3.8749786441785337,3.8016285660137314,3.680494996839472,3.5551854239193212,3.4651379054339633,3.417071246670086,3.3748303403190123,3.2749644048304045,3.058238967134027,2.6979729621961366,2.2103462370978324,1.6448610399404935,1.064741361795497,0.529763311377898,0.08802239377257409,-0.2251562493182252,-0.38699459590632534,-0.38967993722953226,-0.24497999640895055,0.012020675913469824,0.32280343369607956,0.6104661042754453,0.791281394476839,0.7938761704490517,0.5846101778914476,0.19246655132852966,-0.2786781755609308,-0.6639992198601705,-0.7855881711987427,-0.5282396159821876,0.08050801088677298,0.8233368528628434,1.3160433744309303,1.11641097031478,-0.1029618115312837,-2.3796261229108553,-5.365175063084667
7kg_10bpm,1AB,-3.1461441124423732,-2.648679657285275,-2.201750099818772,-1.9938138113994308,-2.154081658053555,-2.7080100829288822,-3.5704505228974783,-4.578055024112702,-5.543505594442157,-6.3071092853987505,-6.768490004246363,-6.894112505722432,-6.706582138135665,-6.265665664189343,-5.64946448736092,-4.939818354599295,-4.211742056936395,-3.524420375647757,-2.911763343535385,-2.373525455214588,-1.8719256980812335,-1.340183085730284,-0.7052935605813846,0.08132236295243307,1.0192681278522906,2.0543813332782643,3.0969739667626475,4.052112376176686,4.843987633362704,5.4228901140819685,5.7578356608387855,5.828283952108995,5.626439729076346,5.169725887131943,4.511944441824302,3.7411315635790405,2.961576237040441,2.267416768378655,1.718247778369437,1.3244579803671497,1.0465289574254633,0.8097296360384161,0.5316647141599045,0.15476864758318795,-0.3278625850419305,-0.8640496296795211,-1.3569593973900307,-1.6997041189472013,-1.8179292907769322,-1.7010809758973204,-1.4052512077196424,-1.0252326671740843,-0.6524737109655481,-0.34395171013348064,-0.1172550263372554,0.03239400762073999,0.11109285945853266,0.11766494178802772,0.05093919255934124,-0.07688459845271246,-0.23408974995993892,-0.3766083110230396,-0.46388372649973725,-0.4730103969958874,-0.402851279334415,-0.2670283786354219,-0.08187728197470187,0.14178758334623973,0.39794347418836706,0.6780785251870505,0.9649741518611186,1.2336303695821316,1.459051945060629,1.625520249195861,1.7321506591539577,1.793479702174939,1.8370369874608803,1.8994817045154635,2.0199276306925062,2.2271211271948053,2.5192829781025945,2.841948236886168,3.0770119514761345,3.059982234297814,2.6361044481158826,1.7467691213477374,0.5113266499143172,-0.7479753763193899,-1.5805942855024466,-1.5816800202953059,-0.6049500012407563,1.0904157236184933,2.8586173935560786,3.885887880457803,3.5413968396608855,1.7082743030115413,-1.072308501305644,-3.738170911964914,-5.089371212123736,-4.263530118608362,-1.1022613933522876
7kg_10bpm,1BC,1.2219444675420887,2.300308930840216,3.750330485440888,5.34948644317331,6.838261367823013,7.9823979569371035,8.628478685839587,8.736986143429641,8.381368416257311,7.7179406892928615,6.937149003168315,6.213445592188545,5.666816576596161,5.345085827735632,5.227029709709586,5.242526779591765,5.3013504729418655,5.322279302534054,5.2551924920187645,5.091677250206234,4.8622902954567575,4.622322801988272,4.431194436951779,4.332364993769814,4.340387565159045,4.4388259515119834,4.588616783879801,4.742597658555345,4.860576382882881,4.9196134570757035,4.916624606208207,4.8633123850064335,4.776408636051538,4.667569131762588,4.537232217943106,4.3747808658632605,4.164579440050499,3.8949602065660147,3.5659654578648876,3.1923607257497046,2.8002606503949017,2.4185318221421643,2.0681953176879952,1.754226910700937,1.4631438670761034,1.1678623577801575,0.838040554415409,0.4518406376347014,0.004024410647804656,-0.492840907076422,-1.0144078401397298,-1.5344212283548533,-2.033499009734978,-2.502399740270293,-2.9386322630112076,-3.3386428864005913,-3.6906757589726733,-3.972980507491482,-4.15974233330586,-4.23268384982709,-4.19346215415325,-4.070596234774957,-3.9172885559191677,-3.799472550651527,-3.778423586314872,-3.893874602176628,-4.154208643523223,-4.536642321099959,-4.997316936723217,-5.486376819769881,-5.962522280051059,-6.401735557553543,-6.798582637852392,-7.161265351708371,-7.5045772507343,-7.844335042490231,-8.195095690912668,-8.56977203432764,-8.977824654573153,-9.418967239735593,-9.872009178189874,-10.282828423589146,-10.557825647500504,-10.570831631703284,-10.186660287767989,-9.299859841689958,-7.878253070550055,-5.997896953857632,-3.8519832400667444,-1.7256964390007012,0.06383399164033846,1.246810650470973,1.6764596400457714,1.372213448998593,0.514234032239581,-0.6148654261367733,-1.7230442062818254,-2.6078011879835117,-3.2267165024156865,-3.7171127924777623,-4.355229456514408
7kg_10bpm,1CA,-5.097295095765194,-7.199050292113505,-9.071158073321776,-10.380504359040362,-10.981885906974659,-10.910105458684368,-10.32833950029636,-9.456456206729866,-8.50196013952801,-7.613046856127688,-6.860771376232845,-6.248465593344443,-5.736335110375253,-5.268880881524149,-4.793919740675866,-4.269718555807932,-3.662708021592456,-2.9429063608438515,-2.0839370025968433,-1.0708167294605815,0.08679879025629272,1.3433642820844915,2.615428157956444,3.7930699480003764,4.762039060236417,5.429233453482556,5.742625385712868,5.700248579622208,5.347376488138941,4.764659432549907,4.052042236614171,3.311541033919681,2.631630405975085,2.0744869633525655,1.6681928637392947,1.4048110208646019,1.2455180419398715,1.1317274230807597,1.0002314635321072,0.7991179732400588,0.5007138139967539,0.10808368229669213,-0.34699812179655404,-0.813781008825426,-1.2370604518543857,-1.5711497691634244,-1.788741131137217,-1.8817151081237828,-1.8548847630345797,-1.7161342151785028,-1.4684029716546878,-1.1075909013859853,-0.627801884586768,-0.031489279942970586,0.6604510365124452,1.404101181049566,2.1366269449417303,2.789090964405134,3.3038944433886734,3.650995495113636,3.8364393159935837,3.8998124476700418,3.900276681840258,3.896332450960052,3.926009312073188,3.994998045102069,4.076326167388086,4.122163157837016,4.083177198895548,3.9295533014976143,3.6662247357406406,3.337388719380994,3.0170635673810726,2.7878257868722036,2.713036576739318,2.8120593367133444,3.0471748838948844,3.3290529682703496,3.54040682640787,3.5715525696506756,3.3565151808065217,2.898259392599655,2.274374324759616,1.6204410045749353,1.0950763956685825,0.8346117267761196,0.9091946332269218,1.2909152030199518,1.8441429205130542,2.3413874118765303,2.5064576335538167,2.077405118049752,0.8792782553474516,-1.112163773816924,-3.732997531816504,-6.639213179269099,-9.365008162073249,-11.422359960507816,-12.415467753860549,-12.13597877586268,-10.609576351306831
7kg_10bpm,2AB,-3.0164406880868415,-2.773913627168848,-2.7871407585480092,-3.125376104545085,-3.79389143337081,-4.729949492850826,-5.817199667797691,-6.913822042228757,-7.8852110777018645,-8.630293011454828,-9.093189755750167,-9.259362880390356,-9.141324036225274,-8.762997592267883,-8.15062119884871,-7.333020457733622,-6.348335201888974,-5.250307926462876,-4.107678791937161,-2.9939576065948956,-1.9707122891407314,-1.0708476613828066,-0.28921170492753123,0.41491554362077787,1.103603415618397,1.838303639659805,2.6577098416063816,3.5627946760246636,4.513691508652024,5.438643234071303,6.250221361098362,6.862980779270155,7.207735630163543,7.240909195057651,6.950210967678917,6.357767149629903,5.5202560149174,4.523806857961283,3.471522351961589,2.4651452252962147,1.5859813511956173,0.8816406482271936,0.3636592663577796,0.015779191610264004,-0.19164215177850058,-0.28833395693049874,-0.2978263780779438,-0.23933647655466153,-0.13407271178554536,-0.009340827402419281,0.10427240476178382,0.1824308253169505,0.21742876664623836,0.22211419901954435,0.22318088690617044,0.24656781290702773,0.303231727810962,0.38372430911593935,0.4652575807477115,0.5270431522173205,0.5652606988145096,0.5987935905640211,0.6624281149999836,0.7907996052848574,1.0008132531404672,1.280834914535478,1.590954664512783,1.8742040478737594,2.074029449635153,2.151681415821624,2.098089824610802,1.9369534760125757,1.719484737650574,1.5131053064359565,1.3870757202193755,1.3973748308670904,1.5716071002013448,1.895340302541147,2.303037875509548,2.6788179973894963,2.873481602459661,2.7401161642085294,2.1835794961921082,1.2108468911731975,-0.038410312952487466,-1.299172879098728,-2.236831222372622,-2.544402587877956,-2.053337458456743,-0.8191849476365715,0.8603097528029833,2.5143156624384084,3.643468336278827,3.8946123456824835,3.1976798777127664,1.8100893205742612,0.2431351568875111,-0.9056225049790273,-1.1519011241199981,-0.28498433992678207,1.570504262607128
7kg_10bpm,2BC,2.821255592185541,4.1869305868098765,5.605287484264542,6.966362867787504,8.159272879263709,9.090974957324889,9.701185439392052,9.970040475108375,9.917670129479358,9.597309551585237,9.084215550695319,8.463761326690033,7.820185830784266,7.227111077773824,6.740346081831827,6.392896854528344,6.193076046363271,6.125838422244823,6.157536060796085,6.243570048331652,6.337447537511082,6.399635191182977,6.404592489273984,6.344436605117575,6.229160430578468,6.083067067601481,5.938460904568246,5.827509820968629,5.773725718331912,5.784691455138912,5.848030323077786,5.931743077226675,5.990002421991204,5.972997554337879,5.838607858533416,5.562620680661522,5.144281808871407,4.605916928584536,3.9869511391200896,3.334327153298115,2.692303967203461,2.094213649063312,1.5576494847725706,1.0838817888571286,0.6603585696816469,0.2654038006349608,-0.12657817006469851,-0.5403930896842002,-0.9964419802802833,-1.5081823848224782,-2.080365254481712,-2.707418206169798,-3.37218045656173,-4.045218179032172,-4.686301846258047,-5.24898761507815,-5.688855995262505,-5.974119401650774,-6.0956569961857685,-6.07263234691781,-5.95106594341072,-5.794059728703885,-5.666401943654823,-5.617946964977754,-5.6710590953505,-5.816843239976175,-6.020837553094489,-6.236296312097905,-6.420071089650935,-6.5455777737353085,-6.608628972794826,-6.6253490782284254,-6.62351244146509,-6.631556313124228,-6.6690874576700745,-6.7415852009510155,-6.840308147939453,-6.946270681110456,-7.0363768061559515,-7.089587748731928,-7.0914814231658045,-7.036298562957984,-6.9266910927568315,-6.771551049315551,-6.583047511009534,-6.373624656996089,-6.153790217241185,-5.931369364374,-5.7128090452955735,-5.506833759462191,-5.330015512179394,-5.212940170609348,-5.2041609029092575,-5.369636115179207,-5.785260708132847,-6.522894351946866,-7.632315174246821,-9.12324383270114,-10.952387570347785,-13.019717246953318,-15.17465605392538
7kg_10bpm,3AB,-4.415757310627368,-2.8196960727839,-2.1801901978744893,-2.492625480022928,-3.550988339042521,-5.030350565793548,-6.581826095997624,-7.914459725592722,-8.845680149906666,-9.313681287781618,-9.357305900639414,-9.07480187965821,-8.578480523391658,-7.9578726048129225,-7.260804653216916,-6.493365217367678,-5.635120767978275,-4.660642642406,-3.55927004933013,-2.3466636183010325,-1.0664566686121524,0.21708604956210048,1.4318682137871175,2.5124213264570905,3.4122686208722284,4.111359147623318,4.616958296028244,4.9577641127343215,5.173379107959031,5.301923898798593,5.369511141103012,5.383949912765292,5.334260660392765,5.195426695732695,4.9371364654807905,4.534115456280043,3.9758454422327585,3.2735835628971772,2.4633515886967174,1.6040529704535191,0.7699491448466056,0.0382095017621151,-0.5268143614049656,-0.8883228897324253,-1.046327204049005,-1.0367716210327922,-0.9200887968786269,-0.762132039803712,-0.6145369352517189,-0.5018566835875852,-0.420420296314283,-0.34829504821712826,-0.26089295931044904,-0.14472695385692494,-0.0036597630068953926,0.14374790390879286,0.27334784067868456,0.36654716126610076,0.41935603977139435,0.446286856080405,0.47773824974832096,0.5507515548196505,0.6955982135488715,0.922406421384586,1.213823180380207,1.5277015647405396,1.8107445195913492,2.0180007910618607,2.1307216139126592,2.164607791326392,2.1657714417230087,2.196055075985764,2.3138469192244737,2.555944675611449,2.9243587767652293,3.37894131124498,3.836278778540177,4.176568318651596,4.260317872280985,3.956991427292008,3.182670846611911,1.9400575779962927,0.3468492930003498,-1.360151541523924,-2.8563912906454028,-3.796539880019808,-3.9047130649237727,-3.063474728803872,-1.3711694909690368,0.8557309511298602,3.1469204136864617,4.992579589292469,5.978305878066364,5.896672647389914,4.804831648394374,3.007925837829197,0.9789324645629702,-0.7623360439802528,-1.7750369554241292,-1.7957523843659422,-0.7867011252402062
7kg_10bpm,3BC,3.144408114716663,3.849436888456759,4.695905628393948,5.65430618768824,6.667981369082236,7.6592466609525705,8.540689957854305,9.229901909670682,9.664104121593203,9.8108709658664,9.67343949874949,9.28911566587765,8.722585435597331,8.055194566582125,7.372738741207564,6.7534734899460656,6.2577822625113635,5.921047433708344,5.750212657453383,5.7251210628387925,5.804342438310573,5.935144290917216,6.065907144236989,6.158337537753141,6.196486230547999,6.189560613504085,6.167259396838801,6.16849115574007,6.22662843953591,6.35612795710175,6.544965767952967,6.755466142224137,6.933308532222983,7.021252769596457,6.973063128639438,6.763283448430734,6.390476600740432,5.874442740849922,5.249125896365212,4.554325656839292,3.8282305375643677,3.1021092194085753,2.3973480758836136,1.7241345973585112,1.081394108702513,0.45735852104448693,-0.1687266835575701,-0.8235070480987674,-1.5343328028679153,-2.322108261690709,-3.1932130306079642,-4.132117671443959,-5.097958671085839,-6.026986240701832,-6.84292125044588,-7.473695951990905,-7.870779336863154,-8.025723011501253,-7.976971231740338,-7.804308569402796,-7.609960037422186,-7.4916943814717305,-7.5158115252601325,-7.698232885050369,-8.001282540354882,-8.346977432273945,-8.643931982688818,-8.819131002367092,-8.843839681379206,-8.745304486392746,-8.599055767531278,-8.504160144075374,-8.548698508540875,-8.775974916846833,-9.162599939299838,-9.615315702304862,-9.988981510029904,-10.122038403358594,-9.880545024923224,-9.199563321930754,-8.109765954901974,-6.740001827278359,-5.292996246467226,-3.997511534488576,-3.049613736496758,-2.559451208084655,-2.520265304290958,-2.812587401005459,-3.243601849809935,-3.6136988188121224,-3.7897601361191486,-3.7615666654948225,-3.6627953213779585,-3.7435121135366782,-4.301135530300778,-5.585657514192628,-7.706759870120799,-10.574046742592525,-13.887160914733732,-17.18783369077483,-19.95835017108227
7kg_10bpm,3CA,-6.652188220992769,-6.392899578598065,-6.788100123208277,-7.590754867254152,-8.518467965692968,-9.325583225510279,-9.850973568373847,-10.034552575369505,-9.905618806742337,-9.551757764941875,-9.080383618874722,-8.584591891760693,-8.120956351718563,-7.701900080950304,-7.302270095576408,-6.874426490777649,-6.366848751721187,-5.740383683553088,-4.978458535560214,-4.090327056335626,-3.107800572272007,-2.0778199702653186,-1.05336105894263,-0.08479561848283038,0.7868240894777653,1.5338112232455088,2.1434398374725663,2.616934500642512,2.9666962429067425,3.2119124029614654,3.373630954519047,3.4702657994110435,3.514671700634867,3.5135745525860664,3.46928209171815,3.382748297841837,3.2565817432120565,3.0966868869507937,2.911901373716831,2.7120235107594115,2.5052048227311863,2.2958867167598105,2.084222014388971,1.8671760754692834,1.6410799709895953,1.4048706691171409,1.163042250807493,0.9273776819796758,0.716841960016871,0.555362126435135,0.46794372388629624,0.47586124156534054,0.5919359414616105,0.8171484990343267,1.1390187352376906,1.5324016713796735,1.9622273729857687,2.3879982928485153,2.7694044550170993,3.072390262329516,3.2747607001272376,3.3702890351284838,3.369973498913153,3.300128483745216,3.1970579222739937,3.099853765685923,3.0429541244895826,3.0502996821227826,3.1325220392918594,3.2872105318530727,3.5018166679021134,3.75774945908562,4.034102359754564,4.309777687531127,4.56354291106315,4.772676865691471,4.911656140272469,4.952616332896218,4.868617052499339,4.639587040799675,4.259768330366306,3.744203617572922,3.132273656414628,2.4861019575373127,1.8830046318506428,1.4023597183066763,1.1086217667550284,1.0334482568047314,1.1615124115432525,1.4230400148399684,1.6979868789321158,1.831947716364378,1.664126849785095,1.0630653090432973,-0.036828335331505396,-1.605551914363963,-3.503791025021253,-5.4912508467886685,-7.258337105478394,-8.478368111790349,-8.872050964482664
7kg_10bpm,4AB,-5.230631059775634,-4.024517492996762,-3.2066854328299645,-2.83584820900604,-2.901827957545595,-3.3496797147752986,-4.099493602314671,-5.0572320017034045,-6.118595862029887,-7.170747940759715,-8.096090907926841,-8.779636132910229,-9.11911487693527,-9.037127840786809,-8.494498657482136,-7.503732552488148,-6.1377928965224156,-4.526930060033997,-2.8390741606903562,-1.2450543897216533,0.11987370126823634,1.184575538240531,1.9487010277983192,2.4669818607326284,2.818470509701394,3.0745714594663296,3.277753869774793,3.437145991594695,3.5391404340095574,3.5655145642977133,3.5097820253321608,3.384645173033013,3.2184851209213834,3.0437655121685836,2.8836325169787416,2.742821192213205,2.606703000097573,2.4481854071597384,2.2394449984136346,1.963432252083871,1.6211945588915697,1.2326888716165552,0.8320734463410855,0.4597926639003021,0.15447362963155514,-0.05370208579531486,-0.14775398371915158,-0.12706521277759197,-0.008811725795313616,0.1738070678760705,0.3775655655092413,0.5594013318853184,0.6877928244973005,0.7510210429137879,0.7585316497776097,0.7350845317704291,0.7107179293945042,0.710763554808847,0.7490797545949702,0.8251737429073006,0.9249356354039322,1.0245583512211125,1.0982012977174493,1.1288668356355074,1.1201658245863666,1.1038444124876683,1.1377959679111644,1.2915355269977342,1.6211327972988656,2.14137178589673,2.80588924574832,3.5059785726100157,4.091685484944012,4.412102235766781,4.3617617996598375,3.9183829095883222,3.1569294327777113,2.2350122158118437,1.3521181236281012,0.6948567648789241,0.3842575026562375,0.4409299193783589,0.7795234894084395,1.2346916475248142,1.6136699923945883,1.7589191811961509,1.6020160883184944,1.1879010172555995,0.660213983166143,0.20869672627696972,-0.003124839955265841,0.09560730057022108,0.4504638996454655,0.8986971629316937,1.2338882954780566,1.296123626760608,1.051740507210806,0.6288860453196293,0.28943714973700935,0.34630265174413827,1.053075491086324
7kg_10bpm,4BC,-0.9672594500745305,1.8541916395819782,4.754771986522889,7.4142077108627555,9.561965203048478,11.018394549285722,11.721026263715412,11.726104695788303,11.18634848224507,10.309566354174226,9.310541785240613,8.369097409716813,7.603812711154259,7.064746804935174,6.743328789029418,6.591823775840647,6.5459386914845945,6.5437007844534545,6.537701028461833,6.500469233379339,6.424007750589334,6.316156256904346,6.194956031764461,6.082392280265116,5.998081409544951,5.953827324087129,5.950304538197577,5.976751719985474,6.01379901791597,6.038387400626933,6.028858937894742,5.968491886740195,5.846688405346317,5.658103723546931,5.401089892562606,5.076562331825713,4.687952411962508,4.241762058276926,3.7478840739564783,3.218807658348846,2.6676725779499564,2.10579171681746,1.5405969013525487,0.974754741896527,0.40650209375341434,-0.1692817881305471,-0.7598791518843769,-1.3737453445972856,-2.019426842149666,-2.7037416146450672,-3.428718088614032,-4.187333410936,-4.959433126192804,-5.70942019398265,-6.38818605411519,-6.94003149887262,-7.314175073524824,-7.478227436570018,-7.429270572458575,-7.198849129665558,-6.84908701992241,-6.460306118675242,-6.113224827162888,-5.870495721614968,-5.762718990327009,-5.783251031695074,-5.892635704433999,-6.032150267647399,-6.141896810120536,-6.1785349250406165,-6.127877494115488,-6.008435124760505,-5.8661065821047265,-5.761221356160007,-5.752081227342579,-5.87916890737838,-6.153496056760817,-6.551676349087291,-7.018506933865667,-7.476478853823304,-7.8407977808699645,-8.037003083757806,-8.017719938845309,-7.775136759765221,-7.344916361028557,-6.80070054417169,-6.2384535314463605,-5.755055838388102,-5.426987199903293,-5.295983929433008,-5.367809170376597,-5.6246956151625,-6.047462937951869,-6.637990628324809,-7.431052760238377,-8.487497586946793,-9.867663150116819,-11.592119756112275,-13.603364275954497,-15.745576248400567,-17.771875191956397
7kg_10bpm,5AB,-8.932296015775316,-7.122519056349331,-5.476624332401266,-4.39859595424823,-4.086530508679182,-4.50650043738953,-5.433541400066198,-6.539424958884117,-7.497990313600969,-8.073869383777541,-8.172373831691466,-7.8407294567237775,-7.229065211027528,-6.526684646044822,-5.897205772621775,-5.430455005476634,-5.124076371232127,-4.895584723586225,-4.619523791274249,-4.1749240714825895,-3.488550216372701,-2.5595617015158436,-1.459981061683524,-0.31120740066440583,0.752921303303367,1.6245883303672704,2.2487815842379972,2.6318991304533133,2.830291459333464,2.9257137937191438,2.9965773165842187,3.0956400995719924,3.239894707328366,3.4142443122648336,3.5841805228886416,3.711437900285456,3.766317474667978,3.733814920608789,3.6133011625833102,3.414304814482582,3.151152232759439,2.8390033623641524,2.4923557707390596,2.1257176560662225,1.7549857629184915,1.3978039990536475,1.0719237453238535,0.7920218000766577,0.566688760320204,0.397217552374309,0.27871460981515583,0.20246844493631558,0.157968661050019,0.13390321212331668,0.11895663688814416,0.10398311239528937,0.08589315319766726,0.07149485018792759,0.07786763578860327,0.12739920251405018,0.23847584489186652,0.4162564283429761,0.6479769368564468,0.9054873717019527,1.153444009067984,1.3596347921081264,1.5030498571955166,1.5774424931557178,1.5898907104134994,1.5561582838298784,1.4948255834082427,1.4223285444687859,1.3501257102215471,1.284495098523893,1.2282836405724953,1.1834366717072822,1.152976427881135,1.1418639200477716,1.1569665948513186,1.2068395745646814,1.301599211958603,1.4524036507531513,1.6695856206204671,1.9588628714300367,2.3160790637696924,2.7218603056275392,3.138036234567457,3.5069665651723634,3.755138427702378,3.801568076785854,3.572146592903386,3.0194853055280304,2.1465781160434507,1.027822084296244,-0.18047242203569902,-1.2504034827789923,-1.9192585209804869,-1.9501525417814642,-1.2021188669575809,0.3129565682630211,2.4102561156105717
7kg_10bpm,5BC,-0.5458219882822908,1.5576507365678491,3.851264021687265,6.069567688545599,7.981294165416643,9.415524391780265,10.278315119097927,10.557021703683164,10.314343264980211,9.670829706099337,8.780542740832871,7.803035560253603,6.877786296051553,6.105696754046921,5.53980067307483,5.186002818742671,5.010886857254317,4.954756638475892,4.946735562395366,4.920559417589291,4.828969839195315,4.654436541205827,4.41369425614709,4.15383828281675,3.940115663852859,3.837472574377667,3.8908632618014374,4.10991944357968,4.463238644544008,4.884507513593123,5.288878923496074,5.594585783899561,5.742774653245457,5.71003824444501,5.510243915634034,5.18674397830797,4.798222429319475,4.403188889766724,4.047422761885276,3.7565011431620854,3.534000463969028,3.36362622257748,3.2140289297686246,3.0447648250230643,2.813216754522888,2.4822672078735994,2.0280991755485327,1.447096002337393,0.7593101362454977,0.007135541073964274,-0.7524374604577259,-1.4606568167541374,-2.0721869702179556,-2.5683318413495684,-2.963038005555065,-3.29941873830035,-3.6360379571771344,-4.027407019182113,-4.505068489669074,-5.066048613185764,-5.673960757659559,-6.271970922755797,-6.803384102405043,-7.231358137203254,-7.549822793499576,-7.781781947573229,-7.965743607535067,-8.136953317390933,-8.311340237593303,-8.478896452368739,-8.60926452573123,-8.666920813125143,-8.630280098785173,-8.507106400578333,-8.33979433787425,-8.1971107798541,-8.152778313866815,-8.256363517743695,-8.504881102615785,-8.825888450998216,-9.080462321163383,-9.089991801680288,-8.683266939924996,-7.752182350686239,-6.301092684105021,-4.471873430093752,-2.5353788080109867,-0.8459147775749868,0.23084236112208187,0.39822049644824553,-0.5028680247038299,-2.4577756250248237,-5.2790772222335836,-8.64499847348909,-12.158751279329966,-15.414006001801328,-18.051642012934348,-19.80010156827672,-20.501495270529347,-20.123511967918258,-18.763232820184953
7kg_10bpm,5CA,-7.840128476375583,-6.106875695867493,-5.456928059254687,-5.77737842293345,-6.739244065499796,-7.934164405281704,-8.996673062819607,-9.682742206745003,-9.895781370391992,-9.667073858269765,-9.105761880181916,-8.337907126765625,-7.455682364556834,-6.493671370612963,-5.438372957795199,-4.263028576556492,-2.9682361484468527,-1.606247886045319,-0.2767700415186358,0.9021580072263732,1.8321110233480575,2.461996140610308,2.7944871133151494,2.8727565404134383,2.758128216284469,2.511174081421815,2.183804349777515,1.8215505845348687,1.4691163970395131,1.1714561866164315,0.9671243919111129,0.8773355491541114,0.8979358793169598,0.9999683961922846,1.139374770679167,1.2712147921586023,1.3620070537073123,1.3958332701104732,1.3733738476560182,1.3061205351068657,1.2095812552553888,1.0988592297815514,0.9881798803349655,0.8935097139626673,0.835151645241614,0.8364737669731822,0.9167514041350538,1.0800687242854328,1.306393724165864,1.5520200279104701,1.7626133157059423,1.8950969691395856,1.9383344331450074,1.9209202993454053,1.899800102410429,1.9329802824869822,2.048495011195259,2.225834865421689,2.401708448334964,2.4997994407249857,2.470909903995591,2.3227882156277766,2.1229966471056367,1.9726988787549784,1.9642806418193506,2.1427495709420263,2.4875384623673664,2.9203162090745574,3.332542427129316,3.6205777089613917,3.716201372386286,3.603909011377358,3.321446247823704,2.9449182782477723,2.5638585886805463,2.2544941184597835,2.0599206788078845,1.982743910621114,1.990657387890923,2.0308603284830036,2.047014955327157,1.9932708933598557,1.8429830606459965,1.5927067929382233,1.2633525169845092,0.8994971972174431,0.5656938028692672,0.3368687141299634,0.2802883343056451,0.4297189370522836,0.7575625495267401,1.155397953342065,1.4354040813829554,1.3625815977028812,0.7188125727708544,-0.6141876791057991,-2.5792228928336596,-4.908265652524802,-7.154532576086762,-8.796338173968739,-9.38737249284836
7kg_10bpm,6AB,-5.103036650974937,-4.412659454066369,-3.8328075798667705,-3.4356884724844123,-3.3267228050299287,-3.605898510633148,-4.318350114385007,-5.415556039453595,-6.745743415670284,-8.08089870202445,-9.171915987023791,-9.812728334052498,-9.88950499833484,-9.40106492798473,-8.444856705347751,-7.180024520499784,-5.780823075514789,-4.39672823353015,-3.128634417790847,-2.0234277923111725,-1.083945023109017,-0.2868938498630761,0.3981506533695419,0.9945889791246812,1.5122559264053115,1.9490221928236708,2.2981399137046217,2.5576920437190394,2.737937999142398,2.863017645364965,2.9660324979793975,3.0786438868610304,3.219189740056239,3.3839802871480087,3.5456466453536746,3.659648348145414,3.67702346464311,3.5592561045738487,3.2902293487200525,2.8820719460810373,2.372660933369353,1.81633627321109,1.270195669268545,0.780545948041702,0.3735828969121675,0.05295880042870759,-0.1954830615513113,-0.39435252028149503,-0.5645447078310961,-0.7180085636190847,-0.8550170334850608,-0.9656572133434517,-1.0332925786284464,-1.038272315614874,-0.9610122796759801,-0.7850941812237646,-0.5012616550763604,-0.1122135587273893,0.363380832176376,0.8901041234292724,1.4200848523272203,1.9021473952191466,2.293259868116056,2.5686700064618204,2.726883086100361,2.788421055902834,2.7885112584926706,2.7668001934688813,2.757063059768992,2.779840839971362,2.8394750679270535,2.9254718266005435,3.0170986418558288,3.0895476907890966,3.120096339581677,3.0928939590460884,3.0016242250800804,2.8493656824774174,2.6460506223596885,2.4042430227678637,2.1350503166048878,1.846058552375092,1.5427820049470797,1.233930018205248,0.938818014798444,0.6935876524545135,0.5513863042699958,0.5726687565292211,0.8048012159545261,1.2553009145319094,1.8697026085868973,2.5250214894828513,3.049265231300722,3.265462955786874,3.050385738315958,2.388231941570209,1.3988800343065022,0.32599345308546157,-0.5164815043646503,-0.8264261025865772,-0.40210060718637275
7kg_10bpm,6BC,-4.991187337159688,-2.4241433298580244,0.9823925132244805,4.64376604757995,7.979966911571138,10.533031947712377,12.047801173357463,12.499530115906243,12.063853397785836,11.044058287068003,9.778267320762684,8.555465391147708,7.56210508625005,6.86746485936888,6.444687224146852,6.2116801052906565,6.075146934284633,5.963023533650605,5.839185316124158,5.700486021024864,5.563159827363605,5.4460784657897054,5.3583030690668725,5.294383305218087,5.237254499995051,5.165580550093581,5.061525175011316,4.915981911740408,4.7298422660928905,4.511843699386346,4.274040524529387,4.026755570059955,3.7747750136765834,3.5164679790754687,3.2462899134696617,2.9596462889278694,2.657652917519628,2.3490357275709046,2.0478495158977763,1.767522397834476,1.5138865653116997,1.280279037515696,1.0473601875614138,0.7880683759917156,0.4763907967928605,0.09682999905480337,-0.34901310805043284,-0.8412737409331071,-1.347109977902746,-1.8308600450451358,-2.265936725281968,-2.6440383536965695,-2.9784572622060734,-3.299297665378064,-3.642165226398261,-4.033762846477664,-4.479947221873425,-4.960911426310492,-5.435965461698143,-5.856384957576984,-6.181758554250191,-6.393858259276889,-6.502652831993454,-6.542975509630777,-6.563005312985903,-6.609291582703241,-6.713158937175548,-6.8830283074474075,-7.104181069292917,-7.345875912354268,-7.572566838779753,-7.755542979342623,-7.880937094770984,-7.951617539406887,-7.982636473290821,-7.992152501231303,-7.991361394501317,-7.977084655677784,-7.93013685805134,-7.819999557948991,-7.614743033399968,-7.2926905860324736,-6.8520428908342295,-6.314791377633876,-5.723669915035241,-5.13271777061187,-4.595013040477522,-4.151903186703479,-3.827715259962674,-3.6320399826693546,-3.568343089913815,-3.6451251519142023,-3.8838268321234923,-4.318654155415413,-4.985869676398795,-5.90508196454592,-7.059494925313569,-8.384049193137418,-9.769051197658026,-11.080431687151357,-12.191100501872851
7kg_10bpm,6CA,-4.026016725032268,-5.359288942332297,-7.050632223735434,-8.646233070108368,-9.808780901372815,-10.36979835734484,-10.322337263054749,-9.77749229706519,-8.907788710096955,-7.896853433410866,-6.902826467805784,-6.0354992185614655,-5.344862838272385,-4.819221273882758,-4.394298072739227,-3.9728969783178814,-3.453137157036589,-2.758926453129806,-1.8642766042930552,-0.8041924675334455,0.3319076444309297,1.4215682211714886,2.3396293067624243,2.9876756037978294,3.314526978974391,3.3218902935909735,3.0554617872792464,2.5865664219209945,1.9920920711460512,1.3403718226616066,0.6861733959651476,0.07351133970337242,-0.4589854535237019,-0.8754967275056494,-1.146139616580871,-1.254669552979074,-1.2064422484341135,-1.0316561733857477,-0.7812105118558852,-0.5153962708885889,-0.28941971514643183,-0.14046242449166488,-0.08085461768325312,-0.09874459429937153,-0.16497094638950507,-0.24239534350422867,-0.29368625121014635,-0.28554127218571407,-0.1898232881995818,0.01583779737163283,0.3455492469277286,0.8001803534718119,1.3616651055806916,1.9901940044576825,2.627033969178183,3.2041412713897004,3.6589582816160937,3.9504142591529003,4.0710115963883595,4.0498374242024395,3.944750547299948,3.8252683694070893,3.7526353240132293,3.764076649259882,3.8668686688361613,4.042847242272237,4.260032439292033,4.485725584112593,4.6956296003955815,4.876260317238282,5.020945517395606,5.122718079234566,5.168332919796486,5.137074587406893,5.00540398504012,4.7558139467331015,4.385806524436699,3.912904257806924,3.372683440807345,2.810352105217025,2.2687455969964456,1.7775351406391249,1.347572165781348,0.9722942796371313,0.6353490298108476,0.32150460534404357,0.027345024087161697,-0.23195614426613292,-0.42246308999505056,-0.5000564386449597,-0.42720477472169555,-0.19492461027664318,0.1574931338097617,0.5336013549642208,0.7896520246257077,0.7655456284429761,0.3307422604950185,-0.5673584453220788,-1.869728739261923,-3.3986919954596826,-4.884791909395134
7kg_10bpm,7AB,-6.6643388092890605,-5.654953109981736,-4.562977035586668,-3.6790450594437147,-3.2373490059805987,-3.34649320108054,-3.958345555820848,-4.888248466953552,-5.879760998301103,-6.68918293961767,-7.154475362575663,-7.223056503712176,-6.935116712886899,-6.378920909297571,-5.645162264825198,-4.80030896803805,-3.884642647201585,-2.9270180462666153,-1.9616732559600252,-1.0358408197205002,-0.204692478070172,0.481756662970288,0.992158066509658,1.321482298072114,1.4901846421685097,1.5365537501158812,1.5059558504050805,1.4410223152233297,1.375300740635969,1.3304021312574004,1.31523855124572,1.3258624531226006,1.3456406664073866,1.3470761422853257,1.297183435292081,1.1669680193596794,0.9431790451598463,0.6379034290391128,0.29086460716672574,-0.03808459365397532,-0.2849053457687502,-0.400219065563699,-0.36406141145908,-0.19161151973132276,0.07187862496652414,0.3646585985843185,0.6259704768852936,0.8124208757951333,0.9083645751243985,0.9273148507568711,0.9037515139317377,0.8778212970924811,0.8790761290407126,0.9160416769965641,0.9760714686018253,1.03484013914697,1.0698340114923455,1.0711080717381762,1.0445082984924343,1.007082407211269,0.9782045250835432,0.9714425592239522,0.9913045412981742,1.0357007456707898,1.1018595520565424,1.191801153420048,1.3142938894965555,1.482585212516933,1.7091813986267097,2.0000308272481426,2.350097597481335,2.7414244514669073,3.144050111345263,3.5194953007595378,3.826456831174131,4.028140640631178,4.099939626929921,4.035397514480303,3.847695711199707,3.564395854954171,3.21612330418072,2.8235157033069265,2.389940281072038,1.9066458118927125,1.3710606050058491,0.8107238828134261,0.2979169159829836,-0.059117693385580816,-0.1537461837025718,0.062424317172646515,0.5286405115278954,1.0580168724446362,1.3749218912747916,1.2047598752204982,0.3879329371182383,-1.0250000218902362,-2.7424200283667304,-4.286574264584398,-5.1229947371583435,-4.823087595274652,-3.2005558293177128
7kg_10bpm,7BC,0.3498501493173764,2.1469427184153362,4.149977039311394,6.129263342511215,7.849576355482947,9.126599063228651,9.86903776729172,10.092606860476044,9.901078753045528,9.442852674771487,8.86248973762387,8.266159091867541,7.712482774931537,7.224694891056228,6.810903105488619,6.477214976175413,6.2273428417103665,6.0529873214332195,5.926187509635352,5.8028336467060475,5.639139033195014,5.413203179457446,5.140182796692223,4.870909777564746,4.672876562057003,4.600769081033924,4.670314150701265,4.847483091001998,5.058163456288543,5.213840856971142,5.2414733469773145,5.105643448131382,4.814895517562169,4.412517080476246,3.9568917505477477,3.50032223007892,3.073603710877892,2.6807532325707357,2.3037912749587504,1.9141181591047431,1.4858177841869924,1.0063164105024025,0.48193030312573854,-0.06303291878281059,-0.5932360660002182,-1.0744196098546057,-1.4879893502128463,-1.843611967759079,-2.184124406300699,-2.5775795233742955,-3.0960125038801483,-3.7856389654206435,-4.639856167098872,-5.586916421476639,-6.50163321377361,-7.2405212312952,-7.689662392850821,-7.807347329277647,-7.643212753103101,-7.325339587983137,-7.017698531224589,-6.864746584710384,-6.943099398189485,-7.23953163854459,-7.662251430795572,-8.080249542083294,-8.374013837957452,-8.476499518014078,-8.389104611356906,-8.167745575778286,-7.8886823830455235,-7.610071665135794,-7.34695024518257,-7.068586840272663,-6.717813995166416,-6.2415666238375085,-5.618474847231521,-4.87105889730979,-4.058021326538037,-3.2518584214050987,-2.513690183070913,-1.8786260962654995,-1.3581348530004276,-0.9568504505306132,-0.6923093877599413,-0.6049813751339136,-0.7502511695864608,-1.1743570956155074,-1.8843382113419456,-2.8276308196718456,-3.8930918376791044,-4.938173229468715,-5.83469111813698,-6.516890297688633,-7.0119114533400175,-7.437138316840499,-7.962273769366129,-8.746691280343184,-9.876194038140222,-11.322112219024158,-12.93948942005611
7kg_10bpm,7CA,-14.386984250673436,-12.220907770591413,-9.899232532661593,-7.940501986484631,-6.671540360383313,-6.152436002777362,-6.204728380498535,-6.5189209604862945,-6.787669938138142,-6.809579903884995,-6.529436568360172,-6.011288491611656,-5.369725571603277,-4.698550292981098,-4.029454032671821,-3.33389020355635,-2.5582649100400765,-1.6674574352122358,-0.6730026640691001,0.3647810586189748,1.35575119035029,2.2054856161399985,2.834843508920981,3.189677789101037,3.244481348966834,3.005258274246182,2.5124735156344076,1.839766205055567,1.0834157426830282,0.3421966440656043,-0.30601341698702433,-0.8212881568689288,-1.204848330789672,-1.4870635936756613,-1.7063541023427928,-1.8891057118986607,-2.0395467545118096,-2.143311111741309,-2.181319429893023,-2.1454243375909536,-2.046946545004667,-1.9132949966082826,-1.7745129739502488,-1.647427305639071,-1.5262476445866477,-1.3848733412124685,-1.1898537643114628,-0.9170583734248873,-0.5633571320797932,-0.14750919404648366,0.2997074800766821,0.7499028100718381,1.187222766000619,1.6085670346748284,2.0148567558964396,2.400473123573904,2.749126447443086,3.0396975170448917,3.2589914316088873,3.4138460040583234,3.5350966183660217,3.6701193886432746,3.8658071136536076,4.147923286408692,4.505051786829374,4.884706095666135,5.205700023782745,5.384893877024125,5.369098794517667,5.158202882388779,4.807683997293636,4.40706391128031,4.0425904115192655,3.7619029450913835,3.5582602577357547,3.381942185980932,3.1721587077295883,2.891615721165156,2.5452939364178286,2.1750176087062307,1.8348588146653702,1.5623676377120546,1.3616011906241174,1.2059316076952837,1.0579627085195045,0.8954739310470724,0.7292189941186675,0.6021703594713941,0.5678049715291507,0.654393450549455,0.8302928059764348,0.9874550907761686,0.955337137478007,0.5469948085832731,-0.3740823793436459,-1.8290731700613534,-3.6863514670504123,-5.670677153709324,-7.423439874494586,-8.597233141174474,-8.951927732995372
7kg_10bpm,8AB,-5.952688242225047,-5.138138698695971,-4.388193002425497,-3.8284126319203047,-3.5552471681662134,-3.6280464062594544,-4.060289992928002,-4.809610160597144,-5.771302772654258,-6.78371461800892,-7.650958032313528,-8.18303816205762,-8.243106365319042,-7.785479708894515,-6.8692301522865655,-5.639884696272704,-4.286676174882081,-2.9902017513363535,-1.879768969566008,-1.0128832988834993,-0.38018322006449845,0.07052054330613314,0.40375845830776624,0.6711245492672013,0.8995566743427879,1.0940909564615364,1.2508449890017757,1.3720311131035934,1.4751426595826846,1.591360956750855,1.7536961618130051,1.9806515395255104,2.2637406935565214,2.565640510616137,2.8299445885670274,2.9984564820659636,3.028367228413895,2.9034039124402957,2.635967231718081,2.261363829545843,1.8274535856391,1.3833583658367121,0.9706150547504817,0.6183486510337565,0.3426630254002259,0.14864585037392689,0.032887701854069584,-0.014781701100941114,-0.010174511900997238,0.027244066268867495,0.07851242535217288,0.1309402099928433,0.1831234801115901,0.24592415996208244,0.33794116143979874,0.4766004010546388,0.6684879506359144,0.9028690818449134,1.1506212359842907,1.368888752053065,1.5099243660898074,1.532770520858186,1.4160464266652228,1.169547822808607,0.8408934525700977,0.5122154237132469,0.2843626265211973,0.24957832359970866,0.4602132083487143,0.9044308549963235,1.4999589340588533,2.1119215019004645,2.590594856830264,2.817700638566166,2.743878588035632,2.4046598475016507,1.9096586591841846,1.4106405904578538,1.0607800685588669,0.976925699980131,1.213666105785821,1.7510958432890487,2.4963163671847757,3.2976864604721103,3.971787936002128,4.343229018019861,4.2911475936194545,3.7907635585762867,2.9319369649012432,1.900820896448732,0.9235098802974826,0.1873385113480228,-0.2274025590441357,-0.3737062818820836,-0.402132122385094,-0.47489634596869323,-0.6660872442229431,-0.8989407898141746,-0.956673682995536,-0.5695633322927125,0.45629334454844095
7kg_10bpm,8BC,1.8828840593271243,3.2086238893140613,4.6412634158601165,6.080669466036121,7.399243875292581,8.46808413274786,9.190133245897634,9.52777145168351,9.51264274977376,9.231417605907199,8.793793881614373,8.29798316658953,7.8087690143151045,7.355130788949796,6.94192565771346,6.564451733391242,6.21651331158473,5.890404213448939,5.5739421843726005,5.2512499729411095,4.9101358595627715,4.553265796852037,4.206133184563373,3.91494339697875,3.73241592667408,3.6958506694830264,3.8076233386087917,4.027824582903897,4.283725812365209,4.492559924572025,4.587238010595797,4.534401862813997,4.338036377693582,4.0299044696882245,3.653296541910193,3.2477925717228158,2.8402222163080486,2.442380802996459,2.053473121751392,1.6645231553408555,1.263050856607132,0.8375910671681475,0.3818536434477889,-0.10206364203462721,-0.6026019470133399,-1.101086064379686,-1.577477723234166,-2.0179630126507586,-2.4212684744635347,-2.800611656129801,-3.1798626927246683,-3.5846234534367207,-4.031301453171451,-4.51794160750435,-5.020349621858739,-5.495714132345112,-5.893456310545686,-6.170929522294558,-6.3088143935009615,-6.320067672733086,-6.24752952455398,-6.148906214703613,-6.074283097208281,-6.045165640424023,-6.045063024292676,-6.026759561535869,-5.933546990087884,-5.725408495149289,-5.398200514211809,-4.988258805048702,-4.5614819519792915,-4.192865762495016,-3.9456716214733025,-3.8572495310497827,-3.934757687557942,-4.1589114338177655,-4.4915471485627565,-4.882784275518953,-5.275235890977018,-5.605702993670118,-5.807188542090712,-5.81493497657366,-5.578728245766291,-5.080217945322512,-4.349214237373316,-3.471073806295518,-2.5785526515921253,-1.8269276396816727,-1.3591255525802661,-1.2713532854670562,-1.5910410248336748,-2.274056353956742,-3.2217027269383864,-4.3128816575683775,-5.4413825335724715,-6.547228064433682,-7.631140534847399,-8.744935658315203,-9.9591223072012,-11.317326993855492,-12.795798760695227
7kg_10bpm,8CA,-0.6918326175417253,-2.825204102600609,-4.666854349658756,-5.802898053473776,-6.19832047584763,-6.097702923425818,-5.860681871468928,-5.799224930102064,-6.058402026372138,-6.569802389038014,-7.094734289484929,-7.343583295815073,-7.116269376538627,-6.390698857381798,-5.314561786764719,-4.114318719508838,-2.9818367534780466,-2.004142378448898,-1.166962858741125,-0.41333231066446025,0.2938418457730756,0.9506722178316086,1.5387712700910556,2.063174396089969,2.555756580063607,3.0308719733925513,3.428200773011909,3.5993471102710672,3.3682104354231597,2.638514149338506,1.47883824118096,0.12197014376252424,-1.1297668875173739,-2.0383146513317154,-2.5237963892196733,-2.670103416305379,-2.6518747828890508,-2.635021861988003,-2.705578287858031,-2.8531210072414157,-3.0013349968268215,-3.05897055552016,-2.9629978378961805,-2.696335642041704,-2.2782057244383767,-1.73976629915322,-1.1046399463032168,-0.3886684945474214,0.38193643960890633,1.150140059261681,1.826383787479484,2.317210334110512,2.5751478231398504,2.6397975902698265,2.6355440721471752,2.7139154439994737,2.967760838869111,3.3709777261909277,3.787500382156316,4.049790757969116,4.05971494074351,3.8476355586024926,3.552422638933836,3.3378089755720812,3.301333890875378,3.4322874569903252,3.6372869115939035,3.8065040339372396,3.8723239025064595,3.8262127549517118,3.6939035803951352,3.4972799805349353,3.2353098339093003,2.89673333959751,2.4904243501870393,2.0652736947382624,1.699724338881686,1.464665896719622,1.3840373560601107,1.419781342939504,1.490675099516267,1.5115292725359253,1.4275491506281686,1.2257399672520335,0.9236788736091966,0.5510834557321379,0.1412700564346213,-0.26181742016972775,-0.5907620107282273,-0.754160161799033,-0.6622538956663059,-0.2776597648838924,0.32817476348785246,0.9451207711211023,1.2519269773617059,0.9107086558773355,-0.2974036917751659,-2.3520994801663306,-4.950544116035302,-7.570866099658311,-9.618656690520822
7kg_10bpm,9BC,-0.6271130529278395,1.4324427683829755,3.483174225088727,5.33565746992974,6.847376640690917,7.926329419333505,8.534233790279057,8.687495279005603,8.4519374971664,7.928886533844452,7.234720958501634,6.480123202901703,5.755294477197467,5.123292223977184,4.619103208573852,4.251063286003218,4.003495578475345,3.842121499054491,3.724236934634864,3.6129039661158524,3.490432379796568,3.364391654358994,3.261815681135414,3.2136619720613164,3.2378415265987024,3.330172133989678,3.4677339857340628,3.621570094347451,3.7702950064833836,3.9063556990614883,4.031902786667538,4.147791688166827,4.243406693199965,4.29441758242748,4.270480323758083,4.148849444415983,3.92648825356637,3.6240247220463897,3.279050233466599,2.931583725730718,2.6079741687178,2.309833415588734,2.012095552855617,1.6705975859160114,1.2364787165533215,0.6734227852921654,-0.02648474714652234,-0.8326225130607613,-1.6758020560590656,-2.461403713008474,-3.0953833740454657,-3.5173387542654746,-3.729008629837475,-3.80392184633354,-3.8685686210961205,-4.05679352153666,-4.452840518974453,-5.047869917207033,-5.733344578428339,-6.339250974785298,-6.703170622550401,-6.739374958037595,-6.475361523512578,-6.038714181933267,-5.6022712810771775,-5.314508466299099,-5.246260961091944,-5.374364936114285,-5.6041937661907815,-5.815866513083153,-5.912096215082034,-5.84945914746525,-5.6451293379251775,-5.361917240990792,-5.081277526190709,-4.874858084779527,-4.782786033554299,-4.803686651208338,-4.8983955292970425,-5.005842704760075,-5.066034609884215,-5.042151055774115,-4.93306076416979,-4.770158877731975,-4.598432372705559,-4.448595321661997,-4.312367878389085,-4.1339420008001335,-3.8258553355761733,-3.3073033008078525,-2.551881022166183,-1.6247397979217324,-0.690433590524129,0.016659623846262447,0.25127659991378093,-0.17493892553730936,-1.3407738406741183,-3.1953729387845136,-5.575120168381761,-8.247588582546928,-10.964795640317941
7kg_10bpm,9CA,1.268602460928606,-1.5463188906697258,-5.1743403531990255,-7.996755169492932,-9.166502473203595,-8.762746665830019,-7.438640905406619,-5.9061575888062405,-4.594007618700114,-3.600035708212362,-2.841354520155738,-2.2273163349864844,-1.7400905488071894,-1.4144141593754032,-1.2755759130625992,-1.2951324266517414,-1.3861731474061956,-1.4291268689986898,-1.3134012312411791,-0.9847965447438135,-0.48454354471059735,0.042961322231550365,0.39057808354262624,0.3692795637228971,-0.10401360215303668,-0.9556073268052504,-1.9741657373399633,-2.8984153855609964,-3.528857021508211,-3.8003680676218763,-3.7788266230709646,-3.5958174082551118,-3.369550440764411,-3.1562942583416067,-2.9475694058665933,-2.699867046835475,-2.371123184952623,-1.9433246101766122,-1.4262635890455846,-0.8508266677433152,-0.2607838521099268,0.2966549431118234,0.7852251007883834,1.1952581633294976,1.548163885440977,1.8825979631320764,2.2329163948929054,2.618980674028933,3.0521154966505857,3.541296428643465,4.082398453246014,4.634464935077196,5.107971886319182,5.38850866950151,5.393523291230661,5.1295648800072,4.708238662321833,4.301897399464583,4.060447627299041,4.03879885829057,4.178117644061837,4.348231965236677,4.421169730662113,4.331679731484227,4.093915449616344,3.7724378045260227,3.4329453008892052,3.1067324032478374,2.7870903988772167,2.44958100923402,2.0741220102562306,1.6540162173284714,1.1944990030740146,0.7127756488837624,0.24415997602049486,-0.15555069008025954,-0.4250487180507192,-0.5299021254649541,-0.49249719847139767,-0.391963666231913,-0.32342558365997853,-0.33911651541061394,-0.4143437459536821,-0.4660604301636939,-0.41152582392812775,-0.2247996671391162,0.04698472594630309,0.31566078669843234,0.5091009099090954,0.6151101223829649,0.6802062567273988,0.7545337736923471,0.8074630867441833,0.6700943105185657,0.06811404940519902,-1.2329399215264796,-3.23059106926329,-5.564601436459008,-7.582787946650041,-8.591919541536319,-8.164089918707973
7kg_16bpm,10AB,-4.660775075470267,-3.4360027858614446,-3.123087374394862,-3.7034981945679144,-4.992187639063594,-6.700510265048275,-8.508823627096893,-10.133081020812117,-11.370451243715413,-12.117057894839085,-12.359547526384983,-12.149706806196962,-11.572126820918864,-10.716217973904767,-9.6579929362587,-8.45287136292325,-7.137488347586646,-5.736095226841574,-4.268424169886988,-2.7563679307099003,-1.228121535418355,0.28083045890462544,1.729881912807735,3.0779197364130737,4.288939701391419,5.336877859967782,6.208410815513603,6.902781213143721,7.429360065959181,7.803595865216987,8.042779105934489,8.162455413801071,8.17404300678994,8.083893048036868,7.893795825184702,7.602836427588584,7.21034934673301,6.719357477756011,6.139516122530755,5.488664710519249,4.792025363448925,4.079196782170483,3.379505283042258,2.7170633213644266,2.1069924136699485,1.5536864059552493,1.0514872337477201,0.5873660342524261,0.14479185247510923,-0.29195870062906915,-0.7337625935199814,-1.183525121143989,-1.6343163845731772,-2.069521125107995,-2.4649914209884307,-2.793364978563276,-3.0298678784822393,-3.158518273971487,-3.177297350847723,-3.1005917691563876,-2.9576292998653315,-2.786716154545484,-2.6260135124189867,-2.5030214034915828,-2.4257352615649084,-2.3777663991796656,-2.319939813030222,-2.198026851373466,-1.9556676666787454,-1.5494206034117934,-0.9622078147313866,-0.21192178711607332,0.6471618546760906,1.5309866320255885,2.33879440726483,2.970625511948287,3.345907613847767,3.4196867180024086,3.19479344455307,2.7267255874791814,2.121360712028313,1.5232529432239648,1.09499998900971,0.9882824362718213,1.3098651812805973,2.088857109139802,3.254858203863833,4.635150381855539,5.9798070038305395,7.012468780338312,7.498994053878539,7.316850438131022,6.501244880106388,5.252852667446176,3.895742169974191,2.795168162503356,2.257118639845461,2.4408069551301916,3.3125541398103993,4.659001394801753,6.152922746387306
7kg_16bpm,10BC,0.5232732491833285,1.4972060649006658,2.802702252507223,4.2967543208027115,5.819503235794052,7.21724938207745,8.364193105611898,9.179420356583838,9.635676425426047,9.758454483578573,9.61536470628491,9.299255129085175,8.909017617138769,8.53198013415591,8.231583546401234,8.041890335385402,7.968733062882288,7.996327648901677,8.096555149822617,8.238225995367415,8.394333325615746,8.54593026348873,8.682595820088165,8.800357114895373,8.898347358979732,8.975706758215372,9.029746164983177,9.05572161782751,9.047970448848911,9.00162679225152,8.914107118875421,8.785725742975133,8.619197189570825,8.418258139972373,8.185850009641454,7.922460187767422,7.625147477661687,7.287548417005744,6.900984949407642,6.4564890920620455,5.94726479791919,5.371026263380605,4.731486784457346,4.03848799936709,3.30663718430671,2.5526439871321926,1.7920204437093012,1.0360767294295643,0.28998874788790935,-0.4474251933503279,-1.18212540970603,-1.921911346909682,-2.6728045172198716,-3.4357427891283505,-4.204460733406271,-4.965073255315174,-5.697600619827716,-6.379104417337311,-6.987657849474293,-7.506338121026495,-7.926286426588412,-8.248259539850267,-8.482569723551176,-8.647566309211426,-8.767136104305541,-8.867914987287401,-8.976632327720868,-9.117879656812013,-9.31238910658203,-9.575648059644422,-9.916625638432613,-10.33649060407805,-10.827176367932662,-11.369861721960442,-11.933802796386459,-12.476061782609221,-12.942699699438874,-13.272164275393541,-13.401391646137807,-13.274425197918436,-12.853035100740598,-12.127833235912753,-11.127425053242535,-9.923395321700593,-8.62886120744254,-7.388683830674946,-6.362262583426707,-5.701141824714188,-5.525227468082674,-5.903102915214575,-6.840384189486781,-8.278303816510297,-10.103276562698882,-12.164249234713527,-14.293476423666771,-16.326705442660245,-18.118967144364202,-19.554290952487815,-20.549834576356968,-21.05536484717453,-21.051272263649018
7kg_16bpm,10CA,-21.887246945611647,-18.287333133500635,-14.04676427577281,-9.914161172456353,-6.532836353303471,-4.310075797965963,-3.351583303906155,-3.4729978444368244,-4.274822107839627,-5.259010997696487,-5.955087981677887,-6.030388215366969,-5.361049077178794,-4.05656654232217,-2.429100087679396,-0.9171505201957071,0.027804368112330398,0.06658797811598098,-0.9214089169727695,-2.7820634244755182,-5.106457329572184,-7.327331519712251,-8.87112600097285,-9.318221473999616,-8.523625420742286,-6.653699263690469,-4.133721209974614,-1.5194900470741208,0.6590560723830966,2.0334473214389903,2.4726927017735374,2.080321433144094,1.1271378679397612,-0.05252367610231466,-1.160883819199099,-2.005082391903902,-2.5183466981500833,-2.7399619232133805,-2.768438792476064,-2.709958110285977,-2.6388152047337297,-2.579200449998404,-2.5097759650272295,-2.383347579410369,-2.1522466156445543,-1.7888971309968085,-1.295603464033764,-0.7022012910111732,-0.05500283190946944,0.5973737785437097,1.215934872766596,1.7775092586469248,2.275043570190024,2.7133363936672406,3.103432417536639,3.457980446926666,3.7889747239464246,4.10741530710337,4.423339949275596,4.7446598745060795,5.074470164374927,5.408001847454695,5.731447864230466,6.023967909871044,6.2627184899317,6.4287908433874055,6.51149087023457,6.509495328308904,6.428753685171234,6.278670998148656,6.06824878030254,5.803833071841,5.489377619663508,5.1293068764730565,4.733029137495237,4.318976949518529,3.9159302008093904,3.5595498024368717,3.2841194584825506,3.1114087085439035,3.0403986507761886,3.042560672199189,3.0655620360878686,3.0461961105227338,2.92918232006238,2.6863298953052825,2.328589582668376,1.9059585248597035,1.492430840312601,1.159262393326437,0.9437929171333066,0.8234587465011038,0.7061198969560868,0.44205730384217806,-0.1401962494775858,-1.1817665460362756,-2.7370430210135237,-4.730660621374652,-6.9424040206436235,-9.031626563832036,-10.599489980007547
7kg_16bpm,1AB,-6.05697457073311,-5.066889622597797,-4.747208536599374,-5.1354334571837885,-6.081550476178972,-7.319344395590954,-8.556082744876688,-9.55505871511191,-10.185239221357644,-10.428328522155505,-10.34683827885195,-10.032828805667622,-9.560124298666496,-8.95846878896178,-8.216171790165605,-7.303084891464907,-6.200018573790741,-4.920048649871167,-3.514678333331429,-2.0649266179506474,-0.6631038583952693,0.6077180381356873,1.6906120763345978,2.563557494071012,3.2391760090521746,3.7555360121858605,4.161793920307,4.502653996643563,4.806464823443737,5.079736206528369,5.309217777313805,5.469706832350761,5.53479854805555,5.486967543292129,5.324118763505037,5.061343892568666,4.727667582216619,4.359314217797712,3.9913548114773545,3.65007568642794,3.347612510572877,3.080151159284365,2.8295762015489534,2.5685867584945603,2.268180021913104,1.9064829343479384,1.4770534511679017,0.994362152721806,0.49405862108121407,0.026766134261014436,-0.35378584903120597,-0.6048455224717229,-0.7057505794565911,-0.6623604736121088,-0.502957909789147,-0.2684085822971656,-0.0005886297240938164,0.26609819912170346,0.5076845948132895,0.7082417441275534,0.8549135071489459,0.9340268716310258,0.931076446185099,0.8351620849428137,0.6460269104424748,0.3800946271189057,0.07211278813891688,-0.22971883150729294,-0.47417701299342274,-0.6196993031306186,-0.644194723366014,-0.5483084412288804,-0.35032901974043573,-0.07550142079230752,0.2554869833894628,0.6329325592650354,1.0556963135877804,1.5205190535138715,2.0078412399089736,2.4722361375676463,2.844357305677306,3.0478530510290067,3.027658929442982,2.7795219349938733,2.36842458967259,1.9234153830353113,1.6060522942499103,1.5577755877225767,1.843830484346246,2.4141669067882137,3.102341203764829,3.6688918612698234,3.882560262405045,3.613683090927822,2.9034810484166296,1.9796932231854045,1.2014953105002213,0.9492315165149042,1.4936651753457615,2.8956946716548964,4.97074439712474
7kg_16bpm,1BC,-3.4778353883231583,-1.7783967518288657,0.2470533649092972,2.3577781116629333,4.341403813782242,6.035826733912746,7.340404568047759,8.218003289529623,8.688336851074755,8.816114669741733,8.694436927804812,8.426898585083835,8.110704387143567,7.823680977789979,7.616688224133803,7.512569373181407,7.510026444856417,7.5913471206265735,7.731341767599356,7.905383774275845,8.094697708728484,8.288006199262961,8.479550462466985,8.664942760655839,8.836705124915637,8.981389614348444,9.079257313133642,9.106572141864946,9.039456873523433,8.858166408115778,8.550841342808875,8.116211478308085,7.564898591583231,6.919348565783782,6.211908725276563,5.4814046134141,4.768310005896258,4.109221925013261,3.5313722636072167,3.0482507144400737,2.6568866029942897,2.3379468750410224,2.058548514856252,1.7778197417501813,1.4542551823484462,1.0535363314088668,0.5551191017968532,-0.04344081049918043,-0.7256498797180296,-1.4585328639617494,-2.198056581145523,-2.8966981507587795,-3.5119309002203334,-4.014233090196214,-4.393377138479931,-4.66123463927575,-4.850114529257335,-5.006402270130795,-5.180183218845071,-5.413306770641519,-5.729141505770542,-6.126936496090291,-6.582906607585137,-7.057905701937987,-7.509100566600743,-7.901958929253188,-8.218634831377504,-8.459892916062644,-8.64045106477331,-8.779677560611407,-8.891228166514862,-8.97537911862621,-9.01703180541244,-8.989800353945204,-8.865148973226956,-8.623712576239337,-8.265715152115845,-7.81713161317879,-7.330173735108434,-6.876576002789616,-6.5348954199631875,-6.3738591748604865,-6.4357188586475855,-6.723627488247287,-7.198189941513894,-7.784507071768038,-8.39022609828684,-8.930335311160421,-9.352571790891442,-9.655366822468675,-9.893096216996074,-10.163965455783675,-10.583152146264815,-11.246505046360157,-12.194773348515216,-13.388224790614005,-14.702330105818117,-15.946289520443518,-16.90355791040266,-17.38310805073576,-17.269577593186565
7kg_16bpm,1CA,-6.993100269804373,-5.4453778106793695,-4.761631775299772,-4.710620848193537,-4.9306861970941815,-5.079515820706888,-4.9397594226963415,-4.456972080307115,-3.716276565731516,-2.882594766205513,-2.1328858865977094,-1.6014369059479403,-1.3491160926069026,-1.3590032788983422,-1.554756835077066,-1.8334599871906148,-2.1016876097610067,-2.303464207690249,-2.4317081384811834,-2.51991287369771,-2.6171981605893175,-2.7567809147564177,-2.9325965520936634,-3.097176106873983,-3.1842228329064164,-3.1454366301079806,-2.9813337260389763,-2.7475293089151593,-2.531554907750727,-2.4120056783775814,-2.421190819962115,-2.529335647916493,-2.656207654923373,-2.7027863625677777,-2.5884077206840175,-2.2792269146138078,-1.7991213496714287,-1.2208134842701124,-0.6407283405534789,-0.14563236525820808,0.21798684347407765,0.46058477285184934,0.6450863762074539,0.8620164165457381,1.1935067091040295,1.680328928880394,2.3048226687921174,2.9963315090401044,3.656970402993918,4.197310195401464,4.567000971485049,4.767321812392662,4.841188990302116,4.84733465797114,4.832981037229593,4.818434970761379,4.798449255989509,4.755322069708435,4.674126076395865,4.5519903499149486,4.398166901139864,4.226793011993022,4.047896634624928,3.8628064504424313,3.667409216974515,3.4620096062032384,3.2620666528505318,3.102047015692208,3.026778941879028,3.071042950880755,3.2356992036811802,3.472931532498246,3.6907582188852386,3.778392954330387,3.6437836400979284,3.248621682660469,2.626813028102134,1.8784826331338138,1.140425618739895,0.5426873514524728,0.16675414972680755,0.020735701078898678,0.0409531180035957,0.11976053724348554,0.1497752810936896,0.06828492075303752,-0.11533321349586455,-0.3211634581591743,-0.43165044829071014,-0.346644494210251,-0.041572364396233755,0.3946926904944635,0.7615537410942833,0.7949372549992115,0.25198986965839576,-0.9940238269026728,-2.883234428723578,-5.152992347134826,-7.386770531096731,-9.114031735527425,-9.928188054485457
7kg_16bpm,2AB,-4.104646208898381,-4.732348577743755,-5.623776539841604,-6.649752638560675,-7.692382326674877,-8.645219888912,-9.412739966220599,-9.91561672178412,-10.099752792942597,-9.941813889713766,-9.446407846949636,-8.636034508681373,-7.541458026895381,-6.199399661962429,-4.6589275020168746,-2.9909446737341776,-1.2920039784159814,0.3236715369531273,1.7433382370633341,2.8795290514724483,3.688567738656015,4.176526542749321,4.389653784785468,4.394454707211343,4.255719924557752,4.022007490632194,3.7229875700140784,3.3772955743582846,3.003823024303126,2.628667301474268,2.282871463293092,1.992302682028128,1.765678498001577,1.5887148957534056,1.4286209898053646,1.248157152304362,1.0226584584750853,0.7524208126115721,0.46444068401882566,0.2029676285501727,0.012555731897611663,-0.07946706804834315,-0.07444076188020884,-0.0033627818268646523,0.083069024029868,0.1317414554459771,0.10600620699117698,-0.0006088926511908302,-0.1602224539937455,-0.31794825469638077,-0.4079018473715605,-0.3730928149669276,-0.18240325028406837,0.16024724268842302,0.6174039155144785,1.129003343011847,1.628841844437741,2.0613614441085226,2.39359005299545,2.6192412892867147,2.7541613717900066,2.8259193378227176,2.8617270146123897,2.8798168000610787,2.887011323988121,2.8824053051589495,2.863888661608702,2.8337551254083633,2.8007028745115257,2.778119713151151,2.780235486094661,2.8183719113649977,2.898449162186708,3.0194878832582814,3.171803131415273,3.3339466641350812,3.469493449451037,3.5265701631374817,3.444003496699987,3.1659738474992096,2.6629362840716624,1.9520252025634361,1.107450824489445,0.25409661809600925,-0.45816741342436773,-0.8927547070676098,-0.9667386737125914,-0.6794613754386104,-0.12073080873201816,0.5461544194208113,1.1235573250782243,1.4328831563145585,1.3702900287269615,0.9491004342896632,0.31422026536869413,-0.28488482331367604,-0.5607891549985966,-0.2799143109359821,0.6537686744093972,2.1557859101846764,3.9828045129397465
7kg_16bpm,2BC,5.468130187649402,6.363027273772067,7.133144981344157,7.768248208885367,8.263361508160763,8.615485437384336,8.82336623625133,8.889181663169978,8.82094523010014,8.634245903385612,8.35242877874051,8.005140607348512,7.625582014064653,7.247265623670552,6.901070390100257,6.6129816912863255,6.402695776723097,6.282807103152292,6.258247919657811,6.325918318869323,6.474489099481307,6.6846790096833,6.930635314300943,7.182746251197068,7.411865149029537,7.594392094863834,7.716863538420146,7.778700634066058,7.791896748754741,7.777121640558648,7.757177152941167,7.7492877459140725,7.758576108394534,7.774757514881361,7.773158707396891,7.720280367200644,7.582256892626901,7.3339499450342425,6.96605023927152,6.487988192565455,5.9260675256365,5.31715020721977,4.699638134562596,4.104249684308704,3.5466488629684503,3.023861038996907,2.5148455054400434,1.9848024856533941,1.3922851286947617,0.6973551594752002,-0.13045352089691908,-1.1055568208111597,-2.222015388557566,-3.451785717916243,-4.746133223464598,-6.040426636782247,-7.261788425938879,-8.339041389498112,-9.21332229911671,-9.847441873389233,-10.232305111551963,-10.388448689069643,-10.362580180823894,-10.219711379580742,-10.032062804687907,-9.867192843423583,-9.777385093026021,-9.792293567604716,-9.916300809973817,-10.130547441405838,-10.399146676301992,-10.677930721026534,-10.923180908919775,-11.09832896646186,-11.176907605518807,-11.141627752654518,-10.980791619738369,-10.68424616180703,-10.241578227283366,-9.644374492558711,-8.892832467788704,-8.004839663483654,-7.024387062980818,-6.025259503563622,-5.106722466410327,-4.380862128195155,-3.953174238274808,-3.901297728635068,-4.257699467046092,-5.001043458838165,-6.060028303259617,-7.328235579953579,-8.686180986778078,-10.024826779294687,-11.263770093161943,-12.36015119994676,-13.30653100286813,-14.119710561409555,-14.82539727907192,-15.44369182874577,-15.979447452961157
7kg_16bpm,2CA,-19.894669567960804,-17.44923831226061,-14.490684823370174,-11.368586375641193,-8.4402749556679,-6.003131149163547,-4.245070718350672,-3.2218601735210832,-2.863586802866336,-3.0063734410164535,-3.4396352339160825,-3.954547073371938,-4.383663620241837,-4.623847023468172,-4.640300153763898,-4.4552589775712965,-4.126805110054121,-3.725093794960145,-3.3129759959703473,-2.934530203472679,-2.6128178734363896,-2.354784523960851,-2.159473900850505,-2.0256875308662736,-1.9559587734684232,-1.955861226419482,-2.0296400810499495,-2.174599017819357,-2.377066202781318,-2.6118231359311217,-2.8457060414336453,-3.0443389389745423,-3.1797934300306063,-3.2369069249713194,-3.2160685136636156,-3.131786989301066,-3.007556003534743,-2.868448713687686,-2.733789299389247,-2.6119304448807052,-2.498451880742044,-2.3782886939425323,-2.230774801359966,-2.036091126761841,-1.7812040456309588,-1.4635182893715892,-1.091451852475319,-0.6819128079793546,-0.25555853246975707,0.16853186432195608,0.5773712816609674,0.966505375759617,1.339890233285479,1.707511412012168,2.0814636124044945,2.471684543419972,2.8825213097941704,3.310906338064851,3.7466496891358605,4.174580888052085,4.5778632705131255,4.941573747016588,5.255481896806574,5.515367021960114,5.7226953443140225,5.882948287526096,6.003503332976501,6.091947302386728,6.15543741828785,6.201163366459946,6.237323809469229,6.273705978861822,6.320984335408479,6.388415612510121,6.480217737797394,6.591672702782077,6.706435120371395,6.796328260003268,6.824646090274282,6.753100556485554,6.551205568944921,6.206291704787229,5.731203681542743,5.1669086032498175,4.5782952167467155,4.042335204654189,3.6300764299420374,3.386088666592286,3.3096383543614207,3.343597979142677,3.375274279841535,3.2510189673213823,2.8043597736426324,1.8927365661011653,0.4352724139719733,-1.5562769781216643,-3.962952705659971,-6.564563533913143,-9.066477192420795,-11.143490720614794,-12.494628316037767
7kg_16bpm,3AB,-17.926232132769968,-15.162449426765692,-11.679598361981588,-8.221678121461562,-5.420229936788181,-3.672714032706197,-3.095820415607426,-3.551427076538765,-4.726808754285445,-6.23575617370744,-7.712208533765253,-8.874412274121415,-9.552524768972901,-9.68591728976951,-9.302523854241867,-8.491572408363298,-7.376535004515301,-6.088420297469342,-4.73992788312803,-3.403375066729079,-2.099079786769403,-0.8004087747494759,0.5434083738664327,1.9736414732948717,3.4902026760445892,5.033714131268594,6.48978344276841,7.713795496275135,8.568657915415056,8.962255532407996,8.873604899576327,8.35832983687467,7.533749324046412,6.54720780704681,5.53899217974275,4.610458664703997,3.8073668384325847,3.1212981193885465,2.507754088760432,1.91238531570011,1.296441900805049,0.6527696629933222,0.008136324456270466,-0.5876941988080634,-1.0810952431005556,-1.4345414683830826,-1.6403845312333207,-1.7234381770763745,-1.732425059742464,-1.7234262242323908,-1.7417135172871014,-1.807681219740449,-1.9115445675922527,-2.017193354607552,-2.073913873382051,-2.0314970658192086,-1.8546054490978108,-1.5323025982492446,-1.0811234429802647,-0.5412251579317592,0.03210235015020954,0.5794257813555888,1.047649114353342,1.3980615329732113,1.6105213999888757,1.6837986224955743,1.6324923379866896,1.4821426724634639,1.2634546354545348,1.0067431708435366,0.7371013317460655,0.4712495432135537,0.2171497560155479,-0.02247369320773678,-0.2430383524607708,-0.4296213937028156,-0.5510228984298472,-0.5606266449699692,-0.40607351759386096,-0.046370057458157234,0.5293235537541154,1.28810734196208,2.1524484297666864,3.01371167936686,3.757896417036184,4.294536604929755,4.57862451201097,4.615816833923492,4.449423144448523,4.134311582022117,3.711688092608534,3.19904331556193,2.603567949462269,1.9551216460426293,1.3409670418179778,0.9202113914874992,0.8988752210115495,1.4665912361593827,2.7143696403331643,4.569849803243679,6.78169632426963
7kg_16bpm,3BC,4.833393711764768,5.874039002998267,6.785963249443699,7.525206403118375,8.072892145434393,8.4290972133061,8.60722162190778,8.629127816322027,8.521730995368978,8.3146491538606,8.038427689371707,7.723029957445871,7.3964575167020365,7.0835802379332815,6.805352253703197,6.578427942947553,6.415069874380105,6.32317762958617,6.306167733325455,6.362554839408319,6.485344707973808,6.661659063740315,6.8730481625671285,7.096967384019619,7.309651836818997,7.49000597869961,7.623706775694006,7.70648024461938,7.745325908874264,7.757177723592911,7.765071657864138,7.7925064017221635,7.8574302964358,7.96730106189978,8.116284536291882,8.285363671211798,8.445073147787483,8.560114021854954,8.594923004057122,8.519043960872752,8.31143593526957,7.963275404690531,7.478842377364148,6.874563266510602,6.176488191497046,5.4164477016499895,4.627358284528712,3.838383920491808,3.0705316113192342,2.333481672405754,1.6243227686661683,0.9284526228192614,0.22272094964291705,-0.5195392795139522,-1.322627139611387,-2.202775569187942,-3.163857207523581,-4.195511597615274,-5.273897293471697,-6.364844715018498,-7.428758537414311,-8.42607352279341,-9.322375048341662,-10.092523787278934,-10.723310497957906,-11.214702417419474,-11.57981295479201,-11.84355549783475,-12.040168962607192,-12.209699410594016,-12.393381733839073,-12.628088945658574,-12.94019418520414,-13.339219950035655,-13.812273346471754,-14.320519911160346,-14.79884504269783,-15.16008755646342,-15.304884572128499,-15.136510825042476,-14.579442350862712,-13.598724372337399,-12.215689376895991,-10.516278218411799,-8.648611728219034,-6.807432426854235,-5.207555138154573,-4.050327986213532,-3.4892113556529085,-3.602758078836707,-4.380735784497765,-5.726558796499714,-7.476755363042204,-9.432086957799058,-11.392918998248286,-13.191287632837893,-14.712024797190383,-15.899627750607795,-16.751358039453397,-17.29972148380335,-17.590382523812806
7kg_16bpm,3CA,-17.918679691402602,-16.906136692026358,-15.400957121710741,-13.579316338943524,-11.668471611403689,-9.898090341028634,-8.451745194046238,-7.428440054716207,-6.824791366407044,-6.540963073472044,-6.411549911558984,-6.251522466998851,-5.905558225408953,-5.285820580248252,-4.389152215933524,-3.290043167502145,-2.1151061984523563,-1.0070436256246378,-0.08956422214093993,0.5581096119383534,0.9115818660737083,0.9958316234820852,0.8677416907305778,0.5942767492342,0.23410065694506701,-0.17173120363073424,-0.5987662198988398,-1.031534893984692,-1.4550040197710072,-1.8504585109500769,-2.1977256159279883,-2.4818887733804007,-2.7001020687419994,-2.8639756617672956,-2.995662669475645,-3.11870065467363,-3.2474834940160706,-3.3794643987376807,-3.493597043382092,-3.555377298376014,-3.5270939777808494,-3.379433866234634,-3.100778472595177,-2.701092561197165,-2.2097597949350405,-1.6680901594406599,-1.1195077495484842,-0.6004925218718499,-0.1350684672895673,0.26609840383889577,0.6027369608220118,0.8803915681205322,1.1066700721888258,1.2901386093404372,1.4420138195438843,1.57916496255201,1.7259008913454008,1.9122326230410465,2.1679227369738756,2.5139292151214816,2.954377484984476,3.4728017581862813,4.034317648126673,4.5935422913518975,5.1053706987904155,5.535082751566109,5.8643249409032565,6.091880794796136,6.22952323598154,6.295462943099067,6.3076767493947035,6.2791731986822095,6.215789344606812,6.116301964490693,5.973784561321751,5.777551651289106,5.515323081393894,5.176040649409113,4.753793246963081,4.253089387349174,3.6944610664466064,3.1188592122032124,2.587763334546494,2.1767577063727255,1.9605171449042214,1.9902503661617845,2.2667574849785352,2.717078327163985,3.1824004995551456,3.428384372895512,3.1821873127650635,2.1971525871243704,0.33298605965349304,-2.3673644616860847,-5.634416268485602,-8.982641083516853,-11.79120568185466,-13.440122084863109,-13.471764582420144,-11.72649305709229,-8.410542020643712
7kg_16bpm,4AB,-12.091495804807792,-9.788387663530013,-7.506131680377047,-5.664184810682648,-4.54487574938126,-4.247999834687061,-4.690669354033599,-5.651383198242887,-6.837464656413251,-7.958798749994311,-8.787815854784869,-9.19322543508168,-9.145538481213862,-8.696973113978483,-7.9483382030232494,-7.013148423494364,-5.989870686610389,-4.947177062714017,-3.922190086104758,-2.928290458577904,-1.9664601431381439,-1.0354893648396402,-0.13784085421323275,0.7191663447361756,1.525299706164299,2.2701205258949892,2.944470842696748,3.540121393085351,4.048374248975735,4.4591814058519015,4.7620660341374474,4.948990063967549,5.017949302980705,4.975546298610005,4.836988107643957,4.623326998687577,4.356971997346316,4.057360254841484,3.7385700993159214,3.4095028342490687,3.0761194981398448,2.744128954228921,2.4205368657197224,2.113280114068069,1.8293654253194251,1.5727691878930594,1.3434147367835139,1.1375728753336969,0.9492132306373099,0.7711351962306365,0.5951618063176517,0.4115137586326639,0.2085122302276076,-0.026041490833013773,-0.3011097693232408,-0.6169850502579601,-0.9605597383914964,-1.3037223967888747,-1.6071089286701228,-1.8286963151661633,-1.9350603748015907,-1.9115661346208719,-1.7675914988469188,-1.535141071778365,-1.2605463481595869,-0.992114385558623,-0.7671466299243578,-0.602157366203735,-0.48921005122267497,-0.3991567425816463,-0.29131994172742265,-0.12671668087840654,0.11876230425476196,0.44539232734289724,0.82801864242501,1.2227319343513554,1.5804016882219154,1.8629176212587046,2.0572178480921726,2.182195569141357,2.2860040633816263,2.4340594848810673,2.6909759929853165,3.1015053134407236,3.674835263398161,4.375910164090684,5.124360594503133,5.801731053295773,6.2663519656300455,6.376403123370577,6.020925316856741,5.155066231102115,3.833558884543875,2.2282675522684476,0.619481241576898,-0.6494463752934962,-1.248613735735632,-0.9511012635148604,0.29087258743659405,2.3161353048764277,4.78156690577546
7kg_16bpm,4BC,6.503705302916123,7.661959444089338,8.44881538343705,8.861160289012917,8.959174210527857,8.837365497848698,8.595715415798088,8.316671786287884,8.052481421504455,7.824379690206175,7.6308560015612015,7.460207763838676,7.302491909498294,7.1566509562298695,7.031459500867779,6.94115318465734,6.898647216580731,6.909603457618681,6.969737892669051,7.0662761016029965,7.182537967583617,7.30390472455164,7.422926017247531,7.54198281263248,7.672734676854635,7.832343644188216,8.037578240347575,8.298080550033239,8.610672929584481,8.956223249724458,9.300058797925995,9.596513352759223,9.796648159265272,9.85776886985313,9.752540799981073,9.475336685886996,9.044219461008858,8.497157190790144,7.882979937852033,7.248901070131592,6.627458408323087,6.026846017054298,5.427528251872623,4.787203238131409,4.053602853269085,3.181805718876062,2.1515487270555123,0.9786047802096366,-0.2834069667912611,-1.5523449852589337,-2.736255719291423,-3.7557941201403624,-4.564440485380076,-5.159904298293774,-5.583918938089146,-5.910771905148246,-6.227540175551481,-6.612314679255025,-7.115610770465098,-7.749751228815552,-8.488064355765571,-9.27294833597442,-10.030825904812872,-10.689727630940892,-11.195650861295913,-11.524211262490784,-11.685029229811636,-11.718661507691506,-11.686513657286593,-11.656081640458684,-11.684874253026415,-11.80609706985747,-12.019641927277185,-12.28998143844956,-12.551794141029603,-12.722759046449294,-12.720465674747981,-12.480377068709732,-11.97045124024697,-11.199198726794108,-10.21546959792152,-9.099239012709797,-7.946293782374344,-6.850507207308643,-5.888470471834972,-5.111054824844979,-4.5441243446305775,-4.198737867050955,-4.087283636390826,-4.239978841287214,-4.714916973784571,-5.595597987283777,-6.973536825533923,-8.917108006047703,-11.434002459841656,-14.437044678707016,-17.72506820758177,-20.989893232148646,-23.85126936435862,-25.916527442205293,-26.857243064339762
7kg_16bpm,4CA,-15.383049739164921,-13.626746500399957,-11.914380883394324,-10.420935767165169,-9.24763246177758,-8.417826029034826,-7.883512460139887,-7.539712669590619,-7.247095937620221,-6.860492832327563,-6.26113695006055,-5.386947873365756,-4.255109901269853,-2.969401785888917,-1.7072425069927841,-0.6869341791244895,-0.11830458099483433,-0.1477769720192471,-0.8104187395463734,-2.0054582764005797,-3.502457477695231,-4.983258014115118,-6.11052668523115,-6.606857950941803,-6.322275738000228,-5.272461057437747,-3.6364915034071017,-1.7131517784671637,0.14895606476639667,1.6303510630522409,2.5062351812915633,2.6849537453791914,2.210011102720791,1.2327930630467951,-0.03463234683835616,-1.3713667326877887,-2.5907769058878247,-3.5661959106103502,-4.237194572728296,-4.599880090775315,-4.686817744807294,-4.545467858438621,-4.220699725655786,-3.745444186682939,-3.1397450241239255,-2.4164013274631504,-1.5894115071688253,-0.681780272282765,0.27021782085119916,1.2173154222163067,2.102205920683704,2.8677709392513355,3.466883609310856,3.87152628937549,4.079565087991064,4.1174788836769585,4.037766365800226,3.9114544434223824,3.8160273360579913,3.8211618569026653,3.9747375026246115,4.292721000624568,4.754913138629955,5.308463700880764,5.878776424877835,6.38522202426655,6.758307364372914,6.953936896285587,6.9616428029338095,6.804433435485312,6.531526101426748,6.205583854457655,5.888225591950131,5.627100401269321,5.447470366941412,5.349380242064565,5.310562393888743,5.294177043476527,5.259107002264611,5.170792321405293,5.01004881723382,4.778129293678486,4.496238795418928,4.199687704950106,3.9272001423981906,3.7075794166792804,3.5463879976649877,3.4163901077953605,3.2545772420182852,2.967867871234622,2.448538109113119,1.5971666122792734,0.3495131185282865,-1.299000493085086,-3.276466099124661,-5.4326973851142,-7.553764611896329,-9.392618333580469,-10.710673120024742,-11.321253256448953,-11.126825812919051
7kg_16bpm,5AB,-7.138789560428837,-5.526248713868212,-4.553239523861629,-4.2817494766690505,-4.635279954878771,-5.441329465415819,-6.4842287508882945,-7.555974455432279,-8.492268349584291,-9.188060245765255,-9.595782430686633,-9.711031739408389,-9.555183171966306,-9.160384459338138,-8.561060927101945,-7.791633273183643,-6.888015842996665,-5.889379853553953,-4.83756666225713,-3.773258080324533,-2.7299927990218054,-1.7285329351937073,-0.7738394439824042,0.14318343530051159,1.0394474159683411,1.9303688158854715,2.8207369266503,3.6993870753678797,4.539594768297022,5.3056156948537785,5.962572677756789,6.485835560834403,6.866298374438708,7.109374996907638,7.229003046202428,7.2394011679607635,7.148426219917277,6.955202897155711,6.6523656670472295,6.231643912182501,5.69020624629892,5.035317265192107,4.28608000581864,3.4717232018486124,2.6275881403541015,1.7900409216232707,0.991963952500923,0.25993107315939235,-0.3867925134204417,-0.9357614829292836,-1.380572131670221,-1.7204262693209789,-1.9604422493324487,-2.1119401539007154,-2.191832598000258,-2.220034439103382,-2.2148964394698414,-2.1877066420558555,-2.1381119322602657,-2.0529319934516415,-1.909426952132053,-1.683120866598168,-1.3580228914726589,-0.93582240752554,-0.44102781051422146,0.08075803816771435,0.5709035145502745,0.9704873062547781,1.2338726587107764,1.3390349740685945,1.292393655117485,1.1265355353578395,0.892800845197355,0.6505825443764847,0.4565989253646482,0.3562527628112725,0.37799969889007434,0.5312519341934538,0.8068621642193236,1.1803625214661346,1.6172789661120224,2.0807462924170825,2.54045132789704,2.9807513055531456,3.4048364525496284,3.830679960222866,4.27711138388242,4.741916858549274,5.1790257988541715,5.487454034566142,5.522285680987773,5.134274494748115,4.231209538745611,2.8406447359413796,1.1497210072827766,-0.5058094533058379,-1.7077827534842078,-2.066422469783607,-1.3412341243104728,0.4733756730055294,3.1244639434670156
7kg_16bpm,5BC,1.9207805179942374,3.3681941438971332,4.857584259170804,6.260960940682507,7.478384757244175,8.443117386204722,9.122960005736218,9.517558366858767,9.652926827738426,9.574148349014786,9.33747286575509,9.002761959317219,8.627091315004042,8.260071960296877,7.941135086055079,7.69867566974888,7.550530757594408,7.505143802286639,7.562802721412287,7.716557912533802,7.952776039386246,8.251597703865224,8.58771166424274,8.931847832654785,9.253162880488748,9.522377929169982,9.715202924369878,9.815361605511784,9.816585198130637,9.723137345400344,9.548756883461039,9.314251671344836,9.044222551094194,8.763564891232045,8.49430755782517,8.253152028903877,8.049868207456438,7.886518349296841,7.757419947399957,7.649699693538727,7.54433973226113,7.417691900717012,7.243450807029008,6.9950506217568105,6.648352153716261,6.18436307587246,5.591667653528459,4.868200446703411,4.0220400041010045,3.0710119626970087,2.0410297588151622,0.9633873058144194,-0.1286483854053369,-1.203472414027273,-2.234469331795853,-3.2025129109246464,-4.097183421043592,-4.916525894280458,-5.665423147756157,-6.352933527643625,-6.989177826175129,-7.582483783942802,-8.137493747214599,-8.654697049727535,-9.13149788189547,-9.56453803657164,-9.952637819860476,-10.299475814198232,-10.615069427917716,-10.915386896645906,-11.219825663817197,-11.546812687041776,-11.908284411330062,-12.304228856076545,-12.718684414629752,-13.118366699563378,-13.454736148606015,-13.669739899092413,-13.704806234056715,-13.511974406953131,-13.06536960336101,-12.37102683878561,-11.473064858669932,-10.454565710575379,-9.432237852714731,-8.544816948039749,-7.936589682574331,-7.738362521974421,-8.048747044463026,-8.918773164026774,-10.342323921773968,-12.254217390030846,-14.53603438679526,-17.0285062156996,-19.548411832923378,-21.90739462965059,-23.93020733273927,-25.470187731191036,-26.42090737174759,-26.722649194625664,-26.366657570186195
7kg_16bpm,5CA,-23.71526039361755,-20.071625208899704,-15.537000805378042,-10.871600165609486,-6.7676899924521114,-3.7176752212827133,-1.9426050487654916,-1.3888723619639514,-1.7879934935194188,-2.7516610798969263,-3.87789451685162,-4.839567330636147,-5.437902162183633,-5.615809969451109,-5.435529373559803,-5.031562537190075,-4.555988538506051,-4.129704423107322,-3.8107611661707295,-3.5864465680422106,-3.387970702249218,-3.1222838134680972,-2.710903067365858,-2.123965328883846,-1.3979570289019327,-0.6326178672526421,0.03406351699043027,0.46447652510095994,0.5621534614768943,0.3012714553680164,-0.26352682248771253,-1.0119773239840504,-1.7910332917041483,-2.456437001105809,-2.9094422093216417,-3.117842490005834,-3.115512047837783,-2.9832358644713732,-2.8173410473662686,-2.6978209845182946,-2.6657153128363222,-2.7152882626310264,-2.80173739584069,-2.860026251701033,-2.827289298363952,-2.6614800602992275,-2.3512506654316714,-1.914643804776558,-1.3891184419912046,-0.8171693496360756,-0.23320352592990026,0.34395382665062807,0.9107870907196336,1.4726999665233977,2.03484562361165,2.594719069402206,3.139689937892224,3.6502673980276605,4.107294611773922,4.499765592008494,4.82998861272097,5.113629549478488,5.3746986214238,5.636987553525862,5.914975931213099,6.2072056101885345,6.494699467176695,6.744716737443457,6.919280034647083,6.985827498538055,6.927046496355301,6.747066671622211,6.4724416033519425,6.147159540322117,5.823309777220231,5.549283572850146,5.358393828674084,5.260647705755793,5.239606490451381,5.25509213122726,5.25191698651562,5.172745113894533,4.972775282772843,4.632978520358458,4.167948921602863,3.6254080238062842,3.0759202592677113,2.5933651915698106,2.2300551311284695,1.9930516048434215,1.8282066456972557,1.619655766207301,1.2080883822409947,0.42714024113836874,-0.8483553912603683,-2.652567817122777,-4.893283122793267,-7.340791865633337,-9.651779729417434,-11.4260228173024,-12.288605178363811
7kg_16bpm,6AB,-9.017199577426426,-6.321218450802061,-4.278153779034786,-3.196389206029801,-3.1699923953274216,-4.082001965954384,-5.649244200651978,-7.499208302482534,-9.25709253818241,-10.621455884828952,-11.411348715714949,-11.579573566486271,-11.191554361259138,-10.38438951553621,-9.317978486307899,-8.133498145458818,-6.927915625633084,-5.746947407825828,-4.5935881197968635,-3.4458039490348917,-2.2755547072055,-1.0636219415787107,0.19263178956164578,1.478574965399983,2.765745665734762,4.01680361069798,5.189577239809433,6.239808886816625,7.123423199996461,7.799622653378264,8.235438225863106,8.411335979051415,8.325903829324387,7.998210729183832,7.466068025416454,6.7809298070326705,6.000568633961895,5.181778113650081,4.374800722920872,3.6202769321652233,2.9483278982604593,2.3790864017583586,1.9233843746014998,1.5832365234043797,1.351592063925779,1.2118903744189193,1.13785111829946,1.0945347607955869,1.0414787458317152,0.938260390440969,0.7519357977557636,0.46484018632127594,0.0800464640047114,-0.37719505309896373,-0.8637720056880505,-1.3275680854151453,-1.7187762341303212,-2.0003212694495365,-2.154461159433472,-2.183892658594146,-2.1078074566506495,-1.9542366269770237,-1.7515832277484735,-1.521783943718266,-1.2769180152835933,-1.0200747789189983,-0.7495540387362082,-0.4646276677245304,-0.17046586520200144,0.1198071314095611,0.3870336888186829,0.6113824088785507,0.7794030436453897,0.8902849015259965,0.9585222106270376,1.0118224000606781,1.0840947036592747,1.2055041800353203,1.392615141807964,1.6419993377814435,1.9295146693429341,2.216359636752976,2.4600553727635197,2.6273313997009904,2.7047755508956834,2.7030345196832535,2.6528710497712145,2.5935036709965997,2.557144064408285,2.55577800807022,2.576766672609112,2.590833802582783,2.571990141378962,2.5226783773168946,2.492629788208597,2.580917308518516,2.913751703163678,3.6013312483039392,4.687127060874312,6.110484983898025,7.699623567429385
7kg_16bpm,6BC,-2.026823568218865,-1.6725139298970013,-0.4718461776822894,1.3630286428185021,3.555631153632352,5.809334632587669,7.8498668791718496,9.462414871146638,10.516088582635374,10.973059902063236,10.88210324809368,10.358590481169111,9.557044932227818,8.641941237308394,7.761852918298708,7.031212728774205,6.52124696963865,6.259302960291226,6.234604020288455,6.408021020056503,6.722871823681691,7.115068157685055,7.521787372896671,7.888306271518863,8.173023389498038,8.350795877353839,8.414461058448104,8.374094803782894,8.254035969944972,8.087874578831848,7.912003020723331,7.758864813426045,7.651250696558552,7.598629375438581,7.596109905058683,7.626186816879366,7.662524064337284,7.6748424353321605,7.633906589304947,7.51560964778351,7.303506039079831,6.9896016300402595,6.573508120692779,6.060315843645023,5.457910278538338,4.774420649931529,4.016440541448453,3.188513823735018,2.293967673465678,1.336788877821522,0.32395369016081654,-0.7326063024952072,-1.8150665238254353,-2.9001458073875597,-3.960909933205828,-4.969553242306402,-5.9004464087241315,-6.732820875470895,-7.452621106629358,-8.053238027482399,-8.535284396036367,-8.905740972110376,-9.176859192861931,-9.365126727889187,-9.490510261709044,-9.575890298502273,-9.646400227091465,-9.728265393611872,-9.846836542619634,-10.023662536309871,-10.272709104224749,-10.596302908621716,-10.981537837461714,-11.398010868768312,-11.79782244552377,-12.118783481891374,-12.291014618382462,-12.24681061709815,-11.933074351048123,-11.324468979405555,-10.434993355314363,-9.325505797166759,-8.104690430501977,-6.921257172017397,-5.94768852556265,-5.357073703675781,-5.296153197383936,-5.8598577750252385,-7.0724328464641575,-8.878929233986833,-11.149190112438221,-13.69441415166994,-16.292157739535355,-18.715067292758654,-20.758457178525198,-22.262002401311737,-23.123273585556806,-23.30311168613144,-22.824006254354508,-21.762373923142228,-20.238139610828025
7kg_16bpm,6CA,-21.62251414085261,-19.49406457427709,-16.419978376759907,-12.88365184368402,-9.413763001786204,-6.469689454801479,-4.353862715804354,-3.1711326765787238,-2.838761247741056,-3.1383041844866955,-3.789205715946636,-4.519774837340627,-5.1175095329454825,-5.4506639150761815,-5.461964130595265,-5.147768032335481,-4.534967170823535,-3.668612193304391,-2.6132277538741797,-1.463087514166185,-0.34902118242565655,0.5702304175562738,1.1372019729276797,1.2387388029074273,0.846624322048061,0.036016756275682654,-1.026682335376642,-2.126153017667639,-3.0538788135984443,-3.658637120964469,-3.877213898730676,-3.7375174555973105,-3.339067201231408,-2.819418648568797,-2.318062050779737,-1.9468580497803014,-1.772021976071106,-1.8079637156491375,-2.022127158404348,-2.3464572926158773,-2.6936985432052074,-2.9749124177745854,-3.1159906230971575,-3.0707374519538253,-2.827738068058352,-2.4100565741617532,-1.8675115665213853,-1.2634111816247116,-0.6591176507521643,-0.1002719950219978,0.3919449734898769,0.8218957834636434,1.2135177045507057,1.5988262742944268,2.005129106825742,2.445107937615365,2.9127418216923333,3.386342696615216,3.8370114680500302,4.2392226634056405,4.579623432920385,4.861076176961418,5.100590953133306,5.322399212586558,5.5484206747208145,5.789289118784935,6.038894072192826,6.273783016473649,6.458198807427839,6.553361351310782,6.528801590583282,6.37276183632293,6.098632117935928,5.745100358492669,5.369615411148313,5.035891771940222,4.798541148410704,4.688767731093399,4.704601551215804,4.809575698180479,4.940160187486572,5.021495735451862,4.987422229351624,4.799355013282885,4.458224683332681,4.004988660671141,3.507713099106589,3.037860042151315,2.6414495556307163,2.3133197902667235,1.9847490857999646,1.529725902836375,0.7936616400863943,-0.36073845373592855,-2.001101107909958,-4.080553506371627,-6.416284140943654,-8.70185387215022,-10.554769592777953,-11.592337944248298,-11.520680429540745
7kg_16bpm,7AB,-6.538302602662182,-5.684482826505171,-5.43714635944892,-5.752885972659065,-6.483531799937298,-7.423163441734848,-8.358599549052862,-9.113611482034047,-9.57704827419934,-9.711432899662181,-9.54180168211724,-9.132671963926677,-8.560070012424942,-7.887790618117899,-7.153464716571025,-6.366341203634618,-5.515023787486245,-4.581084841683599,-3.5531910169767444,-2.4372731257558495,-1.260429895384993,-0.06771791487679063,1.0860325091690695,2.1466658985744544,3.07027057010265,3.8297735258668837,4.417412544641289,4.843802333233294,5.133872630743348,5.321140194080281,5.440890250699405,5.523353623834278,5.587951621082546,5.639834691114722,5.669408274624717,5.655452051857905,5.570953303633412,5.390679717270799,5.0987683846881025,4.694557422468864,4.19536348388545,3.635397663330227,3.060572967919433,2.5202455288646126,2.0573274516402793,1.6988972618258833,1.4499491130236966,1.291766961693064,1.1860862208779763,1.0843416234673258,0.9399096276865853,0.7202943964526817,0.416252076280521,0.044747643175015644,-0.3546269392278636,-0.7295805773804506,-1.0284785784401822,-1.2135771260692338,-1.2703139706140796,-1.2103732958640294,-1.0673363905629685,-0.8870960730217833,-0.715665571536517,-0.5882849912507288,-0.5228799825504495,-0.5192301279526796,-0.5634251188172721,-0.6358022787102388,-0.719494404082724,-0.8070039358333944,-0.90312615724808,-1.0232197664654763,-1.1874076172043182,-1.4117514280933545,-1.6981816059344177,-2.025133066866629,-2.341620898454632,-2.56643033206195,-2.5953023860515,-2.316331169933061,-1.633113036049194,-0.4924359216916061,1.089197192597395,3.007908871258598,5.069773282041495,7.0103870219372775,8.535336330705276,9.37776371238538,9.361802939782953,8.455571403123958,6.798951500439791,4.694749995682062,2.5583783199836003,0.8361548832492647,-0.09150241097678387,0.001313349337326436,1.1322191688242258,3.1039398001316907,5.551043004796259,8.027291006119897,10.112028140425707
7kg_16bpm,7BC,1.0022161115828798,2.6920847422237673,4.290717860965631,5.678220522955139,6.787272567860691,7.6021535554011015,8.150591179744232,8.488996841983305,8.685395089575604,8.803633955661189,8.891560187696484,8.974880885418436,9.057389471781722,9.126524337187558,9.162329873480354,9.147423561792074,9.075431270720692,8.95570168792613,8.813307765735164,8.68444356429517,8.608365366466932,8.617945108451572,8.731358752735193,8.946957528453742,9.242573048750424,9.57950302271098,9.910150703161904,10.187216085103397,10.372262921856832,10.441765758315855,10.389329929354625,10.224036468283904,9.965886297703902,9.639825609780756,9.269984994697644,8.875536117838859,8.468816834222679,8.055581504741399,7.636676626264872,7.210173106425426,6.772991332510227,6.321480903232017,5.850937245913277,5.354486589817208,4.822096317950634,4.240448719134864,3.594166724825443,2.8684939170466546,2.05304597104587,1.1457682795970148,0.15606540950827133,-0.8939172510303447,-1.9706283234496864,-3.033327261415025,-4.04049117326854,-4.9571518591969195,-5.7614943558887175,-6.448881917948543,-7.031979591438886,-7.536804133004499,-7.995492210521566,-8.437512131593191,-8.881742760482686,-9.331697194212255,-9.775237680074246,-10.18895196999813,-10.546072544110297,-10.82554369939875,-11.019496531427802,-11.136957984804901,-11.202674789654461,-11.25128298430071,-11.318715483721718,-11.43333829787003,-11.609180900747223,-11.842979757038165,-12.115570563618656,-12.396621758515376,-12.651028689593877,-12.84509040963735,-12.950946504872798,-12.948689540156828,-12.826692794284831,-12.581380260505563,-12.217833107335226,-11.752106874052222,-11.215196444591651,-10.657394605465505,-10.15093714807864,-9.788284993229281,-9.674175629714275,-9.91099906658008,-10.57870906801206,-11.71242656085926,-13.283087794852976,-15.186336722436574,-17.244066834198357,-19.220962392084786,-20.855820732624913,-21.901192633697114,-22.16860751308989
7kg_16bpm,7CA,-13.145892021016504,-9.218913116629949,-5.913787707327114,-3.5895697342113606,-2.3403709738745437,-2.0245823122127153,-2.342419613748455,-2.9373413140974503,-3.4895257065925778,-3.780820499611365,-3.719011658328365,-3.3273755884362126,-2.7089209066875144,-2.0033761902114513,-1.348293203822462,-0.8525541793852291,-0.5827924541913818,-0.5606427084011105,-0.7662802743270727,-1.1466315425537439,-1.626482584126685,-2.1230208663484187,-2.562214587128723,-2.89450887972051,-3.1053392204706958,-3.2170308888377463,-3.2801004552120085,-3.3566433991046725,-3.5006698580570377,-3.74187051576201,-4.077775539221557,-4.475604806288127,-4.882137038004293,-5.237503043213172,-5.48882141325196,-5.600304014025556,-5.558440685514594,-5.371306573502947,-5.0630882427358,-4.665114465108013,-4.20632576700736,-3.7059938213584838,-3.1713189580237735,-2.600476843900218,-1.989925530109487,-1.3426425537246673,-0.6735089589227378,-0.009227616058603541,0.6177176524536243,1.17863414181199,1.657962096678482,2.0582273363186174,2.3989529760290518,2.7097954208718216,3.0211289338553846,3.355347698788711,3.7214649388458696,4.113618369866409,4.512897912533518,4.891394805403012,5.218007267514978,5.46543805221108,5.617318446980083,5.673511469702483,5.6510041756150695,5.579017286000457,5.488975281908035,5.402879417894067,5.3247395063262,5.239618253208668,5.121105147491674,4.945060974127715,4.703866688211383,4.415169714676115,4.1207510495721875,3.875110603469836,3.7272940830119548,3.7021710852500043,3.7884238673341297,3.9374477566828427,4.07521648765336,4.123758664275422,4.0267371715646405,3.770508565914321,3.393558578653994,2.9780260479558023,2.6239154622780183,2.410861542031854,2.3589326545423073,2.402480024580338,2.3894230047233247,2.1122466363528916,1.36692143327176,0.025974003027800195,-1.8980163364608422,-4.219146863444285,-6.595048619407691,-8.59297035174393,-9.793158696576421,-9.898118221638567,-8.818105006788546
7kg_16bpm,8AB,-9.29937178417493,-8.107565215661594,-7.326468702421688,-7.022986419169522,-7.17586961430822,-7.694626651911216,-8.44392382808608,-9.268183910996168,-10.012858609809436,-10.540657992560853,-10.743712719223346,-10.552705938334832,-9.944011075840331,-8.942345087461943,-7.618028878685259,-6.076419483777549,-4.440218777570378,-2.8279730301452153,-1.333796956266917,-0.013302669342013851,1.1205182962774332,2.090867150361228,2.943168418257115,3.7273226227432907,4.481611017343566,5.222050998775341,5.93947350599119,6.603729224011767,7.173461790789662,7.607682674124175,7.876010270749091,7.964849421221449,7.878762395124472,7.637140454972171,7.268432778971931,6.803917278676563,6.272980274807609,5.700696657445908,5.1074927638453556,4.509724872884441,3.920098124724206,3.347297253421526,2.7949218576042223,2.2606645720983085,1.736522878844475,1.2106858648106027,0.6708898607316461,0.10841112685103663,-0.47858394499536233,-1.0833167100982006,-1.6909698964320778,-2.281364210355674,-2.832800382327347,-3.3259003087741577,-3.746272276547807,-4.0853086228652336,-4.339114780295187,-4.506311129738949,-4.585685256791144,-4.574796175714068,-4.4701446805149505,-4.268897838159763,-3.971569902887737,-3.584580254222554,-3.121784372769457,-2.604200352732675,-2.0577873366247914,-1.5097540859744352,-0.9841786699706524,-0.49792761335642965,-0.05778732425604223,0.34051727630858475,0.7113040365048479,1.0756760165615717,1.4566491619464343,1.8732757165496035,2.3349727151640907,2.8371692586577955,3.359854849792853,3.869431041436458,4.32410688439577,4.681761244113698,4.908530274939446,4.985757327258728,4.9135481896067885,4.709474382610934,4.402510849867546,4.024010641644095,3.5987876770027807,3.1404075624278125,2.6543418437016695,2.1501464248789777,1.6600747781279566,1.256359375139777,1.0578966822427465,1.2168459492531405,1.8825088175227038,3.148649511689195,5.001642679246133,7.288679031678722,9.723982844964794
7kg_16bpm,8BC,2.5664019976734354,3.619945643539437,4.897325528122853,6.245062219889032,7.524827829670079,8.626371151680257,9.475303561287177,10.035824184910581,10.308425712076934,10.3236888369578,10.133416402744853,9.800596149012566,9.38972105863346,8.958865780555694,8.554406974881521,8.208569016002192,7.9394779593857985,7.753065400800472,7.646063066923239,7.60924977081492,7.6304134815774205,7.696709818178275,7.796290469398906,7.919206603014905,8.057710432811659,8.206114526614464,8.360346417389025,8.517294379283163,8.674006591759234,8.826810659616726,8.97043731535746,9.097291987657151,9.19707981442733,9.257025331046114,9.262813613887166,9.200219464078017,9.057165119669248,8.825738712759435,8.503562540568215,8.094054368043182,7.605399812020679,7.048410408696623,6.4337833299977465,5.769537515117435,5.05939465957785,4.302600272215181,3.4952925706100904,2.633088018926862,1.7141400131036526,0.7417473246271888,-0.2742520653491174,-1.3177259858181827,-2.368097611690579,-3.4032961455595143,-4.402933211668716,-5.3508477769121665,-6.23636333568336,-7.053966046409724,-7.801550564835317,-8.477875249954142,-9.080071562125255,-9.60209215979739,-10.034814891391926,-10.368124225750451,-10.594647698785291,-10.714281634986069,-10.73823462564064,-10.691187784738114,-10.610357100446906,-10.541139792840681,-10.529864724833168,-10.614994036928936,-10.818667144030547,-11.140725163581827,-11.55659612081301,-12.019475899210414,-12.466252708798981,-12.825880357795713,-13.02857109363572,-13.01439059293893,-12.74067267486302,-12.1883156307208,-11.367315982470531,-10.321392046234529,-9.13110982797033,-7.913981281161755,-6.819558124447567,-6.01779195170715,-5.680172749380761,-5.955411476557945,-6.943084265492665,-8.670020198899149,-11.074622930876963,-14.004080742822877,-17.226085064849347,-20.454255363451303,-23.38378728761184,-25.731721191757977,-27.274905756212373,-27.87739309976178,-27.50823924264883
7kg_16bpm,8CA,-15.078642001369058,-12.039687818896606,-9.286616890010805,-7.182500586552602,-5.918782186073645,-5.496048948689719,-5.743064443170122,-6.369535881239685,-7.034184681200073,-7.417450718824604,-7.287018069856732,-6.546441401440708,-5.261311884738171,-3.6521982700405826,-2.0532387065687705,-0.8351418123548856,-0.3076240635979783,-0.6247016799870392,-1.7222154131490799,-3.3156047732437317,-4.964317866348047,-6.191916432239131,-6.623918590221617,-6.099770258539264,-4.720751652686751,-2.816801643598127,-0.8453027548428388,0.7450716794902252,1.638450071196827,1.72680261886857,1.1154873329693462,0.06630975925668513,-1.0961530490052946,-2.080866141763113,-2.698804267696451,-2.889839025346166,-2.707351297322594,-2.2756255629098634,-1.737724746474677,-1.2110074167670313,-0.7612649798538833,-0.3973864601048278,-0.08420226713063024,0.23478687288953753,0.6125297501181931,1.078722399077952,1.6304647638950525,2.2340762699838157,2.8370997855465756,3.3854017893831116,3.839751067461499,4.186661104919196,4.439712287453726,4.632124323749947,4.803161827772855,4.983898044748842,5.187383345273729,5.406018920395865,5.616741250430702,5.790903362086128,5.905044829858744,5.948507654907082,5.925417665217482,5.851303861966153,5.746125884096429,5.626984317905632,5.503059164626832,5.374045464600648,5.232062829470616,5.06580620943978,4.865609892860852,4.627916833495619,4.357982116256892,4.070091939567854,3.7850803429534206,3.525709993012339,3.3108249713142666,3.1496254065037057,3.0373451028850615,2.95374335003763,2.865536040735545,2.7334176929795593,2.523220554554161,2.2188402676135994,1.833270414648938,1.4124722562528933,1.0283178540815097,0.7589398145411601,0.6594642864348599,0.7314038784611336,0.9005159734483842,1.0152853119884158,0.8709021122626425,0.2586381457278603,-0.9695801435757558,-2.84002734531269,-5.216698316396752,-7.801969605865171,-10.180922436086322,-11.905942450379621,-12.60157039446511
7kg_16bpm,9AB,-2.225488342059985,-2.7003249913829106,-3.8763704770103304,-5.49824903486492,-7.268354914001646,-8.915655128726206,-10.244791827461306,-11.156722478249742,-11.642912481921432,-11.757190370657703,-11.57877500046365,-11.177379246372329,-10.590814134694547,-9.820734049825314,-8.844746296623455,-7.639258177525836,-6.203235310350389,-4.573447612966935,-2.82647839068603,-1.066125256182543,0.5983188624190945,2.0759578708154076,3.3130130526691475,4.300305985789226,5.069085421102436,5.6762122466370535,6.184708974977661,6.645199358752355,7.083260047508601,7.4958828564892706,7.85607637156528,8.123670591962705,8.257786864990774,8.227385836351566,8.017565916479658,7.630751623291382,7.084416481452349,6.406802492447158,5.6327804799803545,4.800396188840373,3.9481322382132973,3.112179625139103,2.3232570755646313,1.6034018613982062,0.9635002882306392,0.4030124132239198,-0.08786933680934854,-0.5237716231378006,-0.9189900848383107,-1.283295881978222,-1.6199913769518448,-1.92676501580783,-2.1985103600610745,-2.4307963315471945,-2.622380236150658,-2.7756666499984544,-2.895087017095448,-2.984209906804408,-3.0430550456979315,-3.067029142620855,-3.048000090219574,-2.977248828887271,-2.8491090432598813,-2.6638305202207655,-2.4286072796428293,-2.1560168314062613,-1.8602254179818352,-1.5517680146963344,-1.2322800938671654,-0.8910926384542676,-0.5051199935003633,-0.043737662836244307,0.5211926137602125,1.201275480115183,1.9762332625346248,2.782877252844637,3.512944539177102,4.0258081291246075,4.176632052857863,3.856977873906445,3.0394758939307414,1.8112910225238437,0.3849981855885696,-0.9270092008116246,-1.7728315951327724,-1.847333792394087,-0.9828125076005716,0.786705793878453,3.207557456220415,5.853607147131691,8.22644190474618,9.885921036990261,10.57204261686607,10.2751798785964,9.23493936510934,7.858843649842476,6.591711761487891,5.776841905871022,5.555563485364336,5.842231468752589,6.37457311712274
7kg_16bpm,9BC,0.5269158323978336,1.9803660715720657,3.5607561031685178,5.1055909617919415,6.4696989866565895,7.5440993408797015,8.26893418510342,8.638512904478038,8.69700926856823,8.526037045994006,8.226688667216637,7.899753398763785,7.628160561799582,7.465310837674291,7.431075946179065,7.51524736446253,7.68659275113672,7.9046502177807,8.131074330573911,8.337905731807389,8.511522303456923,8.652267638968134,8.770767965265284,8.882547053013518,9.002717025383275,9.141950916662061,9.304293647238019,9.486751718042669,9.680207153838337,9.870964585269816,10.042411221632815,10.176513410305443,10.255111326697165,10.261115305089657,10.179736905024127,9.999821569335452,9.715219908933024,9.326011467360171,8.839264430791543,8.269080463911196,7.635717414311983,6.963701281614463,6.27899213397852,5.605482481912296,4.961313057573738,4.3555740872544515,3.7860201768816775,3.2383972370106435,2.687881469564845,2.1026472248930954,1.4492437292271108,0.6990483161873412,-0.16527922660659108,-1.144730258641772,-2.221402900836079,-3.359211574325835,-4.508017673375665,-5.610710618002168,-6.612094429087162,-7.4679132163185225,-8.152397264990185,-8.6629203060152,-9.020815421737986,-9.26794221671855,-9.459676247521536,-9.655464519238008,-9.908494288478009,-10.256190197827248,-10.713345170025523,-11.269069588547907,-11.888112991954063,-12.516419969386849,-13.090087522604493,-13.546215161857326,-13.833652166179213,-13.921844171623455,-13.806312158836114,-13.50987438819134,-13.07933861266246,-12.578537806122624,-12.078978963933842,-11.649647889366056,-11.347517616916642,-11.210251067562192,-11.25201964262567,-11.462883394724116,-11.811783398057887,-12.25281313157496,-12.733990391780665,-13.20707461298911,-13.636742917232011,-14.007204078850709,-14.32442385087095,-14.612653911126124,-14.90551203416776,-15.233209042231293,-15.608817534287818,-16.017244833895024,-16.41068347486301,-16.712457001641784,-16.829495942947588
7kg_16bpm,9CA,-22.96071355138678,-20.868388199276758,-17.71770482955185,-13.998974089433132,-10.26625032995942,-7.0213140862825805,-4.619392226720381,-3.2161189675478568,-2.765806100583254,-3.0623265801130963,-3.8097682063513627,-4.698189227834872,-5.467609907151917,-5.948524237362399,-6.07437836150518,-5.870445961347766,-5.426889423296279,-4.86458339375956,-4.303011522583805,-3.835911552264221,-3.5175243369736657,-3.3605644072309624,-3.34297316539495,-3.4204154961512194,-3.5401367283489,-3.652492435506452,-3.718028680758659,-3.710031915354217,-3.6135695663229743,-3.4233734923442825,-3.141898879429308,-2.778439089569609,-2.3489878227135157,-1.8760654869050748,-1.3877861849187438,-0.9154150137697694,-0.489255068799956,-0.13310865076687173,0.1418097826439524,0.3415967855869984,0.49111272885857105,0.6306265938260452,0.8073163541541604,1.0633901197530589,1.423977425025965,1.8881030047403917,2.426283813536926,2.985346115544382,3.49987390783882,3.907322099183257,4.163040005436543,4.25117669577852,4.189314104099211,4.024739140659411,3.8239368714828363,3.6569988304198895,3.5807530942664076,3.6245455356904093,3.7824632656151413,4.013889607489624,4.25354749878703,4.4282559265755745,4.476747100346143,4.367238048297759,4.107429039426664,3.744123432607912,3.352343336399752,3.0166372565421686,2.810018839093607,2.7763989678927383,2.9206344917476503,3.209474157469982,3.581929930839884,3.9661734011355985,4.297559219062124,4.532464404312923,4.653822161686392,4.667936997405692,4.594109242400898,4.452254139810781,4.253667500211751,3.9990600456217953,3.684963045484699,3.3157772278469184,2.915746148536115,2.5335374367459305,2.234697223681443,2.080550915208777,2.098386748113399,2.2530174412930277,2.4312979225309097,2.4495085136330506,2.0882181515890004,1.1492666499512558,-0.4784685344722213,-2.7613461234031407,-5.493633543103615,-8.310713929270037,-10.748282095742182,-12.336486615456467,-12.710974885744275
