cond,seg,p000,p001,p002,p003,p004,p005,p006,p007,p008,p009,p010,p011,p012,p013,p014,p015,p016,p017,p018,p019,p020,p021,p022,p023,p024,p025,p026,p027,p028,p029,p030,p031,p032,p033,p034,p035,p036,p037,p038,p039,p040,p041,p042,p043,p044,p045,p046,p047,p048,p049,p050,p051,p052,p053,p054,p055,p056,p057,p058,p059,p060,p061,p062,p063,p064,p065,p066,p067,p068,p069,p070,p071,p072,p073,p074,p075,p076,p077,p078,p079,p080,p081,p082,p083,p084,p085,p086,p087,p088,p089,p090,p091,p092,p093,p094,p095,p096,p097,p098,p099,p100
15kg_10bpm,10AB,-2.90192668,-1.8816970891624996,-2.146720543268469,-3.440632376099121,-5.242101256990615,-6.986023261356481,-8.27616073616947,-9.035093056846318,-9.420418080167291,-9.682483734785025,-9.99392946463586,-10.358003281656627,-10.625950220435076,-10.591713792435314,-10.096050635788728,-9.091538107385576,-7.639156845275367,-5.891066626551237,-4.0486111918584955,-2.3081485096436998,-0.839660728745616,0.251845850672372,0.9634655780380913,1.4101583746336888,1.7969756301818796,2.346148319995271,3.204731491864312,4.379399618793144,5.720405018292978,6.970179220014815,7.8763535730988075,8.262099622643104,8.06992515709109,7.357941396645829,6.26565062585841,4.967713286862185,3.63453724812746,2.407473310854286,1.3850185342998604,0.6224181247612172,0.1083153155319503,-0.21539093424372033,-0.42894081225812675,-0.6050848980213331,-0.7783907542696129,-0.9346711211599754,-1.0247402985926268,-0.9949785618073332,-0.819079293604778,-0.5183274248416387,-0.1614673881733086,0.1459279127953704,0.3009898585438384,0.2294658840817956,-0.08818716879764188,-0.6071688616167727,-1.2267310517567365,-1.8179780469959155,-2.26259780497223,-2.488760219280132,-2.4927735613608637,-2.3318581768732893,-2.1062110875623037,-1.9135398635242902,-1.8122182857062632,-1.806529282625151,-1.8484352162733895,-1.8568356298871225,-1.7475106378505976,-1.4633320839378472,-0.9930001995482715,-0.3720498460574962,0.33632033252481564,1.0653966823751808,1.7683392720759428,2.4220168781354925,3.009604660186437,3.498667662189471,3.8250935621330235,3.894721855636331,3.609754765351062,2.9203041939658925,1.8909937159823371,0.7528958947481339,-0.07720768726172092,-0.11067893078435281,1.0148154975532075,3.3505264490742226,6.481973898778947,9.542986534982715,11.410833307868884,11.055271554673737,7.932493858201375,2.279112608819237,-4.810702804837602,-11.573359135217476,-16.01617509196984,-16.654935254473735,-12.804610213580137,-1.8884103397097434e-05,0.0
15kg_10bpm,10BC,0.0,1.078567585114042,0.6420778399985557,0.4922737806742839,1.055707356458655,2.1603768200000006,3.6821748291081073,5.312358988104606,6.8264362595223265,8.059500129050939,8.933285950000002,9.467200766973423,9.767392385413322,9.94436766481603,10.1246198629241,10.411703200000002,10.846426384746891,11.466677522229626,12.259553102861329,13.201413395569963,14.254570890000004,15.360927908898574,16.456172825286483,17.475780298392387,18.328748048399436,18.96471909,19.31829461048509,19.371062026948806,19.151653359927366,18.711320204501632,18.168891060000004,17.64022495829927,17.22041981878928,16.977987420903368,16.88614305526376,16.87361018,16.805017082356606,16.557275482063893,15.978258471873296,15.061041558210816,13.7516799,12.179457949250548,10.43171913384862,8.649955513245313,6.937371338529947,5.3749703,3.9714073516256065,2.7368830534686954,1.6068111286115263,0.5459454050837859,-0.5022350200000001,-1.5781298938090036,-2.721438438705048,-3.9613015105548857,-5.336236068908228,-6.841259359999999,-8.48542739024507,-10.199060035653213,-11.909437885973272,-13.51719966383994,-14.932442200000002,-16.0861334912043,-16.97729699695652,-17.59515429821342,-18.020058555162375,-18.273387440000004,-18.4250669377041,-18.49644737558025,-18.513567693426793,-18.49027386265155,-18.439521500000005,-18.377744482320693,-18.324051493270126,-18.29426885172114,-18.304693194305873,-18.34448464,-18.379606574751325,-18.329834492237882,-18.098505964191354,-17.544297406514293,-16.63619372,-15.311345289019087,-13.752715859389637,-12.161487065839447,-10.83570363034797,-10.03769963,-9.93331512940082,-10.441702112930187,-11.366678251172514,-12.302688243793815,-12.806736910000001,-12.677344855458028,-11.841426996213242,-10.646066264361865,-9.625189391370995,-9.540702360000001,-10.943167314907566,-0.00011956043199713427,1.52933339990992e-13,2.7643007784172615e-22,0.0
15kg_10bpm,10CA,0.0,-0.009216252889548901,-9.288431243316047,-12.22405814072873,-13.427383879334752,-12.803374526219583,-11.032168941526916,-8.98633312513228,-7.248608442084558,-5.980218118811997,-5.087230542508571,-4.461102801459642,-4.088673767218808,-4.00261021642587,-4.20904461217735,-4.650015581979603,-5.228624541479355,-5.832821671575847,-6.330865774064817,-6.5607430256140225,-6.361421260949118,-5.636077275695215,-4.4651665962806835,-3.100141128112571,-1.8645252278236664,-1.0221263183283886,-0.6672844612161037,-0.7180099155913466,-1.0210715162037158,-1.501779094907672,-2.2478362392973996,-3.468032359102609,-5.263129842136859,-7.457800342213134,-9.5506617034563,-10.862739436645171,-10.821512776251387,-9.231331960320155,-6.388983206809954,-2.9882313685164794,0.13798409509438325,2.304578051916341,3.2799252815824858,3.236600380847517,2.621820926695557,1.922394985202433,1.4810872145442957,1.4330473979499871,1.7561452808079836,2.360737355585913,3.1552966409487784,4.046039073807984,4.927333730663063,5.68751234122575,6.243975936329885,6.587020634584101,6.787462238003699,6.950078804285653,7.140554535660889,7.339767706078137,7.459290485945486,7.422898068399906,7.242479844383933,7.031147083670901,6.949528465190255,7.108631952227797,7.4868792136658895,7.913067000670752,8.134068634404795,7.93871607587895,7.272417040137411,6.322783610365893,5.417351523687806,4.892717663797444,4.933761053105658,5.473321343183524,6.205380237865989,6.712078666104358,6.650964766076555,5.89924119694747,4.624738980604581,3.2013154143660874,2.004914654630723,1.27108390236432,1.0230769076423751,1.1097213194577715,1.309282154061658,1.425780652827879,1.333602564803418,0.969611950938877,0.3464619746404716,-0.44477269873129316,-1.2415237733165891,-1.8561224969499026,-2.170291813912701,-2.21762858504907,-2.1951371625907425,-2.392850561657624,-3.081494680401583,-4.422297408379329,-5.05418226
15kg_10bpm,11AB,-6.61385995,-6.177248935384665,-5.086021507165145,-3.626292928441896,-2.370604360534509,-1.8573149713000054,-2.3393636089729877,-3.700351210411123,-5.541111987859676,-7.43241626638923,-9.07407310684623,-10.334688710133133,-11.199135453738432,-11.67804248185329,-11.749377996666034,-11.357647913340085,-10.45632210451383,-9.057679935358765,-7.256324003120651,-5.2134877950264435,-3.11348981,-1.1173262101552248,0.6562197796853884,2.135942006569106,3.295363739631697,4.142486992486035,4.725013316794777,5.122059320310475,5.413638332384416,5.643883805688752,5.799940733283461,5.823438768682149,5.650197498197232,5.254346561600446,4.670344571295311,3.98292521092063,3.2928662546777865,2.681608094423664,2.189568358201564,1.8109356469202595,1.5155931600000003,1.2723112518382282,1.0667238520576243,0.9114425820617633,0.8429410120281093,0.9041630054414633,1.1162357657544895,1.4501224729348796,1.8146583088357073,2.074203299651333,2.0946366993951444,1.8007551917899112,1.2108446360499854,0.4352717165300729,-0.36303894431896694,-1.0458538811384517,-1.5430758351847305,-1.8601805679401937,-2.0511607162370984,-2.174134933692611,-2.25793782,-2.2959033176803962,-2.266576474705122,-2.164695655226675,-2.020043208411556,-1.8902733546043171,-1.8310167061712712,-1.862652352875482,-1.9571318141161513,-2.0510504220416084,-2.0883863792245814,-2.055749065041937,-1.9884108093387214,-1.942043967590891,-1.9359464477925088,-1.8951409587149164,-1.6255542405268142,-0.8511969481321718,0.6798970481254863,3.0455199106672053,6.01127829,8.974045789291251,11.061929874555371,11.383112496331362,9.396534267527187,5.36090274784981,0.357861723072186,-4.002321289956055,-6.141482473229844,-5.200297159952748,-1.4736131467091982,3.6285291458037214,8.130801647722615,10.31684558953697,9.448728067840534,6.048165348616277,1.6359627247034259,-1.9220651334292485,-3.142436308025973,-1.3713134346443887,3.00276736
15kg_10bpm,11BC,-3.57856255,-3.3303838588317167,-2.0308660052843184,0.04545038397335385,2.4923098607522656,4.7543547808312745,6.40710756903606,7.142054017184402,7.02167520797872,6.187650169139661,5.08976203856155,4.13954429250193,3.8172748722309437,4.279140105948121,5.594663298736243,7.618485600099805,9.993930037537604,12.386532670349549,14.474768485170555,16.125246122521265,17.257283824403963,18.05000753020615,18.632180185897877,19.116148341918734,19.52411908890498,19.769036320271844,19.722493367633067,19.317604914789936,18.492279904561915,17.395266941059155,16.170053889719743,15.00365247495549,14.009990099429505,13.251305292445787,12.697610571188534,12.27680868768118,11.932281357105271,11.611937042518663,11.302646249348605,11.00089297832507,10.689829067139744,10.323889155423306,9.821053884539621,9.111722233095263,8.092067124319701,6.771244220694728,5.189163067602445,3.4371651928084748,1.6721948865187921,0.023472985089947055,-1.4162466409479109,-2.65955236510603,-3.7732048653393253,-4.925454179606819,-6.26524079242154,-7.9577373150013315,-9.975914146122225,-12.232375143954249,-14.469409214764593,-16.40268497684693,-17.68413853043426,-18.16386320099758,-17.85184602953818,-16.83960606685579,-15.537550452055823,-14.286114019643767,-13.456473077760535,-13.205729062446816,-13.63454240758506,-14.57445915282272,-15.799619605588425,-17.039557689378583,-18.055058434159047,-18.684763380907036,-18.8374610703044,-18.56737818353467,-17.899097533629877,-16.930705592638958,-15.731091122230227,-14.302197795694958,-12.682515020213708,-10.8755663257262,-8.93391370451255,-6.996818745368458,-5.2873338485990296,-4.097059910012813,-3.6350390178835523,-4.200858101990203,-5.644464411180898,-7.777715677367358,-10.195129159849008,-12.438178318699324,-14.149685147399884,-15.236415756690006,-15.908291001155598,-16.565951340298728,-17.686778893375156,-19.570718140768335,-10.130002784203782,-5.4079471463058624e-08,0.0
15kg_10bpm,11CA,0.0,-0.818372562169827,-11.124815051934874,-16.83986473697614,-18.932697355758563,-17.273681251480838,-12.970075529137892,-7.8194658871728935,-3.475874897984115,-0.8592636760063138,-0.06126295156259061,-0.5810740232987923,-1.752135373476933,-3.106821031207058,-4.493999360282804,-5.9484165611534765,-7.4542592487959904,-8.79257712682519,-9.585542337233207,-9.505926412791313,-8.502761956081073,-6.881969211443037,-5.180796036463034,-3.906908774198584,-3.3052430531996655,-3.2856547000000003,-3.5166100966318425,-3.6480743716291126,-3.513280911050331,-3.182371752023586,-2.893727984736483,-2.909666300571309,-3.376923592286835,-4.259091384709078,-5.358783180772908,-6.406624646494725,-7.168601353428621,-7.524063742329124,-7.487388815404341,-7.172864124090203,-6.724877240565288,-6.2461085652997435,-5.752807685968071,-5.175118766699919,-4.399056401800995,-3.3344783459697966,-1.9866484578095085,-0.477725461988587,0.9893628227254352,2.1978669114646667,2.9953575600000004,3.344515736458267,3.326063560676784,3.1015369086083475,2.8572497087849844,2.751739654687632,2.878472836093965,3.2470990184377815,3.786850498468469,4.376142579342134,4.893827209450507,5.273740665120895,5.534050588102755,5.762285888969069,6.065046340990728,6.501657666532639,7.043845975289018,7.588604542306885,8.002796799845026,8.180526601468715,8.088797133341172,7.782874009319075,7.3892207263226775,7.062197987728702,6.9280202217306215,7.033862230000002,7.319661880408506,7.626072960327053,7.742927759359604,7.487928677796778,6.790234315770833,5.7402243864531215,4.571978674415932,3.5856129095436615,3.0258127757947677,2.9708827044835484,3.3166265893215785,3.831558345759971,4.24531052949346,4.338951620108112,3.9995028286809107,3.2355602271799744,2.1694033537097415,1.0162242529999799,0.04591202763701215,-0.48816718292426087,-0.4578524205773914,0.02453929341266335,0.550852596761395,0.4921611257360849,-0.76860166
15kg_10bpm,12AB,0.0,-2.549834927344045,-1.053795633673838,-1.446852641144747,-2.949516352938945,-4.735552023284925,-6.29944565990643,-7.576083832240265,-8.81189107099581,-10.277157006016733,-12.001856766803764,-13.685144739406407,-14.81879169082581,-14.936278803279883,-13.83823778453099,-11.679176014697726,-8.889509997932251,-5.992091430229223,-3.409306491016806,-1.3486784809837242,0.18958320700275896,1.3239889883591716,2.1864963328205183,2.8556906373595257,3.363525086379413,3.738813561128362,4.035931795595964,4.3268348099727065,4.669432683704215,5.080500764514856,5.532333742103947,5.971827435152716,6.345612318554674,6.61467246035861,6.752548799579246,6.733259796170146,6.521318475790724,6.075099573144457,5.365969733911924,4.406089816855807,3.2738232965220253,2.105709987291553,1.0488567524969914,0.2106809919908947,-0.3702276499980563,-0.7123174220259991,-0.8460979254531793,-0.7737029733512871,-0.4684186612501574,0.07872680556828192,0.7964062400000002,1.5050620374137864,1.9573964470465302,1.9368568388721406,1.364292568345879,0.35610549491759863,-0.802730024866902,-1.7606674253256613,-2.2332002102845667,-2.1328759568123363,-1.6050737881071893,-0.9431124935517133,-0.44883228634152195,-0.2872289417678857,-0.41050771021634813,-0.5968693069187858,-0.5846577875812515,-0.232403047163864,0.3865901317155981,1.015961277001068,1.3626155272325653,1.2718275395403014,0.8214079356350698,0.276362663643332,-0.06613736844392973,-0.03936459227604109,0.320216094911729,0.8074071879791673,1.1709530641928694,1.2381609972719103,0.9742898548607607,0.4965707766560325,0.050387977935908004,-0.05046254639553126,0.4819587137003404,1.794021634131719,3.7923845242016667,6.10704682991329,8.134227189867937,9.14703845158303,8.452528791148794,5.588442535340679,0.5577894663239005,-5.962581258089796,-12.553689475967747,-17.199432865760087,-17.824639424719795,-13.090940792064226,-2.956246393532124,11.091060319552728,18.41685507
15kg_10bpm,12BC,0.0,4.396338819776625e-51,-4.071204744962286e-41,1.528703895703699e-31,9.548747102347558e-22,-1.807949208580436e-11,-0.1349376054465078,2.8935044389864157,6.51418269694926,9.375447285533605,11.124345077420713,11.648489469871365,11.269761099837119,10.392930285179613,9.39832235440745,8.641524267769393,8.283534707673887,8.347903765643702,8.761937986298939,9.371375450744463,10.03100931727813,10.680352388552526,11.34414998774606,12.121473754599558,13.101674312012307,14.318470480000002,15.709649851948628,17.066424096412312,18.165272742238475,18.788487486441063,18.807457254674304,18.314518879203554,17.478780363368934,16.536820415578898,15.723484971257346,15.144706274583877,14.799399543323574,14.595678506684596,14.370634542095178,14.005096341463236,13.418488541731417,12.584456324757504,11.548959065079384,10.351932570382884,9.017887404591708,7.558195295808634,5.967553974474946,4.239253421788486,2.3797669024643557,0.45935070508226433,-1.43781439,-3.215771159473353,-4.788043167125379,-6.152763247258707,-7.3514388233263555,-8.46786930048003,-9.608527055621392,-10.831698249195396,-12.137253728439969,-13.45385626478932,-14.651382496842432,-15.602503448940853,-16.191761571863985,-16.334680259227458,-16.08079562529663,-15.5111032666897,-14.760875772960867,-14.028079174481716,-13.483232496638381,-13.244407895958512,-13.381572883979194,-13.781291596005007,-14.265387289087391,-14.602465990220189,-14.526020348469068,-13.935554070000002,-12.850491720818738,-11.438989692965318,-10.052985243739897,-9.043564920208723,-8.668776095322263,-9.089319441056931,-10.093937125541514,-11.35848438639139,-12.505316930394661,-13.165611184256198,-13.25166401791316,-12.838515365610016,-12.131180208924647,-11.412529681683406,-10.872124700410476,-10.593773066098734,-10.612694511402527,-10.91139409033995,0.006816440595999281,-1.0416039960552237e-12,5.501268006819667e-23,8.807239047392575e-33,-2.345521163419429e-42,2.532838898880587e-52,0.0
15kg_10bpm,13AB,-6.21091584,-4.763848073686712,-3.1133078097965674,-2.12308021203263,-2.1747891848092937,-3.106537446311352,-4.428182442178644,-5.665666563545316,-6.619121819509896,-7.390201254125091,-8.213205699678596,-9.229058786868487,-10.354993870394157,-11.324683866232784,-11.84029104899377,-11.71279216192378,-10.911530880188096,-9.53257360264672,-7.744688698891783,-5.75342707939472,-3.7779570655111367,-2.0160723992337455,-0.593627470693564,0.47473877267597675,1.2827334710427858,1.9832742891292203,2.718483845840687,3.561872511690625,4.494116495837663,5.416809006438702,6.194376221333661,6.708012751688406,6.901717506041731,6.796874006625505,6.467076293470452,5.995202389840283,5.439410623356849,4.823587997665406,4.15328942560383,3.442507763836666,2.7310582581200387,2.08134848450167,1.5583273804316633,1.2058312986367965,1.0308559953487968,0.9993620926525143,1.0425096915408165,1.07352553793744,1.0163091915068452,0.8400098971585856,0.5820687307055806,0.3391884407587727,0.22049754587646175,0.28276162584397413,0.485590069568897,0.697107069680986,0.7513277194344359,0.5325546983509395,0.04476073152896295,-0.5789454102303837,-1.133330588653145,-1.4319397698976852,-1.3924847315558635,-1.0773091266377504,-0.6644129787755011,-0.3633709190589009,-0.32330118062096436,-0.5802277931981792,-1.0613941050975566,-1.6284500656558758,-2.127876130214821,-2.430683754817866,-2.4631554621839373,-2.233445097906309,-1.8445168139244126,-1.471188113550722,-1.286620026444954,-1.3531776607534687,-1.5294577470987634,-1.4652688575210995,-0.7315454748723506,0.9400558659042831,3.404763287012548,5.9957871730648105,7.720753647852957,7.741553019023801,5.877420576811149,2.836799437470857,-0.014995737136231063,-1.3290512796210991,-0.5463110620017246,1.695565332676127,3.8072795319499706,4.06343408021829,1.5691562145527482,-3.144578554531669,-8.218018456204842,-11.204988949425417,-10.100598587233653,-4.1861442543097285,0.0
15kg_10bpm,13BC,-5.21148403,-3.612216983538402,-1.2078537537376657,1.6913469636230274,4.613141432832336,7.225539323988065,9.169364867041493,10.40262614140147,10.90862327486895,10.787133879647351,10.2822868504693,9.582028500988775,8.913252800514952,8.43445848307553,8.308863806392527,8.587887662215046,9.273280399836358,10.376694326833833,11.763847416675416,13.353567973076359,15.043362270263938,16.731842938573887,18.328235781116955,19.72710205003184,20.843186548185827,21.52932738246202,21.726311468563047,21.424866602372852,20.613801057043176,19.495893168126223,18.23466200803766,17.038144948236795,16.033714279920293,15.282409155814639,14.727060744121493,14.236060586963955,13.650310672613504,12.833234510672503,11.721205061962351,10.249879477059858,8.502006561257422,6.537407381315485,4.451298075205692,2.3686240522916178,0.41494626715911614,-1.266772311480549,-2.59380206117692,-3.46807379971236,-3.9437533284252773,-4.147550332462759,-4.280672401336706,-4.604014688374609,-5.31678385003694,-6.579590748511298,-8.29665032914645,-10.325166348820366,-12.376338878290337,-14.196323750724487,-15.555179342447307,-16.398982619290155,-16.791857025892806,-16.807505097881847,-16.628939155714367,-16.341269813841308,-15.98371257927012,-15.562558768647238,-15.06385993892368,-14.503260112383835,-13.937786748866595,-13.456595612298882,-13.147911511738414,-13.050944751250826,-13.19499431526922,-13.494865882371588,-13.874023285400087,-14.236459849701392,-14.513390780082757,-14.650491069644024,-14.599228546836795,-14.330822456285441,-13.774263261060339,-12.908540207631377,-11.770991494006294,-10.44766940736979,-9.162364672784651,-8.127585907854023,-7.599262358757844,-7.594795326324854,-8.066593748052655,-8.77525797523673,-9.427792603787006,-9.77073543669613,-9.730151023336205,-9.443551523573472,-9.231980191590473,-9.508294411906359,-10.595879926906095,-12.801829551621047,-15.921645426967435,-2.7457125262890703,0.0
15kg_10bpm,13CA,0.0,-6.637994873870842,-13.432662849699899,-17.2208738204649,-18.544180956029578,-17.407428453270974,-14.734757982005233,-11.696973350908255,-9.13695965997049,-7.367215535287583,-6.324219988519303,-5.854662530593437,-5.894896293017565,-6.450288538895947,-7.4538786412621585,-8.66258456147329,-9.696285256968848,-10.198112002524557,-9.997521077855675,-9.16178716391305,-7.912263476288191,-6.479588444806956,-5.00174391306738,-3.518281889699565,-2.035357039450542,-0.5943377700837591,0.7060184934288796,1.7366859656976796,2.38370771422732,2.579458248477638,2.308973224604518,1.6022698181651986,0.5300763886837168,-0.7892433815262463,-2.179205047603623,-3.407858513724715,-4.217177126477735,-4.379958370596962,-3.7691152073489484,-2.412177325199616,-0.5027957358285702,1.644057375434327,3.6802419671279654,5.32049283473771,6.407550846061529,6.926013805545063,6.971721981531607,6.701378723575965,6.286651764349902,5.883806395869529,5.616725476379324,5.565486602776145,5.754306413820091,6.139157033003779,6.604398291924199,6.983389592844042,7.11141566799632,6.8985583127871095,6.387361982290379,5.755665169034195,5.249221349008,5.070006015813194,5.277102563812551,5.754625770390717,6.264975711345204,6.558587477727927,6.48374838063551,6.04527733065586,5.389668252659632,4.7289793465181065,4.241099992185937,3.9921770425900567,3.9164594224573053,3.8637746963663937,3.693153220771497,3.365863822807384,2.9863869511269145,2.761096860618456,2.884580113544796,3.4056790977266265,4.148051754283621,4.74479458439243,4.791512595946946,4.051168233670809,2.60108319875381,0.832976501977115,-0.7044240209798017,-1.5422012128092706,-1.4875166601224301,-0.6872578849091981,0.45750480403602706,1.4697478120093797,1.981512850543031,1.856875072332919,1.2182591740559474,0.36936448457857396,-0.36629596754223276,-0.836387186260364,-1.189998692195988,-1.855447233681404,-3.33203662
15kg_10bpm,1AB,-5.39352529,-4.830145124073452,-4.089069862767656,-3.450176205168584,-3.17550506763817,-3.4077304767973735,-4.135328224429768,-5.2156485887133055,-6.4333441699401535,-7.569008226845868,-8.455408045573375,-9.006739843098519,-9.21801596466104,-9.141911751077801,-8.855548514667351,-8.428942205504613,-7.901738471310528,-7.270689983101665,-6.4920100297179735,-5.505617983065455,-4.28129328,-2.868317581676004,-1.4158427297346776,-0.13970393260286917,0.7572058607157979,1.1713912665088373,1.1436596815906035,0.8372780675949288,0.46478296780062844,0.20775749706460986,0.16962392991623831,0.3710817656554132,0.7698636561069132,1.281709702244135,1.7942927679727423,2.1824446951279524,2.3367974607742705,2.206223651763359,1.8363136423458029,1.3762950744199731,1.03632129,1.0043276467584088,1.3604426838552788,2.035875325004157,2.8418175754706416,3.55309656384299,3.998470177070983,4.109110242960056,3.909290717980059,3.471712731420303,2.8739989795856418,2.177716609307607,1.4282667910456275,0.6639898213316436,-0.07394432813185403,-0.7345172548062725,-1.2556332384961013,-1.571934556726857,-1.6323364214382512,-1.4220170212194678,-0.97775762,-0.3849117061733124,0.24817637658801614,0.8293451011075776,1.3156397583723773,1.7204770799678597,2.08856511248348,2.4521356357840967,2.7961015352083924,3.05768043430506,3.1668903891571625,3.1077718159091394,2.962105990090581,2.901400570153593,3.1200701134243887,3.7371571491906934,4.712382359738497,5.813361882264731,6.645550144898322,6.7375862798482125,5.672646480000001,3.256170282873524,-0.3123254893172986,-4.339591592918503,-7.711615104382177,-9.194968772226005,-7.903814774216317,-3.7414754731756594,2.4162330134994674,8.930255801242668,13.939781247375777,16.00584991478735,14.590782468316077,10.213130189712976,4.273531575399927,-1.3530647470880401,-4.845611486909293,-4.97960233136536,-1.5513474087890946,4.48728378568925,10.18311614
15kg_10bpm,1BC,0.0,-0.6614226175846084,1.8520029843896584,4.478170392803846,6.950496920167966,9.016887354610425,10.391746373284366,10.80324172899628,10.126228458465437,8.478267809448164,6.368468563200831,4.4445859862964605,3.3111042680129934,3.328060348266288,4.505588766084919,6.538631004907533,8.950635063253907,11.266665806794467,13.17443691320911,14.578163457464845,15.528246135430209,16.142143244879566,16.53368633854079,16.77367195017527,16.885333511235103,16.8557828820334,16.66826494563051,16.316400178534348,15.808023903859505,15.169675257162407,14.443579659307774,13.678744782261425,12.916605462475001,12.176240274501406,11.44287971101676,10.675601458346868,9.827462265023964,8.865262591614643,7.780833771286119,6.587653533395684,5.306209589976346,3.94829908467492,2.5146115978931864,1.0110051220734144,-0.5414115108137689,-2.0998612273836565,-3.6136448078868653,-5.0475568526668,-6.399749132930384,-7.699526720390741,-8.980644567434972,-10.239305698304749,-11.412164885657884,-12.392886525260982,-13.077056223053397,-13.415047315132071,-13.442718401496373,-13.27387298922391,-13.057303880443875,-12.910665053693128,-12.870771099943024,-12.894719980361334,-12.88644019586814,-12.741722855613263,-12.396166888004164,-11.861990208749127,-11.239239389623826,-10.696634299486213,-10.389831729011338,-10.39873037020318,-10.682401664241816,-11.082904619269241,-11.388045652053727,-11.434854954962201,-11.198050687760906,-10.86105275388492,-10.695398238282838,-10.908516971555937,-11.482994771471791,-12.094365225353242,-12.17129932809262,-11.111484609976626,-8.519455666756592,-4.641600819664265,-0.31329363428943735,3.271009583183855,4.949530767026136,4.0490447583541735,0.6951997226729117,-4.166510534532572,-9.061960215182687,-12.540274823087865,-13.91727455359701,-13.442586508127047,-12.202786742589216,-11.672911887867128,-13.107760711621147,-17.01230839300331,-22.94037114399225,-5.258280119529492,0.0
15kg_10bpm,1CA,0.0,-4.3032622084208776e-19,2.3969387124341044e-08,-2.025542904998251,-7.0689851879370655,-10.822626516892969,-12.779438556075117,-13.166114500956631,-12.649008028575775,-11.971913943809604,-11.634952481980378,-11.756010085913154,-12.130358422144207,-12.4199683440499,-12.360732526127306,-11.892631528849787,-11.17114946706471,-10.474073943749872,-10.057894326106506,-10.030397743875762,-10.301185128831573,-10.629211907054218,-10.730904477924328,-10.416072015596098,-9.649519047964693,-8.51609527900233,-7.148061514638109,-5.651286496371776,-4.078332463965092,-2.45639077661461,-0.8372090032877016,0.6731918809938642,1.9269631970094983,2.7792649499811493,3.136675873758453,2.985056749718226,2.3944666821997025,1.5119389865767483,0.5490394572361906,-0.23092889169455647,-0.5579562612155121,-0.24743563020935688,0.7288314326318656,2.2066489176604085,3.8589755165177344,5.3054670366370305,6.247964853715188,6.572859578029395,6.377131954998024,5.911186789580716,5.469130331060439,5.2745099635840464,5.40683550017428,5.793686326537506,6.264759159165921,6.64160279581356,6.816309838039913,6.791874440060578,6.669861587894862,6.581582422572097,6.622066026628116,6.811010415555206,7.089740254833922,7.3529721627716205,7.494777931157782,7.448314839342762,7.205328332435795,6.813427545943772,6.359502834956093,5.9495582843313795,5.6888851634005855,5.657665593396771,5.876976855800786,6.277149293364747,6.686065710864607,6.863393859474227,6.603785526870773,5.833877400577504,4.660064987277827,3.3462312084490513,2.211511029853057,1.5024395412165532,1.2987018306959073,1.491519741172666,1.8375300954864497,2.0572350234477956,1.9362958789686462,1.3962798031716006,0.5196666536018322,-0.4705570676121837,-1.2743152170397023,-1.6036705837992233,-1.2912048087784251,-0.41633174948182156,0.6542615073656222,1.3250099154211565,0.9249283294909101,-1.0298107441055315,-4.566552830476208,-9.100742489205492,-13.5037316
15kg_10bpm,2AB,-0.64354851,-0.9426252720069667,-1.9846895717999788,-3.532229528952371,-5.314125849512671,-7.056612951130045,-8.53186791527581,-9.61265484549858,-10.289535181852846,-10.662159141952213,-10.87840221915594,-11.04681171772057,-11.20271026964668,-11.293352591826004,-11.193866766728574,-10.748292482065077,-9.827919286893167,-8.388977391698472,-6.509608177971388,-4.372110392409558,-2.2198126420308,-0.2582620795511966,1.3930833720880111,2.699327549519473,3.673715302861885,4.3360715972156285,4.693800908177147,4.755002910663857,4.5578758204833285,4.190839008781185,3.7780016884197476,3.4396516345383854,3.227782341545589,3.112477786022684,3.002486450930619,2.797650020915058,2.443315968059345,1.9603738294761375,1.437762066915462,0.9933317428000311,0.7216675852406438,0.6585166002089471,0.7613739440225533,0.9314998729768611,1.070216510186448,1.1173465728888103,1.074939652337765,0.9980540198274378,0.9571853319240986,0.9927414501363107,1.087544395194929,1.1724624811657043,1.1588018471749302,0.9823973629921585,0.642078673225232,0.187789089134286,-0.2947415145430523,-0.7117934599437089,-0.9864788539772865,-1.0779288398834552,-0.9920778009661284,-0.7787601210218965,-0.5113769718762667,-0.24988684437105424,-0.0007427198001590568,0.2993826957917219,0.7521631781776907,1.4358632555549913,2.3412270225696026,3.343403602667238,4.235460362761603,4.815339946962297,4.983704855975292,4.801610790327287,4.461283015026934,4.193152091154646,4.103623291009979,4.098714866108117,3.901441544054599,3.1782055921845354,1.7284373103363864,-0.3439475194369614,-2.565989388010821,-4.191346354786525,-4.4543422830285735,-2.8382133681318336,0.6054991021881532,5.167483552599152,9.78560557235719,13.321662002476717,14.909282336741803,14.180371113752832,11.322535781230382,6.996961538394532,2.1852127913105512,-1.985870321579439,-4.3980488775770805,-4.216714401658661,-1.2852312038608538,3.8920894611494345,10.15372688
15kg_10bpm,2BC,3.84702389,5.727004497519897,7.690412100515743,9.376792463831531,10.565856513698476,11.157920030437964,11.157192298352403,10.71536874079924,10.049095615405415,9.346366468064847,8.792933096953437,8.51380685643106,8.571095328901901,8.982780861182277,9.727985799483926,10.679305921317633,11.72741274200549,12.769671075000181,13.737447237433674,14.621958096928346,15.435100322606147,16.177241129130195,16.81684782169377,17.29022934196678,17.52577062393139,17.45316289681298,17.124514868382768,16.622651714000934,16.059381644838034,15.543658764295051,15.110314493155956,14.727601995042795,14.304813473855267,13.728934139593733,12.929396043276888,11.880460732884623,10.588751531834633,9.138979398074948,7.595116159686347,6.007340989707217,4.408843063512535,2.8169309247868175,1.2434677503597131,-0.2965661881085721,-1.7945504320680923,-3.2616727755526274,-4.730044937863162,-6.261734452691683,-7.906995624438045,-9.674812998029171,-11.513792133950865,-13.272713678762816,-14.758578013361875,-15.788963172086714,-16.208238511521483,-16.00766977678102,-15.350270222603518,-14.46883701364862,-13.679877928019755,-13.267660395866558,-13.372609415094571,-13.997040328667516,-14.974402858911073,-15.953043024085142,-16.61679657007919,-16.692516515912825,-16.09131669795665,-14.99507039057171,-13.699441971597606,-12.613384793268663,-12.084078795689972,-12.249396311884855,-13.058653232163163,-14.248432603220975,-15.33383417482378,-15.876080062313509,-15.466854221687948,-13.85548607303879,-11.165484080132329,-7.677665916730342,-3.881591787570756,-0.46831581360645963,1.9680146220248986,2.967089503700518,2.133692663598743,-0.24177582672049233,-3.7004690477833897,-7.546597034716201,-10.86710634244126,-13.011540534570377,-13.684424098180509,-12.99308070169721,-11.724778891880057,-10.905744913653898,-11.49220134578556,-14.373890888198597,-19.395370800767722,-25.895769685693715,-32.77371045937181,-12.689596354490936,0.0
15kg_10bpm,2CA,3.12852,3.614650094863001,0.19224846884171712,-4.955698236209229,-9.782497113963814,-13.055126442188762,-14.499341925621422,-14.528872340616154,-13.82603333468142,-13.003359156253802,-12.441752914723454,-12.282198619335045,-12.498037171236668,-12.979138715347892,-13.58461213217363,-14.148580454811425,-14.454481030977654,-14.22399164837502,-13.17281123329745,-11.14353469918074,-8.252132164590472,-4.938221765403633,-1.8443430676681865,0.4418984282287379,1.6431768350169147,1.8901021925438288,1.6021784880208292,1.2328750299204907,1.0401841576702466,1.011859842203424,0.9635222220603621,0.7225386377920164,0.27618899215236015,-0.1955982250381814,-0.4064541967936681,-0.1103852544226051,0.7707952446145216,2.101547356401915,3.587438434790948,4.900620412342429,5.8113306136310285,6.260942713724806,6.34893282258159,6.255659440119759,6.152164842999534,6.142167891378122,6.251186408707344,6.448280858470006,6.675070072252339,6.865783826694238,6.959087049087978,6.911950846172691,6.720566455292776,6.438545963408918,6.172332589944988,6.041037599289584,6.113273486120683,6.357661448748371,6.643214309400497,6.796773115402922,6.687547100350566,6.291725071481788,5.704179021356383,5.096106996447643,4.644854542524136,4.46816103608205,4.583254153890041,4.898292280442967,5.238970116418282,5.409668155704398,5.2755848356359785,4.832672692316067,4.224413727326295,3.6837504305679136,3.4190301186316994,3.4997677441453092,3.8059738233789675,4.075629596420967,4.032394724276515,3.5279580945268574,2.61986019994587,1.5394190861824035,0.5691248883986573,-0.09667904574985606,-0.4275164944325807,-0.5336894143780775,-0.5721672947717543,-0.6466187113070186,-0.7579017801457383,-0.8202931577034852,-0.7190799337325182,-0.3722316470562953,0.22735676050628956,0.991020887071016,1.7260224354058962,2.137469095773843,1.8561082424309028,0.5201013616543931,-2.0752796238607303,-5.793637400794485,-10.02963835
15kg_10bpm,3BC,2.78513009,5.082782665671882,6.952586289630402,8.114770897271786,8.531722721189858,8.37486502002182,8.034686581255388,7.7863375184696,7.743535594320278,7.835490865936158,7.844773420207728,7.614183466690832,7.109356984839376,6.48149594305314,6.025692165268528,5.999634594130616,6.573648119347578,7.740880831562353,9.258135200452118,10.857015914857785,12.26777109257655,13.318404714101778,14.015445035025852,14.454298942066847,14.78090936360128,15.136770709951175,15.571300621080848,16.05549781888795,16.489903429151667,16.759072323007505,16.791547887082135,16.568695670340837,16.118278975837242,15.54816448713014,14.940197555542023,14.347488984018591,13.77488396625494,13.173963678955264,12.481215306990432,11.635888236700994,10.60628291889531,9.425222298961963,8.13864642794106,6.794645105979573,5.422646936041402,4.020400468996896,2.574139939623208,1.086553751731823,-0.38323776958145056,-1.7374857935643195,-2.8747129326037366,-3.7126096928180186,-4.32207089062081,-4.869467641922761,-5.578519409873782,-6.715122777960305,-8.347153173271678,-10.390431724657253,-12.609453636987734,-14.62031632831295,-16.10651711185738,-16.888553208226895,-16.93371740609299,-16.39425501041149,-15.565777014395884,-14.689637960650408,-13.957169807479282,-13.456798370676102,-13.164061014202023,-13.015366461879418,-12.932822351195036,-12.84856702678689,-12.74075048815899,-12.623473124064203,-12.543483519260816,-12.547172755675271,-12.64726408899954,-12.808117819213765,-12.919914169987148,-12.841763891110642,-12.467468099326371,-11.7677591979005,-10.854426644769788,-10.010080568745822,-9.530600328680634,-9.673130857279595,-10.500766667891789,-11.721444036548272,-12.89072184991133,-13.455281461093703,-13.02651773224914,-11.690341147633841,-9.906753925486672,-8.542605364466503,-8.58305998025689,-10.62985049398279,-14.828177081543757,-20.846405240484703,-27.53039741968519,-33.74704014531474,-38.5174071
15kg_10bpm,3CA,0.0,-0.563155565167655,-1.3459989542917508,-6.188537573100304,-11.800294471815807,-15.783993681338652,-17.205698311848934,-16.516740845702902,-14.841668219671824,-13.343796646382406,-12.624592800000002,-12.472859710999199,-12.284063740281297,-11.48601136568716,-9.944535321734337,-7.96931589611891,-6.076448068347429,-4.6446809548969386,-3.665812470452672,-2.8935952690283315,-1.9779677600000003,-0.6927388459117471,0.9717574376751275,2.774477748789682,4.303175322117114,5.132146739379974,4.895768310980963,3.6101367597294405,1.7233589367126732,0.03799709680103757,-0.69785229,-0.05854300725579975,1.590929489247381,3.6069635864790777,5.325866510641203,6.434063169302675,6.952892405948343,7.074841998176746,6.900154195501161,6.504175335139815,5.9700609700000005,5.498844701728875,5.326210638018565,5.574630294749678,6.119133686713992,6.671319407937507,6.940665575743033,6.775509858600367,6.244575843075885,5.522887974485771,4.83420594,4.392380138975906,4.390209370153135,4.815806045566604,5.473694908712094,5.962951005844195,5.903074635590826,5.163774293612083,3.993844887669918,2.846230166020013,2.1068683,1.8975849193852312,1.993145708243753,2.08838502410169,2.017807736240215,1.8558115839509566,1.7792131918716962,1.8389737988877666,1.8816281825287025,1.6662686659589432,1.09081363,0.34893601633275745,-0.16686738239178373,-0.11178619800222994,0.4493204821617701,1.1227711215411036,1.3912712184443066,0.9867632545818641,0.09721236268068652,-0.7595374159887585,-1.0530609200000003,-0.650715602876543,0.21049906772676763,0.9979785885378039,1.271300493324725,0.907494934459925,0.1413566694260758,-0.6029039269691466,-0.9351603937662648,-0.6410984441856922,0.11494355,0.930330362597804,1.271404015485352,0.7578008404278089,-0.6669559784068314,-2.5176467347846687,-4.026266595920418,-4.555211281983203,-3.966616098962,-2.8910884596983175,-2.35846482
15kg_10bpm,4AB,-8.52746908,-5.2511055573954755,-3.114085874033828,-2.565987405786573,-3.358102590086255,-4.834991840809007,-6.373295524551698,-7.684871214688375,-8.850097403298477,-10.06366051916606,-11.339020636886628,-12.407292179851911,-12.861874967198927,-12.42850304876378,-11.150745526285595,-9.366554598497359,-7.508278374595299,-5.871577549466015,-4.493473937675039,-3.193272581305901,-1.7314945119635907,0.01188341342828227,1.9429924591178356,3.7831558919588315,5.206942221399008,6.025906898969944,6.264027728571666,6.121220632158098,5.847838080193198,5.602352570384276,5.387375459224117,5.094315906341485,4.616035615069718,3.9449528534952196,3.1923290223143344,2.524495440470463,2.0673026393207254,1.8412136850558338,1.7629775282203426,1.7000068984354875,1.5421485929070098,1.2615888858110589,0.9210111838739481,0.6478145868069352,0.5872837483556836,0.8477834215943799,1.4543313796777748,2.3222550175837418,3.2641885879629005,4.037526039205741,4.42356383,4.305786958237239,3.704254497327053,2.7462143232287626,1.5917463289167482,0.36850931686702837,-0.8459150126545785,-2.003283590293104,-3.0525833127300652,-3.9306622951802628,-4.5819188113890394,-4.984612619482103,-5.159460079382811,-5.149354462322894,-4.9791939549318025,-4.622625029549134,-4.002614046516243,-3.0341096187187344,-1.6907416759092317,-0.06068970000361408,1.6468161201001452,3.1528533791048194,4.199738892675126,4.658691122281926,4.55319549197314,4.010637501901156,3.1922770008997094,2.240580975450271,1.2943403378648357,0.5543353725137941,0.32342255399560954,0.9411658543208244,2.601041121124447,5.145077862032703,7.992903354551325,10.312086836535311,11.39054542197152,10.98067057432605,9.436742352046304,7.517607993349136,5.9051809251202565,4.856951709861664,4.12327872840508,3.1625362472920493,1.5232449520753562,-0.8302305765697898,-3.421808944450938,-5.447448349163455,-6.140984556194257,-5.131408901669724,-2.60543528
15kg_10bpm,4BC,1.38009217,4.301882040890988,6.266446250127583,7.388174682692927,7.583487582693172,7.138915295018612,6.4429920266463006,5.941149494486091,5.878092902161234,6.304503855783836,7.147238764856788,8.216748203602322,9.33502695064357,10.385883041498817,11.284517342414787,12.020191629999417,12.593826085633916,13.01009895538006,13.290216672013003,13.47213538592402,13.594110457450036,13.700900570640508,13.831628885855084,14.001582771277343,14.206917201900387,14.419856490000003,14.6031730954172,14.72059466456232,14.725204372753996,14.59707026237417,14.325068665809832,13.909065784271604,13.375979304440246,12.778161755781097,12.162083692536578,11.569419861761645,11.011570697585741,10.471132452390227,9.90939847919041,9.270518619890032,8.516081455791614,7.620198200363258,6.5588398050579455,5.349478700340607,4.015945028834564,2.5932454069632125,1.1474568290434792,-0.2322824530221722,-1.4542838970751972,-2.409611380188688,-3.0718247,-3.490348309217366,-3.787916935407817,-4.190447062730164,-4.9127691232244795,-6.101377377698382,-7.826279305504646,-9.920564583898473,-12.12046971645422,-14.12613817646008,-15.619954581474625,-16.498796923031264,-16.75758785512137,-16.458246061670796,-15.774083536660292,-14.845873711775836,-13.779590584281493,-12.696594252351627,-11.74720842270737,-11.091978664723948,-10.917549749451723,-11.287674722961968,-12.106764650906548,-13.166200601937227,-14.106176777416385,-14.59139344,-14.403820886119139,-13.436521270469937,-11.858266731708392,-9.998920342359096,-8.237793767354738,-7.05753545920543,-6.734749028923591,-7.407765974976588,-9.058784518219515,-11.331837071032076,-13.690308069583745,-15.564074500403887,-16.275778785617003,-15.629730485551734,-13.723402647843963,-11.040162424163615,-8.571156387309529,-7.328336892722167,-8.12497023958699,-11.629396379113045,-17.305806090860173,-24.29568731681597,-31.25212704639599,-0.00012550135585845184,0.0
15kg_10bpm,4CA,-19.82692245,-21.32621413680017,-20.0510449164182,-17.18105063578098,-14.296838011881198,-12.650614793927891,-12.67819115242878,-13.92409624783021,-15.338525517527927,-15.749689452381478,-14.458148370911728,-11.520223495879154,-7.739936992670887,-4.408424627354868,-2.797748105730055,-3.616806830385409,-6.639705360371544,-10.705054998272058,-14.134636774208298,-15.416432788328613,-13.83856885248879,-9.770108704412445,-4.463683315765173,0.5239019641179893,3.9317295351012507,5.282317290000001,4.930356877585815,3.6746895446000303,2.356664522753732,1.5157046915702133,1.2618674096559759,1.3774066946886991,1.5480905258160225,1.58787761106012,1.5463320575083577,1.66304972927139,2.2136921639567873,3.3381995276253025,4.940038115046612,6.705156585491084,8.200520939622143,9.053792320844869,9.091290364933096,8.369707676941157,7.151442207445237,5.804239767807165,4.67727203763522,3.9990507209930195,3.828955479554126,4.074072846275769,4.5556155,5.0922196927394605,5.563159020334155,5.928066713946159,6.2010928298124215,6.402952882199295,6.527903008667092,6.549605439013806,6.456776307819526,6.287456636142432,6.130797823853423,6.084504777466193,6.191070142509536,6.391618129691286,6.532178547820933,6.428457743312897,5.960437047385216,5.146649866811228,4.156543552566746,3.247945799810742,2.6587079710017516,2.5071480815023888,2.7236435251127626,3.0979526015971084,3.391570686798865,3.44773682,3.265686552518071,2.9899407250986765,2.8206759560056853,2.8898083839609057,3.169930271722321,3.4666311632101197,3.498949196124585,3.0241866685598295,1.9480655429329017,0.3751384885657212,-1.4114219740214153,-3.0003031523112274,-3.970202219643226,-4.007275662670673,-2.988759145035196,-1.0644305836273034,1.324965940647804,3.496827764490278,4.649101196528126,4.052608716500161,1.285747969135199,-3.544454615680212,-9.689753926049374,-15.846461215615374,-18.43098569
15kg_10bpm,5AB,-3.10761884,-3.1117939701295785,-3.821753003747565,-4.755544423903504,-5.667400960961194,-6.518518720068671,-7.368855095841643,-8.271710722968223,-9.219085890579397,-10.140533981855263,-10.932175298689804,-11.487772605934895,-11.723980488010861,-11.601014151396349,-11.121994724182395,-10.322931325403678,-9.266842485205899,-8.031178929134445,-6.688680031637693,-5.290579886258277,-3.8609637877954315,-2.405429751027184,-0.9272689509838268,0.5596114566998633,2.0261293754608816,3.428687683114157,4.709491569393221,5.796404005796736,6.608467405839433,7.069208132674285,7.126075031405257,6.7771579108394695,6.081388928226489,5.146046111103018,4.117086540414645,3.165722887691639,2.4606696554029424,2.126843769727753,2.1992070440473466,2.5952069281804406,3.1301758407511215,3.5796397435164855,3.765526115874307,3.626507589042471,3.2369997818941245,2.7642690652806814,2.38196948295501,2.181271195894457,2.1247817074174082,2.0575482085492833,1.78539288,1.1810440030673814,0.24711974479167692,-0.8742506030827104,-1.9530412418959155,-2.760007404471762,-3.1466589185010925,-3.085658662682452,-2.6618560145851635,-2.02695449365066,-1.3427494110907627,-0.7355659429460105,-0.2750066203667466,0.020750949287003616,0.1601556252609041,0.14704524576416728,-0.04029359876268944,-0.44446130056009747,-1.08850784858547,-1.9194587132231258,-2.7764845684938213,-3.393183225532971,-3.4483211158510962,-2.6612326941326083,-0.9027564797855033,1.7084949094403559,4.764729635895143,7.6210272402055335,9.552900751564005,9.987145985306423,8.72862119563042,6.08954915129996,2.859710896026541,0.1029493904192302,-1.1763259372341004,-0.3671153632938869,2.4722136489752935,6.516162934629472,10.44949104323659,12.891804371067062,12.819719781502524,9.896711280874527,4.555983914862766,-2.152334617474237,-8.857883892311907,-14.202185549403126,-17.113351767886936,-16.97969471089306,-13.714909416292159,-7.721604396488072,0.18097647
15kg_10bpm,5BC,18.26764233,19.362056706488513,18.353987442719966,15.778654626246842,12.38729476536394,9.210930031251172,6.950451147272734,6.070978505464717,6.402267596468252,7.65948905477093,9.230314910000002,10.648372373379468,11.540341419986422,11.920403047240779,11.92861967251798,11.844545503229858,11.935933213085267,12.388352324043716,13.251869162094987,14.438208454091592,15.840700180000002,17.274413026111446,18.605635984161985,19.67756157232135,20.431794857586784,20.792452706458114,20.7268668387654,20.286464107745424,19.495562949255202,18.47284273830256,17.33093028,16.191476815915173,15.1573046055593,14.29218816494662,13.617303428913694,13.06896408367328,12.563306756640118,11.976102929288311,11.21860226047673,10.187062495145925,8.88701646,7.329875731829031,5.541563016764721,3.6066887438378856,1.5841128165420364,-0.43454395628479103,-2.3602734826556735,-4.0711639780458,-5.495849456555952,-6.609164081552641,-7.419509130000001,-8.095273820572507,-8.80680807121389,-9.76315521878101,-11.0514349897001,-12.689729848782207,-14.4916838630098,-16.216995419167226,-17.531889360923728,-18.289130396185158,-18.42639408,-18.037468253016726,-17.400886699621623,-16.755903302250545,-16.295333834767376,-16.041047063531977,-15.91090418623272,-15.713692140363031,-15.316424195027288,-14.650673093343023,-13.843071270000001,-13.071906382449502,-12.568306176853293,-12.443433418812521,-12.764115311208403,-13.389690152309486,-14.14584190655844,-14.807040258962706,-15.208098663025485,-15.228938864264192,-14.816056440000002,-14.04598318952273,-12.993669316713005,-11.826537517333417,-10.688934202315703,-9.729161973735406,-8.986945961622027,-8.459436072927057,-8.107921648324371,-7.89355923656647,-7.900823400000002,-8.358244600596372,-9.524770582613293,-11.846335887079752,-15.379225770891503,-20.00341540631331,-25.291168379273156,-30.400098904888665,-34.41674950742534,0.0009576377239528453,0.0
15kg_10bpm,5CA,-10.79817157,-14.508908116772707,-16.706900228309664,-17.163520140818413,-16.249594819126138,-14.629923488925403,-12.931608614629672,-11.523550183250222,-10.47957977938286,-9.694280902243834,-9.05749866479682,-8.570053647578954,-8.342486951786931,-8.479067802396631,-8.960225950675108,-9.587158376781773,-10.02637605321189,-9.933565769646215,-9.083175997159719,-7.470117835444023,-5.343213786677311,-3.040920265522901,-0.9106633770084133,0.7756651497466674,1.853534998869078,2.258688765550394,2.0104158892848774,1.1892072435296392,-0.03262062829098358,-1.411684416692409,-2.6915146028337746,-3.6489332745264704,-4.153011991193274,-4.18969616561856,-3.8373140932332124,-3.2084022833557775,-2.3822719265584844,-1.3924579157211012,-0.24874982034247686,1.0103448644214088,2.281558361402872,3.4105903124299206,4.247424530753263,4.713359457541006,4.845792330698449,4.787091758272536,4.745015505415622,4.882587609936942,5.269553622349085,5.867790997089036,6.558597102866603,7.196239787255855,7.662491454829097,7.902782449426896,7.924610528014084,7.799821439035439,7.608987902175662,7.426339185806611,7.311467202827137,7.308189487020515,7.441119193366611,7.7051676149330905,8.051374396267907,8.37615592007499,8.542591575361065,8.423156568274262,7.9471846112650955,7.139451537012705,6.132989342359377,5.142946754567094,4.40410265087674,4.092001752856595,4.250158037505759,4.720002795627179,5.234939145559641,5.499489871601065,5.307719906407302,4.629975236426771,3.627691903239223,2.5841164132371333,1.7853244896752445,1.393218801356736,1.3557885701310686,1.485707725393678,1.544602082222159,1.3494924787178804,0.8414357153488052,0.09745242586610517,-0.7096714251838335,-1.37440840714873,-1.7285620961161348,-1.6955245479938492,-1.2688755272542231,-0.5117035716498232,0.4353139046223787,1.3243247284169093,1.7824817898426437,1.364633589048858,-0.3512275646215348,-3.4277335596627667,-7.43449652
15kg_10bpm,6AB,-5.53232722,-3.4867554097212556,-2.425404894581027,-2.4154953872609912,-3.2987628333246577,-4.781075135155358,-6.54648567552111,-8.344215869275741,-10.01121533282237,-11.434641691474477,-12.477920631338163,-12.972890960437024,-12.768025017639,-11.791818973789777,-10.135453360912438,-8.058134567204075,-5.923547873581916,-4.082965699478407,-2.7569288646305976,-1.9652426645673629,-1.5466528659852796,-1.235469441734138,-0.7994790587958565,-0.13649728550935886,0.7155517584257751,1.62049946,2.412273715532666,2.9561927888122157,3.1838321664114093,3.0998476946887554,2.771439885706864,2.30452315332214,1.8295247207765541,1.4608198768132588,1.2836633773513344,1.3413016090831258,1.630398172106545,2.1029463856421855,2.6745135965647524,3.238236844021714,3.685987095733228,3.9306948758088045,3.939917853621113,3.7612341908521443,3.495925677653462,3.2715205417830675,3.1927434970104045,3.300579056815479,3.5556386316010964,3.8518757252256854,4.05303347,4.036931907870717,3.7244861975909447,3.126025285509943,2.312041170145784,1.391025414623174,0.47517073816619065,-0.34991279331042224,-1.0379636610294949,-1.5754372057916326,-1.9634887836350736,-2.203814659296961,-2.290572512944257,-2.227830550368239,-2.0415044679506815,-1.7788001998908816,-1.5049581863434327,-1.285608761699486,-1.167533013147188,-1.1636226340493256,-1.2454496927946157,-1.3431201618743722,-1.3525934168785196,-1.1480791717791523,-0.6388388591286009,0.20193684000000003,1.2987718196596179,2.4692848067538393,3.4580153685759276,4.004354618804831,3.925365129426138,3.1880036433434076,1.9557598445361681,0.5912781340655533,-0.3773480882413285,-0.42371023324511176,0.8347970289759282,3.4414095239335953,6.961866328183459,10.462703854601607,12.679145720886202,12.369433954120412,8.79742600055188,2.0952970000459943,-6.426021812920907,-14.529619513590657,-19.822241327447685,-20.451644342192086,-15.731604352198866,-6.38050280552693,5.73491455
15kg_10bpm,6BC,2.54899496,4.965271874979418,6.848795877597711,7.788482054425809,7.762381957700865,6.8321545574106874,5.388747725159824,3.859091991114257,2.7003890696976747,2.180947332783026,2.4073577609925674,3.4294720625742,5.006222810471353,6.992054476994056,9.19987032501624,11.467212526254924,13.670531377136001,15.698990706769873,17.485917903480402,18.931585558923285,20.046150198367567,20.843015554257818,21.33598200760755,21.616203691294047,21.712903656493193,21.63944009,21.398441195725013,20.948797602742474,20.275905447851194,19.398835768295918,18.34192864856075,17.211720276111052,16.100890476279385,15.121516455422991,14.311871988761862,13.677156462198175,13.145175439028485,12.595463478608215,11.885658671923327,10.892745629709978,9.564902587168437,7.835996072350967,5.791003195367858,3.502578724593698,1.069460645499109,-1.374264401749156,-3.719388739724778,-5.8534570344174615,-7.724194152603352,-9.267581744603142,-10.49498153,-11.453729952683432,-12.172594989805866,-12.746843023697256,-13.225390464889301,-13.631048531904327,-13.962691902949754,-14.174066630010262,-14.196095875140086,-13.998321376043995,-13.556695767735933,-12.949631022111165,-12.300591057731287,-11.790076828200485,-11.555508077418397,-11.674799445004053,-12.168902948604023,-12.887107177721719,-13.684372713441492,-14.380879104766512,-14.880855186533275,-15.133745373686324,-15.197742270913132,-15.1558848513459,-15.073721760666649,-14.971193730000001,-14.799508761928477,-14.433042552378032,-13.789504787268976,-12.802870941738151,-11.529392540897058,-10.155284176694206,-8.943848045845058,-8.181811248927259,-8.025582806618468,-8.613594172072178,-9.699991102298984,-11.006293512131545,-12.103834793348145,-12.68973459783356,-12.589043693687268,-11.941145568089691,-11.18071340375114,-10.936343069479282,-11.854008381375081,-14.281416601534334,-6.386852679369011,3.1939127147451527e-09,-4.030025904902168e-18,-2.1739565365064422e-27,0.0
15kg_10bpm,6CA,-20.83181629,-25.49615576402881,-26.835633808793926,-24.975898174470228,-21.059138838900644,-16.60258180393316,-12.87785791267163,-10.536445758506272,-9.574033567649153,-9.546225442787863,-9.89332465,-10.18043271764109,-10.236941552940126,-10.070692674075277,-9.757705385917651,-9.353833678561749,-8.86709845906063,-8.284895108668874,-7.616383404406459,-6.901742453827139,-6.1735082100000005,-5.390875939881916,-4.428495833845309,-3.134011583439113,-1.4338679939519152,0.5747211166077335,2.608131906276624,4.2815721500637105,5.226319456696585,5.300704954168671,4.611676100000001,3.443816143589241,2.15776594467363,1.0780711154550202,0.42420114775822015,0.29359828452666364,0.6745437254591673,1.4863888481638319,2.5685933511386545,3.7343995539032853,4.79963889,5.611327520095031,6.080832916455353,6.20386752386104,6.05793186369536,5.775024777868051,5.493997981844935,5.30699367204446,5.219049861270734,5.17101104084203,5.087722280000002,4.938803482186721,4.7752149617350845,4.717320163566543,4.893946595548863,5.370612841033659,6.077354720553723,6.825216065438346,7.396549248923173,7.629177213496363,7.479142950000001,7.025261511059908,6.4181031556172075,5.804893786175543,5.272525551232108,4.83104417309929,4.446651330648699,4.105065041877548,3.84149226102417,3.7350832418845257,3.86675154,4.262755248520921,4.852785889872939,5.465158561374119,5.857724233144129,5.833540030388627,5.307474748591988,4.359954320378244,3.2210415756292217,2.193436977826586,1.53661411,1.3624569522895718,1.5924461388301705,1.9855927123806563,2.251939931067213,2.1914080410299346,1.7499513420050294,1.0188652095798612,0.18356754976174963,-0.5458168754896816,-0.9888062299999988,-1.021719491790004,-0.5790427360430827,0.27687203007482863,1.3627487203299222,2.3161630797430948,2.602910310475722,1.61695134336995,-1.109173044036476,-5.635716847424342,-11.39112918
15kg_10bpm,7AB,-7.46601744,-2.3815331709125416,0.23661510811515823,0.41305753396786027,-1.1355752177722764,-3.5027168734861958,-5.929502117046105,-7.978086050941944,-9.535727187702124,-10.69537604638879,-11.60274675970286,-12.33097201032536,-12.821293511187626,-12.905718987119002,-12.398018496178258,-11.204089124425982,-9.389155273698902,-7.1628196198085945,-4.791266932746586,-2.5055280544374794,-0.44976017328223095,1.311081745090571,2.734483975772715,3.769080893362313,4.37216731105639,4.553159821840151,4.404759277282468,4.090449316563524,3.790053446970731,3.637903825624653,3.6899465761254246,3.931324697762498,4.3078961396852415,4.754088661729226,5.201489516965515,5.572067963965741,5.770039425416765,5.697011884350515,5.2913911786231,4.555541060033212,3.566812579147823,2.460026552402227,1.3838796464202587,0.45823839610799094,-0.250548374632008,-0.7319679288627509,-1.018254350169473,-1.165865632048008,-1.2374090244844347,-1.2865343167964145,-1.3479537368717607,-1.434872367767958,-1.5451043592710343,-1.67189177194859,-1.8125878110183689,-1.968805284685633,-2.135941375068225,-2.2879353088624472,-2.3688075954272634,-2.302726848394802,-2.023793905123832,-1.5126089971278942,-0.8169373471529064,-0.040989249373685935,0.6920741295328667,1.2824772132024074,1.6776544934741322,1.8707685070042417,1.8854887363570525,1.7632146923143046,1.5656219751106601,1.3851088046820563,1.335911352653137,1.5279231555851387,2.026258053770465,2.8078500245413767,3.742016292716407,4.604693798244132,5.125869386816966,5.059223754596134,4.2577181710919945,2.7412477295038116,0.7420346829567975,-1.290430510737625,-2.7470886327958266,-3.0050804394703787,-1.6355083182278813,1.3585502397768046,5.307574772513933,8.94444292216685,10.747858338206564,9.451051719306255,4.641010460381626,-2.877951488822821,-11.146498570560157,-17.573760345289468,-19.760939513300453,-16.313266790352174,-7.338700873553622,5.551275717152204,0.0
15kg_10bpm,7BC,-0.22213207,1.5896417822277307,4.13281552615346,6.587055721894624,8.489733061315212,9.643529580996951,9.984774655011043,9.7480828491825,9.195328759043333,8.58822014898535,8.178131229083592,8.102571586891314,8.436943865927988,9.200600720877837,10.276626147841215,11.55447331686532,12.897591842306879,14.167659024729774,15.282812862073312,16.18298076593734,16.866616370000003,17.354213239038415,17.649960206296385,17.748823443705298,17.656354353030228,17.37163486232007,16.904496816916335,16.33081234359831,15.717142481885189,15.1324365501398,14.605872877136502,14.117660759990404,13.610042043528063,13.00301955325037,12.248511797626994,11.325416437302174,10.248952995302353,9.07482153725491,7.8364437192433565,6.5377749486424355,5.1610726200000006,3.6727047627254046,2.038212089802485,0.2811992276578687,-1.5299041821511774,-3.2919382383551676,-4.875933527413342,-6.207266769327701,-7.252422230874315,-8.026398670274846,-8.648358906730454,-9.22089772130529,-9.850295110661586,-10.587737309130413,-11.427196304014888,-12.321511549661794,-13.181434874262054,-13.924910522846949,-14.47279278619442,-14.749661759876815,-14.740117350000002,-14.43825482196746,-13.854516951653007,-13.108156193900719,-12.313414583379641,-11.607318216852299,-11.077236067038475,-10.721711843098618,-10.47293537924767,-10.201136386279167,-9.824647747787726,-9.350658735730036,-8.927737243530617,-8.777737011554017,-9.091648406369927,-10.020792264941834,-11.383398589129744,-12.87866730518863,-14.059358307680638,-14.485612296832636,-13.95550772,-12.433552422625226,-10.199194077478708,-7.783697104156674,-5.700910682894654,-4.5425701275836685,-4.488771351826078,-5.527694913459527,-7.455887935116022,-9.714722406890248,-11.822374724654587,-13.365991230353202,-14.181759081538068,-14.436030355851422,-14.440618370087758,-14.661091926408721,-15.421990691691141,-16.700946509549446,-7.419819681185729e-06,7.701192791803775e-16,0.0
15kg_10bpm,7CA,-21.94195441,-23.76312689787556,-21.414370086790306,-16.69692123528717,-11.999229406445133,-9.088051691146504,-8.43657837386089,-9.163801557434343,-10.129096704231387,-10.561156209524501,-10.339636527185194,-9.833654588582473,-9.439390595171618,-9.272134483432675,-9.167737176560676,-8.818219692165407,-7.972137248333534,-6.540660708621827,-4.5881203182141554,-2.304034582000749,0.02225696165108297,2.0368930647687122,3.3989703805810945,3.851749969031368,3.3259733444201145,2.0051959579604737,0.39458590298243074,-0.9514294838201095,-1.5898976969162228,-1.3539919392546875,-0.4234764531789918,0.7380445058906827,1.6581454830970523,2.0052332959709394,1.6918125173124352,0.9259283209411902,0.07852811112920532,-0.510902167781665,-0.6606764475385991,-0.378277237023387,0.1674670765099132,0.8186890778689517,1.4965613587991025,2.187415132955099,2.8815235233788044,3.528674235067097,4.0646744229515255,4.471209105343573,4.810162042416544,5.1927235561534415,5.675988750121229,6.205590253454574,6.641733239550758,6.8457256280762815,6.779158128870844,6.547748733135381,6.3212397942037155,6.252322086687332,6.40112590121658,6.679461795342205,6.902066260345589,6.888253551863556,6.567447413832823,6.040170100511164,5.55860362234912,5.338287262387026,5.416695222867705,5.60754393306582,5.586548409989838,5.140713728809604,4.295839215282066,3.2977338750446283,2.4719210868091297,2.0585172882786167,2.0525571005553154,2.2669251595404294,2.4125896994067304,2.218917439510088,1.579601919476663,0.6423599702647229,-0.27644170272890933,-0.8358577272315966,-0.8368634411573584,-0.39106446246926657,0.17506676799753862,0.5114126482628143,0.43371199150355155,0.021967768564075767,-0.39141305227331313,-0.4731469501796598,-0.07254906892884241,0.6679185247121204,1.3168282589243478,1.3524821515901448,0.39997400718291753,-1.6076333252529507,-4.364110054493967,-7.229709090224909,-9.47311521131145,-10.521828539025531,-10.08881685
15kg_10bpm,8AB,-8.00942515,-5.726337750872369,-3.850264609886681,-2.7558244742179427,-2.583574199786849,-3.2471569516933503,-4.536662100562603,-6.225982432623336,-8.123678657740918,-10.051044927393475,-11.790391174912218,-13.040332464342844,-13.526087780742479,-13.084180275166204,-11.75439848039707,-9.791551626079945,-7.5850281018101295,-5.518046932283909,-3.8328119652094217,-2.5602506932994626,-1.5574883636878227,-0.5986618346392805,0.4554289008253141,1.5943890346149687,2.671715805505062,3.4872696249032336,3.8956055811646753,3.885922245191089,3.5983486954190367,3.2675943026749663,3.124518660546213,3.270283781258825,3.6529532068952637,4.093506481206781,4.367480269269931,4.3001159897354055,3.8354906425202886,3.054566215365598,2.1370875601145176,1.302648275885817,0.7127881021831918,0.43845818396007447,0.45413185655865956,0.6643747080118965,0.9451414213132866,1.1859569058981114,1.3194481508048688,1.3315503216861984,1.2582278083369198,1.1710760257972774,1.1431686175738482,1.226210872381284,1.4261670170344523,1.6905554564139438,1.9173888847062228,1.9879112229806986,1.8143008724427852,1.3775543858217958,0.7717091901485617,0.14754969043054297,-0.33566131935121635,-0.5752016958022,-0.5685547188229274,-0.4144564382000815,-0.26796626321807,-0.2673305748060331,-0.4738989604801723,-0.8236845441366615,-1.191367416424415,-1.469936692141642,-1.6459088150142693,-1.8215031414743819,-2.1580666133284447,-2.7584933539309953,-3.543436652696223,-4.181991463610659,-4.160602145727613,-3.025133344865056,-0.5992125536978304,2.830430124598944,6.503331119310274,9.386443939253589,10.547223599566124,9.578555364581922,6.825076951512394,3.481305320629369,1.017567592282572,0.5521288539377751,2.3560550063058847,5.6696722826005,8.959263584906104,10.543617564354362,9.345991584676234,5.391643357910486,0.012298854291728464,-4.720180445972343,-6.935133847056533,-5.604008299367239,-0.8606538675066733,6.1438137346534365,13.7471239
15kg_10bpm,8BC,3.78543624,5.422075385927141,6.372853067116397,6.857800610891234,6.852313709742509,6.483929330047185,5.8862945543582565,5.248073752226471,4.7020784362159995,4.395590633387396,4.404563696517145,4.79232770737971,5.65375043957592,6.918099420004308,8.531937539565957,10.364464437336856,12.231614485598788,13.973168151570082,15.455570415409671,16.64566745879166,17.52602191821837,18.162657344354507,18.616016701175663,18.892656399762032,18.993169755656663,18.87485476113729,18.44654661008379,17.72503838339054,16.7353436970189,15.583921281227514,14.440054641654843,13.466384855652102,12.794665175958446,12.436887382207093,12.362698902506077,12.421202301152537,12.461209643949742,12.314758779422306,11.894899063338025,11.162903930681077,10.077019016138587,8.709945474720332,7.091327774146518,5.267945859262232,3.329875408238236,1.3653094477951777,-0.4918302847096615,-2.126222370555234,-3.4038684398992367,-4.285645478696027,-4.824947585487167,-5.121462499376732,-5.4033163393136485,-5.853379259382007,-6.6695740208879,-7.8474812650401224,-9.326998813605123,-10.932575058441095,-12.450750085862563,-13.702256886948716,-14.572669780201316,-15.069265470165542,-15.192052195584745,-15.00362145179654,-14.54919781359309,-13.820369772293464,-12.88557503134649,-11.823876094457468,-10.785567216102322,-9.946799638552623,-9.460741746871706,-9.443040869566133,-9.81518200183,-10.465885825274261,-11.177346230604329,-11.761850658605661,-12.072303821870367,-12.088338584094222,-11.889191150050967,-11.602050095097562,-11.405537101307447,-11.425632396494791,-11.800395273319419,-12.509269990472282,-13.517000763602587,-14.702154510404357,-15.862868903919328,-16.77931954282444,-17.21863747937546,-17.09042412903696,-16.34571571145239,-15.192147632373928,-13.951724034343169,-13.096664421600689,-13.050827878984844,-14.098678329174797,-16.548499941543973,-20.110215470720657,-2.0520183131509904,-4.626349677330652e-10,0.0
15kg_10bpm,8CA,0.62011137,0.85900856097907,-2.8946576398929222,-7.67651063057983,-11.762320590000002,-14.238049251838454,-15.029951113658484,-14.600764855101616,-13.5558503,-12.358865967706025,-11.232253805957136,-10.204341296767833,-9.21503609,-8.206725360533705,-7.170871071462857,-6.155978465065845,-5.25347571,-4.573662940938047,-4.217937471592321,-4.252845577159475,-4.68870968,-5.463201186879333,-6.43188344890799,-7.373089718800527,-8.01807997,-8.107734123867624,-7.461510238988437,-6.033651340377729,-3.9363001800000004,-1.4240943708302902,1.1516368358103373,3.4070848200303225,4.999685260000001,5.70251129860793,5.463760686792148,4.429273759662063,2.91121271,1.3051976298374852,-0.01842164878030205,-0.8101336861048116,-0.9899267800000001,-0.6369903104626842,0.06604674781107599,0.9061920257553734,1.7042093800000002,2.355692933180343,2.8460975244697337,3.2406893703045467,3.6505569600000003,4.180218919296393,4.8729317414028905,5.678563229036388,6.46379563,7.064116206768642,7.353573431920676,7.298915270942887,6.972940540000001,6.524376226582092,6.123190052636454,5.907230836094094,5.94684581,6.230205521281342,6.6684405818856085,7.12086420772646,7.43924356,7.520107982201513,7.345453861555911,6.993132194412871,6.610407049999999,6.3591812467995945,6.351916474135883,6.6010301279658306,7.00241092,7.3649605768617095,7.481441965475347,7.214467791179509,6.55642402,5.628256439553495,4.613847209510759,3.667466173568658,2.8511264000000005,2.1380095060162385,1.470610840046581,0.8249683111428937,0.23435688,-0.23754696790982854,-0.5452955647915944,-0.6921680799277079,-0.7222459300000001,-0.6841510953124731,-0.594477979850458,-0.4266207172510782,-0.13587023,0.2852552894469117,0.7420487563370884,0.9953599407871502,0.6812517400000001,-0.5797125441619946,-2.995044343704237,-6.4114667949042,-10.23524778
15kg_10bpm,9BC,-5.14464503,-2.48471262633032,1.1280001827551192,4.834937413853148,7.863501638747963,9.65710154452012,10.16106686349738,9.493615051720315,8.184817204835134,6.775377637574396,5.762458578326079,5.44388969493083,5.8694173117708015,7.026820482161582,8.65120598249738,10.517928432238945,12.410254918317326,14.15127403066533,15.646761986620588,16.795727939138963,17.616223903161117,18.107140783690706,18.243285891278582,18.091355624420164,17.684154723782893,17.076756550000006,16.385336725362574,15.707666663122772,15.155608153131967,14.777599820192421,14.591336438315649,14.552652201286776,14.56559168392627,14.530832597101858,14.344140489550455,13.953649177572961,13.313611093416382,12.42402656488499,11.313980291118765,9.987942529484709,8.47455759935498,6.8040147451447295,4.997728723414503,3.122871432043902,1.2553571243903017,-0.4958452636041716,-2.0394124019148236,-3.3206500905848775,-4.28679662911197,-5.0218284821576855,-5.620273069999997,-6.219482030201926,-6.945861006462244,-7.866058383718272,-8.998059826073947,-10.229812784829715,-11.43707139217189,-12.451297062538442,-13.191538053743074,-13.617792689661002,-13.760891675135035,-13.73611518398049,-13.633416596250852,-13.532702246609977,-13.457941206845891,-13.391129958815442,-13.278987441770022,-13.076339641057555,-12.747453381740188,-12.306246065567667,-11.81118548099854,-11.352516540814575,-11.043931398976872,-10.963718065020956,-11.18709795947362,-11.67012205,-12.311489375259951,-12.94847414717098,-13.387282971727835,-13.499446435448332,-13.17170670026289,-12.519341082404061,-11.701485711426777,-10.978591977806751,-10.570481014166315,-10.59448619732832,-11.05765254348515,-11.698456491916003,-12.225717103515597,-12.254374186060549,-11.627443871900757,-10.31538404049839,-8.565022657464162,-6.868467680809677,-5.7895220865361345,-5.945225890296384,-7.594410327129654,-10.913772110344496,-15.620309847881293,-18.00194082243898,0.0
15kg_10bpm,9CA,-24.3120054,-28.365415974535036,-19.875337241232543,-12.033639134401792,-6.915285404928784,-5.231906439223712,-6.339350655117552,-8.792519897909164,-11.09793129314057,-12.300616175680641,-12.196226504086226,-11.17163022967333,-9.840464274512552,-8.691732187330981,-7.908101829775248,-7.388341029208788,-6.899869594348656,-6.24585007112224,-5.361486378986703,-4.319837229123168,-3.279542770008254,-2.4181108608076394,-1.8754091812614946,-1.7126547648076973,-1.8899647503023544,-2.2730167800000003,-2.6790332990215404,-2.955182783428884,-3.056641260615833,-3.0785575494504522,-3.2126667941517146,-3.640419915273431,-4.415205956429691,-5.398313795254228,-6.286721911928789,-6.721248300800784,-6.421981055017337,-5.28874220860429,-3.4284963188783713,-1.1097246689916278,1.3271806303546387,3.5649851809147655,5.379561050067601,6.6701980512652,7.450417039036552,7.809479310054119,7.861816017508182,7.704719767777038,7.400406718732315,6.9864679745831735,6.503965850000001,6.022506071212732,5.642177607894196,5.464686105840832,5.545621697151761,5.8556107299804765,6.278287466709207,6.654303868431253,6.852816853247134,6.832868947408327,6.660392288442253,6.470784096251892,6.3965010607283475,6.496754709706473,6.72451825067304,6.947240447455616,7.011207116186276,6.818350754664885,6.379076038447153,5.816521703293514,5.318570341461476,5.054504900638164,5.08880799092123,5.332095670857184,5.561633295517547,5.515364040000001,5.021758579401269,4.098126424811617,2.9583545266681988,1.919508846146194,1.2553237059605848,1.0736892000364175,1.2785012369246904,1.6292196257157718,1.8625984692415767,1.8132797211763902,1.4751401957821348,0.9795065221393465,0.5092085970538179,0.19578362475372055,0.050945090980935165,-0.03357825714368346,-0.21381471135591634,-0.5804115245286262,-1.0653643077823387,-1.4359224495893756,-1.413345773752007,-0.8897272971904739,-0.1399892387977543,0.11807205038197587,-1.07027401
15kg_16bpm,10AB,-5.76506315,-5.926029690672372,-7.305007685213706,-9.404126275047656,-11.941734245172174,-14.484021579959405,-16.70524322144763,-18.399730646497755,-19.446380634003873,-19.851277100749478,-19.6747943527007,-18.968323956247936,-17.810467695168114,-16.185488816799655,-14.157689259555202,-11.701818317005745,-8.960177132981586,-6.029436329329783,-3.1151506933847832,-0.4332541663392969,1.8873035689519713,3.697455051619545,5.030441587592675,5.923808019211292,6.530158587152811,6.985240362710645,7.416106401726141,7.884038113224216,8.387965618528355,8.870957551711534,9.231784799816465,9.409646094611356,9.307354629377958,8.967771484550381,8.383338051508094,7.6657592086465085,6.8790045005621785,6.098712042292095,5.3600143002226135,4.65567397292651,3.9513651669378564,3.19349942987218,2.339441715461776,1.3639269235750393,0.2851559981075652,-0.857177072055457,-1.9988517869939908,-3.0655122098998566,-4.021924219004239,-4.8096155522789426,-5.449850339905798,-5.910208416188419,-6.212876014038862,-6.314009032159473,-6.1954387262422745,-5.790884135240552,-5.0675363235361255,-3.99513736117153,-2.594171649813005,-0.9446215251196598,0.8225397040907776,2.5384507853798244,3.99617365870357,5.094609770982823,5.679286503753612,5.847260478323914,5.603622980300354,5.1450964113283275,4.569615004582501,3.9802116414199546,3.403182422763473,2.8159977504612215,2.181138026815581,1.49189289595454,0.7997976908735512,0.2318947305797199,-0.07903999057659487,0.015551859097415133,0.5036601947389032,1.3368678338800353,2.292275798459292,3.1360829269983896,3.7269219717473008,3.9509203303362965,3.938417715771544,3.825117816104417,3.7957817966491225,3.9721453098704864,4.36824761917714,4.937209403558507,5.5716319509732894,6.162683354172883,6.601050467833142,6.84974101330233,4.068812623561869,4.115796722513204e-07,-5.287783268952681e-16,-2.849651330905278e-25,2.0675089561061284e-33,-3.3911312347223034e-42,0.0
15kg_16bpm,10BC,11.29649082,13.016485707719903,14.347996496470744,15.244162664343392,15.76702607531923,15.94978523,15.828723173768918,15.422161167373664,14.814360333675614,14.044845986188946,13.156310760000002,12.194060891665655,11.233790877545752,10.343278453049622,9.597677529647848,9.125894420000002,8.992638907372369,9.263643916079376,9.988166682346938,11.239934879378932,12.95770088,15.043562681949226,17.383139307253174,19.82694283008584,22.181057644595814,24.28410258,26.005771285697666,27.231094980173363,27.889084624073806,28.06634037775559,27.835192050000003,27.296503541980748,26.565283069813596,25.78834403896863,25.044537019664478,24.37720686,23.79693062674393,23.245004150786873,22.652286760897884,21.939375979291196,20.987312770000003,19.751184356322874,18.200383784258456,16.32751474891805,14.119898651831763,11.64867992,8.98912994643158,6.208669717932812,3.3756712691728423,0.5637219277944383,-2.1720789700000003,-4.787626202779388,-7.236001887382896,-9.466269509262741,-11.469042723387519,-13.218505290000001,-14.689399092836586,-15.838060916936968,-16.71830363026515,-17.360045437374666,-17.815144780000004,-18.149649364285036,-18.477787931419414,-18.886980973028283,-19.453365529561434,-20.27081675,-21.33640867363377,-22.62870937336306,-24.098792707965455,-25.672251302790716,-27.22937121,-28.66008427807461,-29.86005628877973,-30.70103064224468,-31.08977453455447,-31.002399190000006,-30.418330408278102,-29.336303584215365,-27.815769574771902,-26.043347452708236,-24.195693160000005,-22.49000914535792,-21.223598215314624,-20.546436292209624,-20.57991632711433,-21.360876120000004,-22.91880011932468,-12.981142664415126,-1.7467019923286315e-05,-2.3576246540418424e-12,-4.2129717533470784e-35,1.4946219323870772e-26,7.996812205852753e-34,-6.046037945816865e-41,-8.160686930531927e-48,6.338975355178699e-71,5.173487496751096e-62,2.768018256949506e-69,-2.0927768447509704e-76,-2.8247418885779332e-83,0.0
15kg_16bpm,10CA,0.0,1.8062109411192927e-40,-6.190060582514491e-31,-1.5494083737044823e-22,7.1954225226355065e-12,-0.02295003098898746,-12.178433907913284,-9.345520751813986,-9.264616172609827,-11.223369600332465,-14.24499085304944,-17.507450190045592,-20.303659902153477,-22.32760886178938,-23.40511493412134,-23.558792443370983,-22.898468259931132,-21.440003527321245,-19.281326878020845,-16.591611402001853,-13.553670192069916,-10.478280457185617,-7.649130431262069,-5.334989560675828,-3.6779325100842004,-2.6383792040740484,-2.131750505731145,-1.9295486273798133,-1.8042301595513544,-1.5678801730843668,-1.1034315193527209,-0.4141514749945222,0.43580881620206785,1.2935839333215442,2.0174882324775054,2.481693201430615,2.648866655424399,2.581780397559374,2.387506416416286,2.2401014185523276,2.278191907265705,2.622668097035542,3.305154608870256,4.273792147934873,5.459480377678166,6.7380346084675855,8.005167688481416,9.170716158171807,10.167816229171056,10.959758848822243,11.488847080000001,11.721999197741601,11.654712004624319,11.275056210257144,10.648753410233923,9.878525343891427,9.079035280108554,8.374378864612327,7.827816092034872,7.464545819125543,7.2276946676914955,7.036738287655014,6.823958719988429,6.5726884917872574,6.332559498796485,6.20520168524862,6.2918110333239925,6.619664828416145,7.155303065626478,7.73574277738443,8.175932271599097,8.276018446194003,7.944898915706111,7.232995003078163,6.270818266099313,5.316983255497966,4.583922001406113,4.244100692407055,4.290110231390774,4.577723609444862,4.889700862171209,4.97598416711467,4.708863143919907,4.0410553063761485,3.11778819215508,2.139755467477391,1.327315591535344,0.8408111435520444,0.7257637555114174,0.9896098903007762,1.5133912394391005,2.1414520602514293,2.6499563147444305,2.7244388675210622,2.05416940198664,0.049049921317634755,1.7070241339902316e-12,-3.675777869885883e-23,-1.4685145690848393e-31,4.285009890480072e-41,0.0
15kg_16bpm,1AB,-2.43139547,-3.181012164577112,-4.115190872418754,-4.965046800681965,-5.649123083999815,-6.2142943815885765,-6.7747388318699135,-7.41747017723695,-8.21945349949128,-9.206536748621932,-10.365893489219081,-11.651194448542855,-12.943843798417753,-14.071527636947367,-14.849838128556717,-15.04409080900816,-14.561062546698155,-13.413288422654547,-11.69116064211403,-9.600486713408456,-7.397094647931328,-5.243314896739674,-3.2211263624049717,-1.269256979590308,0.7181007561901247,2.82969436,5.046901663250364,7.1955676226017795,9.024455658878837,10.169422840018369,10.470445769762675,9.915772240152164,8.635445309227011,6.9643230781002075,5.280945433104319,3.860146484695855,2.9099221933685486,2.3832290630435167,2.161024832357386,2.0858595910445485,2.007863748026795,1.8753118753908185,1.71802053213831,1.636431007848786,1.7156361791601342,1.982497218252952,2.3935643585264503,2.8132477719197317,3.10365927238269,3.1736722098949235,2.9920651900000004,2.6705747652479475,2.3322892193170195,2.1042273417087736,2.0489713289134865,2.1350150340545198,2.2828220657217773,2.3715297528056936,2.316793408293284,2.0847554321709807,1.68148695154445,1.1695782274111108,0.6098066817394301,0.03834982820709521,-0.5383126476049667,-1.1358239782080704,-1.7658110564329377,-2.415873980995496,-3.027249988803478,-3.5206298210603917,-3.808128864505927,-3.80153247638972,-3.4997896908605686,-2.9126251555564524,-2.0437411916086408,-0.9158879200000001,0.48549899032306565,2.2032690020742915,4.2574309840655165,6.521207247838227,8.765577101882139,10.547625702043774,11.380551649157391,10.89889189067172,8.89197610520835,5.563464461086861,1.6735590205715543,-1.8981989546278153,-4.0186555598170814,-4.083456011347821,-2.0407904431556916,1.664646226486775,5.9419229054133895,9.636268263779717,11.98500424358226,3.264914710136632,-9.571316082721755e-10,1.4343979550331783e-19,-1.7932577695171683e-29,1.5752215240520698e-39,0.0
15kg_16bpm,1BC,1.24488584,4.392052850275771,7.62642238580606,10.622647281329128,13.137336014539532,14.86234770854292,15.81356755517267,15.950897603860554,15.240814906332787,13.970787558238895,12.324491408341917,10.554166592866082,8.944361175323834,7.730650694333903,7.18872429852902,7.341668724528979,8.252851662833352,9.940277332995365,12.156155549578864,14.730440759881548,17.423169772693335,19.980181065750045,22.192060592794874,23.85917482651365,24.979072794935504,25.52442224,25.53252032564335,25.183190773365922,24.58511619596,23.861766739209,23.121620680227426,22.41834822060266,21.77129048577903,21.15765929197598,20.541428435324036,19.871718134334223,19.112153851522926,18.220734877583162,17.16742577362477,15.958290860019492,14.580286852845143,13.039649890817035,11.371614888855179,9.59481451582178,7.746655226911889,5.872676956127998,4.010785214336927,2.195267622193324,0.43964112478528505,-1.2486488857600488,-2.88473185,-4.497991898734011,-6.116800673223728,-7.7642751109382075,-9.441019470633234,-11.123681927141408,-12.753121732857984,-14.2568236964253,-15.519431141616552,-16.448850887212284,-17.011876310400414,-17.15366680780565,-16.937909642663094,-16.49774484740543,-15.983320424672305,-15.594052207626731,-15.483080918871163,-15.816767907637153,-16.623755993055315,-17.830540854562916,-19.345336209650974,-20.950282442337762,-22.435455786907916,-23.556107538091624,-24.1675396211735,-24.22343419,-23.656918108342623,-22.618170318468227,-21.300153641941186,-19.926221937684872,-18.764966289652012,-18.01659699795063,-17.93382033109757,-18.528770245719645,-19.727674970352155,-21.44504141750967,-23.3742291877403,-25.24950564031307,-26.761038798639795,-27.76772162918371,-28.247001289229566,-28.22543902747244,-28.001315946260288,-27.856413142698617,-28.169325993287764,-11.06574214499431,-1.522405054039737e-06,9.235492823517651e-15,6.057417560873025e-22,-1.6985298131684314e-29,0.0
15kg_16bpm,1CA,-13.36725074,-15.373698049512303,-12.782732339789389,-11.485922447105716,-11.338752751232121,-12.070878426240148,-13.244804084348333,-14.464660365706846,-15.423089146403496,-15.814468022747088,-15.653376854790595,-14.857669237743893,-13.668087906500439,-12.245955591670118,-10.85826320146073,-9.726751181619742,-8.988057899143127,-8.695729891892476,-8.77123053947039,-9.047833702444962,-9.296736471791668,-9.318888321836415,-8.908351289079834,-8.053972519642405,-6.704633945343771,-5.051471572312769,-3.220790800339615,-1.4269463398281192,0.13691092410349834,1.357772357141797,2.1180460440059194,2.419652969958241,2.275465571736374,1.769157643693698,1.0064403722563604,0.10236946944489275,-0.826197618201732,-1.6658786816933888,-2.347984322241412,-2.7622512873231737,-2.908021117132221,-2.690272604726971,-2.1666132924679578,-1.3109723131476232,-0.2199256646639154,1.0436699561555716,2.364111144482776,3.6447101662071555,4.798688459174984,5.780053431843836,6.566012076733779,7.184740170964489,7.657300866477312,8.036262373780422,8.342360432762565,8.608990353184158,8.84235869318312,9.054587581665169,9.242946813849741,9.40667279518865,9.534815858138442,9.619231881235274,9.649356376391774,9.623047806630085,9.545905960066609,9.430125489897003,9.294741935221932,9.157945284670683,9.032565659517756,8.926839371375381,8.832487163824581,8.729907559870123,8.589669350407002,8.358703819016268,8.004594586103718,7.481462929990805,6.798965664179737,5.989056398325058,5.145429220547624,4.382106142395624,3.8357883319310933,3.580781524740263,3.680065188234554,4.060911464613232,4.661845009204664,5.337593208713357,5.974838636057369,6.4934371172856675,6.783512433487474,6.7729990557538,6.263870752003032,5.068518952364954,2.907909430876144,-0.3809237426533254,-4.796972061933899,-10.077056636488448,-15.634421729084806,-20.58808654494454,-24.187407086009742,-25.358761054050003,-24.13116366
15kg_16bpm,2AB,-4.0653574,-9.09312935409589,-8.704778701339363,-8.769617790830242,-9.228387573926453,-9.95111434310886,-10.86740045329808,-11.876847848199352,-12.858150821572298,-13.62649884836232,-14.063863900000001,-13.990129922194786,-13.388084432895546,-12.255000271661553,-10.67693867001527,-8.805831037074425,-6.757505709405634,-4.672360601738089,-2.6401079287064766,-0.7224623636147913,1.02628253,2.5540975371924106,3.8385729705483285,4.808719420504663,5.4987805952729465,5.876018815617052,6.010218179846822,5.940604526597812,5.738950187591646,5.478207154104915,5.23010213,5.0486747306119035,4.990185374259137,5.05375467939263,5.225238906219855,5.441524664844804,5.625939249123551,5.681184551924447,5.572564341415996,5.2586846430645195,4.8015851000000005,4.25901063712341,3.7154228690819138,3.2251523213287534,2.821725300306818,2.4847784869590748,2.1930030018552755,1.9102875308205058,1.6229063948011184,1.3346149185833556,1.05695038,0.7935217079267259,0.5202808926964997,0.1698557752710552,-0.32680254212217713,-1.056176685316926,-2.0497651419951146,-3.2723586305588483,-4.626518247340573,-5.94676748585852,-7.006484290000001,-7.666109639908237,-7.766729265231666,-7.292407514846924,-6.317854751109353,-4.9785189964393295,-3.506993929642088,-2.126173493053334,-0.9903610479209924,-0.2059984690865489,0.2699269,0.5627669671882339,0.8804615985958141,1.4098263252860546,2.376489638040607,3.7654809806137757,5.537416008115613,7.432488246207148,9.133569746044639,10.21250655571514,10.448125220000001,9.484821135764824,7.571317890589813,4.918300370865254,2.143975708153524,-0.11762108632823425,-1.1459642812268767,-0.7070656477589972,1.493327019649014,4.77326070147853,8.494935160000002,11.69638810105116,2.2116884508765717,-5.645765279507114e-10,1.1824439995565888e-18,1.995880594929225e-27,1.2143144131002453e-36,-7.193529727593266e-46,-2.2262995341572535e-54,-1.9140587758126122e-63,0.0
15kg_16bpm,2BC,0.0,9.792979559585822,11.27731650213518,12.313880237037788,12.867615671569261,12.976780967626103,12.76529073477254,12.323651326470243,11.735326889447371,11.115723577478084,10.541215947950517,10.078042740717693,9.802002376171206,9.730488287637938,9.893000475756155,10.3381185014043,11.063422801472841,12.040878032416728,13.24155633829764,14.634493251636998,16.106623453599962,17.569978717709525,18.91764381820007,20.041647312495318,20.891631815904667,21.433444435151024,21.613922455095558,21.508579233983045,21.182315699129347,20.70073621993076,20.13754076929123,19.568632353957828,19.031913644404302,18.550011669236778,18.11435257288531,17.701429495909622,17.286321265613626,16.83876848914038,16.34741636908953,15.807006385950563,15.214858293711329,14.572481191010308,13.88254048003402,13.13641437984078,12.301653417509698,11.36097846151584,10.291797372657518,9.067616391158637,7.660675618817472,6.099239490094081,4.40047818,2.583692541075703,0.6955373334192495,-1.2228066144921181,-3.140572410148671,-5.026258554170665,-6.866941372828519,-8.652720570155847,-10.370951030916105,-12.011376998560486,-13.571280379282882,-15.041953086419335,-16.398726092865708,-17.65326713871839,-18.814265563467362,-19.892904718092105,-20.90558717234367,-21.879874486708555,-22.823498747183375,-23.721819367219076,-24.541279224121105,-25.23276939219314,-25.730278145659927,-25.91145386298834,-25.76286175172261,-25.25696734702414,-24.381320755530336,-23.207309666720114,-21.88151662797412,-20.55409293232031,-19.457627013020264,-18.768367125775576,-18.630156549157736,-19.17457132864368,-20.492991919403632,-22.427414484774,-24.852255601960017,-27.611220134339078,-30.463818681958028,-33.2337715160533,-35.8057274401679,-26.732274807057028,-0.00021874523397555603,1.490218028991635e-11,-6.067193176491475e-19,1.1146884769654949e-26,6.877346399718483e-34,-7.791535865018351e-41,4.1183701752067525e-48,-1.3027323143695878e-55,0.0
15kg_16bpm,2CA,-11.29625604,-8.67362748824523,-7.881375819577024,-8.487126698816484,-10.160134438711342,-12.21079396548807,-14.11336621457228,-15.473902626110513,-16.01794095927291,-15.782941852351826,-14.820064414952153,-13.386365378080479,-11.679099164334284,-9.937831384854494,-8.34881396553929,-7.059615806174182,-6.207494604207766,-5.856516181978287,-6.060246418764861,-6.7538193692593085,-7.825038483297919,-9.038111429080306,-10.122867533133865,-10.779713901808515,-10.766247299898614,-9.944548483552929,-8.31719795272087,-6.043556477220388,-3.3956030444306196,-0.7334577930491595,1.6078345466648227,3.317336013348924,4.245695521568041,4.319607267307423,3.64823990453082,2.3798645500486995,0.7473356296245969,-1.0375176973391864,-2.7890150332183907,-4.346174541551308,-5.6161272635968835,-6.478400600033088,-6.890182786324219,-6.741124518062827,-6.0420858320175865,-4.747002510913293,-2.9759902223473507,-0.827071626635178,1.4826386564928937,3.729973405268069,5.726097410000001,7.252865138006717,8.283295699966946,8.735234076081877,8.755138444444334,8.417585559280303,7.919594390600933,7.39886105672181,6.9640646792679375,6.705755031003441,6.608750285278605,6.682322456061149,6.857233897715684,7.10764906934828,7.390503410775709,7.6974428803113835,8.020468386959402,8.35781801852574,8.689197070882525,8.963470185884882,9.13389143193065,9.097573203637706,8.846999466745988,8.327649969194788,7.64028586594889,6.881553079772706,6.215207930842731,5.840324920681194,5.822907285923591,6.260130438572141,7.004402576619908,7.905044842665684,8.700689289717024,9.120623997870304,9.060570407625187,8.441243361939252,7.46609993330984,6.364964820167014,5.4416915591220425,4.940499796387856,4.8629982649348555,5.052251378026171,5.080254899712889,4.3887294799884815,2.526641378827917,-0.9066063097867164,-5.7710192689793915,-11.716137021469109,-17.856683693870504,-7.089103131453082,0.0
15kg_16bpm,3AB,-5.46393953,-7.114733520085362,-8.45636433516221,-9.529060524482693,-10.462392632035508,-11.362749004153617,-12.26340558787177,-13.09221012478564,-13.74703459247013,-14.069094502163521,-14.028928403548159,-13.614684814754986,-12.9369700781869,-12.117942267696204,-11.270011852537401,-10.436662896532825,-9.576829913639651,-8.60395066827285,-7.359753066845574,-5.812657721133758,-3.92398276510555,-1.8268611990790513,0.3143154817637837,2.2730071684900133,3.87595006221329,4.970977180000001,5.58996615138893,5.742269635667482,5.637919256070054,5.416757698742135,5.248621153464154,5.240251719211464,5.409471693381038,5.717843849423395,6.060051308467806,6.321924124842981,6.375802366730816,6.186370306542321,5.696928482479268,5.004831937131282,4.172058180030844,3.3260871349664,2.566877074917194,1.9666592492415447,1.5581922595372348,1.3407429155798591,1.2671995809780678,1.2905930935128875,1.3373366210332491,1.332625021083848,1.22275971,0.9365821616128662,0.4611962687679548,-0.21276216852079902,-1.0352869895019903,-1.9286881382695862,-2.7809886867429143,-3.494990008706988,-3.941546372911499,-4.109384062130258,-3.9287102540667145,-3.4896261739549033,-2.8343122771351683,-2.0758778419889192,-1.3009091486483009,-0.5908611866577553,0.010782610225960304,0.469716151761023,0.797906247968538,0.9782703449812574,1.0468066719130047,1.0024967415391821,0.8901505267338979,0.7446874687503969,0.6178719088877418,0.55015501,0.5664636400961065,0.6586011305068984,0.8133128510263833,1.0126715622320457,1.3025462275951312,1.7560475017608292,2.5587308296253553,3.830432970616774,5.694575985087662,8.061006648216008,10.668101758681184,13.01809120793492,14.625812877689672,14.846907363851168,13.688514745290702,11.053093807527928,7.722958678309139,4.453674209447285,2.129448529029378,1.4455584069071794,2.6589965247767826,5.5254412083463516,9.519878761225598,13.96015727785053,0.0
15kg_16bpm,3BC,8.14312458,9.829028560599719,11.066974886788246,11.883881699112665,12.326229497199312,12.49443182279708,12.507512997655333,12.437557946436428,12.336794366487014,12.24291986738955,12.169656217259412,12.12593122421523,12.122945005236138,12.170104582156208,12.286031201293884,12.511378727800604,12.864466054968066,13.36123868421427,14.019438587398907,14.858126697353123,15.837767464221233,16.93078308862661,18.096643084695536,19.26319322124169,20.35918537312047,21.312357957630187,22.015509065230116,22.454923321353156,22.60936373483802,22.46313180160395,22.062904409058785,21.487505191951005,20.799557511167723,20.054677327602768,19.306910487875957,18.57369829889433,17.852500470329982,17.120248287487854,16.348786778035524,15.51270600989828,14.576207199130875,13.541865835009334,12.41348515411369,11.195438275884415,9.89530137194101,8.534280576401176,7.11967373376637,5.648738356742041,4.127899674278353,2.5608417758622104,0.9499864983127926,-0.7007436436541721,-2.3730817167072615,-4.052491847952865,-5.71833163822407,-7.347360156189008,-8.918346470183142,-10.406301034577861,-11.762880420683986,-12.981231839839305,-14.044371928691303,-14.936671629579013,-15.682917300741451,-16.344944953313863,-16.992302912995793,-17.73543181056364,-18.652907505265897,-19.797945290025318,-21.194999693024048,-22.787398156146686,-24.42711290434679,-25.94954887535283,-27.086665525370538,-27.677402868529235,-27.6105523477109,-26.810876059989212,-25.29275500706973,-23.326912458602447,-21.155239753548422,-19.115769663620817,-17.542887381023814,-16.670841530643347,-16.686971841569747,-17.787948679196084,-19.751562741765547,-22.43078227697477,-25.640845180448167,-29.084094867519998,-32.515745544737314,-35.769806785735234,-27.46746925546854,-0.0002735310330438835,1.5694210336428126e-11,-6.248165336797792e-19,1.4777508029673504e-26,2.709680824855529e-34,-5.562912428128308e-41,3.603617445686145e-48,-1.5747576040861726e-55,4.502850508594105e-63,0.0
15kg_16bpm,3CA,-7.29298141,-6.00177075018911,-5.039603679225465,-6.142887472116388,-8.668697815271505,-11.938935686102669,-15.185344163062588,-17.712643955540862,-19.223380603372064,-19.430545682769413,-18.610333474318658,-16.930172568469274,-14.885821316060305,-12.85380420290242,-11.12069198756753,-9.966200739115978,-9.319277333624871,-9.197378649425563,-9.331489676372858,-9.526756111057903,-9.565250370810663,-9.23517735863312,-8.510083088384631,-7.330240752824325,-5.8361595731474,-4.131472500127399,-2.399160099386779,-0.7962836608987603,0.5583268200433088,1.55216111416894,2.1549838723568064,2.3286807275375128,2.1131593147348293,1.5492511753610592,0.7407116505054729,-0.19506983843114292,-1.1044108683915315,-1.8445435369963257,-2.2745969514030424,-2.3210397379445653,-1.930381924877503,-1.1445122514280592,-0.004948324315564765,1.3804311575449577,2.927681572542346,4.53255547106532,6.098704297553312,7.545969436111629,8.753542466827907,9.674975399906513,10.1773369504551,10.293479054563909,9.950994988114516,9.290827227653288,8.368475811905064,7.367100028087202,6.435386806445319,5.673709632583634,5.1956980045363395,4.960092652209777,4.958673127469337,5.07449977170833,5.230312602018064,5.355873507824295,5.425265685537372,5.467774798352931,5.537239797087306,5.689699761544066,5.964616579940786,6.347761528052656,6.801182916897251,7.260958017004094,7.679884353070093,8.039856270733925,8.353163605302969,8.64554266819425,8.924831704420393,9.154626578444956,9.261862966332101,9.128146115286455,8.682079339588148,7.865119544868199,6.754078858587435,5.475625955952591,4.233708389533951,3.272547091532919,2.718373487782615,2.721944891082659,3.159095714582851,3.8913805598577165,4.57909480409968,4.734613241054485,4.060564057900515,1.9457681246187493,-1.492328580468757,-6.41454482587559,-12.094095914417073,-17.772341381640786,0.09756295488807014,-1.197405453666259e-10,0.0
15kg_16bpm,4AB,-3.95509962,-3.850131798778179,-4.709488023896803,-5.992343437166994,-7.280131052875273,-8.25285368073464,-8.885874851124077,-9.248696660255584,-9.579520179436146,-10.073130179069208,-10.85894949613767,-11.860199753353177,-12.888992007971176,-13.657196361842555,-13.896199857707503,-13.436262155384284,-12.33410248429933,-10.653587421064106,-8.702446269374153,-6.67842142555583,-4.762639270336367,-3.0266763109993473,-1.4922429075217534,-0.0972592600117883,1.1888694909891755,2.4072924169654892,3.557901328997485,4.6174065681510825,5.566532687652009,6.345362220232708,6.945065274838042,7.316468734588818,7.431783690840576,7.2839110530860935,6.832518155299178,6.138834267030395,5.2262242681333,4.199231589343667,3.1585149509512593,2.233820292889424,1.5082819950347535,1.0982546583436912,0.9858287827068296,1.160565975361147,1.5322424616056294,1.9816191475828449,2.377052697522458,2.6288774678423588,2.6656866440636215,2.4969052451009617,2.16774372,1.74023598408322,1.284888685648693,0.8395991846306908,0.41078510703154575,-0.016759363312007742,-0.47014243641604114,-0.9628238114525877,-1.502726209631927,-2.0656082328641463,-2.623976011036995,-3.1392972267677344,-3.5809418605542502,-3.902162255884122,-4.092665038935841,-4.11323841648599,-3.9670432570684637,-3.6567801373963444,-3.198658517169101,-2.6404518494814364,-2.010140194712381,-1.3484917256261786,-0.6612450333665211,0.07652221522388795,0.9104592409672798,1.9440286966941631,3.216866655761042,4.786677113701099,6.582456840457315,8.454382820866794,10.11369966159519,11.289786254289362,11.581263211511938,10.911099583334183,9.266679996987547,6.9288215912230955,4.379547672255241,2.2261490626057854,0.8813125951914321,0.6880833551937935,1.5996362447280907,3.3332925464575163,5.540825567073194,7.055566183494188,-8.6042454983159e-06,-1.2018662363908236e-14,-1.2049657936542924e-23,-9.871987738200548e-33,-6.622077757108194e-42,-3.152310288659921e-51,0.0
15kg_16bpm,4BC,0.0,-7.110765131118118e-54,-1.0440373026496185e-45,-1.0751710292592264e-37,-8.86573839152877e-30,-5.664036684822422e-22,-2.0914328719396735e-14,8.493131124402384e-07,0.8406675026261815,5.028008050628564,8.50648307130774,11.176656769309712,12.627448272477706,12.990955535610984,12.398630040064837,11.062355257233204,9.423230913946366,7.8107697054094,6.527856605510565,5.744416579529992,5.696016330000001,6.27152452791475,7.481326250182803,9.233736372556669,11.351953608567577,13.737875675190052,16.19800438990667,18.577706023462394,20.689516251297736,22.433186011560363,23.642786408206877,24.28628164854684,24.401839261627927,23.95921301445068,23.172602333076238,22.156306175451206,21.07007299223777,20.04481203210381,19.197173320829698,18.540832805377615,18.06826838,17.738024978553,17.45726446124937,17.144679346195858,16.728571533448036,16.167710354429,15.401467262554391,14.462866593345996,13.350023710214478,12.092093114458681,10.738555951044434,9.31634276072439,7.872126721717445,6.432664311801234,5.016246631464453,3.6208275808021226,2.233047570758317,0.825956243306092,-0.62617081940607,-2.1579960370178832,-3.7611578900000002,-5.427147227942436,-7.120927191633825,-8.801108919312098,-10.422770218279139,-11.977964461097514,-13.47418289385992,-14.944632281030048,-16.43741043963564,-17.99951229942987,-19.641964030389396,-21.340398210653863,-23.02897087508596,-24.614151305593083,-25.96649015591491,-26.966200241661603,-27.564911549725753,-27.61590998212665,-27.199304990991084,-26.34520076760784,-25.146577710000003,-23.81579564585021,-22.586792996875197,-21.717407364638284,-21.42478185559981,-22.045152000222068,-23.516251669992887,-25.899325235711853,-29.027066068213273,-32.59580336613692,-36.349484738002424,-39.979313211430274,-43.26063160279764,-45.99242181696137,-5.348664534282161,2.7915764040636956e-08,4.369566702263357e-16,5.299086574872587e-24,5.145640929284007e-32,3.5046108031127168e-40,0.0
15kg_16bpm,4CA,0.72676553,-3.661446145996531,-8.377747003296967,-12.45534600910711,-15.371918900047593,-16.887761640130773,-17.21726393830138,-16.614294656168916,-15.528220450508769,-14.270010997093848,-13.091930647293415,-12.19007687149051,-11.59411933142742,-11.413005124130015,-11.566186176479127,-12.020055294953298,-12.568155303256836,-12.959567560931205,-12.912267730705056,-12.174086659112886,-10.672741716047605,-8.510002463139442,-5.976475858480899,-3.4381483213620836,-1.2667655503889514,0.37323871,1.377597465138428,1.9340742558695259,2.179948226379609,2.3374459180379747,2.496517589858264,2.644025666154108,2.653232956123351,2.3899139301785723,1.6870400324857533,0.5422605151422454,-0.995910245377919,-2.710354060049599,-4.348924599974874,-5.621005860866573,-6.324422425342656,-6.295207277265558,-5.570860218626966,-4.186304339214849,-2.3675923892730366,-0.27451887943783815,1.8690086505827677,3.880986719196608,5.668538235783602,7.089681488318081,8.151296310000001,8.767546025660982,8.980690888795225,8.776123691338293,8.244232207955683,7.475428940887785,6.627448375287415,5.856733088339239,5.3259033593262854,5.119583648368563,5.29745083890701,5.784636687565966,6.501194114306699,7.284919735278805,7.977739630348141,8.483065293094782,8.674941499379376,8.596340184962003,8.255664468717235,7.796698177320834,7.3602112540305935,7.107188852685666,7.182296007696738,7.6423081273746085,8.465377202532425,9.50823525,10.550277999021091,11.297893133100205,11.542433931399383,11.058827765241977,9.918540658330377,8.171033855955923,6.156891932205661,4.194809821942256,2.569917958690149,1.606097327719434,1.3088750059636465,1.7441986745868692,2.6886189043592923,3.9390678785030024,5.154239890573451,5.978341821967862,6.012785248265269,4.924153927114233,2.3933982209444395,-1.5648144130992312,-6.824639639029011,-12.74813369524583,-18.435400559286528,-22.962155272113648,-24.8954617
15kg_16bpm,5AB,-8.39400722,-9.298508320663347,-9.679898843931095,-9.756909830242021,-9.765757422632156,-9.898947435551188,-10.29612775003861,-10.900575122426064,-11.653773488778453,-12.413749839741852,-13.067779381191537,-13.544766088089244,-13.78745769315287,-13.769733643479347,-13.461969043018916,-12.815725474113465,-11.818545620467482,-10.420304805488511,-8.684207905885506,-6.625919776073431,-4.398492435874568,-2.1240119790196617,0.04459608653755674,1.9469857312503611,3.514283018475412,4.6717581500000005,5.4537683743216325,5.907229045926543,6.122748220952952,6.192805946297524,6.189508075067537,6.163810744518497,6.1360857537193665,6.1069195200167075,6.063273829295061,5.99562582564925,5.8889567377617915,5.7443363606469475,5.556172074865604,5.327431172428262,5.053184293238222,4.727579887880686,4.341500883539898,3.880879752306865,3.3430397651286308,2.7196543472628396,2.030715602515318,1.2922084742530449,0.5458443479097567,-0.16037207402856765,-0.7903371700000001,-1.2951971778007092,-1.6699132899570117,-1.910121898015037,-2.0567691023206973,-2.1629830261806053,-2.303527987273053,-2.5394299709726527,-2.9240359923371044,-3.4452441260639177,-4.067950996050579,-4.692998799729777,-5.180533962441369,-5.439967806233242,-5.327729425714056,-4.8542083197420896,-4.0044410404804065,-2.8895220457575133,-1.6093079029649324,-0.28354481658073194,1.019711837815354,2.290809109098496,3.5814932902007683,4.990656265468899,6.566287787467675,8.32960517,10.130056994499396,11.679148378906342,12.670999706890596,12.645898858166793,11.451343068651708,8.982479058023726,5.593155738724949,1.8349065697340514,-1.4648093789072867,-3.600047274727744,-3.8682142643288118,-2.304430576487683,1.0425209391039658,-0.009539162713207544,1.1444946427586678e-10,-1.4378594157155005e-19,-1.2084559282140992e-28,5.352017731332772e-37,-4.50837011948385e-46,-8.400029476667823e-55,2.3562916018915136e-63,-1.0262751153167767e-72,-4.832770152170401e-81,9.729414530376325e-90,0.0
15kg_16bpm,5BC,0.0,2.6931234495579086,4.733872728021851,6.893565770057842,9.183116842695233,11.44451672933003,13.463520559442049,15.052111771452285,16.097777594475787,16.53123181958146,16.315112863208963,15.54022713125656,14.41307407100368,13.12382485408666,11.885716549105354,10.933070027256827,10.389458316757356,10.336696412822178,10.805837498670215,11.808146172768728,13.168798884542468,14.764854748643415,16.45755876657998,18.083016681110383,19.518411094939946,20.679913543396054,21.52048989426612,21.980205472397326,22.138734142720946,22.06291363614289,21.829239656120844,21.51673119752604,21.211699413525306,20.96342596649305,20.793183000444095,20.699940949436776,20.64426880004241,20.571677513619978,20.426438924112535,20.144790078484732,19.67269343603015,19.002048685004215,18.128878515308816,17.05995722029332,15.81135311316417,14.441064178148961,12.981144920223308,11.458000278868852,9.884179960499246,8.27133260820114,6.612509149732087,4.894513648797664,3.088090150636708,1.1944714206744589,-0.7826101547325818,-2.8230899897739334,-4.883113036460583,-6.889114885626993,-8.765107513823768,-10.434969510396304,-11.79747446725432,-12.832414257431338,-13.567852287398823,-14.064408753418421,-14.426594720084642,-14.821041476813102,-15.402648497641158,-16.29672731012021,-17.604438837920114,-19.348260096000978,-21.395014962147897,-23.58671470872651,-25.705526991845005,-27.45359018540828,-28.658583845489844,-29.19718926723278,-29.041367902747638,-28.22404322126643,-27.089615187457287,-25.94150192498366,-25.107885392329592,-25.023895362319728,-25.807561179379004,-27.48050658840224,-29.90938758245435,-32.82876602979319,-35.72463173593633,-38.14861483006404,-39.72503765074319,-40.08256991720185,-39.23647197689068,-37.452959776370506,-35.10357164505425,-32.69927173086101,-30.8325987901775,-12.104052899666016,6.707645553001577e-06,4.183997772143699e-13,-2.5466563455164477e-20,-3.740513541053168e-27,0.0
15kg_16bpm,5CA,-10.84458926,-12.665000814861262,-13.401013245413488,-12.897103040586593,-11.449373253651444,-9.45018252945051,-7.501370951523456,-6.007623130483228,-5.185296298076444,-4.975821964212779,-5.283504482748486,-5.816878853100331,-6.420223854265967,-6.992011345026403,-7.530347440935863,-8.083272065364094,-8.690896292730462,-9.357648447465856,-10.019158530704162,-10.584450546758134,-10.906083482597834,-10.924969610847905,-10.553800548040526,-9.791444054474907,-8.682655985745901,-7.256886355884572,-5.657519821366723,-4.007563003629099,-2.495008094786741,-1.2860122035037707,-0.6222549791647064,-0.5510835806175894,-1.1770434437292292,-2.3982052363108117,-4.042504457827155,-5.8719352483105185,-7.584634947065277,-8.878283056674105,-9.534781546627698,-9.443914002808592,-8.494716771223601,-6.867480658555792,-4.653081638066107,-2.119264484576171,0.5098093365184958,2.987230989394329,5.1596135468139135,6.86524413222692,8.086646534688006,8.845901572075666,9.191524380000002,9.275422031342051,9.192339542016226,9.065141971464008,8.95980473125761,8.911259722702834,8.904695525292421,8.910725902414109,8.891466425586088,8.828168277015504,8.723680459285593,8.606508142632553,8.508702814148414,8.444980598076109,8.403904363417631,8.338919236559855,8.19911667607664,7.921902663218127,7.5118506782550325,7.0037191898667,6.489545322099689,6.0687738896752075,5.859921811582903,5.885754665054745,6.135481927335113,6.521332450441776,6.911055148349185,7.148844491487829,7.143994583167947,6.844156521980298,6.2790451861857814,5.568610298425283,4.857180751548204,4.299797701425307,4.019816864904764,4.095181312782473,4.491104303413244,5.171435081729696,5.931386041431013,6.526128216092613,6.556045075943133,5.69087227912525,3.3223094953070373,-0.565000597905957,-1.1282195771818821,2.648627515148529e-10,1.5534688817639692e-19,8.535818347701838e-29,4.166167663928273e-38,1.524060623082249e-47,0.0
15kg_16bpm,6AB,-8.18661422,-9.311033994083363,-10.230045990430462,-10.865240201308303,-11.180077418958657,-11.312115969101772,-11.412606367266271,-11.671701433602163,-12.161739725038025,-12.865962627618039,-13.586312833140337,-14.072529519262215,-13.975755292165106,-13.18479968057334,-11.68582627211945,-9.63018194628654,-7.367761493468043,-5.205822732720299,-3.400205327898716,-2.0161562704115457,-1.061269510137179,-0.32259178372402386,0.3645489448611826,1.1657438168450147,2.1334573044269143,3.2575531266804374,4.42316773259759,5.505861904963629,6.341021680386784,6.8752603920842965,7.069812222731793,6.958927372588267,6.652481980978936,6.245573168866519,5.850783408192199,5.528343774497014,5.313898538879024,5.167914316914625,5.038113605664566,4.8441484462286155,4.531843830915612,4.0460202812901676,3.4003342976954407,2.6257578621168993,1.7689794965008698,0.8982826516789112,0.06421621373015624,-0.6888579460970388,-1.3408180095314575,-1.8535499987470265,-2.2228295400000007,-2.4351197631370787,-2.4725720828844495,-2.3694743472267272,-2.1530347510512198,-1.8945770520419336,-1.6701019237936525,-1.5823924228541701,-1.6880889717311482,-2.0292195583676005,-2.6136623118994082,-3.3595719050514052,-4.171381992828405,-4.892171586875695,-5.387078907953476,-5.453637618863321,-5.044131456533148,-4.1009491249917245,-2.650010023456832,-0.8559617830576332,1.1236586649462497,3.063319377537873,4.810872773663694,6.22353360703201,7.348643269827666,8.254886585160044,9.089496166670063,9.970436207625397,10.939986383214725,11.88036719290763,12.57140826161988,12.585592400336111,11.683159875795242,9.612422947889192,6.442018207429156,2.6164639659310307,-1.215663486475122,-4.222285721992934,-5.77498250441315,-5.287359750761582,-3.0884363747543797,0.45714782766216816,4.531930342819418,8.466155278670618,11.763854885354178,14.44044547607036,16.694905963422247,0.00020881546035411786,1.271775213285434e-13,4.546674761692036e-23,0.0
15kg_16bpm,6BC,-2.75612834,-1.6313014789357672,0.6235636323558325,3.714998270203555,7.345936308926122,11.082282589418279,14.487083473151914,17.21605624212221,18.78088699928902,19.196194515614998,18.46231279208728,16.61633297928459,14.021447725378904,11.097143278276484,8.249416833883883,5.94363116440836,4.427311223494814,3.8619045826873064,4.469146405878697,5.961728103827686,8.136869509605294,10.763376351099447,13.512066676258478,16.126233221639147,18.408791741537787,20.19221869462376,21.499574396817938,22.351546844590345,22.743214220311256,22.83396348500274,22.71623732500662,22.470153502072865,22.18673066942628,21.9295550425042,21.738389899581858,21.63570159697612,21.59241114037618,21.567844512806055,21.48003670841734,21.24758609587978,20.793479352551305,20.01951197406348,18.8834128003381,17.412175481106054,15.634870352532957,13.606425463891942,11.466949122702985,9.311687327873907,7.247604633952266,5.323819068528916,3.547511660184179,1.8940927997421466,0.28243268010101735,-1.382364170755711,-3.1858719427885656,-5.219053833956986,-7.458997887979812,-9.866064029916313,-12.35509986865849,-14.782027602521548,-17.02433568021228,-18.94914887428925,-20.481055702978246,-21.648978600433846,-22.495198479994247,-23.085756962507432,-23.577166916968235,-24.061702602089404,-24.616966912423443,-25.24920565767484,-25.911626999574235,-26.50546698327418,-26.888898099952048,-26.956095198844597,-26.612253733990475,-25.736890970729302,-24.447178744914947,-22.844040321521486,-21.10017210945758,-19.4858648877476,-18.240544333149188,-17.6326207235624,-17.860430440974646,-18.881915651175312,-20.612904239790176,-22.888962832937573,-25.272565368484077,-27.42439544849813,-28.926421497930416,-29.593095129002307,-29.431161455330713,-25.409149632093786,0.0004956746375010053,-1.6216074118089557e-11,5.19593642249746e-19,-1.6183515356703925e-26,4.838156725548785e-34,-1.3557713465809823e-41,3.37652489378391e-49,-6.305877510221174e-57,0.0
15kg_16bpm,6CA,-11.73886151,-17.35688604,-20.9904743,-22.15159032,-21.151998280000004,-18.764525650000003,-15.668265210000001,-12.607451990000001,-9.96429633,-7.91711192,-6.43914376,-5.617555560000001,-5.387474210000001,-5.848522540000001,-6.997427560000001,-8.654735110000003,-10.517711370000002,-12.072663490000002,-12.8026195,-12.30937316,-10.607210960000002,-7.772825540000001,-4.471211310000001,-1.25126809,1.3067917,2.9679493800000003,3.5183959300000005,3.28996126,2.5031732000000004,1.4867966900000003,0.45964391000000004,-0.44427500000000003,-1.2197744800000003,-1.8793363200000002,-2.44729162,-2.9247024600000002,-3.2484572,-3.38088511,-3.2560472800000007,-2.852338490000001,-2.212822,-1.3754599600000001,-0.45962206000000005,0.45444162,1.2963044300000002,2.0482732,2.7077726,3.32005124,3.91180175,4.49819456,5.070730960000001,5.59412464,6.04281756,6.389296740000001,6.63045925,6.788966309999999,6.88423087,6.956405880000001,7.02949674,7.126517390000001,7.260793270000001,7.456225030000001,7.71560515,8.045989700000002,8.429818570000002,8.82876708,9.176454640000001,9.410443460000002,9.458532390000002,9.272475710000002,8.8601796,8.218283170000001,7.45213702,6.65766004,5.981194220000001,5.53375332,5.472288750000001,5.7731680700000005,6.4048180200000004,7.19095611,7.91365263,8.276606320000003,8.14259024,7.3986086,6.118350300000001,4.51869113,2.87078338,1.4686207800000002,0.5467776800000002,0.21300703000000004,0.37413107,0.8717666300000001,1.3331715900000005,1.3947787800000002,0.6937979700000001,-0.89205125,-1.4039368000000003,-8.271806125530277e-25,-9.62964972193618e-34,-1.793662034335766e-43,0.0
15kg_16bpm,7AB,-7.14734339,-7.415625059699382,-7.674552155438437,-7.991890158450742,-8.41007210340779,-8.938012687037292,-9.541297513739995,-10.195481528000991,-10.877766910963423,-11.578718120292434,-12.275193557752395,-12.906871227196953,-13.36292291149877,-13.483024858478238,-13.165758047301328,-12.25129188093014,-10.787092014171572,-8.841355603404958,-6.537662175347869,-4.094785450358079,-1.683994892440873,0.5305296473939048,2.467779975850779,4.021009560120182,5.229257019438154,6.0992493495375495,6.671385306447175,7.037760729565645,7.257653837151343,7.41481121894446,7.555357098220462,7.691246785698067,7.792440306195278,7.794843834652494,7.613733471629407,7.206036400912136,6.509869032376645,5.572332951339861,4.448573209339349,3.2282250834861737,2.025320875460749,0.9416438469873609,0.05727180485944882,-0.6033390279872898,-1.0016380037540804,-1.2052374994333659,-1.2602985140782095,-1.2399783202264354,-1.2152243232018167,-1.2385483339039298,-1.3312787377290591,-1.4855174201339993,-1.677017968502412,-1.86400601249034,-2.016736355614759,-2.1224671391674566,-2.1970528422821687,-2.2733646721148424,-2.3947187854606864,-2.5922275334970717,-2.8858750693354547,-3.245864889914299,-3.628454119690547,-3.9540213049542006,-4.149618446138754,-4.095258950387132,-3.7495726523740944,-3.0576796703930884,-2.002359554262883,-0.6633241844669864,0.8893619438972993,2.5115747480052164,4.089478902888698,5.506707305643058,6.743232906912743,7.797610710526662,8.719060561480148,9.55781182103766,10.298938376837393,10.863334093825884,11.098441192331311,10.738356098986394,9.685667179977077,7.837990820426362,5.392607636779999,2.7288957707082906,0.43090171270575023,-0.994513917335568,-1.1457860113046674,0.13151947258618119,2.4664769195014093,5.437383436289993,8.391914598133594,0.26784646316417815,6.399335769113808e-11,-1.2421832397380948e-20,-2.8816421293073356e-29,-2.2726743410414672e-38,-1.2293467678967234e-47,-4.225888117402025e-57,0.0
15kg_16bpm,7BC,0.0,-1.6315631386713343e-46,-1.1475023499620422e-38,-2.741753771238994e-32,4.5676762009120305e-23,3.3240663496469475e-15,1.5699921277063345e-08,-0.8245634358169993,-0.08350361801614439,2.4666358297806585,5.603516697572081,8.945199354855873,12.062971718223814,14.601993452206035,16.30512128790634,16.83492411970325,16.38426422920857,15.01013308095011,12.94931716318686,10.584005619488652,8.240985714323589,6.2403943499263645,4.779548624257406,4.157988512511907,4.30092432224677,5.202266705812113,6.8361229399366135,8.935441657919895,11.348934720209527,13.864706413304484,16.30181301403323,18.48713111293809,20.349603481380107,21.86872950521699,22.98839861470254,23.828043117142503,24.436621337832385,24.878124754531903,25.23242260013744,25.529005302831823,25.781565483141357,25.981658323310832,26.0775004068515,26.03398650174936,25.801496558533472,25.287684499462657,24.49901749151165,23.387649428476873,21.942385587295103,20.220376603712406,18.231940239601908,16.055227756736652,13.761485862931396,11.397212418979056,9.01913978912085,6.648332104670411,4.286742205411786,1.916968319422465,-0.48753233282946323,-2.947744476089491,-5.462009287289387,-8.015652987373919,-10.559526627866095,-13.039807886372285,-15.36872032988265,-17.522480415484633,-19.46256340844662,-21.179505888007863,-22.73022450678157,-24.150150672166905,-25.503999484852198,-26.839253933712232,-28.16951487073225,-29.466384844542766,-30.655120246207506,-31.56895361067743,-32.095080959727404,-32.032472290086254,-31.235407495008744,-29.73999915226011,-27.537429565997737,-24.908873667199785,-22.193013191309838,-19.897016449492764,-18.395096375987826,-18.081204869555613,-19.31377430385159,-21.893017797355828,-25.74094223270814,-30.434368866475957,-35.45547806893877,-40.33060780868268,-15.029398896805235,7.184464635913827e-07,-8.832082160569921e-16,-1.869972886435615e-22,-2.5695728518269513e-30,1.5423895536987658e-39,6.455341307426265e-46,9.178453469040386e-54,0.0
15kg_16bpm,7CA,-12.20322235,-18.68880569440012,-23.43748684157186,-26.08751441515937,-26.317515487277817,-24.68757149033367,-21.800494022675355,-18.340655982862323,-14.877535837587923,-11.850195076891007,-9.400061409148538,-7.666517736510275,-6.635134815302528,-6.2427807626386675,-6.438146815525822,-6.996786329907168,-7.716416979649591,-8.280692504574217,-8.392087211571527,-7.806616706187683,-6.490430105044352,-4.457710590352826,-2.0659648092729768,0.34404795351400025,2.3868370121483533,3.7872238835221737,4.398704954223608,4.333053234102942,3.6679421684725537,2.705081703512882,1.6036250481748235,0.5110211473427235,-0.512567374512162,-1.4418139924535638,-2.2806045216738107,-2.9806863152572127,-3.5000778363291847,-3.727740953839664,-3.561098019019035,-2.935363405964456,-1.770539736996989,-0.17423090617688902,1.7863916909038484,3.865971127803034,5.842731324636459,7.464039979614747,8.589937002249336,9.050771580327584,8.963631507172295,8.378082334323413,7.531639984008737,6.610341798855197,5.803000428543599,5.1978734038829595,4.871529854542712,4.7558785946733355,4.81900384031181,4.99057067782386,5.236185957630748,5.547931998763059,5.92226843047872,6.3710977569743985,6.862252209726632,7.3498022268821765,7.754884113244486,8.008444537188756,8.032604396371921,7.846343592853378,7.462598916976097,6.99525278858937,6.542239853083927,6.202081169974783,6.008659061817015,5.967941283691685,6.000153915571893,6.031263462519453,5.992843890800572,5.854920998216151,5.627240108377551,5.351882630148756,5.065905822629362,4.789373452443207,4.515991714943922,4.224050120170898,3.9036669146123097,3.5790656073231686,3.3083374302369752,3.202654812331616,3.3067959625289425,3.6359965910787726,4.048713154740971,4.299864975094091,3.954480972376978,2.7288400945325932,0.15924776877327917,-3.6472874061276475,-8.50675329616735,-13.75357639100303,-18.579146588661413,-21.832280594514454,-22.99517273
15kg_16bpm,8AB,-10.16883746,-10.497890200472733,-10.049193798704914,-9.131434453204713,-8.24304638582732,-7.847048496653214,-8.128714047940964,-9.172054661751899,-10.767988407730035,-12.601666754879956,-14.268195189867553,-15.475514676090846,-15.853648761956103,-15.43922211781166,-14.182423873786975,-12.314281969910377,-10.049450217619167,-7.640755911402539,-5.277781258864774,-3.1080703587890812,-1.1461813746793705,0.5761165022506628,2.1042958223139023,3.4370340097798833,4.572685904791028,5.511589570000002,6.23411709130158,6.785583294242261,7.172537286405759,7.456791171783465,7.651935783866511,7.767571993394541,7.792331475373091,7.702240140355247,7.499987405950396,7.170718927194671,6.750375687714975,6.243088318072903,5.663301045040985,4.9984579414714325,4.223288299810619,3.3233048974105883,2.2721032611015226,1.1069340172157482,-0.140273240088118,-1.386418215697597,-2.5498175726625614,-3.5508630932989735,-4.339355967356058,-4.864256328337752,-5.148493320000001,-5.152212741005627,-4.9309893413303065,-4.466639167113888,-3.792669727007045,-2.932815621967047,-1.9393153316591702,-0.8931370260712063,0.10343130707950798,0.9682314108006849,1.59933851317321,1.988207981246803,2.1316407580221606,2.091415929726893,1.9476848801799678,1.7770302070974566,1.6314293349526767,1.5351511921480798,1.4647829137990123,1.3902807084036248,1.285504294292348,1.154792440896962,1.0491618566056349,1.042961503954901,1.2750963736578904,1.7897431300000002,2.655057942800506,3.761154602550167,4.9308014109232,5.844329293245333,6.214895855047985,5.678744081601248,4.29512501410324,2.1377060550372966,-0.18687979185750683,-1.9935952652232813,-2.526489285877693,-1.3287014022688832,1.8199939143254766,6.334767247140852,11.52079005500413,16.31511021983897,19.838274111113783,21.796046546882387,22.3212104867863,13.66341662242077,1.301193956308651e-06,3.8110534030728696e-16,-1.3817980754024303e-24,-1.7363414034647678e-33,0.0
15kg_16bpm,8BC,0.0,-3.2413593322968624e-26,1.3213334508915203e-18,-2.0991941217919904e-12,-0.002373637179210588,8.75386555194354,11.765321518299155,14.087394979561127,15.465740591723895,15.745149557166238,15.196230056885584,13.979652745379292,12.301884408828458,10.483020466914821,8.725958583368277,7.249984069414529,6.1444864221969215,5.50226072091562,5.438499852372037,5.876542480664856,6.813694260910192,8.257914174688414,10.05917925833448,12.145079348786647,14.43375746576235,16.787958249105174,19.111534220950446,21.27896002650413,23.217244797753626,24.838117185239597,26.01310331936058,26.762163461236653,27.05622007851705,26.855700539577594,26.29319290383786,25.43641306671678,24.362875011126572,23.2046976009137,22.03286933528919,20.90495989709046,19.8308218930559,18.79956761711639,17.779222325156116,16.729798566989608,15.620622656272152,14.420177899568415,13.137895006164966,11.77667982378242,10.335330989546597,8.831628799019926,7.261875827775544,5.60720245183125,3.873499474391317,2.0595415255336,0.17398390799374014,-1.7348935964657104,-3.618583404380673,-5.4017202485816505,-7.048061935901348,-8.528674930353043,-9.829305697432517,-11.029531134800656,-12.206133189194116,-13.48083867926508,-14.937195101530136,-16.6389381743217,-18.633159081167125,-20.810236323262206,-23.054116489511784,-25.154554116168427,-26.92454568178954,-28.17623725716841,-28.650257303252754,-28.405038242856357,-27.459538589945144,-25.88665997225259,-24.050494688676842,-22.256242679148833,-20.963476188504114,-20.445410168258764,-20.952636692560745,-22.767868757483892,-25.57035802782431,-29.08845492793522,-32.8394828905774,-36.189156337740165,-38.61610951530991,-39.474870969324925,-38.87165798881168,-36.93058245237457,-33.991366318134936,-9.175092930327873,4.912368411872192e-07,-1.1247478991942357e-14,-2.0180180769637952e-23,6.489086662399491e-30,-1.538078769942807e-37,-1.3602440764721926e-46,8.562028546872248e-53,-2.1003487889500157e-60,0.0
15kg_16bpm,8CA,-5.83033474,-3.055651662177012,-2.900857212549679,-4.887869899747957,-7.976314187133395,-11.261828328530479,-13.939990380122705,-15.522904382964338,-15.932687296609288,-15.4130241503058,-14.27672911045948,-12.982960705483361,-11.835780645112209,-10.981178124829514,-10.426126487207036,-10.058985800257622,-9.72935760299436,-9.306342630355001,-8.755930929111685,-8.085559828354798,-7.366735383781908,-6.665042622277515,-6.036586813122349,-5.489106646243238,-5.03084611988045,-4.636706434086172,-4.292791162773095,-3.9712636691708663,-3.635472103275869,-3.224490009536874,-2.706874266138076,-2.059268107471296,-1.3407256643048477,-0.6571613391001873,-0.18332770397863032,-0.030728681956508856,-0.353460382874684,-1.0635632802117403,-2.052301855871,-3.05535790977212,-3.8132502387881546,-3.992905874129377,-3.514365587691936,-2.2462224962500894,-0.3577947973204225,1.9599836265425932,4.410695026389563,6.719447472904807,8.576118630396213,9.891909991418558,10.557224522433524,10.634321744093533,10.247846343527339,9.52359369938507,8.651632793841848,7.756404027497615,6.9424458338327515,6.272328977737264,5.782482459667512,5.464880880925432,5.341244345022015,5.365419594325539,5.528886930930298,5.788571141720909,6.1063596497313455,6.441779637647583,6.763652321818856,7.051755696529881,7.313313907820159,7.561668682773552,7.812405002310101,8.06278292034576,8.27514899093798,8.397346854572078,8.343853639267051,8.071514522589467,7.568860765327743,6.881390993349497,6.123590125410734,5.437122063884037,4.9314603147803,4.688141697297551,4.687497490451162,4.835123768961268,4.984357909079657,4.996143839572261,4.741342410490892,4.227533369297074,3.5172602163480744,2.765974447286083,2.126746337138799,1.7610139917508392,1.6411173938622343,1.6679154641134935,1.560738182235257,1.0111169470896384,-0.3750069115412539,-2.6653349588368767,-5.953428378173229,-9.779995408415594,-13.61596934
15kg_16bpm,9AB,-1.98169679,-2.6324307630242467,-4.081563591093985,-6.050680727852013,-8.153240130905163,-10.170746504823253,-11.972363621554832,-13.445369692293328,-14.57133571208125,-15.315629489948172,-15.692397323009411,-15.72387280484316,-15.422010271171366,-14.826610979969987,-13.911849683592157,-12.71882578107491,-11.200354740930623,-9.440663371393308,-7.453690460564372,-5.351761663725424,-3.2038471635059698,-1.080285228813028,0.9809169470739398,2.9656345905266246,4.863066477661759,6.633163754102508,8.218188586537542,9.478894920332523,10.348393201107385,10.644008126959774,10.438578211163035,9.691620977061374,8.626952186176162,7.403223903441766,6.237404041716538,5.281018022297958,4.593046627583431,4.142676861921492,3.825750363612284,3.5132279632791636,3.083178784757998,2.4964085311327406,1.7296844558385687,0.8653290545726009,-0.022207633498959004,-0.8431805421155927,-1.513972629300212,-2.0055085146668996,-2.2970673376149513,-2.4228349279788697,-2.4332149300000006,-2.4005919549711368,-2.3926512589748365,-2.4714661815260963,-2.651102614238825,-2.942619535577821,-3.296445375328469,-3.66625187499042,-3.9885210735040584,-4.187565277612939,-4.212012350005047,-3.994303674192309,-3.5059958510186973,-2.7367737412546824,-1.7158388875756334,-0.5274527104397385,0.7163418102846788,1.8904337489078098,2.8463385348154,3.5509053286796175,3.93818575140741,4.119941763037253,4.19012001625834,4.312941575893886,4.638183967794119,5.2626897768987675,6.2179961368779155,7.442542755382851,8.785781929921818,10.025369318325703,10.964396149034307,11.331819246183699,11.125063014700753,10.244742956097479,8.955482969012738,7.464329695465939,6.094698510872422,5.11789966340583,4.6752758972008595,4.7976667521926295,5.3939710686743725,0.9108598680713585,1.333438999729037e-10,1.3903012958052533e-18,-2.0723107129736704e-27,-1.2800853205212014e-36,6.546837021665799e-45,-4.7525464327651257e-54,-1.1312011127268142e-62,2.5508357242115733e-71,0.0
15kg_16bpm,9BC,12.35963455,13.969676400820473,14.709831452247025,14.728615689158216,14.289523064662644,13.581935500268587,12.780694955843922,12.040011700971496,11.439551927227662,11.009657250908221,10.755774870221963,10.63905827313613,10.607569283555993,10.629822931375658,10.695516254783508,10.816620947641692,11.024608924649364,11.366252065701415,11.915873220840082,12.713219464087674,13.7632671198327,15.054937026004273,16.564033897281334,18.19481237534032,19.84559922174264,21.420272685028785,22.79809904058088,23.91276477626934,24.73478874112906,25.25699644932505,25.462898469186666,25.42708691156818,25.209201976798518,24.855819450109927,24.38868981352151,23.835155326299564,23.19142743603799,22.438025163496476,21.52119686735169,20.42944834194977,19.150187324717646,17.683064189870976,16.019395774213177,14.222498454330834,12.339121304148165,10.416961558381335,8.508562881364664,6.65271826517134,4.872256691080552,3.178946957101723,1.588842026086596,0.07995325639921194,-1.358697981068824,-2.73933380573328,-4.070119189785459,-5.373601261547583,-6.663437847447202,-7.953507187545545,-9.260803853617741,-10.594411267739142,-11.96000221259101,-13.357933663742909,-14.782588664172163,-16.213354816910257,-17.62971460040645,-19.00661773421949,-20.308702936058054,-21.522605297289907,-22.63064361794751,-23.612902172788605,-24.43437233613966,-25.08934733892888,-25.544232416190194,-25.746464149528276,-25.62100562541633,-25.174015577582907,-24.40550003422649,-23.352633721164327,-22.132150090674735,-20.945352678742733,-19.996903698268437,-19.535598768154724,-19.799093166201303,-20.818926193439577,-22.58460411649631,-25.005906585060654,-27.836883699368226,-30.750734811528897,-33.49121839593794,-31.5771729313702,-0.003654734819746297,1.9294532849167795e-10,1.452020530180604e-17,-1.068114588254481e-24,-5.321911045748572e-32,5.60191164655708e-39,1.7037371943310783e-46,-2.817519300446032e-53,-4.009642282379586e-61,1.3669951090658476e-67,0.0
15kg_16bpm,9CA,-20.567241,-15.75570241277803,-11.968555060494502,-9.402197476119827,-8.546038850838173,-8.991828504012512,-10.721762256905675,-13.081019642087668,-15.64501512552248,-17.91491582474944,-19.36756366456345,-19.936949714725166,-19.381052569093974,-18.074137069598,-16.217354993195087,-14.286113759574514,-12.659325861607448,-11.482565299141875,-10.875253964647554,-10.581796093297637,-10.352031087949245,-9.885616792760445,-8.870166686490515,-7.30995642208724,-5.163378334237461,-2.7243665295852075,-0.25731809403237155,1.9376043752199146,3.5113178565698786,4.406436531936685,4.4400172546441965,3.828504066627808,2.6441967080059663,1.2032369921669879,-0.2806219353813038,-1.6067790146164886,-2.600312756875049,-3.2506010547542354,-3.491904713706219,-3.4118878781246615,-2.991662199138614,-2.3041228529531295,-1.315811083700517,-0.0783643205922441,1.4207327137773813,3.0898606254155756,4.852142235249899,6.573489578364668,8.104260636508645,9.355935413884474,10.211355750000001,10.704543429620873,10.829485407201826,10.71207172270995,10.426700052678655,10.08615488447891,9.756281137151458,9.473963189558757,9.256328434506678,9.091245455300413,8.974799839385145,8.89477371209304,8.851743822533454,8.83696203691709,8.839798396522577,8.833093409421494,8.777138903044767,8.636646751122136,8.370950242574189,7.983753144707241,7.488348562899412,6.951437549058923,6.453672455767253,6.081126068236165,5.923958634772609,6.007325519879415,6.346114797386856,6.858292882054912,7.441932330479965,7.9403014485534795,8.179901383005125,8.036171287755746,7.389345154221973,6.27044645265135,4.742522062068336,3.0285853016685853,1.3843337193609204,0.09586687503151094,-0.5624205356250795,-0.4856963447062821,0.35521162873301193,1.7088059854419795,3.2214092171372144,4.368966468198658,4.584194920441399,2.7908764225150504,-1.0210248305807587e-06,1.9692474069421076e-15,-3.367106862076092e-24,4.3055755362553326e-33,0.0
7kg_10bpm,10AB,-2.14479236,-2.42324838896305,-3.3513401972894155,-4.213074554264728,-4.616284599703188,-4.664154695193795,-4.773691459598405,-5.294894879900681,-6.2111298826322665,-7.130183680270327,-7.557426390526283,-7.236510153500478,-6.307520981079339,-5.186539797023778,-4.279023712900746,-3.7395415174051005,-3.4262176504431414,-3.0447362233686515,-2.3574659703806136,-1.320046481610226,-0.08241268081454876,1.115915739634674,2.07453181253209,2.711584254094964,3.0693851689116363,3.267345830000001,3.4360948799494744,3.663834507538196,3.973825245122183,4.331633763340091,4.667670660895826,4.902949892925723,4.971917956173439,4.838899242223154,4.505895130921541,4.010107776645036,3.411532770180028,2.7751561255670523,2.155518574508986,1.5897277440160054,1.098601879895992,0.6899512949475541,0.3586477085626099,0.0845912797910301,-0.1645550615165366,-0.4201852258635315,-0.6921505952032528,-0.9535692389349227,-1.1454998280660569,-1.2053204424212631,-1.1058493900000002,-0.8830210881321578,-0.6359021433174021,-0.4970017143707915,-0.5827439396596692,-0.9446546126168265,-1.5423365054122724,-2.2449459920180836,-2.862305150102835,-3.206617214494671,-3.172993935722398,-2.8030908525152736,-2.284752553182456,-1.8595790324952544,-1.6648248556702705,-1.6038835199603039,-1.3640334696900347,-0.6249936960017606,0.656623170034629,2.1200905807014507,3.1921803249136698,3.4953761847094387,3.1386881393245667,2.622527064273676,2.435594040480594,2.70562684,3.1908918656680565,3.5609025003770514,3.6742586435538085,3.632036747911284,3.6255787685514123,3.7441151996827546,3.892714210300965,3.8617082058415884,3.465958114702981,2.6445900667658404,1.4773957643256075,0.1391890675485738,-1.1595530790595285,-2.2143302773685325,-2.8602098905943625,-3.0238658622054615,-2.790224468810279,-2.431845388857005,-2.3371070190520298,-2.8248557666769445,-3.9216100095616953,-5.236668702936479,-6.045276217083242,-5.579453202672098,0.0
7kg_10bpm,10BC,-2.2795496,0.08256711237787999,2.8530709915595796,5.579361009889062,7.851167561178331,9.44921753058457,10.207992696153644,10.323467380953128,9.933575509605374,9.25204225388001,8.459545803850075,7.66177560005597,6.925691603310005,6.28115709107381,5.77763816257324,5.428764475985095,5.259383482108073,5.284664261126983,5.457830006385613,5.736126864039533,6.042898352311139,6.31383741627549,6.488157650055801,6.548784276587034,6.500932269465313,6.35966619,6.171638469854371,5.963433231459502,5.75195814101821,5.533754377892074,5.289100620200608,4.994970333631566,4.641213016092067,4.2210582298653465,3.761569711682742,3.28794159320539,2.8323880429287986,2.4133942806303676,2.041335497177004,1.708410142745018,1.393563523710862,1.0683798093572976,0.7015803875540486,0.2708334038191449,-0.25120868612562586,-0.8541161207821113,-1.5288544637678643,-2.246527845316255,-2.9667395594206223,-3.645506041614289,-4.24076919,-4.729887534317698,-5.080518830656167,-5.312774946428911,-5.443736158217765,-5.5017981572304,-5.531669690186403,-5.565612487082142,-5.632966940451688,-5.744962093053697,-5.907615684798974,-6.1018523412239745,-6.301466138813462,-6.463680928561684,-6.556665774283323,-6.555036267392982,-6.454350904976989,-6.288231685934663,-6.095717325244433,-5.925871689329052,-5.802189539139003,-5.72961025525586,-5.671071733623628,-5.587305783127506,-5.436701741824426,-5.223804330000001,-4.977469598557024,-4.76513919686203,-4.643761667339682,-4.66240660304717,-4.797817448739188,-4.988924959656025,-5.131616093558769,-5.136079736551482,-4.940904364006851,-4.536585711479322,-4.006754745009664,-3.45955226589677,-3.0452053129571177,-2.8699275086496177,-3.0672217979485175,-3.6387265823932347,-4.579474103481536,-5.883490674196017,-7.448110217440206,-9.216456480303812,-11.0816014527329,-12.913285676698703,-14.540764455247176,-0.0016302718080232449,0.0
7kg_10bpm,10CA,-1.21346823,-1.2692557582391912,-2.6891777653052156,-4.754250438622969,-6.737629561375527,-8.147710687099218,-8.81398404829936,-8.825451519539255,-8.396610284458397,-7.7362232696687,-6.971984143004615,-6.136240315571342,-5.193997068277673,-4.09326108193313,-2.8096544020462493,-1.3759138400748692,0.11518660499847196,1.5298635855232734,2.7233698711011063,3.571588600734173,3.9986700320717827,3.9976041286729607,3.6370524776791355,3.046077137341508,2.3752440062277964,1.7430544464759874,1.1934067342604053,0.6844840373175348,0.12199873142441468,-0.5707478364171631,-1.4022728189891835,-2.299115154679084,-3.13600883947882,-3.7892434776381894,-4.181148726366409,-4.2971296615849335,-4.174856546295041,-3.879223279779152,-3.4775424688886245,-3.0228202189917033,-2.5463933877261655,-2.0579109561659377,-1.5512091973737752,-1.0143754170871764,-0.4425495475343289,0.1536598944885363,0.7511128651179529,1.322912462659361,1.8481789637391468,2.315626139708829,2.7201159164818054,3.058840233284237,3.3335748952945656,3.55781934236185,3.7596757993482455,3.972553429198968,4.216590569126046,4.483190241772992,4.734709483128834,4.9188088693384895,4.988996865880791,4.925979454365387,4.742173559017967,4.476429715856532,4.18470139543157,3.92329892372387,3.7316608379701584,3.6212712654406514,3.575495250836337,3.559254257397996,3.531688528287689,3.4554060082239504,3.301079743106067,3.0506771017601735,2.701773780759748,2.2697908735983745,1.7871719648965179,1.2981994170094358,0.8464252879965803,0.4660350827416627,0.1764873780082847,-0.019659976682169907,-0.13324605492999295,-0.18232194759476944,-0.18682366065114922,-0.16608141647295668,-0.13764579553554943,-0.1137160636250714,-0.09371785113243378,-0.05736928760029806,0.0321133813912863,0.2067420700427469,0.45822703692688427,0.6986794170718906,0.7584408431435951,0.4355510089370316,-0.42595088213085297,-1.8426532913471045,-3.6382372697269276,-5.46087958756157,-6.87497866
7kg_10bpm,11AB,-1.37894268,-3.7028882833879813,-3.0153678956911016,-2.690972667793366,-2.8001550084196696,-3.3429150158490635,-4.270036820801145,-5.4806137579395715,-6.795736235703233,-7.94644731658166,-8.626580447352314,-8.60282812007876,-7.836576412330111,-6.53968370229207,-5.05720240061306,-3.702189143387367,-2.6321163732663075,-1.819633397022802,-1.1266591055635,-0.41576959161272453,0.37183982672116955,1.2073058628387072,2.0200754905940888,2.7564389826723983,3.4111373992031844,4.017443238999854,4.607912728400921,5.17450862567127,5.651865854315273,5.939788834048603,5.946287406856741,5.622343374011547,4.9826787739419105,4.10087763872691,3.088575314647498,2.07026666005347,1.1591095101151254,0.4362617681585562,-0.06458625347194324,-0.3634703704628057,-0.5269966449931194,-0.6469925674623564,-0.8080179492834406,-1.0552630370639482,-1.3693995300929693,-1.6653178216664744,-1.8262644065772413,-1.753915118373195,-1.4250158576918548,-0.9236880797155314,-0.42646144035516365,-0.13809078894500088,-0.20003229906262088,-0.6107180186041993,-1.1967209634316316,-1.660414154220086,-1.7013140094151402,-1.174528334549218,-0.20756459511996717,0.7999351325814916,1.3357687576516861,1.1031975572996993,0.2554133040528276,-0.6244274135830133,-0.8663331708150545,-0.21134214611957447,0.9433891502809187,1.815052102651371,1.855181974790915,1.1906788883095292,0.487192801466563,0.3736644589509419,0.962927298743399,1.8542905884052265,2.533019854036515,2.762653862524159,2.7113959609541642,2.7458938434351445,3.12177691444932,3.809016926554934,4.500772152217191,4.781538462361891,4.340873424082827,3.1280033889708023,1.386906644814797,-0.4298149469165108,-1.8257332667000563,-2.437889648406564,-2.162721407124729,-1.1910093216388282,0.06532661642029369,1.1077562660489964,1.5283573313952945,1.1657332684084776,0.12287774437307633,-1.2942629285739722,-2.7050449559681597,-3.785682906076098,-4.336664656616792,-4.277198759743217,-3.60349441
7kg_10bpm,11BC,0.49273264,1.0041063755833672,2.2441320831227967,4.017724829228834,5.994074916219347,7.7708589541240025,8.966455818291113,9.375866117166169,9.069695367722142,8.27042239637513,7.282086709808774,6.393372465458074,5.782138808212641,5.454095907216771,5.322688793218708,5.263653946828885,5.167202149046371,4.97685959764755,4.706685078557411,4.4092874640603945,4.1583993984779735,4.0329912178801495,4.092027105480996,4.332461997740601,4.701372884728989,5.097188619912221,5.390135676475471,5.460385857564776,5.270454994941534,4.847499946395461,4.273254370314616,3.6523899575843615,3.077320128619863,2.5844630096885393,2.1667195552277496,1.7951028009733403,1.4435907469813472,1.1093207710531499,0.8126935747085889,0.5805967464210573,0.4274206160518953,0.3423605118803996,0.2819174986208566,0.18549542873376962,0.0020866225466261686,-0.29617666263398795,-0.7044309228597255,-1.1801403673882134,-1.654125636889082,-2.0646452718104036,-2.370162485597837,-2.5630114184419224,-2.6799600927215868,-2.798416544742235,-2.9956532470985198,-3.327461267838917,-3.804208657811496,-4.373638268633819,-4.930536061475421,-5.3795082990139695,-5.665540929940189,-5.797336652308679,-5.848807483670447,-5.921422129983215,-6.076389760935529,-6.318910146628774,-6.599697162590961,-6.834075500005646,-6.9572064228797625,-6.940719654889611,-6.789600333118035,-6.5291645927340625,-6.18914829079225,-5.803043236364171,-5.393140235108489,-4.978605590882674,-4.574756966299758,-4.190945413232294,-3.8230616848865644,-3.458791640654911,-3.080907160943994,-2.673554999507708,-2.229861319912062,-1.7707407877235646,-1.3438106183991039,-1.025503024916091,-0.9109202198939267,-1.1092121786686329,-1.6395321998749013,-2.454916158333127,-3.424190743234574,-4.357940400696074,-5.042348586242768,-5.386160297055357,-5.43359531236882,-5.367361063328359,-5.460087521290455,-6.0249316012141945,-7.189138493843249,-8.908059666742242,-10.96304002
7kg_10bpm,11CA,-2.31623785,-4.487923226866365,-6.884659599526275,-8.726006688892442,-9.642380039042125,-9.609024027125386,-8.865298315904438,-7.853911112271571,-6.92849597010815,-6.270164045534369,-5.897982659531566,-5.679077627242235,-5.431922032950388,-5.025354218677871,-4.394906694105923,-3.5543969865352114,-2.608223670661012,-1.664057790946564,-0.8230693909356692,-0.1736148651911932,0.2759116539981234,0.5506621912386033,0.7046993207025437,0.802120610696665,0.8965428143327774,0.9971151229199856,1.0774682866552263,1.080636577906116,0.9534186481865716,0.6764580416070284,0.2654413922299687,-0.22897739147633644,-0.724558374053501,-1.1490032710164158,-1.456848970846525,-1.6309634471239187,-1.681779462692504,-1.6429131835497943,-1.531017850796783,-1.347162528137452,-1.0731037179470133,-0.7073073428630137,-0.2631933458066097,0.21954821909274086,0.6721510476234299,1.0281544062597165,1.251535745649794,1.3452464210560375,1.3526195901616402,1.3586529139711179,1.4362514905923418,1.631267807714214,1.9568520422181959,2.3773011467891396,2.8336487823109593,3.2686468752573865,3.631667569593339,3.8874241051767755,4.032133188398569,4.072894939375805,4.027641660800656,3.9231657682860024,3.798906021163237,3.6904128886416054,3.6325837619108428,3.661365615012205,3.779984178325071,3.9690745859203753,4.181235412150247,4.335982826211654,4.350641183263291,4.17030841954327,3.7795963173259675,3.2082937664099065,2.5549227463333035,1.9313734654520536,1.4337530478064922,1.1303813075743852,1.0305058315636422,1.0777025193167242,1.1959708334449122,1.2999708348640557,1.3103525602825998,1.197235133572496,0.9653854229397394,0.65280467529209,0.3308957501179731,0.08638788321866851,-0.0061016232628291955,0.10468897414917745,0.4374142008805723,0.8969489038777732,1.3231987159754295,1.499387466732943,1.151673658598448,0.1251448767705733,-1.5538262295787637,-3.6717746846034873,-5.808408671532048,-7.390097490552411,-7.97420321
7kg_10bpm,12AB,-10.80637173,-7.834001636213906,-4.772709253138912,-2.4124409755150524,-1.2114713810881381,-1.2428675415826649,-2.25537470541618,-3.8109858691063154,-5.436577160203097,-6.7405475145633895,-7.490374080907017,-7.632651412994901,-7.256915110387274,-6.542008172158104,-5.692668072636933,-4.870329435894906,-4.147447072088892,-3.506485803959897,-2.879689766545161,-2.204140684988551,-1.4608931219931667,-0.6810596362052509,0.07687517005388615,0.7601808155219113,1.3458839522673953,1.8449327185029794,2.2880275968641666,2.703104377288432,3.0967803025102816,3.448490187589224,3.7184191866549017,3.8665600985849897,3.873689185550169,3.7488544528444856,3.521981562168789,3.2283551761872533,2.8923486264379403,2.520836678597562,2.1106655648664,1.665214910005144,1.209395919150085,0.7925205123314424,0.47448701062170434,0.29968546345001806,0.27089084474988095,0.3385033012586501,0.41577558270034326,0.41817209836033226,0.3100360402492901,0.13146341908962858,-0.015765982634690322,-0.018631041240589806,0.18207468766812362,0.5487699673686622,0.9623118860778099,1.2771359346534479,1.383544549795779,1.2549098221371324,0.9593955757852306,0.6331186062740951,0.4259235220910925,0.4372765415901054,0.6656222151317905,0.9970385866779605,1.2528266119162816,1.2936340044947527,1.137399797461308,1.0092616505425949,1.2465578715002454,2.061913181343233,3.301597342645176,4.4181787024399,4.7506127168287895,3.9765529883420285,2.405671142348667,0.785511843027646,-0.18960587493802875,-0.24972618888787387,0.38914057985622796,1.2369563845287703,1.8058402460004597,1.784046933069551,1.0863089442029876,-0.1668632186457254,-1.693633627459781,-3.1067366545610264,-3.990405352963045,-4.002926661737283,-2.9867526516282936,-1.0477099027092969,1.4355688359457504,3.89236770069517,5.71446528318988,6.424525762927251,5.8169042154466695,4.0489142912676765,1.6098633489409055,-0.8274291443943917,-2.588155227247713,-3.18641815979418,0.0
7kg_10bpm,12BC,1.68800753,3.0992655853272835,4.584094829613237,5.926980541647103,7.0134135038160315,7.744511717128272,8.172578285728758,8.357703784286823,8.363195514092244,8.276473972162401,8.124693432497914,7.907497415522386,7.614674490268802,7.225680145936938,6.746795092722379,6.21096833744594,5.668963589688678,5.189208159428135,4.824790786352705,4.642174771119476,4.632976175286502,4.789604372659165,5.075005598752361,5.422700856949252,5.778443217323227,6.086848175976903,6.318234638426047,6.44438456714224,6.471134818001201,6.412413179306183,6.279150281673036,6.102935492118918,5.898973883996815,5.677035999171329,5.440071764685439,5.180981444622525,4.88760377003225,4.550149825703329,4.149993371334877,3.6764576067652186,3.122829321236072,2.47077669481816,1.7360341392923302,0.9323700260413258,0.08759210006280331,-0.7566136417038748,-1.5655508127085422,-2.31356605773645,-3.0038503354299233,-3.6514754192552847,-4.293139720000001,-4.956003332497631,-5.653195394620406,-6.3531666621085225,-7.000269333089,-7.492222180969983,-7.77101954034851,-7.785474205431934,-7.545655269273499,-7.144434023260953,-6.685764538861003,-6.300474590615563,-6.066073262962187,-6.045531605528596,-6.198731014570137,-6.469078506900247,-6.776281977308422,-7.036204345728306,-7.189122947316564,-7.190260578674791,-7.044258493847633,-6.753380229824829,-6.355129370314203,-5.9005007717488365,-5.448893661285286,-5.068953910651414,-4.810381015336382,-4.729520558612964,-4.795550839210172,-4.960993569008939,-5.115343614732003,-5.134077323976223,-4.884879965679107,-4.28204852625476,-3.345940047067384,-2.1324458157274,-0.8413214042425313,0.32412919556287034,1.0709688723889983,1.249797498471648,0.7381723666631032,-0.5316493920643283,-2.38331958462045,-4.674808915183894,-7.155998286830239,-9.596809119413221,-11.784479778061343,-13.578782263529234,-14.920028985944363,-15.69745435567599,-11.1831912
7kg_10bpm,12CA,-6.31350912,-4.615274251134381,-4.293592397626548,-5.030334488748381,-6.257890794628515,-7.452852519187257,-8.146416844313304,-8.170391853813477,-7.577161716408157,-6.537985932850212,-5.29708142015531,-4.099829412310638,-3.0786095682476895,-2.2901218948452344,-1.6999590952284505,-1.2075610994342594,-0.7218141745382082,-0.16756926958333462,0.4751448746945493,1.1713926301047475,1.8559081225192426,2.4275017074899496,2.806193912056561,2.935375317639007,2.781479615161272,2.336067822520521,1.6624165482456228,0.817026021238817,-0.13698097921757402,-1.1288932879594433,-2.1032556432284446,-3.0190216705819006,-3.8329740702530706,-4.5215393483875195,-5.0704711434576515,-5.4737922801847825,-5.727736554713585,-5.8618469106479605,-5.888395409818809,-5.804053346529836,-5.582078477545598,-5.195272944256488,-4.615618691648552,-3.8309203349926464,-2.8995141349432143,-1.9243351993108666,-1.023090227067129,-0.33021853019844244,0.11268267564447598,0.3350524552506179,0.4294010087702658,0.5450356747669943,0.8052596337729759,1.2679605781193592,1.929338071880088,2.709970001254918,3.5133017386477023,4.273710827594863,4.957070294451595,5.576354697001093,6.1492094864253275,6.6752792504887175,7.115109319154312,7.421594685346359,7.550034024992615,7.474921928266829,7.211183197235597,6.822936462865257,6.3663896418858705,5.887290320928026,5.410115635029199,4.939279398917778,4.4782400001932166,4.04594109477368,3.672116361117231,3.384966431673394,3.1996189638592125,3.106173466094709,3.0523757324455745,2.9841571583749547,2.845395997599495,2.5964288026705824,2.232753248698674,1.7661799241009069,1.2226177241160154,0.6564768640465546,0.1302621942161827,-0.2821181707298382,-0.4737442573433204,-0.3949621421855683,-0.03633616711112076,0.5366943076560526,1.1271261289566379,1.4540088344131619,1.2317452702117613,0.17599187136843875,-1.7830165859650218,-4.450101529553216,-7.460243513583198,-10.22475049041209,-12.14244443
7kg_10bpm,13AB,-8.34549001,-7.211029289327837,-4.092423635198091,-1.6761538181452713,-0.3654129821982284,-0.294128123917969,-1.3106622771444991,-3.02794996556855,-4.9307738505968475,-6.517659952728977,-7.436938844506964,-7.6212424654557225,-7.214867614380687,-6.4931274727029855,-5.729596327183763,-5.093785564138468,-4.610886962061607,-4.186167950974218,-3.668307619787445,-2.9210823823823002,-1.8698748649487371,-0.5425095178281283,0.9353213595126969,2.3891163295683526,3.6350105115962164,4.529373539999999,5.004904367768493,5.083684456940952,4.8641581490358705,4.486409855661098,4.088513339015637,3.770114682357598,3.566863268811863,3.4524010072972144,3.3672773632657567,3.242513530097694,3.0213592532764344,2.6717994273255083,2.1915584760018487,1.6075779238182615,0.9697372688113624,0.33787806677882815,-0.23348718797502904,-0.7146107288637187,-1.1032003115189806,-1.4084358688862502,-1.6338009441976564,-1.764195418719753,-1.7707505198818896,-1.6325159870971782,-1.3637112400000024,-1.029131965535279,-0.7330415664121683,-0.585622095461196,-0.6348007545662889,-0.8335896609995668,-1.0491086434967472,-1.1107670551383897,-0.888551968430505,-0.3653501097774359,0.3317624639227064,0.9641447610870063,1.2768621002440288,1.1243519583573915,0.5709930489504743,-0.06275766887176339,-0.36712065884989964,-0.04086961437754588,0.9133386948354654,2.1412937874113624,3.1004520541293177,3.368058489643388,2.901667932144953,2.0697528077474194,1.4167011780555732,1.3413314499999998,1.8345186833361762,2.600290925300216,3.2664908118647444,3.5758821394484404,3.450137921631014,2.9394765120437194,2.136345081800525,1.1262186971106936,0.0011575315873367667,-1.0928700810094654,-1.9133570534791635,-2.1854380292058715,-1.6891890229570399,-0.38410013987504443,1.5192050555898244,3.5794822483392736,5.245007141413409,6.032003482779081,5.69082132372098,4.308628177968233,2.284924679187121,0.25806757259563623,-0.24744533071127392,1.0514366105246825e-12,0.0
7kg_10bpm,13BC,1.41592903,1.08507524563923,1.444716898219134,2.472252963519459,4.021476465051462,5.754549758327932,7.355325908196485,8.554142886073837,9.166713711471639,9.228223595089203,8.836116167004112,8.139424052671664,7.355849649657187,6.617233626377303,6.0202020019399045,5.595977015178161,5.330190532280656,5.200784349273314,5.176149702050129,5.2173702903679375,5.302098627679721,5.415682029132372,5.543513790233919,5.675883286644534,5.799234196322027,5.894579497698145,5.944433710350714,5.932135506046365,5.846277816131982,5.697796753859799,5.499182827372689,5.263105902409721,5.004102218729023,4.72475823091288,4.420833405184678,4.088783976717393,3.7309767494396224,3.353024761625837,2.9635219107271826,2.5685702947419844,2.165619977491536,1.7402076902139458,1.2738652744575611,0.7490129342395253,0.15012732470947618,-0.5177727645985274,-1.2259667353733485,-1.9312859628060026,-2.564150044154498,-3.0696629255591548,-3.4097721633184657,-3.56156017998015,-3.5850771113479936,-3.5654372806631747,-3.616540886303467,-3.8557236733885825,-4.3318225276495355,-5.038794005958761,-5.892145109021537,-6.726054322745535,-7.39618779258651,-7.758935270180636,-7.804392940673705,-7.602347855345092,-7.276567547188489,-6.996404555922059,-6.874515247328208,-6.956532685385877,-7.2180077252973796,-7.537314467212983,-7.804074926738974,-7.907276882597654,-7.815090533323428,-7.556859681374522,-7.1962085525902015,-6.827233600048547,-6.5173991711445645,-6.296962003440888,-6.164962902815895,-6.074955730130742,-5.986405572299125,-5.858395323506409,-5.665065645267177,-5.389727133329142,-5.0071253376470555,-4.4830761815147175,-3.797280496604939,-2.936023814468487,-1.9076302250768882,-0.8110448774863859,0.22820342756613393,1.0132782947244585,1.346072176578669,1.080246717563966,0.07945110807725476,-1.7110613752106432,-4.168328755287686,-7.134127478101501,-10.345716697163258,-3.3122176876676865e-05,0.0
7kg_10bpm,13CA,-1.22418576,-1.6429535179393606,-3.3053536328194313,-5.354274853207169,-7.021461223896227,-7.881455270756559,-7.905813363150423,-7.352463434020177,-6.571275291602447,-5.855086260749956,-5.3329149326301835,-4.991082416775021,-4.730244664967802,-4.433543562078283,-4.021335516850933,-3.480218470880025,-2.861271069050893,-2.2503725988903196,-1.722762045146519,-1.3061959947214175,-0.9667078631037641,-0.6403698349203922,-0.2918168362783134,0.050858807303167386,0.29794073774568797,0.34078493530466425,0.11106818747868291,-0.3775792307647536,-1.0293203217408715,-1.7050069459904786,-2.276585136693111,-2.670611441494015,-2.8879131082050016,-2.963439126086951,-2.9330386086807128,-2.8041987363400533,-2.5515836338915237,-2.1366448539850125,-1.5395403118792337,-0.7847735594963241,0.05310582695638218,0.8694310744588631,1.5640166123916868,2.09116552966319,2.4663134603624997,2.7573271221895204,3.049797163211458,3.406101765733983,3.835471316184819,4.288950223870469,4.681397426018041,4.9307233635031915,4.989967901489029,4.870373703063472,4.634666449252466,4.356599977971155,4.098942341745812,3.8988716727245976,3.770134506045606,3.7126552770377197,3.7186127419923607,3.770930662047049,3.8393499524305956,3.8834337772907084,3.867340501491237,3.7844881275984115,3.6601830425816133,3.539145920599428,3.4562914189018388,3.410950583872754,3.3612566428676134,3.242890482008716,3.0004387913575954,2.614312134978521,2.1053857333595136,1.5293519481775548,0.9524372102879279,0.43233897943294414,0.01453661935243213,-0.26813348852263436,-0.39582448985862556,-0.36468384045222213,-0.19149368486409796,0.08343476450621093,0.3967781828735054,0.6674841805817489,0.8078077636524208,0.7557849092599092,0.49258808929051867,0.06832507753397213,-0.39356778881436644,-0.7194467521285286,-0.7418549114844594,-0.37842155166932284,0.29465538415020004,1.0105442064365233,1.3460371850253703,0.8476211914859685,-0.7209409984774473,-3.27655495376436,-6.34468931
7kg_10bpm,1AB,-3.23016326,-2.749604255159641,-2.281508588972806,-2.018843301042165,-2.1065269780432194,-2.591295621566153,-3.40697049032065,-4.400515047492134,-5.38431696723029,-6.190214007579855,-6.705758392994338,-6.885990357203851,-6.745258923130769,-6.33886385866002,-5.743594261440712,-5.042110068118013,-4.311603246893171,-3.6144699091638413,-2.9887852142717577,-2.4391083943206247,-1.9321247693482424,-1.4036092801771523,-0.7798118772284923,-0.007947719903353804,0.9176683004970675,1.9481432600000002,2.996009278501949,3.9650940570463304,4.77637744043242,5.377045487127364,5.734242501217825,5.826429863238528,5.644601512260842,5.204189968056029,4.556773677276194,3.789088879384259,3.0058349333073204,2.3031996676806745,1.7437385127842533,1.340776339950577,1.056874051004834,0.8179727729991458,0.540841471622842,0.16600897759037064,-0.31553469186752214,-0.8529298519359103,-1.349259165852876,-1.696248749898691,-1.8177066314236456,-1.7019394048596443,-1.4052512100000003,-1.0236421836026977,-0.6497298487392036,-0.34089838139073114,-0.11454581907418646,0.03429068160064408,0.11159886029534563,0.11608708548765492,0.04693488298981962,-0.08275934215282899,-0.2402843741076794,-0.38108744886440515,-0.4649332188827221,-0.46982407753955974,-0.3955427490697182,-0.2561243672505424,-0.06774197747066607,0.15908586298245384,0.4181938315708186,0.7003196663008613,0.9873061265479546,1.2536913946405994,1.474878254674215,1.6362903206110804,1.7385359793170156,1.7976682,1.8425773864769308,1.9108311896971908,2.041258072669498,2.259981030097692,2.5593729776895073,2.876401186329747,3.0845966358708266,3.016641176485985,2.52630197736143,1.5773026140007753,0.3202811834402561,-0.8955118911539148,-1.614165974511501,-1.4594538364911347,-0.3453458559868624,1.3982834061985354,3.0784192417435943,3.8886064693699938,3.2700116184458663,1.2216544246922774,-1.6019728855960071,-4.080235452411223,-5.042761904277083,0.0001073670646630816,0.0
7kg_10bpm,1BC,0.08447646,1.6632168983251792,2.9317676294666732,4.480848157100013,6.060108240495735,7.4208320132954455,8.3405032396494,8.722417044485647,8.611307240096316,8.066398207538755,7.325475451543747,6.552865310628491,5.91275874036385,5.47020100054287,5.268234073214819,5.227357892460964,5.275233103065536,5.318158388677741,5.295260396927329,5.169382633858879,4.96324313153008,4.720091442595167,4.504342830772587,4.362380568649552,4.328466536655489,4.394836796644255,4.5281165428052965,4.685898816247678,4.821198606499066,4.903709732964543,4.9216107021882864,4.886449528413956,4.807930217175366,4.705519179101091,4.582358213522808,4.429429049706027,4.235841190391123,3.98214139646563,3.6685954131696192,3.305209290785232,2.9132503719302334,2.523927205999085,2.161688086618573,1.8362076363552822,1.5380033145056933,1.2434871929893825,0.9221182853048229,0.5481500964833469,0.11065994582667635,-0.3776878613559549,-0.8998183973274251,-1.4247398280977057,-1.9328367239177149,-2.410473700720123,-2.857233615211611,-3.2662615276572673,-3.629727184485425,-3.929901033061153,-4.131166299745055,-4.2260806800153095,-4.202300850687223,-4.089815924471669,-3.9375662847267736,-3.8146078557829664,-3.7785783155040296,-3.8773830454470803,-4.125378047482551,-4.493497052859929,-4.953154276732753,-5.442757596292227,-5.924223272901948,-6.3684380344641,-6.772489120952348,-7.139104167096093,-7.486221587156524,-7.828360619061305,-8.181824216820836,-8.557739368064755,-8.967915724527272,-9.410781093927044,-9.866466791853707,-10.27472339610666,-10.54926871254064,-10.55802267828526,-10.152881863321824,-9.272665002685073,-7.808870946045864,-5.915744661036263,-3.758636685318225,-1.6443501739449355,0.13828760075554208,1.2656459824937438,1.6472325880343595,1.3154098497482587,0.413647075989037,-0.7179261302704706,-1.8128661493053921,-2.6716778558981615,-3.3069904604627984,-8.42447835473128e-06,0.0
7kg_10bpm,1CA,-4.85386562,-6.935064026373212,-8.867287016847778,-10.227435739709296,-10.923219854983657,-10.935450525438657,-10.400527203364025,-9.56403264582918,-8.611814796290297,-7.713102027877027,-6.9394291163599116,-6.315458162875902,-5.790177797415061,-5.318990850516872,-4.844211120332477,-4.328370686139394,-3.7257511350072754,-3.018773538054998,-2.173883477785752,-1.1726890641000598,-0.03338249028476399,1.219210627442375,2.4909103255234646,3.6837510683443377,4.667914846457859,5.37534781,5.714674644098894,5.704582095263418,5.387276058784703,4.816045972321408,4.115936553252839,3.3753123229611215,2.690604990115272,2.1152498538786406,1.7026040772287054,1.4249389562261474,1.2573096870815472,1.139762672105156,1.0117095517722534,0.8134258208518611,0.5227096625895605,0.1381166241348481,-0.3139291517677163,-0.7805498383601547,-1.2068630696121434,-1.5467279280453579,-1.7773310836254013,-1.8736409457346785,-1.8569153754137642,-1.7246723790712706,-1.4817942500000003,-1.132859895249481,-0.6543923420882295,-0.06594453781512015,0.6206269594919022,1.3618026980704194,2.0970373360019643,2.751736665792424,3.274212777345314,3.6347840343078426,3.8244505037284533,3.897396433908565,3.900362398737499,3.8975595985885185,3.923884723149034,3.9922450185097302,4.07203890636619,4.119257638728074,4.081333765781955,3.937441478898077,3.67432823288345,3.3500805667211813,3.0289719774907216,2.8007939156658956,2.7152914117706013,2.8125540300000003,3.0407457531364215,3.3208925045825097,3.5279987867132236,3.567313864796233,3.35611259485034,2.90391886388206,2.289107079600834,1.6390671671768233,1.1121960207298247,0.8461952571533659,0.919883286021505,1.283460326370503,1.8342721177453403,2.32273834032177,2.495744375341146,2.0487060191924584,0.8807653610846605,-1.1178762065903483,-3.723257036962691,-0.35122950453290414,-1.3491848325909126e-10,-7.546003400770393e-20,-3.520769617891516e-29,-1.1542079775257332e-38,0.0
7kg_10bpm,2AB,-3.16977117,-2.8472200461155595,-2.7564818126197594,-2.9676449667900164,-3.508186072451821,-4.361885428848564,-5.414949737102884,-6.528123387107098,-7.567041104212988,-8.39612342147557,-8.960932306516048,-9.236455391141249,-9.198884479537092,-8.894579619519993,-8.351125936658848,-7.585159624174388,-6.634065591272013,-5.5560147764823515,-4.410663698654035,-3.276275244935337,-2.219209767671404,-1.2769196383412726,-0.46446331646303846,0.25979650357961404,0.9544429568212581,1.68118168,2.491274210031597,3.387110320199468,4.3398616607321285,5.280154575888831,6.11927765726979,6.777505803419895,7.1676331705373535,7.2416697152848695,6.997360085012122,6.444145289512383,5.620280769822245,4.633266050418723,3.5760161208435273,2.556322280915118,1.6602043158166286,0.9322879820604654,0.396111473677215,0.037944109013778926,-0.18036346414636828,-0.28609524001052666,-0.296049575735675,-0.23951011689341611,-0.1358441573909845,-0.010588891312227698,0.10266766999999999,0.18163999392533461,0.21720078137124357,0.2218896466471653,0.22445430891257637,0.24828721629574196,0.3077168016046469,0.38860978563955395,0.4696264299737822,0.5299786176426206,0.5676413419876019,0.6039748424651933,0.6721850176027165,0.8127762139849019,1.0329268100829154,1.31888046828513,1.6304609444974585,1.9045166442299033,2.0906432318868484,2.1490965355037286,2.0733056605461964,1.899955842313852,1.6789293440519046,1.4842218031484478,1.3831054512730683,1.4224054600000002,1.6342470593130156,1.9855069280232693,2.3958426496274496,2.745633391850871,2.8611996114998703,2.6224217188409407,1.9623541220406704,0.8792198683908541,-0.4025980041993113,-1.6091447781043589,-2.389557959547527,-2.445257928319902,-1.713701861776694,-0.3029513981024685,1.4303453025629074,2.9504160785436815,3.831950427510373,0.8459599062181704,-1.4629285485426137e-10,2.267540482561723e-20,-3.3488586920336334e-30,4.599444844356799e-40,-5.565595364511452e-50,5.000925012439851e-60,0.0
7kg_10bpm,2BC,2.47650317,3.8135885732039725,5.238781313460064,6.639089237885086,7.879287980863883,8.897463694195457,9.575890242490548,9.929972932578545,9.938328580880002,9.668280886051594,9.185787398059471,8.575499856759729,7.928389557925456,7.321149703368875,6.807502574873023,6.441804818789647,6.211396221805642,6.134133828631019,6.151118228029277,6.233911783570505,6.32851981749286,6.3931881656183265,6.403935718659438,6.348181572133554,6.235580080348824,6.091042162475991,5.945872815693305,5.8317316576767375,5.778137413410959,5.784149770667323,5.84874863044538,5.931853432034084,5.985798501008748,5.968609575577337,5.824929310987339,5.543853411692138,5.116074036590878,4.569159326555766,3.944266419982895,3.286712063984541,2.6421134430655298,2.045946913567775,1.5076053934150249,1.0382244195594705,0.6126030544443491,0.21570108101963809,-0.1817441755614955,-0.6062619301635332,-1.0736018391592237,-1.6005409839589853,-2.187323154484292,-2.827107112169039,-3.501012061580891,-4.175562656095257,-4.80661971368102,-5.354710483598431,-5.758154474793159,-6.0171528204039735,-6.093969960100146,-6.047250197798382,-5.909815231615911,-5.7552894224188735,-5.648022349599893,-5.627048308146712,-5.709413964907747,-5.877806300468858,-6.089563259124817,-6.298816310784455,-6.4680227782971045,-6.570206295294357,-6.618511803407031,-6.624814985060226,-6.624170570218684,-6.64364903447234,-6.694253738511942,-6.779457562979558,-6.883738145909623,-6.985609652099189,-7.0623508349530715,-7.095270649898472,-7.071024929449283,-6.992156471409831,-6.858017257758025,-6.686591706601528,-6.484091596729259,-6.267439588450803,-6.043622757038899,-5.820425569657193,-5.605845207220261,-5.410749265096545,-5.261837930710982,-5.197097132218697,-5.27716184728729,-5.581158366674022,-6.169566624190327,-7.136939363115539,-8.461845461987144,-10.190971672064379,-12.274976756467842,0.0005958590679865853,0.0
7kg_10bpm,3AB,-5.51247967,-3.5052725789707044,-2.407029277540008,-2.252987902963205,-3.016577635617539,-4.348259506774255,-5.913608184371673,-7.369392626569493,-8.492525337303299,-9.170537934373115,-9.367644481410075,-9.21004955708077,-8.782527606160949,-8.196146332324108,-7.521363074450525,-6.771788959210546,-5.938940542469462,-5.002585469706866,-3.927742535122344,-2.73907883471368,-1.464588,-0.16544356587516043,1.087169393327979,2.2206405235852786,3.177986390418602,3.9451499502611904,4.499035102460826,4.882071109271495,5.131757501688393,5.276011574231761,5.357539047623812,5.38446636665988,5.346279237069808,5.226744525011036,4.989038524820669,4.606141304031039,4.074559713841652,3.383028870512683,2.58062660347623,1.7182968526906226,0.8730482500000001,0.12008180451713066,-0.4722463221244181,-0.8529303202084005,-1.0360552648826116,-1.0382058739385032,-0.9280780365112213,-0.7716113570192089,-0.6225653604948411,-0.5069869714961723,-0.42276788926590486,-0.34925071417822445,-0.2611461837423494,-0.14445502166561647,-0.002435992059847951,0.14546853355776104,0.2748859852816596,0.3670931588745047,0.4208486575996326,0.447657257907959,0.48256027000000046,0.5590502996147863,0.7147313631663171,0.9481675463821001,1.2453222792184722,1.5589119136956804,1.837983532653854,2.034017539449528,2.135849877332244,2.165450589030246,2.1684753988689365,2.2119424683286626,2.3478519735755947,2.620142328104529,3.0086402222682676,3.4737960733094817,3.914990282294748,4.216761772249829,4.214048614629393,3.795662933092677,2.9169718800000006,1.5436608692533094,-0.1076879177342763,-1.8031160720440595,-3.1633589397287682,-3.8977706701447667,-3.7219730185769,-2.579543244586388,-0.6902997000614247,1.6284516740746418,3.819669829003214,5.4494150331856,6.0252324396986605,5.5689508897641895,4.17618751637688,2.222156243067322,0.2435254170670953,-1.2531729223674741,-1.862218075746747,-1.4803260804321834,-0.0389941
7kg_10bpm,3BC,2.94884888,3.59882297681341,4.410279714023616,5.333117711598291,6.340071028445359,7.350894117503943,8.270236103193094,9.038963772915618,9.544007238673482,9.795312739520705,9.728654088436164,9.424455911870174,8.897339173979322,8.254689681234325,7.56890779593091,6.9210556911966155,6.3909249286597065,6.000692213681409,5.789782024338097,5.721985493914535,5.779185420000001,5.898953223476718,6.032383319388474,6.138229224981746,6.189148960306486,6.193405903255041,6.172990104681144,6.165234292724841,6.209941231727255,6.320976484037708,6.498486024163778,6.707177764956675,6.894517484550515,7.008093496405898,6.989119342047774,6.817748483680345,6.4763096136344975,5.989725507177291,5.382703940215584,4.698734968638821,3.9751877100000006,3.245293726913951,2.5336731203604392,1.8516001491642335,1.2011981372783163,0.5721896885688127,-0.055138835506094386,-0.7056518091162024,-1.4085141353058042,-2.1848267093127838,-3.044565869173541,-3.976291573820893,-4.941644771789989,-5.881929131103315,-6.720111112352213,-7.382441979067048,-7.818268660878296,-8.007257094738657,-7.988826322987534,-7.8295851109918875,-7.636371180000001,-7.506505619234956,-7.509347055075247,-7.674381863674331,-7.962017002863148,-8.305585697403732,-8.611066912708367,-8.799384457227779,-8.844181698893653,-8.756042037512492,-8.614818497027006,-8.515167788641463,-8.542230108281972,-8.756960449253098,-9.126053701418714,-9.575211276230819,-9.959425851775682,-10.104257766595843,-9.903049850584905,-9.239023071577027,-8.188220480000002,-6.826439052814249,-5.381606303680445,-4.082068764071558,-3.0965155275146325,-2.5983265094999015,-2.517137331046712,-2.803970302433463,-3.2251808237029884,-3.5920200757062735,-3.786118041698744,-3.7595096726579236,-3.665767575187832,-3.763535637892687,-4.285776344150746,-5.604966340768503,-7.673722534913292,-5.125434458871425,9.1249130736429e-08,-1.3191326678737307e-16,0.0
7kg_10bpm,3CA,-7.09536354,-6.453962836736909,-6.556528187455307,-7.2003607477425025,-8.093814035587622,-8.97648170552065,-9.649487815983052,-9.976050849173848,-9.994089353645016,-9.715032749469971,-9.288084763308545,-8.791818903814118,-8.307834242602423,-7.870369918314094,-7.463670822934888,-7.047878306416825,-6.574159614292027,-5.992098118881855,-5.278217439816318,-4.43305329505336,-3.475753658928665,-2.4551605719899583,-1.4191809098085504,-0.41894901162759063,0.4897332022247137,1.2931344600000003,1.9454342623909284,2.472988604744754,2.858922667651754,3.140851835193311,3.3268554851291348,3.4443287508574145,3.504028082103152,3.5165372446809084,3.4850348751173352,3.4097690269301446,3.2948548350595583,3.1422747454387836,2.9636514914421825,2.7655935979176762,2.5593748805619634,2.3492759512894557,2.1373263789705925,1.920324079519159,1.6956816079924324,1.4602587064733672,1.2180502677614269,0.979346930908294,0.7608180947887653,0.5870767948330811,0.48317065000000003,0.469510627211175,0.5666905709709631,0.7687555406016965,1.0781954724659222,1.4587133843581248,1.8873598161146705,2.3188594625457055,2.7079394719812906,3.029601083437107,3.2451676045352693,3.3596296407602266,3.3712785429801455,3.31056580500354,3.2110567230673324,3.1118803443223615,3.049025494287437,3.0497874021837967,3.122056291572896,3.272076477791467,3.4795051211045203,3.734775222754875,4.010367214388395,4.2871984015758215,4.545553581329874,4.756379030000001,4.902933630987923,4.946815320416581,4.871145938157205,4.646596610197404,4.271892373528037,3.7609564504489192,3.1493573968636057,2.503452997511284,1.9002385321187278,1.4109259574442128,1.1230166745503631,1.033509227839477,1.1700486165500044,1.4258684656361467,1.6926481495869679,1.8253578043545524,1.6308854075089376,1.0199921867167712,-0.10765187330403063,-1.6933309677003099,-3.5983811579049605,-1.6969210407187902,-1.8494017825195904e-08,6.631089506666093e-17,0.0
7kg_10bpm,4AB,-6.01724935,-4.650120377027151,-3.6098109632834907,-2.9758234222016338,-2.8331102315418395,-3.0924059317928596,-3.6929752458469536,-4.573586099736494,-5.600742051355913,-6.678781436806587,-7.679133483505907,-8.49481404290962,-9.0044707063474,-9.107509196486983,-8.7767159042764,-7.960051838751152,-6.728876118337048,-5.199895591886123,-3.508605927496652,-1.8523110952903663,-0.36643753143419194,0.8114393536341011,1.6935501211297301,2.3034678131009767,2.705352564965919,2.9937606700000012,3.214522672811961,3.3890290137311547,3.513069656251203,3.5635544760704736,3.530864545593326,3.425659978994539,3.2659777258147296,3.090492373389199,2.923247928773334,2.7774601487497623,2.640017105209903,2.488496590804932,2.2890680746913477,2.0271746393342407,1.6959981157859632,1.3116388340813743,0.9084694987936379,0.5256524247082723,0.2057482202051152,-0.025385081855286228,-0.13636147749232974,-0.1324876895248395,-0.03011814309425202,0.14892643475130654,0.3521095100000015,0.5405919233893506,0.6742704292275985,0.7457455890339961,0.7587358360969065,0.7372282985067933,0.7125877450346426,0.7108197698443359,0.747795856693488,0.821406532832236,0.9212352062016445,1.0207870312659588,1.0970377716690294,1.1270024619336203,1.119968523222136,1.103933329236606,1.1443682048486836,1.3034702938644498,1.6384808393136745,2.1728796504724213,2.840920466787145,3.5415460243711316,4.109533227016254,4.414510461444369,4.325599547212415,3.8458420600000003,3.067904184253201,2.134913910121495,1.270722401079332,0.635469216347227,0.3877864688964909,0.4846238023478224,0.8478884562785538,1.3007266842518532,1.6498307498374527,1.7452766919187124,1.5296853730064979,1.087021458106846,0.5590231293478395,0.15215381914496767,-0.0056497677778404795,0.16850422296601555,6.962733846324243e-05,7.297358596178698e-15,-9.747907356824866e-24,-2.6891505472701822e-33,1.1537824395021187e-42,5.920920512387073e-52,-9.873534511634006e-62,-1.0522295799245583e-70,0.0
7kg_10bpm,4BC,-2.5046096,0.13936344229479908,3.0416292800648734,5.887797877393439,8.401495455797917,10.24471219027789,11.423349376693086,11.765301108105563,11.530096998097983,10.786625289105084,9.829208452887825,8.838221914145116,7.96198611297379,7.3118812512714175,6.877841181876264,6.652804247669785,6.5606116890953405,6.543300263253642,6.542365767601638,6.519372772110868,6.459326850392064,6.362531980999014,6.24385097665165,6.125227904895644,6.027818521274717,5.96696095,5.949166352350358,5.965521553653687,6.001072421676817,6.032063549196336,6.034382378548785,5.992574436982802,5.887406787292672,5.720523534136449,5.478338719804096,5.17340376308191,4.79517569081575,4.362746799387572,3.873114925317436,3.348653490416328,2.7957372608574627,2.2308180661805976,1.6606022459333016,1.089526199544333,0.5163199942209008,-0.06295513037365197,-0.6567936910269752,-1.2716197432284295,-1.918862280782456,-2.603011424018974,-3.3295315200000006,-4.0908618841388185,-4.868472700564842,-5.62874934296055,-6.321071144875751,-6.889815290463883,-7.28403445910776,-7.463081216611842,-7.431774089054581,-7.20715178889298,-6.863847341286817,-6.474202420797227,-6.12242472280356,-5.880318971417713,-5.764616142019904,-5.788954088186206,-5.894879300364657,-6.033774860373832,-6.144560886113234,-6.172942792832213,-6.122705962384178,-5.998310782781882,-5.856539886941766,-5.761944181177152,-5.759948450220821,-5.908770660000001,-6.195669792808117,-6.609024510591689,-7.080437231533191,-7.529281000357485,-7.876509200487625,-8.038080249988242,-7.983339258243705,-7.702625978038919,-7.2440930226922315,-6.688607409014376,-6.1331997001834315,-5.6756213379714024,-5.38942163042141,-5.301826335460593,-5.423919050632532,-5.721725940060415,-6.195401206836446,-6.837854644587154,-7.715945126350338,-8.86103617677055,-10.372614564546936,-12.194675987612094,-6.687704058360958,1.685105655701845e-07,0.0
7kg_10bpm,5AB,-9.03084009,-7.234789292320851,-5.565885122109288,-4.46467384572085,-4.11574520754883,-4.483230230105739,-5.404285661689382,-6.50014879964121,-7.46277591428027,-8.043811732460865,-8.173609337908209,-7.834037217356282,-7.233981001463204,-6.532502469880861,-5.905902686815272,-5.429275649195981,-5.1261725732724965,-4.890677225888809,-4.6093799059560165,-4.151418165571545,-3.4671536365843285,-2.521268409992761,-1.4201037361773414,-0.2700468307463883,0.7847106707562959,1.6565035911846373,2.2635654344392937,2.6400603503854145,2.836016938181592,2.929386534862234,3.0028306478518654,3.1065508027926807,3.253851217855561,3.42887266478249,3.595122244487787,3.7177658668198332,3.7638990635047995,3.721735483280912,3.5958225070559977,3.3856625123082473,3.11688384987461,2.798869940303839,2.4478457092369657,2.0790211138474297,1.708099861415706,1.3529965568764306,1.0314162050981777,0.7589873935781509,0.5384262188303506,0.3783892271690708,0.2657145999421096,0.19425215725247366,0.15379098523899284,0.13107949510628003,0.11649854912422912,0.10081211344482015,0.08267680507324315,0.07165507157365071,0.08428034000747911,0.14643777630364332,0.27166564978389046,0.46058939033866536,0.7016894781551395,0.9597932097284327,1.2011129683172177,1.3943205670943193,1.525590308048155,1.5824685003812473,1.5842976975928114,1.5424727386675878,1.477332679264129,1.4040594103394701,1.333136195596841,1.2694103533409204,1.21571854429475,1.1745141564317905,1.1478822951443752,1.1443203851537023,1.168349620487397,1.229815181073595,1.3416075789748756,1.509257214951818,1.7508539440328448,2.0621592209706634,2.4369694897776437,2.8516207137675202,3.260637841681817,3.5972425506411096,3.786133314391982,3.756458911666172,3.409789125874124,2.7529915757494194,1.7794407585704062,0.6111687017930751,-0.5818917340241807,-1.5224396907867344,-1.9929193867097825,-1.7456059800651564,-0.6966860434645419,1.0372740763107962,3.28994911
7kg_10bpm,5BC,-0.66159732,1.4302959537347473,3.7202500533310485,5.942798556584393,7.898620743677674,9.333678952298472,10.256128127270516,10.527677716895782,10.326429424448762,9.676393486134069,8.798951972266291,7.820408198400779,6.890402252353526,6.120437327537576,5.546144520818212,5.194266092166603,5.013541100886688,4.95699426048153,4.9456042481150995,4.916547333708104,4.822037353299361,4.644921348306956,4.403851213761337,4.145289495469414,3.9382771994540793,3.8412026454280777,3.90685537201977,4.131412382152084,4.4919135036768845,4.913445024590227,5.309612515304995,5.610270254649954,5.73700594755374,5.6980692289602715,5.478472726559905,5.151262332157186,4.757831586252058,4.363412582497207,4.015688759206484,3.728356066790269,3.514174152734898,3.3449175661648773,3.1930992290130744,3.016507350320234,2.769104182242961,2.4214930988719994,1.9443354563760058,1.3454047495289247,0.6418978402431395,-0.11581524634796264,-0.8724468085843137,-1.5678979613673936,-2.1629438709953863,-2.6413659870718864,-3.025844652904318,-3.361899808943507,-3.7077153381314947,-4.11939103551259,-4.614681846328933,-5.191754940453997,-5.803429454122624,-6.390080725617834,-6.9070687807187445,-7.306505697784775,-7.609618467861685,-7.825751697548416,-8.006949781645131,-8.179499874847966,-8.354451359006603,-8.514525224853575,-8.630881513569538,-8.661602475301446,-8.602812552697708,-8.461727443820015,-8.296267838727738,-8.177304301242451,-8.171662446864827,-8.321887303184154,-8.598237374371134,-8.912931340026214,-9.10434061812644,-8.998554971406493,-8.424954243546606,-7.3250885638836385,-5.726401809517958,-3.8311891553166695,-1.947775146108817,-0.4139023085574189,0.3491794182907409,0.1921718848071203,-1.1296340530539417,-3.3827487604556445,-6.47078138607118,-9.93226230486174,-6.721945690677297,1.5554182765316816e-07,-6.017031361619531e-16,1.5249334666352926e-24,-2.9080234651991728e-33,3.658085900607486e-42,0.0
7kg_10bpm,5CA,-8.53369813,-6.514477025359384,-5.5376089687130134,-5.628640786074331,-6.462364315349324,-7.625947673600704,-8.748627293284729,-9.556267862201034,-9.876370891466763,-9.741636250582609,-9.249175648798454,-8.520540496596244,-7.656905894137924,-6.7051803335915015,-5.6647731503504435,-4.51002841084094,-3.2337005142202564,-1.8726997663839344,-0.5251685988153301,0.6912410469486767,1.676735682470376,2.3715651483806974,2.75210481304064,2.867374474704575,2.7813601961960748,2.553529985072743,2.2360174764207787,1.8742666095695486,1.5177452273560177,1.2101279534021632,0.9899371440411803,0.8825542474376122,0.8931361891312093,0.9872632312431582,1.123575045056718,1.2582721385575113,1.354692991134697,1.3932083531718797,1.3755711598218312,1.3121863333684616,1.2177943214480604,1.1071217801216084,0.995951306811797,0.9000379119917604,0.8387706512047409,0.8345410458408686,0.9131169846996889,1.0740421043153465,1.297781632952933,1.5432573535761653,1.7572670503866488,1.8902642184365457,1.9357100838937757,1.9212991532694856,1.9007747823386545,1.9340466544358608,2.051165221391536,2.2271473062655347,2.400897167975172,2.4997427215817094,2.465964954099333,2.3154898447100383,2.118931036161792,1.9733828798760813,1.9679974336066595,2.160464770347374,2.5124569788404694,2.9445977415358566,3.352260434532214,3.6324117657606174,3.708306071837039,3.580536927244027,3.289775871284777,2.9104530116822134,2.5321898415663155,2.234027308941833,2.0514298500052344,1.9825979821697577,1.9947038754203386,2.034506564915236,2.0421449507518017,1.9758239451286352,1.8126201147339234,1.5509197307907887,1.210902200999187,0.8476178899729232,0.526128149220289,0.31873939775889787,0.292253064452836,0.4801643996836326,0.8281112168780883,1.2150065064722513,1.4503752734821174,1.2796476349275685,0.48989353379181083,-0.9849536347520745,-3.0457505199053005,-5.402077454704696,-7.559881700715129,-8.986080788126847,-9.29717833
7kg_10bpm,6AB,-1.09940935,-4.755934033896413,-4.110534876756914,-3.6051243210365245,-3.353598297531252,-3.423547461539403,-3.9647929718247457,-4.895797012410497,-6.163205373241528,-7.529490101752931,-8.756805685506874,-9.595903362129429,-9.916199712704527,-9.61978691959177,-8.83874628424944,-7.641496766832799,-6.265389662628771,-4.850974960264184,-3.524776513344793,-2.3535757998634605,-1.3553965241357122,-0.5058680057380968,0.2134563338828003,0.8439846658575274,1.383844461703067,1.8484040403260578,2.220902903917871,2.5045172201730455,2.7033533124014677,2.8396645491357604,2.9467308028130894,3.0583749503966247,3.193771060045376,3.357930642137839,3.522878289749042,3.6451373881729134,3.6761630244672583,3.5747681724172917,3.3168625361504764,2.921638774808652,2.4121035859240827,1.8539444414968296,1.3023103825213709,0.8032128147367186,0.3897250371500844,0.06227187308135722,-0.19125555024222385,-0.3928867223890336,-0.5660383050172317,-0.7202988969828763,-0.8588935268821685,-0.9674801451407853,-1.0333919175561006,-1.032464900772323,-0.9469140528606674,-0.7613639403486712,-0.46210786845427565,-0.06310665770945795,0.42761248334979657,0.9607348076628016,1.4903974733743877,1.965958498240287,2.3421485905454325,2.5996758951662033,2.7421270150418566,2.789408639908536,2.7843821261124533,2.763652060685255,2.759505831500788,2.7928900290147234,2.8600932977830658,2.9502182923422136,3.0387498308597554,3.1022530551824583,3.115355182837575,3.0714818311562326,2.9561447148193025,2.7864796247343864,2.565479601943055,2.311198895084618,2.031258877985337,1.7332470861623324,1.4234984891299813,1.1149239223293137,0.8301217485789067,0.6246385893230756,0.5409763098564254,0.6579532224389467,0.9901183305187289,1.5302504701846777,2.1828149262830268,2.80301575833251,3.184449684721643,3.214329013133893,2.737184903997623,1.8884993267623196,0.8129556767492636,-0.17117074462820417,-0.7497857379951883,-0.6420582037016603,0.22422518
7kg_10bpm,6BC,-5.18696265,-2.764026871147857,0.5381295776370538,4.188212525240861,7.60604924451789,10.231626615650603,11.894675508399333,12.460262217290127,12.122589748697319,11.167186244098316,9.920097791461385,8.677670531792083,7.668142212147076,6.931566333641906,6.486535025626142,6.232619588220796,6.087603540666453,5.973310828738538,5.851358683207281,5.713421040680905,5.575101695578203,5.456666152615686,5.365486312157508,5.299625787552192,5.24155265931311,5.171639470257092,5.0689819318901375,4.928583366495111,4.743240361515282,4.528003056524235,4.290759006691823,4.043721991256678,3.791560280243333,3.5329115383619043,3.263588154736878,2.9767578829917936,2.6757141996340934,2.3668610210718963,2.0647258566100404,1.7827966915207394,1.5272130825312484,1.291727599755496,1.05747356918108,0.8008140053308592,0.48789162076192544,0.11239411743928576,-0.3324222431524827,-0.8226264707721374,-1.32862400951128,-1.8126682689315161,-2.25250585530977,-2.631055766107486,-2.9692843608994273,-3.291666501224451,-3.635027421140042,-4.026449509471995,-4.471900779819567,-4.951942459049921,-5.425543649867939,-5.850690224337444,-6.172539372008904,-6.389495932850996,-6.498906789723634,-6.542198900895642,-6.563495173462771,-6.612009967774643,-6.713312485865116,-6.88585335599963,-7.104992341592078,-7.346318808372221,-7.5722863327815775,-7.7547521532318155,-7.879411567617351,-7.951394904843626,-7.981834496107102,-7.9921956135762064,-7.990654709668697,-7.9755702400130435,-7.925988505709894,-7.812273338833963,-7.604696934655817,-7.276179624936876,-6.837050924626332,-6.294029903410028,-5.703863023683509,-5.115011927680058,-4.580156473838336,-4.141035700685838,-3.8231361244127435,-3.628781287084297,-3.575854927862374,-3.6530045116490037,-3.9098615061532396,-4.353346599927867,-5.0383286398259335,-5.972001815197515,-7.135468126888557,-4.98720667575642,-2.8052172048299573e-07,-3.8178722945206564e-16,0.0
7kg_10bpm,6CA,-3.76381077,-4.819272096295327,-6.45332257622488,-8.122602974537692,-9.484682869469033,-10.23156350830641,-10.375972964339546,-9.98671679567357,-9.180621623017844,-8.193202474159246,-7.173160143195866,-6.262571064818202,-5.51527354659425,-4.942532329845574,-4.496070936675653,-4.075699099915538,-3.5821342667464617,-2.919933343983702,-2.06535093051025,-1.0267324237069515,0.108798630503495,1.2239643787333319,2.185956169530157,2.8849887400421395,3.279014842713725,3.3299031708020976,3.0986513226535317,2.6581685382821436,2.0692980849169142,1.41833193113606,0.7567485215250488,0.13552331287371622,-0.40924407994832107,-0.8456078704132004,-1.1242472187187411,-1.2464410262948658,-1.2121550164597095,-1.039030546993216,-0.7919256194560914,-0.5242606339308479,-0.2976687682867726,-0.14495347489232088,-0.0827936683174344,-0.10108238171489005,-0.16589491292543207,-0.24307772101556568,-0.2915573432015298,-0.2816799565312627,-0.17991173027350554,0.03573859212750743,0.37185193,0.8398384244200756,1.4117710380492456,2.0458443534802258,2.6832905453068685,3.2521603117762448,3.699977803352794,3.966774361228451,4.069713885006624,4.038731349524971,3.926196027792084,3.812008157358658,3.7487213556412198,3.7795796909760853,3.896360339396271,4.082394220573334,4.305001668533418,4.530177664623686,4.736500991323932,4.910140172719814,5.047417845399406,5.137958773188966,5.164821028656143,5.111106558809109,4.947357918651752,4.660439408493839,4.259616839647701,3.758445950933084,3.2039140894433213,2.639687672976465,2.1087250424527393,1.6335106378926008,1.2168809243793735,0.8547621309434721,0.5237784383499059,0.21306110658024774,-0.07184688662919753,-0.3106825895477414,-0.4675116654404851,-0.4835616452486483,-0.34658336836239767,-0.05895089340073379,0.3186858490997088,0.6606749247833622,0.8156845499392992,0.6071970948974252,-0.03272658774410648,-1.136685832743381,-2.5812868904949666,-4.129478275475875,-5.48786805
7kg_10bpm,7AB,-6.97449558,-6.09042269820152,-4.994240785894319,-4.003751910708449,-3.3612392116660437,-3.248176700069207,-3.6898462423054346,-4.517829135817215,-5.5152419573320675,-6.412432682961819,-7.011814185065054,-7.2331501165472645,-7.070159740143549,-6.5932160788815635,-5.914141104850742,-5.103473810896846,-4.204030473046146,-3.2542987828912735,-2.2846747950206465,-1.3357936906074384,-0.46817221249747404,0.2712470953716425,0.8473057363545284,1.2315356337806367,1.4470126241806,1.5300862949391814,1.5202762420302254,1.4613998265701642,1.3939430017664833,1.3409622221434883,1.3173201586785641,1.3216756339742985,1.3402510505565621,1.3502702662090749,1.3148487307679502,1.2067436716930657,1.0091810745779581,0.7211485453787222,0.3798133028145104,0.04117821924640783,-0.2348893143922862,-0.38059341343422337,-0.38012097995673805,-0.24007197617995227,0.007737267116010301,0.2987207431191851,0.5710151019197368,0.779596516433955,0.8922778092223119,0.9261006655332583,0.909917496910785,0.881947509220416,0.8775068900493159,0.9074516958407451,0.9640586156473835,1.0246166238450496,1.0644870968203453,1.072542837277663,1.0501014700710014,1.013467334846747,0.9824865906478468,0.9708347953259909,0.9873155084776409,1.0284643806044795,1.0913488471884205,1.1776061435530496,1.2965590909888025,1.4589032496354943,1.6762991403829004,1.961476746339595,2.306321675395462,2.694033111156216,3.098352241009868,3.478181427537491,3.794112609767735,4.011801623716302,4.0950953762847995,4.041664980153781,3.8661590114597373,3.591203487152849,3.244749444247792,2.8538566041443483,2.422729339284855,1.940595809698007,1.4060683679340356,0.846251552642577,0.3245727168309385,-0.03641473414405992,-0.14329851393425555,0.05071172892474548,0.5093501417462586,1.0321715100943345,1.354087950019107,1.2177439757897122,0.3931136109653136,-1.0046375730595776,-2.709467900317422,-4.256336683769144,-5.072366817441793,-4.780513086788122,-3.20055583
7kg_10bpm,7BC,0.34985015,2.156202127174921,4.14830384,6.128111561253838,7.830005910000001,9.10792693330975,9.860194500000002,10.073475123480579,9.89381032,9.439535122063363,8.861915400000003,8.267361925214363,7.714404330000001,7.228063132127728,6.812245510000001,6.480109858241777,6.230703960000001,6.053205352435019,5.926473589999999,5.800987353062431,5.63913903,5.411037371889234,5.140485,4.871214537466489,4.67847857,4.605701101085562,4.672289310000001,4.849134109074157,5.05620656,5.210872066723298,5.233823190000001,5.10193868324571,4.811388430000001,4.41017399174986,3.95701527,3.50134474513429,3.07514873,2.680805216707045,2.30338737,1.9124094977695907,1.4858177800000003,1.0043451310108817,0.48120706000000013,-0.0630103377882898,-0.5910809900000001,-1.0720174951282038,-1.4869278300000002,-1.842786969793936,-2.1859421100000005,-2.5804270100530826,-3.1040450800000006,-3.7895940064108067,-4.643058150000001,-5.5853751801748635,-6.49832501,-7.23073895177727,-7.674772190000002,-7.805841941328184,-7.636695150000001,-7.326246254479496,-7.01769853,-6.874604268374617,-6.951535100000001,-7.240483880151621,-7.66224875,-8.075522861410866,-8.37087126,-8.46766047997839,-8.3853977,-8.16613503103207,-7.888848390000001,-7.610484164001368,-7.3467322600000005,-7.065224471104226,-6.715595520000001,-6.236438036067872,-5.61296022,-4.87079253976996,-4.058094780000001,-3.2549073760032217,-2.5136901800000007,-1.8834316694591504,-1.3627185300000002,-0.9575890891746802,-0.69997686,-0.6131630274149351,-0.7548104300000001,-1.1875610248331505,-1.8910043000000003,-2.831075119492499,-3.8921119100000006,-4.934139540778354,-5.82829741,-3.579822148457455,6.617444900424222e-24,-1.9102088572504054e-17,-4.484155085839415e-43,2.551595255070354e-36,9.723461371658034e-63,-3.408338476175372e-55,0.0
7kg_10bpm,7CA,0.0,-12.461923160530706,-10.139415279428407,-8.116164520429198,-6.762733353030924,-6.1914171100000015,-6.198052644458148,-6.492304727115554,-6.774779761025947,-6.809712641182174,-6.54295067,-6.036997810218603,-5.399427727813321,-4.725083447130275,-4.0516865535012085,-3.3511990000000003,-2.573170814429079,-1.6828497863523328,-0.6833973540416277,0.35739222824209127,1.3501669100000002,2.204231200799825,2.839561050850301,3.183927713446791,3.2304397271939274,2.9861706800000003,2.4903810579430443,1.8089168546559171,1.0494797599979546,0.3103944822998752,-0.33529505000000004,-0.848621871678851,-1.2237619097458434,-1.5025050539911542,-1.7208009951954855,-1.9027373500000004,-2.0503550416117933,-2.1476617529329234,-2.1780636935387343,-2.1358638444487976,-2.03301092,-1.8964874588720941,-1.7585159576167384,-1.63187223883744,-1.5084947654419771,-1.3605363400000001,-1.1521971579158865,-0.8648885650760288,-0.4993866312117343,-0.07552195683561881,0.37644394,0.8270656903661688,1.2639583528609315,1.6851864045473492,2.090679122916266,2.4717026600000005,2.8110640664657414,3.089316604375406,3.296792955111016,3.4412325863107336,3.5634786600000004,3.7113623362013,3.926644270925763,4.22965789132016,4.600557785285006,4.972143960000001,5.263430819509828,5.399368093166726,5.32550713705484,5.067054665265885,4.694725180000001,4.296825823009831,3.9509862991807108,3.696713325983075,3.504844764980196,3.3209772600000003,3.0908963627168067,2.784581270750605,2.423579168308704,2.0577533812550373,1.7358982099999998,1.4859942338359056,1.3049330748091432,1.1539167449739303,1.0005264462114116,0.83334378,0.6751983232397972,0.5796890005629255,0.5916752107665212,0.7179626197945532,0.90312674,1.001410433687987,0.8267930471271513,0.2139210753528271,-0.9299381316499155,-2.5850752500000005,-4.543013184104428,-6.467631881565135,-8.00838464825412,-8.747671548424812,0.0
7kg_10bpm,8AB,-5.39900349,-5.185273784515448,-4.428975447054728,-3.85261110123858,-3.5752862295028875,-3.630991637060847,-4.046495884537515,-4.796341935162764,-5.750493818118294,-6.765799223907181,-7.627523468413406,-8.164375712955687,-8.236746445769391,-7.763144555533382,-6.85116859555765,-5.622003829583589,-4.266407915409812,-2.9707587585215833,-1.8563117880097315,-1.0001068520414127,-0.36715428330429567,0.08473768440228278,0.4143495919181847,0.6822573210146184,0.9109371949407373,1.1029687400000001,1.2584647772789315,1.3793218287988906,1.4835469959596512,1.6040678995997166,1.7707654671717643,2.0064413000454553,2.292477577189541,2.594229527792727,2.8484486763721097,3.0036007836257266,3.021044541944356,2.8726295598732787,2.591185172947892,2.2078284809717634,1.767931649785271,1.3255022657533226,0.9165995913747312,0.5761281068441548,0.311028673620175,0.12584218401330602,0.02377737870959756,-0.015332998703422446,-0.005419118105045345,0.03621301463182329,0.08805988,0.1404675470790074,0.19427226683039248,0.26230142541736584,0.3616058471957318,0.5139058377501298,0.7162578633558335,0.9562150670081663,1.2011277891141035,1.4052885075389583,1.5266543617006194,1.5122879755806524,1.3630974935571403,1.0944182726798,0.7562490063536884,0.4463253176335088,0.2539294302321018,0.2907561447741522,0.5670314920020451,1.0566023109669098,1.67376230576944,2.259073396671604,2.68516305553396,2.8148593839307963,2.657705518246755,2.2655050900000004,1.7513419052013797,1.2876454614288106,1.0015842674452367,1.0304560653416384,1.3699198653872255,1.9805385338985322,2.767682453740536,3.5420578516819665,4.141492576853186,4.3590239904903685,4.145121813804706,3.5155099632152647,2.560622086163899,1.5287941212713094,0.6135420194320031,0.005494811497413687,-0.29945373510656154,-0.3890484671643894,-0.4219037396094211,-0.5421853924655733,-0.7641593964625786,-0.948909954673057,-0.8416781653030901,-0.22355271723387588,1.11474673
7kg_10bpm,8BC,1.88288406,3.2161994542767904,4.648273910011731,6.08883875447976,7.403474654834806,8.463415553025204,9.188060465219687,9.522168003382646,9.497861024139363,9.218757000020993,8.781843458810016,8.285290399434352,7.796815543199529,7.341875161564237,6.930161298507341,6.552865774952617,6.204160689052773,5.877897387524551,5.560120491657465,5.235807924530823,4.893137605608201,4.535853358985127,4.191291501036929,3.902086278757443,3.732086624490122,3.704469084434542,3.8190455857804393,4.045307742890351,4.29750430491535,4.500757811469927,4.584603070008508,4.5183154575933795,4.315090550054447,4.001282090271615,3.6201632527335206,3.213922911003203,2.8058853980923915,2.4084118140577373,2.018606254905238,1.6280388262898835,1.2231786597511616,0.793378878267571,0.3342748462928602,-0.15293700855867964,-0.654801684354023,-1.1523840226784154,-1.6269326356259275,-2.0629823520289814,-2.4644106102732346,-2.844093637379304,-3.226982240000003,-3.638017808429008,-4.0898081051034785,-4.581325978309004,-5.082199193680746,-5.550658019576233,-5.935262720803893,-6.191600518698913,-6.313196587645507,-6.313143085361385,-6.232935106487035,-6.137074423005255,-6.067213561367087,-6.0452051812082255,-6.043674834548545,-6.017006432185848,-5.905927609911282,-5.6757811297735605,-5.33448809702289,-4.917423338695722,-4.497380889163216,-4.1461731346584365,-3.919190306656886,-3.8655663930618123,-3.9699508765305405,-4.211832147625782,-4.560991647932165,-4.955528344524041,-5.341139111105974,-5.6518054982869055,-5.816363584118538,-5.7821536115622525,-5.498559442685415,-4.943543850809253,-4.1784081687688515,-3.2877510767531466,-2.415220145654999,-1.7164463993969452,-1.3115517855028225,-1.3180926834232922,-1.7239248427480607,-2.465126981239678,-3.4543099929639554,-4.561785803506766,-5.689259614571588,-6.791428345880202,-7.8807555285455795,-9.017087920247121,-10.260908681315625,-11.660479267282508,0.0
7kg_10bpm,8CA,0.01413519,-1.8998299225934454,-3.9377296601243206,-5.399388660475989,-6.094772319534534,-6.168603770081191,-5.953144181979602,-5.79741341126733,-5.925085031875562,-6.354662563242518,-6.905684410000001,-7.291299598931405,-7.261390337254309,-6.713737337525852,-5.737045216633182,-4.552240648524761,-3.3758988100393066,-2.3359713420261907,-1.4498023172277477,-0.6682944370833697,0.05701537000000001,0.7357391989757955,1.3506979516043514,1.8967569189614315,2.3992189198707146,2.8840481599190078,3.319503466876531,3.5820754007468345,3.4859585261426056,2.8995680060490825,1.8448594200000001,0.5140694933218812,-0.795928432524189,-1.8167997361003072,-2.420080179876339,-2.6486107953351516,-2.6612165115817756,-2.634680269919024,-2.680657171257409,-2.813500569307796,-2.9698039200000004,-3.057373310635946,-3.000287672222956,-2.769750705115145,-2.3809072453223443,-1.864108801845467,-1.245470398003933,-0.542083424588546,0.2230286823425936,0.9993324022586415,1.7022047000000002,2.2356220806882443,2.5396202033179605,2.6356121217620547,2.634887464700138,2.6900526935752485,2.913349129014154,3.3012181016750834,3.7265555661617507,4.020000605615388,4.06838495,3.8836335435162797,3.5930949538898487,3.3621380429891854,3.300710794994038,3.4126968816802026,3.612882411788913,3.790094183780208,3.8691722952323757,3.834764729911485,3.70975329,3.5175563175942757,3.2599880777148327,2.926227347452983,2.5230248531898494,2.096787911901321,1.72483404655364,1.479568970230723,1.3885315142606667,1.4173874926583752,1.4866972300000003,1.5104166730307589,1.4310814737196607,1.2334129585134612,0.9335651879806861,0.5605989263550906,0.14946756819044973,-0.25483879774805024,-0.5843182537476208,-0.7470645406823976,-0.65375009,-0.26839175210123,0.33517295581466244,0.9442362207766385,1.2359096545808221,0.8728450707643923,-0.36155841155988216,-2.4410048381326703,-5.056161949259964,-7.675260618423014,-9.68168241
7kg_10bpm,9BC,-0.94650936,1.0977231372209766,3.1688690367803636,5.073187077815497,6.6547929495795515,7.793518659625532,8.464193522750273,8.676918370428455,8.489950527082176,7.99793446351508,7.31068575640363,6.555851095467863,5.823243191910628,5.177306119066417,4.6556345200572125,4.276538592304841,4.020443272742381,3.8522829434871646,3.7306097175965838,3.6185499938103565,3.496000795150789,3.3695745712150353,3.2664911436101076,3.216651549674503,3.2381097696032533,3.3285977685436325,3.4670538828927624,3.6211048890486355,3.770427686020524,3.9074685454799365,4.033902764861019,4.149892589869494,4.244130756290536,4.292064559972223,4.2644158284901845,4.139413869602472,3.910875400584634,3.602901988887213,3.255982895659279,2.908363856580669,2.584509104752114,2.285399575286203,1.9827013089630394,1.6299730036289806,1.180334697792749,0.6006889856098826,-0.11433816961453869,-0.9349203537095376,-1.7782191196075574,-2.549766934584141,-3.1609614087717963,-3.5587576895357094,-3.743952007682644,-3.8112109496298148,-3.8934079807537376,-4.115503218540291,-4.54774889070746,-5.171043074576388,-5.85574179394674,-6.4224672414564195,-6.72530674836962,-6.700435704842944,-6.391321152505367,-5.937957841817656,-5.527228448741028,-5.2872794598437,-5.266163063051689,-5.425427687329788,-5.662357209811112,-5.849543419174942,-5.905059525404403,-5.802822969197892,-5.571652519717953,-5.279939462315304,-5.015058327778875,-4.840121840452174,-4.78196740067219,-4.828231535445608,-4.9334345252676925,-5.030727947202309,-5.06490793408454,-5.011841783753773,-4.881524798156373,-4.710556652960799,-4.544054226442004,-4.401079119887813,-4.25463875902568,-4.036357565049471,-3.6590999569563567,-3.044865426403707,-2.2053039945146216,-1.2527303430943342,-0.38089974828301576,0.17003451445508214,0.15922408676182165,-0.5895312662664408,-2.0675313224885357,-4.172908086494013,-6.712590720102755,-9.447172033873263,-2.42435451
7kg_10bpm,9CA,0.17547509,-0.22170480621286243,-3.716618936808006,-7.006007382277769,-8.887883132416993,-9.071934308476745,-8.000994395474711,-6.480187779745251,-5.055763699177144,-3.939454862871814,-3.098815277940265,-2.4349100698243085,-1.899418193887537,-1.5121461477688671,-1.3071415551639702,-1.2770547055964065,-1.3549835425897856,-1.4256180280301698,-1.3679555990347154,-1.1067775487025635,-0.6507321639145778,-0.11141388010696232,0.31422697778315156,0.41257443243448333,0.06908619825786076,-0.6883251891149083,-1.6844565916038605,-2.664646617593248,-3.3868488885258774,-3.753185188812466,-3.8005572046452456,-3.6494089410574184,-3.426490609664772,-3.2074896424848327,-2.9992462123109807,-2.762750422530784,-2.4536257922366924,-2.0474379341216897,-1.54743738296186,-0.9783056807368108,-0.3852957661527743,0.18435431098419774,0.6912846020800378,1.119369560404174,1.483097600099392,1.8200915667034272,2.1679472826493265,2.5488484972364764,2.9750436729705823,3.4559649893082174,3.992974583607744,4.549088946989111,5.0412964368160385,5.357387752386643,5.406927549735547,5.177522473762071,4.766531582112985,4.35048938642766,4.083746338425403,4.034471406470557,4.158763297946802,4.331648648597408,4.416862989909925,4.343195514848366,4.117768454467959,3.8009671270122327,3.4598695186878516,3.1308949725571136,2.8093205780410297,2.4715436609068204,2.09702090698397,1.6780305689902326,1.2178171880767072,0.7346460068671979,0.2635882844221512,-0.14062254412409977,-0.4171355368592945,-0.5289971549115919,-0.4931010364946027,-0.39431643945732364,-0.3260234479686942,-0.3402216810053908,-0.414396785023693,-0.46471174156589906,-0.40707913044935323,-0.21858092444109495,0.05299739207696825,0.32082641883627766,0.5135302606832787,0.617231257143372,0.6833702452831072,0.7578943013519847,0.8036625990724298,0.6487914069270161,0.0013686997953429095,-1.362160220489362,-3.4020462769618205,-5.7325305538207125,-7.696795594097704,-8.613845313005223,-8.02592222
7kg_16bpm,10AB,-4.66077508,-3.488607233213343,-3.1370238476645147,-3.7465001404598866,-5.015291027253783,-6.716343136151607,-8.51672259016178,-10.129771233553335,-11.356955809976705,-12.106912115941523,-12.33426385283209,-12.137855192384215,-11.543918939023815,-10.698940575375063,-9.627703094358152,-8.425361166456598,-7.102907173488686,-5.700505911267233,-4.229435014913229,-2.7158555749877156,-1.1873975622552357,0.32074732662921573,1.7686156166904436,3.110811437443502,4.323073249546457,5.359388362639099,6.236065228859345,6.915366927152995,7.444667066677954,7.808060258397683,8.046416068214263,8.159612559566,8.168172904385234,8.073142425789788,7.877610852422704,7.582902532211399,7.182990560759751,6.69030907534985,6.103091751168154,5.452330174821217,4.752275784866624,4.039361104490336,3.342442081750543,2.681051930669964,2.0750085025894562,1.5233818365180027,1.0228403029310544,0.5594592205975963,0.11613843398934298,-0.3216790811147492,-0.7645036600000001,-1.2151937282532859,-1.66602261443314,-2.097453880848632,-2.491433092283182,-2.8092654319306436,-3.040746373845948,-3.1581147332677313,-3.1706797142452516,-3.0883474203934407,-2.9427331960781085,-2.7730739599234107,-2.6159580366376103,-2.4956404881232785,-2.422460341862972,-2.373622329709087,-2.308351960361734,-2.1809100922355276,-1.9155663841651354,-1.4968973817919868,-0.8883611939304792,-0.12775624758022805,0.7350534863184024,1.6133863164587106,2.4052261491966926,3.008149967211459,3.36061674239785,3.392329067494272,3.1540953960296534,2.6581629466952568,2.052391900297424,1.4755008145016801,1.0723363875095138,1.025634423989069,1.3935597420857906,2.2239199726096928,3.42055991074315,4.798789843322919,6.108749576652514,7.089525686002645,7.474559616610272,7.244039573429035,6.338168365730696,5.077503393580632,3.7504099752046653,2.7013103013164352,2.278675826726653,2.543484942634003,-0.000933278918880286,5.168279231873956e-12,0.0
7kg_16bpm,10BC,0.43164547,1.3342911243568132,2.614260751655472,4.090380203973943,5.623210393676901,7.03996231710111,8.219362955361477,9.088930207032757,9.594371891854227,9.73980014668097,9.624909352434392,9.330672705502488,8.942331578934985,8.563779189501169,8.253586222370272,8.054158971359664,7.9774458584082515,7.997971062643034,8.091171902368263,8.233231703566451,8.38913871821085,8.541730076424217,8.679482136483202,8.797532988109836,8.896526203042779,8.975706760000001,9.028210442365483,9.053339323238152,9.046050883608114,8.998259311377861,8.907630232656986,8.777828620988725,8.611063171285023,8.405363926753273,8.16959877399214,7.9038163138665105,7.601485943620106,7.256596623099116,6.863811031550684,6.414289841368062,5.891611189279114,5.3051953063696144,4.6585921320028145,3.95619910302818,3.2164237989450695,2.4572828946175393,1.6924382808104705,0.9335864541527429,0.184168339767445,-0.5575377584961978,-1.2975566200000002,-2.0439925293266996,-2.8014326308136397,-3.570158467800734,-4.342576282705814,-5.103089213713562,-5.8334859909981045,-6.503171950970921,-7.095327279826371,-7.5989767283740575,-8.002934728334452,-8.302147617003,-8.521511353491794,-8.67854529847053,-8.791945977604646,-8.89442388286642,-9.010481803979559,-9.164661902189613,-9.381152157565788,-9.666788992030504,-10.027424023336948,-10.474601638244858,-10.985793681765264,-11.539284107014517,-12.103009507002227,-12.625690450000008,-13.055745558856682,-13.338626780331458,-13.37364854081995,-13.143430417771386,-12.624654596156905,-11.797598512195291,-10.704514070483741,-9.453857109714068,-8.156800601439354,-6.988082561915342,-6.09067279407997,-5.59008559487639,-5.628300283190829,-6.2536434569378505,-7.398704683904501,-8.951043041410477,0.0004257247042859792,-7.084876600196161e-11,4.7901411326070494e-18,-2.481672576162359e-25,1.0956269451290213e-32,-4.2144921940264085e-40,1.370593715523443e-47,-3.2226148988881538e-55,0.0
7kg_16bpm,10CA,0.0,-18.96094250694213,-15.656587129257556,-11.383743629702002,-7.688025097151784,-4.987620772196586,-3.599692272992864,-3.3640313890453624,-3.9766409921573485,-4.94071057041576,-5.78074765810976,-6.046304003065529,-5.640938080797667,-4.471189809634525,-2.9104340528615196,-1.3249950811269835,-0.18437402974625688,0.11813363996458873,-0.6111779125157222,-2.262466305922056,-4.520558689585969,-6.8360869750771815,-8.544022544008653,-9.310142043293123,-8.74114704292554,-7.098162962090322,-4.662714366047044,-2.0313234664321693,0.2774621124347885,1.8048065603900272,2.450858790235421,2.1618431228408266,1.30432474118517,0.13232401954648945,-1.0046445884068613,-1.8916163745609784,-2.4575891773957976,-2.7172711104506337,-2.7672661928404088,-2.7174966337952475,-2.646431940845016,-2.58479221117804,-2.5148628746507704,-2.395263570934996,-2.1676846588799172,-1.8136601635303602,-1.3247034022612647,-0.7337073266112679,-0.08535860423476781,0.5701942836243257,1.1963150316250684,1.7606597456727224,2.2661467488634868,2.7063118036195473,3.101033755284621,3.4580147013531977,3.79187972153795,4.112833860132192,4.431480954803092,4.755176610060267,5.087656152979368,5.423261417131025,5.746378370966206,6.0388536557876975,6.272944800909898,6.434905954671286,6.51126567776665,6.50183595870566,6.415432799464507,6.256575052973435,6.041475566408883,5.766788876479837,5.446322553037303,5.077076535534372,4.6756505855925745,4.259109814471609,3.859720430750726,3.511674837506029,3.2530053996007298,3.093349061411184,3.0401116132514767,3.0471203034148817,3.0643598106021503,3.028866790340414,2.8828948792511677,2.613161238977975,2.234771249144387,1.8079731765862546,1.405188428008011,1.1014168607483938,0.9068029980866631,0.7965500189851263,0.6530967633576493,0.30359878464944134,-0.39945451269433535,-1.5997237814557748,-3.3055782335907877,-5.39701876850995,-7.609159647016195,-9.60144880960377,-10.87941833
7kg_16bpm,1AB,-6.59021324,-5.374888707829467,-4.819050811153071,-4.926245490979199,-5.713157373701579,-6.87168058819358,-8.141374755190908,-9.238895786414725,-10.01265150213067,-10.371255608109262,-10.402060850497504,-10.140508358007423,-9.713700202162006,-9.143569039887927,-8.439398633700389,-7.572248219001453,-6.511513973066101,-5.274590508942202,-3.883500326455941,-2.4301765724361917,-1.0029129875028229,0.3148401708865584,1.4506412478395785,2.377294246164041,3.1033490239606283,3.652025122395416,4.085968169566993,4.437474562335986,4.750860105137002,5.03109377448325,5.270954201230005,5.445835229089138,5.526313553590051,5.500037901652579,5.34923168104868,5.102583220856429,4.772311370959119,4.40585955751781,4.0345451227397735,3.68756816039807,3.378126992234214,3.1056909919991322,2.851885729061472,2.589143160895696,2.291629297997523,1.9298430694454993,1.503070719845746,1.0200870730134053,0.5185665569348546,0.04547128357875747,-0.3366219127958535,-0.6002755995880976,-0.6977883323991824,-0.6607501291213208,-0.5002545585304746,-0.2664596713640169,0.0022770751808722928,0.2692572673875577,0.5127869399625166,0.710950378908436,0.8586845358127259,0.9317628600031778,0.9254210448936311,0.8226271075711549,0.6270362965433836,0.3569925973809974,0.04724871407781541,-0.2543430366786,-0.48756548566933267,-0.6253780922621455,-0.6337619069036564,-0.5264352006251051,-0.3173340787246068,-0.03252339459164722,0.30562957930587387,0.6938421727733475,1.124119837752079,1.5985379502070014,2.087202534442396,2.541513233286982,2.8877377281089522,3.0555683731768593,2.98495984236036,2.705562656805759,2.272757872485626,1.8413988258520384,1.581995354105628,1.6053998796683944,1.9681983743578506,2.5823344939275072,3.2632775449497813,3.7444577296597013,3.8597330429771293,3.4362183417712777,0.006238078763680078,-1.410815216069706e-12,-1.0011181783785794e-20,-6.0062384730739726e-30,9.430954874523017e-39,1.537505732111512e-47,0.0
7kg_16bpm,1BC,-3.47783539,-1.7525369746757353,0.2657558013129971,2.372219056952607,4.352881770000001,6.050955127948186,7.336960499325912,8.233323676375196,8.676115830000002,8.806023256944007,8.680904397113222,8.412188778319722,8.098542330000003,7.817319919995756,7.609865477728875,7.515885460222678,7.51601936,7.600640084201077,7.7435058836739845,7.9178957405510015,8.108462110000001,8.302262638301112,8.493818890688344,8.678950180069137,8.849003180000002,8.98946508975597,9.084428589972136,9.098603057738977,9.024396440000002,8.825710392927137,8.504938505609674,8.0572978347862,7.490812760000001,6.839547940875402,6.123805462962878,5.392230471252985,4.6843097600000005,4.032966805677378,3.464291883016463,2.994889223376189,2.60821175,2.2980798093572763,2.0181154742274146,1.7299189033151783,1.3937757300000002,0.978500402002898,0.45860691095858735,-0.15148339179075757,-0.8495947300000001,-1.5871860395609942,-2.3228094563136237,-3.0096075601223893,-3.61024456,-4.086604947673851,-4.451240283664612,-4.698661176454002,-4.880721510000001,-5.039788420461848,-5.225556085112408,-5.473080734950225,-5.81181404,-6.222040341482218,-6.68686378458002,-7.160263038950398,-7.6009484500000015,-7.976849361782922,-8.280520203177813,-8.503770210168275,-8.675976810000002,-8.807701821662187,-8.913574583159733,-8.988796748450872,-9.01336349,-8.967822047963775,-8.806493396066363,-8.53663952817417,-8.148854200000002,-7.68474245944096,-7.201140575144905,-6.774967339087091,-6.468797030000001,-6.381866838841948,-6.503954209255762,-6.853799746642479,-7.368920690000001,-7.967324164571711,-8.558597713586467,-9.073141450199577,-9.451137220000001,-9.730968223674406,-9.973744106664336,-10.286387941502095,-10.77412097,-11.54360277442603,-12.569048657507922,-13.826002070915402,-15.13700662,0.008854308640044708,9.009159561092085e-11,4.726589295384407e-19,0.0
7kg_16bpm,1CA,-7.96191951,-6.004513667535726,-4.969681902237841,-4.6908583976990945,-4.833072228027046,-5.0364635477348125,-5.0278027608931275,-4.682464243225223,-4.023862301130871,-3.2012660270399294,-2.401971957007973,-1.777630181179798,-1.417010447736744,-1.3329024380907297,-1.4709834576353107,-1.7343784149465316,-2.0140722799099477,-2.2417250282735557,-2.394388121447844,-2.4927719995219766,-2.582770669787299,-2.709187565116635,-2.877735615103393,-3.05098166691878,-3.166060574005898,-3.167034973455739,-3.037173313582965,-2.8136580233106345,-2.5849063455822963,-2.4359093952451403,-2.411364115030479,-2.497762080912678,-2.6277313555413504,-2.703346748981805,-2.6273899680574146,-2.3595955435066482,-1.9122556501213466,-1.3480206819992833,-0.7589139950036454,-0.23609146260862715,0.15440960893007172,0.4186803227768891,0.6119115881429212,0.8205847332209855,1.1294386745641842,1.5889393625352666,2.199105605232577,2.8886578257738056,3.560525319437338,4.123866063768249,4.522209017255817,4.748038486010362,4.836190030615614,4.8476828335537085,4.83475085679541,4.819872747722653,4.800476374966516,4.760150681538754,4.682975378607812,4.562674971229801,4.410087807678682,4.238919525513452,4.059396596986786,3.8736256791956127,3.6779494703963174,3.4716205802885325,3.2707209042882366,3.1094766597118526,3.0317110886183407,3.0718505631087147,3.2327284149460382,3.4703843824979916,3.686669850516463,3.7703074752792523,3.6320008604128193,3.234830616614613,2.611171429031338,1.858685803507651,1.121979022314783,0.5320095192450394,0.16450089488400513,0.023753788920014257,0.045677412193501646,0.1239645601246933,0.14576695472193155,0.054170746490985355,-0.13302424721552977,-0.3321739778301514,-0.4278087983326494,-0.3250455788810565,0.002382675750456149,0.4407986107816785,0.7745480461892663,0.7413213048182172,0.11229828112294826,-1.2210236970567512,-3.1890604173713655,-5.490952957312336,-7.673353083044277,-9.275523803578718,-9.91701075
7kg_16bpm,2AB,-4.08482834,-4.699096784463439,-5.570839433862359,-6.592082435481251,-7.633420736018261,-8.59747918268504,-9.369669298958389,-9.884851764530765,-10.097572749106588,-9.940828433937956,-9.463976836262386,-8.668460519826576,-7.577617253169162,-6.249307070209474,-4.711635735423769,-3.046932132942267,-1.3458357574781565,0.2695110131068241,1.6955047790621522,2.8500913456950747,3.6575935177110477,4.1607914450610135,4.381564916351818,4.389232501996086,4.257674160168448,4.023638403278125,3.725379351687919,3.3815134025702243,3.0073736385690824,2.6327490863856746,2.2858449552631863,1.9964936104266804,1.7673737549394304,1.5894956281344286,1.4273902306111381,1.247189518347525,1.019503352867866,0.749843063487369,0.46207326034853646,0.20379890421370916,0.01407976973384046,-0.07756377061873569,-0.07058277705128296,-0.0016682264741164979,0.08333521292841681,0.12857146921564794,0.10433043738227855,-0.006577107292283898,-0.16446313689179753,-0.32103618085363356,-0.4030097863093106,-0.36486535363992706,-0.1685702197974701,0.1803741402435157,0.6368052137989455,1.149224863453753,1.6454006184769392,2.077971512714614,2.4012684568755662,2.624414841211115,2.757557105570242,2.8268027801776374,2.862659480309623,2.880138510867534,2.886544960863015,2.8816427164201497,2.861849465110312,2.8316069008643465,2.798848061787652,2.778520439418061,2.782758816328351,2.823621186973818,2.907699137030071,3.0302626934565433,3.1843689078326336,3.344473038769796,3.4775443543651106,3.5197919345292767,3.4214924955544825,3.128962398151471,2.599624224377427,1.8786535015611814,1.0287718881663988,0.18824370266904647,-0.5088178676085298,-0.9016446995236074,-0.9387870497051423,-0.6334395036638027,-0.05088011774582466,0.6082933276865782,1.1650158352504074,1.4266040174710686,1.332686629654524,0.8786853801613157,0.24376978003762642,-0.3361654824166654,-0.5360058477440764,-3.138568664767609e-06,-3.8005707362455917e-14,-1.7935807191597005e-23,0.0
7kg_16bpm,2BC,5.01521793,5.9705224287841245,6.811907298225424,7.505165547439688,8.066238389878036,8.49012936149296,8.749212024100647,8.871390016823675,8.861177733074323,8.70769964712491,8.455169272657109,8.128392575815562,7.751872794056436,7.3673577329253614,7.003337365533673,6.695572790647583,6.460413833221413,6.308699745002011,6.260325125325412,6.30653581439756,6.4339135435750565,6.633151026837679,6.875175997331403,7.129758215380995,7.3668150195588735,7.559636320000001,7.696743852957019,7.770245840756953,7.789983057446876,7.779617176374807,7.7599080237944555,7.750614266056851,7.757427901898845,7.772875149011167,7.771455447623547,7.723150128575194,7.594293325882608,7.344642188554114,6.981213350753909,6.50921911153776,5.941064306651343,5.328666024803943,4.705252503463064,4.105920602143028,3.5424969105863613,3.012227572162129,2.4960053025281743,1.9559996257262997,1.3563007146907713,0.6393332464697957,-0.21003375000000002,-1.1999789439236195,-2.3435028088634757,-3.594385823766409,-4.901813748339677,-6.199978046760763,-7.41229149606887,-8.478372677814034,-9.321561425068897,-9.91325558037169,-10.267737450827891,-10.389233864358458,-10.333091728005897,-10.1788337503697,-9.992322446544478,-9.843917361978718,-9.776013624591476,-9.817217487515304,-9.972100623952839,-10.204533484205038,-10.480708489262346,-10.753701412944027,-10.982286464107839,-11.134100006921457,-11.170304001590967,-11.093212470000001,-10.8914508513801,-10.530218238312635,-10.02561630572014,-9.371889633944697,-8.547223743764683,-7.607941361367407,-6.603350442667402,-5.623313399010731,-4.77344892279912,-4.149715097654587,-3.9021893179150884,-4.0474948120725935,-4.579717928090161,-5.503026008463515,-6.691580101678425,-0.9438982726113534,3.836384263354057e-09,-3.385928195973382e-16,1.084296201568066e-23,-1.8146642814858871e-31,-1.003362321621404e-39,1.583387141194069e-46,-5.604881934155885e-54,1.076802436212492e-61,0.0
7kg_16bpm,2CA,-8.28445368,-18.59986206756242,-15.844643160467259,-12.720706563639737,-9.656374472423126,-6.941622626370653,-4.898653379226976,-3.588124556019822,-2.9556846033035646,-2.9207276922407583,-3.2761762388077393,-3.7779498799445084,-4.255621040075749,-4.554732201312533,-4.643932617406806,-4.528184682462217,-4.228308291406672,-3.8392751423001257,-3.422897194401985,-3.0301442401510754,-2.691526167396019,-2.4134530699788246,-2.1997113068548844,-2.0537795945036246,-1.9690719896296467,-1.9501730100000003,-2.0152166271198046,-2.1494955299126803,-2.342464149941093,-2.575674618086347,-2.812136965574423,-3.0193195796950745,-3.164977571876431,-3.228808085066923,-3.2171776689198675,-3.1406984093610006,-3.0166271132698705,-2.877520527473291,-2.7406949671120158,-2.6172514355978174,-2.501590412059589,-2.3800599593383445,-2.2301839463812776,-2.031179424872596,-1.7743302887003232,-1.454402792108186,-1.0754403728977697,-0.6617991705296257,-0.23166475792568528,0.195282092795207,0.60678155,0.9995860214444189,1.376288942067171,1.7487286921718976,2.128380153531734,2.525323266754597,2.9439380560351376,3.3780715852151677,3.817874006955113,4.245532377663449,4.646046285602792,5.006975879356101,5.310914031139701,5.561174450472426,5.761581394788704,5.913735716300259,6.026199914217657,6.109428999281803,6.1691237090451265,6.211543332293534,6.247693598857358,6.286510156312552,6.341225516296149,6.417573058978646,6.516773809690661,6.632110700000002,6.7406557022606615,6.81282789448953,6.807402039043826,6.680415954717452,6.420595851346186,6.023501525954427,5.495118968914711,4.909238339169154,4.328794785588751,3.843451613997012,3.5069633025282325,3.33704875226559,3.320022848995131,3.362914877023061,3.3298762921814857,3.0615432122723094,2.3460402841701087,1.131823305188721,-0.6106188535208261,-2.8961460500307816,-5.460811294037443,-8.060559243882478,-10.350108952447272,-12.003596192367214,-12.81342867
7kg_16bpm,3AB,-18.0324838,-15.319331606044909,-11.886786666869682,-8.426137317563555,-5.575151160000001,-3.771223560030709,-3.145789785207481,-3.525840684265469,-4.690862600000001,-6.1803034136833235,-7.654960225558788,-8.829685324391486,-9.52416621,-9.6641269448627,-9.3112239284871,-8.491633730911031,-7.389321580000001,-6.098235422499389,-4.749290134614502,-3.4086482129633104,-2.09934203,-0.7962010271937626,0.5566801180805006,1.9897300324358056,3.5114715800000003,5.053880531512846,6.510094352353413,7.718550082164511,8.5846651,8.94217170608815,8.852215177184277,8.320956444549417,7.49198153,6.5042694315395995,5.499783579032052,4.569366227216064,3.7756517800000005,3.088580735126179,2.4743607104439223,1.8747872960734187,1.2555860400000003,0.60925880615619,-0.03540252305382232,-0.6229304297132202,-1.1085940400000003,-1.450930637441232,-1.6459026268025034,-1.72531240365786,-1.7309310300000003,-1.7239274076880324,-1.7481889854303339,-1.8178512248417205,-1.9231406100000001,-2.0236479911949115,-2.0743222442695894,-2.011865816411777,-1.8223086500000005,-1.4794938559448907,-1.0165569514426125,-0.4695973762200857,0.1027137,0.645944099920395,1.0958426317453358,1.432270206935676,1.62303467,1.6787519423980222,1.6133044506001664,1.4498886420320587,1.22596787,0.9645016666403418,0.6944156974352503,0.4295724823180874,0.17704469,-0.06084594059586353,-0.27631233894396123,-0.4565644336975783,-0.55666825,-0.5408618793253317,-0.3479966397073157,0.055265553686444285,0.66532915,1.4552474997295137,2.326064582071642,3.1694282744447824,3.87881543,4.365557504535649,4.594798875782608,4.592996310713299,4.385110170000001,4.048509974645054,3.600890603242861,3.068412830828049,2.45586503,1.129693774642888,8.906848193376921e-08,6.078102252039708e-17,-1.7219155529623352e-41,-6.241925344221247e-35,-8.260922650367051e-44,-5.637317654348056e-53,0.0
7kg_16bpm,3BC,4.74763554,5.7920516359596625,6.710084974335332,7.466364910897035,8.039363657434224,8.398454726989396,8.58851216234442,8.62726248370397,8.52817205823728,8.325050646041836,8.054424870452902,7.742842970125537,7.416631794778579,7.103390777368828,6.821732039540862,6.591619400653321,6.427300552922479,6.330955121821202,6.305437374752385,6.3620466190471205,6.482433216733835,6.654546945652787,6.863617046805626,7.086731679299912,7.299460225978918,7.483357804735299,7.616843414860944,7.700905560817604,7.7430125406528205,7.757012379211195,7.766104950984419,7.79379510591741,7.855850838650874,7.965722635666055,8.11382682744416,8.281188433309044,8.441336060249776,8.552834473762317,8.587324078165619,8.517796165450246,8.30930291564344,7.958755879101833,7.4785472942193145,6.881513240629739,6.179531543263192,5.420282687787727,4.632160025975374,3.8430402415117206,3.0752599915042866,2.336433755118049,1.62432277,0.9265825046972858,0.21778189366421577,-0.5255083250492532,-1.3306937288290634,-2.215997395190184,-3.1779742707775465,-4.2073072287424225,-5.287968032226726,-6.378056202460853,-7.442159532826079,-8.439378323132859,-9.328765544597573,-10.097250371520769,-10.734057813298426,-11.21799116896323,-11.57978765353007,-11.84587939033237,-12.044823220894322,-12.216051752017265,-12.403312356283578,-12.638454703908671,-12.956817269222158,-13.360767462423693,-13.833298585457007,-14.339680811769853,-14.807732118101967,-15.155735454837744,-15.296105668506591,-15.101893073918458,-14.510597951793027,-13.516735398291447,-12.13666554373049,-10.413251369283552,-8.550249110561591,-6.7194457262966845,-5.148748633791878,-4.04633462204869,-3.5187682081270975,-3.6317484581377495,-4.483201299076127,-5.858929337914363,-1.2026155332473962,-3.086203270476175e-08,5.038063084696443e-16,3.0578612098922804e-23,-3.484878771902097e-30,2.014997114134756e-37,-8.35415901322204e-45,2.3156533468671435e-52,0.0
7kg_16bpm,3CA,0.0,-6.947766610102861e-15,-1.3029179133299096e-05,-12.323652010645564,-12.703495130566711,-10.815230079764538,-9.184691247441519,-7.918297867558152,-7.100488726273636,-6.664091860709959,-6.469616261374083,-6.338540350181152,-6.098990889498753,-5.6026545447615295,-4.829455397356194,-3.807344055048099,-2.645578437777215,-1.4812581514997796,-0.471587305332257,0.30852174072604965,0.7869066660221954,0.9800904716892775,0.9377007858655266,0.7108729338912233,0.3812405807157311,-0.014462590804128928,-0.437750448662853,-0.8729407918642356,-1.304003370885947,-1.715871086075541,-2.0818762358608707,-2.3921143514915926,-2.6327245901593916,-2.8144185937531763,-2.9559507172549666,-3.081069763326203,-3.2083035050270525,-3.341362945850362,-3.463403836022036,-3.5433530165576714,-3.5398795290804026,-3.4298041041454854,-3.176832889286826,-2.806491564307016,-2.3296585252804483,-1.7939083628256656,-1.2400876067481006,-0.710231425930939,-0.22626085299915286,0.18847112034749053,0.5412524000000001,0.8316908921336595,1.068183533485386,1.2615833659230924,1.4182093428667704,1.5584597049802436,1.704281478489833,1.8858679576081285,2.1321567381735766,2.471250381087185,2.8995030978937812,3.4169658278817394,3.9777288564123916,4.542169898366017,5.061304792647347,5.50456794758094,5.839781744974088,6.079218100060167,6.220846923573574,6.291712782860671,6.3068437649155085,6.278871511055838,6.217627722825957,6.116042074782678,5.973465701110351,5.775104762568134,5.509514459907557,5.168963621421968,4.739127529162294,4.236035179718778,3.671537879976391,3.0950138069346425,2.5654253907593656,2.1671957310567995,1.9544309351127094,2.0155406963972005,2.303659165609827,2.7630723265516557,3.2094139863446562,3.4214799611032705,3.0715898898410865,2.0091799986184533,-0.01316761143431933,-2.8089018348756305,-6.131933807539764,-9.430781079603316,-12.146519725805717,-13.48282044585317,-13.24875037052525,-11.160471222386523,-7.60145928
7kg_16bpm,4AB,-13.1368501,-11.009944977159696,-8.668804191216061,-6.5537210740034615,-5.04590684380916,-4.324242247673845,-4.420640705638008,-5.148415090007733,-6.259120254207399,-7.445188398069306,-8.424948145904487,-9.053902441821256,-9.198473461566163,-8.940835247819816,-8.299424061706013,-7.440917275110841,-6.4377214768062245,-5.393321920695033,-4.353390261940183,-3.3386337859061808,-2.3592796976704946,-1.4090593176091886,-0.493235647462792,0.38677631451792904,1.2174313991392598,1.9921381568304852,2.696993137943291,3.326972054399906,3.8706679061528795,4.3200754230814855,4.664285063172509,4.892540656228002,5.003596645170694,4.996366566930652,4.889156514325711,4.695784524731257,4.444382581512774,4.151453199664941,3.836475519620071,3.507733865091656,3.173380706979309,2.838707302801203,2.5096682448398244,2.1964475877746192,1.902852496254053,1.6386995587737525,1.3999188685608104,1.1880973712838134,0.994125970999743,0.813198787306215,0.6360520183868554,0.4534778517735323,0.2544073658282663,0.025558232515034945,-0.24198940732346183,-0.551735718756277,-0.892308899611407,-1.2392901541806156,-1.5525738594605918,-1.7933873210519182,-1.9194285612454167,-1.9208587605523013,-1.792839735853815,-1.5738147517077892,-1.3020903026848842,-1.028702797407351,-0.7977362900821199,-0.6204663763757217,-0.5028137228017968,-0.4099022726790344,-0.30274424724092597,-0.14730346365385902,0.09471646403245983,0.41237473819066867,0.7938531157543856,1.1897941414130018,1.5515679400423397,1.8430654010797225,2.0434558666507443,2.175371908828949,2.2814933858642057,2.4296423828630007,2.6836414174093224,3.091493657955548,3.6610062519635083,4.360813694631197,5.110188034382289,5.783953475094052,6.256199087012207,6.3515734848411824,6.007959352297195,5.116405448357231,3.8030167546087688,1.1662115411920708,2.6465811491132165e-08,1.917271116042859e-17,-1.6599134991130049e-25,4.885737934433587e-34,-9.863133484558756e-43,1.2653365388448721e-51,0.0
7kg_16bpm,4BC,5.96468448,7.2606138809798075,8.194300143551576,8.731478594417245,8.944229942973383,8.890685138773183,8.67738591659742,8.404665550212352,8.131337217419546,7.890818896327323,7.684882499867336,7.506690195248325,7.344753565435137,7.193840175715556,7.061514782582321,6.962335809209291,6.906174506550635,6.904396669600501,6.956040384043833,7.045366709830855,7.159030304538733,7.2810154962020865,7.401730051980047,7.52177333672177,7.652140534787234,7.807491760000001,8.006994917301649,8.26398209837424,8.571400004756144,8.915618154444758,9.261918952998894,9.567219256907,9.779467008324538,9.84689545071319,9.757193588915186,9.4920651896837,9.061275057222712,8.518385455042417,7.903621222272917,7.26521892613028,6.637840290144501,6.030342500990203,5.422703318368588,4.774666454343815,4.032531727069817,3.141558897519874,2.100360082327858,0.916931914391399,-0.3571035594282776,-1.6308800906536638,-2.8153247000000006,-3.8177027557799823,-4.6179748524064355,-5.206696870536188,-5.617844151402071,-5.947433219011502,-6.274537095241914,-6.683494335040716,-7.208720993203399,-7.862260718969529,-8.619828500889975,-9.40863886721166,-10.159419772162515,-10.789610237584524,-11.267226069366256,-11.568422151702435,-11.693609971288197,-11.711412786846761,-11.67722025061947,-11.66103617457507,-11.711937257258068,-11.856175443246945,-12.093613207314425,-12.367700994617376,-12.613217773523942,-12.730004820000003,-12.659354828082833,-12.342726113814752,-11.725839569226903,-10.874415221925588,-9.835929174318604,-8.686355209217854,-7.53788268161812,-6.471899071118244,-5.579183617412867,-4.874226407371338,-4.380015133034227,-4.139829720362006,-4.13287181004722,-4.403720957992906,-5.077001158216734,-6.178019405181185,-7.515261781195755,-0.000719242795524812,-6.056497652818789e-12,5.444723908225888e-19,-1.1225303176401735e-26,-4.3159396036978164e-35,7.21050353820034e-42,-1.7043357084446004e-49,0.0
7kg_16bpm,4CA,0.0,-1.1234656976638535,-12.278823799372445,-10.721765213711697,-9.479976786178009,-8.582253816758556,-7.973123070436857,-7.6048342038009835,-7.306379520298116,-6.943499136150111,-6.381247014321596,-5.5723929269656844,-4.478499713657015,-3.2149811723996238,-1.9347401733623228,-0.8747082315382593,-0.20209855591980208,-0.12289507587247867,-0.6850552379206342,-1.766195342853091,-3.2349677678260433,-4.732032503518109,-5.938344401466667,-6.525076098946254,-6.403951421857186,-5.458453212064936,-3.9059844272823345,-2.024205299590828,-0.14724841270339464,1.41403900475249,2.3886275268130612,2.6587062984555807,2.3124194481801137,1.3805119235245502,0.15007816575080724,-1.1826654640300212,-2.418124033918669,-3.4408135343738606,-4.149744528838612,-4.551257473586377,-4.689165796277315,-4.56295574240473,-4.263587809284986,-3.8068483673477522,-3.2122525270675535,-2.5072603463750847,-1.6865327425144017,-0.786448692850371,0.16163996505121536,1.1106010669449595,2.0071952372135584,2.7855894265441385,3.401158867162306,3.8393946406308146,4.056315146578273,4.113747778803741,4.047182973411289,3.924642124193953,3.823101968536261,3.823441957121882,3.9643708247570277,4.261333057958529,4.718625030044258,5.263607576324358,5.832397324672022,6.342550565442792,6.736165833822927,6.9347118924083855,6.958251986337399,6.815983070481846,6.547870112122622,6.226347589267249,5.909428512481477,5.645101917938402,5.45581869369055,5.356804134220604,5.312939580859535,5.294171480986058,5.2584441895681096,5.175888013531171,5.014351190024658,4.786004981605546,4.507574031116324,4.21198741164852,3.937422751053877,3.7167241778103657,3.5528964581384836,3.4199719460576037,3.251964335981707,2.9675770832114026,2.449994944696545,1.591656034094543,0.3695542548594972,-1.2897638630391477,-3.2602767073697634,-5.407431424526745,-7.517580805958791,-9.365325845362346,-10.672169519013034,-11.27079122360357,-11.12682581
7kg_16bpm,5AB,-7.53859976,-5.822088507882133,-4.721159019446977,-4.304939545136714,-4.549387070598856,-5.272538058716675,-6.283801846439758,-7.357754411948548,-8.325964236552638,-9.070937684019338,-9.531340633587641,-9.70038950441458,-9.59022230928644,-9.236456341885617,-8.669608281103727,-7.927353550918989,-7.043136214256639,-6.057672938016935,-5.011007827037909,-3.9458600962984245,-2.89602129527313,-1.8856441220291373,-0.9215911989973246,0.002829895919710117,0.9035399883910785,1.7967433983845136,2.6890213343812905,3.5710991300007304,4.419900623876969,5.197833782034072,5.873477650200522,6.415472229681995,6.817799960678357,7.078526591723949,7.21577126733768,7.239105902547437,7.162192629734193,6.980195143730614,6.692235524125548,6.283612751334166,5.757527261538808,5.113307544124509,4.374561777640041,3.5652186140920445,2.722385327749703,1.8827094611209765,1.0772598295881655,0.33802185004743834,-0.32104403962300376,-0.8792104529423792,-1.3377513525709694,-1.6865554233889717,-1.938848161252178,-2.097336616872419,-2.1853962161906764,-2.2173805707999623,-2.215716153929157,-2.1897235415802396,-2.1426083175245276,-2.058764298818246,-1.9217691721717227,-1.6989681990190733,-1.3839596817812292,-0.9660318875769052,-0.4773118520538738,0.04294642764485991,0.53823155360369,0.9406078205299262,1.2186683641722518,1.3288783894888556,1.2966920358305665,1.1348186070873745,0.9062919225557315,0.6655019205592664,0.46591486726023185,0.36521135042013214,0.3756360042689183,0.5281207480462539,0.7936457752878662,1.166642807283915,1.5994121591524606,2.0628043805774965,2.524054154324997,2.9651595684549803,3.391314257467696,3.8188741972137286,4.264414875252596,4.728582715404772,5.169260632833721,5.467992123668827,5.524284114759444,5.116717063615797,4.280153013085627,-6.132379514836506e-05,1.3627839005728847e-13,-2.9315401207746297e-22,6.025932326863096e-31,-1.155476420771169e-39,1.95879748115632e-48,-2.4755845156001212e-57,0.0
7kg_16bpm,5BC,1.92078052,3.3805513830505287,4.871834107147307,6.274413870864312,7.493565506737605,8.464780667468895,9.141210203995673,9.513772768007437,9.634959094803541,9.548471154185838,9.308215730200423,8.971461121054874,8.593194828860995,8.229905953549638,7.918196374776892,7.684018315369925,7.543903102547819,7.507801582189634,7.584440122979396,7.753300209985187,8.000622913235821,8.306564008158714,8.646444049527794,8.989883774512146,9.302994349569138,9.5586461489813,9.735185727741566,9.818609359280861,9.804064386434593,9.686425245235773,9.49459526021823,9.249402691178826,8.97464642054854,8.693722228178776,8.428928163790136,8.197314482957887,8.00429602868884,7.849508062739288,7.7256037806980755,7.618877546411288,7.507114358661668,7.364353712249592,7.165042778752574,6.884348309431768,6.500269812445746,5.992290711224465,5.342059717288379,4.565338017662178,3.6732424606762253,2.685801920643875,1.6298202672301236,0.5350762061074698,-0.5597847611109632,-1.6254998727678125,-2.6395067763088425,-3.5865861955469995,-4.45900466082983,-5.249231929800556,-5.974290879274476,-6.643226505874994,-7.265117076735627,-7.846617551282785,-8.387719276599418,-8.887920415471802,-9.346230853182366,-9.760346767531466,-10.131233626116101,-10.46513163680692,-10.772780585400499,-11.076554540587198,-11.394896128144598,-11.742414675026616,-12.125112253616138,-12.536243015045013,-12.94761012178564,-13.314968363064848,-13.585661564440787,-13.703132645478481,-13.617090036214837,-13.259626500515836,-12.647774900720227,-11.816500130589978,-10.832771326019511,-9.796417086298883,-8.836248106616894,-8.13076899565853,-7.795150820152133,-7.934729305624913,-8.619236934369852,-0.6266876830970104,-2.102442654257228e-08,4.395709954182871e-15,1.92861138029691e-21,3.9497455268101464e-28,5.157920750421909e-35,2.07535218753649e-42,-1.1998221881917226e-48,-3.9881860422510404e-55,-7.337529221411956e-62,-8.36397940177743e-69,0.0
7kg_16bpm,5CA,0.0,-20.83265279530644,-16.447452953052405,-11.73901203534674,-7.518394499692727,-4.199771067485519,-2.2244638467729128,-1.4506873685069206,-1.6991927990560465,-2.5975786582674147,-3.7126561068903308,-4.701884931605056,-5.380667354156802,-5.593320007501652,-5.463726621810537,-5.081025741583295,-4.608755489289109,-4.172825276000987,-3.8428332130030136,-3.6043109899616406,-3.402176906545235,-3.145184515057609,-2.7359445176545134,-2.160927517926395,-1.4414475576497228,-0.6758266264683951,0.0010740166250030108,0.4331238939356472,0.5646763635380762,0.29438413858749757,-0.25537556428536023,-1.001339812535591,-1.7801951258678983,-2.446786068539178,-2.896557753898398,-3.116464572986736,-3.1061809261404063,-2.9788619705573542,-2.8159928792735447,-2.698281230661204,-2.6700735866601293,-2.72119020604903,-2.8049651916192815,-2.8555949874431446,-2.820475001092601,-2.634711131772519,-2.3176039837197204,-1.8678575261547705,-1.3356261700133645,-0.7594868138408772,-0.17262555470285088,0.407252833192297,0.9766685621608966,1.5422229863153023,2.107788585058792,2.669831164783296,3.213156223566254,3.7194523889410522,4.170308328109772,4.553427647065187,4.880080883605313,5.15890055291336,5.42135443134687,5.688524422657319,5.971202459620688,6.265188141153978,6.5481449679102255,6.786994590211275,6.937015377024565,6.983729188633687,6.888586940206529,6.686430900603887,6.394235590917503,6.064530006455983,5.749253193809148,5.495415089983799,5.324242515012253,5.25278306696046,5.2428406936232745,5.256447424754009,5.235826985957263,5.1206204466103475,4.876254245562215,4.496184682794503,3.9966884393036577,3.443840612362144,2.91082240153912,2.4588258192347676,2.141927265499888,1.9341831722478646,1.761748617447938,1.488667064395386,0.9623375184420973,-0.021697164019604132,-1.4789055731601684,-3.5014316551092635,-5.85548331104389,-8.28859139391704,-10.429195963543243,-11.874875693259751,-12.23596907
7kg_16bpm,6AB,-10.81550216,-7.9342002166429095,-5.4014806985867505,-3.764717161012357,-3.061993310083283,-3.516134238096425,-4.738672434897585,-6.495643725454246,-8.356330307836695,-9.955766493146772,-11.065687709192332,-11.547166675505581,-11.414516310365581,-10.793729336544061,-9.81701817857089,-8.6666808433327,-7.449328554946104,-6.240741641242156,-5.064837028770152,-3.9037553340149476,-2.7295196029894067,-1.5220152451928997,-0.2655753814726624,1.025903770907999,2.329733191142952,3.6110681252961307,4.825334772827289,5.928710825251233,6.877708463839282,7.620241048216419,8.137070155316188,8.376002926345402,8.368948753011832,8.081960860344768,7.599075730052281,6.928693606364229,6.15926494114937,5.335655553647991,4.51469705734632,3.7427880659578725,3.048060782457301,2.457106423531123,1.980982983249193,1.6209532747127076,1.3764177020342359,1.223241038198526,1.1442734167463933,1.097233840474996,1.0426939193745586,0.944594340491268,0.7539858456845665,0.4708006141411898,0.0806944317257863,-0.3786925706209686,-0.8683312625981338,-1.3353132819637539,-1.7258086659867469,-2.0044460519761604,-2.155097827548421,-2.1759467468210607,-2.0958106084795314,-1.934060657259386,-1.7279969263802748,-1.4927435133489095,-1.244297611370029,-0.9818792246661233,-0.7065947110406438,-0.4160913813179191,-0.11856417507221885,0.1710201952578495,0.434153623752722,0.6492317475003647,0.8061555042131653,0.9080554668978482,0.971284698933491,1.0282305883871423,1.11424890348665,1.2520475509259816,1.463624621752887,1.727394193125931,2.02175707575015,2.3025642045340957,2.5219028659061165,2.6621472855543473,2.7084301550988443,2.68624776342823,2.6293103398942406,2.5764326311759236,2.553746934103231,2.5641652168027864,2.5848922187349928,2.585028626414719,2.5513919923376402,2.5045123458917864,0.0025980331042021083,-1.4727649020188714e-10,5.422649122248308e-19,8.721618709964995e-29,-9.780806856850499e-36,3.726296741002146e-44,0.0
7kg_16bpm,6BC,-1.98586563,-1.6925311519393875,-0.5226768346597415,1.2714596792987285,3.4419057004669646,5.700440898633951,7.747114902961604,9.386231940449598,10.496884363577339,10.939942293068661,10.84993393636572,10.341149306325242,9.551451218677544,8.632892442643074,7.756985288027161,7.025358291062279,6.509823208490752,6.269495642887118,6.254565779947589,6.429784413910385,6.747561327526816,7.14459264258293,7.549358850750218,7.913125313342814,8.190474677042475,8.353656951911649,8.407043766884852,8.361248907583427,8.234061784027334,8.064766270875266,7.890953792380858,7.741072358625451,7.6425327427610945,7.599054672358897,7.601555033783585,7.632901058180243,7.665496940130996,7.667362157693941,7.612853720675714,7.480926906904174,7.240392943775469,6.90044607259981,6.462203006535225,5.929091933811135,5.297879097947302,4.590352264232293,3.8115064153787626,2.9624010614527667,2.0413081917580342,1.06144888877937,0.03008064836254581,-1.0422550517224474,-2.1349010517878853,-3.221604737050216,-4.277368722138077,-5.269558419316265,-6.172971221467392,-6.97531664848994,-7.666357830913427,-8.227042190752359,-8.66938695571475,-9.007333190415398,-9.253840186266391,-9.41538367999093,-9.523984599840103,-9.603077201822899,-9.67593069549994,-9.773197363317912,-9.916459124748775,-10.122445669979054,-10.40142433134167,-10.759406853048826,-11.163877774406906,-11.580036821408868,-11.954930875516848,-12.207557668482155,-12.282161656010288,-12.121639721009075,-11.66835386225367,-10.903248241748202,-9.89277521169694,-8.714102749580409,-7.491600398286257,-6.403784463511584,-5.612656324539401,-5.264410269515301,-5.549711660691058,-6.493283074043333,-8.043279247855335,-10.192865088579905,0.003603289678089981,6.26350571985848e-10,-3.480615673945027e-17,-1.2215788741209895e-24,1.7985761812236146e-31,-1.8334819367722518e-39,-6.720204277524509e-46,2.966447518825911e-53,1.6276412985932746e-60,-1.7141415323792092e-67,0.0
7kg_16bpm,6CA,-19.52607402,-19.61963318753364,-16.62221019609942,-13.119065341283552,-9.641438331955772,-6.662531926422798,-4.503893890097898,-3.239450121445013,-2.875655184750851,-3.1121820259699002,-3.754567480181778,-4.482580040109754,-5.076660671104874,-5.435078276117102,-5.451293814528754,-5.159596833681534,-4.5573327397141075,-3.7036476516797436,-2.6588438594896235,-1.5130587911469404,-0.39836363169394684,0.520223389509262,1.118091901532431,1.2145741872861346,0.8682219194040206,0.05413614822333106,-0.9915290296362615,-2.0832251680291,-3.019940819547889,-3.627273919831886,-3.86047216968756,-3.7349880901173664,-3.3439891416688186,-2.8329336568634313,-2.3350689662848243,-1.9553256107261308,-1.7858690443227692,-1.80564877355223,-2.0239586890444476,-2.341883429474646,-2.685298194465811,-2.9679487070081803,-3.105925083894721,-3.063740450435175,-2.8234566798113523,-2.4068179312750235,-1.8690920500845412,-1.2658047344700156,-0.6615198085686655,-0.10496907633496932,0.39194497000000006,0.8202197710498565,1.2143742006015208,1.601727401751225,2.0085131979430453,2.449601426250484,2.91704324194089,3.389689965648859,3.839356320934898,4.241766724202296,4.5805158166520155,4.864335089501541,5.10328519014751,5.326341066023287,5.553829689265598,5.794550463194021,6.0434118149173415,6.277436818944458,6.457010291617677,6.54956617921107,6.52062756292925,6.360440100155264,6.086532177814906,5.731951754084345,5.358657714539648,5.031625745159112,4.792425122024158,4.6946621251905425,4.708464393093975,4.815883063396479,4.9437749884304125,5.016429257531875,4.976436213541447,4.7805085735851405,4.433493854590638,3.980553060132269,3.484923838802866,3.0173974575366844,2.627148270745315,2.2965757944287053,1.956595209968389,1.494946327250464,0.715133301207031,-0.4576142338238031,-2.137497151676487,-4.230645457309523,-6.560714254130415,-8.818401745876548,-10.621033610268107,-11.564245928380014,-11.44405766
7kg_16bpm,7AB,-6.5383026,-5.717519674976866,-5.450865135149789,-5.785339328741782,-6.51454084697303,-7.451869900733871,-8.382020058511525,-9.131025155864632,-9.572195474057605,-9.707962917189239,-9.508295952629007,-9.095804630022695,-8.50722670363244,-7.8280574023802805,-7.084179851615252,-6.28656858174281,-5.422445551076425,-4.471054377523377,-3.4303389085200977,-2.2964816999919964,-1.1110675229417142,0.0842952675923934,1.236054238661074,2.280951419728645,3.188168094936479,3.9256720716599918,4.488644855251116,4.898067287820609,5.167278933243482,5.3468074251981035,5.456536116202602,5.536605560818434,5.598729781653296,5.64749216026415,5.668536189188079,5.640325734977681,5.53598451222514,5.326872432869464,5.011425037069069,4.575199344445869,4.059073583519367,3.48752204073927,2.9146724995733115,2.391406571685218,1.9524775418361981,1.6223521466697763,1.4012026552943806,1.25803008291363,1.1568272323642976,1.0465283864089185,0.8753562943019719,0.6303933126373055,0.2983419038260641,-0.08762855020136734,-0.48443031663190317,-0.8386923608816972,-1.103623973121344,-1.2409253781836531,-1.260171475764597,-1.160946875574711,-1.0011737186009864,-0.8199981916495527,-0.6613890747691219,-0.5579764308592685,-0.5173388755908499,-0.5338547925136357,-0.5921640214498151,-0.6702459952954638,-0.7564289767744914,-0.8467043513817645,-0.9535162978441558,-1.0907950311212637,-1.2838150279182108,-1.5378746504074403,-1.8474012109776787,-2.1771390908574566,-2.461591937505809,-2.5972111897144066,-2.5036794687078023,-2.007594470925369,-1.1133265793020835,0.2799685697071465,2.050852475320779,4.074424188883179,6.110315922724843,7.869938188123704,9.041791215362013,9.471284192966984,8.917584511925092,7.607071282063544,5.6333023501517925,3.459225600526205,1.5258748827782662,0.2225788013260305,-0.12472897758635113,0.6088443457616008,2.2478179336113397,4.572013733877155,-0.006748582296124452,-5.381340397670722e-10,0.0
7kg_16bpm,7BC,0.59976508,2.2944993316114846,3.9317427104136513,5.374867892315342,6.55567045438104,7.449066715236227,8.05852090578223,8.429038127607834,8.651111744543677,8.784854653610623,8.878553905922812,8.962584838432658,9.045514905567625,9.117062521893205,9.159693566219806,9.14915579842524,9.081247471928577,8.965998778779438,8.825361015119432,8.69424858197843,8.617417388571518,8.62337455705453,8.729569996374572,8.93700211802373,9.235299461484637,9.571993359103335,9.903193221570579,10.18534847426286,10.367406960058139,10.431997739920451,10.377605984836256,10.212701950744334,9.951534236293544,9.618648997910773,9.244632622671219,8.846779487025888,8.436494905847418,8.018723716605871,7.595143400351183,7.163774669884442,6.721788953662936,6.263386416480947,5.784484006143816,5.278596881707324,4.735896904692777,4.139888857257896,3.4714286261373126,2.722647722612473,1.8851947170930314,0.9577539504947413,-0.05830189629856568,-1.124874059870205,-2.20900280023809,-3.272661339003028,-4.265727037165122,-5.1598042924426,-5.941443588778273,-6.6103630648143215,-7.176507615100656,-7.668805378939394,-8.125747949032265,-8.57213229087888,-9.022273638353484,-9.475250145500517,-9.91360760306989,-10.313774682678147,-10.652279259685788,-10.900585962626545,-11.064922822339367,-11.162725564728936,-11.220999028628135,-11.274959450665188,-11.362375971260432,-11.503432646392094,-11.704425093111004,-11.957116631387088,-12.239312204949993,-12.512500584890168,-12.744310725482888,-12.905851122420657,-12.958389177944586,-12.8949373391958,-12.711459861460728,-12.408337388274251,-11.9882463815571,-11.47552080204218,-10.919231942149166,-10.377293061366892,-9.929032468049545,-9.70790613709602,-9.79294660090379,-10.269271678206419,-11.280014304323217,-0.00911866232955437,6.5317053537712e-10,1.3740824104588988e-16,9.176459500703498e-24,-2.5706081116176382e-31,-9.69469589497273e-38,-8.265593266794563e-45,0.0
7kg_16bpm,7CA,-12.06375906,-9.481173565768794,-6.089680785877475,-3.749722959093826,-2.408985660860475,-2.0510925021447184,-2.3263684965667695,-2.9060211262129148,-3.454115088987059,-3.773760564326798,-3.7120142599579022,-3.346217376680639,-2.7322380189060826,-2.0330433362498552,-1.375494013185675,-0.8771581340583086,-0.5919592844223668,-0.5694864248777217,-0.7578794980003593,-1.1396624420747665,-1.6138156420083478,-2.109554937659016,-2.548986180284623,-2.885721351020014,-3.097553374300811,-3.215626940782841,-3.2798827770861276,-3.3568160003592857,-3.503230838050757,-3.7428290166919287,-4.077726350037226,-4.474022165765862,-4.880546247615705,-5.231888238081238,-5.488338914308431,-5.592817674288521,-5.553623558239402,-5.364519001472253,-5.056183067969758,-4.658737148853048,-4.198140774000321,-3.698325167819651,-3.1602789201977717,-2.588670859939481,-1.9752655143420361,-1.327068492472338,-0.6571833806194006,0.005953930429790686,0.6337570867648107,1.1900362507344449,1.6714601698584717,2.0676754540754625,2.4096988634158873,2.7213545611590995,3.034984612904089,3.37076962795508,3.7394153182828154,4.131832536822597,4.530483521019474,4.9077051885809,5.229267885392321,5.4723233693889375,5.619685335542972,5.670436383807708,5.647215478080237,5.5729598081315785,5.483384426053259,5.398094196969118,5.319196352381167,5.2316259115446115,5.1080895573145755,4.928138351909986,4.681325718356928,4.392259675710123,4.101693165379904,3.8616588811600447,3.7260362797501383,3.709699405257081,3.8018036178829315,3.9500920173496126,4.083590642782042,4.1136879487126405,4.007691927730806,3.7328843231718625,3.3526419750216836,2.9408207606132244,2.6018950184693237,2.402143176681718,2.3653844652247242,2.40707025740114,2.361798139423362,2.043174368961537,1.2202332113245462,-0.18949107068323667,-2.166218104067268,-4.505598882280622,-6.8626404399863095,-8.746650037276215,-9.855607302070029,-9.769624817666863,-8.56640271
7kg_16bpm,8AB,-3.00387553,-8.666040263168698,-7.658491204694023,-7.1368176759423205,-7.056167411684963,-7.438993316171994,-8.099637246348376,-8.909101815464142,-9.70539070564856,-10.354519837494063,-10.68212492119421,-10.66413009622546,-10.209959179089415,-9.344429870483134,-8.13537563748395,-6.6410681254611355,-5.017432657532642,-3.375879877679349,-1.8215119771026345,-0.42620913986934755,0.7723769346124306,1.80933081583797,2.69559338103897,3.5053428773591926,4.273614341912939,5.024220031187163,5.757270786980523,6.4399416188595,7.043908954902267,7.513004263173857,7.822129282476091,7.956849673206771,7.899329217748117,7.692775941515491,7.338808679143087,6.88729166384004,6.362929960967379,5.790558856708626,5.195409051421153,4.592348359718344,3.9956818695243803,3.4155110508708124,2.8558341307206274,2.313930460767179,1.7842795496680006,1.253953065531162,0.7096713842329283,0.1435934853583087,-0.44664895198005095,-1.0561846519014615,-1.6693630950761023,-2.2638110362649577,-2.8213205799051577,-3.319358465652767,-3.741842925653255,-4.0884070101779235,-4.337899737819834,-4.506824052712428,-4.582600135391366,-4.566637105905079,-4.459602141623548,-4.245954917333166,-3.9433370662081475,-3.5438801406768277,-3.072178422300507,-2.5477680328379244,-1.9955806178266982,-1.4439753990672544,-0.9203135966127343,-0.4351140555716772,0.002720739993348745,0.3993728604837014,0.772579472213496,1.142932086550254,1.5326116697534573,1.9626859832008334,2.4375924552288106,2.948994467728762,3.47533461290457,3.9813385828047227,4.4150783134300715,4.745940767872379,4.9379652250348185,4.971314069563533,4.868556420168423,4.624162296108603,4.2931125322588555,3.895485249763071,3.4548529974092324,2.9843151188722175,2.485365956879333,1.9773662963441732,1.0623793146342617,5.012778829030228e-07,9.276436662965368e-15,1.0722349466577194e-22,1.0088557637886752e-30,8.068698542161609e-39,5.313785486952383e-47,2.4339287034446016e-55,0.0
7kg_16bpm,8BC,2.38730941,3.343757513179088,4.58133629821217,5.9257782811250825,7.229232624180876,8.382603650831381,9.3080517694299,9.927431855574664,10.253124511007263,10.320374829467248,10.174570203457888,9.872886143496652,9.469943891574783,9.039613386406325,8.628135802489291,8.268080372354898,7.979423740387981,7.782632572595444,7.664177790599118,7.615840270881623,7.626604865014973,7.68486278784231,7.782160882288921,7.9029342529482145,8.039906009197463,8.187488601803429,8.341665483680806,8.499181209826284,8.656586050118019,8.810492466399374,8.956150581031663,9.085482602171547,9.186648492402796,9.249235213663919,9.25992407081885,9.205460125967482,9.066713762239365,8.836634213060957,8.517797512305753,8.113248948917251,7.630465333782898,7.072270174518984,6.455465723574947,5.789653225572352,5.078502214136386,4.3219069329078525,3.5091237830038846,2.641765715558054,1.7190476913221675,0.7441155249279215,-0.27425207000000007,-1.3231634489805522,-2.377169047280461,-3.4157414945999225,-4.419894413251434,-5.373480164256493,-6.257626124085122,-7.075315299659878,-7.824344422188027,-8.503310035105343,-9.10690246778902,-9.622153052886533,-10.049035696776482,-10.378018910053672,-10.602476312663914,-10.716699859300293,-10.731929498073798,-10.682368853568791,-10.603686016231572,-10.538215013082024,-10.53755298184584,-10.63992303932709,-10.858780053442349,-11.190872305769181,-11.611593943309668,-12.075914965013212,-12.511314192566557,-12.849844936889937,-13.027486083800945,-12.990709257030181,-12.661127182276012,-12.056212711176777,-11.194989822886116,-10.124060252706565,-8.922405037385296,-7.719155796104488,-6.676580430671545,-5.955036583608867,-5.712483126315374,-6.09427500092271,-5.534007824261753,0.0003504094778483812,4.503407974347757e-11,5.593151763172141e-18,6.692778599836407e-25,7.66499164228069e-32,8.297489081442791e-39,8.286281095477099e-46,7.227910614888215e-53,4.6348311329407313e-60,0.0
7kg_16bpm,8CA,-16.43872363,-13.41606347847686,-10.48382123584133,-8.03127488927608,-6.402596603198931,-5.593977242390714,-5.602910182331793,-6.09153047328133,-6.7762738597158725,-7.318222790121966,-7.374505695033335,-6.893213258640124,-5.763341206783139,-4.249037826905786,-2.6042416090569587,-1.2066421029620815,-0.4352451907926431,-0.45299339371970015,-1.3289095297656985,-2.7944342118049064,-4.475726124462931,-5.865419228995391,-6.560470148965484,-6.299988569156421,-5.144217820036361,-3.3393262570810687,-1.3373452737646052,0.3704268669832781,1.48383871560817,1.7353272523514676,1.2994441201079048,0.30527407381038335,-0.8590556169268219,-1.8889118304035366,-2.6097340488967347,-2.8640621498081456,-2.7576019430104854,-2.3530674988994065,-1.8267778185457308,-1.2914340456695588,-0.8239873695706341,-0.4462751941269488,-0.12370109781503737,0.19572034851682324,0.5691974137820314,1.0282634649476827,1.575890952047563,2.1792845807310544,2.7862062195536206,3.345455950292374,3.80723395,4.167825224678269,4.4253943309881265,4.624530611978132,4.797807575850953,4.978837436110773,5.184335524361847,5.403570593004121,5.614296814582611,5.790448047664059,5.902389745471419,5.9468606048336765,5.92133121906666,5.846917791228772,5.740320160631076,5.620367018914102,5.495217065430227,5.3641696968013655,5.219452925132397,5.048562800942363,4.843985952073819,4.600454667537805,4.326805365609007,4.036622501359711,3.7512393087986102,3.4969443973291585,3.2850289320756105,3.132824441465463,3.0231001676007483,2.9400567588147832,2.8464282207699685,2.697665046231237,2.47125054739075,2.144614105764348,1.7478566387820127,1.3275858417191722,0.9615614134766153,0.7281636582830089,0.6686918774897418,0.7717143095605262,0.9367049573237205,1.0015463127542121,0.7349671018088102,-0.033171880657627856,-1.469257723790148,-3.5013451555586825,-5.990405019257645,-8.573399295247224,-10.772013068938005,-12.256458892368075,-12.49207881
7kg_16bpm,9AB,-2.33137424,-2.4103499519036835,-3.295898643526078,-4.744906931362652,-6.483495508983651,-8.219465782727664,-9.699691467109908,-10.810892974092592,-11.467992388788481,-11.741960901661542,-11.668770409728193,-11.3576511133953,-10.83402610645327,-10.140000970588618,-9.23215346160273,-8.118506663108255,-6.749244546574278,-5.185037023894747,-3.4575169037802085,-1.6814539456583362,0.02949985925823284,1.597753081176279,2.9131341268725652,4.00212823066175,4.831592999431203,5.497359543845801,6.0304847439548865,6.507782616210996,6.953345573026329,7.378488294705482,7.756112924793379,8.058466381905944,8.227811796533748,8.24941466531317,8.080624127849175,7.742393104600841,7.227569151589543,6.580252331479071,5.820686490866457,4.996556773226738,4.141430725346915,3.295008346235265,2.4905154905483946,1.749928339801517,1.0904257092436875,0.5098917636571072,0.0037014005510434406,-0.44514590251684377,-0.8494316245897364,-1.2212735338980392,-1.5646541654204738,-1.8782203564012085,-2.1574551427895234,-2.3970338156723083,-2.5960114427817382,-2.7552475054888355,-2.8801743322079623,-2.973278922675549,-3.036678958634736,-3.064208962528873,-3.0508252420533712,-2.9839985418691493,-2.8621060460982153,-2.6798117505495402,-2.44864058936688,-2.176681150994926,-1.8813284494492044,-1.5714660508356952,-1.2511708209942198,-0.9075626496993667,-0.5237520738127088,-0.05865676956339479,0.5005539013756465,1.1856800327762118,1.9582555608947536,2.7656253514002906,3.5059687839891174,4.003920591322705,4.176521603024393,3.824692660706499,3.025064491670265,1.7734669193633916,0.3500247523425885,-0.9363636963802424,-1.7837165391291308,-1.7777879132046621,-0.9039129855874437,0.9423838543809089,3.3702487423982705,6.012120563496051,8.358798556341164,9.925580417983781,10.558435878376205,10.167473538219712,9.101977890140972,7.722324654895912,6.492484164275974,5.75054910316199,5.582722239832956,5.914284506316599,6.44014589
7kg_16bpm,9BC,0.26169123,1.7323787980693626,3.3093276776415794,4.8654147731822075,6.263394446847638,7.395368314755302,8.189113267797808,8.589282635280968,8.68367606757102,8.543989785692908,8.262422283432919,7.936035875189739,7.660236296573146,7.487317538228514,7.438160087183126,7.506764484999798,7.67051263420381,7.8865606801716,8.112517831903835,8.321801052056523,8.500221231549089,8.643560551013275,8.763914755998245,8.877343161122036,8.99792583365476,9.135945156997325,9.29886387154437,9.481604295613842,9.674883254077713,9.865997861529568,10.039767197423181,10.172139270143463,10.248719528251165,10.253926332948115,10.17397212505597,9.99782706448492,9.704607903293088,9.30969749740748,8.819975139693687,8.24861388755112,7.613607891448522,6.937015883168793,6.250538854862084,5.575850803922644,4.929632812187431,4.322076485459733,3.752186668073613,3.2007871036337816,2.644050004107694,2.052205425224024,1.3874920200000003,0.61882096576196,-0.2619698589249358,-1.2536806032029226,-2.3383987448254064,-3.4838953740215017,-4.631886648477313,-5.726287088370967,-6.716741474742747,-7.564035175891613,-8.222082895440012,-8.708956266243192,-9.05281795596535,-9.295098305259897,-9.487913612277481,-9.694437085497707,-9.966553592130415,-10.334686308321345,-10.808694723154185,-11.376161011914302,-12.003744623458836,-12.624702393884263,-13.17913159242986,-13.609710086284206,-13.866438152973055,-13.901233926992578,-13.742077658144927,-13.41538658739141,-12.968280649797627,-12.46254799191719,-11.976686963130149,-11.576442959650162,-11.310538137193614,-11.209653359818756,-11.295506145641307,-11.550616536020598,-11.927960864271073,-12.382397069028336,-12.865739103643888,-13.329809932261215,-9.068187285660963,-0.00015851240374041377,-2.0371766980186684e-11,-2.530136844212206e-18,-3.0275677189916255e-25,-3.4673612635381165e-32,-3.753479921220718e-39,-3.748409839191489e-46,-3.2696418276748853e-53,-2.0966277177332198e-60,0.0
7kg_16bpm,9CA,0.0,-20.98606765568625,-17.91915564762596,-14.241196794843413,-10.507989106720446,-7.214353538469788,-4.789742419340917,-3.267150875462106,-2.8137949037579792,-3.046743367783828,-3.774661016007956,-4.65419150601974,-5.426258792340063,-5.915765143858671,-6.068911917012155,-5.868508939591491,-5.445580417539487,-4.884465243591739,-4.322142245850606,-3.8558754459598545,-3.531342163345882,-3.3680221990321515,-3.3476238435695143,-3.41872159733049,-3.5373421588448273,-3.650787977821948,-3.713143764318778,-3.708076723982543,-3.610342205177411,-3.4213207426960066,-3.1411420059226725,-2.776586306599003,-2.3496841645995636,-1.8754479244568534,-1.38712363976464,-0.9166258782327182,-0.4892447774887714,-0.1348034371618891,0.1404389924899979,0.34195746898540746,0.49230951945681206,0.633601301011135,0.8160142101145103,1.0703802903652953,1.4392167842222405,1.9032263700238838,2.441694285610325,2.999009583767511,3.5101957237508503,3.9094284808467332,4.167615550791766,4.24227345642663,4.183098919354881,4.015060163224824,3.816568488434127,3.6559084278226304,3.5860865207816612,3.633398587451769,3.797386445786256,4.027023980541522,4.261378378121061,4.43312335906904,4.465694863151208,4.3494395851883665,4.0824080201464605,3.716642188804063,3.3290298022966995,3.0050342763098286,2.8018852155707363,2.791932639491296,2.941132226001708,3.240669560701379,3.614001526339542,3.9934715912461565,4.316478276943464,4.544390642514904,4.65285078522063,4.664501356165812,4.579608474620904,4.434449000700901,4.228374484303312,3.968120381472616,3.6475965564390114,3.2734945181208515,2.8743459353297247,2.5014628790501914,2.209812423824321,2.084469794304654,2.114208604314312,2.2752923107597436,2.4392829748409937,2.4129427333865316,1.9755131135874506,0.9701462597165444,-0.7724756411214511,-3.094047693468358,-5.867039185585512,-8.65618495330894,-10.971927201514305,-12.411706914500124,-10.08014585
